level,sequence,deck,scenario,strategy,games,wins,win_rate,avg_end_turn,avg_winning_turn_budget_used,avg_core_remaining_on_loss,illegal_choices,avg_phase_changes,city_repairs,city_repair_amount,shields_raised,shield_absorbed,interrupts,interrupts_failed,repairs_interrupted,shields_interrupted,breaches_opened,breaches_used,breaches_wasted,combos,pulse_refunds,overhaul_started,overhaul_stopped,overhaul_completed,missed_actions,planner_baseline_wins,mistakes_injected,eligible_mistake_games,recoveries_after_mistake,no_eligible_mistake_games,window_not_reached_games,legacy_second_same_semantics,legacy_second_tied,recovery_rate,avg_finite_score_delta,min_finite_score_delta,mistakes_skipping_a_winning_move
empty-cup,1,starter,w-h-l-,random,300,2,0.0067,8,1,45.591,0,0,1.87,27.617,0,0,0.13,1.207,0.13,0,0.727,0.517,0.21,0.89,0,0,0,0,0,,,,,,,,,,,,
empty-cup,1,starter,w-h-l-,single-water,300,0,0,8,,49.63,0,0,2,30,0,0,0,0,0,0,0.997,0.97,0.027,0,0,0,0,0,0,,,,,,,,,,,,
empty-cup,1,starter,w-h-l-,legacy-cycle,300,45,0.15,8,1,8.502,0,0,2,30,0,0,0,0,0,0,0.257,0.003,0.253,2.87,0,0,0,0,0,,,,,,,,,,,,
empty-cup,1,starter,w-h-l-,greedy,300,294,0.98,7.2,0.898,3,0,0,1.35,19.88,0,0,0.37,0.107,0.37,0,1.71,1.607,0.103,1.107,0,0,0,0,0,,,,,,,,,,,,
empty-cup,1,starter,w-h-l-,planner,300,296,0.9867,6.96,0.8682,18.25,0,0,1.337,19.533,0,0,0.277,0.053,0.277,0,1.763,1.72,0.043,1.327,0,0,0,0,0,,,,,,,,,,,,
empty-cup,1,starter,w-h-l-,forecast-aware,300,289,0.9633,7.14,0.8884,1.727,0,0,1.25,18.553,0,0,0.483,0,0.483,0,1.663,1.51,0.153,2.22,0,0,0,0,0,,,,,,,,,,,,
empty-cup,1,starter,w-h-l-,planner-one-mistake,300,297,0.99,7.14,0.8914,18.667,0,0,1.307,19.347,0,0,0.353,0.063,0.353,0,1.52,1.443,0.077,1.78,0,0,0,0,0,296,300,296,293,0,0,7,12,0.9899,5.3433,0.25,0
empty-cup,1,starter,w-h-l0,random,300,2,0.0067,8,1,45.591,0,0,1.87,27.617,0,0,0.13,1.207,0.13,0,0.727,0.517,0.21,0.89,0,0,0,0,0,,,,,,,,,,,,
empty-cup,1,starter,w-h-l0,single-water,300,0,0,8,,49.63,0,0,2,30,0,0,0,0,0,0,0.997,0.97,0.027,0,0,0,0,0,0,,,,,,,,,,,,
empty-cup,1,starter,w-h-l0,legacy-cycle,300,45,0.15,8,1,8.502,0,0,2,30,0,0,0,0,0,0,0.257,0.003,0.253,2.87,0,0,0,0,0,,,,,,,,,,,,
empty-cup,1,starter,w-h-l0,greedy,300,294,0.98,7.2,0.898,3,0,0,1.35,19.88,0,0,0.37,0.107,0.37,0,1.71,1.607,0.103,1.107,0,0,0,0,0,,,,,,,,,,,,
empty-cup,1,starter,w-h-l0,planner,300,296,0.9867,6.96,0.8682,18.25,0,0,1.337,19.533,0,0,0.277,0.053,0.277,0,1.763,1.72,0.043,1.327,0,0,0,0,0,,,,,,,,,,,,
empty-cup,1,starter,w-h-l0,forecast-aware,300,289,0.9633,7.14,0.8884,1.727,0,0,1.25,18.553,0,0,0.483,0,0.483,0,1.663,1.51,0.153,2.22,0,0,0,0,0,,,,,,,,,,,,
empty-cup,1,starter,w-h-l0,planner-one-mistake,300,297,0.99,7.14,0.8914,18.667,0,0,1.307,19.347,0,0,0.353,0.063,0.353,0,1.52,1.443,0.077,1.78,0,0,0,0,0,296,300,296,293,0,0,7,12,0.9899,5.3433,0.25,0
empty-cup,1,starter,w-h-l+,random,300,2,0.0067,8,1,45.591,0,0,1.87,27.617,0,0,0.13,1.207,0.13,0,0.727,0.517,0.21,0.89,0,0,0,0,0,,,,,,,,,,,,
empty-cup,1,starter,w-h-l+,single-water,300,0,0,8,,49.63,0,0,2,30,0,0,0,0,0,0,0.997,0.97,0.027,0,0,0,0,0,0,,,,,,,,,,,,
empty-cup,1,starter,w-h-l+,legacy-cycle,300,45,0.15,8,1,8.502,0,0,2,30,0,0,0,0,0,0,0.257,0.003,0.253,2.87,0,0,0,0,0,,,,,,,,,,,,
empty-cup,1,starter,w-h-l+,greedy,300,294,0.98,7.2,0.898,3,0,0,1.35,19.88,0,0,0.37,0.107,0.37,0,1.71,1.607,0.103,1.107,0,0,0,0,0,,,,,,,,,,,,
empty-cup,1,starter,w-h-l+,planner,300,296,0.9867,6.96,0.8682,18.25,0,0,1.337,19.533,0,0,0.277,0.053,0.277,0,1.763,1.72,0.043,1.327,0,0,0,0,0,,,,,,,,,,,,
empty-cup,1,starter,w-h-l+,forecast-aware,300,289,0.9633,7.14,0.8884,1.727,0,0,1.25,18.553,0,0,0.483,0,0.483,0,1.663,1.51,0.153,2.22,0,0,0,0,0,,,,,,,,,,,,
empty-cup,1,starter,w-h-l+,planner-one-mistake,300,297,0.99,7.14,0.8914,18.667,0,0,1.307,19.347,0,0,0.353,0.063,0.353,0,1.52,1.443,0.077,1.78,0,0,0,0,0,296,300,296,293,0,0,7,12,0.9899,5.3433,0.25,0
empty-cup,1,starter,w-h0l-,random,300,2,0.0067,8,1,45.591,0,0,1.87,27.617,0,0,0.13,1.207,0.13,0,0.727,0.517,0.21,0.89,0,0,0,0,0,,,,,,,,,,,,
empty-cup,1,starter,w-h0l-,single-water,300,0,0,8,,49.63,0,0,2,30,0,0,0,0,0,0,0.997,0.97,0.027,0,0,0,0,0,0,,,,,,,,,,,,
empty-cup,1,starter,w-h0l-,legacy-cycle,300,45,0.15,8,1,8.502,0,0,2,30,0,0,0,0,0,0,0.257,0.003,0.253,2.87,0,0,0,0,0,,,,,,,,,,,,
empty-cup,1,starter,w-h0l-,greedy,300,294,0.98,7.2,0.898,3,0,0,1.35,19.88,0,0,0.37,0.107,0.37,0,1.71,1.607,0.103,1.107,0,0,0,0,0,,,,,,,,,,,,
empty-cup,1,starter,w-h0l-,planner,300,296,0.9867,6.96,0.8682,18.25,0,0,1.337,19.533,0,0,0.277,0.053,0.277,0,1.763,1.72,0.043,1.327,0,0,0,0,0,,,,,,,,,,,,
empty-cup,1,starter,w-h0l-,forecast-aware,300,289,0.9633,7.14,0.8884,1.727,0,0,1.25,18.553,0,0,0.483,0,0.483,0,1.663,1.51,0.153,2.22,0,0,0,0,0,,,,,,,,,,,,
empty-cup,1,starter,w-h0l-,planner-one-mistake,300,297,0.99,7.14,0.8914,18.667,0,0,1.307,19.347,0,0,0.353,0.063,0.353,0,1.52,1.443,0.077,1.78,0,0,0,0,0,296,300,296,293,0,0,7,12,0.9899,5.3433,0.25,0
empty-cup,1,starter,w-h0l0,random,300,2,0.0067,8,1,45.591,0,0,1.87,27.617,0,0,0.13,1.207,0.13,0,0.727,0.517,0.21,0.89,0,0,0,0,0,,,,,,,,,,,,
empty-cup,1,starter,w-h0l0,single-water,300,0,0,8,,49.63,0,0,2,30,0,0,0,0,0,0,0.997,0.97,0.027,0,0,0,0,0,0,,,,,,,,,,,,
empty-cup,1,starter,w-h0l0,legacy-cycle,300,45,0.15,8,1,8.502,0,0,2,30,0,0,0,0,0,0,0.257,0.003,0.253,2.87,0,0,0,0,0,,,,,,,,,,,,
empty-cup,1,starter,w-h0l0,greedy,300,294,0.98,7.2,0.898,3,0,0,1.35,19.88,0,0,0.37,0.107,0.37,0,1.71,1.607,0.103,1.107,0,0,0,0,0,,,,,,,,,,,,
empty-cup,1,starter,w-h0l0,planner,300,296,0.9867,6.96,0.8682,18.25,0,0,1.337,19.533,0,0,0.277,0.053,0.277,0,1.763,1.72,0.043,1.327,0,0,0,0,0,,,,,,,,,,,,
empty-cup,1,starter,w-h0l0,forecast-aware,300,289,0.9633,7.14,0.8884,1.727,0,0,1.25,18.553,0,0,0.483,0,0.483,0,1.663,1.51,0.153,2.22,0,0,0,0,0,,,,,,,,,,,,
empty-cup,1,starter,w-h0l0,planner-one-mistake,300,297,0.99,7.14,0.8914,18.667,0,0,1.307,19.347,0,0,0.353,0.063,0.353,0,1.52,1.443,0.077,1.78,0,0,0,0,0,296,300,296,293,0,0,7,12,0.9899,5.3433,0.25,0
empty-cup,1,starter,w-h0l+,random,300,2,0.0067,8,1,45.591,0,0,1.87,27.617,0,0,0.13,1.207,0.13,0,0.727,0.517,0.21,0.89,0,0,0,0,0,,,,,,,,,,,,
empty-cup,1,starter,w-h0l+,single-water,300,0,0,8,,49.63,0,0,2,30,0,0,0,0,0,0,0.997,0.97,0.027,0,0,0,0,0,0,,,,,,,,,,,,
empty-cup,1,starter,w-h0l+,legacy-cycle,300,45,0.15,8,1,8.502,0,0,2,30,0,0,0,0,0,0,0.257,0.003,0.253,2.87,0,0,0,0,0,,,,,,,,,,,,
empty-cup,1,starter,w-h0l+,greedy,300,294,0.98,7.2,0.898,3,0,0,1.35,19.88,0,0,0.37,0.107,0.37,0,1.71,1.607,0.103,1.107,0,0,0,0,0,,,,,,,,,,,,
empty-cup,1,starter,w-h0l+,planner,300,296,0.9867,6.96,0.8682,18.25,0,0,1.337,19.533,0,0,0.277,0.053,0.277,0,1.763,1.72,0.043,1.327,0,0,0,0,0,,,,,,,,,,,,
empty-cup,1,starter,w-h0l+,forecast-aware,300,289,0.9633,7.14,0.8884,1.727,0,0,1.25,18.553,0,0,0.483,0,0.483,0,1.663,1.51,0.153,2.22,0,0,0,0,0,,,,,,,,,,,,
empty-cup,1,starter,w-h0l+,planner-one-mistake,300,297,0.99,7.14,0.8914,18.667,0,0,1.307,19.347,0,0,0.353,0.063,0.353,0,1.52,1.443,0.077,1.78,0,0,0,0,0,296,300,296,293,0,0,7,12,0.9899,5.3433,0.25,0
empty-cup,1,starter,w-h+l-,random,300,2,0.0067,8,1,45.591,0,0,1.87,27.617,0,0,0.13,1.207,0.13,0,0.727,0.517,0.21,0.89,0,0,0,0,0,,,,,,,,,,,,
empty-cup,1,starter,w-h+l-,single-water,300,0,0,8,,49.63,0,0,2,30,0,0,0,0,0,0,0.997,0.97,0.027,0,0,0,0,0,0,,,,,,,,,,,,
empty-cup,1,starter,w-h+l-,legacy-cycle,300,45,0.15,8,1,8.502,0,0,2,30,0,0,0,0,0,0,0.257,0.003,0.253,2.87,0,0,0,0,0,,,,,,,,,,,,
empty-cup,1,starter,w-h+l-,greedy,300,294,0.98,7.2,0.898,3,0,0,1.35,19.88,0,0,0.37,0.107,0.37,0,1.71,1.607,0.103,1.107,0,0,0,0,0,,,,,,,,,,,,
empty-cup,1,starter,w-h+l-,planner,300,296,0.9867,6.96,0.8682,18.25,0,0,1.337,19.533,0,0,0.277,0.053,0.277,0,1.763,1.72,0.043,1.327,0,0,0,0,0,,,,,,,,,,,,
empty-cup,1,starter,w-h+l-,forecast-aware,300,289,0.9633,7.14,0.8884,1.727,0,0,1.25,18.553,0,0,0.483,0,0.483,0,1.663,1.51,0.153,2.22,0,0,0,0,0,,,,,,,,,,,,
empty-cup,1,starter,w-h+l-,planner-one-mistake,300,297,0.99,7.14,0.8914,18.667,0,0,1.307,19.347,0,0,0.353,0.063,0.353,0,1.52,1.443,0.077,1.78,0,0,0,0,0,296,300,296,293,0,0,7,12,0.9899,5.3433,0.25,0
empty-cup,1,starter,w-h+l0,random,300,2,0.0067,8,1,45.591,0,0,1.87,27.617,0,0,0.13,1.207,0.13,0,0.727,0.517,0.21,0.89,0,0,0,0,0,,,,,,,,,,,,
empty-cup,1,starter,w-h+l0,single-water,300,0,0,8,,49.63,0,0,2,30,0,0,0,0,0,0,0.997,0.97,0.027,0,0,0,0,0,0,,,,,,,,,,,,
empty-cup,1,starter,w-h+l0,legacy-cycle,300,45,0.15,8,1,8.502,0,0,2,30,0,0,0,0,0,0,0.257,0.003,0.253,2.87,0,0,0,0,0,,,,,,,,,,,,
empty-cup,1,starter,w-h+l0,greedy,300,294,0.98,7.2,0.898,3,0,0,1.35,19.88,0,0,0.37,0.107,0.37,0,1.71,1.607,0.103,1.107,0,0,0,0,0,,,,,,,,,,,,
empty-cup,1,starter,w-h+l0,planner,300,296,0.9867,6.96,0.8682,18.25,0,0,1.337,19.533,0,0,0.277,0.053,0.277,0,1.763,1.72,0.043,1.327,0,0,0,0,0,,,,,,,,,,,,
empty-cup,1,starter,w-h+l0,forecast-aware,300,289,0.9633,7.14,0.8884,1.727,0,0,1.25,18.553,0,0,0.483,0,0.483,0,1.663,1.51,0.153,2.22,0,0,0,0,0,,,,,,,,,,,,
empty-cup,1,starter,w-h+l0,planner-one-mistake,300,297,0.99,7.14,0.8914,18.667,0,0,1.307,19.347,0,0,0.353,0.063,0.353,0,1.52,1.443,0.077,1.78,0,0,0,0,0,296,300,296,293,0,0,7,12,0.9899,5.3433,0.25,0
empty-cup,1,starter,w-h+l+,random,300,2,0.0067,8,1,45.591,0,0,1.87,27.617,0,0,0.13,1.207,0.13,0,0.727,0.517,0.21,0.89,0,0,0,0,0,,,,,,,,,,,,
empty-cup,1,starter,w-h+l+,single-water,300,0,0,8,,49.63,0,0,2,30,0,0,0,0,0,0,0.997,0.97,0.027,0,0,0,0,0,0,,,,,,,,,,,,
empty-cup,1,starter,w-h+l+,legacy-cycle,300,45,0.15,8,1,8.502,0,0,2,30,0,0,0,0,0,0,0.257,0.003,0.253,2.87,0,0,0,0,0,,,,,,,,,,,,
empty-cup,1,starter,w-h+l+,greedy,300,294,0.98,7.2,0.898,3,0,0,1.35,19.88,0,0,0.37,0.107,0.37,0,1.71,1.607,0.103,1.107,0,0,0,0,0,,,,,,,,,,,,
empty-cup,1,starter,w-h+l+,planner,300,296,0.9867,6.96,0.8682,18.25,0,0,1.337,19.533,0,0,0.277,0.053,0.277,0,1.763,1.72,0.043,1.327,0,0,0,0,0,,,,,,,,,,,,
empty-cup,1,starter,w-h+l+,forecast-aware,300,289,0.9633,7.14,0.8884,1.727,0,0,1.25,18.553,0,0,0.483,0,0.483,0,1.663,1.51,0.153,2.22,0,0,0,0,0,,,,,,,,,,,,
empty-cup,1,starter,w-h+l+,planner-one-mistake,300,297,0.99,7.14,0.8914,18.667,0,0,1.307,19.347,0,0,0.353,0.063,0.353,0,1.52,1.443,0.077,1.78,0,0,0,0,0,296,300,296,293,0,0,7,12,0.9899,5.3433,0.25,0
empty-cup,1,starter,w0h-l-,random,300,7,0.0233,8,1,42.239,0,0,1.87,27.643,0,0,0.13,1.207,0.13,0,0.727,0.517,0.21,0.89,0,0,0,0,0,,,,,,,,,,,,
empty-cup,1,starter,w0h-l-,single-water,300,0,0,8,,34.143,0,0,2,30,0,0,0,0,0,0,0.997,0.97,0.027,0,0,0,0,0,0,,,,,,,,,,,,
empty-cup,1,starter,w0h-l-,legacy-cycle,300,239,0.7967,8,1,15.656,0,0,2,30,0,0,0,0,0,0,0.257,0.003,0.253,2.87,0,0,0,0,0,,,,,,,,,,,,
empty-cup,1,starter,w0h-l-,greedy,300,300,1,7.03,0.8788,,0,0,1.27,18.633,0,0,0.383,0.07,0.383,0,1.583,1.39,0.193,1.37,0,0,0,0,0,,,,,,,,,,,,
empty-cup,1,starter,w0h-l-,planner,300,300,1,6.77,0.8463,,0,0,1.307,19.053,0,0,0.233,0.037,0.233,0,1.76,1.64,0.12,1.41,0,0,0,0,0,,,,,,,,,,,,
empty-cup,1,starter,w0h-l-,forecast-aware,300,299,0.9967,6.73,0.8407,2,0,0,1.07,15.673,0,0,0.483,0,0.483,0,1.617,1.34,0.277,2.053,0,0,0,0,0,,,,,,,,,,,,
empty-cup,1,starter,w0h-l-,planner-one-mistake,300,299,0.9967,6.75,0.8432,20,0,0,1.157,16.973,0,0,0.36,0.043,0.36,0,1.503,1.28,0.223,1.597,0,0,0,0,0,300,300,300,299,0,0,3,43,0.9967,5.1242,0.25,0
empty-cup,1,starter,w0h-l0,random,300,7,0.0233,8,1,42.239,0,0,1.87,27.643,0,0,0.13,1.207,0.13,0,0.727,0.517,0.21,0.89,0,0,0,0,0,,,,,,,,,,,,
empty-cup,1,starter,w0h-l0,single-water,300,0,0,8,,34.143,0,0,2,30,0,0,0,0,0,0,0.997,0.97,0.027,0,0,0,0,0,0,,,,,,,,,,,,
empty-cup,1,starter,w0h-l0,legacy-cycle,300,239,0.7967,8,1,15.656,0,0,2,30,0,0,0,0,0,0,0.257,0.003,0.253,2.87,0,0,0,0,0,,,,,,,,,,,,
empty-cup,1,starter,w0h-l0,greedy,300,300,1,7.03,0.8788,,0,0,1.27,18.633,0,0,0.383,0.07,0.383,0,1.583,1.39,0.193,1.37,0,0,0,0,0,,,,,,,,,,,,
empty-cup,1,starter,w0h-l0,planner,300,300,1,6.77,0.8463,,0,0,1.307,19.053,0,0,0.233,0.037,0.233,0,1.76,1.64,0.12,1.41,0,0,0,0,0,,,,,,,,,,,,
empty-cup,1,starter,w0h-l0,forecast-aware,300,299,0.9967,6.73,0.8407,2,0,0,1.07,15.673,0,0,0.483,0,0.483,0,1.617,1.34,0.277,2.053,0,0,0,0,0,,,,,,,,,,,,
empty-cup,1,starter,w0h-l0,planner-one-mistake,300,299,0.9967,6.75,0.8432,20,0,0,1.157,16.973,0,0,0.36,0.043,0.36,0,1.503,1.28,0.223,1.597,0,0,0,0,0,300,300,300,299,0,0,3,43,0.9967,5.1242,0.25,0
empty-cup,1,starter,w0h-l+,random,300,7,0.0233,8,1,42.239,0,0,1.87,27.643,0,0,0.13,1.207,0.13,0,0.727,0.517,0.21,0.89,0,0,0,0,0,,,,,,,,,,,,
empty-cup,1,starter,w0h-l+,single-water,300,0,0,8,,34.143,0,0,2,30,0,0,0,0,0,0,0.997,0.97,0.027,0,0,0,0,0,0,,,,,,,,,,,,
empty-cup,1,starter,w0h-l+,legacy-cycle,300,239,0.7967,8,1,15.656,0,0,2,30,0,0,0,0,0,0,0.257,0.003,0.253,2.87,0,0,0,0,0,,,,,,,,,,,,
empty-cup,1,starter,w0h-l+,greedy,300,300,1,7.03,0.8788,,0,0,1.27,18.633,0,0,0.383,0.07,0.383,0,1.583,1.39,0.193,1.37,0,0,0,0,0,,,,,,,,,,,,
empty-cup,1,starter,w0h-l+,planner,300,300,1,6.77,0.8463,,0,0,1.307,19.053,0,0,0.233,0.037,0.233,0,1.76,1.64,0.12,1.41,0,0,0,0,0,,,,,,,,,,,,
empty-cup,1,starter,w0h-l+,forecast-aware,300,299,0.9967,6.73,0.8407,2,0,0,1.07,15.673,0,0,0.483,0,0.483,0,1.617,1.34,0.277,2.053,0,0,0,0,0,,,,,,,,,,,,
empty-cup,1,starter,w0h-l+,planner-one-mistake,300,299,0.9967,6.75,0.8432,20,0,0,1.157,16.973,0,0,0.36,0.043,0.36,0,1.503,1.28,0.223,1.597,0,0,0,0,0,300,300,300,299,0,0,3,43,0.9967,5.1242,0.25,0
empty-cup,1,starter,w0h0l-,random,300,7,0.0233,8,1,42.239,0,0,1.87,27.643,0,0,0.13,1.207,0.13,0,0.727,0.517,0.21,0.89,0,0,0,0,0,,,,,,,,,,,,
empty-cup,1,starter,w0h0l-,single-water,300,0,0,8,,34.143,0,0,2,30,0,0,0,0,0,0,0.997,0.97,0.027,0,0,0,0,0,0,,,,,,,,,,,,
empty-cup,1,starter,w0h0l-,legacy-cycle,300,239,0.7967,8,1,15.656,0,0,2,30,0,0,0,0,0,0,0.257,0.003,0.253,2.87,0,0,0,0,0,,,,,,,,,,,,
empty-cup,1,starter,w0h0l-,greedy,300,300,1,7.03,0.8788,,0,0,1.27,18.633,0,0,0.383,0.07,0.383,0,1.583,1.39,0.193,1.37,0,0,0,0,0,,,,,,,,,,,,
empty-cup,1,starter,w0h0l-,planner,300,300,1,6.77,0.8463,,0,0,1.307,19.053,0,0,0.233,0.037,0.233,0,1.76,1.64,0.12,1.41,0,0,0,0,0,,,,,,,,,,,,
empty-cup,1,starter,w0h0l-,forecast-aware,300,299,0.9967,6.73,0.8407,2,0,0,1.07,15.673,0,0,0.483,0,0.483,0,1.617,1.34,0.277,2.053,0,0,0,0,0,,,,,,,,,,,,
empty-cup,1,starter,w0h0l-,planner-one-mistake,300,299,0.9967,6.75,0.8432,20,0,0,1.157,16.973,0,0,0.36,0.043,0.36,0,1.503,1.28,0.223,1.597,0,0,0,0,0,300,300,300,299,0,0,3,43,0.9967,5.1242,0.25,0
empty-cup,1,starter,w0h0l0,random,300,7,0.0233,8,1,42.239,0,0,1.87,27.643,0,0,0.13,1.207,0.13,0,0.727,0.517,0.21,0.89,0,0,0,0,0,,,,,,,,,,,,
empty-cup,1,starter,w0h0l0,single-water,300,0,0,8,,34.143,0,0,2,30,0,0,0,0,0,0,0.997,0.97,0.027,0,0,0,0,0,0,,,,,,,,,,,,
empty-cup,1,starter,w0h0l0,legacy-cycle,300,239,0.7967,8,1,15.656,0,0,2,30,0,0,0,0,0,0,0.257,0.003,0.253,2.87,0,0,0,0,0,,,,,,,,,,,,
empty-cup,1,starter,w0h0l0,greedy,300,300,1,7.03,0.8788,,0,0,1.27,18.633,0,0,0.383,0.07,0.383,0,1.583,1.39,0.193,1.37,0,0,0,0,0,,,,,,,,,,,,
empty-cup,1,starter,w0h0l0,planner,300,300,1,6.77,0.8463,,0,0,1.307,19.053,0,0,0.233,0.037,0.233,0,1.76,1.64,0.12,1.41,0,0,0,0,0,,,,,,,,,,,,
empty-cup,1,starter,w0h0l0,forecast-aware,300,299,0.9967,6.73,0.8407,2,0,0,1.07,15.673,0,0,0.483,0,0.483,0,1.617,1.34,0.277,2.053,0,0,0,0,0,,,,,,,,,,,,
empty-cup,1,starter,w0h0l0,planner-one-mistake,300,299,0.9967,6.75,0.8432,20,0,0,1.157,16.973,0,0,0.36,0.043,0.36,0,1.503,1.28,0.223,1.597,0,0,0,0,0,300,300,300,299,0,0,3,43,0.9967,5.1242,0.25,0
empty-cup,1,starter,w0h0l+,random,300,7,0.0233,8,1,42.239,0,0,1.87,27.643,0,0,0.13,1.207,0.13,0,0.727,0.517,0.21,0.89,0,0,0,0,0,,,,,,,,,,,,
empty-cup,1,starter,w0h0l+,single-water,300,0,0,8,,34.143,0,0,2,30,0,0,0,0,0,0,0.997,0.97,0.027,0,0,0,0,0,0,,,,,,,,,,,,
empty-cup,1,starter,w0h0l+,legacy-cycle,300,239,0.7967,8,1,15.656,0,0,2,30,0,0,0,0,0,0,0.257,0.003,0.253,2.87,0,0,0,0,0,,,,,,,,,,,,
empty-cup,1,starter,w0h0l+,greedy,300,300,1,7.03,0.8788,,0,0,1.27,18.633,0,0,0.383,0.07,0.383,0,1.583,1.39,0.193,1.37,0,0,0,0,0,,,,,,,,,,,,
empty-cup,1,starter,w0h0l+,planner,300,300,1,6.77,0.8463,,0,0,1.307,19.053,0,0,0.233,0.037,0.233,0,1.76,1.64,0.12,1.41,0,0,0,0,0,,,,,,,,,,,,
empty-cup,1,starter,w0h0l+,forecast-aware,300,299,0.9967,6.73,0.8407,2,0,0,1.07,15.673,0,0,0.483,0,0.483,0,1.617,1.34,0.277,2.053,0,0,0,0,0,,,,,,,,,,,,
empty-cup,1,starter,w0h0l+,planner-one-mistake,300,299,0.9967,6.75,0.8432,20,0,0,1.157,16.973,0,0,0.36,0.043,0.36,0,1.503,1.28,0.223,1.597,0,0,0,0,0,300,300,300,299,0,0,3,43,0.9967,5.1242,0.25,0
empty-cup,1,starter,w0h+l-,random,300,7,0.0233,8,1,42.239,0,0,1.87,27.643,0,0,0.13,1.207,0.13,0,0.727,0.517,0.21,0.89,0,0,0,0,0,,,,,,,,,,,,
empty-cup,1,starter,w0h+l-,single-water,300,0,0,8,,34.143,0,0,2,30,0,0,0,0,0,0,0.997,0.97,0.027,0,0,0,0,0,0,,,,,,,,,,,,
empty-cup,1,starter,w0h+l-,legacy-cycle,300,239,0.7967,8,1,15.656,0,0,2,30,0,0,0,0,0,0,0.257,0.003,0.253,2.87,0,0,0,0,0,,,,,,,,,,,,
empty-cup,1,starter,w0h+l-,greedy,300,300,1,7.03,0.8788,,0,0,1.27,18.633,0,0,0.383,0.07,0.383,0,1.583,1.39,0.193,1.37,0,0,0,0,0,,,,,,,,,,,,
empty-cup,1,starter,w0h+l-,planner,300,300,1,6.77,0.8463,,0,0,1.307,19.053,0,0,0.233,0.037,0.233,0,1.76,1.64,0.12,1.41,0,0,0,0,0,,,,,,,,,,,,
empty-cup,1,starter,w0h+l-,forecast-aware,300,299,0.9967,6.73,0.8407,2,0,0,1.07,15.673,0,0,0.483,0,0.483,0,1.617,1.34,0.277,2.053,0,0,0,0,0,,,,,,,,,,,,
empty-cup,1,starter,w0h+l-,planner-one-mistake,300,299,0.9967,6.75,0.8432,20,0,0,1.157,16.973,0,0,0.36,0.043,0.36,0,1.503,1.28,0.223,1.597,0,0,0,0,0,300,300,300,299,0,0,3,43,0.9967,5.1242,0.25,0
empty-cup,1,starter,w0h+l0,random,300,7,0.0233,8,1,42.239,0,0,1.87,27.643,0,0,0.13,1.207,0.13,0,0.727,0.517,0.21,0.89,0,0,0,0,0,,,,,,,,,,,,
empty-cup,1,starter,w0h+l0,single-water,300,0,0,8,,34.143,0,0,2,30,0,0,0,0,0,0,0.997,0.97,0.027,0,0,0,0,0,0,,,,,,,,,,,,
empty-cup,1,starter,w0h+l0,legacy-cycle,300,239,0.7967,8,1,15.656,0,0,2,30,0,0,0,0,0,0,0.257,0.003,0.253,2.87,0,0,0,0,0,,,,,,,,,,,,
empty-cup,1,starter,w0h+l0,greedy,300,300,1,7.03,0.8788,,0,0,1.27,18.633,0,0,0.383,0.07,0.383,0,1.583,1.39,0.193,1.37,0,0,0,0,0,,,,,,,,,,,,
empty-cup,1,starter,w0h+l0,planner,300,300,1,6.77,0.8463,,0,0,1.307,19.053,0,0,0.233,0.037,0.233,0,1.76,1.64,0.12,1.41,0,0,0,0,0,,,,,,,,,,,,
empty-cup,1,starter,w0h+l0,forecast-aware,300,299,0.9967,6.73,0.8407,2,0,0,1.07,15.673,0,0,0.483,0,0.483,0,1.617,1.34,0.277,2.053,0,0,0,0,0,,,,,,,,,,,,
empty-cup,1,starter,w0h+l0,planner-one-mistake,300,299,0.9967,6.75,0.8432,20,0,0,1.157,16.973,0,0,0.36,0.043,0.36,0,1.503,1.28,0.223,1.597,0,0,0,0,0,300,300,300,299,0,0,3,43,0.9967,5.1242,0.25,0
empty-cup,1,starter,w0h+l+,random,300,7,0.0233,8,1,42.239,0,0,1.87,27.643,0,0,0.13,1.207,0.13,0,0.727,0.517,0.21,0.89,0,0,0,0,0,,,,,,,,,,,,
empty-cup,1,starter,w0h+l+,single-water,300,0,0,8,,34.143,0,0,2,30,0,0,0,0,0,0,0.997,0.97,0.027,0,0,0,0,0,0,,,,,,,,,,,,
empty-cup,1,starter,w0h+l+,legacy-cycle,300,239,0.7967,8,1,15.656,0,0,2,30,0,0,0,0,0,0,0.257,0.003,0.253,2.87,0,0,0,0,0,,,,,,,,,,,,
empty-cup,1,starter,w0h+l+,greedy,300,300,1,7.03,0.8788,,0,0,1.27,18.633,0,0,0.383,0.07,0.383,0,1.583,1.39,0.193,1.37,0,0,0,0,0,,,,,,,,,,,,
empty-cup,1,starter,w0h+l+,planner,300,300,1,6.77,0.8463,,0,0,1.307,19.053,0,0,0.233,0.037,0.233,0,1.76,1.64,0.12,1.41,0,0,0,0,0,,,,,,,,,,,,
empty-cup,1,starter,w0h+l+,forecast-aware,300,299,0.9967,6.73,0.8407,2,0,0,1.07,15.673,0,0,0.483,0,0.483,0,1.617,1.34,0.277,2.053,0,0,0,0,0,,,,,,,,,,,,
empty-cup,1,starter,w0h+l+,planner-one-mistake,300,299,0.9967,6.75,0.8432,20,0,0,1.157,16.973,0,0,0.36,0.043,0.36,0,1.503,1.28,0.223,1.597,0,0,0,0,0,300,300,300,299,0,0,3,43,0.9967,5.1242,0.25,0
empty-cup,1,starter,w+h-l-,random,300,15,0.05,8,1,39.607,0,0,1.87,27.657,0,0,0.13,1.207,0.13,0,0.727,0.517,0.21,0.89,0,0,0,0,0,,,,,,,,,,,,
empty-cup,1,starter,w+h-l-,single-water,300,0,0,8,,20.073,0,0,2,30,0,0,0,0,0,0,0.997,0.97,0.027,0,0,0,0,0,0,,,,,,,,,,,,
empty-cup,1,starter,w+h-l-,legacy-cycle,300,268,0.8933,7.74,0.9636,23.281,0,0,2,30,0,0,0,0,0,0,0.193,0.003,0.19,2.87,0,0,0,0,0,,,,,,,,,,,,
empty-cup,1,starter,w+h-l-,greedy,300,300,1,6.52,0.815,,0,0,1.037,14.947,0,0,0.35,0.04,0.35,0,1.273,1.02,0.253,1.183,0,0,0,0,0,,,,,,,,,,,,
empty-cup,1,starter,w+h-l-,planner,300,300,1,6.393,0.7992,,0,0,1.107,15.967,0,0,0.257,0.01,0.257,0,1.563,1.237,0.327,1.357,0,0,0,0,0,,,,,,,,,,,,
empty-cup,1,starter,w+h-l-,forecast-aware,300,300,1,6.477,0.8096,,0,0,0.957,13.86,0,0,0.483,0,0.483,0,1.56,1.233,0.327,1.947,0,0,0,0,0,,,,,,,,,,,,
empty-cup,1,starter,w+h-l-,planner-one-mistake,300,300,1,6.347,0.7933,,0,0,1.03,14.827,0,0,0.27,0.007,0.27,0,1.353,0.963,0.39,1.337,0,0,0,0,0,300,300,300,300,0,0,1,91,1,5.9967,0.5,0
empty-cup,1,starter,w+h-l0,random,300,15,0.05,8,1,39.607,0,0,1.87,27.657,0,0,0.13,1.207,0.13,0,0.727,0.517,0.21,0.89,0,0,0,0,0,,,,,,,,,,,,
empty-cup,1,starter,w+h-l0,single-water,300,0,0,8,,20.073,0,0,2,30,0,0,0,0,0,0,0.997,0.97,0.027,0,0,0,0,0,0,,,,,,,,,,,,
empty-cup,1,starter,w+h-l0,legacy-cycle,300,268,0.8933,7.74,0.9636,23.281,0,0,2,30,0,0,0,0,0,0,0.193,0.003,0.19,2.87,0,0,0,0,0,,,,,,,,,,,,
empty-cup,1,starter,w+h-l0,greedy,300,300,1,6.52,0.815,,0,0,1.037,14.947,0,0,0.35,0.04,0.35,0,1.273,1.02,0.253,1.183,0,0,0,0,0,,,,,,,,,,,,
empty-cup,1,starter,w+h-l0,planner,300,300,1,6.393,0.7992,,0,0,1.107,15.967,0,0,0.257,0.01,0.257,0,1.563,1.237,0.327,1.357,0,0,0,0,0,,,,,,,,,,,,
empty-cup,1,starter,w+h-l0,forecast-aware,300,300,1,6.477,0.8096,,0,0,0.957,13.86,0,0,0.483,0,0.483,0,1.56,1.233,0.327,1.947,0,0,0,0,0,,,,,,,,,,,,
empty-cup,1,starter,w+h-l0,planner-one-mistake,300,300,1,6.347,0.7933,,0,0,1.03,14.827,0,0,0.27,0.007,0.27,0,1.353,0.963,0.39,1.337,0,0,0,0,0,300,300,300,300,0,0,1,91,1,5.9967,0.5,0
empty-cup,1,starter,w+h-l+,random,300,15,0.05,8,1,39.607,0,0,1.87,27.657,0,0,0.13,1.207,0.13,0,0.727,0.517,0.21,0.89,0,0,0,0,0,,,,,,,,,,,,
empty-cup,1,starter,w+h-l+,single-water,300,0,0,8,,20.073,0,0,2,30,0,0,0,0,0,0,0.997,0.97,0.027,0,0,0,0,0,0,,,,,,,,,,,,
empty-cup,1,starter,w+h-l+,legacy-cycle,300,268,0.8933,7.74,0.9636,23.281,0,0,2,30,0,0,0,0,0,0,0.193,0.003,0.19,2.87,0,0,0,0,0,,,,,,,,,,,,
empty-cup,1,starter,w+h-l+,greedy,300,300,1,6.52,0.815,,0,0,1.037,14.947,0,0,0.35,0.04,0.35,0,1.273,1.02,0.253,1.183,0,0,0,0,0,,,,,,,,,,,,
empty-cup,1,starter,w+h-l+,planner,300,300,1,6.393,0.7992,,0,0,1.107,15.967,0,0,0.257,0.01,0.257,0,1.563,1.237,0.327,1.357,0,0,0,0,0,,,,,,,,,,,,
empty-cup,1,starter,w+h-l+,forecast-aware,300,300,1,6.477,0.8096,,0,0,0.957,13.86,0,0,0.483,0,0.483,0,1.56,1.233,0.327,1.947,0,0,0,0,0,,,,,,,,,,,,
empty-cup,1,starter,w+h-l+,planner-one-mistake,300,300,1,6.347,0.7933,,0,0,1.03,14.827,0,0,0.27,0.007,0.27,0,1.353,0.963,0.39,1.337,0,0,0,0,0,300,300,300,300,0,0,1,91,1,5.9967,0.5,0
empty-cup,1,starter,w+h0l-,random,300,15,0.05,8,1,39.607,0,0,1.87,27.657,0,0,0.13,1.207,0.13,0,0.727,0.517,0.21,0.89,0,0,0,0,0,,,,,,,,,,,,
empty-cup,1,starter,w+h0l-,single-water,300,0,0,8,,20.073,0,0,2,30,0,0,0,0,0,0,0.997,0.97,0.027,0,0,0,0,0,0,,,,,,,,,,,,
empty-cup,1,starter,w+h0l-,legacy-cycle,300,268,0.8933,7.74,0.9636,23.281,0,0,2,30,0,0,0,0,0,0,0.193,0.003,0.19,2.87,0,0,0,0,0,,,,,,,,,,,,
empty-cup,1,starter,w+h0l-,greedy,300,300,1,6.52,0.815,,0,0,1.037,14.947,0,0,0.35,0.04,0.35,0,1.273,1.02,0.253,1.183,0,0,0,0,0,,,,,,,,,,,,
empty-cup,1,starter,w+h0l-,planner,300,300,1,6.393,0.7992,,0,0,1.107,15.967,0,0,0.257,0.01,0.257,0,1.563,1.237,0.327,1.357,0,0,0,0,0,,,,,,,,,,,,
empty-cup,1,starter,w+h0l-,forecast-aware,300,300,1,6.477,0.8096,,0,0,0.957,13.86,0,0,0.483,0,0.483,0,1.56,1.233,0.327,1.947,0,0,0,0,0,,,,,,,,,,,,
empty-cup,1,starter,w+h0l-,planner-one-mistake,300,300,1,6.347,0.7933,,0,0,1.03,14.827,0,0,0.27,0.007,0.27,0,1.353,0.963,0.39,1.337,0,0,0,0,0,300,300,300,300,0,0,1,91,1,5.9967,0.5,0
empty-cup,1,starter,w+h0l0,random,300,15,0.05,8,1,39.607,0,0,1.87,27.657,0,0,0.13,1.207,0.13,0,0.727,0.517,0.21,0.89,0,0,0,0,0,,,,,,,,,,,,
empty-cup,1,starter,w+h0l0,single-water,300,0,0,8,,20.073,0,0,2,30,0,0,0,0,0,0,0.997,0.97,0.027,0,0,0,0,0,0,,,,,,,,,,,,
empty-cup,1,starter,w+h0l0,legacy-cycle,300,268,0.8933,7.74,0.9636,23.281,0,0,2,30,0,0,0,0,0,0,0.193,0.003,0.19,2.87,0,0,0,0,0,,,,,,,,,,,,
empty-cup,1,starter,w+h0l0,greedy,300,300,1,6.52,0.815,,0,0,1.037,14.947,0,0,0.35,0.04,0.35,0,1.273,1.02,0.253,1.183,0,0,0,0,0,,,,,,,,,,,,
empty-cup,1,starter,w+h0l0,planner,300,300,1,6.393,0.7992,,0,0,1.107,15.967,0,0,0.257,0.01,0.257,0,1.563,1.237,0.327,1.357,0,0,0,0,0,,,,,,,,,,,,
empty-cup,1,starter,w+h0l0,forecast-aware,300,300,1,6.477,0.8096,,0,0,0.957,13.86,0,0,0.483,0,0.483,0,1.56,1.233,0.327,1.947,0,0,0,0,0,,,,,,,,,,,,
empty-cup,1,starter,w+h0l0,planner-one-mistake,300,300,1,6.347,0.7933,,0,0,1.03,14.827,0,0,0.27,0.007,0.27,0,1.353,0.963,0.39,1.337,0,0,0,0,0,300,300,300,300,0,0,1,91,1,5.9967,0.5,0
empty-cup,1,starter,w+h0l+,random,300,15,0.05,8,1,39.607,0,0,1.87,27.657,0,0,0.13,1.207,0.13,0,0.727,0.517,0.21,0.89,0,0,0,0,0,,,,,,,,,,,,
empty-cup,1,starter,w+h0l+,single-water,300,0,0,8,,20.073,0,0,2,30,0,0,0,0,0,0,0.997,0.97,0.027,0,0,0,0,0,0,,,,,,,,,,,,
empty-cup,1,starter,w+h0l+,legacy-cycle,300,268,0.8933,7.74,0.9636,23.281,0,0,2,30,0,0,0,0,0,0,0.193,0.003,0.19,2.87,0,0,0,0,0,,,,,,,,,,,,
empty-cup,1,starter,w+h0l+,greedy,300,300,1,6.52,0.815,,0,0,1.037,14.947,0,0,0.35,0.04,0.35,0,1.273,1.02,0.253,1.183,0,0,0,0,0,,,,,,,,,,,,
empty-cup,1,starter,w+h0l+,planner,300,300,1,6.393,0.7992,,0,0,1.107,15.967,0,0,0.257,0.01,0.257,0,1.563,1.237,0.327,1.357,0,0,0,0,0,,,,,,,,,,,,
empty-cup,1,starter,w+h0l+,forecast-aware,300,300,1,6.477,0.8096,,0,0,0.957,13.86,0,0,0.483,0,0.483,0,1.56,1.233,0.327,1.947,0,0,0,0,0,,,,,,,,,,,,
empty-cup,1,starter,w+h0l+,planner-one-mistake,300,300,1,6.347,0.7933,,0,0,1.03,14.827,0,0,0.27,0.007,0.27,0,1.353,0.963,0.39,1.337,0,0,0,0,0,300,300,300,300,0,0,1,91,1,5.9967,0.5,0
empty-cup,1,starter,w+h+l-,random,300,15,0.05,8,1,39.607,0,0,1.87,27.657,0,0,0.13,1.207,0.13,0,0.727,0.517,0.21,0.89,0,0,0,0,0,,,,,,,,,,,,
empty-cup,1,starter,w+h+l-,single-water,300,0,0,8,,20.073,0,0,2,30,0,0,0,0,0,0,0.997,0.97,0.027,0,0,0,0,0,0,,,,,,,,,,,,
empty-cup,1,starter,w+h+l-,legacy-cycle,300,268,0.8933,7.74,0.9636,23.281,0,0,2,30,0,0,0,0,0,0,0.193,0.003,0.19,2.87,0,0,0,0,0,,,,,,,,,,,,
empty-cup,1,starter,w+h+l-,greedy,300,300,1,6.52,0.815,,0,0,1.037,14.947,0,0,0.35,0.04,0.35,0,1.273,1.02,0.253,1.183,0,0,0,0,0,,,,,,,,,,,,
empty-cup,1,starter,w+h+l-,planner,300,300,1,6.393,0.7992,,0,0,1.107,15.967,0,0,0.257,0.01,0.257,0,1.563,1.237,0.327,1.357,0,0,0,0,0,,,,,,,,,,,,
empty-cup,1,starter,w+h+l-,forecast-aware,300,300,1,6.477,0.8096,,0,0,0.957,13.86,0,0,0.483,0,0.483,0,1.56,1.233,0.327,1.947,0,0,0,0,0,,,,,,,,,,,,
empty-cup,1,starter,w+h+l-,planner-one-mistake,300,300,1,6.347,0.7933,,0,0,1.03,14.827,0,0,0.27,0.007,0.27,0,1.353,0.963,0.39,1.337,0,0,0,0,0,300,300,300,300,0,0,1,91,1,5.9967,0.5,0
empty-cup,1,starter,w+h+l0,random,300,15,0.05,8,1,39.607,0,0,1.87,27.657,0,0,0.13,1.207,0.13,0,0.727,0.517,0.21,0.89,0,0,0,0,0,,,,,,,,,,,,
empty-cup,1,starter,w+h+l0,single-water,300,0,0,8,,20.073,0,0,2,30,0,0,0,0,0,0,0.997,0.97,0.027,0,0,0,0,0,0,,,,,,,,,,,,
empty-cup,1,starter,w+h+l0,legacy-cycle,300,268,0.8933,7.74,0.9636,23.281,0,0,2,30,0,0,0,0,0,0,0.193,0.003,0.19,2.87,0,0,0,0,0,,,,,,,,,,,,
empty-cup,1,starter,w+h+l0,greedy,300,300,1,6.52,0.815,,0,0,1.037,14.947,0,0,0.35,0.04,0.35,0,1.273,1.02,0.253,1.183,0,0,0,0,0,,,,,,,,,,,,
empty-cup,1,starter,w+h+l0,planner,300,300,1,6.393,0.7992,,0,0,1.107,15.967,0,0,0.257,0.01,0.257,0,1.563,1.237,0.327,1.357,0,0,0,0,0,,,,,,,,,,,,
empty-cup,1,starter,w+h+l0,forecast-aware,300,300,1,6.477,0.8096,,0,0,0.957,13.86,0,0,0.483,0,0.483,0,1.56,1.233,0.327,1.947,0,0,0,0,0,,,,,,,,,,,,
empty-cup,1,starter,w+h+l0,planner-one-mistake,300,300,1,6.347,0.7933,,0,0,1.03,14.827,0,0,0.27,0.007,0.27,0,1.353,0.963,0.39,1.337,0,0,0,0,0,300,300,300,300,0,0,1,91,1,5.9967,0.5,0
empty-cup,1,starter,w+h+l+,random,300,15,0.05,8,1,39.607,0,0,1.87,27.657,0,0,0.13,1.207,0.13,0,0.727,0.517,0.21,0.89,0,0,0,0,0,,,,,,,,,,,,
empty-cup,1,starter,w+h+l+,single-water,300,0,0,8,,20.073,0,0,2,30,0,0,0,0,0,0,0.997,0.97,0.027,0,0,0,0,0,0,,,,,,,,,,,,
empty-cup,1,starter,w+h+l+,legacy-cycle,300,268,0.8933,7.74,0.9636,23.281,0,0,2,30,0,0,0,0,0,0,0.193,0.003,0.19,2.87,0,0,0,0,0,,,,,,,,,,,,
empty-cup,1,starter,w+h+l+,greedy,300,300,1,6.52,0.815,,0,0,1.037,14.947,0,0,0.35,0.04,0.35,0,1.273,1.02,0.253,1.183,0,0,0,0,0,,,,,,,,,,,,
empty-cup,1,starter,w+h+l+,planner,300,300,1,6.393,0.7992,,0,0,1.107,15.967,0,0,0.257,0.01,0.257,0,1.563,1.237,0.327,1.357,0,0,0,0,0,,,,,,,,,,,,
empty-cup,1,starter,w+h+l+,forecast-aware,300,300,1,6.477,0.8096,,0,0,0.957,13.86,0,0,0.483,0,0.483,0,1.56,1.233,0.327,1.947,0,0,0,0,0,,,,,,,,,,,,
empty-cup,1,starter,w+h+l+,planner-one-mistake,300,300,1,6.347,0.7933,,0,0,1.03,14.827,0,0,0.27,0.007,0.27,0,1.353,0.963,0.39,1.337,0,0,0,0,0,300,300,300,300,0,0,1,91,1,5.9967,0.5,0
noon-fold,2,starter,w-h-l-,random,300,0,0,9,,67.61,0,0,1.907,36.477,3.77,20.38,0.323,1.14,0.093,0.23,0.533,0.387,0.22,1.033,0,0,0,0,0,,,,,,,,,,,,
noon-fold,2,starter,w-h-l-,single-water,300,0,0,9,,47.013,0,0,2,42,4,14.893,0,0,0,0,1,1,0.067,0,0,0,0,0,0,,,,,,,,,,,,
noon-fold,2,starter,w-h-l-,legacy-cycle,300,0,0,9,,42.803,0,0,2,41.43,4,32.85,0,0,0,0,0.12,0,0.12,2.873,0,0,0,0,0,,,,,,,,,,,,
noon-fold,2,starter,w-h-l-,greedy,300,249,0.83,8.25,0.8996,5.765,0,0,1.137,23.62,3.54,3.38,0.573,0.133,0.533,0.04,1.433,1.177,0.317,1.233,0,0,0,0,0,,,,,,,,,,,,
noon-fold,2,starter,w-h-l-,planner,300,272,0.9067,8.01,0.8787,21.464,0,0,1.123,23.327,3.43,3.063,0.457,0.103,0.43,0.027,1.523,1.243,0.33,1.397,0,0,0,0,0,,,,,,,,,,,,
noon-fold,2,starter,w-h-l-,forecast-aware,300,202,0.6733,8.663,0.9444,11.48,0,0,1.353,28.327,2.583,2.36,1.73,0,0.507,1.223,1.323,0.837,0.573,2.387,0,0,0,0,0,,,,,,,,,,,,
noon-fold,2,starter,w-h-l-,planner-one-mistake,300,260,0.8667,8.29,0.909,26.375,0,0,1.237,25.82,3.5,4.233,0.553,0.167,0.44,0.113,1.553,1.217,0.37,1.85,0,0,0,0,0,272,300,272,246,0,0,75,102,0.9044,3.4408,1,0
noon-fold,2,starter,w-h-l0,random,300,0,0,9,,67.61,0,0,1.907,36.477,3.77,20.38,0.323,1.14,0.093,0.23,0.533,0.387,0.22,1.033,0,0,0,0,0,,,,,,,,,,,,
noon-fold,2,starter,w-h-l0,single-water,300,0,0,9,,47.013,0,0,2,42,4,14.893,0,0,0,0,1,1,0.067,0,0,0,0,0,0,,,,,,,,,,,,
noon-fold,2,starter,w-h-l0,legacy-cycle,300,0,0,9,,42.803,0,0,2,41.43,4,32.85,0,0,0,0,0.12,0,0.12,2.873,0,0,0,0,0,,,,,,,,,,,,
noon-fold,2,starter,w-h-l0,greedy,300,249,0.83,8.25,0.8996,5.765,0,0,1.137,23.62,3.54,3.38,0.573,0.133,0.533,0.04,1.433,1.177,0.317,1.233,0,0,0,0,0,,,,,,,,,,,,
noon-fold,2,starter,w-h-l0,planner,300,272,0.9067,8.01,0.8787,21.464,0,0,1.123,23.327,3.43,3.063,0.457,0.103,0.43,0.027,1.523,1.243,0.33,1.397,0,0,0,0,0,,,,,,,,,,,,
noon-fold,2,starter,w-h-l0,forecast-aware,300,202,0.6733,8.663,0.9444,11.48,0,0,1.353,28.327,2.583,2.36,1.73,0,0.507,1.223,1.323,0.837,0.573,2.387,0,0,0,0,0,,,,,,,,,,,,
noon-fold,2,starter,w-h-l0,planner-one-mistake,300,260,0.8667,8.29,0.909,26.375,0,0,1.237,25.82,3.5,4.233,0.553,0.167,0.44,0.113,1.553,1.217,0.37,1.85,0,0,0,0,0,272,300,272,246,0,0,75,102,0.9044,3.4408,1,0
noon-fold,2,starter,w-h-l+,random,300,0,0,9,,67.61,0,0,1.907,36.477,3.77,20.38,0.323,1.14,0.093,0.23,0.533,0.387,0.22,1.033,0,0,0,0,0,,,,,,,,,,,,
noon-fold,2,starter,w-h-l+,single-water,300,0,0,9,,47.013,0,0,2,42,4,14.893,0,0,0,0,1,1,0.067,0,0,0,0,0,0,,,,,,,,,,,,
noon-fold,2,starter,w-h-l+,legacy-cycle,300,0,0,9,,42.803,0,0,2,41.43,4,32.85,0,0,0,0,0.12,0,0.12,2.873,0,0,0,0,0,,,,,,,,,,,,
noon-fold,2,starter,w-h-l+,greedy,300,249,0.83,8.25,0.8996,5.765,0,0,1.137,23.62,3.54,3.38,0.573,0.133,0.533,0.04,1.433,1.177,0.317,1.233,0,0,0,0,0,,,,,,,,,,,,
noon-fold,2,starter,w-h-l+,planner,300,272,0.9067,8.01,0.8787,21.464,0,0,1.123,23.327,3.43,3.063,0.457,0.103,0.43,0.027,1.523,1.243,0.33,1.397,0,0,0,0,0,,,,,,,,,,,,
noon-fold,2,starter,w-h-l+,forecast-aware,300,202,0.6733,8.663,0.9444,11.48,0,0,1.353,28.327,2.583,2.36,1.73,0,0.507,1.223,1.323,0.837,0.573,2.387,0,0,0,0,0,,,,,,,,,,,,
noon-fold,2,starter,w-h-l+,planner-one-mistake,300,260,0.8667,8.29,0.909,26.375,0,0,1.237,25.82,3.5,4.233,0.553,0.167,0.44,0.113,1.553,1.217,0.37,1.85,0,0,0,0,0,272,300,272,246,0,0,75,102,0.9044,3.4408,1,0
noon-fold,2,starter,w-h0l-,random,300,0,0,9,,64.477,0,0,1.907,37.14,3.77,21.287,0.323,1.14,0.093,0.23,0.533,0.387,0.22,1.033,0,0,0,0,0,,,,,,,,,,,,
noon-fold,2,starter,w-h0l-,single-water,300,0,0,9,,47.013,0,0,2,42,4,14.893,0,0,0,0,1,1,0.067,0,0,0,0,0,0,,,,,,,,,,,,
noon-fold,2,starter,w-h0l-,legacy-cycle,300,0,0,9,,37.16,0,0,2,41.703,4,34.517,0,0,0,0,0.12,0,0.12,2.873,0,0,0,0,0,,,,,,,,,,,,
noon-fold,2,starter,w-h0l-,greedy,300,286,0.9533,7.837,0.8644,6,0,0,0.997,20.54,3.34,2.467,0.503,0.113,0.48,0.023,1.313,1.067,0.283,1.34,0,0,0,0,0,,,,,,,,,,,,
noon-fold,2,starter,w-h0l-,planner,300,283,0.9433,7.603,0.8355,21.706,0,0,0.973,20.02,3.22,2.47,0.41,0.083,0.38,0.03,1.363,1.08,0.3,1.513,0,0,0,0,0,,,,,,,,,,,,
noon-fold,2,starter,w-h0l-,forecast-aware,300,238,0.7933,8.483,0.9276,10.048,0,0,1.303,27.227,2.49,2.29,1.697,0,0.5,1.197,1.277,0.793,0.567,2.307,0,0,0,0,0,,,,,,,,,,,,
noon-fold,2,starter,w-h0l-,planner-one-mistake,300,269,0.8967,8.037,0.8806,22.613,0,0,1.157,24.06,3.31,4.403,0.57,0.25,0.397,0.173,1.393,0.97,0.407,2.193,0,0,0,0,0,283,300,283,259,0,0,72,153,0.9152,4.2208,1,0
noon-fold,2,starter,w-h0l0,random,300,0,0,9,,64.477,0,0,1.907,37.14,3.77,21.287,0.323,1.14,0.093,0.23,0.533,0.387,0.22,1.033,0,0,0,0,0,,,,,,,,,,,,
noon-fold,2,starter,w-h0l0,single-water,300,0,0,9,,47.013,0,0,2,42,4,14.893,0,0,0,0,1,1,0.067,0,0,0,0,0,0,,,,,,,,,,,,
noon-fold,2,starter,w-h0l0,legacy-cycle,300,0,0,9,,37.16,0,0,2,41.703,4,34.517,0,0,0,0,0.12,0,0.12,2.873,0,0,0,0,0,,,,,,,,,,,,
noon-fold,2,starter,w-h0l0,greedy,300,286,0.9533,7.837,0.8644,6,0,0,0.997,20.54,3.34,2.467,0.503,0.113,0.48,0.023,1.313,1.067,0.283,1.34,0,0,0,0,0,,,,,,,,,,,,
noon-fold,2,starter,w-h0l0,planner,300,283,0.9433,7.603,0.8355,21.706,0,0,0.973,20.02,3.22,2.47,0.41,0.083,0.38,0.03,1.363,1.08,0.3,1.513,0,0,0,0,0,,,,,,,,,,,,
noon-fold,2,starter,w-h0l0,forecast-aware,300,238,0.7933,8.483,0.9276,10.048,0,0,1.303,27.227,2.49,2.29,1.697,0,0.5,1.197,1.277,0.793,0.567,2.307,0,0,0,0,0,,,,,,,,,,,,
noon-fold,2,starter,w-h0l0,planner-one-mistake,300,269,0.8967,8.037,0.8806,22.613,0,0,1.157,24.06,3.31,4.403,0.57,0.25,0.397,0.173,1.393,0.97,0.407,2.193,0,0,0,0,0,283,300,283,259,0,0,72,153,0.9152,4.2208,1,0
noon-fold,2,starter,w-h0l+,random,300,0,0,9,,64.477,0,0,1.907,37.14,3.77,21.287,0.323,1.14,0.093,0.23,0.533,0.387,0.22,1.033,0,0,0,0,0,,,,,,,,,,,,
noon-fold,2,starter,w-h0l+,single-water,300,0,0,9,,47.013,0,0,2,42,4,14.893,0,0,0,0,1,1,0.067,0,0,0,0,0,0,,,,,,,,,,,,
noon-fold,2,starter,w-h0l+,legacy-cycle,300,0,0,9,,37.16,0,0,2,41.703,4,34.517,0,0,0,0,0.12,0,0.12,2.873,0,0,0,0,0,,,,,,,,,,,,
noon-fold,2,starter,w-h0l+,greedy,300,286,0.9533,7.837,0.8644,6,0,0,0.997,20.54,3.34,2.467,0.503,0.113,0.48,0.023,1.313,1.067,0.283,1.34,0,0,0,0,0,,,,,,,,,,,,
noon-fold,2,starter,w-h0l+,planner,300,283,0.9433,7.603,0.8355,21.706,0,0,0.973,20.02,3.22,2.47,0.41,0.083,0.38,0.03,1.363,1.08,0.3,1.513,0,0,0,0,0,,,,,,,,,,,,
noon-fold,2,starter,w-h0l+,forecast-aware,300,238,0.7933,8.483,0.9276,10.048,0,0,1.303,27.227,2.49,2.29,1.697,0,0.5,1.197,1.277,0.793,0.567,2.307,0,0,0,0,0,,,,,,,,,,,,
noon-fold,2,starter,w-h0l+,planner-one-mistake,300,269,0.8967,8.037,0.8806,22.613,0,0,1.157,24.06,3.31,4.403,0.57,0.25,0.397,0.173,1.393,0.97,0.407,2.193,0,0,0,0,0,283,300,283,259,0,0,72,153,0.9152,4.2208,1,0
noon-fold,2,starter,w-h+l-,random,300,2,0.0067,8.987,0.7778,61.419,0,0,1.9,37.41,3.763,21.963,0.323,1.137,0.093,0.23,0.533,0.387,0.21,1.03,0,0,0,0,0,,,,,,,,,,,,
noon-fold,2,starter,w-h+l-,single-water,300,0,0,9,,47.013,0,0,2,42,4,14.893,0,0,0,0,1,1,0.067,0,0,0,0,0,0,,,,,,,,,,,,
noon-fold,2,starter,w-h+l-,legacy-cycle,300,0,0,9,,32.37,0,0,2,41.82,4,35.953,0,0,0,0,0.12,0,0.12,2.873,0,0,0,0,0,,,,,,,,,,,,
noon-fold,2,starter,w-h+l-,greedy,300,296,0.9867,7.293,0.8078,5,0,0,0.853,17.387,3.01,1.963,0.44,0.143,0.42,0.02,1.07,0.79,0.31,1.45,0,0,0,0,0,,,,,,,,,,,,
noon-fold,2,starter,w-h+l-,planner,300,289,0.9633,7.233,0.7962,20.182,0,0,0.877,17.9,2.977,2.823,0.4,0.093,0.367,0.033,1.18,0.807,0.373,1.843,0,0,0,0,0,,,,,,,,,,,,
noon-fold,2,starter,w-h+l-,forecast-aware,300,257,0.8567,8.12,0.8859,7.279,0,0,1.17,24.293,2.32,2.253,1.65,0,0.497,1.153,1.103,0.663,0.52,2.163,0,0,0,0,0,,,,,,,,,,,,
noon-fold,2,starter,w-h+l-,planner-one-mistake,300,288,0.96,7.567,0.8341,23.75,0,0,0.983,20.24,3.09,4.113,0.493,0.21,0.357,0.137,1.193,0.753,0.423,1.733,0,0,0,0,0,289,300,289,281,0,0,66,135,0.9723,3.9,1,0
noon-fold,2,starter,w-h+l0,random,300,2,0.0067,8.987,0.7778,61.419,0,0,1.9,37.41,3.763,21.963,0.323,1.137,0.093,0.23,0.533,0.387,0.21,1.03,0,0,0,0,0,,,,,,,,,,,,
noon-fold,2,starter,w-h+l0,single-water,300,0,0,9,,47.013,0,0,2,42,4,14.893,0,0,0,0,1,1,0.067,0,0,0,0,0,0,,,,,,,,,,,,
noon-fold,2,starter,w-h+l0,legacy-cycle,300,0,0,9,,32.37,0,0,2,41.82,4,35.953,0,0,0,0,0.12,0,0.12,2.873,0,0,0,0,0,,,,,,,,,,,,
noon-fold,2,starter,w-h+l0,greedy,300,296,0.9867,7.293,0.8078,5,0,0,0.853,17.387,3.01,1.963,0.44,0.143,0.42,0.02,1.07,0.79,0.31,1.45,0,0,0,0,0,,,,,,,,,,,,
noon-fold,2,starter,w-h+l0,planner,300,289,0.9633,7.233,0.7962,20.182,0,0,0.877,17.9,2.977,2.823,0.4,0.093,0.367,0.033,1.18,0.807,0.373,1.843,0,0,0,0,0,,,,,,,,,,,,
noon-fold,2,starter,w-h+l0,forecast-aware,300,257,0.8567,8.12,0.8859,7.279,0,0,1.17,24.293,2.32,2.253,1.65,0,0.497,1.153,1.103,0.663,0.52,2.163,0,0,0,0,0,,,,,,,,,,,,
noon-fold,2,starter,w-h+l0,planner-one-mistake,300,288,0.96,7.567,0.8341,23.75,0,0,0.983,20.24,3.09,4.113,0.493,0.21,0.357,0.137,1.193,0.753,0.423,1.733,0,0,0,0,0,289,300,289,281,0,0,66,135,0.9723,3.9,1,0
noon-fold,2,starter,w-h+l+,random,300,2,0.0067,8.987,0.7778,61.419,0,0,1.9,37.41,3.763,21.963,0.323,1.137,0.093,0.23,0.533,0.387,0.21,1.03,0,0,0,0,0,,,,,,,,,,,,
noon-fold,2,starter,w-h+l+,single-water,300,0,0,9,,47.013,0,0,2,42,4,14.893,0,0,0,0,1,1,0.067,0,0,0,0,0,0,,,,,,,,,,,,
noon-fold,2,starter,w-h+l+,legacy-cycle,300,0,0,9,,32.37,0,0,2,41.82,4,35.953,0,0,0,0,0.12,0,0.12,2.873,0,0,0,0,0,,,,,,,,,,,,
noon-fold,2,starter,w-h+l+,greedy,300,296,0.9867,7.293,0.8078,5,0,0,0.853,17.387,3.01,1.963,0.44,0.143,0.42,0.02,1.07,0.79,0.31,1.45,0,0,0,0,0,,,,,,,,,,,,
noon-fold,2,starter,w-h+l+,planner,300,289,0.9633,7.233,0.7962,20.182,0,0,0.877,17.9,2.977,2.823,0.4,0.093,0.367,0.033,1.18,0.807,0.373,1.843,0,0,0,0,0,,,,,,,,,,,,
noon-fold,2,starter,w-h+l+,forecast-aware,300,257,0.8567,8.12,0.8859,7.279,0,0,1.17,24.293,2.32,2.253,1.65,0,0.497,1.153,1.103,0.663,0.52,2.163,0,0,0,0,0,,,,,,,,,,,,
noon-fold,2,starter,w-h+l+,planner-one-mistake,300,288,0.96,7.567,0.8341,23.75,0,0,0.983,20.24,3.09,4.113,0.493,0.21,0.357,0.137,1.193,0.753,0.423,1.733,0,0,0,0,0,289,300,289,281,0,0,66,135,0.9723,3.9,1,0
noon-fold,2,starter,w0h-l-,random,300,0,0,9,,67.61,0,0,1.907,36.477,3.77,20.38,0.323,1.14,0.093,0.23,0.533,0.387,0.22,1.033,0,0,0,0,0,,,,,,,,,,,,
noon-fold,2,starter,w0h-l-,single-water,300,0,0,9,,47.013,0,0,2,42,4,14.893,0,0,0,0,1,1,0.067,0,0,0,0,0,0,,,,,,,,,,,,
noon-fold,2,starter,w0h-l-,legacy-cycle,300,0,0,9,,42.803,0,0,2,41.43,4,32.85,0,0,0,0,0.12,0,0.12,2.873,0,0,0,0,0,,,,,,,,,,,,
noon-fold,2,starter,w0h-l-,greedy,300,249,0.83,8.25,0.8996,5.765,0,0,1.137,23.62,3.54,3.38,0.573,0.133,0.533,0.04,1.433,1.177,0.317,1.233,0,0,0,0,0,,,,,,,,,,,,
noon-fold,2,starter,w0h-l-,planner,300,272,0.9067,8.01,0.8787,21.464,0,0,1.123,23.327,3.43,3.063,0.457,0.103,0.43,0.027,1.523,1.243,0.33,1.397,0,0,0,0,0,,,,,,,,,,,,
noon-fold,2,starter,w0h-l-,forecast-aware,300,202,0.6733,8.663,0.9444,11.48,0,0,1.353,28.327,2.583,2.36,1.73,0,0.507,1.223,1.323,0.837,0.573,2.387,0,0,0,0,0,,,,,,,,,,,,
noon-fold,2,starter,w0h-l-,planner-one-mistake,300,260,0.8667,8.29,0.909,26.375,0,0,1.237,25.82,3.5,4.233,0.553,0.167,0.44,0.113,1.553,1.217,0.37,1.85,0,0,0,0,0,272,300,272,246,0,0,75,102,0.9044,3.4408,1,0
noon-fold,2,starter,w0h-l0,random,300,0,0,9,,67.61,0,0,1.907,36.477,3.77,20.38,0.323,1.14,0.093,0.23,0.533,0.387,0.22,1.033,0,0,0,0,0,,,,,,,,,,,,
noon-fold,2,starter,w0h-l0,single-water,300,0,0,9,,47.013,0,0,2,42,4,14.893,0,0,0,0,1,1,0.067,0,0,0,0,0,0,,,,,,,,,,,,
noon-fold,2,starter,w0h-l0,legacy-cycle,300,0,0,9,,42.803,0,0,2,41.43,4,32.85,0,0,0,0,0.12,0,0.12,2.873,0,0,0,0,0,,,,,,,,,,,,
noon-fold,2,starter,w0h-l0,greedy,300,249,0.83,8.25,0.8996,5.765,0,0,1.137,23.62,3.54,3.38,0.573,0.133,0.533,0.04,1.433,1.177,0.317,1.233,0,0,0,0,0,,,,,,,,,,,,
noon-fold,2,starter,w0h-l0,planner,300,272,0.9067,8.01,0.8787,21.464,0,0,1.123,23.327,3.43,3.063,0.457,0.103,0.43,0.027,1.523,1.243,0.33,1.397,0,0,0,0,0,,,,,,,,,,,,
noon-fold,2,starter,w0h-l0,forecast-aware,300,202,0.6733,8.663,0.9444,11.48,0,0,1.353,28.327,2.583,2.36,1.73,0,0.507,1.223,1.323,0.837,0.573,2.387,0,0,0,0,0,,,,,,,,,,,,
noon-fold,2,starter,w0h-l0,planner-one-mistake,300,260,0.8667,8.29,0.909,26.375,0,0,1.237,25.82,3.5,4.233,0.553,0.167,0.44,0.113,1.553,1.217,0.37,1.85,0,0,0,0,0,272,300,272,246,0,0,75,102,0.9044,3.4408,1,0
noon-fold,2,starter,w0h-l+,random,300,0,0,9,,67.61,0,0,1.907,36.477,3.77,20.38,0.323,1.14,0.093,0.23,0.533,0.387,0.22,1.033,0,0,0,0,0,,,,,,,,,,,,
noon-fold,2,starter,w0h-l+,single-water,300,0,0,9,,47.013,0,0,2,42,4,14.893,0,0,0,0,1,1,0.067,0,0,0,0,0,0,,,,,,,,,,,,
noon-fold,2,starter,w0h-l+,legacy-cycle,300,0,0,9,,42.803,0,0,2,41.43,4,32.85,0,0,0,0,0.12,0,0.12,2.873,0,0,0,0,0,,,,,,,,,,,,
noon-fold,2,starter,w0h-l+,greedy,300,249,0.83,8.25,0.8996,5.765,0,0,1.137,23.62,3.54,3.38,0.573,0.133,0.533,0.04,1.433,1.177,0.317,1.233,0,0,0,0,0,,,,,,,,,,,,
noon-fold,2,starter,w0h-l+,planner,300,272,0.9067,8.01,0.8787,21.464,0,0,1.123,23.327,3.43,3.063,0.457,0.103,0.43,0.027,1.523,1.243,0.33,1.397,0,0,0,0,0,,,,,,,,,,,,
noon-fold,2,starter,w0h-l+,forecast-aware,300,202,0.6733,8.663,0.9444,11.48,0,0,1.353,28.327,2.583,2.36,1.73,0,0.507,1.223,1.323,0.837,0.573,2.387,0,0,0,0,0,,,,,,,,,,,,
noon-fold,2,starter,w0h-l+,planner-one-mistake,300,260,0.8667,8.29,0.909,26.375,0,0,1.237,25.82,3.5,4.233,0.553,0.167,0.44,0.113,1.553,1.217,0.37,1.85,0,0,0,0,0,272,300,272,246,0,0,75,102,0.9044,3.4408,1,0
noon-fold,2,starter,w0h0l-,random,300,0,0,9,,64.477,0,0,1.907,37.14,3.77,21.287,0.323,1.14,0.093,0.23,0.533,0.387,0.22,1.033,0,0,0,0,0,,,,,,,,,,,,
noon-fold,2,starter,w0h0l-,single-water,300,0,0,9,,47.013,0,0,2,42,4,14.893,0,0,0,0,1,1,0.067,0,0,0,0,0,0,,,,,,,,,,,,
noon-fold,2,starter,w0h0l-,legacy-cycle,300,0,0,9,,37.16,0,0,2,41.703,4,34.517,0,0,0,0,0.12,0,0.12,2.873,0,0,0,0,0,,,,,,,,,,,,
noon-fold,2,starter,w0h0l-,greedy,300,286,0.9533,7.837,0.8644,6,0,0,0.997,20.54,3.34,2.467,0.503,0.113,0.48,0.023,1.313,1.067,0.283,1.34,0,0,0,0,0,,,,,,,,,,,,
noon-fold,2,starter,w0h0l-,planner,300,283,0.9433,7.603,0.8355,21.706,0,0,0.973,20.02,3.22,2.47,0.41,0.083,0.38,0.03,1.363,1.08,0.3,1.513,0,0,0,0,0,,,,,,,,,,,,
noon-fold,2,starter,w0h0l-,forecast-aware,300,238,0.7933,8.483,0.9276,10.048,0,0,1.303,27.227,2.49,2.29,1.697,0,0.5,1.197,1.277,0.793,0.567,2.307,0,0,0,0,0,,,,,,,,,,,,
noon-fold,2,starter,w0h0l-,planner-one-mistake,300,269,0.8967,8.037,0.8806,22.613,0,0,1.157,24.06,3.31,4.403,0.57,0.25,0.397,0.173,1.393,0.97,0.407,2.193,0,0,0,0,0,283,300,283,259,0,0,72,153,0.9152,4.2208,1,0
noon-fold,2,starter,w0h0l0,random,300,0,0,9,,64.477,0,0,1.907,37.14,3.77,21.287,0.323,1.14,0.093,0.23,0.533,0.387,0.22,1.033,0,0,0,0,0,,,,,,,,,,,,
noon-fold,2,starter,w0h0l0,single-water,300,0,0,9,,47.013,0,0,2,42,4,14.893,0,0,0,0,1,1,0.067,0,0,0,0,0,0,,,,,,,,,,,,
noon-fold,2,starter,w0h0l0,legacy-cycle,300,0,0,9,,37.16,0,0,2,41.703,4,34.517,0,0,0,0,0.12,0,0.12,2.873,0,0,0,0,0,,,,,,,,,,,,
noon-fold,2,starter,w0h0l0,greedy,300,286,0.9533,7.837,0.8644,6,0,0,0.997,20.54,3.34,2.467,0.503,0.113,0.48,0.023,1.313,1.067,0.283,1.34,0,0,0,0,0,,,,,,,,,,,,
noon-fold,2,starter,w0h0l0,planner,300,283,0.9433,7.603,0.8355,21.706,0,0,0.973,20.02,3.22,2.47,0.41,0.083,0.38,0.03,1.363,1.08,0.3,1.513,0,0,0,0,0,,,,,,,,,,,,
noon-fold,2,starter,w0h0l0,forecast-aware,300,238,0.7933,8.483,0.9276,10.048,0,0,1.303,27.227,2.49,2.29,1.697,0,0.5,1.197,1.277,0.793,0.567,2.307,0,0,0,0,0,,,,,,,,,,,,
noon-fold,2,starter,w0h0l0,planner-one-mistake,300,269,0.8967,8.037,0.8806,22.613,0,0,1.157,24.06,3.31,4.403,0.57,0.25,0.397,0.173,1.393,0.97,0.407,2.193,0,0,0,0,0,283,300,283,259,0,0,72,153,0.9152,4.2208,1,0
noon-fold,2,starter,w0h0l+,random,300,0,0,9,,64.477,0,0,1.907,37.14,3.77,21.287,0.323,1.14,0.093,0.23,0.533,0.387,0.22,1.033,0,0,0,0,0,,,,,,,,,,,,
noon-fold,2,starter,w0h0l+,single-water,300,0,0,9,,47.013,0,0,2,42,4,14.893,0,0,0,0,1,1,0.067,0,0,0,0,0,0,,,,,,,,,,,,
noon-fold,2,starter,w0h0l+,legacy-cycle,300,0,0,9,,37.16,0,0,2,41.703,4,34.517,0,0,0,0,0.12,0,0.12,2.873,0,0,0,0,0,,,,,,,,,,,,
noon-fold,2,starter,w0h0l+,greedy,300,286,0.9533,7.837,0.8644,6,0,0,0.997,20.54,3.34,2.467,0.503,0.113,0.48,0.023,1.313,1.067,0.283,1.34,0,0,0,0,0,,,,,,,,,,,,
noon-fold,2,starter,w0h0l+,planner,300,283,0.9433,7.603,0.8355,21.706,0,0,0.973,20.02,3.22,2.47,0.41,0.083,0.38,0.03,1.363,1.08,0.3,1.513,0,0,0,0,0,,,,,,,,,,,,
noon-fold,2,starter,w0h0l+,forecast-aware,300,238,0.7933,8.483,0.9276,10.048,0,0,1.303,27.227,2.49,2.29,1.697,0,0.5,1.197,1.277,0.793,0.567,2.307,0,0,0,0,0,,,,,,,,,,,,
noon-fold,2,starter,w0h0l+,planner-one-mistake,300,269,0.8967,8.037,0.8806,22.613,0,0,1.157,24.06,3.31,4.403,0.57,0.25,0.397,0.173,1.393,0.97,0.407,2.193,0,0,0,0,0,283,300,283,259,0,0,72,153,0.9152,4.2208,1,0
noon-fold,2,starter,w0h+l-,random,300,2,0.0067,8.987,0.7778,61.419,0,0,1.9,37.41,3.763,21.963,0.323,1.137,0.093,0.23,0.533,0.387,0.21,1.03,0,0,0,0,0,,,,,,,,,,,,
noon-fold,2,starter,w0h+l-,single-water,300,0,0,9,,47.013,0,0,2,42,4,14.893,0,0,0,0,1,1,0.067,0,0,0,0,0,0,,,,,,,,,,,,
noon-fold,2,starter,w0h+l-,legacy-cycle,300,0,0,9,,32.37,0,0,2,41.82,4,35.953,0,0,0,0,0.12,0,0.12,2.873,0,0,0,0,0,,,,,,,,,,,,
noon-fold,2,starter,w0h+l-,greedy,300,296,0.9867,7.293,0.8078,5,0,0,0.853,17.387,3.01,1.963,0.44,0.143,0.42,0.02,1.07,0.79,0.31,1.45,0,0,0,0,0,,,,,,,,,,,,
noon-fold,2,starter,w0h+l-,planner,300,289,0.9633,7.233,0.7962,20.182,0,0,0.877,17.9,2.977,2.823,0.4,0.093,0.367,0.033,1.18,0.807,0.373,1.843,0,0,0,0,0,,,,,,,,,,,,
noon-fold,2,starter,w0h+l-,forecast-aware,300,257,0.8567,8.12,0.8859,7.279,0,0,1.17,24.293,2.32,2.253,1.65,0,0.497,1.153,1.103,0.663,0.52,2.163,0,0,0,0,0,,,,,,,,,,,,
noon-fold,2,starter,w0h+l-,planner-one-mistake,300,288,0.96,7.567,0.8341,23.75,0,0,0.983,20.24,3.09,4.113,0.493,0.21,0.357,0.137,1.193,0.753,0.423,1.733,0,0,0,0,0,289,300,289,281,0,0,66,135,0.9723,3.9,1,0
noon-fold,2,starter,w0h+l0,random,300,2,0.0067,8.987,0.7778,61.419,0,0,1.9,37.41,3.763,21.963,0.323,1.137,0.093,0.23,0.533,0.387,0.21,1.03,0,0,0,0,0,,,,,,,,,,,,
noon-fold,2,starter,w0h+l0,single-water,300,0,0,9,,47.013,0,0,2,42,4,14.893,0,0,0,0,1,1,0.067,0,0,0,0,0,0,,,,,,,,,,,,
noon-fold,2,starter,w0h+l0,legacy-cycle,300,0,0,9,,32.37,0,0,2,41.82,4,35.953,0,0,0,0,0.12,0,0.12,2.873,0,0,0,0,0,,,,,,,,,,,,
noon-fold,2,starter,w0h+l0,greedy,300,296,0.9867,7.293,0.8078,5,0,0,0.853,17.387,3.01,1.963,0.44,0.143,0.42,0.02,1.07,0.79,0.31,1.45,0,0,0,0,0,,,,,,,,,,,,
noon-fold,2,starter,w0h+l0,planner,300,289,0.9633,7.233,0.7962,20.182,0,0,0.877,17.9,2.977,2.823,0.4,0.093,0.367,0.033,1.18,0.807,0.373,1.843,0,0,0,0,0,,,,,,,,,,,,
noon-fold,2,starter,w0h+l0,forecast-aware,300,257,0.8567,8.12,0.8859,7.279,0,0,1.17,24.293,2.32,2.253,1.65,0,0.497,1.153,1.103,0.663,0.52,2.163,0,0,0,0,0,,,,,,,,,,,,
noon-fold,2,starter,w0h+l0,planner-one-mistake,300,288,0.96,7.567,0.8341,23.75,0,0,0.983,20.24,3.09,4.113,0.493,0.21,0.357,0.137,1.193,0.753,0.423,1.733,0,0,0,0,0,289,300,289,281,0,0,66,135,0.9723,3.9,1,0
noon-fold,2,starter,w0h+l+,random,300,2,0.0067,8.987,0.7778,61.419,0,0,1.9,37.41,3.763,21.963,0.323,1.137,0.093,0.23,0.533,0.387,0.21,1.03,0,0,0,0,0,,,,,,,,,,,,
noon-fold,2,starter,w0h+l+,single-water,300,0,0,9,,47.013,0,0,2,42,4,14.893,0,0,0,0,1,1,0.067,0,0,0,0,0,0,,,,,,,,,,,,
noon-fold,2,starter,w0h+l+,legacy-cycle,300,0,0,9,,32.37,0,0,2,41.82,4,35.953,0,0,0,0,0.12,0,0.12,2.873,0,0,0,0,0,,,,,,,,,,,,
noon-fold,2,starter,w0h+l+,greedy,300,296,0.9867,7.293,0.8078,5,0,0,0.853,17.387,3.01,1.963,0.44,0.143,0.42,0.02,1.07,0.79,0.31,1.45,0,0,0,0,0,,,,,,,,,,,,
noon-fold,2,starter,w0h+l+,planner,300,289,0.9633,7.233,0.7962,20.182,0,0,0.877,17.9,2.977,2.823,0.4,0.093,0.367,0.033,1.18,0.807,0.373,1.843,0,0,0,0,0,,,,,,,,,,,,
noon-fold,2,starter,w0h+l+,forecast-aware,300,257,0.8567,8.12,0.8859,7.279,0,0,1.17,24.293,2.32,2.253,1.65,0,0.497,1.153,1.103,0.663,0.52,2.163,0,0,0,0,0,,,,,,,,,,,,
noon-fold,2,starter,w0h+l+,planner-one-mistake,300,288,0.96,7.567,0.8341,23.75,0,0,0.983,20.24,3.09,4.113,0.493,0.21,0.357,0.137,1.193,0.753,0.423,1.733,0,0,0,0,0,289,300,289,281,0,0,66,135,0.9723,3.9,1,0
noon-fold,2,starter,w+h-l-,random,300,0,0,9,,67.61,0,0,1.907,36.477,3.77,20.38,0.323,1.14,0.093,0.23,0.533,0.387,0.22,1.033,0,0,0,0,0,,,,,,,,,,,,
noon-fold,2,starter,w+h-l-,single-water,300,0,0,9,,47.013,0,0,2,42,4,14.893,0,0,0,0,1,1,0.067,0,0,0,0,0,0,,,,,,,,,,,,
noon-fold,2,starter,w+h-l-,legacy-cycle,300,0,0,9,,42.803,0,0,2,41.43,4,32.85,0,0,0,0,0.12,0,0.12,2.873,0,0,0,0,0,,,,,,,,,,,,
noon-fold,2,starter,w+h-l-,greedy,300,249,0.83,8.25,0.8996,5.765,0,0,1.137,23.62,3.54,3.38,0.573,0.133,0.533,0.04,1.433,1.177,0.317,1.233,0,0,0,0,0,,,,,,,,,,,,
noon-fold,2,starter,w+h-l-,planner,300,272,0.9067,8.01,0.8787,21.464,0,0,1.123,23.327,3.43,3.063,0.457,0.103,0.43,0.027,1.523,1.243,0.33,1.397,0,0,0,0,0,,,,,,,,,,,,
noon-fold,2,starter,w+h-l-,forecast-aware,300,202,0.6733,8.663,0.9444,11.48,0,0,1.353,28.327,2.583,2.36,1.73,0,0.507,1.223,1.323,0.837,0.573,2.387,0,0,0,0,0,,,,,,,,,,,,
noon-fold,2,starter,w+h-l-,planner-one-mistake,300,260,0.8667,8.29,0.909,26.375,0,0,1.237,25.82,3.5,4.233,0.553,0.167,0.44,0.113,1.553,1.217,0.37,1.85,0,0,0,0,0,272,300,272,246,0,0,75,102,0.9044,3.4408,1,0
noon-fold,2,starter,w+h-l0,random,300,0,0,9,,67.61,0,0,1.907,36.477,3.77,20.38,0.323,1.14,0.093,0.23,0.533,0.387,0.22,1.033,0,0,0,0,0,,,,,,,,,,,,
noon-fold,2,starter,w+h-l0,single-water,300,0,0,9,,47.013,0,0,2,42,4,14.893,0,0,0,0,1,1,0.067,0,0,0,0,0,0,,,,,,,,,,,,
noon-fold,2,starter,w+h-l0,legacy-cycle,300,0,0,9,,42.803,0,0,2,41.43,4,32.85,0,0,0,0,0.12,0,0.12,2.873,0,0,0,0,0,,,,,,,,,,,,
noon-fold,2,starter,w+h-l0,greedy,300,249,0.83,8.25,0.8996,5.765,0,0,1.137,23.62,3.54,3.38,0.573,0.133,0.533,0.04,1.433,1.177,0.317,1.233,0,0,0,0,0,,,,,,,,,,,,
noon-fold,2,starter,w+h-l0,planner,300,272,0.9067,8.01,0.8787,21.464,0,0,1.123,23.327,3.43,3.063,0.457,0.103,0.43,0.027,1.523,1.243,0.33,1.397,0,0,0,0,0,,,,,,,,,,,,
noon-fold,2,starter,w+h-l0,forecast-aware,300,202,0.6733,8.663,0.9444,11.48,0,0,1.353,28.327,2.583,2.36,1.73,0,0.507,1.223,1.323,0.837,0.573,2.387,0,0,0,0,0,,,,,,,,,,,,
noon-fold,2,starter,w+h-l0,planner-one-mistake,300,260,0.8667,8.29,0.909,26.375,0,0,1.237,25.82,3.5,4.233,0.553,0.167,0.44,0.113,1.553,1.217,0.37,1.85,0,0,0,0,0,272,300,272,246,0,0,75,102,0.9044,3.4408,1,0
noon-fold,2,starter,w+h-l+,random,300,0,0,9,,67.61,0,0,1.907,36.477,3.77,20.38,0.323,1.14,0.093,0.23,0.533,0.387,0.22,1.033,0,0,0,0,0,,,,,,,,,,,,
noon-fold,2,starter,w+h-l+,single-water,300,0,0,9,,47.013,0,0,2,42,4,14.893,0,0,0,0,1,1,0.067,0,0,0,0,0,0,,,,,,,,,,,,
noon-fold,2,starter,w+h-l+,legacy-cycle,300,0,0,9,,42.803,0,0,2,41.43,4,32.85,0,0,0,0,0.12,0,0.12,2.873,0,0,0,0,0,,,,,,,,,,,,
noon-fold,2,starter,w+h-l+,greedy,300,249,0.83,8.25,0.8996,5.765,0,0,1.137,23.62,3.54,3.38,0.573,0.133,0.533,0.04,1.433,1.177,0.317,1.233,0,0,0,0,0,,,,,,,,,,,,
noon-fold,2,starter,w+h-l+,planner,300,272,0.9067,8.01,0.8787,21.464,0,0,1.123,23.327,3.43,3.063,0.457,0.103,0.43,0.027,1.523,1.243,0.33,1.397,0,0,0,0,0,,,,,,,,,,,,
noon-fold,2,starter,w+h-l+,forecast-aware,300,202,0.6733,8.663,0.9444,11.48,0,0,1.353,28.327,2.583,2.36,1.73,0,0.507,1.223,1.323,0.837,0.573,2.387,0,0,0,0,0,,,,,,,,,,,,
noon-fold,2,starter,w+h-l+,planner-one-mistake,300,260,0.8667,8.29,0.909,26.375,0,0,1.237,25.82,3.5,4.233,0.553,0.167,0.44,0.113,1.553,1.217,0.37,1.85,0,0,0,0,0,272,300,272,246,0,0,75,102,0.9044,3.4408,1,0
noon-fold,2,starter,w+h0l-,random,300,0,0,9,,64.477,0,0,1.907,37.14,3.77,21.287,0.323,1.14,0.093,0.23,0.533,0.387,0.22,1.033,0,0,0,0,0,,,,,,,,,,,,
noon-fold,2,starter,w+h0l-,single-water,300,0,0,9,,47.013,0,0,2,42,4,14.893,0,0,0,0,1,1,0.067,0,0,0,0,0,0,,,,,,,,,,,,
noon-fold,2,starter,w+h0l-,legacy-cycle,300,0,0,9,,37.16,0,0,2,41.703,4,34.517,0,0,0,0,0.12,0,0.12,2.873,0,0,0,0,0,,,,,,,,,,,,
noon-fold,2,starter,w+h0l-,greedy,300,286,0.9533,7.837,0.8644,6,0,0,0.997,20.54,3.34,2.467,0.503,0.113,0.48,0.023,1.313,1.067,0.283,1.34,0,0,0,0,0,,,,,,,,,,,,
noon-fold,2,starter,w+h0l-,planner,300,283,0.9433,7.603,0.8355,21.706,0,0,0.973,20.02,3.22,2.47,0.41,0.083,0.38,0.03,1.363,1.08,0.3,1.513,0,0,0,0,0,,,,,,,,,,,,
noon-fold,2,starter,w+h0l-,forecast-aware,300,238,0.7933,8.483,0.9276,10.048,0,0,1.303,27.227,2.49,2.29,1.697,0,0.5,1.197,1.277,0.793,0.567,2.307,0,0,0,0,0,,,,,,,,,,,,
noon-fold,2,starter,w+h0l-,planner-one-mistake,300,269,0.8967,8.037,0.8806,22.613,0,0,1.157,24.06,3.31,4.403,0.57,0.25,0.397,0.173,1.393,0.97,0.407,2.193,0,0,0,0,0,283,300,283,259,0,0,72,153,0.9152,4.2208,1,0
noon-fold,2,starter,w+h0l0,random,300,0,0,9,,64.477,0,0,1.907,37.14,3.77,21.287,0.323,1.14,0.093,0.23,0.533,0.387,0.22,1.033,0,0,0,0,0,,,,,,,,,,,,
noon-fold,2,starter,w+h0l0,single-water,300,0,0,9,,47.013,0,0,2,42,4,14.893,0,0,0,0,1,1,0.067,0,0,0,0,0,0,,,,,,,,,,,,
noon-fold,2,starter,w+h0l0,legacy-cycle,300,0,0,9,,37.16,0,0,2,41.703,4,34.517,0,0,0,0,0.12,0,0.12,2.873,0,0,0,0,0,,,,,,,,,,,,
noon-fold,2,starter,w+h0l0,greedy,300,286,0.9533,7.837,0.8644,6,0,0,0.997,20.54,3.34,2.467,0.503,0.113,0.48,0.023,1.313,1.067,0.283,1.34,0,0,0,0,0,,,,,,,,,,,,
noon-fold,2,starter,w+h0l0,planner,300,283,0.9433,7.603,0.8355,21.706,0,0,0.973,20.02,3.22,2.47,0.41,0.083,0.38,0.03,1.363,1.08,0.3,1.513,0,0,0,0,0,,,,,,,,,,,,
noon-fold,2,starter,w+h0l0,forecast-aware,300,238,0.7933,8.483,0.9276,10.048,0,0,1.303,27.227,2.49,2.29,1.697,0,0.5,1.197,1.277,0.793,0.567,2.307,0,0,0,0,0,,,,,,,,,,,,
noon-fold,2,starter,w+h0l0,planner-one-mistake,300,269,0.8967,8.037,0.8806,22.613,0,0,1.157,24.06,3.31,4.403,0.57,0.25,0.397,0.173,1.393,0.97,0.407,2.193,0,0,0,0,0,283,300,283,259,0,0,72,153,0.9152,4.2208,1,0
noon-fold,2,starter,w+h0l+,random,300,0,0,9,,64.477,0,0,1.907,37.14,3.77,21.287,0.323,1.14,0.093,0.23,0.533,0.387,0.22,1.033,0,0,0,0,0,,,,,,,,,,,,
noon-fold,2,starter,w+h0l+,single-water,300,0,0,9,,47.013,0,0,2,42,4,14.893,0,0,0,0,1,1,0.067,0,0,0,0,0,0,,,,,,,,,,,,
noon-fold,2,starter,w+h0l+,legacy-cycle,300,0,0,9,,37.16,0,0,2,41.703,4,34.517,0,0,0,0,0.12,0,0.12,2.873,0,0,0,0,0,,,,,,,,,,,,
noon-fold,2,starter,w+h0l+,greedy,300,286,0.9533,7.837,0.8644,6,0,0,0.997,20.54,3.34,2.467,0.503,0.113,0.48,0.023,1.313,1.067,0.283,1.34,0,0,0,0,0,,,,,,,,,,,,
noon-fold,2,starter,w+h0l+,planner,300,283,0.9433,7.603,0.8355,21.706,0,0,0.973,20.02,3.22,2.47,0.41,0.083,0.38,0.03,1.363,1.08,0.3,1.513,0,0,0,0,0,,,,,,,,,,,,
noon-fold,2,starter,w+h0l+,forecast-aware,300,238,0.7933,8.483,0.9276,10.048,0,0,1.303,27.227,2.49,2.29,1.697,0,0.5,1.197,1.277,0.793,0.567,2.307,0,0,0,0,0,,,,,,,,,,,,
noon-fold,2,starter,w+h0l+,planner-one-mistake,300,269,0.8967,8.037,0.8806,22.613,0,0,1.157,24.06,3.31,4.403,0.57,0.25,0.397,0.173,1.393,0.97,0.407,2.193,0,0,0,0,0,283,300,283,259,0,0,72,153,0.9152,4.2208,1,0
noon-fold,2,starter,w+h+l-,random,300,2,0.0067,8.987,0.7778,61.419,0,0,1.9,37.41,3.763,21.963,0.323,1.137,0.093,0.23,0.533,0.387,0.21,1.03,0,0,0,0,0,,,,,,,,,,,,
noon-fold,2,starter,w+h+l-,single-water,300,0,0,9,,47.013,0,0,2,42,4,14.893,0,0,0,0,1,1,0.067,0,0,0,0,0,0,,,,,,,,,,,,
noon-fold,2,starter,w+h+l-,legacy-cycle,300,0,0,9,,32.37,0,0,2,41.82,4,35.953,0,0,0,0,0.12,0,0.12,2.873,0,0,0,0,0,,,,,,,,,,,,
noon-fold,2,starter,w+h+l-,greedy,300,296,0.9867,7.293,0.8078,5,0,0,0.853,17.387,3.01,1.963,0.44,0.143,0.42,0.02,1.07,0.79,0.31,1.45,0,0,0,0,0,,,,,,,,,,,,
noon-fold,2,starter,w+h+l-,planner,300,289,0.9633,7.233,0.7962,20.182,0,0,0.877,17.9,2.977,2.823,0.4,0.093,0.367,0.033,1.18,0.807,0.373,1.843,0,0,0,0,0,,,,,,,,,,,,
noon-fold,2,starter,w+h+l-,forecast-aware,300,257,0.8567,8.12,0.8859,7.279,0,0,1.17,24.293,2.32,2.253,1.65,0,0.497,1.153,1.103,0.663,0.52,2.163,0,0,0,0,0,,,,,,,,,,,,
noon-fold,2,starter,w+h+l-,planner-one-mistake,300,288,0.96,7.567,0.8341,23.75,0,0,0.983,20.24,3.09,4.113,0.493,0.21,0.357,0.137,1.193,0.753,0.423,1.733,0,0,0,0,0,289,300,289,281,0,0,66,135,0.9723,3.9,1,0
noon-fold,2,starter,w+h+l0,random,300,2,0.0067,8.987,0.7778,61.419,0,0,1.9,37.41,3.763,21.963,0.323,1.137,0.093,0.23,0.533,0.387,0.21,1.03,0,0,0,0,0,,,,,,,,,,,,
noon-fold,2,starter,w+h+l0,single-water,300,0,0,9,,47.013,0,0,2,42,4,14.893,0,0,0,0,1,1,0.067,0,0,0,0,0,0,,,,,,,,,,,,
noon-fold,2,starter,w+h+l0,legacy-cycle,300,0,0,9,,32.37,0,0,2,41.82,4,35.953,0,0,0,0,0.12,0,0.12,2.873,0,0,0,0,0,,,,,,,,,,,,
noon-fold,2,starter,w+h+l0,greedy,300,296,0.9867,7.293,0.8078,5,0,0,0.853,17.387,3.01,1.963,0.44,0.143,0.42,0.02,1.07,0.79,0.31,1.45,0,0,0,0,0,,,,,,,,,,,,
noon-fold,2,starter,w+h+l0,planner,300,289,0.9633,7.233,0.7962,20.182,0,0,0.877,17.9,2.977,2.823,0.4,0.093,0.367,0.033,1.18,0.807,0.373,1.843,0,0,0,0,0,,,,,,,,,,,,
noon-fold,2,starter,w+h+l0,forecast-aware,300,257,0.8567,8.12,0.8859,7.279,0,0,1.17,24.293,2.32,2.253,1.65,0,0.497,1.153,1.103,0.663,0.52,2.163,0,0,0,0,0,,,,,,,,,,,,
noon-fold,2,starter,w+h+l0,planner-one-mistake,300,288,0.96,7.567,0.8341,23.75,0,0,0.983,20.24,3.09,4.113,0.493,0.21,0.357,0.137,1.193,0.753,0.423,1.733,0,0,0,0,0,289,300,289,281,0,0,66,135,0.9723,3.9,1,0
noon-fold,2,starter,w+h+l+,random,300,2,0.0067,8.987,0.7778,61.419,0,0,1.9,37.41,3.763,21.963,0.323,1.137,0.093,0.23,0.533,0.387,0.21,1.03,0,0,0,0,0,,,,,,,,,,,,
noon-fold,2,starter,w+h+l+,single-water,300,0,0,9,,47.013,0,0,2,42,4,14.893,0,0,0,0,1,1,0.067,0,0,0,0,0,0,,,,,,,,,,,,
noon-fold,2,starter,w+h+l+,legacy-cycle,300,0,0,9,,32.37,0,0,2,41.82,4,35.953,0,0,0,0,0.12,0,0.12,2.873,0,0,0,0,0,,,,,,,,,,,,
noon-fold,2,starter,w+h+l+,greedy,300,296,0.9867,7.293,0.8078,5,0,0,0.853,17.387,3.01,1.963,0.44,0.143,0.42,0.02,1.07,0.79,0.31,1.45,0,0,0,0,0,,,,,,,,,,,,
noon-fold,2,starter,w+h+l+,planner,300,289,0.9633,7.233,0.7962,20.182,0,0,0.877,17.9,2.977,2.823,0.4,0.093,0.367,0.033,1.18,0.807,0.373,1.843,0,0,0,0,0,,,,,,,,,,,,
noon-fold,2,starter,w+h+l+,forecast-aware,300,257,0.8567,8.12,0.8859,7.279,0,0,1.17,24.293,2.32,2.253,1.65,0,0.497,1.153,1.103,0.663,0.52,2.163,0,0,0,0,0,,,,,,,,,,,,
noon-fold,2,starter,w+h+l+,planner-one-mistake,300,288,0.96,7.567,0.8341,23.75,0,0,0.983,20.24,3.09,4.113,0.493,0.21,0.357,0.137,1.193,0.753,0.423,1.733,0,0,0,0,0,289,300,289,281,0,0,66,135,0.9723,3.9,1,0
meter-feast,3,tide-siege,w-h-l-,random,300,4,0.0133,9.99,0.925,66.885,0,0,3.75,68.257,1.843,10.74,0.397,1.18,0.24,0.157,1.577,1.363,0.343,1.157,0.3,0,0,0,0,,,,,,,,,,,,
meter-feast,3,tide-siege,w-h-l-,single-water,300,0,0,10,,86.523,0,0,4,73.773,2,12.663,0,0,0,0,1,1,0.493,0,0,0,0,0,0,,,,,,,,,,,,
meter-feast,3,tide-siege,w-h-l-,legacy-cycle,300,0,0,10,,41.027,0,0,4,77.89,2,20.393,0,0,0,0,2.06,1.283,0.047,3.14,0.607,0,0,0,0,,,,,,,,,,,,
meter-feast,3,tide-siege,w-h-l-,greedy,300,256,0.8533,8.9,0.8711,8.545,0,0,2.293,43.24,1.997,3.83,0.797,0.047,0.793,0.003,2.07,1.947,0.257,1.39,0.46,0,0,0,0,,,,,,,,,,,,
meter-feast,3,tide-siege,w-h-l-,planner,300,275,0.9167,8.683,0.8564,27.52,0,0,2.34,43.84,1.96,3.017,0.623,0.127,0.583,0.04,2.353,2.19,0.26,2.047,0.65,0,0,0,0,,,,,,,,,,,,
meter-feast,3,tide-siege,w-h-l-,forecast-aware,300,204,0.68,9.32,0.9,12.375,0,0,2.407,45.967,1.277,3.887,1.797,0,1.073,0.723,2.23,1.983,0.28,2.373,0.6,0,0,0,0,,,,,,,,,,,,
meter-feast,3,tide-siege,w-h-l-,planner-one-mistake,300,257,0.8567,8.667,0.8444,30.674,0,0,2.327,43.747,1.813,3.257,0.767,0.177,0.58,0.187,2.407,2.257,0.213,2.32,0.707,0,0,0,0,275,300,275,237,0,0,59,84,0.8618,4.7192,1,0
meter-feast,3,tide-siege,w-h-l0,random,300,4,0.0133,9.99,0.925,66.885,0,0,3.75,68.257,1.843,10.74,0.397,1.18,0.24,0.157,1.577,1.363,0.343,1.157,0.3,0,0,0,0,,,,,,,,,,,,
meter-feast,3,tide-siege,w-h-l0,single-water,300,0,0,10,,86.523,0,0,4,73.773,2,12.663,0,0,0,0,1,1,0.493,0,0,0,0,0,0,,,,,,,,,,,,
meter-feast,3,tide-siege,w-h-l0,legacy-cycle,300,0,0,10,,41.027,0,0,4,77.89,2,20.393,0,0,0,0,2.06,1.283,0.047,3.14,0.607,0,0,0,0,,,,,,,,,,,,
meter-feast,3,tide-siege,w-h-l0,greedy,300,256,0.8533,8.9,0.8711,8.545,0,0,2.293,43.24,1.997,3.83,0.797,0.047,0.793,0.003,2.07,1.947,0.257,1.39,0.46,0,0,0,0,,,,,,,,,,,,
meter-feast,3,tide-siege,w-h-l0,planner,300,275,0.9167,8.683,0.8564,27.52,0,0,2.34,43.84,1.96,3.017,0.623,0.127,0.583,0.04,2.353,2.19,0.26,2.047,0.65,0,0,0,0,,,,,,,,,,,,
meter-feast,3,tide-siege,w-h-l0,forecast-aware,300,204,0.68,9.32,0.9,12.375,0,0,2.407,45.967,1.277,3.887,1.797,0,1.073,0.723,2.23,1.983,0.28,2.373,0.6,0,0,0,0,,,,,,,,,,,,
meter-feast,3,tide-siege,w-h-l0,planner-one-mistake,300,257,0.8567,8.667,0.8444,30.674,0,0,2.327,43.747,1.813,3.257,0.767,0.177,0.58,0.187,2.407,2.257,0.213,2.32,0.707,0,0,0,0,275,300,275,237,0,0,59,84,0.8618,4.7192,1,0
meter-feast,3,tide-siege,w-h-l+,random,300,4,0.0133,9.99,0.925,66.885,0,0,3.75,68.257,1.843,10.74,0.397,1.18,0.24,0.157,1.577,1.363,0.343,1.157,0.3,0,0,0,0,,,,,,,,,,,,
meter-feast,3,tide-siege,w-h-l+,single-water,300,0,0,10,,86.523,0,0,4,73.773,2,12.663,0,0,0,0,1,1,0.493,0,0,0,0,0,0,,,,,,,,,,,,
meter-feast,3,tide-siege,w-h-l+,legacy-cycle,300,0,0,10,,41.027,0,0,4,77.89,2,20.393,0,0,0,0,2.06,1.283,0.047,3.14,0.607,0,0,0,0,,,,,,,,,,,,
meter-feast,3,tide-siege,w-h-l+,greedy,300,256,0.8533,8.9,0.8711,8.545,0,0,2.293,43.24,1.997,3.83,0.797,0.047,0.793,0.003,2.07,1.947,0.257,1.39,0.46,0,0,0,0,,,,,,,,,,,,
meter-feast,3,tide-siege,w-h-l+,planner,300,275,0.9167,8.683,0.8564,27.52,0,0,2.34,43.84,1.96,3.017,0.623,0.127,0.583,0.04,2.353,2.19,0.26,2.047,0.65,0,0,0,0,,,,,,,,,,,,
meter-feast,3,tide-siege,w-h-l+,forecast-aware,300,204,0.68,9.32,0.9,12.375,0,0,2.407,45.967,1.277,3.887,1.797,0,1.073,0.723,2.23,1.983,0.28,2.373,0.6,0,0,0,0,,,,,,,,,,,,
meter-feast,3,tide-siege,w-h-l+,planner-one-mistake,300,257,0.8567,8.667,0.8444,30.674,0,0,2.327,43.747,1.813,3.257,0.767,0.177,0.58,0.187,2.407,2.257,0.213,2.32,0.707,0,0,0,0,275,300,275,237,0,0,59,84,0.8618,4.7192,1,0
meter-feast,3,tide-siege,w-h0l-,random,300,6,0.02,9.983,0.9167,62.082,0,0,3.743,69.13,1.843,11.33,0.397,1.18,0.24,0.157,1.577,1.36,0.297,1.157,0.3,0,0,0,0,,,,,,,,,,,,
meter-feast,3,tide-siege,w-h0l-,single-water,300,0,0,10,,86.523,0,0,4,73.773,2,12.663,0,0,0,0,1,1,0.493,0,0,0,0,0,0,,,,,,,,,,,,
meter-feast,3,tide-siege,w-h0l-,legacy-cycle,300,2,0.0067,9.993,0.9,32.037,0,0,3.993,77.77,2,20.713,0,0,0,0,2.06,1.283,0.013,3.14,0.607,0,0,0,0,,,,,,,,,,,,
meter-feast,3,tide-siege,w-h0l-,greedy,300,295,0.9833,8.16,0.8129,5,0,0,1.887,34.993,1.997,4.07,0.723,0.077,0.72,0.003,1.99,1.79,0.337,1.68,0.503,0,0,0,0,,,,,,,,,,,,
meter-feast,3,tide-siege,w-h0l-,planner,300,290,0.9667,8.11,0.8045,27.3,0,0,2.06,38.24,1.967,3.32,0.493,0.12,0.46,0.033,2.233,2.03,0.29,1.803,0.553,0,0,0,0,,,,,,,,,,,,
meter-feast,3,tide-siege,w-h0l-,forecast-aware,300,251,0.8367,9.037,0.8849,8.469,0,0,2.243,42.487,1.277,4.117,1.75,0,1.027,0.723,2.187,1.933,0.283,2.28,0.583,0,0,0,0,,,,,,,,,,,,
meter-feast,3,tide-siege,w-h0l-,planner-one-mistake,300,282,0.94,8.433,0.8333,29.556,0,0,2.253,42.047,1.857,3.99,0.633,0.19,0.49,0.143,2.32,2.113,0.26,2.213,0.683,0,0,0,0,290,300,290,277,0,0,57,57,0.9552,4.2492,0.75,0
meter-feast,3,tide-siege,w-h0l0,random,300,6,0.02,9.983,0.9167,62.082,0,0,3.743,69.13,1.843,11.33,0.397,1.18,0.24,0.157,1.577,1.36,0.297,1.157,0.3,0,0,0,0,,,,,,,,,,,,
meter-feast,3,tide-siege,w-h0l0,single-water,300,0,0,10,,86.523,0,0,4,73.773,2,12.663,0,0,0,0,1,1,0.493,0,0,0,0,0,0,,,,,,,,,,,,
meter-feast,3,tide-siege,w-h0l0,legacy-cycle,300,2,0.0067,9.993,0.9,32.037,0,0,3.993,77.77,2,20.713,0,0,0,0,2.06,1.283,0.013,3.14,0.607,0,0,0,0,,,,,,,,,,,,
meter-feast,3,tide-siege,w-h0l0,greedy,300,295,0.9833,8.16,0.8129,5,0,0,1.887,34.993,1.997,4.07,0.723,0.077,0.72,0.003,1.99,1.79,0.337,1.68,0.503,0,0,0,0,,,,,,,,,,,,
meter-feast,3,tide-siege,w-h0l0,planner,300,290,0.9667,8.11,0.8045,27.3,0,0,2.06,38.24,1.967,3.32,0.493,0.12,0.46,0.033,2.233,2.03,0.29,1.803,0.553,0,0,0,0,,,,,,,,,,,,
meter-feast,3,tide-siege,w-h0l0,forecast-aware,300,251,0.8367,9.037,0.8849,8.469,0,0,2.243,42.487,1.277,4.117,1.75,0,1.027,0.723,2.187,1.933,0.283,2.28,0.583,0,0,0,0,,,,,,,,,,,,
meter-feast,3,tide-siege,w-h0l0,planner-one-mistake,300,282,0.94,8.433,0.8333,29.556,0,0,2.253,42.047,1.857,3.99,0.633,0.19,0.49,0.143,2.32,2.113,0.26,2.213,0.683,0,0,0,0,290,300,290,277,0,0,57,57,0.9552,4.2492,0.75,0
meter-feast,3,tide-siege,w-h0l+,random,300,6,0.02,9.983,0.9167,62.082,0,0,3.743,69.13,1.843,11.33,0.397,1.18,0.24,0.157,1.577,1.36,0.297,1.157,0.3,0,0,0,0,,,,,,,,,,,,
meter-feast,3,tide-siege,w-h0l+,single-water,300,0,0,10,,86.523,0,0,4,73.773,2,12.663,0,0,0,0,1,1,0.493,0,0,0,0,0,0,,,,,,,,,,,,
meter-feast,3,tide-siege,w-h0l+,legacy-cycle,300,2,0.0067,9.993,0.9,32.037,0,0,3.993,77.77,2,20.713,0,0,0,0,2.06,1.283,0.013,3.14,0.607,0,0,0,0,,,,,,,,,,,,
meter-feast,3,tide-siege,w-h0l+,greedy,300,295,0.9833,8.16,0.8129,5,0,0,1.887,34.993,1.997,4.07,0.723,0.077,0.72,0.003,1.99,1.79,0.337,1.68,0.503,0,0,0,0,,,,,,,,,,,,
meter-feast,3,tide-siege,w-h0l+,planner,300,290,0.9667,8.11,0.8045,27.3,0,0,2.06,38.24,1.967,3.32,0.493,0.12,0.46,0.033,2.233,2.03,0.29,1.803,0.553,0,0,0,0,,,,,,,,,,,,
meter-feast,3,tide-siege,w-h0l+,forecast-aware,300,251,0.8367,9.037,0.8849,8.469,0,0,2.243,42.487,1.277,4.117,1.75,0,1.027,0.723,2.187,1.933,0.283,2.28,0.583,0,0,0,0,,,,,,,,,,,,
meter-feast,3,tide-siege,w-h0l+,planner-one-mistake,300,282,0.94,8.433,0.8333,29.556,0,0,2.253,42.047,1.857,3.99,0.633,0.19,0.49,0.143,2.32,2.113,0.26,2.213,0.683,0,0,0,0,290,300,290,277,0,0,57,57,0.9552,4.2492,0.75,0
meter-feast,3,tide-siege,w-h+l-,random,300,9,0.03,9.98,0.9333,58.271,0,0,3.74,69.597,1.843,11.67,0.397,1.177,0.24,0.157,1.577,1.357,0.26,1.153,0.3,0,0,0,0,,,,,,,,,,,,
meter-feast,3,tide-siege,w-h+l-,single-water,300,0,0,10,,86.523,0,0,4,73.773,2,12.663,0,0,0,0,1,1,0.493,0,0,0,0,0,0,,,,,,,,,,,,
meter-feast,3,tide-siege,w-h+l-,legacy-cycle,300,15,0.05,9.95,0.9,24.979,0,0,3.95,76.837,2,20.88,0,0,0,0,2.06,1.28,0.017,3.14,0.607,0,0,0,0,,,,,,,,,,,,
meter-feast,3,tide-siege,w-h+l-,greedy,300,300,1,7.363,0.7363,,0,0,1.55,28.48,1.997,3.757,0.5,0.087,0.497,0.003,1.847,1.637,0.297,1.177,0.283,0,0,0,0,,,,,,,,,,,,
meter-feast,3,tide-siege,w-h+l-,planner,300,296,0.9867,6.997,0.6956,24.5,0,0,1.48,27.147,1.953,3.427,0.343,0.15,0.3,0.043,1.953,1.787,0.25,1.31,0.39,0,0,0,0,,,,,,,,,,,,
meter-feast,3,tide-siege,w-h+l-,forecast-aware,300,275,0.9167,8.673,0.8553,7.12,0,0,2.07,38.953,1.277,4.317,1.7,0,0.977,0.723,2.113,1.86,0.287,2.15,0.55,0,0,0,0,,,,,,,,,,,,
meter-feast,3,tide-siege,w-h+l-,planner-one-mistake,300,297,0.99,7.573,0.7549,25.333,0,0,1.823,33.7,1.84,3.663,0.487,0.203,0.337,0.15,2.093,1.897,0.23,1.753,0.463,0,0,0,0,296,300,296,293,0,0,54,54,0.9899,4.5958,0.25,0
meter-feast,3,tide-siege,w-h+l0,random,300,9,0.03,9.98,0.9333,58.271,0,0,3.74,69.597,1.843,11.67,0.397,1.177,0.24,0.157,1.577,1.357,0.26,1.153,0.3,0,0,0,0,,,,,,,,,,,,
meter-feast,3,tide-siege,w-h+l0,single-water,300,0,0,10,,86.523,0,0,4,73.773,2,12.663,0,0,0,0,1,1,0.493,0,0,0,0,0,0,,,,,,,,,,,,
meter-feast,3,tide-siege,w-h+l0,legacy-cycle,300,15,0.05,9.95,0.9,24.979,0,0,3.95,76.837,2,20.88,0,0,0,0,2.06,1.28,0.017,3.14,0.607,0,0,0,0,,,,,,,,,,,,
meter-feast,3,tide-siege,w-h+l0,greedy,300,300,1,7.363,0.7363,,0,0,1.55,28.48,1.997,3.757,0.5,0.087,0.497,0.003,1.847,1.637,0.297,1.177,0.283,0,0,0,0,,,,,,,,,,,,
meter-feast,3,tide-siege,w-h+l0,planner,300,296,0.9867,6.997,0.6956,24.5,0,0,1.48,27.147,1.953,3.427,0.343,0.15,0.3,0.043,1.953,1.787,0.25,1.31,0.39,0,0,0,0,,,,,,,,,,,,
meter-feast,3,tide-siege,w-h+l0,forecast-aware,300,275,0.9167,8.673,0.8553,7.12,0,0,2.07,38.953,1.277,4.317,1.7,0,0.977,0.723,2.113,1.86,0.287,2.15,0.55,0,0,0,0,,,,,,,,,,,,
meter-feast,3,tide-siege,w-h+l0,planner-one-mistake,300,297,0.99,7.573,0.7549,25.333,0,0,1.823,33.7,1.84,3.663,0.487,0.203,0.337,0.15,2.093,1.897,0.23,1.753,0.463,0,0,0,0,296,300,296,293,0,0,54,54,0.9899,4.5958,0.25,0
meter-feast,3,tide-siege,w-h+l+,random,300,9,0.03,9.98,0.9333,58.271,0,0,3.74,69.597,1.843,11.67,0.397,1.177,0.24,0.157,1.577,1.357,0.26,1.153,0.3,0,0,0,0,,,,,,,,,,,,
meter-feast,3,tide-siege,w-h+l+,single-water,300,0,0,10,,86.523,0,0,4,73.773,2,12.663,0,0,0,0,1,1,0.493,0,0,0,0,0,0,,,,,,,,,,,,
meter-feast,3,tide-siege,w-h+l+,legacy-cycle,300,15,0.05,9.95,0.9,24.979,0,0,3.95,76.837,2,20.88,0,0,0,0,2.06,1.28,0.017,3.14,0.607,0,0,0,0,,,,,,,,,,,,
meter-feast,3,tide-siege,w-h+l+,greedy,300,300,1,7.363,0.7363,,0,0,1.55,28.48,1.997,3.757,0.5,0.087,0.497,0.003,1.847,1.637,0.297,1.177,0.283,0,0,0,0,,,,,,,,,,,,
meter-feast,3,tide-siege,w-h+l+,planner,300,296,0.9867,6.997,0.6956,24.5,0,0,1.48,27.147,1.953,3.427,0.343,0.15,0.3,0.043,1.953,1.787,0.25,1.31,0.39,0,0,0,0,,,,,,,,,,,,
meter-feast,3,tide-siege,w-h+l+,forecast-aware,300,275,0.9167,8.673,0.8553,7.12,0,0,2.07,38.953,1.277,4.317,1.7,0,0.977,0.723,2.113,1.86,0.287,2.15,0.55,0,0,0,0,,,,,,,,,,,,
meter-feast,3,tide-siege,w-h+l+,planner-one-mistake,300,297,0.99,7.573,0.7549,25.333,0,0,1.823,33.7,1.84,3.663,0.487,0.203,0.337,0.15,2.093,1.897,0.23,1.753,0.463,0,0,0,0,296,300,296,293,0,0,54,54,0.9899,4.5958,0.25,0
meter-feast,3,tide-siege,w0h-l-,random,300,9,0.03,9.98,0.9333,61.883,0,0,3.74,69.017,1.843,11.163,0.397,1.177,0.24,0.157,1.577,1.357,0.347,1.153,0.3,0,0,0,0,,,,,,,,,,,,
meter-feast,3,tide-siege,w0h-l-,single-water,300,0,0,10,,71.08,0,0,4,77.557,2,13.407,0,0,0,0,1,1,0,0,0,0,0,0,0,,,,,,,,,,,,
meter-feast,3,tide-siege,w0h-l-,legacy-cycle,300,4,0.0133,9.987,0.9,32.743,0,0,3.987,77.617,2,21.54,0,0,0,0,2.06,1.283,0.047,3.14,0.607,0,0,0,0,,,,,,,,,,,,
meter-feast,3,tide-siege,w0h-l-,greedy,300,293,0.9767,7.737,0.7683,9.143,0,0,1.763,32.78,1.997,3.427,0.527,0.063,0.523,0.003,1.987,1.837,0.277,1.323,0.383,0,0,0,0,,,,,,,,,,,,
meter-feast,3,tide-siege,w0h-l-,planner,300,299,0.9967,7.49,0.7482,46,0,0,1.72,31.72,1.95,2.443,0.417,0.107,0.367,0.05,2.077,1.953,0.18,1.693,0.553,0,0,0,0,,,,,,,,,,,,
meter-feast,3,tide-siege,w0h-l-,forecast-aware,300,267,0.89,8.77,0.8618,8.818,0,0,2.127,40.107,1.277,4.067,1.72,0,0.997,0.723,2.12,1.907,0.243,2.24,0.577,0,0,0,0,,,,,,,,,,,,
meter-feast,3,tide-siege,w0h-l-,planner-one-mistake,300,288,0.96,8.113,0.8035,28.667,0,0,2.03,37.813,1.84,4.327,0.653,0.16,0.493,0.16,2.307,2.09,0.263,2.08,0.483,0,0,0,0,299,300,299,287,0,0,60,60,0.9599,4.8308,0.75,0
meter-feast,3,tide-siege,w0h-l0,random,300,9,0.03,9.98,0.9333,61.883,0,0,3.74,69.017,1.843,11.163,0.397,1.177,0.24,0.157,1.577,1.357,0.347,1.153,0.3,0,0,0,0,,,,,,,,,,,,
meter-feast,3,tide-siege,w0h-l0,single-water,300,0,0,10,,71.08,0,0,4,77.557,2,13.407,0,0,0,0,1,1,0,0,0,0,0,0,0,,,,,,,,,,,,
meter-feast,3,tide-siege,w0h-l0,legacy-cycle,300,4,0.0133,9.987,0.9,32.743,0,0,3.987,77.617,2,21.54,0,0,0,0,2.06,1.283,0.047,3.14,0.607,0,0,0,0,,,,,,,,,,,,
meter-feast,3,tide-siege,w0h-l0,greedy,300,293,0.9767,7.737,0.7683,9.143,0,0,1.763,32.78,1.997,3.427,0.527,0.063,0.523,0.003,1.987,1.837,0.277,1.323,0.383,0,0,0,0,,,,,,,,,,,,
meter-feast,3,tide-siege,w0h-l0,planner,300,299,0.9967,7.49,0.7482,46,0,0,1.72,31.72,1.95,2.443,0.417,0.107,0.367,0.05,2.077,1.953,0.18,1.693,0.553,0,0,0,0,,,,,,,,,,,,
meter-feast,3,tide-siege,w0h-l0,forecast-aware,300,267,0.89,8.77,0.8618,8.818,0,0,2.127,40.107,1.277,4.067,1.72,0,0.997,0.723,2.12,1.907,0.243,2.24,0.577,0,0,0,0,,,,,,,,,,,,
meter-feast,3,tide-siege,w0h-l0,planner-one-mistake,300,288,0.96,8.113,0.8035,28.667,0,0,2.03,37.813,1.84,4.327,0.653,0.16,0.493,0.16,2.307,2.09,0.263,2.08,0.483,0,0,0,0,299,300,299,287,0,0,60,60,0.9599,4.8308,0.75,0
meter-feast,3,tide-siege,w0h-l+,random,300,9,0.03,9.98,0.9333,61.883,0,0,3.74,69.017,1.843,11.163,0.397,1.177,0.24,0.157,1.577,1.357,0.347,1.153,0.3,0,0,0,0,,,,,,,,,,,,
meter-feast,3,tide-siege,w0h-l+,single-water,300,0,0,10,,71.08,0,0,4,77.557,2,13.407,0,0,0,0,1,1,0,0,0,0,0,0,0,,,,,,,,,,,,
meter-feast,3,tide-siege,w0h-l+,legacy-cycle,300,4,0.0133,9.987,0.9,32.743,0,0,3.987,77.617,2,21.54,0,0,0,0,2.06,1.283,0.047,3.14,0.607,0,0,0,0,,,,,,,,,,,,
meter-feast,3,tide-siege,w0h-l+,greedy,300,293,0.9767,7.737,0.7683,9.143,0,0,1.763,32.78,1.997,3.427,0.527,0.063,0.523,0.003,1.987,1.837,0.277,1.323,0.383,0,0,0,0,,,,,,,,,,,,
meter-feast,3,tide-siege,w0h-l+,planner,300,299,0.9967,7.49,0.7482,46,0,0,1.72,31.72,1.95,2.443,0.417,0.107,0.367,0.05,2.077,1.953,0.18,1.693,0.553,0,0,0,0,,,,,,,,,,,,
meter-feast,3,tide-siege,w0h-l+,forecast-aware,300,267,0.89,8.77,0.8618,8.818,0,0,2.127,40.107,1.277,4.067,1.72,0,0.997,0.723,2.12,1.907,0.243,2.24,0.577,0,0,0,0,,,,,,,,,,,,
meter-feast,3,tide-siege,w0h-l+,planner-one-mistake,300,288,0.96,8.113,0.8035,28.667,0,0,2.03,37.813,1.84,4.327,0.653,0.16,0.493,0.16,2.307,2.09,0.263,2.08,0.483,0,0,0,0,299,300,299,287,0,0,60,60,0.9599,4.8308,0.75,0
meter-feast,3,tide-siege,w0h0l-,random,300,14,0.0467,9.97,0.9357,57.594,0,0,3.733,69.75,1.843,11.753,0.397,1.177,0.24,0.157,1.577,1.353,0.3,1.153,0.3,0,0,0,0,,,,,,,,,,,,
meter-feast,3,tide-siege,w0h0l-,single-water,300,0,0,10,,71.08,0,0,4,77.557,2,13.407,0,0,0,0,1,1,0,0,0,0,0,0,0,,,,,,,,,,,,
meter-feast,3,tide-siege,w0h0l-,legacy-cycle,300,21,0.07,9.93,0.9,24.176,0,0,3.93,76.397,2,21.86,0,0,0,0,2.06,1.28,0.017,3.14,0.607,0,0,0,0,,,,,,,,,,,,
meter-feast,3,tide-siege,w0h0l-,greedy,300,299,0.9967,7.197,0.7187,1,0,0,1.45,26.653,1.997,3.743,0.477,0.077,0.473,0.003,1.863,1.68,0.283,1.52,0.437,0,0,0,0,,,,,,,,,,,,
meter-feast,3,tide-siege,w0h0l-,planner,300,298,0.9933,6.89,0.6869,27.5,0,0,1.403,25.667,1.953,2.403,0.33,0.1,0.283,0.047,1.983,1.84,0.203,1.557,0.433,0,0,0,0,,,,,,,,,,,,
meter-feast,3,tide-siege,w0h0l-,forecast-aware,300,296,0.9867,8.237,0.8213,8.25,0,0,1.87,34.907,1.277,4.207,1.65,0,0.927,0.723,2.023,1.787,0.26,2.053,0.53,0,0,0,0,,,,,,,,,,,,
meter-feast,3,tide-siege,w0h0l-,planner-one-mistake,300,297,0.99,7.337,0.731,34.667,0,0,1.653,30.5,1.81,4.033,0.517,0.143,0.327,0.19,2.143,1.817,0.347,2.06,0.463,0,0,0,0,298,300,298,295,0,0,59,69,0.9899,4.7283,0.25,0
meter-feast,3,tide-siege,w0h0l0,random,300,14,0.0467,9.97,0.9357,57.594,0,0,3.733,69.75,1.843,11.753,0.397,1.177,0.24,0.157,1.577,1.353,0.3,1.153,0.3,0,0,0,0,,,,,,,,,,,,
meter-feast,3,tide-siege,w0h0l0,single-water,300,0,0,10,,71.08,0,0,4,77.557,2,13.407,0,0,0,0,1,1,0,0,0,0,0,0,0,,,,,,,,,,,,
meter-feast,3,tide-siege,w0h0l0,legacy-cycle,300,21,0.07,9.93,0.9,24.176,0,0,3.93,76.397,2,21.86,0,0,0,0,2.06,1.28,0.017,3.14,0.607,0,0,0,0,,,,,,,,,,,,
meter-feast,3,tide-siege,w0h0l0,greedy,300,299,0.9967,7.197,0.7187,1,0,0,1.45,26.653,1.997,3.743,0.477,0.077,0.473,0.003,1.863,1.68,0.283,1.52,0.437,0,0,0,0,,,,,,,,,,,,
meter-feast,3,tide-siege,w0h0l0,planner,300,298,0.9933,6.89,0.6869,27.5,0,0,1.403,25.667,1.953,2.403,0.33,0.1,0.283,0.047,1.983,1.84,0.203,1.557,0.433,0,0,0,0,,,,,,,,,,,,
meter-feast,3,tide-siege,w0h0l0,forecast-aware,300,296,0.9867,8.237,0.8213,8.25,0,0,1.87,34.907,1.277,4.207,1.65,0,0.927,0.723,2.023,1.787,0.26,2.053,0.53,0,0,0,0,,,,,,,,,,,,
meter-feast,3,tide-siege,w0h0l0,planner-one-mistake,300,297,0.99,7.337,0.731,34.667,0,0,1.653,30.5,1.81,4.033,0.517,0.143,0.327,0.19,2.143,1.817,0.347,2.06,0.463,0,0,0,0,298,300,298,295,0,0,59,69,0.9899,4.7283,0.25,0
meter-feast,3,tide-siege,w0h0l+,random,300,14,0.0467,9.97,0.9357,57.594,0,0,3.733,69.75,1.843,11.753,0.397,1.177,0.24,0.157,1.577,1.353,0.3,1.153,0.3,0,0,0,0,,,,,,,,,,,,
meter-feast,3,tide-siege,w0h0l+,single-water,300,0,0,10,,71.08,0,0,4,77.557,2,13.407,0,0,0,0,1,1,0,0,0,0,0,0,0,,,,,,,,,,,,
meter-feast,3,tide-siege,w0h0l+,legacy-cycle,300,21,0.07,9.93,0.9,24.176,0,0,3.93,76.397,2,21.86,0,0,0,0,2.06,1.28,0.017,3.14,0.607,0,0,0,0,,,,,,,,,,,,
meter-feast,3,tide-siege,w0h0l+,greedy,300,299,0.9967,7.197,0.7187,1,0,0,1.45,26.653,1.997,3.743,0.477,0.077,0.473,0.003,1.863,1.68,0.283,1.52,0.437,0,0,0,0,,,,,,,,,,,,
meter-feast,3,tide-siege,w0h0l+,planner,300,298,0.9933,6.89,0.6869,27.5,0,0,1.403,25.667,1.953,2.403,0.33,0.1,0.283,0.047,1.983,1.84,0.203,1.557,0.433,0,0,0,0,,,,,,,,,,,,
meter-feast,3,tide-siege,w0h0l+,forecast-aware,300,296,0.9867,8.237,0.8213,8.25,0,0,1.87,34.907,1.277,4.207,1.65,0,0.927,0.723,2.023,1.787,0.26,2.053,0.53,0,0,0,0,,,,,,,,,,,,
meter-feast,3,tide-siege,w0h0l+,planner-one-mistake,300,297,0.99,7.337,0.731,34.667,0,0,1.653,30.5,1.81,4.033,0.517,0.143,0.327,0.19,2.143,1.817,0.347,2.06,0.463,0,0,0,0,298,300,298,295,0,0,59,69,0.9899,4.7283,0.25,0
meter-feast,3,tide-siege,w0h+l-,random,300,19,0.0633,9.943,0.9105,53.947,0,0,3.713,69.75,1.843,12.093,0.397,1.173,0.24,0.157,1.57,1.343,0.263,1.153,0.3,0,0,0,0,,,,,,,,,,,,
meter-feast,3,tide-siege,w0h+l-,single-water,300,0,0,10,,71.08,0,0,4,77.557,2,13.407,0,0,0,0,1,1,0,0,0,0,0,0,0,,,,,,,,,,,,
meter-feast,3,tide-siege,w0h+l-,legacy-cycle,300,47,0.1567,9.843,0.9,18.32,0,0,3.843,74.51,2,22.027,0,0,0,0,2.06,1.28,0.017,3.14,0.607,0,0,0,0,,,,,,,,,,,,
meter-feast,3,tide-siege,w0h+l-,greedy,300,299,0.9967,6.73,0.6719,6,0,0,1.283,23.407,1.973,3.75,0.33,0.067,0.323,0.007,1.727,1.46,0.34,1.093,0.25,0,0,0,0,,,,,,,,,,,,
meter-feast,3,tide-siege,w0h+l-,planner,300,300,1,6.413,0.6413,,0,0,1.203,21.82,1.923,3.337,0.233,0.097,0.197,0.037,1.887,1.67,0.283,1.39,0.38,0,0,0,0,,,,,,,,,,,,
meter-feast,3,tide-siege,w0h+l-,forecast-aware,300,300,1,7.793,0.7793,,0,0,1.657,30.707,1.267,4.34,1.593,0,0.87,0.723,1.933,1.697,0.26,1.887,0.49,0,0,0,0,,,,,,,,,,,,
meter-feast,3,tide-siege,w0h+l-,planner-one-mistake,300,299,0.9967,6.823,0.6813,18,0,0,1.433,26.253,1.81,3.423,0.4,0.167,0.257,0.143,2.017,1.717,0.327,1.68,0.423,0,0,0,0,300,300,300,299,0,0,54,54,0.9967,4.64,0.25,0
meter-feast,3,tide-siege,w0h+l0,random,300,19,0.0633,9.943,0.9105,53.947,0,0,3.713,69.75,1.843,12.093,0.397,1.173,0.24,0.157,1.57,1.343,0.263,1.153,0.3,0,0,0,0,,,,,,,,,,,,
meter-feast,3,tide-siege,w0h+l0,single-water,300,0,0,10,,71.08,0,0,4,77.557,2,13.407,0,0,0,0,1,1,0,0,0,0,0,0,0,,,,,,,,,,,,
meter-feast,3,tide-siege,w0h+l0,legacy-cycle,300,47,0.1567,9.843,0.9,18.32,0,0,3.843,74.51,2,22.027,0,0,0,0,2.06,1.28,0.017,3.14,0.607,0,0,0,0,,,,,,,,,,,,
meter-feast,3,tide-siege,w0h+l0,greedy,300,299,0.9967,6.73,0.6719,6,0,0,1.283,23.407,1.973,3.75,0.33,0.067,0.323,0.007,1.727,1.46,0.34,1.093,0.25,0,0,0,0,,,,,,,,,,,,
meter-feast,3,tide-siege,w0h+l0,planner,300,300,1,6.413,0.6413,,0,0,1.203,21.82,1.923,3.337,0.233,0.097,0.197,0.037,1.887,1.67,0.283,1.39,0.38,0,0,0,0,,,,,,,,,,,,
meter-feast,3,tide-siege,w0h+l0,forecast-aware,300,300,1,7.793,0.7793,,0,0,1.657,30.707,1.267,4.34,1.593,0,0.87,0.723,1.933,1.697,0.26,1.887,0.49,0,0,0,0,,,,,,,,,,,,
meter-feast,3,tide-siege,w0h+l0,planner-one-mistake,300,299,0.9967,6.823,0.6813,18,0,0,1.433,26.253,1.81,3.423,0.4,0.167,0.257,0.143,2.017,1.717,0.327,1.68,0.423,0,0,0,0,300,300,300,299,0,0,54,54,0.9967,4.64,0.25,0
meter-feast,3,tide-siege,w0h+l+,random,300,19,0.0633,9.943,0.9105,53.947,0,0,3.713,69.75,1.843,12.093,0.397,1.173,0.24,0.157,1.57,1.343,0.263,1.153,0.3,0,0,0,0,,,,,,,,,,,,
meter-feast,3,tide-siege,w0h+l+,single-water,300,0,0,10,,71.08,0,0,4,77.557,2,13.407,0,0,0,0,1,1,0,0,0,0,0,0,0,,,,,,,,,,,,
meter-feast,3,tide-siege,w0h+l+,legacy-cycle,300,47,0.1567,9.843,0.9,18.32,0,0,3.843,74.51,2,22.027,0,0,0,0,2.06,1.28,0.017,3.14,0.607,0,0,0,0,,,,,,,,,,,,
meter-feast,3,tide-siege,w0h+l+,greedy,300,299,0.9967,6.73,0.6719,6,0,0,1.283,23.407,1.973,3.75,0.33,0.067,0.323,0.007,1.727,1.46,0.34,1.093,0.25,0,0,0,0,,,,,,,,,,,,
meter-feast,3,tide-siege,w0h+l+,planner,300,300,1,6.413,0.6413,,0,0,1.203,21.82,1.923,3.337,0.233,0.097,0.197,0.037,1.887,1.67,0.283,1.39,0.38,0,0,0,0,,,,,,,,,,,,
meter-feast,3,tide-siege,w0h+l+,forecast-aware,300,300,1,7.793,0.7793,,0,0,1.657,30.707,1.267,4.34,1.593,0,0.87,0.723,1.933,1.697,0.26,1.887,0.49,0,0,0,0,,,,,,,,,,,,
meter-feast,3,tide-siege,w0h+l+,planner-one-mistake,300,299,0.9967,6.823,0.6813,18,0,0,1.433,26.253,1.81,3.423,0.4,0.167,0.257,0.143,2.017,1.717,0.327,1.68,0.423,0,0,0,0,300,300,300,299,0,0,54,54,0.9967,4.64,0.25,0
meter-feast,3,tide-siege,w+h-l-,random,300,17,0.0567,9.957,0.9235,58.35,0,0,3.72,69.127,1.843,11.5,0.397,1.177,0.24,0.157,1.573,1.353,0.34,1.153,0.3,0,0,0,0,,,,,,,,,,,,
meter-feast,3,tide-siege,w+h-l-,single-water,300,0,0,10,,55.527,0,0,4,77.96,2,13.653,0,0,0,0,1,1,0,0,0,0,0,0,0,,,,,,,,,,,,
meter-feast,3,tide-siege,w+h-l-,legacy-cycle,300,21,0.07,9.93,0.9,26.075,0,0,3.93,76.387,2,22.113,0,0,0,0,2.06,1.283,0.047,3.14,0.607,0,0,0,0,,,,,,,,,,,,
meter-feast,3,tide-siege,w+h-l-,greedy,300,296,0.9867,7.307,0.727,9.25,0,0,1.537,28.3,1.927,4.823,0.59,0.1,0.523,0.067,1.837,1.683,0.25,1.223,0.377,0,0,0,0,,,,,,,,,,,,
meter-feast,3,tide-siege,w+h-l-,planner,300,297,0.99,7.107,0.7077,27,0,0,1.577,28.933,1.9,3.167,0.387,0.133,0.323,0.063,1.933,1.817,0.183,1.38,0.46,0,0,0,0,,,,,,,,,,,,
meter-feast,3,tide-siege,w+h-l-,forecast-aware,300,290,0.9667,8.06,0.7993,10.1,0,0,1.777,33.167,1.277,4.417,1.617,0,0.893,0.723,1.963,1.777,0.217,1.993,0.51,0,0,0,0,,,,,,,,,,,,
meter-feast,3,tide-siege,w+h-l-,planner-one-mistake,300,299,0.9967,7.353,0.7344,23,0,0,1.657,30.467,1.817,4.11,0.573,0.163,0.39,0.183,2.087,1.86,0.253,1.647,0.367,0,0,0,0,297,300,297,296,0,0,58,58,0.9966,5.715,0.25,0
meter-feast,3,tide-siege,w+h-l0,random,300,17,0.0567,9.957,0.9235,58.35,0,0,3.72,69.127,1.843,11.5,0.397,1.177,0.24,0.157,1.573,1.353,0.34,1.153,0.3,0,0,0,0,,,,,,,,,,,,
meter-feast,3,tide-siege,w+h-l0,single-water,300,0,0,10,,55.527,0,0,4,77.96,2,13.653,0,0,0,0,1,1,0,0,0,0,0,0,0,,,,,,,,,,,,
meter-feast,3,tide-siege,w+h-l0,legacy-cycle,300,21,0.07,9.93,0.9,26.075,0,0,3.93,76.387,2,22.113,0,0,0,0,2.06,1.283,0.047,3.14,0.607,0,0,0,0,,,,,,,,,,,,
meter-feast,3,tide-siege,w+h-l0,greedy,300,296,0.9867,7.307,0.727,9.25,0,0,1.537,28.3,1.927,4.823,0.59,0.1,0.523,0.067,1.837,1.683,0.25,1.223,0.377,0,0,0,0,,,,,,,,,,,,
meter-feast,3,tide-siege,w+h-l0,planner,300,297,0.99,7.107,0.7077,27,0,0,1.577,28.933,1.9,3.167,0.387,0.133,0.323,0.063,1.933,1.817,0.183,1.38,0.46,0,0,0,0,,,,,,,,,,,,
meter-feast,3,tide-siege,w+h-l0,forecast-aware,300,290,0.9667,8.06,0.7993,10.1,0,0,1.777,33.167,1.277,4.417,1.617,0,0.893,0.723,1.963,1.777,0.217,1.993,0.51,0,0,0,0,,,,,,,,,,,,
meter-feast,3,tide-siege,w+h-l0,planner-one-mistake,300,299,0.9967,7.353,0.7344,23,0,0,1.657,30.467,1.817,4.11,0.573,0.163,0.39,0.183,2.087,1.86,0.253,1.647,0.367,0,0,0,0,297,300,297,296,0,0,58,58,0.9966,5.715,0.25,0
meter-feast,3,tide-siege,w+h-l+,random,300,17,0.0567,9.957,0.9235,58.35,0,0,3.72,69.127,1.843,11.5,0.397,1.177,0.24,0.157,1.573,1.353,0.34,1.153,0.3,0,0,0,0,,,,,,,,,,,,
meter-feast,3,tide-siege,w+h-l+,single-water,300,0,0,10,,55.527,0,0,4,77.96,2,13.653,0,0,0,0,1,1,0,0,0,0,0,0,0,,,,,,,,,,,,
meter-feast,3,tide-siege,w+h-l+,legacy-cycle,300,21,0.07,9.93,0.9,26.075,0,0,3.93,76.387,2,22.113,0,0,0,0,2.06,1.283,0.047,3.14,0.607,0,0,0,0,,,,,,,,,,,,
meter-feast,3,tide-siege,w+h-l+,greedy,300,296,0.9867,7.307,0.727,9.25,0,0,1.537,28.3,1.927,4.823,0.59,0.1,0.523,0.067,1.837,1.683,0.25,1.223,0.377,0,0,0,0,,,,,,,,,,,,
meter-feast,3,tide-siege,w+h-l+,planner,300,297,0.99,7.107,0.7077,27,0,0,1.577,28.933,1.9,3.167,0.387,0.133,0.323,0.063,1.933,1.817,0.183,1.38,0.46,0,0,0,0,,,,,,,,,,,,
meter-feast,3,tide-siege,w+h-l+,forecast-aware,300,290,0.9667,8.06,0.7993,10.1,0,0,1.777,33.167,1.277,4.417,1.617,0,0.893,0.723,1.963,1.777,0.217,1.993,0.51,0,0,0,0,,,,,,,,,,,,
meter-feast,3,tide-siege,w+h-l+,planner-one-mistake,300,299,0.9967,7.353,0.7344,23,0,0,1.657,30.467,1.817,4.11,0.573,0.163,0.39,0.183,2.087,1.86,0.253,1.647,0.367,0,0,0,0,297,300,297,296,0,0,58,58,0.9966,5.715,0.25,0
meter-feast,3,tide-siege,w+h0l-,random,300,22,0.0733,9.92,0.8909,53.82,0,0,3.693,69.36,1.843,12.09,0.397,1.173,0.24,0.157,1.563,1.343,0.29,1.143,0.297,0,0,0,0,,,,,,,,,,,,
meter-feast,3,tide-siege,w+h0l-,single-water,300,0,0,10,,55.527,0,0,4,77.96,2,13.653,0,0,0,0,1,1,0,0,0,0,0,0,0,,,,,,,,,,,,
meter-feast,3,tide-siege,w+h0l-,legacy-cycle,300,47,0.1567,9.847,0.9021,18.538,0,0,3.847,74.58,2,22.433,0,0,0,0,2.06,1.28,0.017,3.137,0.607,0,0,0,0,,,,,,,,,,,,
meter-feast,3,tide-siege,w+h0l-,greedy,300,299,0.9967,6.693,0.6682,3,0,0,1.237,22.56,1.94,4.173,0.403,0.06,0.39,0.013,1.78,1.553,0.323,1.353,0.373,0,0,0,0,,,,,,,,,,,,
meter-feast,3,tide-siege,w+h0l-,planner,300,300,1,6.527,0.6527,,0,0,1.293,23.527,1.82,3.217,0.3,0.1,0.237,0.063,1.877,1.67,0.267,1.357,0.413,0,0,0,0,,,,,,,,,,,,
meter-feast,3,tide-siege,w+h0l-,forecast-aware,300,299,0.9967,7.63,0.7622,4,0,0,1.593,29.48,1.263,4.627,1.547,0,0.823,0.723,1.897,1.697,0.23,1.853,0.477,0,0,0,0,,,,,,,,,,,,
meter-feast,3,tide-siege,w+h0l-,planner-one-mistake,300,300,1,6.813,0.6813,,0,0,1.42,25.927,1.783,4.16,0.457,0.113,0.297,0.16,2.03,1.607,0.433,1.727,0.327,0,0,0,0,300,300,300,300,0,0,58,58,1,5.3875,1,0
meter-feast,3,tide-siege,w+h0l0,random,300,22,0.0733,9.92,0.8909,53.82,0,0,3.693,69.36,1.843,12.09,0.397,1.173,0.24,0.157,1.563,1.343,0.29,1.143,0.297,0,0,0,0,,,,,,,,,,,,
meter-feast,3,tide-siege,w+h0l0,single-water,300,0,0,10,,55.527,0,0,4,77.96,2,13.653,0,0,0,0,1,1,0,0,0,0,0,0,0,,,,,,,,,,,,
meter-feast,3,tide-siege,w+h0l0,legacy-cycle,300,47,0.1567,9.847,0.9021,18.538,0,0,3.847,74.58,2,22.433,0,0,0,0,2.06,1.28,0.017,3.137,0.607,0,0,0,0,,,,,,,,,,,,
meter-feast,3,tide-siege,w+h0l0,greedy,300,299,0.9967,6.693,0.6682,3,0,0,1.237,22.56,1.94,4.173,0.403,0.06,0.39,0.013,1.78,1.553,0.323,1.353,0.373,0,0,0,0,,,,,,,,,,,,
meter-feast,3,tide-siege,w+h0l0,planner,300,300,1,6.527,0.6527,,0,0,1.293,23.527,1.82,3.217,0.3,0.1,0.237,0.063,1.877,1.67,0.267,1.357,0.413,0,0,0,0,,,,,,,,,,,,
meter-feast,3,tide-siege,w+h0l0,forecast-aware,300,299,0.9967,7.63,0.7622,4,0,0,1.593,29.48,1.263,4.627,1.547,0,0.823,0.723,1.897,1.697,0.23,1.853,0.477,0,0,0,0,,,,,,,,,,,,
meter-feast,3,tide-siege,w+h0l0,planner-one-mistake,300,300,1,6.813,0.6813,,0,0,1.42,25.927,1.783,4.16,0.457,0.113,0.297,0.16,2.03,1.607,0.433,1.727,0.327,0,0,0,0,300,300,300,300,0,0,58,58,1,5.3875,1,0
meter-feast,3,tide-siege,w+h0l+,random,300,22,0.0733,9.92,0.8909,53.82,0,0,3.693,69.36,1.843,12.09,0.397,1.173,0.24,0.157,1.563,1.343,0.29,1.143,0.297,0,0,0,0,,,,,,,,,,,,
meter-feast,3,tide-siege,w+h0l+,single-water,300,0,0,10,,55.527,0,0,4,77.96,2,13.653,0,0,0,0,1,1,0,0,0,0,0,0,0,,,,,,,,,,,,
meter-feast,3,tide-siege,w+h0l+,legacy-cycle,300,47,0.1567,9.847,0.9021,18.538,0,0,3.847,74.58,2,22.433,0,0,0,0,2.06,1.28,0.017,3.137,0.607,0,0,0,0,,,,,,,,,,,,
meter-feast,3,tide-siege,w+h0l+,greedy,300,299,0.9967,6.693,0.6682,3,0,0,1.237,22.56,1.94,4.173,0.403,0.06,0.39,0.013,1.78,1.553,0.323,1.353,0.373,0,0,0,0,,,,,,,,,,,,
meter-feast,3,tide-siege,w+h0l+,planner,300,300,1,6.527,0.6527,,0,0,1.293,23.527,1.82,3.217,0.3,0.1,0.237,0.063,1.877,1.67,0.267,1.357,0.413,0,0,0,0,,,,,,,,,,,,
meter-feast,3,tide-siege,w+h0l+,forecast-aware,300,299,0.9967,7.63,0.7622,4,0,0,1.593,29.48,1.263,4.627,1.547,0,0.823,0.723,1.897,1.697,0.23,1.853,0.477,0,0,0,0,,,,,,,,,,,,
meter-feast,3,tide-siege,w+h0l+,planner-one-mistake,300,300,1,6.813,0.6813,,0,0,1.42,25.927,1.783,4.16,0.457,0.113,0.297,0.16,2.03,1.607,0.433,1.727,0.327,0,0,0,0,300,300,300,300,0,0,58,58,1,5.3875,1,0
meter-feast,3,tide-siege,w+h+l-,random,300,34,0.1133,9.88,0.8941,51.305,0,0,3.657,68.873,1.843,12.43,0.397,1.163,0.24,0.157,1.557,1.33,0.257,1.133,0.297,0,0,0,0,,,,,,,,,,,,
meter-feast,3,tide-siege,w+h+l-,single-water,300,0,0,10,,55.527,0,0,4,77.96,2,13.653,0,0,0,0,1,1,0,0,0,0,0,0,0,,,,,,,,,,,,
meter-feast,3,tide-siege,w+h+l-,legacy-cycle,300,129,0.43,9.55,0.8953,14.918,0,0,3.577,68.66,2,22.6,0,0,0,0,2.057,1.25,0.043,2.963,0.607,0,0,0,0,,,,,,,,,,,,
meter-feast,3,tide-siege,w+h+l-,greedy,300,300,1,6.35,0.635,,0,0,1.07,19.4,1.933,3.993,0.313,0.073,0.297,0.017,1.717,1.503,0.293,1.19,0.297,0,0,0,0,,,,,,,,,,,,
meter-feast,3,tide-siege,w+h+l-,planner,300,300,1,6.087,0.6087,,0,0,1.093,19.733,1.777,3.17,0.197,0.08,0.14,0.057,1.797,1.627,0.217,1.35,0.42,0,0,0,0,,,,,,,,,,,,
meter-feast,3,tide-siege,w+h+l-,forecast-aware,300,300,1,7.207,0.7207,,0,0,1.323,24.26,1.263,4.707,1.5,0,0.777,0.723,1.827,1.617,0.24,1.69,0.417,0,0,0,0,,,,,,,,,,,,
meter-feast,3,tide-siege,w+h+l-,planner-one-mistake,300,300,1,6.547,0.6547,,0,0,1.313,23.88,1.71,4.12,0.43,0.163,0.24,0.19,1.923,1.5,0.443,1.583,0.293,0,0,0,0,300,300,300,300,0,0,58,68,1,5.4242,0.25,0
meter-feast,3,tide-siege,w+h+l0,random,300,34,0.1133,9.88,0.8941,51.305,0,0,3.657,68.873,1.843,12.43,0.397,1.163,0.24,0.157,1.557,1.33,0.257,1.133,0.297,0,0,0,0,,,,,,,,,,,,
meter-feast,3,tide-siege,w+h+l0,single-water,300,0,0,10,,55.527,0,0,4,77.96,2,13.653,0,0,0,0,1,1,0,0,0,0,0,0,0,,,,,,,,,,,,
meter-feast,3,tide-siege,w+h+l0,legacy-cycle,300,129,0.43,9.55,0.8953,14.918,0,0,3.577,68.66,2,22.6,0,0,0,0,2.057,1.25,0.043,2.963,0.607,0,0,0,0,,,,,,,,,,,,
meter-feast,3,tide-siege,w+h+l0,greedy,300,300,1,6.35,0.635,,0,0,1.07,19.4,1.933,3.993,0.313,0.073,0.297,0.017,1.717,1.503,0.293,1.19,0.297,0,0,0,0,,,,,,,,,,,,
meter-feast,3,tide-siege,w+h+l0,planner,300,300,1,6.087,0.6087,,0,0,1.093,19.733,1.777,3.17,0.197,0.08,0.14,0.057,1.797,1.627,0.217,1.35,0.42,0,0,0,0,,,,,,,,,,,,
meter-feast,3,tide-siege,w+h+l0,forecast-aware,300,300,1,7.207,0.7207,,0,0,1.323,24.26,1.263,4.707,1.5,0,0.777,0.723,1.827,1.617,0.24,1.69,0.417,0,0,0,0,,,,,,,,,,,,
meter-feast,3,tide-siege,w+h+l0,planner-one-mistake,300,300,1,6.547,0.6547,,0,0,1.313,23.88,1.71,4.12,0.43,0.163,0.24,0.19,1.923,1.5,0.443,1.583,0.293,0,0,0,0,300,300,300,300,0,0,58,68,1,5.4242,0.25,0
meter-feast,3,tide-siege,w+h+l+,random,300,34,0.1133,9.88,0.8941,51.305,0,0,3.657,68.873,1.843,12.43,0.397,1.163,0.24,0.157,1.557,1.33,0.257,1.133,0.297,0,0,0,0,,,,,,,,,,,,
meter-feast,3,tide-siege,w+h+l+,single-water,300,0,0,10,,55.527,0,0,4,77.96,2,13.653,0,0,0,0,1,1,0,0,0,0,0,0,0,,,,,,,,,,,,
meter-feast,3,tide-siege,w+h+l+,legacy-cycle,300,129,0.43,9.55,0.8953,14.918,0,0,3.577,68.66,2,22.6,0,0,0,0,2.057,1.25,0.043,2.963,0.607,0,0,0,0,,,,,,,,,,,,
meter-feast,3,tide-siege,w+h+l+,greedy,300,300,1,6.35,0.635,,0,0,1.07,19.4,1.933,3.993,0.313,0.073,0.297,0.017,1.717,1.503,0.293,1.19,0.297,0,0,0,0,,,,,,,,,,,,
meter-feast,3,tide-siege,w+h+l+,planner,300,300,1,6.087,0.6087,,0,0,1.093,19.733,1.777,3.17,0.197,0.08,0.14,0.057,1.797,1.627,0.217,1.35,0.42,0,0,0,0,,,,,,,,,,,,
meter-feast,3,tide-siege,w+h+l+,forecast-aware,300,300,1,7.207,0.7207,,0,0,1.323,24.26,1.263,4.707,1.5,0,0.777,0.723,1.827,1.617,0.24,1.69,0.417,0,0,0,0,,,,,,,,,,,,
meter-feast,3,tide-siege,w+h+l+,planner-one-mistake,300,300,1,6.547,0.6547,,0,0,1.313,23.88,1.71,4.12,0.43,0.163,0.24,0.19,1.923,1.5,0.443,1.583,0.293,0,0,0,0,300,300,300,300,0,0,58,68,1,5.4242,0.25,0
meter-feast,3,smoke-screen,w-h-l-,random,300,1,0.0033,9.997,0.9,71.137,0,0,3.79,67.477,1.837,9.97,0.37,1.583,0.207,0.163,1.447,1.233,0.323,1.187,0.307,0,0,0,0,,,,,,,,,,,,
meter-feast,3,smoke-screen,w-h-l-,single-water,300,0,0,10,,86.327,0,0,4,75.893,2,15.07,0,0,0,0,1,1,0.57,0,0,0,0,0,0,,,,,,,,,,,,
meter-feast,3,smoke-screen,w-h-l-,legacy-cycle,300,0,0,10,,41.523,0,0,4,77.84,2,20.423,0,0,0,0,2.1,1.35,0.107,2.923,0.757,0,0,0,0,,,,,,,,,,,,
meter-feast,3,smoke-screen,w-h-l-,greedy,300,253,0.8433,8.957,0.8763,11.085,0,0,2.157,40.453,2,4.577,0.99,0.107,0.99,0,2.077,1.917,0.303,1.343,0.42,0,0,0,0,,,,,,,,,,,,
meter-feast,3,smoke-screen,w-h-l-,planner,300,274,0.9133,8.513,0.8372,27.154,0,0,2.18,40.613,1.947,3.293,0.707,0.113,0.653,0.053,2.253,2.123,0.197,1.727,0.573,0,0,0,0,,,,,,,,,,,,
meter-feast,3,smoke-screen,w-h-l-,forecast-aware,300,171,0.57,9.497,0.9117,13.372,0,0,2.553,48.96,0.997,4.253,2.057,0,1.053,1.003,2.327,2.107,0.253,2.597,0.64,0,0,0,0,,,,,,,,,,,,
meter-feast,3,smoke-screen,w-h-l-,planner-one-mistake,300,260,0.8667,8.647,0.8438,28.85,0,0,2.213,41.453,1.867,3.833,0.823,0.263,0.69,0.133,2.293,2.12,0.22,2.39,0.757,0,0,0,0,274,300,274,244,0,0,80,113,0.8905,5.5133,0.25,0
meter-feast,3,smoke-screen,w-h-l0,random,300,1,0.0033,9.997,0.9,71.137,0,0,3.79,67.477,1.837,9.97,0.37,1.583,0.207,0.163,1.447,1.233,0.323,1.187,0.307,0,0,0,0,,,,,,,,,,,,
meter-feast,3,smoke-screen,w-h-l0,single-water,300,0,0,10,,86.327,0,0,4,75.893,2,15.07,0,0,0,0,1,1,0.57,0,0,0,0,0,0,,,,,,,,,,,,
meter-feast,3,smoke-screen,w-h-l0,legacy-cycle,300,0,0,10,,41.523,0,0,4,77.84,2,20.423,0,0,0,0,2.1,1.35,0.107,2.923,0.757,0,0,0,0,,,,,,,,,,,,
meter-feast,3,smoke-screen,w-h-l0,greedy,300,253,0.8433,8.957,0.8763,11.085,0,0,2.157,40.453,2,4.577,0.99,0.107,0.99,0,2.077,1.917,0.303,1.343,0.42,0,0,0,0,,,,,,,,,,,,
meter-feast,3,smoke-screen,w-h-l0,planner,300,274,0.9133,8.513,0.8372,27.154,0,0,2.18,40.613,1.947,3.293,0.707,0.113,0.653,0.053,2.253,2.123,0.197,1.727,0.573,0,0,0,0,,,,,,,,,,,,
meter-feast,3,smoke-screen,w-h-l0,forecast-aware,300,171,0.57,9.497,0.9117,13.372,0,0,2.553,48.96,0.997,4.253,2.057,0,1.053,1.003,2.327,2.107,0.253,2.597,0.64,0,0,0,0,,,,,,,,,,,,
meter-feast,3,smoke-screen,w-h-l0,planner-one-mistake,300,260,0.8667,8.647,0.8438,28.85,0,0,2.213,41.453,1.867,3.833,0.823,0.263,0.69,0.133,2.293,2.12,0.22,2.39,0.757,0,0,0,0,274,300,274,244,0,0,80,113,0.8905,5.5133,0.25,0
meter-feast,3,smoke-screen,w-h-l+,random,300,1,0.0033,9.997,0.9,71.137,0,0,3.79,67.477,1.837,9.97,0.37,1.583,0.207,0.163,1.447,1.233,0.323,1.187,0.307,0,0,0,0,,,,,,,,,,,,
meter-feast,3,smoke-screen,w-h-l+,single-water,300,0,0,10,,86.327,0,0,4,75.893,2,15.07,0,0,0,0,1,1,0.57,0,0,0,0,0,0,,,,,,,,,,,,
meter-feast,3,smoke-screen,w-h-l+,legacy-cycle,300,0,0,10,,41.523,0,0,4,77.84,2,20.423,0,0,0,0,2.1,1.35,0.107,2.923,0.757,0,0,0,0,,,,,,,,,,,,
meter-feast,3,smoke-screen,w-h-l+,greedy,300,253,0.8433,8.957,0.8763,11.085,0,0,2.157,40.453,2,4.577,0.99,0.107,0.99,0,2.077,1.917,0.303,1.343,0.42,0,0,0,0,,,,,,,,,,,,
meter-feast,3,smoke-screen,w-h-l+,planner,300,274,0.9133,8.513,0.8372,27.154,0,0,2.18,40.613,1.947,3.293,0.707,0.113,0.653,0.053,2.253,2.123,0.197,1.727,0.573,0,0,0,0,,,,,,,,,,,,
meter-feast,3,smoke-screen,w-h-l+,forecast-aware,300,171,0.57,9.497,0.9117,13.372,0,0,2.553,48.96,0.997,4.253,2.057,0,1.053,1.003,2.327,2.107,0.253,2.597,0.64,0,0,0,0,,,,,,,,,,,,
meter-feast,3,smoke-screen,w-h-l+,planner-one-mistake,300,260,0.8667,8.647,0.8438,28.85,0,0,2.213,41.453,1.867,3.833,0.823,0.263,0.69,0.133,2.293,2.12,0.22,2.39,0.757,0,0,0,0,274,300,274,244,0,0,80,113,0.8905,5.5133,0.25,0
meter-feast,3,smoke-screen,w-h0l-,random,300,3,0.01,9.99,0.9,67.101,0,0,3.783,68.623,1.837,10.463,0.37,1.583,0.207,0.163,1.447,1.23,0.3,1.187,0.307,0,0,0,0,,,,,,,,,,,,
meter-feast,3,smoke-screen,w-h0l-,single-water,300,0,0,10,,86.327,0,0,4,75.893,2,15.07,0,0,0,0,1,1,0.57,0,0,0,0,0,0,,,,,,,,,,,,
meter-feast,3,smoke-screen,w-h0l-,legacy-cycle,300,4,0.0133,9.987,0.9,33.524,0,0,3.987,77.593,2,20.723,0,0,0,0,2.1,1.35,0.05,2.923,0.757,0,0,0,0,,,,,,,,,,,,
meter-feast,3,smoke-screen,w-h0l-,greedy,300,285,0.95,8.433,0.8351,8.6,0,0,1.94,35.987,1.993,5.63,0.877,0.127,0.87,0.007,2.05,1.86,0.363,1.417,0.433,0,0,0,0,,,,,,,,,,,,
meter-feast,3,smoke-screen,w-h0l-,planner,300,293,0.9767,8.04,0.7993,28.571,0,0,1.937,35.767,1.927,4.11,0.643,0.15,0.57,0.073,2.2,2.06,0.207,1.607,0.463,0,0,0,0,,,,,,,,,,,,
meter-feast,3,smoke-screen,w-h0l-,forecast-aware,300,234,0.78,9.147,0.8906,10.97,0,0,2.333,44.28,0.997,4.597,2.017,0,1.013,1.003,2.25,2.027,0.26,2.457,0.623,0,0,0,0,,,,,,,,,,,,
meter-feast,3,smoke-screen,w-h0l-,planner-one-mistake,300,286,0.9533,8.22,0.8133,27.214,0,0,2.043,37.927,1.887,4.517,0.703,0.233,0.59,0.113,2.22,2.027,0.24,2.067,0.647,0,0,0,0,293,300,293,281,0,0,77,80,0.959,4.9992,0.75,0
meter-feast,3,smoke-screen,w-h0l0,random,300,3,0.01,9.99,0.9,67.101,0,0,3.783,68.623,1.837,10.463,0.37,1.583,0.207,0.163,1.447,1.23,0.3,1.187,0.307,0,0,0,0,,,,,,,,,,,,
meter-feast,3,smoke-screen,w-h0l0,single-water,300,0,0,10,,86.327,0,0,4,75.893,2,15.07,0,0,0,0,1,1,0.57,0,0,0,0,0,0,,,,,,,,,,,,
meter-feast,3,smoke-screen,w-h0l0,legacy-cycle,300,4,0.0133,9.987,0.9,33.524,0,0,3.987,77.593,2,20.723,0,0,0,0,2.1,1.35,0.05,2.923,0.757,0,0,0,0,,,,,,,,,,,,
meter-feast,3,smoke-screen,w-h0l0,greedy,300,285,0.95,8.433,0.8351,8.6,0,0,1.94,35.987,1.993,5.63,0.877,0.127,0.87,0.007,2.05,1.86,0.363,1.417,0.433,0,0,0,0,,,,,,,,,,,,
meter-feast,3,smoke-screen,w-h0l0,planner,300,293,0.9767,8.04,0.7993,28.571,0,0,1.937,35.767,1.927,4.11,0.643,0.15,0.57,0.073,2.2,2.06,0.207,1.607,0.463,0,0,0,0,,,,,,,,,,,,
meter-feast,3,smoke-screen,w-h0l0,forecast-aware,300,234,0.78,9.147,0.8906,10.97,0,0,2.333,44.28,0.997,4.597,2.017,0,1.013,1.003,2.25,2.027,0.26,2.457,0.623,0,0,0,0,,,,,,,,,,,,
meter-feast,3,smoke-screen,w-h0l0,planner-one-mistake,300,286,0.9533,8.22,0.8133,27.214,0,0,2.043,37.927,1.887,4.517,0.703,0.233,0.59,0.113,2.22,2.027,0.24,2.067,0.647,0,0,0,0,293,300,293,281,0,0,77,80,0.959,4.9992,0.75,0
meter-feast,3,smoke-screen,w-h0l+,random,300,3,0.01,9.99,0.9,67.101,0,0,3.783,68.623,1.837,10.463,0.37,1.583,0.207,0.163,1.447,1.23,0.3,1.187,0.307,0,0,0,0,,,,,,,,,,,,
meter-feast,3,smoke-screen,w-h0l+,single-water,300,0,0,10,,86.327,0,0,4,75.893,2,15.07,0,0,0,0,1,1,0.57,0,0,0,0,0,0,,,,,,,,,,,,
meter-feast,3,smoke-screen,w-h0l+,legacy-cycle,300,4,0.0133,9.987,0.9,33.524,0,0,3.987,77.593,2,20.723,0,0,0,0,2.1,1.35,0.05,2.923,0.757,0,0,0,0,,,,,,,,,,,,
meter-feast,3,smoke-screen,w-h0l+,greedy,300,285,0.95,8.433,0.8351,8.6,0,0,1.94,35.987,1.993,5.63,0.877,0.127,0.87,0.007,2.05,1.86,0.363,1.417,0.433,0,0,0,0,,,,,,,,,,,,
meter-feast,3,smoke-screen,w-h0l+,planner,300,293,0.9767,8.04,0.7993,28.571,0,0,1.937,35.767,1.927,4.11,0.643,0.15,0.57,0.073,2.2,2.06,0.207,1.607,0.463,0,0,0,0,,,,,,,,,,,,
meter-feast,3,smoke-screen,w-h0l+,forecast-aware,300,234,0.78,9.147,0.8906,10.97,0,0,2.333,44.28,0.997,4.597,2.017,0,1.013,1.003,2.25,2.027,0.26,2.457,0.623,0,0,0,0,,,,,,,,,,,,
meter-feast,3,smoke-screen,w-h0l+,planner-one-mistake,300,286,0.9533,8.22,0.8133,27.214,0,0,2.043,37.927,1.887,4.517,0.703,0.233,0.59,0.113,2.22,2.027,0.24,2.067,0.647,0,0,0,0,293,300,293,281,0,0,77,80,0.959,4.9992,0.75,0
meter-feast,3,smoke-screen,w-h+l-,random,300,8,0.0267,9.973,0.9,64.312,0,0,3.77,69.07,1.837,10.79,0.37,1.583,0.207,0.163,1.447,1.22,0.29,1.183,0.307,0,0,0,0,,,,,,,,,,,,
meter-feast,3,smoke-screen,w-h+l-,single-water,300,0,0,10,,86.327,0,0,4,75.893,2,15.07,0,0,0,0,1,1,0.57,0,0,0,0,0,0,,,,,,,,,,,,
meter-feast,3,smoke-screen,w-h+l-,legacy-cycle,300,14,0.0467,9.953,0.9,26.902,0,0,3.953,76.877,2,20.823,0,0,0,0,2.097,1.347,0.027,2.923,0.757,0,0,0,0,,,,,,,,,,,,
meter-feast,3,smoke-screen,w-h+l-,greedy,300,295,0.9833,7.58,0.7539,7.6,0,0,1.61,29.62,1.977,5.223,0.647,0.187,0.623,0.023,1.813,1.677,0.24,1.037,0.287,0,0,0,0,,,,,,,,,,,,
meter-feast,3,smoke-screen,w-h+l-,planner,300,295,0.9833,7.257,0.721,26.8,0,0,1.56,28.573,1.9,4.437,0.537,0.25,0.437,0.1,1.977,1.85,0.223,1.09,0.36,0,0,0,0,,,,,,,,,,,,
meter-feast,3,smoke-screen,w-h+l-,forecast-aware,300,270,0.9,8.64,0.8489,12.2,0,0,2.093,39.333,0.997,4.58,1.947,0,0.943,1.003,2.167,1.937,0.253,2.263,0.583,0,0,0,0,,,,,,,,,,,,
meter-feast,3,smoke-screen,w-h+l-,planner-one-mistake,300,296,0.9867,7.447,0.7412,26.75,0,0,1.673,30.74,1.867,4.22,0.583,0.233,0.463,0.12,2.043,1.827,0.253,1.58,0.47,0,0,0,0,295,300,295,291,0,0,69,69,0.9864,5.5417,0.25,0
meter-feast,3,smoke-screen,w-h+l0,random,300,8,0.0267,9.973,0.9,64.312,0,0,3.77,69.07,1.837,10.79,0.37,1.583,0.207,0.163,1.447,1.22,0.29,1.183,0.307,0,0,0,0,,,,,,,,,,,,
meter-feast,3,smoke-screen,w-h+l0,single-water,300,0,0,10,,86.327,0,0,4,75.893,2,15.07,0,0,0,0,1,1,0.57,0,0,0,0,0,0,,,,,,,,,,,,
meter-feast,3,smoke-screen,w-h+l0,legacy-cycle,300,14,0.0467,9.953,0.9,26.902,0,0,3.953,76.877,2,20.823,0,0,0,0,2.097,1.347,0.027,2.923,0.757,0,0,0,0,,,,,,,,,,,,
meter-feast,3,smoke-screen,w-h+l0,greedy,300,295,0.9833,7.58,0.7539,7.6,0,0,1.61,29.62,1.977,5.223,0.647,0.187,0.623,0.023,1.813,1.677,0.24,1.037,0.287,0,0,0,0,,,,,,,,,,,,
meter-feast,3,smoke-screen,w-h+l0,planner,300,295,0.9833,7.257,0.721,26.8,0,0,1.56,28.573,1.9,4.437,0.537,0.25,0.437,0.1,1.977,1.85,0.223,1.09,0.36,0,0,0,0,,,,,,,,,,,,
meter-feast,3,smoke-screen,w-h+l0,forecast-aware,300,270,0.9,8.64,0.8489,12.2,0,0,2.093,39.333,0.997,4.58,1.947,0,0.943,1.003,2.167,1.937,0.253,2.263,0.583,0,0,0,0,,,,,,,,,,,,
meter-feast,3,smoke-screen,w-h+l0,planner-one-mistake,300,296,0.9867,7.447,0.7412,26.75,0,0,1.673,30.74,1.867,4.22,0.583,0.233,0.463,0.12,2.043,1.827,0.253,1.58,0.47,0,0,0,0,295,300,295,291,0,0,69,69,0.9864,5.5417,0.25,0
meter-feast,3,smoke-screen,w-h+l+,random,300,8,0.0267,9.973,0.9,64.312,0,0,3.77,69.07,1.837,10.79,0.37,1.583,0.207,0.163,1.447,1.22,0.29,1.183,0.307,0,0,0,0,,,,,,,,,,,,
meter-feast,3,smoke-screen,w-h+l+,single-water,300,0,0,10,,86.327,0,0,4,75.893,2,15.07,0,0,0,0,1,1,0.57,0,0,0,0,0,0,,,,,,,,,,,,
meter-feast,3,smoke-screen,w-h+l+,legacy-cycle,300,14,0.0467,9.953,0.9,26.902,0,0,3.953,76.877,2,20.823,0,0,0,0,2.097,1.347,0.027,2.923,0.757,0,0,0,0,,,,,,,,,,,,
meter-feast,3,smoke-screen,w-h+l+,greedy,300,295,0.9833,7.58,0.7539,7.6,0,0,1.61,29.62,1.977,5.223,0.647,0.187,0.623,0.023,1.813,1.677,0.24,1.037,0.287,0,0,0,0,,,,,,,,,,,,
meter-feast,3,smoke-screen,w-h+l+,planner,300,295,0.9833,7.257,0.721,26.8,0,0,1.56,28.573,1.9,4.437,0.537,0.25,0.437,0.1,1.977,1.85,0.223,1.09,0.36,0,0,0,0,,,,,,,,,,,,
meter-feast,3,smoke-screen,w-h+l+,forecast-aware,300,270,0.9,8.64,0.8489,12.2,0,0,2.093,39.333,0.997,4.58,1.947,0,0.943,1.003,2.167,1.937,0.253,2.263,0.583,0,0,0,0,,,,,,,,,,,,
meter-feast,3,smoke-screen,w-h+l+,planner-one-mistake,300,296,0.9867,7.447,0.7412,26.75,0,0,1.673,30.74,1.867,4.22,0.583,0.233,0.463,0.12,2.043,1.827,0.253,1.58,0.47,0,0,0,0,295,300,295,291,0,0,69,69,0.9864,5.5417,0.25,0
meter-feast,3,smoke-screen,w0h-l-,random,300,4,0.0133,9.987,0.9,66.476,0,0,3.78,68.597,1.837,10.523,0.37,1.58,0.207,0.163,1.447,1.233,0.317,1.187,0.307,0,0,0,0,,,,,,,,,,,,
meter-feast,3,smoke-screen,w0h-l-,single-water,300,0,0,10,,67.413,0,0,4,77.883,2,15.473,0,0,0,0,1,1,0,0,0,0,0,0,0,,,,,,,,,,,,
meter-feast,3,smoke-screen,w0h-l-,legacy-cycle,300,9,0.03,9.97,0.9,33.096,0,0,3.97,77.237,2,21.663,0,0,0,0,2.1,1.35,0.107,2.923,0.757,0,0,0,0,,,,,,,,,,,,
meter-feast,3,smoke-screen,w0h-l-,greedy,300,293,0.9767,8,0.7952,10.429,0,0,1.737,32.04,1.993,4.48,0.79,0.1,0.783,0.007,2.047,1.857,0.337,1.607,0.527,0,0,0,0,,,,,,,,,,,,
meter-feast,3,smoke-screen,w0h-l-,planner,300,298,0.9933,7.54,0.7523,28.5,0,0,1.77,32.513,1.963,2.957,0.477,0.077,0.44,0.037,2.18,1.97,0.247,1.633,0.487,0,0,0,0,,,,,,,,,,,,
meter-feast,3,smoke-screen,w0h-l-,forecast-aware,300,250,0.8333,9.053,0.8864,9.74,0,0,2.277,43.06,0.997,4.403,2.017,0,1.013,1.003,2.26,2.02,0.27,2.427,0.62,0,0,0,0,,,,,,,,,,,,
meter-feast,3,smoke-screen,w0h-l-,planner-one-mistake,300,291,0.97,8.047,0.7986,26.333,0,0,1.957,36.293,1.843,4.577,0.72,0.183,0.563,0.157,2.25,1.963,0.287,2.2,0.507,0,0,0,0,298,300,298,290,0,0,83,86,0.9732,4.9725,0.75,0
meter-feast,3,smoke-screen,w0h-l0,random,300,4,0.0133,9.987,0.9,66.476,0,0,3.78,68.597,1.837,10.523,0.37,1.58,0.207,0.163,1.447,1.233,0.317,1.187,0.307,0,0,0,0,,,,,,,,,,,,
meter-feast,3,smoke-screen,w0h-l0,single-water,300,0,0,10,,67.413,0,0,4,77.883,2,15.473,0,0,0,0,1,1,0,0,0,0,0,0,0,,,,,,,,,,,,
meter-feast,3,smoke-screen,w0h-l0,legacy-cycle,300,9,0.03,9.97,0.9,33.096,0,0,3.97,77.237,2,21.663,0,0,0,0,2.1,1.35,0.107,2.923,0.757,0,0,0,0,,,,,,,,,,,,
meter-feast,3,smoke-screen,w0h-l0,greedy,300,293,0.9767,8,0.7952,10.429,0,0,1.737,32.04,1.993,4.48,0.79,0.1,0.783,0.007,2.047,1.857,0.337,1.607,0.527,0,0,0,0,,,,,,,,,,,,
meter-feast,3,smoke-screen,w0h-l0,planner,300,298,0.9933,7.54,0.7523,28.5,0,0,1.77,32.513,1.963,2.957,0.477,0.077,0.44,0.037,2.18,1.97,0.247,1.633,0.487,0,0,0,0,,,,,,,,,,,,
meter-feast,3,smoke-screen,w0h-l0,forecast-aware,300,250,0.8333,9.053,0.8864,9.74,0,0,2.277,43.06,0.997,4.403,2.017,0,1.013,1.003,2.26,2.02,0.27,2.427,0.62,0,0,0,0,,,,,,,,,,,,
meter-feast,3,smoke-screen,w0h-l0,planner-one-mistake,300,291,0.97,8.047,0.7986,26.333,0,0,1.957,36.293,1.843,4.577,0.72,0.183,0.563,0.157,2.25,1.963,0.287,2.2,0.507,0,0,0,0,298,300,298,290,0,0,83,86,0.9732,4.9725,0.75,0
meter-feast,3,smoke-screen,w0h-l+,random,300,4,0.0133,9.987,0.9,66.476,0,0,3.78,68.597,1.837,10.523,0.37,1.58,0.207,0.163,1.447,1.233,0.317,1.187,0.307,0,0,0,0,,,,,,,,,,,,
meter-feast,3,smoke-screen,w0h-l+,single-water,300,0,0,10,,67.413,0,0,4,77.883,2,15.473,0,0,0,0,1,1,0,0,0,0,0,0,0,,,,,,,,,,,,
meter-feast,3,smoke-screen,w0h-l+,legacy-cycle,300,9,0.03,9.97,0.9,33.096,0,0,3.97,77.237,2,21.663,0,0,0,0,2.1,1.35,0.107,2.923,0.757,0,0,0,0,,,,,,,,,,,,
meter-feast,3,smoke-screen,w0h-l+,greedy,300,293,0.9767,8,0.7952,10.429,0,0,1.737,32.04,1.993,4.48,0.79,0.1,0.783,0.007,2.047,1.857,0.337,1.607,0.527,0,0,0,0,,,,,,,,,,,,
meter-feast,3,smoke-screen,w0h-l+,planner,300,298,0.9933,7.54,0.7523,28.5,0,0,1.77,32.513,1.963,2.957,0.477,0.077,0.44,0.037,2.18,1.97,0.247,1.633,0.487,0,0,0,0,,,,,,,,,,,,
meter-feast,3,smoke-screen,w0h-l+,forecast-aware,300,250,0.8333,9.053,0.8864,9.74,0,0,2.277,43.06,0.997,4.403,2.017,0,1.013,1.003,2.26,2.02,0.27,2.427,0.62,0,0,0,0,,,,,,,,,,,,
meter-feast,3,smoke-screen,w0h-l+,planner-one-mistake,300,291,0.97,8.047,0.7986,26.333,0,0,1.957,36.293,1.843,4.577,0.72,0.183,0.563,0.157,2.25,1.963,0.287,2.2,0.507,0,0,0,0,298,300,298,290,0,0,83,86,0.9732,4.9725,0.75,0
meter-feast,3,smoke-screen,w0h0l-,random,300,8,0.0267,9.967,0.875,62.695,0,0,3.763,69.35,1.837,11.017,0.37,1.58,0.207,0.163,1.447,1.22,0.303,1.183,0.307,0,0,0,0,,,,,,,,,,,,
meter-feast,3,smoke-screen,w0h0l-,single-water,300,0,0,10,,67.413,0,0,4,77.883,2,15.473,0,0,0,0,1,1,0,0,0,0,0,0,0,,,,,,,,,,,,
meter-feast,3,smoke-screen,w0h0l-,legacy-cycle,300,20,0.0667,9.933,0.9,25.046,0,0,3.933,76.457,2,21.963,0,0,0,0,2.097,1.34,0.057,2.923,0.757,0,0,0,0,,,,,,,,,,,,
meter-feast,3,smoke-screen,w0h0l-,greedy,300,298,0.9933,7.463,0.7446,8.5,0,0,1.523,27.953,2,4.7,0.62,0.11,0.62,0,2.013,1.74,0.38,1.71,0.493,0,0,0,0,,,,,,,,,,,,
meter-feast,3,smoke-screen,w0h0l-,planner,300,300,1,6.983,0.6983,,0,0,1.497,27.24,1.95,3.387,0.39,0.073,0.34,0.05,2.03,1.797,0.233,1.77,0.46,0,0,0,0,,,,,,,,,,,,
meter-feast,3,smoke-screen,w0h0l-,forecast-aware,300,291,0.97,8.577,0.8533,8.333,0,0,2.037,38.08,0.997,4.533,1.937,0,0.933,1.003,2.163,1.927,0.257,2.257,0.607,0,0,0,0,,,,,,,,,,,,
meter-feast,3,smoke-screen,w0h0l-,planner-one-mistake,300,300,1,7.483,0.7483,,0,0,1.64,30.06,1.833,4.64,0.69,0.203,0.523,0.167,2.207,1.78,0.44,2.183,0.437,0,0,0,0,300,300,300,300,0,0,78,83,1,4.7608,0.25,0
meter-feast,3,smoke-screen,w0h0l0,random,300,8,0.0267,9.967,0.875,62.695,0,0,3.763,69.35,1.837,11.017,0.37,1.58,0.207,0.163,1.447,1.22,0.303,1.183,0.307,0,0,0,0,,,,,,,,,,,,
meter-feast,3,smoke-screen,w0h0l0,single-water,300,0,0,10,,67.413,0,0,4,77.883,2,15.473,0,0,0,0,1,1,0,0,0,0,0,0,0,,,,,,,,,,,,
meter-feast,3,smoke-screen,w0h0l0,legacy-cycle,300,20,0.0667,9.933,0.9,25.046,0,0,3.933,76.457,2,21.963,0,0,0,0,2.097,1.34,0.057,2.923,0.757,0,0,0,0,,,,,,,,,,,,
meter-feast,3,smoke-screen,w0h0l0,greedy,300,298,0.9933,7.463,0.7446,8.5,0,0,1.523,27.953,2,4.7,0.62,0.11,0.62,0,2.013,1.74,0.38,1.71,0.493,0,0,0,0,,,,,,,,,,,,
meter-feast,3,smoke-screen,w0h0l0,planner,300,300,1,6.983,0.6983,,0,0,1.497,27.24,1.95,3.387,0.39,0.073,0.34,0.05,2.03,1.797,0.233,1.77,0.46,0,0,0,0,,,,,,,,,,,,
meter-feast,3,smoke-screen,w0h0l0,forecast-aware,300,291,0.97,8.577,0.8533,8.333,0,0,2.037,38.08,0.997,4.533,1.937,0,0.933,1.003,2.163,1.927,0.257,2.257,0.607,0,0,0,0,,,,,,,,,,,,
meter-feast,3,smoke-screen,w0h0l0,planner-one-mistake,300,300,1,7.483,0.7483,,0,0,1.64,30.06,1.833,4.64,0.69,0.203,0.523,0.167,2.207,1.78,0.44,2.183,0.437,0,0,0,0,300,300,300,300,0,0,78,83,1,4.7608,0.25,0
meter-feast,3,smoke-screen,w0h0l+,random,300,8,0.0267,9.967,0.875,62.695,0,0,3.763,69.35,1.837,11.017,0.37,1.58,0.207,0.163,1.447,1.22,0.303,1.183,0.307,0,0,0,0,,,,,,,,,,,,
meter-feast,3,smoke-screen,w0h0l+,single-water,300,0,0,10,,67.413,0,0,4,77.883,2,15.473,0,0,0,0,1,1,0,0,0,0,0,0,0,,,,,,,,,,,,
meter-feast,3,smoke-screen,w0h0l+,legacy-cycle,300,20,0.0667,9.933,0.9,25.046,0,0,3.933,76.457,2,21.963,0,0,0,0,2.097,1.34,0.057,2.923,0.757,0,0,0,0,,,,,,,,,,,,
meter-feast,3,smoke-screen,w0h0l+,greedy,300,298,0.9933,7.463,0.7446,8.5,0,0,1.523,27.953,2,4.7,0.62,0.11,0.62,0,2.013,1.74,0.38,1.71,0.493,0,0,0,0,,,,,,,,,,,,
meter-feast,3,smoke-screen,w0h0l+,planner,300,300,1,6.983,0.6983,,0,0,1.497,27.24,1.95,3.387,0.39,0.073,0.34,0.05,2.03,1.797,0.233,1.77,0.46,0,0,0,0,,,,,,,,,,,,
meter-feast,3,smoke-screen,w0h0l+,forecast-aware,300,291,0.97,8.577,0.8533,8.333,0,0,2.037,38.08,0.997,4.533,1.937,0,0.933,1.003,2.163,1.927,0.257,2.257,0.607,0,0,0,0,,,,,,,,,,,,
meter-feast,3,smoke-screen,w0h0l+,planner-one-mistake,300,300,1,7.483,0.7483,,0,0,1.64,30.06,1.833,4.64,0.69,0.203,0.523,0.167,2.207,1.78,0.44,2.183,0.437,0,0,0,0,300,300,300,300,0,0,78,83,1,4.7608,0.25,0
meter-feast,3,smoke-screen,w0h+l-,random,300,13,0.0433,9.953,0.8923,59.798,0,0,3.753,69.71,1.837,11.343,0.37,1.58,0.207,0.163,1.443,1.213,0.287,1.18,0.307,0,0,0,0,,,,,,,,,,,,
meter-feast,3,smoke-screen,w0h+l-,single-water,300,0,0,10,,67.413,0,0,4,77.883,2,15.473,0,0,0,0,1,1,0,0,0,0,0,0,0,,,,,,,,,,,,
meter-feast,3,smoke-screen,w0h+l-,legacy-cycle,300,47,0.1567,9.843,0.9,19.688,0,0,3.843,74.493,2,22.063,0,0,0,0,2.097,1.337,0.037,2.923,0.757,0,0,0,0,,,,,,,,,,,,
meter-feast,3,smoke-screen,w0h+l-,greedy,300,300,1,6.977,0.6977,,0,0,1.333,24.273,1.97,4.81,0.513,0.11,0.5,0.013,1.79,1.527,0.363,1.333,0.353,0,0,0,0,,,,,,,,,,,,
meter-feast,3,smoke-screen,w0h+l-,planner,300,300,1,6.557,0.6557,,0,0,1.32,23.933,1.873,4.117,0.317,0.1,0.253,0.063,1.88,1.68,0.24,1.507,0.417,0,0,0,0,,,,,,,,,,,,
meter-feast,3,smoke-screen,w0h+l-,forecast-aware,300,299,0.9967,8.043,0.8037,9,0,0,1.82,33.713,0.997,4.63,1.873,0,0.87,1.003,2.073,1.803,0.287,2.057,0.543,0,0,0,0,,,,,,,,,,,,
meter-feast,3,smoke-screen,w0h+l-,planner-one-mistake,300,299,0.9967,7.197,0.7187,25,0,0,1.517,27.76,1.857,4.937,0.563,0.3,0.44,0.123,2.02,1.74,0.333,1.917,0.523,0,0,0,0,300,300,300,299,0,0,78,82,0.9967,5.3,0.25,0
meter-feast,3,smoke-screen,w0h+l0,random,300,13,0.0433,9.953,0.8923,59.798,0,0,3.753,69.71,1.837,11.343,0.37,1.58,0.207,0.163,1.443,1.213,0.287,1.18,0.307,0,0,0,0,,,,,,,,,,,,
meter-feast,3,smoke-screen,w0h+l0,single-water,300,0,0,10,,67.413,0,0,4,77.883,2,15.473,0,0,0,0,1,1,0,0,0,0,0,0,0,,,,,,,,,,,,
meter-feast,3,smoke-screen,w0h+l0,legacy-cycle,300,47,0.1567,9.843,0.9,19.688,0,0,3.843,74.493,2,22.063,0,0,0,0,2.097,1.337,0.037,2.923,0.757,0,0,0,0,,,,,,,,,,,,
meter-feast,3,smoke-screen,w0h+l0,greedy,300,300,1,6.977,0.6977,,0,0,1.333,24.273,1.97,4.81,0.513,0.11,0.5,0.013,1.79,1.527,0.363,1.333,0.353,0,0,0,0,,,,,,,,,,,,
meter-feast,3,smoke-screen,w0h+l0,planner,300,300,1,6.557,0.6557,,0,0,1.32,23.933,1.873,4.117,0.317,0.1,0.253,0.063,1.88,1.68,0.24,1.507,0.417,0,0,0,0,,,,,,,,,,,,
meter-feast,3,smoke-screen,w0h+l0,forecast-aware,300,299,0.9967,8.043,0.8037,9,0,0,1.82,33.713,0.997,4.63,1.873,0,0.87,1.003,2.073,1.803,0.287,2.057,0.543,0,0,0,0,,,,,,,,,,,,
meter-feast,3,smoke-screen,w0h+l0,planner-one-mistake,300,299,0.9967,7.197,0.7187,25,0,0,1.517,27.76,1.857,4.937,0.563,0.3,0.44,0.123,2.02,1.74,0.333,1.917,0.523,0,0,0,0,300,300,300,299,0,0,78,82,0.9967,5.3,0.25,0
meter-feast,3,smoke-screen,w0h+l+,random,300,13,0.0433,9.953,0.8923,59.798,0,0,3.753,69.71,1.837,11.343,0.37,1.58,0.207,0.163,1.443,1.213,0.287,1.18,0.307,0,0,0,0,,,,,,,,,,,,
meter-feast,3,smoke-screen,w0h+l+,single-water,300,0,0,10,,67.413,0,0,4,77.883,2,15.473,0,0,0,0,1,1,0,0,0,0,0,0,0,,,,,,,,,,,,
meter-feast,3,smoke-screen,w0h+l+,legacy-cycle,300,47,0.1567,9.843,0.9,19.688,0,0,3.843,74.493,2,22.063,0,0,0,0,2.097,1.337,0.037,2.923,0.757,0,0,0,0,,,,,,,,,,,,
meter-feast,3,smoke-screen,w0h+l+,greedy,300,300,1,6.977,0.6977,,0,0,1.333,24.273,1.97,4.81,0.513,0.11,0.5,0.013,1.79,1.527,0.363,1.333,0.353,0,0,0,0,,,,,,,,,,,,
meter-feast,3,smoke-screen,w0h+l+,planner,300,300,1,6.557,0.6557,,0,0,1.32,23.933,1.873,4.117,0.317,0.1,0.253,0.063,1.88,1.68,0.24,1.507,0.417,0,0,0,0,,,,,,,,,,,,
meter-feast,3,smoke-screen,w0h+l+,forecast-aware,300,299,0.9967,8.043,0.8037,9,0,0,1.82,33.713,0.997,4.63,1.873,0,0.87,1.003,2.073,1.803,0.287,2.057,0.543,0,0,0,0,,,,,,,,,,,,
meter-feast,3,smoke-screen,w0h+l+,planner-one-mistake,300,299,0.9967,7.197,0.7187,25,0,0,1.517,27.76,1.857,4.937,0.563,0.3,0.44,0.123,2.02,1.74,0.333,1.917,0.523,0,0,0,0,300,300,300,299,0,0,78,82,0.9967,5.3,0.25,0
meter-feast,3,smoke-screen,w+h-l-,random,300,7,0.0233,9.977,0.9,62.635,0,0,3.77,69.143,1.837,10.89,0.37,1.58,0.207,0.163,1.447,1.227,0.303,1.183,0.307,0,0,0,0,,,,,,,,,,,,
meter-feast,3,smoke-screen,w+h-l-,single-water,300,0,0,10,,51.59,0,0,4,77.997,2,15.52,0,0,0,0,1,1,0,0,0,0,0,0,0,,,,,,,,,,,,
meter-feast,3,smoke-screen,w+h-l-,legacy-cycle,300,21,0.07,9.93,0.9,25.706,0,0,3.93,76.39,2,22.283,0,0,0,0,2.097,1.34,0.113,2.923,0.757,0,0,0,0,,,,,,,,,,,,
meter-feast,3,smoke-screen,w+h-l-,greedy,300,296,0.9867,7.303,0.7267,11,0,0,1.487,27.247,1.967,4.06,0.62,0.093,0.59,0.03,1.887,1.657,0.333,1.34,0.397,0,0,0,0,,,,,,,,,,,,
meter-feast,3,smoke-screen,w+h-l-,planner,300,300,1,7.067,0.7067,,0,0,1.537,28.053,1.957,2.997,0.397,0.093,0.357,0.04,2.02,1.81,0.243,1.45,0.417,0,0,0,0,,,,,,,,,,,,
meter-feast,3,smoke-screen,w+h-l-,forecast-aware,300,275,0.9167,8.58,0.8451,7.92,0,0,2.083,39.1,0.993,4.77,1.95,0,0.947,1.003,2.173,1.93,0.267,2.267,0.597,0,0,0,0,,,,,,,,,,,,
meter-feast,3,smoke-screen,w+h-l-,planner-one-mistake,300,299,0.9967,7.393,0.7385,29,0,0,1.657,30.38,1.84,4.163,0.63,0.16,0.47,0.16,2.043,1.76,0.293,1.833,0.4,0,0,0,0,300,300,300,299,0,0,81,81,0.9967,5.655,0.25,0
meter-feast,3,smoke-screen,w+h-l0,random,300,7,0.0233,9.977,0.9,62.635,0,0,3.77,69.143,1.837,10.89,0.37,1.58,0.207,0.163,1.447,1.227,0.303,1.183,0.307,0,0,0,0,,,,,,,,,,,,
meter-feast,3,smoke-screen,w+h-l0,single-water,300,0,0,10,,51.59,0,0,4,77.997,2,15.52,0,0,0,0,1,1,0,0,0,0,0,0,0,,,,,,,,,,,,
meter-feast,3,smoke-screen,w+h-l0,legacy-cycle,300,21,0.07,9.93,0.9,25.706,0,0,3.93,76.39,2,22.283,0,0,0,0,2.097,1.34,0.113,2.923,0.757,0,0,0,0,,,,,,,,,,,,
meter-feast,3,smoke-screen,w+h-l0,greedy,300,296,0.9867,7.303,0.7267,11,0,0,1.487,27.247,1.967,4.06,0.62,0.093,0.59,0.03,1.887,1.657,0.333,1.34,0.397,0,0,0,0,,,,,,,,,,,,
meter-feast,3,smoke-screen,w+h-l0,planner,300,300,1,7.067,0.7067,,0,0,1.537,28.053,1.957,2.997,0.397,0.093,0.357,0.04,2.02,1.81,0.243,1.45,0.417,0,0,0,0,,,,,,,,,,,,
meter-feast,3,smoke-screen,w+h-l0,forecast-aware,300,275,0.9167,8.58,0.8451,7.92,0,0,2.083,39.1,0.993,4.77,1.95,0,0.947,1.003,2.173,1.93,0.267,2.267,0.597,0,0,0,0,,,,,,,,,,,,
meter-feast,3,smoke-screen,w+h-l0,planner-one-mistake,300,299,0.9967,7.393,0.7385,29,0,0,1.657,30.38,1.84,4.163,0.63,0.16,0.47,0.16,2.043,1.76,0.293,1.833,0.4,0,0,0,0,300,300,300,299,0,0,81,81,0.9967,5.655,0.25,0
meter-feast,3,smoke-screen,w+h-l+,random,300,7,0.0233,9.977,0.9,62.635,0,0,3.77,69.143,1.837,10.89,0.37,1.58,0.207,0.163,1.447,1.227,0.303,1.183,0.307,0,0,0,0,,,,,,,,,,,,
meter-feast,3,smoke-screen,w+h-l+,single-water,300,0,0,10,,51.59,0,0,4,77.997,2,15.52,0,0,0,0,1,1,0,0,0,0,0,0,0,,,,,,,,,,,,
meter-feast,3,smoke-screen,w+h-l+,legacy-cycle,300,21,0.07,9.93,0.9,25.706,0,0,3.93,76.39,2,22.283,0,0,0,0,2.097,1.34,0.113,2.923,0.757,0,0,0,0,,,,,,,,,,,,
meter-feast,3,smoke-screen,w+h-l+,greedy,300,296,0.9867,7.303,0.7267,11,0,0,1.487,27.247,1.967,4.06,0.62,0.093,0.59,0.03,1.887,1.657,0.333,1.34,0.397,0,0,0,0,,,,,,,,,,,,
meter-feast,3,smoke-screen,w+h-l+,planner,300,300,1,7.067,0.7067,,0,0,1.537,28.053,1.957,2.997,0.397,0.093,0.357,0.04,2.02,1.81,0.243,1.45,0.417,0,0,0,0,,,,,,,,,,,,
meter-feast,3,smoke-screen,w+h-l+,forecast-aware,300,275,0.9167,8.58,0.8451,7.92,0,0,2.083,39.1,0.993,4.77,1.95,0,0.947,1.003,2.173,1.93,0.267,2.267,0.597,0,0,0,0,,,,,,,,,,,,
meter-feast,3,smoke-screen,w+h-l+,planner-one-mistake,300,299,0.9967,7.393,0.7385,29,0,0,1.657,30.38,1.84,4.163,0.63,0.16,0.47,0.16,2.043,1.76,0.293,1.833,0.4,0,0,0,0,300,300,300,299,0,0,81,81,0.9967,5.655,0.25,0
meter-feast,3,smoke-screen,w+h0l-,random,300,15,0.05,9.947,0.8933,59.502,0,0,3.747,69.59,1.837,11.383,0.37,1.58,0.207,0.163,1.44,1.213,0.283,1.177,0.307,0,0,0,0,,,,,,,,,,,,
meter-feast,3,smoke-screen,w+h0l-,single-water,300,0,0,10,,51.59,0,0,4,77.997,2,15.52,0,0,0,0,1,1,0,0,0,0,0,0,0,,,,,,,,,,,,
meter-feast,3,smoke-screen,w+h0l-,legacy-cycle,300,48,0.16,9.83,0.8937,18.881,0,0,3.843,74.51,2,22.583,0,0,0,0,2.097,1.327,0.07,2.923,0.757,0,0,0,0,,,,,,,,,,,,
meter-feast,3,smoke-screen,w+h0l-,greedy,300,299,0.9967,6.86,0.6849,8,0,0,1.267,23.027,1.96,4.263,0.497,0.073,0.48,0.017,1.817,1.53,0.387,1.47,0.423,0,0,0,0,,,,,,,,,,,,
meter-feast,3,smoke-screen,w+h0l-,planner,300,300,1,6.693,0.6693,,0,0,1.38,25.04,1.91,3.763,0.313,0.067,0.28,0.033,1.9,1.63,0.3,1.59,0.407,0,0,0,0,,,,,,,,,,,,
meter-feast,3,smoke-screen,w+h0l-,forecast-aware,300,299,0.9967,8.073,0.8067,5,0,0,1.84,34.14,0.987,4.903,1.867,0,0.863,1.003,2.087,1.823,0.283,2.1,0.567,0,0,0,0,,,,,,,,,,,,
meter-feast,3,smoke-screen,w+h0l-,planner-one-mistake,300,300,1,7.023,0.7023,,0,0,1.48,26.94,1.807,4.073,0.577,0.157,0.403,0.173,2.053,1.62,0.46,1.923,0.307,0,0,0,0,300,300,300,300,0,0,79,87,1,5.4525,0.75,0
meter-feast,3,smoke-screen,w+h0l0,random,300,15,0.05,9.947,0.8933,59.502,0,0,3.747,69.59,1.837,11.383,0.37,1.58,0.207,0.163,1.44,1.213,0.283,1.177,0.307,0,0,0,0,,,,,,,,,,,,
meter-feast,3,smoke-screen,w+h0l0,single-water,300,0,0,10,,51.59,0,0,4,77.997,2,15.52,0,0,0,0,1,1,0,0,0,0,0,0,0,,,,,,,,,,,,
meter-feast,3,smoke-screen,w+h0l0,legacy-cycle,300,48,0.16,9.83,0.8937,18.881,0,0,3.843,74.51,2,22.583,0,0,0,0,2.097,1.327,0.07,2.923,0.757,0,0,0,0,,,,,,,,,,,,
meter-feast,3,smoke-screen,w+h0l0,greedy,300,299,0.9967,6.86,0.6849,8,0,0,1.267,23.027,1.96,4.263,0.497,0.073,0.48,0.017,1.817,1.53,0.387,1.47,0.423,0,0,0,0,,,,,,,,,,,,
meter-feast,3,smoke-screen,w+h0l0,planner,300,300,1,6.693,0.6693,,0,0,1.38,25.04,1.91,3.763,0.313,0.067,0.28,0.033,1.9,1.63,0.3,1.59,0.407,0,0,0,0,,,,,,,,,,,,
meter-feast,3,smoke-screen,w+h0l0,forecast-aware,300,299,0.9967,8.073,0.8067,5,0,0,1.84,34.14,0.987,4.903,1.867,0,0.863,1.003,2.087,1.823,0.283,2.1,0.567,0,0,0,0,,,,,,,,,,,,
meter-feast,3,smoke-screen,w+h0l0,planner-one-mistake,300,300,1,7.023,0.7023,,0,0,1.48,26.94,1.807,4.073,0.577,0.157,0.403,0.173,2.053,1.62,0.46,1.923,0.307,0,0,0,0,300,300,300,300,0,0,79,87,1,5.4525,0.75,0
meter-feast,3,smoke-screen,w+h0l+,random,300,15,0.05,9.947,0.8933,59.502,0,0,3.747,69.59,1.837,11.383,0.37,1.58,0.207,0.163,1.44,1.213,0.283,1.177,0.307,0,0,0,0,,,,,,,,,,,,
meter-feast,3,smoke-screen,w+h0l+,single-water,300,0,0,10,,51.59,0,0,4,77.997,2,15.52,0,0,0,0,1,1,0,0,0,0,0,0,0,,,,,,,,,,,,
meter-feast,3,smoke-screen,w+h0l+,legacy-cycle,300,48,0.16,9.83,0.8937,18.881,0,0,3.843,74.51,2,22.583,0,0,0,0,2.097,1.327,0.07,2.923,0.757,0,0,0,0,,,,,,,,,,,,
meter-feast,3,smoke-screen,w+h0l+,greedy,300,299,0.9967,6.86,0.6849,8,0,0,1.267,23.027,1.96,4.263,0.497,0.073,0.48,0.017,1.817,1.53,0.387,1.47,0.423,0,0,0,0,,,,,,,,,,,,
meter-feast,3,smoke-screen,w+h0l+,planner,300,300,1,6.693,0.6693,,0,0,1.38,25.04,1.91,3.763,0.313,0.067,0.28,0.033,1.9,1.63,0.3,1.59,0.407,0,0,0,0,,,,,,,,,,,,
meter-feast,3,smoke-screen,w+h0l+,forecast-aware,300,299,0.9967,8.073,0.8067,5,0,0,1.84,34.14,0.987,4.903,1.867,0,0.863,1.003,2.087,1.823,0.283,2.1,0.567,0,0,0,0,,,,,,,,,,,,
meter-feast,3,smoke-screen,w+h0l+,planner-one-mistake,300,300,1,7.023,0.7023,,0,0,1.48,26.94,1.807,4.073,0.577,0.157,0.403,0.173,2.053,1.62,0.46,1.923,0.307,0,0,0,0,300,300,300,300,0,0,79,87,1,5.4525,0.75,0
meter-feast,3,smoke-screen,w+h+l-,random,300,19,0.0633,9.937,0.9,56.306,0,0,3.737,69.86,1.837,11.71,0.37,1.58,0.207,0.163,1.44,1.21,0.267,1.17,0.307,0,0,0,0,,,,,,,,,,,,
meter-feast,3,smoke-screen,w+h+l-,single-water,300,0,0,10,,51.59,0,0,4,77.997,2,15.52,0,0,0,0,1,1,0,0,0,0,0,0,0,,,,,,,,,,,,
meter-feast,3,smoke-screen,w+h+l-,legacy-cycle,300,115,0.3833,9.583,0.8913,14.805,0,0,3.62,69.61,2,22.683,0,0,0,0,2.093,1.28,0.09,2.803,0.757,0,0,0,0,,,,,,,,,,,,
meter-feast,3,smoke-screen,w+h+l-,greedy,300,300,1,6.497,0.6497,,0,0,1.143,20.727,1.97,3.953,0.323,0.12,0.31,0.013,1.73,1.507,0.313,1.397,0.367,0,0,0,0,,,,,,,,,,,,
meter-feast,3,smoke-screen,w+h+l-,planner,300,300,1,6.197,0.6197,,0,0,1.157,20.887,1.817,3.407,0.203,0.08,0.15,0.053,1.763,1.54,0.25,1.59,0.41,0,0,0,0,,,,,,,,,,,,
meter-feast,3,smoke-screen,w+h+l-,forecast-aware,300,300,1,7.51,0.751,,0,0,1.59,29.26,0.98,4.867,1.773,0,0.77,1.003,2.01,1.677,0.353,1.887,0.49,0,0,0,0,,,,,,,,,,,,
meter-feast,3,smoke-screen,w+h+l-,planner-one-mistake,300,300,1,6.857,0.6857,,0,0,1.357,24.667,1.827,5.36,0.55,0.267,0.4,0.15,1.897,1.53,0.42,1.747,0.313,0,0,0,0,300,300,300,300,0,0,79,84,1,5.4167,0.25,0
meter-feast,3,smoke-screen,w+h+l0,random,300,19,0.0633,9.937,0.9,56.306,0,0,3.737,69.86,1.837,11.71,0.37,1.58,0.207,0.163,1.44,1.21,0.267,1.17,0.307,0,0,0,0,,,,,,,,,,,,
meter-feast,3,smoke-screen,w+h+l0,single-water,300,0,0,10,,51.59,0,0,4,77.997,2,15.52,0,0,0,0,1,1,0,0,0,0,0,0,0,,,,,,,,,,,,
meter-feast,3,smoke-screen,w+h+l0,legacy-cycle,300,115,0.3833,9.583,0.8913,14.805,0,0,3.62,69.61,2,22.683,0,0,0,0,2.093,1.28,0.09,2.803,0.757,0,0,0,0,,,,,,,,,,,,
meter-feast,3,smoke-screen,w+h+l0,greedy,300,300,1,6.497,0.6497,,0,0,1.143,20.727,1.97,3.953,0.323,0.12,0.31,0.013,1.73,1.507,0.313,1.397,0.367,0,0,0,0,,,,,,,,,,,,
meter-feast,3,smoke-screen,w+h+l0,planner,300,300,1,6.197,0.6197,,0,0,1.157,20.887,1.817,3.407,0.203,0.08,0.15,0.053,1.763,1.54,0.25,1.59,0.41,0,0,0,0,,,,,,,,,,,,
meter-feast,3,smoke-screen,w+h+l0,forecast-aware,300,300,1,7.51,0.751,,0,0,1.59,29.26,0.98,4.867,1.773,0,0.77,1.003,2.01,1.677,0.353,1.887,0.49,0,0,0,0,,,,,,,,,,,,
meter-feast,3,smoke-screen,w+h+l0,planner-one-mistake,300,300,1,6.857,0.6857,,0,0,1.357,24.667,1.827,5.36,0.55,0.267,0.4,0.15,1.897,1.53,0.42,1.747,0.313,0,0,0,0,300,300,300,300,0,0,79,84,1,5.4167,0.25,0
meter-feast,3,smoke-screen,w+h+l+,random,300,19,0.0633,9.937,0.9,56.306,0,0,3.737,69.86,1.837,11.71,0.37,1.58,0.207,0.163,1.44,1.21,0.267,1.17,0.307,0,0,0,0,,,,,,,,,,,,
meter-feast,3,smoke-screen,w+h+l+,single-water,300,0,0,10,,51.59,0,0,4,77.997,2,15.52,0,0,0,0,1,1,0,0,0,0,0,0,0,,,,,,,,,,,,
meter-feast,3,smoke-screen,w+h+l+,legacy-cycle,300,115,0.3833,9.583,0.8913,14.805,0,0,3.62,69.61,2,22.683,0,0,0,0,2.093,1.28,0.09,2.803,0.757,0,0,0,0,,,,,,,,,,,,
meter-feast,3,smoke-screen,w+h+l+,greedy,300,300,1,6.497,0.6497,,0,0,1.143,20.727,1.97,3.953,0.323,0.12,0.31,0.013,1.73,1.507,0.313,1.397,0.367,0,0,0,0,,,,,,,,,,,,
meter-feast,3,smoke-screen,w+h+l+,planner,300,300,1,6.197,0.6197,,0,0,1.157,20.887,1.817,3.407,0.203,0.08,0.15,0.053,1.763,1.54,0.25,1.59,0.41,0,0,0,0,,,,,,,,,,,,
meter-feast,3,smoke-screen,w+h+l+,forecast-aware,300,300,1,7.51,0.751,,0,0,1.59,29.26,0.98,4.867,1.773,0,0.77,1.003,2.01,1.677,0.353,1.887,0.49,0,0,0,0,,,,,,,,,,,,
meter-feast,3,smoke-screen,w+h+l+,planner-one-mistake,300,300,1,6.857,0.6857,,0,0,1.357,24.667,1.827,5.36,0.55,0.267,0.4,0.15,1.897,1.53,0.42,1.747,0.313,0,0,0,0,300,300,300,300,0,0,79,84,1,5.4167,0.25,0
mirror-shade,4,tide-siege,w-h-l-,random,300,0,0,10,,76.3,0,0,2.827,49.353,6.7,24.667,0.473,1.11,0.173,0.3,0.71,0.523,0.307,1.16,0,0,0,0,0,,,,,,,,,,,,
mirror-shade,4,tide-siege,w-h-l-,single-water,300,0,0,10,,95.067,0,0,3,39.723,7,67.573,0,0,0,0,1,1,0.503,0,0,0,0,0,0,,,,,,,,,,,,
mirror-shade,4,tide-siege,w-h-l-,legacy-cycle,300,0,0,10,,64.12,0,0,3,59.09,7,41.713,0,0,0,0,0.443,0.13,0.347,3.14,0,0,0,0,0,,,,,,,,,,,,
mirror-shade,4,tide-siege,w-h-l-,greedy,300,227,0.7567,9.06,0.8758,12.575,0,0,1.647,32.127,5.813,3.003,0.863,0.193,0.687,0.177,1.503,1.1,0.423,2.013,0,0,0,0,0,,,,,,,,,,,,
mirror-shade,4,tide-siege,w-h-l-,planner,300,249,0.83,8.97,0.8759,29.529,0,0,1.69,32.9,5.78,2.803,0.677,0.173,0.583,0.093,1.4,1.063,0.377,2.487,0,0,0,0,0,,,,,,,,,,,,
mirror-shade,4,tide-siege,w-h-l-,forecast-aware,300,135,0.45,9.663,0.9252,18.097,0,0,1.81,35.753,4.97,3.617,2.45,0,0.91,1.54,1.393,0.957,0.483,2.57,0,0,0,0,0,,,,,,,,,,,,
mirror-shade,4,tide-siege,w-h-l-,planner-one-mistake,300,219,0.73,9.257,0.8982,32.605,0,0,1.823,35.647,5.913,3.713,0.793,0.22,0.58,0.213,1.457,0.987,0.503,2.577,0,0,0,0,0,249,300,249,200,0,0,71,71,0.8032,4.07,0.25,0
mirror-shade,4,tide-siege,w-h-l0,random,300,1,0.0033,10,1,73.074,0,0,2.827,50.32,6.697,26.167,0.473,1.11,0.173,0.3,0.71,0.523,0.307,1.16,0,0,0,0,0,,,,,,,,,,,,
mirror-shade,4,tide-siege,w-h-l0,single-water,300,0,0,10,,95.067,0,0,3,39.723,7,67.573,0,0,0,0,1,1,0.503,0,0,0,0,0,0,,,,,,,,,,,,
mirror-shade,4,tide-siege,w-h-l0,legacy-cycle,300,0,0,10,,58.707,0,0,3,59.267,7,43.407,0,0,0,0,0.443,0.13,0.347,3.14,0,0,0,0,0,,,,,,,,,,,,
mirror-shade,4,tide-siege,w-h-l0,greedy,300,264,0.88,8.817,0.8655,10.389,0,0,1.56,30.16,5.607,2.527,0.797,0.237,0.637,0.16,1.353,0.987,0.367,1.997,0,0,0,0,0,,,,,,,,,,,,
mirror-shade,4,tide-siege,w-h-l0,planner,300,287,0.9567,8.677,0.8617,29.231,0,0,1.557,29.947,5.587,2.61,0.597,0.147,0.523,0.073,1.327,0.987,0.347,2.41,0,0,0,0,0,,,,,,,,,,,,
mirror-shade,4,tide-siege,w-h-l0,forecast-aware,300,178,0.5933,9.47,0.9107,15.254,0,0,1.71,33.553,4.79,3.983,2.41,0,0.897,1.513,1.327,0.9,0.467,2.517,0,0,0,0,0,,,,,,,,,,,,
mirror-shade,4,tide-siege,w-h-l0,planner-one-mistake,300,260,0.8667,9.01,0.8858,31.85,0,0,1.723,33.413,5.71,4.013,0.717,0.247,0.513,0.203,1.387,0.92,0.48,2.6,0,0,0,0,0,287,300,287,253,0,0,71,71,0.8815,4.0842,0.25,0
mirror-shade,4,tide-siege,w-h-l+,random,300,1,0.0033,10,1,69.635,0,0,2.827,51.027,6.697,27.153,0.473,1.11,0.173,0.3,0.71,0.523,0.303,1.16,0,0,0,0,0,,,,,,,,,,,,
mirror-shade,4,tide-siege,w-h-l+,single-water,300,0,0,10,,95.067,0,0,3,39.723,7,67.573,0,0,0,0,1,1,0.503,0,0,0,0,0,0,,,,,,,,,,,,
mirror-shade,4,tide-siege,w-h-l+,legacy-cycle,300,0,0,10,,53.453,0,0,3,59.423,7,44.977,0,0,0,0,0.443,0.13,0.347,3.14,0,0,0,0,0,,,,,,,,,,,,
mirror-shade,4,tide-siege,w-h-l+,greedy,300,287,0.9567,8.633,0.8571,9.077,0,0,1.513,28.96,5.477,3.133,0.723,0.247,0.57,0.153,1.22,0.853,0.377,2.06,0,0,0,0,0,,,,,,,,,,,,
mirror-shade,4,tide-siege,w-h-l+,planner,300,297,0.99,8.507,0.8492,27.667,0,0,1.483,28.327,5.417,3.497,0.633,0.16,0.52,0.113,1.243,0.937,0.31,2.267,0,0,0,0,0,,,,,,,,,,,,
mirror-shade,4,tide-siege,w-h-l+,forecast-aware,300,226,0.7533,9.263,0.9022,13.689,0,0,1.6,31.133,4.613,4.307,2.34,0,0.87,1.47,1.27,0.82,0.487,2.477,0,0,0,0,0,,,,,,,,,,,,
mirror-shade,4,tide-siege,w-h-l+,planner-one-mistake,300,288,0.96,8.783,0.8733,29.417,0,0,1.633,31.313,5.547,4.88,0.667,0.283,0.46,0.207,1.35,0.967,0.393,2.483,0,0,0,0,0,297,300,297,286,0,0,69,69,0.963,3.82,0.25,0
mirror-shade,4,tide-siege,w-h0l-,random,300,1,0.0033,10,1,72.793,0,0,2.827,50.55,6.697,25.533,0.473,1.11,0.173,0.3,0.71,0.523,0.297,1.16,0,0,0,0,0,,,,,,,,,,,,
mirror-shade,4,tide-siege,w-h0l-,single-water,300,0,0,10,,95.067,0,0,3,39.723,7,67.573,0,0,0,0,1,1,0.503,0,0,0,0,0,0,,,,,,,,,,,,
mirror-shade,4,tide-siege,w-h0l-,legacy-cycle,300,0,0,10,,56.91,0,0,3,59.35,7,42.447,0,0,0,0,0.443,0.13,0.347,3.14,0,0,0,0,0,,,,,,,,,,,,
mirror-shade,4,tide-siege,w-h0l-,greedy,300,278,0.9267,8.62,0.8511,11.364,0,0,1.467,28.293,5.497,2.773,0.747,0.227,0.64,0.107,1.343,0.973,0.4,1.907,0,0,0,0,0,,,,,,,,,,,,
mirror-shade,4,tide-siege,w-h0l-,planner,300,287,0.9567,8.587,0.8523,30.077,0,0,1.54,29.613,5.5,2.44,0.593,0.13,0.5,0.093,1.347,0.963,0.383,2.413,0,0,0,0,0,,,,,,,,,,,,
mirror-shade,4,tide-siege,w-h0l-,forecast-aware,300,197,0.6567,9.407,0.9096,15.262,0,0,1.677,32.833,4.74,3.717,2.383,0,0.89,1.493,1.317,0.89,0.467,2.517,0,0,0,0,0,,,,,,,,,,,,
mirror-shade,4,tide-siege,w-h0l-,planner-one-mistake,300,254,0.8467,9.06,0.889,31.37,0,0,1.693,32.887,5.653,4.53,0.873,0.363,0.57,0.303,1.407,1.053,0.387,2.347,0,0,0,0,0,287,300,287,245,0,0,57,162,0.8537,6.1908,1,0
mirror-shade,4,tide-siege,w-h0l0,random,300,1,0.0033,10,1,69.161,0,0,2.827,51.35,6.697,27.033,0.473,1.11,0.173,0.3,0.71,0.523,0.297,1.16,0,0,0,0,0,,,,,,,,,,,,
mirror-shade,4,tide-siege,w-h0l0,single-water,300,0,0,10,,95.067,0,0,3,39.723,7,67.573,0,0,0,0,1,1,0.503,0,0,0,0,0,0,,,,,,,,,,,,
mirror-shade,4,tide-siege,w-h0l0,legacy-cycle,300,0,0,10,,51.4,0,0,3,59.503,7,44.14,0,0,0,0,0.443,0.13,0.347,3.14,0,0,0,0,0,,,,,,,,,,,,
mirror-shade,4,tide-siege,w-h0l0,greedy,300,291,0.97,8.41,0.8361,10,0,0,1.407,26.92,5.397,1.847,0.673,0.223,0.59,0.083,1.157,0.83,0.343,2.047,0,0,0,0,0,,,,,,,,,,,,
mirror-shade,4,tide-siege,w-h0l0,planner,300,297,0.99,8.43,0.8414,36.333,0,0,1.48,28.227,5.443,2.207,0.533,0.14,0.453,0.08,1.263,0.9,0.377,2.53,0,0,0,0,0,,,,,,,,,,,,
mirror-shade,4,tide-siege,w-h0l0,forecast-aware,300,236,0.7867,9.163,0.8936,12.828,0,0,1.567,30.427,4.563,4.047,2.303,0,0.857,1.447,1.263,0.817,0.483,2.447,0,0,0,0,0,,,,,,,,,,,,
mirror-shade,4,tide-siege,w-h0l0,planner-one-mistake,300,287,0.9567,8.817,0.8763,29.615,0,0,1.607,30.933,5.43,5.53,0.837,0.347,0.523,0.313,1.347,0.957,0.413,2.403,0,0,0,0,0,297,300,297,284,0,0,57,163,0.9562,6.1908,1,0
mirror-shade,4,tide-siege,w-h0l+,random,300,4,0.0133,9.99,0.925,66.179,0,0,2.817,51.7,6.69,28.02,0.47,1.107,0.173,0.297,0.707,0.517,0.297,1.157,0,0,0,0,0,,,,,,,,,,,,
mirror-shade,4,tide-siege,w-h0l+,single-water,300,0,0,10,,95.067,0,0,3,39.723,7,67.573,0,0,0,0,1,1,0.503,0,0,0,0,0,0,,,,,,,,,,,,
mirror-shade,4,tide-siege,w-h0l+,legacy-cycle,300,0,0,10,,46.037,0,0,3,59.657,7,45.71,0,0,0,0,0.443,0.13,0.347,3.14,0,0,0,0,0,,,,,,,,,,,,
mirror-shade,4,tide-siege,w-h0l+,greedy,300,298,0.9933,8.2,0.8188,22.5,0,0,1.427,27.06,5.227,3.247,0.57,0.23,0.477,0.093,1.06,0.747,0.32,1.96,0,0,0,0,0,,,,,,,,,,,,
mirror-shade,4,tide-siege,w-h0l+,planner,300,300,1,8.173,0.8173,,0,0,1.477,28.007,5.207,3.497,0.493,0.187,0.413,0.08,1.217,0.853,0.37,2.32,0,0,0,0,0,,,,,,,,,,,,
mirror-shade,4,tide-siege,w-h0l+,forecast-aware,300,269,0.8967,8.877,0.8747,11.161,0,0,1.463,28.167,4.363,4.297,2.233,0,0.83,1.403,1.147,0.75,0.43,2.387,0,0,0,0,0,,,,,,,,,,,,
mirror-shade,4,tide-siege,w-h0l+,planner-one-mistake,300,297,0.99,8.597,0.8582,29,0,0,1.56,29.767,5.293,6.343,0.77,0.343,0.467,0.303,1.3,0.95,0.363,2.28,0,0,0,0,0,300,300,300,297,0,0,51,163,0.99,6.1575,0.75,0
mirror-shade,4,tide-siege,w-h+l-,random,300,2,0.0067,9.997,0.95,69.336,0,0,2.823,51.207,6.693,26.147,0.473,1.11,0.173,0.3,0.707,0.523,0.287,1.16,0,0,0,0,0,,,,,,,,,,,,
mirror-shade,4,tide-siege,w-h+l-,single-water,300,0,0,10,,95.067,0,0,3,39.723,7,67.573,0,0,0,0,1,1,0.503,0,0,0,0,0,0,,,,,,,,,,,,
mirror-shade,4,tide-siege,w-h+l-,legacy-cycle,300,0,0,10,,50.667,0,0,3,59.583,7,43.06,0,0,0,0,0.443,0.13,0.347,3.14,0,0,0,0,0,,,,,,,,,,,,
mirror-shade,4,tide-siege,w-h+l-,greedy,300,295,0.9833,8.227,0.8197,11.2,0,0,1.33,25.36,5.203,2.697,0.743,0.23,0.61,0.133,1.21,0.887,0.343,1.737,0,0,0,0,0,,,,,,,,,,,,
mirror-shade,4,tide-siege,w-h+l-,planner,300,291,0.97,8.217,0.8162,29.556,0,0,1.437,27.387,5.25,2.163,0.59,0.177,0.477,0.113,1.34,1.007,0.343,2.16,0,0,0,0,0,,,,,,,,,,,,
mirror-shade,4,tide-siege,w-h+l-,forecast-aware,300,244,0.8133,9.083,0.8873,12.875,0,0,1.53,29.64,4.523,3.733,2.27,0,0.85,1.42,1.24,0.79,0.49,2.44,0,0,0,0,0,,,,,,,,,,,,
mirror-shade,4,tide-siege,w-h+l-,planner-one-mistake,300,289,0.9633,8.523,0.8467,30,0,0,1.537,29.387,5.33,3.547,0.697,0.26,0.47,0.227,1.3,0.89,0.43,2.29,0,0,0,0,0,291,300,291,281,0,0,51,57,0.9656,4.1008,1,0
mirror-shade,4,tide-siege,w-h+l0,random,300,3,0.01,9.993,0.9333,65.818,0,0,2.823,51.887,6.69,27.617,0.473,1.107,0.173,0.3,0.707,0.523,0.287,1.16,0,0,0,0,0,,,,,,,,,,,,
mirror-shade,4,tide-siege,w-h+l0,single-water,300,0,0,10,,95.067,0,0,3,39.723,7,67.573,0,0,0,0,1,1,0.503,0,0,0,0,0,0,,,,,,,,,,,,
mirror-shade,4,tide-siege,w-h+l0,legacy-cycle,300,0,0,10,,45.05,0,0,3,59.737,7,44.753,0,0,0,0,0.443,0.13,0.347,3.14,0,0,0,0,0,,,,,,,,,,,,
mirror-shade,4,tide-siege,w-h+l0,greedy,300,299,0.9967,8.08,0.8074,13,0,0,1.31,24.907,5.12,2.233,0.693,0.283,0.593,0.1,1.12,0.783,0.357,1.857,0,0,0,0,0,,,,,,,,,,,,
mirror-shade,4,tide-siege,w-h+l0,planner,300,298,0.9933,8.047,0.8034,35,0,0,1.433,27.253,5.097,2.48,0.537,0.157,0.43,0.107,1.27,0.917,0.357,2.16,0,0,0,0,0,,,,,,,,,,,,
mirror-shade,4,tide-siege,w-h+l0,forecast-aware,300,271,0.9033,8.817,0.869,10.552,0,0,1.443,27.747,4.327,4.03,2.213,0,0.82,1.393,1.147,0.75,0.43,2.373,0,0,0,0,0,,,,,,,,,,,,
mirror-shade,4,tide-siege,w-h+l0,planner-one-mistake,300,299,0.9967,8.28,0.8274,33,0,0,1.487,28.333,5.147,4.077,0.657,0.23,0.437,0.22,1.18,0.833,0.36,2.297,0,0,0,0,0,298,300,298,297,0,0,51,57,0.9966,4.065,1,0
mirror-shade,4,tide-siege,w-h+l+,random,300,9,0.03,9.977,0.9222,63.375,0,0,2.807,52.03,6.673,28.603,0.47,1.103,0.173,0.297,0.707,0.513,0.293,1.157,0,0,0,0,0,,,,,,,,,,,,
mirror-shade,4,tide-siege,w-h+l+,single-water,300,0,0,10,,95.067,0,0,3,39.723,7,67.573,0,0,0,0,1,1,0.503,0,0,0,0,0,0,,,,,,,,,,,,
mirror-shade,4,tide-siege,w-h+l+,legacy-cycle,300,0,0,10,,39.79,0,0,3,59.813,7,46.323,0,0,0,0,0.443,0.13,0.347,3.14,0,0,0,0,0,,,,,,,,,,,,
mirror-shade,4,tide-siege,w-h+l+,greedy,300,300,1,7.627,0.7627,,0,0,1.233,23.347,4.777,2.127,0.64,0.24,0.547,0.093,0.967,0.633,0.353,1.687,0,0,0,0,0,,,,,,,,,,,,
mirror-shade,4,tide-siege,w-h+l+,planner,300,298,0.9933,7.63,0.7614,33,0,0,1.357,25.693,4.783,2.52,0.503,0.18,0.413,0.09,1.047,0.737,0.317,2.023,0,0,0,0,0,,,,,,,,,,,,
mirror-shade,4,tide-siege,w-h+l+,forecast-aware,300,293,0.9767,8.52,0.8485,11.571,0,0,1.343,25.607,4.15,4.217,2.147,0,0.8,1.347,1.047,0.667,0.41,2.29,0,0,0,0,0,,,,,,,,,,,,
mirror-shade,4,tide-siege,w-h+l+,planner-one-mistake,300,300,1,7.883,0.7883,,0,0,1.42,26.953,4.82,3.953,0.65,0.217,0.44,0.21,1,0.71,0.3,2.167,0,0,0,0,0,298,300,298,298,0,0,51,57,1,3.99,0.75,0
mirror-shade,4,tide-siege,w0h-l-,random,300,0,0,10,,76.3,0,0,2.827,49.353,6.7,24.667,0.473,1.11,0.173,0.3,0.71,0.523,0.307,1.16,0,0,0,0,0,,,,,,,,,,,,
mirror-shade,4,tide-siege,w0h-l-,single-water,300,0,0,10,,95.067,0,0,3,39.723,7,67.573,0,0,0,0,1,1,0.503,0,0,0,0,0,0,,,,,,,,,,,,
mirror-shade,4,tide-siege,w0h-l-,legacy-cycle,300,0,0,10,,64.12,0,0,3,59.09,7,41.713,0,0,0,0,0.443,0.13,0.347,3.14,0,0,0,0,0,,,,,,,,,,,,
mirror-shade,4,tide-siege,w0h-l-,greedy,300,227,0.7567,9.06,0.8758,12.575,0,0,1.647,32.127,5.813,3.003,0.863,0.193,0.687,0.177,1.503,1.1,0.423,2.013,0,0,0,0,0,,,,,,,,,,,,
mirror-shade,4,tide-siege,w0h-l-,planner,300,249,0.83,8.97,0.8759,29.529,0,0,1.69,32.9,5.78,2.803,0.677,0.173,0.583,0.093,1.4,1.063,0.377,2.487,0,0,0,0,0,,,,,,,,,,,,
mirror-shade,4,tide-siege,w0h-l-,forecast-aware,300,135,0.45,9.663,0.9252,18.097,0,0,1.81,35.753,4.97,3.617,2.45,0,0.91,1.54,1.393,0.957,0.483,2.57,0,0,0,0,0,,,,,,,,,,,,
mirror-shade,4,tide-siege,w0h-l-,planner-one-mistake,300,219,0.73,9.257,0.8982,32.605,0,0,1.823,35.647,5.913,3.713,0.793,0.22,0.58,0.213,1.457,0.987,0.503,2.577,0,0,0,0,0,249,300,249,200,0,0,71,71,0.8032,4.07,0.25,0
mirror-shade,4,tide-siege,w0h-l0,random,300,1,0.0033,10,1,73.074,0,0,2.827,50.32,6.697,26.167,0.473,1.11,0.173,0.3,0.71,0.523,0.307,1.16,0,0,0,0,0,,,,,,,,,,,,
mirror-shade,4,tide-siege,w0h-l0,single-water,300,0,0,10,,95.067,0,0,3,39.723,7,67.573,0,0,0,0,1,1,0.503,0,0,0,0,0,0,,,,,,,,,,,,
mirror-shade,4,tide-siege,w0h-l0,legacy-cycle,300,0,0,10,,58.707,0,0,3,59.267,7,43.407,0,0,0,0,0.443,0.13,0.347,3.14,0,0,0,0,0,,,,,,,,,,,,
mirror-shade,4,tide-siege,w0h-l0,greedy,300,264,0.88,8.817,0.8655,10.389,0,0,1.56,30.16,5.607,2.527,0.797,0.237,0.637,0.16,1.353,0.987,0.367,1.997,0,0,0,0,0,,,,,,,,,,,,
mirror-shade,4,tide-siege,w0h-l0,planner,300,287,0.9567,8.677,0.8617,29.231,0,0,1.557,29.947,5.587,2.61,0.597,0.147,0.523,0.073,1.327,0.987,0.347,2.41,0,0,0,0,0,,,,,,,,,,,,
mirror-shade,4,tide-siege,w0h-l0,forecast-aware,300,178,0.5933,9.47,0.9107,15.254,0,0,1.71,33.553,4.79,3.983,2.41,0,0.897,1.513,1.327,0.9,0.467,2.517,0,0,0,0,0,,,,,,,,,,,,
mirror-shade,4,tide-siege,w0h-l0,planner-one-mistake,300,260,0.8667,9.01,0.8858,31.85,0,0,1.723,33.413,5.71,4.013,0.717,0.247,0.513,0.203,1.387,0.92,0.48,2.6,0,0,0,0,0,287,300,287,253,0,0,71,71,0.8815,4.0842,0.25,0
mirror-shade,4,tide-siege,w0h-l+,random,300,1,0.0033,10,1,69.635,0,0,2.827,51.027,6.697,27.153,0.473,1.11,0.173,0.3,0.71,0.523,0.303,1.16,0,0,0,0,0,,,,,,,,,,,,
mirror-shade,4,tide-siege,w0h-l+,single-water,300,0,0,10,,95.067,0,0,3,39.723,7,67.573,0,0,0,0,1,1,0.503,0,0,0,0,0,0,,,,,,,,,,,,
mirror-shade,4,tide-siege,w0h-l+,legacy-cycle,300,0,0,10,,53.453,0,0,3,59.423,7,44.977,0,0,0,0,0.443,0.13,0.347,3.14,0,0,0,0,0,,,,,,,,,,,,
mirror-shade,4,tide-siege,w0h-l+,greedy,300,287,0.9567,8.633,0.8571,9.077,0,0,1.513,28.96,5.477,3.133,0.723,0.247,0.57,0.153,1.22,0.853,0.377,2.06,0,0,0,0,0,,,,,,,,,,,,
mirror-shade,4,tide-siege,w0h-l+,planner,300,297,0.99,8.507,0.8492,27.667,0,0,1.483,28.327,5.417,3.497,0.633,0.16,0.52,0.113,1.243,0.937,0.31,2.267,0,0,0,0,0,,,,,,,,,,,,
mirror-shade,4,tide-siege,w0h-l+,forecast-aware,300,226,0.7533,9.263,0.9022,13.689,0,0,1.6,31.133,4.613,4.307,2.34,0,0.87,1.47,1.27,0.82,0.487,2.477,0,0,0,0,0,,,,,,,,,,,,
mirror-shade,4,tide-siege,w0h-l+,planner-one-mistake,300,288,0.96,8.783,0.8733,29.417,0,0,1.633,31.313,5.547,4.88,0.667,0.283,0.46,0.207,1.35,0.967,0.393,2.483,0,0,0,0,0,297,300,297,286,0,0,69,69,0.963,3.82,0.25,0
mirror-shade,4,tide-siege,w0h0l-,random,300,1,0.0033,10,1,72.793,0,0,2.827,50.55,6.697,25.533,0.473,1.11,0.173,0.3,0.71,0.523,0.297,1.16,0,0,0,0,0,,,,,,,,,,,,
mirror-shade,4,tide-siege,w0h0l-,single-water,300,0,0,10,,95.067,0,0,3,39.723,7,67.573,0,0,0,0,1,1,0.503,0,0,0,0,0,0,,,,,,,,,,,,
mirror-shade,4,tide-siege,w0h0l-,legacy-cycle,300,0,0,10,,56.91,0,0,3,59.35,7,42.447,0,0,0,0,0.443,0.13,0.347,3.14,0,0,0,0,0,,,,,,,,,,,,
mirror-shade,4,tide-siege,w0h0l-,greedy,300,278,0.9267,8.62,0.8511,11.364,0,0,1.467,28.293,5.497,2.773,0.747,0.227,0.64,0.107,1.343,0.973,0.4,1.907,0,0,0,0,0,,,,,,,,,,,,
mirror-shade,4,tide-siege,w0h0l-,planner,300,287,0.9567,8.587,0.8523,30.077,0,0,1.54,29.613,5.5,2.44,0.593,0.13,0.5,0.093,1.347,0.963,0.383,2.413,0,0,0,0,0,,,,,,,,,,,,
mirror-shade,4,tide-siege,w0h0l-,forecast-aware,300,197,0.6567,9.407,0.9096,15.262,0,0,1.677,32.833,4.74,3.717,2.383,0,0.89,1.493,1.317,0.89,0.467,2.517,0,0,0,0,0,,,,,,,,,,,,
mirror-shade,4,tide-siege,w0h0l-,planner-one-mistake,300,254,0.8467,9.06,0.889,31.37,0,0,1.693,32.887,5.653,4.53,0.873,0.363,0.57,0.303,1.407,1.053,0.387,2.347,0,0,0,0,0,287,300,287,245,0,0,57,162,0.8537,6.1908,1,0
mirror-shade,4,tide-siege,w0h0l0,random,300,1,0.0033,10,1,69.161,0,0,2.827,51.35,6.697,27.033,0.473,1.11,0.173,0.3,0.71,0.523,0.297,1.16,0,0,0,0,0,,,,,,,,,,,,
mirror-shade,4,tide-siege,w0h0l0,single-water,300,0,0,10,,95.067,0,0,3,39.723,7,67.573,0,0,0,0,1,1,0.503,0,0,0,0,0,0,,,,,,,,,,,,
mirror-shade,4,tide-siege,w0h0l0,legacy-cycle,300,0,0,10,,51.4,0,0,3,59.503,7,44.14,0,0,0,0,0.443,0.13,0.347,3.14,0,0,0,0,0,,,,,,,,,,,,
mirror-shade,4,tide-siege,w0h0l0,greedy,300,291,0.97,8.41,0.8361,10,0,0,1.407,26.92,5.397,1.847,0.673,0.223,0.59,0.083,1.157,0.83,0.343,2.047,0,0,0,0,0,,,,,,,,,,,,
mirror-shade,4,tide-siege,w0h0l0,planner,300,297,0.99,8.43,0.8414,36.333,0,0,1.48,28.227,5.443,2.207,0.533,0.14,0.453,0.08,1.263,0.9,0.377,2.53,0,0,0,0,0,,,,,,,,,,,,
mirror-shade,4,tide-siege,w0h0l0,forecast-aware,300,236,0.7867,9.163,0.8936,12.828,0,0,1.567,30.427,4.563,4.047,2.303,0,0.857,1.447,1.263,0.817,0.483,2.447,0,0,0,0,0,,,,,,,,,,,,
mirror-shade,4,tide-siege,w0h0l0,planner-one-mistake,300,287,0.9567,8.817,0.8763,29.615,0,0,1.607,30.933,5.43,5.53,0.837,0.347,0.523,0.313,1.347,0.957,0.413,2.403,0,0,0,0,0,297,300,297,284,0,0,57,163,0.9562,6.1908,1,0
mirror-shade,4,tide-siege,w0h0l+,random,300,4,0.0133,9.99,0.925,66.179,0,0,2.817,51.7,6.69,28.02,0.47,1.107,0.173,0.297,0.707,0.517,0.297,1.157,0,0,0,0,0,,,,,,,,,,,,
mirror-shade,4,tide-siege,w0h0l+,single-water,300,0,0,10,,95.067,0,0,3,39.723,7,67.573,0,0,0,0,1,1,0.503,0,0,0,0,0,0,,,,,,,,,,,,
mirror-shade,4,tide-siege,w0h0l+,legacy-cycle,300,0,0,10,,46.037,0,0,3,59.657,7,45.71,0,0,0,0,0.443,0.13,0.347,3.14,0,0,0,0,0,,,,,,,,,,,,
mirror-shade,4,tide-siege,w0h0l+,greedy,300,298,0.9933,8.2,0.8188,22.5,0,0,1.427,27.06,5.227,3.247,0.57,0.23,0.477,0.093,1.06,0.747,0.32,1.96,0,0,0,0,0,,,,,,,,,,,,
mirror-shade,4,tide-siege,w0h0l+,planner,300,300,1,8.173,0.8173,,0,0,1.477,28.007,5.207,3.497,0.493,0.187,0.413,0.08,1.217,0.853,0.37,2.32,0,0,0,0,0,,,,,,,,,,,,
mirror-shade,4,tide-siege,w0h0l+,forecast-aware,300,269,0.8967,8.877,0.8747,11.161,0,0,1.463,28.167,4.363,4.297,2.233,0,0.83,1.403,1.147,0.75,0.43,2.387,0,0,0,0,0,,,,,,,,,,,,
mirror-shade,4,tide-siege,w0h0l+,planner-one-mistake,300,297,0.99,8.597,0.8582,29,0,0,1.56,29.767,5.293,6.343,0.77,0.343,0.467,0.303,1.3,0.95,0.363,2.28,0,0,0,0,0,300,300,300,297,0,0,51,163,0.99,6.1575,0.75,0
mirror-shade,4,tide-siege,w0h+l-,random,300,2,0.0067,9.997,0.95,69.336,0,0,2.823,51.207,6.693,26.147,0.473,1.11,0.173,0.3,0.707,0.523,0.287,1.16,0,0,0,0,0,,,,,,,,,,,,
mirror-shade,4,tide-siege,w0h+l-,single-water,300,0,0,10,,95.067,0,0,3,39.723,7,67.573,0,0,0,0,1,1,0.503,0,0,0,0,0,0,,,,,,,,,,,,
mirror-shade,4,tide-siege,w0h+l-,legacy-cycle,300,0,0,10,,50.667,0,0,3,59.583,7,43.06,0,0,0,0,0.443,0.13,0.347,3.14,0,0,0,0,0,,,,,,,,,,,,
mirror-shade,4,tide-siege,w0h+l-,greedy,300,295,0.9833,8.227,0.8197,11.2,0,0,1.33,25.36,5.203,2.697,0.743,0.23,0.61,0.133,1.21,0.887,0.343,1.737,0,0,0,0,0,,,,,,,,,,,,
mirror-shade,4,tide-siege,w0h+l-,planner,300,291,0.97,8.217,0.8162,29.556,0,0,1.437,27.387,5.25,2.163,0.59,0.177,0.477,0.113,1.34,1.007,0.343,2.16,0,0,0,0,0,,,,,,,,,,,,
mirror-shade,4,tide-siege,w0h+l-,forecast-aware,300,244,0.8133,9.083,0.8873,12.875,0,0,1.53,29.64,4.523,3.733,2.27,0,0.85,1.42,1.24,0.79,0.49,2.44,0,0,0,0,0,,,,,,,,,,,,
mirror-shade,4,tide-siege,w0h+l-,planner-one-mistake,300,289,0.9633,8.523,0.8467,30,0,0,1.537,29.387,5.33,3.547,0.697,0.26,0.47,0.227,1.3,0.89,0.43,2.29,0,0,0,0,0,291,300,291,281,0,0,51,57,0.9656,4.1008,1,0
mirror-shade,4,tide-siege,w0h+l0,random,300,3,0.01,9.993,0.9333,65.818,0,0,2.823,51.887,6.69,27.617,0.473,1.107,0.173,0.3,0.707,0.523,0.287,1.16,0,0,0,0,0,,,,,,,,,,,,
mirror-shade,4,tide-siege,w0h+l0,single-water,300,0,0,10,,95.067,0,0,3,39.723,7,67.573,0,0,0,0,1,1,0.503,0,0,0,0,0,0,,,,,,,,,,,,
mirror-shade,4,tide-siege,w0h+l0,legacy-cycle,300,0,0,10,,45.05,0,0,3,59.737,7,44.753,0,0,0,0,0.443,0.13,0.347,3.14,0,0,0,0,0,,,,,,,,,,,,
mirror-shade,4,tide-siege,w0h+l0,greedy,300,299,0.9967,8.08,0.8074,13,0,0,1.31,24.907,5.12,2.233,0.693,0.283,0.593,0.1,1.12,0.783,0.357,1.857,0,0,0,0,0,,,,,,,,,,,,
mirror-shade,4,tide-siege,w0h+l0,planner,300,298,0.9933,8.047,0.8034,35,0,0,1.433,27.253,5.097,2.48,0.537,0.157,0.43,0.107,1.27,0.917,0.357,2.16,0,0,0,0,0,,,,,,,,,,,,
mirror-shade,4,tide-siege,w0h+l0,forecast-aware,300,271,0.9033,8.817,0.869,10.552,0,0,1.443,27.747,4.327,4.03,2.213,0,0.82,1.393,1.147,0.75,0.43,2.373,0,0,0,0,0,,,,,,,,,,,,
mirror-shade,4,tide-siege,w0h+l0,planner-one-mistake,300,299,0.9967,8.28,0.8274,33,0,0,1.487,28.333,5.147,4.077,0.657,0.23,0.437,0.22,1.18,0.833,0.36,2.297,0,0,0,0,0,298,300,298,297,0,0,51,57,0.9966,4.065,1,0
mirror-shade,4,tide-siege,w0h+l+,random,300,9,0.03,9.977,0.9222,63.375,0,0,2.807,52.03,6.673,28.603,0.47,1.103,0.173,0.297,0.707,0.513,0.293,1.157,0,0,0,0,0,,,,,,,,,,,,
mirror-shade,4,tide-siege,w0h+l+,single-water,300,0,0,10,,95.067,0,0,3,39.723,7,67.573,0,0,0,0,1,1,0.503,0,0,0,0,0,0,,,,,,,,,,,,
mirror-shade,4,tide-siege,w0h+l+,legacy-cycle,300,0,0,10,,39.79,0,0,3,59.813,7,46.323,0,0,0,0,0.443,0.13,0.347,3.14,0,0,0,0,0,,,,,,,,,,,,
mirror-shade,4,tide-siege,w0h+l+,greedy,300,300,1,7.627,0.7627,,0,0,1.233,23.347,4.777,2.127,0.64,0.24,0.547,0.093,0.967,0.633,0.353,1.687,0,0,0,0,0,,,,,,,,,,,,
mirror-shade,4,tide-siege,w0h+l+,planner,300,298,0.9933,7.63,0.7614,33,0,0,1.357,25.693,4.783,2.52,0.503,0.18,0.413,0.09,1.047,0.737,0.317,2.023,0,0,0,0,0,,,,,,,,,,,,
mirror-shade,4,tide-siege,w0h+l+,forecast-aware,300,293,0.9767,8.52,0.8485,11.571,0,0,1.343,25.607,4.15,4.217,2.147,0,0.8,1.347,1.047,0.667,0.41,2.29,0,0,0,0,0,,,,,,,,,,,,
mirror-shade,4,tide-siege,w0h+l+,planner-one-mistake,300,300,1,7.883,0.7883,,0,0,1.42,26.953,4.82,3.953,0.65,0.217,0.44,0.21,1,0.71,0.3,2.167,0,0,0,0,0,298,300,298,298,0,0,51,57,1,3.99,0.75,0
mirror-shade,4,tide-siege,w+h-l-,random,300,0,0,10,,76.3,0,0,2.827,49.353,6.7,24.667,0.473,1.11,0.173,0.3,0.71,0.523,0.307,1.16,0,0,0,0,0,,,,,,,,,,,,
mirror-shade,4,tide-siege,w+h-l-,single-water,300,0,0,10,,95.067,0,0,3,39.723,7,67.573,0,0,0,0,1,1,0.503,0,0,0,0,0,0,,,,,,,,,,,,
mirror-shade,4,tide-siege,w+h-l-,legacy-cycle,300,0,0,10,,64.12,0,0,3,59.09,7,41.713,0,0,0,0,0.443,0.13,0.347,3.14,0,0,0,0,0,,,,,,,,,,,,
mirror-shade,4,tide-siege,w+h-l-,greedy,300,227,0.7567,9.06,0.8758,12.575,0,0,1.647,32.127,5.813,3.003,0.863,0.193,0.687,0.177,1.503,1.1,0.423,2.013,0,0,0,0,0,,,,,,,,,,,,
mirror-shade,4,tide-siege,w+h-l-,planner,300,249,0.83,8.97,0.8759,29.529,0,0,1.69,32.9,5.78,2.803,0.677,0.173,0.583,0.093,1.4,1.063,0.377,2.487,0,0,0,0,0,,,,,,,,,,,,
mirror-shade,4,tide-siege,w+h-l-,forecast-aware,300,135,0.45,9.663,0.9252,18.097,0,0,1.81,35.753,4.97,3.617,2.45,0,0.91,1.54,1.393,0.957,0.483,2.57,0,0,0,0,0,,,,,,,,,,,,
mirror-shade,4,tide-siege,w+h-l-,planner-one-mistake,300,219,0.73,9.257,0.8982,32.605,0,0,1.823,35.647,5.913,3.713,0.793,0.22,0.58,0.213,1.457,0.987,0.503,2.577,0,0,0,0,0,249,300,249,200,0,0,71,71,0.8032,4.07,0.25,0
mirror-shade,4,tide-siege,w+h-l0,random,300,1,0.0033,10,1,73.074,0,0,2.827,50.32,6.697,26.167,0.473,1.11,0.173,0.3,0.71,0.523,0.307,1.16,0,0,0,0,0,,,,,,,,,,,,
mirror-shade,4,tide-siege,w+h-l0,single-water,300,0,0,10,,95.067,0,0,3,39.723,7,67.573,0,0,0,0,1,1,0.503,0,0,0,0,0,0,,,,,,,,,,,,
mirror-shade,4,tide-siege,w+h-l0,legacy-cycle,300,0,0,10,,58.707,0,0,3,59.267,7,43.407,0,0,0,0,0.443,0.13,0.347,3.14,0,0,0,0,0,,,,,,,,,,,,
mirror-shade,4,tide-siege,w+h-l0,greedy,300,264,0.88,8.817,0.8655,10.389,0,0,1.56,30.16,5.607,2.527,0.797,0.237,0.637,0.16,1.353,0.987,0.367,1.997,0,0,0,0,0,,,,,,,,,,,,
mirror-shade,4,tide-siege,w+h-l0,planner,300,287,0.9567,8.677,0.8617,29.231,0,0,1.557,29.947,5.587,2.61,0.597,0.147,0.523,0.073,1.327,0.987,0.347,2.41,0,0,0,0,0,,,,,,,,,,,,
mirror-shade,4,tide-siege,w+h-l0,forecast-aware,300,178,0.5933,9.47,0.9107,15.254,0,0,1.71,33.553,4.79,3.983,2.41,0,0.897,1.513,1.327,0.9,0.467,2.517,0,0,0,0,0,,,,,,,,,,,,
mirror-shade,4,tide-siege,w+h-l0,planner-one-mistake,300,260,0.8667,9.01,0.8858,31.85,0,0,1.723,33.413,5.71,4.013,0.717,0.247,0.513,0.203,1.387,0.92,0.48,2.6,0,0,0,0,0,287,300,287,253,0,0,71,71,0.8815,4.0842,0.25,0
mirror-shade,4,tide-siege,w+h-l+,random,300,1,0.0033,10,1,69.635,0,0,2.827,51.027,6.697,27.153,0.473,1.11,0.173,0.3,0.71,0.523,0.303,1.16,0,0,0,0,0,,,,,,,,,,,,
mirror-shade,4,tide-siege,w+h-l+,single-water,300,0,0,10,,95.067,0,0,3,39.723,7,67.573,0,0,0,0,1,1,0.503,0,0,0,0,0,0,,,,,,,,,,,,
mirror-shade,4,tide-siege,w+h-l+,legacy-cycle,300,0,0,10,,53.453,0,0,3,59.423,7,44.977,0,0,0,0,0.443,0.13,0.347,3.14,0,0,0,0,0,,,,,,,,,,,,
mirror-shade,4,tide-siege,w+h-l+,greedy,300,287,0.9567,8.633,0.8571,9.077,0,0,1.513,28.96,5.477,3.133,0.723,0.247,0.57,0.153,1.22,0.853,0.377,2.06,0,0,0,0,0,,,,,,,,,,,,
mirror-shade,4,tide-siege,w+h-l+,planner,300,297,0.99,8.507,0.8492,27.667,0,0,1.483,28.327,5.417,3.497,0.633,0.16,0.52,0.113,1.243,0.937,0.31,2.267,0,0,0,0,0,,,,,,,,,,,,
mirror-shade,4,tide-siege,w+h-l+,forecast-aware,300,226,0.7533,9.263,0.9022,13.689,0,0,1.6,31.133,4.613,4.307,2.34,0,0.87,1.47,1.27,0.82,0.487,2.477,0,0,0,0,0,,,,,,,,,,,,
mirror-shade,4,tide-siege,w+h-l+,planner-one-mistake,300,288,0.96,8.783,0.8733,29.417,0,0,1.633,31.313,5.547,4.88,0.667,0.283,0.46,0.207,1.35,0.967,0.393,2.483,0,0,0,0,0,297,300,297,286,0,0,69,69,0.963,3.82,0.25,0
mirror-shade,4,tide-siege,w+h0l-,random,300,1,0.0033,10,1,72.793,0,0,2.827,50.55,6.697,25.533,0.473,1.11,0.173,0.3,0.71,0.523,0.297,1.16,0,0,0,0,0,,,,,,,,,,,,
mirror-shade,4,tide-siege,w+h0l-,single-water,300,0,0,10,,95.067,0,0,3,39.723,7,67.573,0,0,0,0,1,1,0.503,0,0,0,0,0,0,,,,,,,,,,,,
mirror-shade,4,tide-siege,w+h0l-,legacy-cycle,300,0,0,10,,56.91,0,0,3,59.35,7,42.447,0,0,0,0,0.443,0.13,0.347,3.14,0,0,0,0,0,,,,,,,,,,,,
mirror-shade,4,tide-siege,w+h0l-,greedy,300,278,0.9267,8.62,0.8511,11.364,0,0,1.467,28.293,5.497,2.773,0.747,0.227,0.64,0.107,1.343,0.973,0.4,1.907,0,0,0,0,0,,,,,,,,,,,,
mirror-shade,4,tide-siege,w+h0l-,planner,300,287,0.9567,8.587,0.8523,30.077,0,0,1.54,29.613,5.5,2.44,0.593,0.13,0.5,0.093,1.347,0.963,0.383,2.413,0,0,0,0,0,,,,,,,,,,,,
mirror-shade,4,tide-siege,w+h0l-,forecast-aware,300,197,0.6567,9.407,0.9096,15.262,0,0,1.677,32.833,4.74,3.717,2.383,0,0.89,1.493,1.317,0.89,0.467,2.517,0,0,0,0,0,,,,,,,,,,,,
mirror-shade,4,tide-siege,w+h0l-,planner-one-mistake,300,254,0.8467,9.06,0.889,31.37,0,0,1.693,32.887,5.653,4.53,0.873,0.363,0.57,0.303,1.407,1.053,0.387,2.347,0,0,0,0,0,287,300,287,245,0,0,57,162,0.8537,6.1908,1,0
mirror-shade,4,tide-siege,w+h0l0,random,300,1,0.0033,10,1,69.161,0,0,2.827,51.35,6.697,27.033,0.473,1.11,0.173,0.3,0.71,0.523,0.297,1.16,0,0,0,0,0,,,,,,,,,,,,
mirror-shade,4,tide-siege,w+h0l0,single-water,300,0,0,10,,95.067,0,0,3,39.723,7,67.573,0,0,0,0,1,1,0.503,0,0,0,0,0,0,,,,,,,,,,,,
mirror-shade,4,tide-siege,w+h0l0,legacy-cycle,300,0,0,10,,51.4,0,0,3,59.503,7,44.14,0,0,0,0,0.443,0.13,0.347,3.14,0,0,0,0,0,,,,,,,,,,,,
mirror-shade,4,tide-siege,w+h0l0,greedy,300,291,0.97,8.41,0.8361,10,0,0,1.407,26.92,5.397,1.847,0.673,0.223,0.59,0.083,1.157,0.83,0.343,2.047,0,0,0,0,0,,,,,,,,,,,,
mirror-shade,4,tide-siege,w+h0l0,planner,300,297,0.99,8.43,0.8414,36.333,0,0,1.48,28.227,5.443,2.207,0.533,0.14,0.453,0.08,1.263,0.9,0.377,2.53,0,0,0,0,0,,,,,,,,,,,,
mirror-shade,4,tide-siege,w+h0l0,forecast-aware,300,236,0.7867,9.163,0.8936,12.828,0,0,1.567,30.427,4.563,4.047,2.303,0,0.857,1.447,1.263,0.817,0.483,2.447,0,0,0,0,0,,,,,,,,,,,,
mirror-shade,4,tide-siege,w+h0l0,planner-one-mistake,300,287,0.9567,8.817,0.8763,29.615,0,0,1.607,30.933,5.43,5.53,0.837,0.347,0.523,0.313,1.347,0.957,0.413,2.403,0,0,0,0,0,297,300,297,284,0,0,57,163,0.9562,6.1908,1,0
mirror-shade,4,tide-siege,w+h0l+,random,300,4,0.0133,9.99,0.925,66.179,0,0,2.817,51.7,6.69,28.02,0.47,1.107,0.173,0.297,0.707,0.517,0.297,1.157,0,0,0,0,0,,,,,,,,,,,,
mirror-shade,4,tide-siege,w+h0l+,single-water,300,0,0,10,,95.067,0,0,3,39.723,7,67.573,0,0,0,0,1,1,0.503,0,0,0,0,0,0,,,,,,,,,,,,
mirror-shade,4,tide-siege,w+h0l+,legacy-cycle,300,0,0,10,,46.037,0,0,3,59.657,7,45.71,0,0,0,0,0.443,0.13,0.347,3.14,0,0,0,0,0,,,,,,,,,,,,
mirror-shade,4,tide-siege,w+h0l+,greedy,300,298,0.9933,8.2,0.8188,22.5,0,0,1.427,27.06,5.227,3.247,0.57,0.23,0.477,0.093,1.06,0.747,0.32,1.96,0,0,0,0,0,,,,,,,,,,,,
mirror-shade,4,tide-siege,w+h0l+,planner,300,300,1,8.173,0.8173,,0,0,1.477,28.007,5.207,3.497,0.493,0.187,0.413,0.08,1.217,0.853,0.37,2.32,0,0,0,0,0,,,,,,,,,,,,
mirror-shade,4,tide-siege,w+h0l+,forecast-aware,300,269,0.8967,8.877,0.8747,11.161,0,0,1.463,28.167,4.363,4.297,2.233,0,0.83,1.403,1.147,0.75,0.43,2.387,0,0,0,0,0,,,,,,,,,,,,
mirror-shade,4,tide-siege,w+h0l+,planner-one-mistake,300,297,0.99,8.597,0.8582,29,0,0,1.56,29.767,5.293,6.343,0.77,0.343,0.467,0.303,1.3,0.95,0.363,2.28,0,0,0,0,0,300,300,300,297,0,0,51,163,0.99,6.1575,0.75,0
mirror-shade,4,tide-siege,w+h+l-,random,300,2,0.0067,9.997,0.95,69.336,0,0,2.823,51.207,6.693,26.147,0.473,1.11,0.173,0.3,0.707,0.523,0.287,1.16,0,0,0,0,0,,,,,,,,,,,,
mirror-shade,4,tide-siege,w+h+l-,single-water,300,0,0,10,,95.067,0,0,3,39.723,7,67.573,0,0,0,0,1,1,0.503,0,0,0,0,0,0,,,,,,,,,,,,
mirror-shade,4,tide-siege,w+h+l-,legacy-cycle,300,0,0,10,,50.667,0,0,3,59.583,7,43.06,0,0,0,0,0.443,0.13,0.347,3.14,0,0,0,0,0,,,,,,,,,,,,
mirror-shade,4,tide-siege,w+h+l-,greedy,300,295,0.9833,8.227,0.8197,11.2,0,0,1.33,25.36,5.203,2.697,0.743,0.23,0.61,0.133,1.21,0.887,0.343,1.737,0,0,0,0,0,,,,,,,,,,,,
mirror-shade,4,tide-siege,w+h+l-,planner,300,291,0.97,8.217,0.8162,29.556,0,0,1.437,27.387,5.25,2.163,0.59,0.177,0.477,0.113,1.34,1.007,0.343,2.16,0,0,0,0,0,,,,,,,,,,,,
mirror-shade,4,tide-siege,w+h+l-,forecast-aware,300,244,0.8133,9.083,0.8873,12.875,0,0,1.53,29.64,4.523,3.733,2.27,0,0.85,1.42,1.24,0.79,0.49,2.44,0,0,0,0,0,,,,,,,,,,,,
mirror-shade,4,tide-siege,w+h+l-,planner-one-mistake,300,289,0.9633,8.523,0.8467,30,0,0,1.537,29.387,5.33,3.547,0.697,0.26,0.47,0.227,1.3,0.89,0.43,2.29,0,0,0,0,0,291,300,291,281,0,0,51,57,0.9656,4.1008,1,0
mirror-shade,4,tide-siege,w+h+l0,random,300,3,0.01,9.993,0.9333,65.818,0,0,2.823,51.887,6.69,27.617,0.473,1.107,0.173,0.3,0.707,0.523,0.287,1.16,0,0,0,0,0,,,,,,,,,,,,
mirror-shade,4,tide-siege,w+h+l0,single-water,300,0,0,10,,95.067,0,0,3,39.723,7,67.573,0,0,0,0,1,1,0.503,0,0,0,0,0,0,,,,,,,,,,,,
mirror-shade,4,tide-siege,w+h+l0,legacy-cycle,300,0,0,10,,45.05,0,0,3,59.737,7,44.753,0,0,0,0,0.443,0.13,0.347,3.14,0,0,0,0,0,,,,,,,,,,,,
mirror-shade,4,tide-siege,w+h+l0,greedy,300,299,0.9967,8.08,0.8074,13,0,0,1.31,24.907,5.12,2.233,0.693,0.283,0.593,0.1,1.12,0.783,0.357,1.857,0,0,0,0,0,,,,,,,,,,,,
mirror-shade,4,tide-siege,w+h+l0,planner,300,298,0.9933,8.047,0.8034,35,0,0,1.433,27.253,5.097,2.48,0.537,0.157,0.43,0.107,1.27,0.917,0.357,2.16,0,0,0,0,0,,,,,,,,,,,,
mirror-shade,4,tide-siege,w+h+l0,forecast-aware,300,271,0.9033,8.817,0.869,10.552,0,0,1.443,27.747,4.327,4.03,2.213,0,0.82,1.393,1.147,0.75,0.43,2.373,0,0,0,0,0,,,,,,,,,,,,
mirror-shade,4,tide-siege,w+h+l0,planner-one-mistake,300,299,0.9967,8.28,0.8274,33,0,0,1.487,28.333,5.147,4.077,0.657,0.23,0.437,0.22,1.18,0.833,0.36,2.297,0,0,0,0,0,298,300,298,297,0,0,51,57,0.9966,4.065,1,0
mirror-shade,4,tide-siege,w+h+l+,random,300,9,0.03,9.977,0.9222,63.375,0,0,2.807,52.03,6.673,28.603,0.47,1.103,0.173,0.297,0.707,0.513,0.293,1.157,0,0,0,0,0,,,,,,,,,,,,
mirror-shade,4,tide-siege,w+h+l+,single-water,300,0,0,10,,95.067,0,0,3,39.723,7,67.573,0,0,0,0,1,1,0.503,0,0,0,0,0,0,,,,,,,,,,,,
mirror-shade,4,tide-siege,w+h+l+,legacy-cycle,300,0,0,10,,39.79,0,0,3,59.813,7,46.323,0,0,0,0,0.443,0.13,0.347,3.14,0,0,0,0,0,,,,,,,,,,,,
mirror-shade,4,tide-siege,w+h+l+,greedy,300,300,1,7.627,0.7627,,0,0,1.233,23.347,4.777,2.127,0.64,0.24,0.547,0.093,0.967,0.633,0.353,1.687,0,0,0,0,0,,,,,,,,,,,,
mirror-shade,4,tide-siege,w+h+l+,planner,300,298,0.9933,7.63,0.7614,33,0,0,1.357,25.693,4.783,2.52,0.503,0.18,0.413,0.09,1.047,0.737,0.317,2.023,0,0,0,0,0,,,,,,,,,,,,
mirror-shade,4,tide-siege,w+h+l+,forecast-aware,300,293,0.9767,8.52,0.8485,11.571,0,0,1.343,25.607,4.15,4.217,2.147,0,0.8,1.347,1.047,0.667,0.41,2.29,0,0,0,0,0,,,,,,,,,,,,
mirror-shade,4,tide-siege,w+h+l+,planner-one-mistake,300,300,1,7.883,0.7883,,0,0,1.42,26.953,4.82,3.953,0.65,0.217,0.44,0.21,1,0.71,0.3,2.167,0,0,0,0,0,298,300,298,298,0,0,51,57,1,3.99,0.75,0
mirror-shade,4,smoke-screen,w-h-l-,random,300,0,0,10,,79.64,0,0,2.777,46.82,6.69,24.327,0.533,1.417,0.223,0.31,0.593,0.423,0.253,1.19,0,0,0,0,0,,,,,,,,,,,,
mirror-shade,4,smoke-screen,w-h-l-,single-water,300,0,0,10,,95.617,0,0,3,38.377,7,75.647,0,0,0,0,1,1,0.77,0,0,0,0,0,0,,,,,,,,,,,,
mirror-shade,4,smoke-screen,w-h-l-,legacy-cycle,300,0,0,10,,65.347,0,0,3,57.51,7,44.573,0,0,0,0,0.493,0.143,0.407,2.923,0,0,0,0,0,,,,,,,,,,,,
mirror-shade,4,smoke-screen,w-h-l-,greedy,300,232,0.7733,9.043,0.8763,12.441,0,0,1.43,27.753,5.817,4.27,1.047,0.17,0.903,0.143,1.42,1.013,0.397,1.977,0,0,0,0,0,,,,,,,,,,,,
mirror-shade,4,smoke-screen,w-h-l-,planner,300,257,0.8567,8.893,0.8708,29.605,0,0,1.427,27.5,5.783,2.67,0.827,0.137,0.763,0.063,1.363,0.983,0.397,2.587,0,0,0,0,0,,,,,,,,,,,,
mirror-shade,4,smoke-screen,w-h-l-,forecast-aware,300,135,0.45,9.677,0.9281,20.982,0,0,1.627,32.033,4.85,4.34,2.76,0,1.087,1.673,1.263,0.837,0.47,2.497,0,0,0,0,0,,,,,,,,,,,,
mirror-shade,4,smoke-screen,w-h-l-,planner-one-mistake,300,235,0.7833,9.22,0.9004,31.2,0,0,1.513,29.36,5.87,4.457,1.057,0.33,0.837,0.22,1.363,0.95,0.453,2.73,0,0,0,0,0,257,300,257,218,0,0,106,106,0.8482,4.8083,0.25,0
mirror-shade,4,smoke-screen,w-h-l0,random,300,0,0,10,,76.453,0,0,2.777,47.847,6.69,26,0.533,1.417,0.223,0.31,0.593,0.423,0.253,1.19,0,0,0,0,0,,,,,,,,,,,,
mirror-shade,4,smoke-screen,w-h-l0,single-water,300,0,0,10,,95.617,0,0,3,38.377,7,75.647,0,0,0,0,1,1,0.77,0,0,0,0,0,0,,,,,,,,,,,,
mirror-shade,4,smoke-screen,w-h-l0,legacy-cycle,300,0,0,10,,60.297,0,0,3,57.857,7,46.523,0,0,0,0,0.493,0.143,0.407,2.923,0,0,0,0,0,,,,,,,,,,,,
mirror-shade,4,smoke-screen,w-h-l0,greedy,300,276,0.92,8.79,0.8685,11.5,0,0,1.313,25.167,5.603,3.707,0.993,0.21,0.863,0.13,1.27,0.903,0.357,1.937,0,0,0,0,0,,,,,,,,,,,,
mirror-shade,4,smoke-screen,w-h-l0,planner,300,289,0.9633,8.633,0.8581,30.727,0,0,1.39,26.6,5.54,2.8,0.747,0.133,0.68,0.067,1.297,0.933,0.37,2.433,0,0,0,0,0,,,,,,,,,,,,
mirror-shade,4,smoke-screen,w-h-l0,forecast-aware,300,176,0.5867,9.493,0.9136,19.056,0,0,1.553,30.42,4.683,4.717,2.707,0,1.07,1.637,1.207,0.783,0.46,2.463,0,0,0,0,0,,,,,,,,,,,,
mirror-shade,4,smoke-screen,w-h-l0,planner-one-mistake,300,274,0.9133,8.987,0.8891,27.538,0,0,1.423,27.34,5.653,4.823,1.003,0.35,0.783,0.22,1.36,0.967,0.417,2.633,0,0,0,0,0,289,300,289,264,0,0,106,106,0.9135,4.79,0.25,0
mirror-shade,4,smoke-screen,w-h-l+,random,300,2,0.0067,9.993,0.9,73.742,0,0,2.77,48.457,6.683,27.12,0.533,1.417,0.223,0.31,0.593,0.42,0.253,1.19,0,0,0,0,0,,,,,,,,,,,,
mirror-shade,4,smoke-screen,w-h-l+,single-water,300,0,0,10,,95.617,0,0,3,38.377,7,75.647,0,0,0,0,1,1,0.77,0,0,0,0,0,0,,,,,,,,,,,,
mirror-shade,4,smoke-screen,w-h-l+,legacy-cycle,300,0,0,10,,55.423,0,0,3,58.183,7,48.18,0,0,0,0,0.493,0.143,0.407,2.923,0,0,0,0,0,,,,,,,,,,,,
mirror-shade,4,smoke-screen,w-h-l+,greedy,300,289,0.9633,8.537,0.8481,12.273,0,0,1.337,25.333,5.407,4.13,0.87,0.22,0.73,0.14,1.137,0.723,0.407,1.867,0,0,0,0,0,,,,,,,,,,,,
mirror-shade,4,smoke-screen,w-h-l+,planner,300,296,0.9867,8.407,0.8385,30,0,0,1.33,25.247,5.38,3.737,0.727,0.167,0.663,0.063,1.197,0.833,0.367,2.357,0,0,0,0,0,,,,,,,,,,,,
mirror-shade,4,smoke-screen,w-h-l+,forecast-aware,300,208,0.6933,9.273,0.8952,16.511,0,0,1.477,28.733,4.523,5.14,2.653,0,1.053,1.6,1.123,0.733,0.427,2.413,0,0,0,0,0,,,,,,,,,,,,
mirror-shade,4,smoke-screen,w-h-l+,planner-one-mistake,300,293,0.9767,8.657,0.8625,29.429,0,0,1.37,26.033,5.43,6.517,0.903,0.373,0.7,0.203,1.227,0.883,0.36,2.407,0,0,0,0,0,296,300,296,289,0,0,111,111,0.9764,4.5675,0.25,0
mirror-shade,4,smoke-screen,w-h0l-,random,300,1,0.0033,9.997,0.9,76.719,0,0,2.773,47.997,6.687,25.033,0.533,1.417,0.223,0.31,0.593,0.423,0.253,1.19,0,0,0,0,0,,,,,,,,,,,,
mirror-shade,4,smoke-screen,w-h0l-,single-water,300,0,0,10,,95.617,0,0,3,38.377,7,75.647,0,0,0,0,1,1,0.77,0,0,0,0,0,0,,,,,,,,,,,,
mirror-shade,4,smoke-screen,w-h0l-,legacy-cycle,300,0,0,10,,59.227,0,0,3,57.983,7,45.58,0,0,0,0,0.493,0.143,0.407,2.923,0,0,0,0,0,,,,,,,,,,,,
mirror-shade,4,smoke-screen,w-h0l-,greedy,300,268,0.8933,8.7,0.8545,9.938,0,0,1.28,24.54,5.547,3.91,1.007,0.233,0.88,0.127,1.22,0.923,0.3,1.993,0,0,0,0,0,,,,,,,,,,,,
mirror-shade,4,smoke-screen,w-h0l-,planner,300,283,0.9433,8.59,0.8505,27.529,0,0,1.413,27,5.523,2.713,0.713,0.167,0.643,0.07,1.253,0.91,0.347,2.593,0,0,0,0,0,,,,,,,,,,,,
mirror-shade,4,smoke-screen,w-h0l-,forecast-aware,300,187,0.6233,9.427,0.908,17.345,0,0,1.517,29.613,4.647,4.417,2.673,0,1.067,1.607,1.2,0.777,0.463,2.447,0,0,0,0,0,,,,,,,,,,,,
mirror-shade,4,smoke-screen,w-h0l-,planner-one-mistake,300,265,0.8833,8.963,0.8826,29.943,0,0,1.423,27.413,5.587,5.05,1.077,0.373,0.783,0.293,1.3,0.92,0.407,2.47,0,0,0,0,0,283,300,283,252,0,0,101,133,0.8905,5.2683,1,0
mirror-shade,4,smoke-screen,w-h0l0,random,300,2,0.0067,9.993,0.9,73.617,0,0,2.77,48.81,6.683,26.707,0.533,1.417,0.223,0.31,0.593,0.42,0.257,1.19,0,0,0,0,0,,,,,,,,,,,,
mirror-shade,4,smoke-screen,w-h0l0,single-water,300,0,0,10,,95.617,0,0,3,38.377,7,75.647,0,0,0,0,1,1,0.77,0,0,0,0,0,0,,,,,,,,,,,,
mirror-shade,4,smoke-screen,w-h0l0,legacy-cycle,300,0,0,10,,54.023,0,0,3,58.31,7,47.53,0,0,0,0,0.493,0.143,0.407,2.923,0,0,0,0,0,,,,,,,,,,,,
mirror-shade,4,smoke-screen,w-h0l0,greedy,300,293,0.9767,8.47,0.8433,11.143,0,0,1.23,23.387,5.377,4.127,0.917,0.247,0.813,0.103,1.073,0.817,0.257,2.06,0,0,0,0,0,,,,,,,,,,,,
mirror-shade,4,smoke-screen,w-h0l0,planner,300,298,0.9933,8.35,0.8339,30.5,0,0,1.343,25.447,5.337,2.373,0.687,0.167,0.617,0.07,1.177,0.863,0.317,2.52,0,0,0,0,0,,,,,,,,,,,,
mirror-shade,4,smoke-screen,w-h0l0,forecast-aware,300,225,0.75,9.187,0.8916,16.2,0,0,1.433,27.787,4.447,4.713,2.613,0,1.033,1.58,1.127,0.717,0.437,2.393,0,0,0,0,0,,,,,,,,,,,,
mirror-shade,4,smoke-screen,w-h0l0,planner-one-mistake,300,287,0.9567,8.71,0.8652,26,0,0,1.363,26.013,5.393,5.613,1.003,0.38,0.723,0.28,1.193,0.873,0.347,2.58,0,0,0,0,0,298,300,298,285,0,0,101,134,0.9564,5.2833,1,0
mirror-shade,4,smoke-screen,w-h0l+,random,300,6,0.02,9.97,0.85,71.15,0,0,2.757,49.17,6.663,27.76,0.53,1.413,0.223,0.307,0.59,0.413,0.253,1.187,0,0,0,0,0,,,,,,,,,,,,
mirror-shade,4,smoke-screen,w-h0l+,single-water,300,0,0,10,,95.617,0,0,3,38.377,7,75.647,0,0,0,0,1,1,0.77,0,0,0,0,0,0,,,,,,,,,,,,
mirror-shade,4,smoke-screen,w-h0l+,legacy-cycle,300,0,0,10,,49.067,0,0,3,58.637,7,49.187,0,0,0,0,0.493,0.143,0.407,2.923,0,0,0,0,0,,,,,,,,,,,,
mirror-shade,4,smoke-screen,w-h0l+,greedy,300,296,0.9867,8.233,0.8209,10.25,0,0,1.27,23.94,5.19,5.127,0.82,0.243,0.71,0.11,0.997,0.65,0.35,1.983,0,0,0,0,0,,,,,,,,,,,,
mirror-shade,4,smoke-screen,w-h0l+,planner,300,299,0.9967,8.113,0.8107,33,0,0,1.353,25.48,5.15,3.313,0.62,0.157,0.56,0.06,1.107,0.773,0.337,2.34,0,0,0,0,0,,,,,,,,,,,,
mirror-shade,4,smoke-screen,w-h0l+,forecast-aware,300,250,0.8333,8.88,0.8656,13.34,0,0,1.323,25.42,4.277,4.877,2.523,0,1.003,1.52,1.01,0.637,0.39,2.32,0,0,0,0,0,,,,,,,,,,,,
mirror-shade,4,smoke-screen,w-h0l+,planner-one-mistake,300,296,0.9867,8.483,0.8463,27.25,0,0,1.38,26.133,5.217,6.157,0.91,0.397,0.647,0.263,1.16,0.83,0.347,2.497,0,0,0,0,0,299,300,299,295,0,0,101,145,0.9866,5.4242,0.75,0
mirror-shade,4,smoke-screen,w-h+l-,random,300,1,0.0033,9.997,0.9,73.535,0,0,2.773,48.937,6.687,25.537,0.533,1.417,0.223,0.31,0.593,0.423,0.25,1.19,0,0,0,0,0,,,,,,,,,,,,
mirror-shade,4,smoke-screen,w-h+l-,single-water,300,0,0,10,,95.617,0,0,3,38.377,7,75.647,0,0,0,0,1,1,0.77,0,0,0,0,0,0,,,,,,,,,,,,
mirror-shade,4,smoke-screen,w-h+l-,legacy-cycle,300,0,0,10,,53.713,0,0,3,58.417,7,46.363,0,0,0,0,0.493,0.143,0.407,2.923,0,0,0,0,0,,,,,,,,,,,,
mirror-shade,4,smoke-screen,w-h+l-,greedy,300,292,0.9733,8.28,0.8233,9,0,0,1.173,22.24,5.22,2.977,0.94,0.297,0.817,0.123,1.11,0.82,0.29,1.86,0,0,0,0,0,,,,,,,,,,,,
mirror-shade,4,smoke-screen,w-h+l-,planner,300,295,0.9833,8.073,0.8041,26,0,0,1.297,24.513,5.147,1.833,0.657,0.207,0.597,0.06,1.16,0.83,0.333,2.107,0,0,0,0,0,,,,,,,,,,,,
mirror-shade,4,smoke-screen,w-h+l-,forecast-aware,300,238,0.7933,9.087,0.8849,17.887,0,0,1.403,27.133,4.357,4.29,2.587,0,1.013,1.573,1.12,0.69,0.443,2.347,0,0,0,0,0,,,,,,,,,,,,
mirror-shade,4,smoke-screen,w-h+l-,planner-one-mistake,300,286,0.9533,8.543,0.8472,27.643,0,0,1.38,26.3,5.27,4.683,0.953,0.377,0.687,0.267,1.233,0.833,0.42,2.267,0,0,0,0,0,295,300,295,283,0,0,86,97,0.9593,5.2042,1,0
mirror-shade,4,smoke-screen,w-h+l0,random,300,3,0.01,9.983,0.8333,70.508,0,0,2.767,49.553,6.673,27.21,0.533,1.417,0.223,0.31,0.593,0.42,0.253,1.187,0,0,0,0,0,,,,,,,,,,,,
mirror-shade,4,smoke-screen,w-h+l0,single-water,300,0,0,10,,95.617,0,0,3,38.377,7,75.647,0,0,0,0,1,1,0.77,0,0,0,0,0,0,,,,,,,,,,,,
mirror-shade,4,smoke-screen,w-h+l0,legacy-cycle,300,0,0,10,,48.427,0,0,3,58.743,7,48.313,0,0,0,0,0.493,0.143,0.407,2.923,0,0,0,0,0,,,,,,,,,,,,
mirror-shade,4,smoke-screen,w-h+l0,greedy,300,297,0.99,8.04,0.802,7,0,0,1.15,21.72,5.017,3.07,0.923,0.277,0.79,0.133,0.967,0.683,0.283,1.863,0,0,0,0,0,,,,,,,,,,,,
mirror-shade,4,smoke-screen,w-h+l0,planner,300,300,1,7.837,0.7837,,0,0,1.26,23.727,4.947,1.59,0.643,0.2,0.58,0.063,1.083,0.747,0.34,2.147,0,0,0,0,0,,,,,,,,,,,,
mirror-shade,4,smoke-screen,w-h+l0,forecast-aware,300,258,0.86,8.817,0.8624,14.81,0,0,1.313,25.187,4.207,4.607,2.51,0,0.98,1.53,1.017,0.643,0.387,2.29,0,0,0,0,0,,,,,,,,,,,,
mirror-shade,4,smoke-screen,w-h+l0,planner-one-mistake,300,297,0.99,8.257,0.8239,27.333,0,0,1.307,24.713,5.073,4,0.903,0.347,0.65,0.253,1.09,0.717,0.397,2.313,0,0,0,0,0,300,300,300,297,0,0,86,97,0.99,5.1633,1,0
mirror-shade,4,smoke-screen,w-h+l+,random,300,6,0.02,9.967,0.8333,67.803,0,0,2.757,49.907,6.66,28.263,0.53,1.413,0.223,0.307,0.59,0.413,0.25,1.183,0,0,0,0,0,,,,,,,,,,,,
mirror-shade,4,smoke-screen,w-h+l+,single-water,300,0,0,10,,95.617,0,0,3,38.377,7,75.647,0,0,0,0,1,1,0.77,0,0,0,0,0,0,,,,,,,,,,,,
mirror-shade,4,smoke-screen,w-h+l+,legacy-cycle,300,0,0,10,,43.54,0,0,3,58.923,7,49.97,0,0,0,0,0.493,0.143,0.407,2.923,0,0,0,0,0,,,,,,,,,,,,
mirror-shade,4,smoke-screen,w-h+l+,greedy,300,300,1,7.72,0.772,,0,0,1.1,20.707,4.773,2.83,0.87,0.267,0.757,0.113,0.903,0.56,0.347,1.727,0,0,0,0,0,,,,,,,,,,,,
mirror-shade,4,smoke-screen,w-h+l+,planner,300,300,1,7.463,0.7463,,0,0,1.23,23.133,4.65,1.25,0.59,0.183,0.533,0.057,0.923,0.6,0.33,1.937,0,0,0,0,0,,,,,,,,,,,,
mirror-shade,4,smoke-screen,w-h+l+,forecast-aware,300,280,0.9333,8.53,0.8425,13.65,0,0,1.223,23.233,4.037,4.807,2.433,0,0.95,1.483,0.94,0.553,0.393,2.23,0,0,0,0,0,,,,,,,,,,,,
mirror-shade,4,smoke-screen,w-h+l+,planner-one-mistake,300,299,0.9967,7.977,0.797,23,0,0,1.273,24.047,4.88,5.133,0.83,0.34,0.633,0.197,0.907,0.593,0.34,2.203,0,0,0,0,0,300,300,300,299,0,0,86,97,0.9967,5.0625,0.75,0
mirror-shade,4,smoke-screen,w0h-l-,random,300,0,0,10,,79.64,0,0,2.777,46.82,6.69,24.327,0.533,1.417,0.223,0.31,0.593,0.423,0.253,1.19,0,0,0,0,0,,,,,,,,,,,,
mirror-shade,4,smoke-screen,w0h-l-,single-water,300,0,0,10,,95.617,0,0,3,38.377,7,75.647,0,0,0,0,1,1,0.77,0,0,0,0,0,0,,,,,,,,,,,,
mirror-shade,4,smoke-screen,w0h-l-,legacy-cycle,300,0,0,10,,65.347,0,0,3,57.51,7,44.573,0,0,0,0,0.493,0.143,0.407,2.923,0,0,0,0,0,,,,,,,,,,,,
mirror-shade,4,smoke-screen,w0h-l-,greedy,300,232,0.7733,9.043,0.8763,12.441,0,0,1.43,27.753,5.817,4.27,1.047,0.17,0.903,0.143,1.42,1.013,0.397,1.977,0,0,0,0,0,,,,,,,,,,,,
mirror-shade,4,smoke-screen,w0h-l-,planner,300,257,0.8567,8.893,0.8708,29.605,0,0,1.427,27.5,5.783,2.67,0.827,0.137,0.763,0.063,1.363,0.983,0.397,2.587,0,0,0,0,0,,,,,,,,,,,,
mirror-shade,4,smoke-screen,w0h-l-,forecast-aware,300,135,0.45,9.677,0.9281,20.982,0,0,1.627,32.033,4.85,4.34,2.76,0,1.087,1.673,1.263,0.837,0.47,2.497,0,0,0,0,0,,,,,,,,,,,,
mirror-shade,4,smoke-screen,w0h-l-,planner-one-mistake,300,235,0.7833,9.22,0.9004,31.2,0,0,1.513,29.36,5.87,4.457,1.057,0.33,0.837,0.22,1.363,0.95,0.453,2.73,0,0,0,0,0,257,300,257,218,0,0,106,106,0.8482,4.8083,0.25,0
mirror-shade,4,smoke-screen,w0h-l0,random,300,0,0,10,,76.453,0,0,2.777,47.847,6.69,26,0.533,1.417,0.223,0.31,0.593,0.423,0.253,1.19,0,0,0,0,0,,,,,,,,,,,,
mirror-shade,4,smoke-screen,w0h-l0,single-water,300,0,0,10,,95.617,0,0,3,38.377,7,75.647,0,0,0,0,1,1,0.77,0,0,0,0,0,0,,,,,,,,,,,,
mirror-shade,4,smoke-screen,w0h-l0,legacy-cycle,300,0,0,10,,60.297,0,0,3,57.857,7,46.523,0,0,0,0,0.493,0.143,0.407,2.923,0,0,0,0,0,,,,,,,,,,,,
mirror-shade,4,smoke-screen,w0h-l0,greedy,300,276,0.92,8.79,0.8685,11.5,0,0,1.313,25.167,5.603,3.707,0.993,0.21,0.863,0.13,1.27,0.903,0.357,1.937,0,0,0,0,0,,,,,,,,,,,,
mirror-shade,4,smoke-screen,w0h-l0,planner,300,289,0.9633,8.633,0.8581,30.727,0,0,1.39,26.6,5.54,2.8,0.747,0.133,0.68,0.067,1.297,0.933,0.37,2.433,0,0,0,0,0,,,,,,,,,,,,
mirror-shade,4,smoke-screen,w0h-l0,forecast-aware,300,176,0.5867,9.493,0.9136,19.056,0,0,1.553,30.42,4.683,4.717,2.707,0,1.07,1.637,1.207,0.783,0.46,2.463,0,0,0,0,0,,,,,,,,,,,,
mirror-shade,4,smoke-screen,w0h-l0,planner-one-mistake,300,274,0.9133,8.987,0.8891,27.538,0,0,1.423,27.34,5.653,4.823,1.003,0.35,0.783,0.22,1.36,0.967,0.417,2.633,0,0,0,0,0,289,300,289,264,0,0,106,106,0.9135,4.79,0.25,0
mirror-shade,4,smoke-screen,w0h-l+,random,300,2,0.0067,9.993,0.9,73.742,0,0,2.77,48.457,6.683,27.12,0.533,1.417,0.223,0.31,0.593,0.42,0.253,1.19,0,0,0,0,0,,,,,,,,,,,,
mirror-shade,4,smoke-screen,w0h-l+,single-water,300,0,0,10,,95.617,0,0,3,38.377,7,75.647,0,0,0,0,1,1,0.77,0,0,0,0,0,0,,,,,,,,,,,,
mirror-shade,4,smoke-screen,w0h-l+,legacy-cycle,300,0,0,10,,55.423,0,0,3,58.183,7,48.18,0,0,0,0,0.493,0.143,0.407,2.923,0,0,0,0,0,,,,,,,,,,,,
mirror-shade,4,smoke-screen,w0h-l+,greedy,300,289,0.9633,8.537,0.8481,12.273,0,0,1.337,25.333,5.407,4.13,0.87,0.22,0.73,0.14,1.137,0.723,0.407,1.867,0,0,0,0,0,,,,,,,,,,,,
mirror-shade,4,smoke-screen,w0h-l+,planner,300,296,0.9867,8.407,0.8385,30,0,0,1.33,25.247,5.38,3.737,0.727,0.167,0.663,0.063,1.197,0.833,0.367,2.357,0,0,0,0,0,,,,,,,,,,,,
mirror-shade,4,smoke-screen,w0h-l+,forecast-aware,300,208,0.6933,9.273,0.8952,16.511,0,0,1.477,28.733,4.523,5.14,2.653,0,1.053,1.6,1.123,0.733,0.427,2.413,0,0,0,0,0,,,,,,,,,,,,
mirror-shade,4,smoke-screen,w0h-l+,planner-one-mistake,300,293,0.9767,8.657,0.8625,29.429,0,0,1.37,26.033,5.43,6.517,0.903,0.373,0.7,0.203,1.227,0.883,0.36,2.407,0,0,0,0,0,296,300,296,289,0,0,111,111,0.9764,4.5675,0.25,0
mirror-shade,4,smoke-screen,w0h0l-,random,300,1,0.0033,9.997,0.9,76.719,0,0,2.773,47.997,6.687,25.033,0.533,1.417,0.223,0.31,0.593,0.423,0.253,1.19,0,0,0,0,0,,,,,,,,,,,,
mirror-shade,4,smoke-screen,w0h0l-,single-water,300,0,0,10,,95.617,0,0,3,38.377,7,75.647,0,0,0,0,1,1,0.77,0,0,0,0,0,0,,,,,,,,,,,,
mirror-shade,4,smoke-screen,w0h0l-,legacy-cycle,300,0,0,10,,59.227,0,0,3,57.983,7,45.58,0,0,0,0,0.493,0.143,0.407,2.923,0,0,0,0,0,,,,,,,,,,,,
mirror-shade,4,smoke-screen,w0h0l-,greedy,300,268,0.8933,8.7,0.8545,9.938,0,0,1.28,24.54,5.547,3.91,1.007,0.233,0.88,0.127,1.22,0.923,0.3,1.993,0,0,0,0,0,,,,,,,,,,,,
mirror-shade,4,smoke-screen,w0h0l-,planner,300,283,0.9433,8.59,0.8505,27.529,0,0,1.413,27,5.523,2.713,0.713,0.167,0.643,0.07,1.253,0.91,0.347,2.593,0,0,0,0,0,,,,,,,,,,,,
mirror-shade,4,smoke-screen,w0h0l-,forecast-aware,300,187,0.6233,9.427,0.908,17.345,0,0,1.517,29.613,4.647,4.417,2.673,0,1.067,1.607,1.2,0.777,0.463,2.447,0,0,0,0,0,,,,,,,,,,,,
mirror-shade,4,smoke-screen,w0h0l-,planner-one-mistake,300,265,0.8833,8.963,0.8826,29.943,0,0,1.423,27.413,5.587,5.05,1.077,0.373,0.783,0.293,1.3,0.92,0.407,2.47,0,0,0,0,0,283,300,283,252,0,0,101,133,0.8905,5.2683,1,0
mirror-shade,4,smoke-screen,w0h0l0,random,300,2,0.0067,9.993,0.9,73.617,0,0,2.77,48.81,6.683,26.707,0.533,1.417,0.223,0.31,0.593,0.42,0.257,1.19,0,0,0,0,0,,,,,,,,,,,,
mirror-shade,4,smoke-screen,w0h0l0,single-water,300,0,0,10,,95.617,0,0,3,38.377,7,75.647,0,0,0,0,1,1,0.77,0,0,0,0,0,0,,,,,,,,,,,,
mirror-shade,4,smoke-screen,w0h0l0,legacy-cycle,300,0,0,10,,54.023,0,0,3,58.31,7,47.53,0,0,0,0,0.493,0.143,0.407,2.923,0,0,0,0,0,,,,,,,,,,,,
mirror-shade,4,smoke-screen,w0h0l0,greedy,300,293,0.9767,8.47,0.8433,11.143,0,0,1.23,23.387,5.377,4.127,0.917,0.247,0.813,0.103,1.073,0.817,0.257,2.06,0,0,0,0,0,,,,,,,,,,,,
mirror-shade,4,smoke-screen,w0h0l0,planner,300,298,0.9933,8.35,0.8339,30.5,0,0,1.343,25.447,5.337,2.373,0.687,0.167,0.617,0.07,1.177,0.863,0.317,2.52,0,0,0,0,0,,,,,,,,,,,,
mirror-shade,4,smoke-screen,w0h0l0,forecast-aware,300,225,0.75,9.187,0.8916,16.2,0,0,1.433,27.787,4.447,4.713,2.613,0,1.033,1.58,1.127,0.717,0.437,2.393,0,0,0,0,0,,,,,,,,,,,,
mirror-shade,4,smoke-screen,w0h0l0,planner-one-mistake,300,287,0.9567,8.71,0.8652,26,0,0,1.363,26.013,5.393,5.613,1.003,0.38,0.723,0.28,1.193,0.873,0.347,2.58,0,0,0,0,0,298,300,298,285,0,0,101,134,0.9564,5.2833,1,0
mirror-shade,4,smoke-screen,w0h0l+,random,300,6,0.02,9.97,0.85,71.15,0,0,2.757,49.17,6.663,27.76,0.53,1.413,0.223,0.307,0.59,0.413,0.253,1.187,0,0,0,0,0,,,,,,,,,,,,
mirror-shade,4,smoke-screen,w0h0l+,single-water,300,0,0,10,,95.617,0,0,3,38.377,7,75.647,0,0,0,0,1,1,0.77,0,0,0,0,0,0,,,,,,,,,,,,
mirror-shade,4,smoke-screen,w0h0l+,legacy-cycle,300,0,0,10,,49.067,0,0,3,58.637,7,49.187,0,0,0,0,0.493,0.143,0.407,2.923,0,0,0,0,0,,,,,,,,,,,,
mirror-shade,4,smoke-screen,w0h0l+,greedy,300,296,0.9867,8.233,0.8209,10.25,0,0,1.27,23.94,5.19,5.127,0.82,0.243,0.71,0.11,0.997,0.65,0.35,1.983,0,0,0,0,0,,,,,,,,,,,,
mirror-shade,4,smoke-screen,w0h0l+,planner,300,299,0.9967,8.113,0.8107,33,0,0,1.353,25.48,5.15,3.313,0.62,0.157,0.56,0.06,1.107,0.773,0.337,2.34,0,0,0,0,0,,,,,,,,,,,,
mirror-shade,4,smoke-screen,w0h0l+,forecast-aware,300,250,0.8333,8.88,0.8656,13.34,0,0,1.323,25.42,4.277,4.877,2.523,0,1.003,1.52,1.01,0.637,0.39,2.32,0,0,0,0,0,,,,,,,,,,,,
mirror-shade,4,smoke-screen,w0h0l+,planner-one-mistake,300,296,0.9867,8.483,0.8463,27.25,0,0,1.38,26.133,5.217,6.157,0.91,0.397,0.647,0.263,1.16,0.83,0.347,2.497,0,0,0,0,0,299,300,299,295,0,0,101,145,0.9866,5.4242,0.75,0
mirror-shade,4,smoke-screen,w0h+l-,random,300,1,0.0033,9.997,0.9,73.535,0,0,2.773,48.937,6.687,25.537,0.533,1.417,0.223,0.31,0.593,0.423,0.25,1.19,0,0,0,0,0,,,,,,,,,,,,
mirror-shade,4,smoke-screen,w0h+l-,single-water,300,0,0,10,,95.617,0,0,3,38.377,7,75.647,0,0,0,0,1,1,0.77,0,0,0,0,0,0,,,,,,,,,,,,
mirror-shade,4,smoke-screen,w0h+l-,legacy-cycle,300,0,0,10,,53.713,0,0,3,58.417,7,46.363,0,0,0,0,0.493,0.143,0.407,2.923,0,0,0,0,0,,,,,,,,,,,,
mirror-shade,4,smoke-screen,w0h+l-,greedy,300,292,0.9733,8.28,0.8233,9,0,0,1.173,22.24,5.22,2.977,0.94,0.297,0.817,0.123,1.11,0.82,0.29,1.86,0,0,0,0,0,,,,,,,,,,,,
mirror-shade,4,smoke-screen,w0h+l-,planner,300,295,0.9833,8.073,0.8041,26,0,0,1.297,24.513,5.147,1.833,0.657,0.207,0.597,0.06,1.16,0.83,0.333,2.107,0,0,0,0,0,,,,,,,,,,,,
mirror-shade,4,smoke-screen,w0h+l-,forecast-aware,300,238,0.7933,9.087,0.8849,17.887,0,0,1.403,27.133,4.357,4.29,2.587,0,1.013,1.573,1.12,0.69,0.443,2.347,0,0,0,0,0,,,,,,,,,,,,
mirror-shade,4,smoke-screen,w0h+l-,planner-one-mistake,300,286,0.9533,8.543,0.8472,27.643,0,0,1.38,26.3,5.27,4.683,0.953,0.377,0.687,0.267,1.233,0.833,0.42,2.267,0,0,0,0,0,295,300,295,283,0,0,86,97,0.9593,5.2042,1,0
mirror-shade,4,smoke-screen,w0h+l0,random,300,3,0.01,9.983,0.8333,70.508,0,0,2.767,49.553,6.673,27.21,0.533,1.417,0.223,0.31,0.593,0.42,0.253,1.187,0,0,0,0,0,,,,,,,,,,,,
mirror-shade,4,smoke-screen,w0h+l0,single-water,300,0,0,10,,95.617,0,0,3,38.377,7,75.647,0,0,0,0,1,1,0.77,0,0,0,0,0,0,,,,,,,,,,,,
mirror-shade,4,smoke-screen,w0h+l0,legacy-cycle,300,0,0,10,,48.427,0,0,3,58.743,7,48.313,0,0,0,0,0.493,0.143,0.407,2.923,0,0,0,0,0,,,,,,,,,,,,
mirror-shade,4,smoke-screen,w0h+l0,greedy,300,297,0.99,8.04,0.802,7,0,0,1.15,21.72,5.017,3.07,0.923,0.277,0.79,0.133,0.967,0.683,0.283,1.863,0,0,0,0,0,,,,,,,,,,,,
mirror-shade,4,smoke-screen,w0h+l0,planner,300,300,1,7.837,0.7837,,0,0,1.26,23.727,4.947,1.59,0.643,0.2,0.58,0.063,1.083,0.747,0.34,2.147,0,0,0,0,0,,,,,,,,,,,,
mirror-shade,4,smoke-screen,w0h+l0,forecast-aware,300,258,0.86,8.817,0.8624,14.81,0,0,1.313,25.187,4.207,4.607,2.51,0,0.98,1.53,1.017,0.643,0.387,2.29,0,0,0,0,0,,,,,,,,,,,,
mirror-shade,4,smoke-screen,w0h+l0,planner-one-mistake,300,297,0.99,8.257,0.8239,27.333,0,0,1.307,24.713,5.073,4,0.903,0.347,0.65,0.253,1.09,0.717,0.397,2.313,0,0,0,0,0,300,300,300,297,0,0,86,97,0.99,5.1633,1,0
mirror-shade,4,smoke-screen,w0h+l+,random,300,6,0.02,9.967,0.8333,67.803,0,0,2.757,49.907,6.66,28.263,0.53,1.413,0.223,0.307,0.59,0.413,0.25,1.183,0,0,0,0,0,,,,,,,,,,,,
mirror-shade,4,smoke-screen,w0h+l+,single-water,300,0,0,10,,95.617,0,0,3,38.377,7,75.647,0,0,0,0,1,1,0.77,0,0,0,0,0,0,,,,,,,,,,,,
mirror-shade,4,smoke-screen,w0h+l+,legacy-cycle,300,0,0,10,,43.54,0,0,3,58.923,7,49.97,0,0,0,0,0.493,0.143,0.407,2.923,0,0,0,0,0,,,,,,,,,,,,
mirror-shade,4,smoke-screen,w0h+l+,greedy,300,300,1,7.72,0.772,,0,0,1.1,20.707,4.773,2.83,0.87,0.267,0.757,0.113,0.903,0.56,0.347,1.727,0,0,0,0,0,,,,,,,,,,,,
mirror-shade,4,smoke-screen,w0h+l+,planner,300,300,1,7.463,0.7463,,0,0,1.23,23.133,4.65,1.25,0.59,0.183,0.533,0.057,0.923,0.6,0.33,1.937,0,0,0,0,0,,,,,,,,,,,,
mirror-shade,4,smoke-screen,w0h+l+,forecast-aware,300,280,0.9333,8.53,0.8425,13.65,0,0,1.223,23.233,4.037,4.807,2.433,0,0.95,1.483,0.94,0.553,0.393,2.23,0,0,0,0,0,,,,,,,,,,,,
mirror-shade,4,smoke-screen,w0h+l+,planner-one-mistake,300,299,0.9967,7.977,0.797,23,0,0,1.273,24.047,4.88,5.133,0.83,0.34,0.633,0.197,0.907,0.593,0.34,2.203,0,0,0,0,0,300,300,300,299,0,0,86,97,0.9967,5.0625,0.75,0
mirror-shade,4,smoke-screen,w+h-l-,random,300,0,0,10,,79.64,0,0,2.777,46.82,6.69,24.327,0.533,1.417,0.223,0.31,0.593,0.423,0.253,1.19,0,0,0,0,0,,,,,,,,,,,,
mirror-shade,4,smoke-screen,w+h-l-,single-water,300,0,0,10,,95.617,0,0,3,38.377,7,75.647,0,0,0,0,1,1,0.77,0,0,0,0,0,0,,,,,,,,,,,,
mirror-shade,4,smoke-screen,w+h-l-,legacy-cycle,300,0,0,10,,65.347,0,0,3,57.51,7,44.573,0,0,0,0,0.493,0.143,0.407,2.923,0,0,0,0,0,,,,,,,,,,,,
mirror-shade,4,smoke-screen,w+h-l-,greedy,300,232,0.7733,9.043,0.8763,12.441,0,0,1.43,27.753,5.817,4.27,1.047,0.17,0.903,0.143,1.42,1.013,0.397,1.977,0,0,0,0,0,,,,,,,,,,,,
mirror-shade,4,smoke-screen,w+h-l-,planner,300,257,0.8567,8.893,0.8708,29.605,0,0,1.427,27.5,5.783,2.67,0.827,0.137,0.763,0.063,1.363,0.983,0.397,2.587,0,0,0,0,0,,,,,,,,,,,,
mirror-shade,4,smoke-screen,w+h-l-,forecast-aware,300,135,0.45,9.677,0.9281,20.982,0,0,1.627,32.033,4.85,4.34,2.76,0,1.087,1.673,1.263,0.837,0.47,2.497,0,0,0,0,0,,,,,,,,,,,,
mirror-shade,4,smoke-screen,w+h-l-,planner-one-mistake,300,235,0.7833,9.22,0.9004,31.2,0,0,1.513,29.36,5.87,4.457,1.057,0.33,0.837,0.22,1.363,0.95,0.453,2.73,0,0,0,0,0,257,300,257,218,0,0,106,106,0.8482,4.8083,0.25,0
mirror-shade,4,smoke-screen,w+h-l0,random,300,0,0,10,,76.453,0,0,2.777,47.847,6.69,26,0.533,1.417,0.223,0.31,0.593,0.423,0.253,1.19,0,0,0,0,0,,,,,,,,,,,,
mirror-shade,4,smoke-screen,w+h-l0,single-water,300,0,0,10,,95.617,0,0,3,38.377,7,75.647,0,0,0,0,1,1,0.77,0,0,0,0,0,0,,,,,,,,,,,,
mirror-shade,4,smoke-screen,w+h-l0,legacy-cycle,300,0,0,10,,60.297,0,0,3,57.857,7,46.523,0,0,0,0,0.493,0.143,0.407,2.923,0,0,0,0,0,,,,,,,,,,,,
mirror-shade,4,smoke-screen,w+h-l0,greedy,300,276,0.92,8.79,0.8685,11.5,0,0,1.313,25.167,5.603,3.707,0.993,0.21,0.863,0.13,1.27,0.903,0.357,1.937,0,0,0,0,0,,,,,,,,,,,,
mirror-shade,4,smoke-screen,w+h-l0,planner,300,289,0.9633,8.633,0.8581,30.727,0,0,1.39,26.6,5.54,2.8,0.747,0.133,0.68,0.067,1.297,0.933,0.37,2.433,0,0,0,0,0,,,,,,,,,,,,
mirror-shade,4,smoke-screen,w+h-l0,forecast-aware,300,176,0.5867,9.493,0.9136,19.056,0,0,1.553,30.42,4.683,4.717,2.707,0,1.07,1.637,1.207,0.783,0.46,2.463,0,0,0,0,0,,,,,,,,,,,,
mirror-shade,4,smoke-screen,w+h-l0,planner-one-mistake,300,274,0.9133,8.987,0.8891,27.538,0,0,1.423,27.34,5.653,4.823,1.003,0.35,0.783,0.22,1.36,0.967,0.417,2.633,0,0,0,0,0,289,300,289,264,0,0,106,106,0.9135,4.79,0.25,0
mirror-shade,4,smoke-screen,w+h-l+,random,300,2,0.0067,9.993,0.9,73.742,0,0,2.77,48.457,6.683,27.12,0.533,1.417,0.223,0.31,0.593,0.42,0.253,1.19,0,0,0,0,0,,,,,,,,,,,,
mirror-shade,4,smoke-screen,w+h-l+,single-water,300,0,0,10,,95.617,0,0,3,38.377,7,75.647,0,0,0,0,1,1,0.77,0,0,0,0,0,0,,,,,,,,,,,,
mirror-shade,4,smoke-screen,w+h-l+,legacy-cycle,300,0,0,10,,55.423,0,0,3,58.183,7,48.18,0,0,0,0,0.493,0.143,0.407,2.923,0,0,0,0,0,,,,,,,,,,,,
mirror-shade,4,smoke-screen,w+h-l+,greedy,300,289,0.9633,8.537,0.8481,12.273,0,0,1.337,25.333,5.407,4.13,0.87,0.22,0.73,0.14,1.137,0.723,0.407,1.867,0,0,0,0,0,,,,,,,,,,,,
mirror-shade,4,smoke-screen,w+h-l+,planner,300,296,0.9867,8.407,0.8385,30,0,0,1.33,25.247,5.38,3.737,0.727,0.167,0.663,0.063,1.197,0.833,0.367,2.357,0,0,0,0,0,,,,,,,,,,,,
mirror-shade,4,smoke-screen,w+h-l+,forecast-aware,300,208,0.6933,9.273,0.8952,16.511,0,0,1.477,28.733,4.523,5.14,2.653,0,1.053,1.6,1.123,0.733,0.427,2.413,0,0,0,0,0,,,,,,,,,,,,
mirror-shade,4,smoke-screen,w+h-l+,planner-one-mistake,300,293,0.9767,8.657,0.8625,29.429,0,0,1.37,26.033,5.43,6.517,0.903,0.373,0.7,0.203,1.227,0.883,0.36,2.407,0,0,0,0,0,296,300,296,289,0,0,111,111,0.9764,4.5675,0.25,0
mirror-shade,4,smoke-screen,w+h0l-,random,300,1,0.0033,9.997,0.9,76.719,0,0,2.773,47.997,6.687,25.033,0.533,1.417,0.223,0.31,0.593,0.423,0.253,1.19,0,0,0,0,0,,,,,,,,,,,,
mirror-shade,4,smoke-screen,w+h0l-,single-water,300,0,0,10,,95.617,0,0,3,38.377,7,75.647,0,0,0,0,1,1,0.77,0,0,0,0,0,0,,,,,,,,,,,,
mirror-shade,4,smoke-screen,w+h0l-,legacy-cycle,300,0,0,10,,59.227,0,0,3,57.983,7,45.58,0,0,0,0,0.493,0.143,0.407,2.923,0,0,0,0,0,,,,,,,,,,,,
mirror-shade,4,smoke-screen,w+h0l-,greedy,300,268,0.8933,8.7,0.8545,9.938,0,0,1.28,24.54,5.547,3.91,1.007,0.233,0.88,0.127,1.22,0.923,0.3,1.993,0,0,0,0,0,,,,,,,,,,,,
mirror-shade,4,smoke-screen,w+h0l-,planner,300,283,0.9433,8.59,0.8505,27.529,0,0,1.413,27,5.523,2.713,0.713,0.167,0.643,0.07,1.253,0.91,0.347,2.593,0,0,0,0,0,,,,,,,,,,,,
mirror-shade,4,smoke-screen,w+h0l-,forecast-aware,300,187,0.6233,9.427,0.908,17.345,0,0,1.517,29.613,4.647,4.417,2.673,0,1.067,1.607,1.2,0.777,0.463,2.447,0,0,0,0,0,,,,,,,,,,,,
mirror-shade,4,smoke-screen,w+h0l-,planner-one-mistake,300,265,0.8833,8.963,0.8826,29.943,0,0,1.423,27.413,5.587,5.05,1.077,0.373,0.783,0.293,1.3,0.92,0.407,2.47,0,0,0,0,0,283,300,283,252,0,0,101,133,0.8905,5.2683,1,0
mirror-shade,4,smoke-screen,w+h0l0,random,300,2,0.0067,9.993,0.9,73.617,0,0,2.77,48.81,6.683,26.707,0.533,1.417,0.223,0.31,0.593,0.42,0.257,1.19,0,0,0,0,0,,,,,,,,,,,,
mirror-shade,4,smoke-screen,w+h0l0,single-water,300,0,0,10,,95.617,0,0,3,38.377,7,75.647,0,0,0,0,1,1,0.77,0,0,0,0,0,0,,,,,,,,,,,,
mirror-shade,4,smoke-screen,w+h0l0,legacy-cycle,300,0,0,10,,54.023,0,0,3,58.31,7,47.53,0,0,0,0,0.493,0.143,0.407,2.923,0,0,0,0,0,,,,,,,,,,,,
mirror-shade,4,smoke-screen,w+h0l0,greedy,300,293,0.9767,8.47,0.8433,11.143,0,0,1.23,23.387,5.377,4.127,0.917,0.247,0.813,0.103,1.073,0.817,0.257,2.06,0,0,0,0,0,,,,,,,,,,,,
mirror-shade,4,smoke-screen,w+h0l0,planner,300,298,0.9933,8.35,0.8339,30.5,0,0,1.343,25.447,5.337,2.373,0.687,0.167,0.617,0.07,1.177,0.863,0.317,2.52,0,0,0,0,0,,,,,,,,,,,,
mirror-shade,4,smoke-screen,w+h0l0,forecast-aware,300,225,0.75,9.187,0.8916,16.2,0,0,1.433,27.787,4.447,4.713,2.613,0,1.033,1.58,1.127,0.717,0.437,2.393,0,0,0,0,0,,,,,,,,,,,,
mirror-shade,4,smoke-screen,w+h0l0,planner-one-mistake,300,287,0.9567,8.71,0.8652,26,0,0,1.363,26.013,5.393,5.613,1.003,0.38,0.723,0.28,1.193,0.873,0.347,2.58,0,0,0,0,0,298,300,298,285,0,0,101,134,0.9564,5.2833,1,0
mirror-shade,4,smoke-screen,w+h0l+,random,300,6,0.02,9.97,0.85,71.15,0,0,2.757,49.17,6.663,27.76,0.53,1.413,0.223,0.307,0.59,0.413,0.253,1.187,0,0,0,0,0,,,,,,,,,,,,
mirror-shade,4,smoke-screen,w+h0l+,single-water,300,0,0,10,,95.617,0,0,3,38.377,7,75.647,0,0,0,0,1,1,0.77,0,0,0,0,0,0,,,,,,,,,,,,
mirror-shade,4,smoke-screen,w+h0l+,legacy-cycle,300,0,0,10,,49.067,0,0,3,58.637,7,49.187,0,0,0,0,0.493,0.143,0.407,2.923,0,0,0,0,0,,,,,,,,,,,,
mirror-shade,4,smoke-screen,w+h0l+,greedy,300,296,0.9867,8.233,0.8209,10.25,0,0,1.27,23.94,5.19,5.127,0.82,0.243,0.71,0.11,0.997,0.65,0.35,1.983,0,0,0,0,0,,,,,,,,,,,,
mirror-shade,4,smoke-screen,w+h0l+,planner,300,299,0.9967,8.113,0.8107,33,0,0,1.353,25.48,5.15,3.313,0.62,0.157,0.56,0.06,1.107,0.773,0.337,2.34,0,0,0,0,0,,,,,,,,,,,,
mirror-shade,4,smoke-screen,w+h0l+,forecast-aware,300,250,0.8333,8.88,0.8656,13.34,0,0,1.323,25.42,4.277,4.877,2.523,0,1.003,1.52,1.01,0.637,0.39,2.32,0,0,0,0,0,,,,,,,,,,,,
mirror-shade,4,smoke-screen,w+h0l+,planner-one-mistake,300,296,0.9867,8.483,0.8463,27.25,0,0,1.38,26.133,5.217,6.157,0.91,0.397,0.647,0.263,1.16,0.83,0.347,2.497,0,0,0,0,0,299,300,299,295,0,0,101,145,0.9866,5.4242,0.75,0
mirror-shade,4,smoke-screen,w+h+l-,random,300,1,0.0033,9.997,0.9,73.535,0,0,2.773,48.937,6.687,25.537,0.533,1.417,0.223,0.31,0.593,0.423,0.25,1.19,0,0,0,0,0,,,,,,,,,,,,
mirror-shade,4,smoke-screen,w+h+l-,single-water,300,0,0,10,,95.617,0,0,3,38.377,7,75.647,0,0,0,0,1,1,0.77,0,0,0,0,0,0,,,,,,,,,,,,
mirror-shade,4,smoke-screen,w+h+l-,legacy-cycle,300,0,0,10,,53.713,0,0,3,58.417,7,46.363,0,0,0,0,0.493,0.143,0.407,2.923,0,0,0,0,0,,,,,,,,,,,,
mirror-shade,4,smoke-screen,w+h+l-,greedy,300,292,0.9733,8.28,0.8233,9,0,0,1.173,22.24,5.22,2.977,0.94,0.297,0.817,0.123,1.11,0.82,0.29,1.86,0,0,0,0,0,,,,,,,,,,,,
mirror-shade,4,smoke-screen,w+h+l-,planner,300,295,0.9833,8.073,0.8041,26,0,0,1.297,24.513,5.147,1.833,0.657,0.207,0.597,0.06,1.16,0.83,0.333,2.107,0,0,0,0,0,,,,,,,,,,,,
mirror-shade,4,smoke-screen,w+h+l-,forecast-aware,300,238,0.7933,9.087,0.8849,17.887,0,0,1.403,27.133,4.357,4.29,2.587,0,1.013,1.573,1.12,0.69,0.443,2.347,0,0,0,0,0,,,,,,,,,,,,
mirror-shade,4,smoke-screen,w+h+l-,planner-one-mistake,300,286,0.9533,8.543,0.8472,27.643,0,0,1.38,26.3,5.27,4.683,0.953,0.377,0.687,0.267,1.233,0.833,0.42,2.267,0,0,0,0,0,295,300,295,283,0,0,86,97,0.9593,5.2042,1,0
mirror-shade,4,smoke-screen,w+h+l0,random,300,3,0.01,9.983,0.8333,70.508,0,0,2.767,49.553,6.673,27.21,0.533,1.417,0.223,0.31,0.593,0.42,0.253,1.187,0,0,0,0,0,,,,,,,,,,,,
mirror-shade,4,smoke-screen,w+h+l0,single-water,300,0,0,10,,95.617,0,0,3,38.377,7,75.647,0,0,0,0,1,1,0.77,0,0,0,0,0,0,,,,,,,,,,,,
mirror-shade,4,smoke-screen,w+h+l0,legacy-cycle,300,0,0,10,,48.427,0,0,3,58.743,7,48.313,0,0,0,0,0.493,0.143,0.407,2.923,0,0,0,0,0,,,,,,,,,,,,
mirror-shade,4,smoke-screen,w+h+l0,greedy,300,297,0.99,8.04,0.802,7,0,0,1.15,21.72,5.017,3.07,0.923,0.277,0.79,0.133,0.967,0.683,0.283,1.863,0,0,0,0,0,,,,,,,,,,,,
mirror-shade,4,smoke-screen,w+h+l0,planner,300,300,1,7.837,0.7837,,0,0,1.26,23.727,4.947,1.59,0.643,0.2,0.58,0.063,1.083,0.747,0.34,2.147,0,0,0,0,0,,,,,,,,,,,,
mirror-shade,4,smoke-screen,w+h+l0,forecast-aware,300,258,0.86,8.817,0.8624,14.81,0,0,1.313,25.187,4.207,4.607,2.51,0,0.98,1.53,1.017,0.643,0.387,2.29,0,0,0,0,0,,,,,,,,,,,,
mirror-shade,4,smoke-screen,w+h+l0,planner-one-mistake,300,297,0.99,8.257,0.8239,27.333,0,0,1.307,24.713,5.073,4,0.903,0.347,0.65,0.253,1.09,0.717,0.397,2.313,0,0,0,0,0,300,300,300,297,0,0,86,97,0.99,5.1633,1,0
mirror-shade,4,smoke-screen,w+h+l+,random,300,6,0.02,9.967,0.8333,67.803,0,0,2.757,49.907,6.66,28.263,0.53,1.413,0.223,0.307,0.59,0.413,0.25,1.183,0,0,0,0,0,,,,,,,,,,,,
mirror-shade,4,smoke-screen,w+h+l+,single-water,300,0,0,10,,95.617,0,0,3,38.377,7,75.647,0,0,0,0,1,1,0.77,0,0,0,0,0,0,,,,,,,,,,,,
mirror-shade,4,smoke-screen,w+h+l+,legacy-cycle,300,0,0,10,,43.54,0,0,3,58.923,7,49.97,0,0,0,0,0.493,0.143,0.407,2.923,0,0,0,0,0,,,,,,,,,,,,
mirror-shade,4,smoke-screen,w+h+l+,greedy,300,300,1,7.72,0.772,,0,0,1.1,20.707,4.773,2.83,0.87,0.267,0.757,0.113,0.903,0.56,0.347,1.727,0,0,0,0,0,,,,,,,,,,,,
mirror-shade,4,smoke-screen,w+h+l+,planner,300,300,1,7.463,0.7463,,0,0,1.23,23.133,4.65,1.25,0.59,0.183,0.533,0.057,0.923,0.6,0.33,1.937,0,0,0,0,0,,,,,,,,,,,,
mirror-shade,4,smoke-screen,w+h+l+,forecast-aware,300,280,0.9333,8.53,0.8425,13.65,0,0,1.223,23.233,4.037,4.807,2.433,0,0.95,1.483,0.94,0.553,0.393,2.23,0,0,0,0,0,,,,,,,,,,,,
mirror-shade,4,smoke-screen,w+h+l+,planner-one-mistake,300,299,0.9967,7.977,0.797,23,0,0,1.273,24.047,4.88,5.133,0.83,0.34,0.633,0.197,0.907,0.593,0.34,2.203,0,0,0,0,0,300,300,300,299,0,0,86,97,0.9967,5.0625,0.75,0
stored-night,5,tide-siege+hollow-ground,w-h-l-,random,300,10,0.0333,11.983,0.9583,69.969,0,0.79,3.753,82.857,2.703,18.487,0.433,1.507,0.213,0.19,1.357,1.157,0.32,1.47,0,0.453,0,0.337,0,,,,,,,,,,,,
stored-night,5,tide-siege+hollow-ground,w-h-l-,single-water,300,0,0,12,,72.44,0,0.083,4,83.683,3,13.073,0,0,0,0,1,1,0,0,0,0.043,0,0.04,0,,,,,,,,,,,,
stored-night,5,tide-siege+hollow-ground,w-h-l-,legacy-cycle,300,11,0.0367,11.97,0.9318,60.72,0,1.853,3.993,105.593,2.673,26.64,0,0,0,0,1.99,1.857,0.103,3.623,0,0.95,0,0.903,0,,,,,,,,,,,,
stored-night,5,tide-siege+hollow-ground,w-h-l-,greedy,300,187,0.6233,10.257,0.7669,16.071,0,1.653,2.157,61.853,2.54,2.85,0.823,0.2,0.553,0.027,1.847,1.637,0.227,2.073,0,1,0,0.653,0,,,,,,,,,,,,
stored-night,5,tide-siege+hollow-ground,w-h-l-,planner,300,217,0.7233,9.827,0.7496,32.554,0,1.57,2.043,56.947,2.403,3.003,0.713,0.217,0.467,0.04,1.84,1.617,0.247,2.577,0,1,0.003,0.567,0,,,,,,,,,,,,
stored-night,5,tide-siege+hollow-ground,w-h-l-,forecast-aware,300,165,0.55,10.753,0.8111,23.356,0,1.71,2.37,65.873,1.767,4.823,2.037,0,0.643,0.823,1.983,1.797,0.36,2.777,0,1,0.08,0.63,0,,,,,,,,,,,,
stored-night,5,tide-siege+hollow-ground,w-h-l-,planner-one-mistake,300,171,0.57,10.757,0.8182,34.062,0,1.737,2.323,67.78,2.417,3.42,1.15,0.477,0.65,0.24,1.923,1.737,0.217,2.507,0,1,0.003,0.733,0,217,300,217,140,0,0,55,149,0.6452,3.9342,1,0
stored-night,5,tide-siege+hollow-ground,w-h-l0,random,300,15,0.05,11.953,0.9222,68.175,0,0.873,3.727,83.633,2.683,18.457,0.443,1.487,0.213,0.19,1.353,1.147,0.317,1.463,0,0.507,0,0.367,0,,,,,,,,,,,,
stored-night,5,tide-siege+hollow-ground,w-h-l0,single-water,300,0,0,12,,72.44,0,0.083,4,83.683,3,13.073,0,0,0,0,1,1,0,0,0,0.043,0,0.04,0,,,,,,,,,,,,
stored-night,5,tide-siege+hollow-ground,w-h-l0,legacy-cycle,300,16,0.0533,11.957,0.9323,57.43,0,1.887,4.007,106.14,2.57,26.057,0,0,0,0,1.99,1.853,0.093,3.617,0,0.977,0,0.91,0,,,,,,,,,,,,
stored-night,5,tide-siege+hollow-ground,w-h-l0,greedy,300,230,0.7667,10.063,0.7895,15.086,0,1.64,2.097,59.747,2.447,2.517,0.787,0.177,0.497,0.03,1.83,1.543,0.297,1.947,0,1,0.003,0.637,0,,,,,,,,,,,,
stored-night,5,tide-siege+hollow-ground,w-h-l0,planner,300,242,0.8067,9.607,0.7528,30.621,0,1.567,1.947,54.627,2.28,3.597,0.69,0.17,0.43,0.037,1.8,1.57,0.243,2.527,0,1,0.007,0.56,0,,,,,,,,,,,,
stored-night,5,tide-siege+hollow-ground,w-h-l0,forecast-aware,300,181,0.6033,10.74,0.826,21.647,0,1.753,2.387,67.373,1.733,4.877,2.03,0,0.643,0.807,2.003,1.823,0.353,2.713,0,1,0.083,0.67,0,,,,,,,,,,,,
stored-night,5,tide-siege+hollow-ground,w-h-l0,planner-one-mistake,300,195,0.65,10.453,0.8017,34.267,0,1.703,2.257,65.327,2.323,3.34,1.113,0.523,0.563,0.303,1.917,1.657,0.28,2.597,0,1,0.003,0.7,0,242,300,242,165,0,0,54,200,0.6818,5.2242,1,0
stored-night,5,tide-siege+hollow-ground,w-h-l+,random,300,18,0.06,11.933,0.9074,66.255,0,0.963,3.713,84.503,2.64,18.207,0.447,1.483,0.21,0.19,1.35,1.143,0.313,1.453,0,0.563,0,0.4,0,,,,,,,,,,,,
stored-night,5,tide-siege+hollow-ground,w-h-l+,single-water,300,0,0,12,,72.44,0,0.083,4,83.683,3,13.073,0,0,0,0,1,1,0,0,0,0.043,0,0.04,0,,,,,,,,,,,,
stored-night,5,tide-siege+hollow-ground,w-h-l+,legacy-cycle,300,21,0.07,11.94,0.9286,52.541,0,1.907,4.017,106.497,2.397,24.29,0,0,0,0,1.99,1.853,0.087,3.61,0,0.993,0,0.913,0,,,,,,,,,,,,
stored-night,5,tide-siege+hollow-ground,w-h-l+,greedy,300,271,0.9033,9.377,0.758,15.828,0,1.533,1.8,50.293,2.233,2.697,0.7,0.187,0.433,0.027,1.65,1.387,0.267,1.73,0,1,0.003,0.53,0,,,,,,,,,,,,
stored-night,5,tide-siege+hollow-ground,w-h-l+,planner,300,269,0.8967,9.28,0.7472,30.516,0,1.53,1.82,50.52,2.12,3.047,0.67,0.177,0.38,0.03,1.713,1.457,0.267,2.243,0,1,0.01,0.52,0,,,,,,,,,,,,
stored-night,5,tide-siege+hollow-ground,w-h-l+,forecast-aware,300,216,0.72,10.37,0.8113,21.702,0,1.7,2.203,61.6,1.66,5.09,2.003,0,0.617,0.793,1.917,1.71,0.383,2.61,0,1,0.09,0.61,0,,,,,,,,,,,,
stored-night,5,tide-siege+hollow-ground,w-h-l+,planner-one-mistake,300,253,0.8433,9.76,0.7787,31.064,0,1.597,1.957,55.587,2.19,3.247,0.94,0.497,0.45,0.24,1.783,1.54,0.253,2.587,0,1,0.003,0.593,0,269,300,269,234,0,0,53,124,0.8699,3.7967,1,0
stored-night,5,tide-siege+hollow-ground,w-h0l-,random,300,15,0.05,11.963,0.9389,68.512,0,0.883,3.737,83.973,2.67,18.447,0.443,1.493,0.207,0.19,1.353,1.15,0.307,1.463,0,0.51,0,0.373,0,,,,,,,,,,,,
stored-night,5,tide-siege+hollow-ground,w-h0l-,single-water,300,0,0,12,,72.44,0,0.083,4,83.683,3,13.073,0,0,0,0,1,1,0,0,0,0.043,0,0.04,0,,,,,,,,,,,,
stored-night,5,tide-siege+hollow-ground,w-h0l-,legacy-cycle,300,19,0.0633,11.947,0.9298,56.577,0,1.87,4.01,105.927,2.517,25.653,0,0,0,0,1.99,1.853,0.087,3.61,0,0.973,0,0.897,0,,,,,,,,,,,,
stored-night,5,tide-siege+hollow-ground,w-h0l-,greedy,300,234,0.78,9.467,0.7293,16.364,0,1.517,1.817,50.653,2.307,2.477,0.687,0.203,0.463,0.02,1.643,1.477,0.173,1.603,0,1,0,0.517,0,,,,,,,,,,,,
stored-night,5,tide-siege+hollow-ground,w-h0l-,planner,300,245,0.8167,9.42,0.7367,30.636,0,1.513,1.937,52.907,2.237,2.277,0.557,0.207,0.357,0.047,1.697,1.48,0.23,2.127,0,1,0,0.513,0,,,,,,,,,,,,
stored-night,5,tide-siege+hollow-ground,w-h0l-,forecast-aware,300,197,0.6567,10.447,0.8029,21.019,0,1.687,2.237,62.32,1.65,4.577,1.963,0,0.623,0.79,1.943,1.753,0.347,2.63,0,1,0.08,0.607,0,,,,,,,,,,,,
stored-night,5,tide-siege+hollow-ground,w-h0l-,planner-one-mistake,300,234,0.78,9.463,0.729,31.864,0,1.517,1.917,52.587,2.19,2.623,0.757,0.29,0.4,0.153,1.747,1.507,0.253,2.187,0,1,0.003,0.513,0,245,300,245,198,0,0,55,55,0.8082,2.555,1,0
stored-night,5,tide-siege+hollow-ground,w-h0l0,random,300,16,0.0533,11.95,0.9219,66.384,0,0.987,3.727,85.49,2.66,18.56,0.447,1.487,0.21,0.19,1.353,1.147,0.303,1.46,0,0.563,0,0.423,0,,,,,,,,,,,,
stored-night,5,tide-siege+hollow-ground,w-h0l0,single-water,300,0,0,12,,72.44,0,0.083,4,83.683,3,13.073,0,0,0,0,1,1,0,0,0,0.043,0,0.04,0,,,,,,,,,,,,
stored-night,5,tide-siege+hollow-ground,w-h0l0,legacy-cycle,300,29,0.0967,11.913,0.9253,51.69,0,1.883,3.99,105.327,2.377,24.187,0,0,0,0,1.99,1.853,0.073,3.59,0,0.993,0,0.89,0,,,,,,,,,,,,
stored-night,5,tide-siege+hollow-ground,w-h0l0,greedy,300,259,0.8633,9.107,0.7207,15.854,0,1.45,1.747,46.993,2.233,1.81,0.583,0.207,0.347,0.023,1.563,1.36,0.21,1.46,0,1,0,0.45,0,,,,,,,,,,,,
stored-night,5,tide-siege+hollow-ground,w-h0l0,planner,300,275,0.9167,8.897,0.7179,31.88,0,1.447,1.683,45.387,2.063,2.583,0.5,0.19,0.337,0.03,1.543,1.39,0.16,2.043,0,1,0.003,0.443,0,,,,,,,,,,,,
stored-night,5,tide-siege+hollow-ground,w-h0l0,forecast-aware,300,218,0.7267,10.29,0.8039,20.61,0,1.687,2.15,60.28,1.647,4.727,1.963,0,0.617,0.763,1.903,1.713,0.35,2.6,0,1,0.083,0.603,0,,,,,,,,,,,,
stored-night,5,tide-siege+hollow-ground,w-h0l0,planner-one-mistake,300,261,0.87,9.37,0.7481,31.256,0,1.527,1.857,51.467,2.05,2.89,0.803,0.363,0.397,0.187,1.76,1.55,0.23,2.5,0,1,0.003,0.523,0,275,300,275,244,0,0,53,82,0.8873,2.9175,1,0
stored-night,5,tide-siege+hollow-ground,w-h0l+,random,300,27,0.09,11.907,0.9136,65.487,0,1.023,3.697,85.013,2.627,18.443,0.44,1.487,0.2,0.19,1.343,1.133,0.297,1.443,0,0.603,0,0.42,0,,,,,,,,,,,,
stored-night,5,tide-siege+hollow-ground,w-h0l+,single-water,300,0,0,12,,72.44,0,0.083,4,83.683,3,13.073,0,0,0,0,1,1,0,0,0,0.043,0,0.04,0,,,,,,,,,,,,
stored-night,5,tide-siege+hollow-ground,w-h0l+,legacy-cycle,300,36,0.12,11.873,0.912,48.428,0,1.863,3.967,104.483,2.4,24.287,0,0,0,0,1.983,1.85,0.067,3.57,0,0.993,0,0.87,0,,,,,,,,,,,,
stored-night,5,tide-siege+hollow-ground,w-h0l+,greedy,300,285,0.95,8.82,0.7211,13,0,1.463,1.657,45.187,1.85,2.14,0.627,0.157,0.373,0.023,1.523,1.343,0.187,1.463,0,1,0.003,0.46,0,,,,,,,,,,,,
stored-night,5,tide-siege+hollow-ground,w-h0l+,planner,300,285,0.95,8.873,0.7257,32.467,0,1.483,1.797,48.547,1.827,1.84,0.493,0.21,0.267,0.05,1.6,1.41,0.19,1.753,0,1,0.003,0.48,0,,,,,,,,,,,,
stored-night,5,tide-siege+hollow-ground,w-h0l+,forecast-aware,300,240,0.8,9.993,0.791,19.617,0,1.657,2.05,57.34,1.503,4.56,1.89,0,0.593,0.763,1.83,1.623,0.36,2.52,0,1,0.077,0.58,0,,,,,,,,,,,,
stored-night,5,tide-siege+hollow-ground,w-h0l+,planner-one-mistake,300,283,0.9433,9.017,0.7365,30.706,0,1.5,1.8,49.24,1.81,2.423,0.713,0.303,0.29,0.177,1.7,1.463,0.25,2.57,0,1,0.003,0.497,0,285,300,285,272,0,0,51,95,0.9544,2.9733,1,0
stored-night,5,tide-siege+hollow-ground,w-h+l-,random,300,17,0.0567,11.94,0.9118,66.908,0,0.95,3.727,85.01,2.667,18.593,0.447,1.487,0.203,0.19,1.353,1.143,0.303,1.457,0,0.543,0,0.407,0,,,,,,,,,,,,
stored-night,5,tide-siege+hollow-ground,w-h+l-,single-water,300,0,0,12,,72.44,0,0.083,4,83.683,3,13.073,0,0,0,0,1,1,0,0,0,0.043,0,0.04,0,,,,,,,,,,,,
stored-night,5,tide-siege+hollow-ground,w-h+l-,legacy-cycle,300,33,0.11,11.897,0.9217,50.554,0,1.873,3.977,104.79,2.347,23.683,0,0,0,0,1.99,1.853,0.073,3.58,0,0.993,0,0.88,0,,,,,,,,,,,,
stored-night,5,tide-siege+hollow-ground,w-h+l-,greedy,300,251,0.8367,9.61,0.762,15.429,0,1.613,1.943,55.887,1.947,2.463,0.74,0.207,0.517,0.023,1.543,1.387,0.16,1.537,0,1,0,0.613,0,,,,,,,,,,,,
stored-night,5,tide-siege+hollow-ground,w-h+l-,planner,300,265,0.8833,9.357,0.7506,30.486,0,1.587,1.98,55.493,1.863,1.863,0.56,0.207,0.373,0.03,1.64,1.46,0.19,1.86,0,1,0.007,0.58,0,,,,,,,,,,,,
stored-night,5,tide-siege+hollow-ground,w-h+l-,forecast-aware,300,223,0.7433,10.167,0.7945,19.234,0,1.66,2.1,58.587,1.607,4.397,1.887,0,0.617,0.737,1.89,1.683,0.363,2.56,0,1,0.077,0.583,0,,,,,,,,,,,,
stored-night,5,tide-siege+hollow-ground,w-h+l-,planner-one-mistake,300,265,0.8833,9.377,0.7525,28.914,0,1.56,1.9,53.227,1.967,2.477,0.763,0.323,0.383,0.16,1.747,1.57,0.19,2.053,0,1,0.003,0.557,0,265,300,265,239,0,0,54,54,0.9019,3.1158,1,0
stored-night,5,tide-siege+hollow-ground,w-h+l0,random,300,25,0.0833,11.9,0.9,65.415,0,1.02,3.7,85.337,2.637,18.643,0.447,1.48,0.2,0.19,1.34,1.133,0.297,1.443,0,0.593,0,0.427,0,,,,,,,,,,,,
stored-night,5,tide-siege+hollow-ground,w-h+l0,single-water,300,0,0,12,,72.44,0,0.083,4,83.683,3,13.073,0,0,0,0,1,1,0,0,0,0.043,0,0.04,0,,,,,,,,,,,,
stored-night,5,tide-siege+hollow-ground,w-h+l0,legacy-cycle,300,39,0.13,11.847,0.9017,47.253,0,1.853,3.957,104.037,2.41,24.44,0,0,0,0,1.98,1.843,0.073,3.563,0,0.993,0,0.86,0,,,,,,,,,,,,
stored-night,5,tide-siege+hollow-ground,w-h+l0,greedy,300,279,0.93,9.36,0.7634,14.476,0,1.59,1.907,54.053,1.833,2.013,0.667,0.17,0.413,0.02,1.543,1.373,0.173,1.4,0,1,0,0.59,0,,,,,,,,,,,,
stored-night,5,tide-siege+hollow-ground,w-h+l0,planner,300,281,0.9367,9.247,0.755,32.474,0,1.61,1.963,55.587,1.69,1.903,0.573,0.213,0.343,0.03,1.627,1.453,0.187,1.86,0,1,0.01,0.6,0,,,,,,,,,,,,
stored-night,5,tide-siege+hollow-ground,w-h+l0,forecast-aware,300,245,0.8167,9.963,0.7922,19.764,0,1.657,2.023,56.813,1.503,4.347,1.873,0,0.613,0.737,1.813,1.603,0.363,2.517,0,1,0.073,0.583,0,,,,,,,,,,,,
stored-night,5,tide-siege+hollow-ground,w-h+l0,planner-one-mistake,300,279,0.93,9.077,0.7381,29.762,0,1.507,1.777,49.127,1.817,2.63,0.783,0.343,0.357,0.19,1.703,1.493,0.22,2.083,0,1,0.003,0.503,0,281,300,281,263,0,0,52,81,0.9359,3.4583,1,0
stored-night,5,tide-siege+hollow-ground,w-h+l+,random,300,34,0.1133,11.857,0.8946,64.402,0,1.093,3.667,85.257,2.62,18.95,0.45,1.47,0.193,0.187,1.333,1.133,0.29,1.44,0,0.65,0,0.443,0,,,,,,,,,,,,
stored-night,5,tide-siege+hollow-ground,w-h+l+,single-water,300,0,0,12,,72.44,0,0.083,4,83.683,3,13.073,0,0,0,0,1,1,0,0,0,0.043,0,0.04,0,,,,,,,,,,,,
stored-night,5,tide-siege+hollow-ground,w-h+l+,legacy-cycle,300,43,0.1433,11.8,0.8837,48.035,0,1.843,3.993,105.05,2.53,26.773,0,0,0,0,1.967,1.833,0.067,3.553,0,0.993,0,0.85,0,,,,,,,,,,,,
stored-night,5,tide-siege+hollow-ground,w-h+l+,greedy,300,295,0.9833,8.853,0.7333,11,0,1.547,1.763,49.613,1.54,1.717,0.66,0.14,0.38,0.027,1.547,1.317,0.233,1.513,0,1,0.003,0.543,0,,,,,,,,,,,,
stored-night,5,tide-siege+hollow-ground,w-h+l+,planner,300,293,0.9767,8.613,0.711,31.286,0,1.517,1.823,49.973,1.46,1.58,0.463,0.177,0.243,0.027,1.663,1.4,0.267,1.547,0,1,0.003,0.513,0,,,,,,,,,,,,
stored-night,5,tide-siege+hollow-ground,w-h+l+,forecast-aware,300,262,0.8733,9.773,0.7875,17.763,0,1.667,2.017,57.513,1.333,4.073,1.737,0,0.577,0.697,1.783,1.587,0.323,2.517,0,1,0.05,0.617,0,,,,,,,,,,,,
stored-night,5,tide-siege+hollow-ground,w-h+l+,planner-one-mistake,300,293,0.9767,8.787,0.7258,30.571,0,1.51,1.74,48.193,1.59,2.193,0.703,0.29,0.307,0.157,1.66,1.397,0.273,2.323,0,1,0.003,0.507,0,293,300,293,287,0,0,50,51,0.9795,2.9042,1,0
stored-night,5,tide-siege+hollow-ground,w0h-l-,random,300,18,0.06,11.93,0.9028,67.848,0,0.897,3.713,83.327,2.673,18.18,0.43,1.497,0.21,0.19,1.35,1.143,0.32,1.457,0,0.527,0,0.37,0,,,,,,,,,,,,
stored-night,5,tide-siege+hollow-ground,w0h-l-,single-water,300,0,0,12,,67.08,0,0.6,4,89.987,2.997,13.54,0,0,0,0,1,1,0,0,0,0.327,0,0.273,0,,,,,,,,,,,,
stored-night,5,tide-siege+hollow-ground,w0h-l-,legacy-cycle,300,18,0.06,11.95,0.9306,56.624,0,1.893,4.013,106.32,2.563,26.34,0,0,0,0,1.99,1.853,0.09,3.613,0,0.983,0,0.91,0,,,,,,,,,,,,
stored-night,5,tide-siege+hollow-ground,w0h-l-,greedy,300,246,0.82,9.26,0.7215,16.611,0,1.47,1.76,48.08,2.307,2.66,0.653,0.173,0.417,0.05,1.667,1.43,0.247,1.777,0,1,0,0.47,0,,,,,,,,,,,,
stored-night,5,tide-siege+hollow-ground,w0h-l-,planner,300,267,0.89,8.917,0.7113,32.212,0,1.407,1.613,43.093,2.197,3.72,0.573,0.187,0.377,0.037,1.59,1.31,0.31,2.31,0,1,0.003,0.403,0,,,,,,,,,,,,
stored-night,5,tide-siege+hollow-ground,w0h-l-,forecast-aware,300,200,0.6667,10.477,0.8096,21.42,0,1.7,2.23,62.46,1.72,4.86,2,0,0.637,0.787,1.95,1.76,0.353,2.703,0,1,0.083,0.617,0,,,,,,,,,,,,
stored-night,5,tide-siege+hollow-ground,w0h-l-,planner-one-mistake,300,226,0.7533,9.947,0.7729,32.662,0,1.603,2.04,57.807,2.347,3.63,0.907,0.317,0.5,0.163,1.8,1.62,0.203,2.263,0,1,0.003,0.6,0,267,300,267,210,0,0,68,71,0.7865,2.7417,0.75,0
stored-night,5,tide-siege+hollow-ground,w0h-l0,random,300,21,0.07,11.91,0.8929,66.366,0,1.007,3.703,84.863,2.65,18.323,0.443,1.483,0.207,0.19,1.343,1.14,0.31,1.447,0,0.587,0,0.42,0,,,,,,,,,,,,
stored-night,5,tide-siege+hollow-ground,w0h-l0,single-water,300,0,0,12,,67.08,0,0.6,4,89.987,2.997,13.54,0,0,0,0,1,1,0,0,0,0.327,0,0.273,0,,,,,,,,,,,,
stored-night,5,tide-siege+hollow-ground,w0h-l0,legacy-cycle,300,32,0.1067,11.9,0.9219,51.187,0,1.87,3.98,104.76,2.383,24.427,0,0,0,0,1.987,1.85,0.08,3.587,0,0.993,0,0.877,0,,,,,,,,,,,,
stored-night,5,tide-siege+hollow-ground,w0h-l0,greedy,300,274,0.9133,8.97,0.7235,14.538,0,1.457,1.667,45.247,2.197,2.437,0.577,0.133,0.38,0.033,1.61,1.393,0.23,1.893,0,1,0.003,0.453,0,,,,,,,,,,,,
stored-night,5,tide-siege+hollow-ground,w0h-l0,planner,300,276,0.92,9.227,0.7488,31.875,0,1.543,1.807,50.773,2.07,3.48,0.583,0.19,0.387,0.027,1.743,1.483,0.28,2.7,0,1,0.007,0.537,0,,,,,,,,,,,,
stored-night,5,tide-siege+hollow-ground,w0h-l0,forecast-aware,300,227,0.7567,10.193,0.801,19.452,0,1.653,2.093,58.187,1.61,4.897,1.967,0,0.63,0.77,1.877,1.667,0.367,2.57,0,1,0.08,0.573,0,,,,,,,,,,,,
stored-night,5,tide-siege+hollow-ground,w0h-l0,planner-one-mistake,300,255,0.85,9.413,0.7464,32.356,0,1.507,1.79,49.633,2.207,3.803,0.857,0.31,0.457,0.19,1.733,1.46,0.293,2.237,0,1,0.003,0.503,0,276,300,276,241,0,0,70,90,0.8732,2.8867,1,0
stored-night,5,tide-siege+hollow-ground,w0h-l+,random,300,28,0.0933,11.907,0.9167,64.945,0,1.043,3.697,84.913,2.627,18.527,0.45,1.48,0.2,0.19,1.347,1.13,0.317,1.45,0,0.63,0,0.413,0,,,,,,,,,,,,
stored-night,5,tide-siege+hollow-ground,w0h-l+,single-water,300,0,0,12,,67.08,0,0.6,4,89.987,2.997,13.54,0,0,0,0,1,1,0,0,0,0.327,0,0.273,0,,,,,,,,,,,,
stored-night,5,tide-siege+hollow-ground,w0h-l+,legacy-cycle,300,40,0.1333,11.85,0.9063,48.046,0,1.85,3.953,103.833,2.4,24.58,0,0,0,0,1.977,1.843,0.07,3.567,0,0.993,0,0.857,0,,,,,,,,,,,,
stored-night,5,tide-siege+hollow-ground,w0h-l+,greedy,300,290,0.9667,8.803,0.7244,17.1,0,1.447,1.61,43.7,2.037,2.493,0.597,0.163,0.36,0.033,1.52,1.29,0.24,1.8,0,1,0.003,0.443,0,,,,,,,,,,,,
stored-night,5,tide-siege+hollow-ground,w0h-l+,planner,300,290,0.9667,8.867,0.7299,34.2,0,1.487,1.747,47.487,1.907,2.717,0.507,0.243,0.293,0.03,1.643,1.413,0.253,2.573,0,1,0.01,0.477,0,,,,,,,,,,,,
stored-night,5,tide-siege+hollow-ground,w0h-l+,forecast-aware,300,248,0.8267,9.983,0.7967,17.654,0,1.64,2.017,56.413,1.537,4.823,1.897,0,0.613,0.747,1.807,1.607,0.34,2.543,0,1,0.067,0.573,0,,,,,,,,,,,,
stored-night,5,tide-siege+hollow-ground,w0h-l+,planner-one-mistake,300,280,0.9333,8.923,0.7253,32.75,0,1.42,1.593,42.9,2.057,3.543,0.777,0.33,0.38,0.207,1.577,1.32,0.283,2.113,0,1,0.003,0.417,0,290,300,290,271,0,0,63,135,0.9345,3.46,1,0
stored-night,5,tide-siege+hollow-ground,w0h0l-,random,300,20,0.0667,11.92,0.9,66.571,0,1,3.713,85.197,2.643,18.403,0.45,1.48,0.2,0.19,1.35,1.14,0.307,1.45,0,0.577,0,0.423,0,,,,,,,,,,,,
stored-night,5,tide-siege+hollow-ground,w0h0l-,single-water,300,0,0,12,,67.08,0,0.6,4,89.987,2.997,13.54,0,0,0,0,1,1,0,0,0,0.327,0,0.273,0,,,,,,,,,,,,
stored-night,5,tide-siege+hollow-ground,w0h0l-,legacy-cycle,300,34,0.1133,11.887,0.9167,50.5,0,1.867,3.973,104.54,2.367,24.397,0,0,0,0,1.987,1.85,0.07,3.58,0,0.993,0,0.873,0,,,,,,,,,,,,
stored-night,5,tide-siege+hollow-ground,w0h0l-,greedy,300,267,0.89,8.887,0.7085,16.515,0,1.42,1.59,42.96,2.13,2.383,0.617,0.183,0.42,0.043,1.57,1.353,0.223,1.55,0,1,0,0.42,0,,,,,,,,,,,,
stored-night,5,tide-siege+hollow-ground,w0h0l-,planner,300,288,0.96,8.57,0.7023,31.667,0,1.383,1.577,41.193,1.953,2.33,0.453,0.19,0.28,0.033,1.647,1.41,0.253,2.07,0,1,0.003,0.38,0,,,,,,,,,,,,
stored-night,5,tide-siege+hollow-ground,w0h0l-,forecast-aware,300,229,0.7633,10.033,0.7853,19.915,0,1.627,2.043,56.387,1.613,4.723,1.93,0,0.607,0.747,1.87,1.653,0.373,2.5,0,1,0.08,0.547,0,,,,,,,,,,,,
stored-night,5,tide-siege+hollow-ground,w0h0l-,planner-one-mistake,300,247,0.8233,9.35,0.7318,31.83,0,1.493,1.78,49.167,2.19,3.51,0.87,0.44,0.443,0.23,1.713,1.447,0.287,1.907,0,1,0.003,0.49,0,288,300,288,242,0,0,55,147,0.8403,4.5108,0.75,0
stored-night,5,tide-siege+hollow-ground,w0h0l0,random,300,27,0.09,11.89,0.8981,65.004,0,1.077,3.693,85.57,2.62,18.543,0.447,1.483,0.197,0.19,1.343,1.13,0.303,1.443,0,0.637,0,0.44,0,,,,,,,,,,,,
stored-night,5,tide-siege+hollow-ground,w0h0l0,single-water,300,0,0,12,,67.08,0,0.6,4,89.987,2.997,13.54,0,0,0,0,1,1,0,0,0,0.327,0,0.273,0,,,,,,,,,,,,
stored-night,5,tide-siege+hollow-ground,w0h0l0,legacy-cycle,300,41,0.1367,11.837,0.9004,46.753,0,1.847,3.95,103.707,2.393,24.613,0,0,0,0,1.977,1.84,0.07,3.56,0,0.993,0,0.853,0,,,,,,,,,,,,
stored-night,5,tide-siege+hollow-ground,w0h0l0,greedy,300,286,0.9533,8.55,0.6984,15.857,0,1.363,1.53,39.833,2.067,1.917,0.48,0.187,0.287,0.023,1.46,1.287,0.183,1.59,0,1,0,0.363,0,,,,,,,,,,,,
stored-night,5,tide-siege+hollow-ground,w0h0l0,planner,300,293,0.9767,8.787,0.7258,32,0,1.477,1.703,46.433,1.783,2.233,0.557,0.193,0.317,0.033,1.653,1.41,0.26,2.373,0,1,0.003,0.473,0,,,,,,,,,,,,
stored-night,5,tide-siege+hollow-ground,w0h0l0,forecast-aware,300,245,0.8167,9.853,0.781,15.382,0,1.62,1.97,54.7,1.517,4.663,1.883,0,0.613,0.72,1.79,1.557,0.377,2.487,0,1,0.073,0.547,0,,,,,,,,,,,,
stored-night,5,tide-siege+hollow-ground,w0h0l0,planner-one-mistake,300,272,0.9067,9.06,0.7298,30.857,0,1.467,1.677,46.033,2.09,3.313,0.79,0.437,0.393,0.23,1.677,1.393,0.3,2.033,0,1,0.003,0.463,0,293,300,293,267,0,0,55,147,0.9113,4.1142,1,0
stored-night,5,tide-siege+hollow-ground,w0h0l+,random,300,32,0.1067,11.887,0.9115,63.806,0,1.133,3.687,86.35,2.61,18.847,0.447,1.47,0.19,0.187,1.34,1.123,0.3,1.447,0,0.67,0,0.463,0,,,,,,,,,,,,
stored-night,5,tide-siege+hollow-ground,w0h0l+,single-water,300,0,0,12,,67.08,0,0.6,4,89.987,2.997,13.54,0,0,0,0,1,1,0,0,0,0.327,0,0.273,0,,,,,,,,,,,,
stored-night,5,tide-siege+hollow-ground,w0h0l+,legacy-cycle,300,45,0.15,11.82,0.9,46.365,0,1.84,3.963,104.193,2.523,26.833,0,0,0,0,1.97,1.837,0.067,3.557,0,0.993,0,0.847,0,,,,,,,,,,,,
stored-night,5,tide-siege+hollow-ground,w0h0l+,greedy,300,296,0.9867,8.637,0.7159,12,0,1.47,1.623,44.553,1.717,1.923,0.6,0.143,0.353,0.023,1.477,1.277,0.207,1.73,0,1,0.003,0.467,0,,,,,,,,,,,,
stored-night,5,tide-siege+hollow-ground,w0h0l+,planner,300,295,0.9833,8.767,0.726,29.8,0,1.53,1.827,50.347,1.593,1.74,0.483,0.21,0.263,0.027,1.687,1.437,0.253,2.343,0,1,0.003,0.527,0,,,,,,,,,,,,
stored-night,5,tide-siege+hollow-ground,w0h0l+,forecast-aware,300,266,0.8867,9.63,0.7773,17.382,0,1.613,1.933,54.087,1.393,4.477,1.79,0,0.583,0.72,1.75,1.51,0.373,2.43,0,1,0.057,0.557,0,,,,,,,,,,,,
stored-night,5,tide-siege+hollow-ground,w0h0l+,planner-one-mistake,300,285,0.95,8.99,0.736,30.867,0,1.463,1.647,45.18,1.963,3.32,0.863,0.507,0.37,0.29,1.633,1.4,0.25,1.98,0,1,0.003,0.46,0,295,300,295,281,0,0,49,200,0.9525,5.6567,1,0
stored-night,5,tide-siege+hollow-ground,w0h+l-,random,300,23,0.0767,11.9,0.8913,64.578,0,1.04,3.707,85.647,2.647,18.547,0.447,1.483,0.197,0.19,1.347,1.133,0.3,1.447,0,0.61,0,0.43,0,,,,,,,,,,,,
stored-night,5,tide-siege+hollow-ground,w0h+l-,single-water,300,0,0,12,,67.08,0,0.6,4,89.987,2.997,13.54,0,0,0,0,1,1,0,0,0,0.327,0,0.273,0,,,,,,,,,,,,
stored-night,5,tide-siege+hollow-ground,w0h+l-,legacy-cycle,300,42,0.14,11.82,0.8929,46.752,0,1.843,3.957,103.863,2.413,24.933,0,0,0,0,1.967,1.837,0.07,3.553,0,0.993,0,0.85,0,,,,,,,,,,,,
stored-night,5,tide-siege+hollow-ground,w0h+l-,greedy,300,272,0.9067,9.243,0.7466,13.75,0,1.57,1.82,51.913,1.813,2.4,0.69,0.17,0.47,0.04,1.51,1.353,0.163,1.473,0,1,0,0.57,0,,,,,,,,,,,,
stored-night,5,tide-siege+hollow-ground,w0h+l-,planner,300,285,0.95,9.083,0.7442,31.867,0,1.57,1.893,53.08,1.69,2.24,0.55,0.21,0.35,0.03,1.637,1.447,0.203,1.77,0,1,0.007,0.563,0,,,,,,,,,,,,
stored-night,5,tide-siege+hollow-ground,w0h+l-,forecast-aware,300,246,0.82,9.823,0.7788,18,0,1.623,1.983,55.08,1.493,4.42,1.86,0,0.6,0.713,1.8,1.553,0.4,2.46,0,1,0.073,0.55,0,,,,,,,,,,,,
stored-night,5,tide-siege+hollow-ground,w0h+l-,planner-one-mistake,300,284,0.9467,8.927,0.7295,32.438,0,1.5,1.747,48.18,1.74,2.453,0.73,0.303,0.36,0.163,1.67,1.463,0.223,1.953,0,1,0.003,0.497,0,285,300,285,271,0,0,55,55,0.9509,2.975,0.75,0
stored-night,5,tide-siege+hollow-ground,w0h+l0,random,300,32,0.1067,11.873,0.901,63.25,0,1.113,3.69,86.33,2.61,18.713,0.443,1.477,0.193,0.187,1.34,1.133,0.293,1.447,0,0.657,0,0.457,0,,,,,,,,,,,,
stored-night,5,tide-siege+hollow-ground,w0h+l0,single-water,300,0,0,12,,67.08,0,0.6,4,89.987,2.997,13.54,0,0,0,0,1,1,0,0,0,0.327,0,0.273,0,,,,,,,,,,,,
stored-night,5,tide-siege+hollow-ground,w0h+l0,legacy-cycle,300,52,0.1733,11.763,0.8862,46.625,0,1.817,3.957,103.55,2.527,27.05,0,0,0,0,1.963,1.833,0.067,3.53,0,0.993,0,0.823,0,,,,,,,,,,,,
stored-night,5,tide-siege+hollow-ground,w0h+l0,greedy,300,290,0.9667,8.97,0.7388,13.4,0,1.547,1.797,50.413,1.65,1.72,0.613,0.133,0.357,0.02,1.46,1.34,0.12,1.407,0,1,0,0.547,0,,,,,,,,,,,,
stored-night,5,tide-siege+hollow-ground,w0h+l0,planner,300,297,0.99,9.017,0.7489,35.333,0,1.603,1.903,54.007,1.517,2.13,0.57,0.19,0.337,0.027,1.627,1.407,0.23,1.99,0,1,0.01,0.593,0,,,,,,,,,,,,
stored-night,5,tide-siege+hollow-ground,w0h+l0,forecast-aware,300,264,0.88,9.633,0.7759,16.972,0,1.63,1.94,54.673,1.34,4.24,1.78,0,0.587,0.717,1.743,1.51,0.367,2.427,0,1,0.057,0.573,0,,,,,,,,,,,,
stored-night,5,tide-siege+hollow-ground,w0h+l0,planner-one-mistake,300,294,0.98,8.77,0.7253,33.333,0,1.493,1.7,46.92,1.637,2.69,0.687,0.317,0.33,0.157,1.64,1.41,0.247,2.113,0,1,0.003,0.49,0,297,300,297,291,0,0,55,55,0.9798,2.6817,1,0
stored-night,5,tide-siege+hollow-ground,w0h+l+,random,300,37,0.1233,11.83,0.8851,61.848,0,1.17,3.653,86.42,2.583,18.973,0.45,1.46,0.197,0.19,1.33,1.117,0.297,1.45,0,0.687,0,0.483,0,,,,,,,,,,,,
stored-night,5,tide-siege+hollow-ground,w0h+l+,single-water,300,0,0,12,,67.08,0,0.6,4,89.987,2.997,13.54,0,0,0,0,1,1,0,0,0,0.327,0,0.273,0,,,,,,,,,,,,
stored-night,5,tide-siege+hollow-ground,w0h+l+,legacy-cycle,300,79,0.2633,11.51,0.8449,46.276,0,1.747,3.813,98.443,2.523,27.313,0,0,0,0,1.947,1.763,0.117,3.407,0,1,0,0.747,0,,,,,,,,,,,,
stored-night,5,tide-siege+hollow-ground,w0h+l+,greedy,300,298,0.9933,8.55,0.7106,9.5,0,1.503,1.677,46.573,1.437,1.877,0.61,0.133,0.34,0.023,1.467,1.263,0.207,1.507,0,1,0.003,0.5,0,,,,,,,,,,,,
stored-night,5,tide-siege+hollow-ground,w0h+l+,planner,300,299,0.9967,8.267,0.6878,38,0,1.473,1.717,46.44,1.307,1.543,0.427,0.163,0.223,0.027,1.577,1.317,0.263,1.727,0,1,0.003,0.47,0,,,,,,,,,,,,
stored-night,5,tide-siege+hollow-ground,w0h+l+,forecast-aware,300,273,0.91,9.593,0.7796,14.815,0,1.673,1.977,56.787,1.227,4.163,1.74,0,0.573,0.697,1.74,1.52,0.347,2.463,0,1,0.05,0.623,0,,,,,,,,,,,,
stored-night,5,tide-siege+hollow-ground,w0h+l+,planner-one-mistake,300,298,0.9933,8.46,0.703,32.5,0,1.453,1.627,44.187,1.487,2.417,0.667,0.31,0.297,0.197,1.56,1.277,0.293,2.257,0,1,0.003,0.45,0,299,300,299,297,0,0,50,97,0.9933,3.5383,1,0
stored-night,5,tide-siege+hollow-ground,w+h-l-,random,300,21,0.07,11.913,0.8968,66.237,0,0.997,3.707,84.46,2.647,18.24,0.443,1.483,0.207,0.19,1.35,1.14,0.323,1.45,0,0.587,0,0.41,0,,,,,,,,,,,,
stored-night,5,tide-siege+hollow-ground,w+h-l-,single-water,300,0,0,12,,64.437,0,1.21,4,96.913,2.927,14.007,0,0,0,0,1,1,0,0,0,0.673,0,0.537,0,,,,,,,,,,,,
stored-night,5,tide-siege+hollow-ground,w+h-l-,legacy-cycle,300,32,0.1067,11.893,0.9167,51.825,0,1.867,3.973,104.57,2.397,24.733,0,0,0,0,1.983,1.85,0.08,3.587,0,0.99,0,0.877,0,,,,,,,,,,,,
stored-night,5,tide-siege+hollow-ground,w+h-l-,greedy,300,269,0.8967,8.807,0.7032,15.194,0,1.413,1.587,42.633,2.173,2.61,0.603,0.137,0.403,0.05,1.56,1.343,0.227,1.67,0,1,0,0.413,0,,,,,,,,,,,,
stored-night,5,tide-siege+hollow-ground,w+h-l-,planner,300,281,0.9367,8.45,0.6842,32.789,0,1.343,1.45,37.753,2.093,3.813,0.497,0.187,0.343,0.037,1.493,1.18,0.34,2.163,0,1,0.003,0.34,0,,,,,,,,,,,,
stored-night,5,tide-siege+hollow-ground,w+h-l-,forecast-aware,300,226,0.7533,10.023,0.7813,19.865,0,1.617,2.033,55.893,1.617,4.943,1.947,0,0.617,0.76,1.867,1.637,0.39,2.553,0,1,0.08,0.537,0,,,,,,,,,,,,
stored-night,5,tide-siege+hollow-ground,w+h-l-,planner-one-mistake,300,260,0.8667,9.27,0.7375,32.7,0,1.483,1.747,48.107,2.23,4.007,0.767,0.33,0.423,0.157,1.693,1.437,0.273,2.057,0,1,0,0.483,0,281,300,281,244,0,0,68,71,0.8683,3.185,0.75,0
stored-night,5,tide-siege+hollow-ground,w+h-l0,random,300,26,0.0867,11.903,0.9071,64.821,0,1.063,3.693,85.327,2.65,18.613,0.443,1.487,0.2,0.19,1.347,1.13,0.32,1.45,0,0.63,0,0.433,0,,,,,,,,,,,,
stored-night,5,tide-siege+hollow-ground,w+h-l0,single-water,300,0,0,12,,64.437,0,1.21,4,96.913,2.927,14.007,0,0,0,0,1,1,0,0,0,0.673,0,0.537,0,,,,,,,,,,,,
stored-night,5,tide-siege+hollow-ground,w+h-l0,legacy-cycle,300,41,0.1367,11.837,0.9004,47.595,0,1.847,3.95,103.48,2.333,24.237,0,0,0,0,1.977,1.84,0.08,3.563,0,0.993,0,0.853,0,,,,,,,,,,,,
stored-night,5,tide-siege+hollow-ground,w+h-l0,greedy,300,283,0.9433,8.52,0.6926,12.647,0,1.38,1.547,40.52,2.063,2.5,0.51,0.127,0.323,0.037,1.533,1.283,0.267,1.823,0,1,0.003,0.377,0,,,,,,,,,,,,
stored-night,5,tide-siege+hollow-ground,w+h-l0,planner,300,290,0.9667,8.853,0.7287,31.9,0,1.483,1.667,46.093,1.947,4.087,0.57,0.187,0.39,0.033,1.597,1.327,0.287,2.463,0,1,0.007,0.477,0,,,,,,,,,,,,
stored-night,5,tide-siege+hollow-ground,w+h-l0,forecast-aware,300,247,0.8233,9.92,0.7895,17.83,0,1.62,1.993,55.207,1.537,4.857,1.917,0,0.623,0.743,1.817,1.57,0.39,2.493,0,1,0.073,0.547,0,,,,,,,,,,,,
stored-night,5,tide-siege+hollow-ground,w+h-l0,planner-one-mistake,300,282,0.94,8.9,0.7252,31.611,0,1.423,1.583,42.867,2.087,3.947,0.753,0.313,0.393,0.177,1.583,1.327,0.283,2.077,0,1,0,0.423,0,290,300,290,273,0,0,70,90,0.9414,3.33,1,0
stored-night,5,tide-siege+hollow-ground,w+h-l+,random,300,34,0.1133,11.883,0.9142,62.996,0,1.087,3.667,84.963,2.62,18.7,0.447,1.473,0.197,0.187,1.343,1.123,0.317,1.45,0,0.657,0,0.43,0,,,,,,,,,,,,
stored-night,5,tide-siege+hollow-ground,w+h-l+,single-water,300,0,0,12,,64.437,0,1.21,4,96.913,2.927,14.007,0,0,0,0,1,1,0,0,0,0.673,0,0.537,0,,,,,,,,,,,,
stored-night,5,tide-siege+hollow-ground,w+h-l+,legacy-cycle,300,46,0.1533,11.823,0.904,44.886,0,1.83,3.96,103.513,2.38,24.687,0,0,0,0,1.973,1.837,0.07,3.553,0,0.993,0,0.837,0,,,,,,,,,,,,
stored-night,5,tide-siege+hollow-ground,w+h-l+,greedy,300,289,0.9633,8.617,0.7073,14,0,1.457,1.627,44.32,1.713,2.613,0.577,0.157,0.347,0.03,1.467,1.207,0.267,1.78,0,1,0.003,0.453,0,,,,,,,,,,,,
stored-night,5,tide-siege+hollow-ground,w+h-l+,planner,300,297,0.99,8.72,0.7239,41,0,1.52,1.763,48.653,1.587,2.693,0.557,0.223,0.31,0.043,1.58,1.32,0.28,2.567,0,1,0.01,0.51,0,,,,,,,,,,,,
stored-night,5,tide-siege+hollow-ground,w+h-l+,forecast-aware,300,257,0.8567,9.77,0.7831,15.488,0,1.64,1.983,55.833,1.457,4.837,1.837,0,0.597,0.73,1.8,1.543,0.393,2.48,0,1,0.06,0.58,0,,,,,,,,,,,,
stored-night,5,tide-siege+hollow-ground,w+h-l+,planner-one-mistake,300,292,0.9733,8.687,0.7163,30.125,0,1.397,1.487,39.933,1.93,4.24,0.747,0.333,0.39,0.18,1.51,1.237,0.293,2.017,0,1,0.003,0.393,0,297,300,297,290,0,0,68,108,0.9764,3.1417,1,0
stored-night,5,tide-siege+hollow-ground,w+h0l-,random,300,26,0.0867,11.89,0.8942,64.46,0,1.05,3.693,85.207,2.623,18.14,0.45,1.473,0.2,0.19,1.347,1.127,0.303,1.443,0,0.62,0,0.43,0,,,,,,,,,,,,
stored-night,5,tide-siege+hollow-ground,w+h0l-,single-water,300,0,0,12,,64.437,0,1.21,4,96.913,2.927,14.007,0,0,0,0,1,1,0,0,0,0.673,0,0.537,0,,,,,,,,,,,,
stored-night,5,tide-siege+hollow-ground,w+h0l-,legacy-cycle,300,41,0.1367,11.833,0.8984,46.51,0,1.847,3.95,103.51,2.313,24.077,0,0,0,0,1.977,1.84,0.07,3.56,0,0.993,0,0.853,0,,,,,,,,,,,,
stored-night,5,tide-siege+hollow-ground,w+h0l-,greedy,300,277,0.9233,8.737,0.7055,14.696,0,1.44,1.603,43.66,1.94,2.54,0.61,0.187,0.403,0.043,1.507,1.337,0.177,1.493,0,1,0,0.44,0,,,,,,,,,,,,
stored-night,5,tide-siege+hollow-ground,w+h0l-,planner,300,291,0.97,8.62,0.7096,32.778,0,1.457,1.673,45.307,1.76,2.737,0.503,0.197,0.31,0.037,1.613,1.367,0.263,2.113,0,1,0.003,0.453,0,,,,,,,,,,,,
stored-night,5,tide-siege+hollow-ground,w+h0l-,forecast-aware,300,247,0.8233,9.827,0.78,17.642,0,1.613,1.973,54.687,1.503,4.627,1.883,0,0.603,0.733,1.8,1.543,0.4,2.497,0,1,0.07,0.543,0,,,,,,,,,,,,
stored-night,5,tide-siege+hollow-ground,w+h0l-,planner-one-mistake,300,278,0.9267,8.793,0.7116,33.091,0,1.413,1.613,43.007,2.047,2.913,0.703,0.397,0.33,0.203,1.583,1.3,0.297,1.823,0,1,0.003,0.41,0,291,300,291,272,0,0,65,128,0.9347,4.2708,0.75,0
stored-night,5,tide-siege+hollow-ground,w+h0l0,random,300,32,0.1067,11.883,0.9089,62.437,0,1.107,3.677,85.77,2.613,18.403,0.443,1.47,0.19,0.187,1.34,1.127,0.293,1.447,0,0.657,0,0.45,0,,,,,,,,,,,,
stored-night,5,tide-siege+hollow-ground,w+h0l0,single-water,300,0,0,12,,64.437,0,1.21,4,96.913,2.927,14.007,0,0,0,0,1,1,0,0,0,0.673,0,0.537,0,,,,,,,,,,,,
stored-night,5,tide-siege+hollow-ground,w+h0l0,legacy-cycle,300,51,0.17,11.803,0.9036,43.811,0,1.817,3.937,102.693,2.39,24.883,0,0,0,0,1.967,1.837,0.063,3.537,0,0.993,0,0.823,0,,,,,,,,,,,,
stored-night,5,tide-siege+hollow-ground,w+h0l0,greedy,300,292,0.9733,8.45,0.6961,11.625,0,1.42,1.593,42.593,1.693,1.783,0.527,0.17,0.3,0.033,1.437,1.253,0.19,1.757,0,1,0,0.42,0,,,,,,,,,,,,
stored-night,5,tide-siege+hollow-ground,w+h0l0,planner,300,296,0.9867,8.913,0.7393,33.5,0,1.59,1.857,52.793,1.45,2.387,0.597,0.193,0.37,0.037,1.627,1.407,0.23,2.39,0,1,0.003,0.587,0,,,,,,,,,,,,
stored-night,5,tide-siege+hollow-ground,w+h0l0,forecast-aware,300,265,0.8833,9.657,0.7789,16.171,0,1.617,1.933,54.187,1.403,4.563,1.81,0,0.597,0.707,1.743,1.507,0.373,2.437,0,1,0.057,0.56,0,,,,,,,,,,,,
stored-night,5,tide-siege+hollow-ground,w+h0l0,planner-one-mistake,300,287,0.9567,8.833,0.7242,27.923,0,1.457,1.693,45.84,1.837,3.087,0.7,0.38,0.303,0.21,1.623,1.347,0.29,1.987,0,1,0.003,0.453,0,296,300,296,284,0,0,65,128,0.9595,3.8942,1,0
stored-night,5,tide-siege+hollow-ground,w+h0l+,random,300,40,0.1333,11.847,0.9042,61.7,0,1.163,3.647,86,2.59,18.567,0.447,1.46,0.193,0.187,1.323,1.123,0.28,1.443,0,0.687,0,0.477,0,,,,,,,,,,,,
stored-night,5,tide-siege+hollow-ground,w+h0l+,single-water,300,0,0,12,,64.437,0,1.21,4,96.913,2.927,14.007,0,0,0,0,1,1,0,0,0,0.673,0,0.537,0,,,,,,,,,,,,
stored-night,5,tide-siege+hollow-ground,w+h0l+,legacy-cycle,300,59,0.1967,11.73,0.8856,45.378,0,1.81,3.963,103.373,2.523,27.167,0,0,0,0,1.963,1.83,0.063,3.523,0,1,0,0.81,0,,,,,,,,,,,,
stored-night,5,tide-siege+hollow-ground,w+h0l+,greedy,300,296,0.9867,8.547,0.7083,12.75,0,1.497,1.663,46.12,1.417,1.78,0.607,0.147,0.35,0.027,1.473,1.23,0.247,1.813,0,1,0.003,0.493,0,,,,,,,,,,,,
stored-night,5,tide-siege+hollow-ground,w+h0l+,planner,300,297,0.99,8.73,0.7247,35,0,1.577,1.883,52.787,1.327,1.96,0.527,0.203,0.287,0.037,1.593,1.367,0.233,2.527,0,1,0.003,0.573,0,,,,,,,,,,,,
stored-night,5,tide-siege+hollow-ground,w+h0l+,forecast-aware,300,272,0.9067,9.473,0.7678,14.893,0,1.62,1.913,53.88,1.293,4.48,1.737,0,0.557,0.71,1.73,1.473,0.39,2.39,0,1,0.053,0.567,0,,,,,,,,,,,,
stored-night,5,tide-siege+hollow-ground,w+h0l+,planner-one-mistake,300,291,0.97,8.79,0.7242,32.333,0,1.457,1.667,45.313,1.687,3.273,0.793,0.47,0.317,0.26,1.56,1.297,0.273,2.06,0,1,0.003,0.453,0,297,300,297,289,0,0,63,165,0.9731,4.72,1,0
stored-night,5,tide-siege+hollow-ground,w+h+l-,random,300,31,0.1033,11.89,0.9113,62.706,0,1.1,3.683,85.787,2.633,18.65,0.453,1.467,0.19,0.187,1.343,1.133,0.3,1.45,0,0.653,0,0.447,0,,,,,,,,,,,,
stored-night,5,tide-siege+hollow-ground,w+h+l-,single-water,300,0,0,12,,64.437,0,1.21,4,96.913,2.927,14.007,0,0,0,0,1,1,0,0,0,0.673,0,0.537,0,,,,,,,,,,,,
stored-night,5,tide-siege+hollow-ground,w+h+l-,legacy-cycle,300,58,0.1933,11.747,0.8908,44.558,0,1.8,3.927,102.117,2.39,24.943,0,0,0,0,1.963,1.83,0.07,3.523,0,0.993,0,0.807,0,,,,,,,,,,,,
stored-night,5,tide-siege+hollow-ground,w+h+l-,greedy,300,286,0.9533,9.05,0.7421,13.857,0,1.567,1.777,50.74,1.647,2.527,0.71,0.183,0.467,0.04,1.503,1.32,0.187,1.517,0,1,0,0.567,0,,,,,,,,,,,,
stored-night,5,tide-siege+hollow-ground,w+h+l-,planner,300,292,0.9733,8.677,0.7155,31.5,0,1.517,1.78,49.133,1.537,2.057,0.487,0.187,0.313,0.023,1.63,1.383,0.26,1.72,0,1,0.007,0.51,0,,,,,,,,,,,,
stored-night,5,tide-siege+hollow-ground,w+h+l-,forecast-aware,300,259,0.8633,9.623,0.7706,14.976,0,1.617,1.92,53.727,1.377,4.39,1.803,0,0.587,0.707,1.747,1.51,0.377,2.433,0,1,0.063,0.553,0,,,,,,,,,,,,
stored-night,5,tide-siege+hollow-ground,w+h+l-,planner-one-mistake,300,289,0.9633,8.483,0.6958,30.727,0,1.393,1.503,40.173,1.697,3.52,0.72,0.333,0.357,0.18,1.56,1.307,0.277,1.803,0,1,0.003,0.39,0,292,300,292,282,0,0,56,93,0.9658,4.0142,0.75,0
stored-night,5,tide-siege+hollow-ground,w+h+l0,random,300,42,0.14,11.837,0.9028,61.988,0,1.143,3.633,85.687,2.613,18.99,0.457,1.457,0.197,0.19,1.327,1.117,0.297,1.447,0,0.67,0,0.473,0,,,,,,,,,,,,
stored-night,5,tide-siege+hollow-ground,w+h+l0,single-water,300,0,0,12,,64.437,0,1.21,4,96.913,2.927,14.007,0,0,0,0,1,1,0,0,0,0.673,0,0.537,0,,,,,,,,,,,,
stored-night,5,tide-siege+hollow-ground,w+h+l0,legacy-cycle,300,84,0.28,11.49,0.8482,45.343,0,1.73,3.79,97.37,2.483,26.72,0,0,0,0,1.947,1.76,0.117,3.407,0,1,0,0.73,0,,,,,,,,,,,,
stored-night,5,tide-siege+hollow-ground,w+h+l0,greedy,300,295,0.9833,8.703,0.7206,12.8,0,1.51,1.717,47.62,1.5,1.833,0.62,0.15,0.347,0.03,1.45,1.257,0.193,1.527,0,1,0,0.51,0,,,,,,,,,,,,
stored-night,5,tide-siege+hollow-ground,w+h+l0,planner,300,299,0.9967,8.63,0.7182,43,0,1.56,1.813,50.88,1.303,2.057,0.503,0.173,0.303,0.023,1.65,1.413,0.25,1.91,0,1,0.01,0.55,0,,,,,,,,,,,,
stored-night,5,tide-siege+hollow-ground,w+h+l0,forecast-aware,300,274,0.9133,9.403,0.7631,14.846,0,1.6,1.877,52.633,1.277,4.317,1.747,0,0.557,0.713,1.713,1.463,0.38,2.37,0,1,0.05,0.55,0,,,,,,,,,,,,
stored-night,5,tide-siege+hollow-ground,w+h+l0,planner-one-mistake,300,297,0.99,8.367,0.6942,36.667,0,1.4,1.49,39.973,1.553,3.147,0.703,0.333,0.337,0.177,1.5,1.27,0.25,1.9,0,1,0.003,0.397,0,299,300,299,296,0,0,56,93,0.99,3.6675,1,0
stored-night,5,tide-siege+hollow-ground,w+h+l+,random,300,48,0.16,11.787,0.8889,60.619,0,1.2,3.607,85.787,2.58,19.05,0.457,1.45,0.2,0.19,1.32,1.11,0.3,1.45,0,0.707,0,0.493,0,,,,,,,,,,,,
stored-night,5,tide-siege+hollow-ground,w+h+l+,single-water,300,0,0,12,,64.437,0,1.21,4,96.913,2.927,14.007,0,0,0,0,1,1,0,0,0,0.673,0,0.537,0,,,,,,,,,,,,
stored-night,5,tide-siege+hollow-ground,w+h+l+,legacy-cycle,300,110,0.3667,11.223,0.8235,44.816,0,1.64,3.63,91.577,2.453,26.843,0,0,0,0,1.93,1.667,0.197,3.26,0,0.997,0,0.643,0,,,,,,,,,,,,
stored-night,5,tide-siege+hollow-ground,w+h+l+,greedy,300,298,0.9933,8.237,0.6843,17.5,0,1.453,1.58,43.133,1.307,1.643,0.59,0.133,0.323,0.023,1.453,1.18,0.277,1.577,0,1,0.003,0.45,0,,,,,,,,,,,,
stored-night,5,tide-siege+hollow-ground,w+h+l+,planner,300,299,0.9967,7.967,0.6628,41,0,1.43,1.63,43.287,1.23,1.803,0.397,0.177,0.22,0.037,1.49,1.213,0.287,1.95,0,1,0.007,0.423,0,,,,,,,,,,,,
stored-night,5,tide-siege+hollow-ground,w+h+l+,forecast-aware,300,290,0.9667,9.317,0.7687,12.9,0,1.66,1.88,54.067,1.1,4.03,1.663,0,0.537,0.67,1.697,1.46,0.353,2.387,0,1,0.057,0.603,0,,,,,,,,,,,,
stored-night,5,tide-siege+hollow-ground,w+h+l+,planner-one-mistake,300,297,0.99,8.343,0.6922,32.667,0,1.43,1.547,41.98,1.473,3.14,0.717,0.313,0.327,0.207,1.477,1.163,0.333,2.107,0,1,0.003,0.427,0,299,300,299,296,0,0,54,111,0.99,3.7317,1,0
stored-night,5,tide-siege+sluice-jam,w-h-l-,random,300,5,0.0167,11.963,0.8167,72.732,0,0.65,3.67,78.617,2.717,18.197,0.56,1.763,0.283,0.223,1.257,1.02,0.39,1.447,0,0.363,0.003,0.283,0,,,,,,,,,,,,
stored-night,5,tide-siege+sluice-jam,w-h-l-,single-water,300,0,0,12,,78.743,0,0,4,78.743,3,5.98,0,0,0,0,1,1,0,0,0,0,0,0,0,,,,,,,,,,,,
stored-night,5,tide-siege+sluice-jam,w-h-l-,legacy-cycle,300,3,0.01,11.99,0.9167,62.502,0,1.97,4.03,108.957,2.807,27.113,0,0,0,0,1.997,1.793,0.347,3.777,0,0.99,0,0.98,0,,,,,,,,,,,,
stored-night,5,tide-siege+sluice-jam,w-h-l-,greedy,300,237,0.79,9.673,0.7546,16.476,0,1.537,1.587,46.467,2.377,3.48,1.1,0.163,0.697,0.03,1.7,1.537,0.163,1.74,0,1,0.003,0.533,0,,,,,,,,,,,,
stored-night,5,tide-siege+sluice-jam,w-h-l-,planner,300,231,0.77,9.88,0.7706,29.739,0,1.577,1.77,51.773,2.277,3.9,1.047,0.187,0.69,0.06,1.727,1.55,0.187,2.367,0,1,0,0.577,0,,,,,,,,,,,,
stored-night,5,tide-siege+sluice-jam,w-h-l-,forecast-aware,300,188,0.6267,10.557,0.8081,23.438,0,1.623,2.087,55.62,1.373,4.567,2.567,0,0.713,1.083,1.86,1.757,0.363,2.8,0,1,0.127,0.497,0,,,,,,,,,,,,
stored-night,5,tide-siege+sluice-jam,w-h-l-,planner-one-mistake,300,219,0.73,10.28,0.8037,31,0,1.637,1.897,56,2.27,3.21,1.337,0.277,0.717,0.217,1.863,1.64,0.23,2.493,0,1,0,0.637,0,231,300,231,184,0,0,21,109,0.7965,2.8683,1,0
stored-night,5,tide-siege+sluice-jam,w-h-l0,random,300,9,0.03,11.943,0.8426,71.162,0,0.75,3.647,79.66,2.693,18.35,0.563,1.76,0.283,0.223,1.257,1.023,0.383,1.447,0,0.423,0.007,0.32,0,,,,,,,,,,,,
stored-night,5,tide-siege+sluice-jam,w-h-l0,single-water,300,0,0,12,,78.743,0,0,4,78.743,3,5.98,0,0,0,0,1,1,0,0,0,0,0,0,0,,,,,,,,,,,,
stored-night,5,tide-siege+sluice-jam,w-h-l0,legacy-cycle,300,6,0.02,11.98,0.9167,57.874,0,1.967,4.06,109.567,2.677,26.11,0,0,0,0,1.99,1.79,0.33,3.767,0,0.993,0,0.973,0,,,,,,,,,,,,
stored-night,5,tide-siege+sluice-jam,w-h-l0,greedy,300,269,0.8967,9.22,0.7416,14.742,0,1.45,1.51,42.267,2.253,2.88,0.923,0.137,0.523,0.023,1.58,1.29,0.283,1.817,0,1,0,0.45,0,,,,,,,,,,,,
stored-night,5,tide-siege+sluice-jam,w-h-l0,planner,300,257,0.8567,9.587,0.7652,30.07,0,1.547,1.683,49.02,2.163,3.767,0.963,0.153,0.647,0.053,1.7,1.45,0.25,2.493,0,1,0,0.547,0,,,,,,,,,,,,
stored-night,5,tide-siege+sluice-jam,w-h-l0,forecast-aware,300,207,0.69,10.487,0.8172,19.559,0,1.637,2.033,54.94,1.353,4.473,2.507,0,0.72,1.063,1.85,1.733,0.37,2.84,0,1,0.123,0.513,0,,,,,,,,,,,,
stored-night,5,tide-siege+sluice-jam,w-h-l0,planner-one-mistake,300,234,0.78,10.143,0.8016,32.015,0,1.637,1.913,55.793,2.113,3.29,1.437,0.383,0.543,0.403,1.747,1.44,0.3,2.797,0,1,0.003,0.633,0,257,300,257,207,0,0,16,174,0.8054,4.5817,1,0
stored-night,5,tide-siege+sluice-jam,w-h-l+,random,300,13,0.0433,11.95,0.9038,69.854,0,0.81,3.647,80.753,2.69,18.46,0.57,1.753,0.28,0.223,1.253,1.03,0.37,1.447,0,0.46,0.007,0.343,0,,,,,,,,,,,,
stored-night,5,tide-siege+sluice-jam,w-h-l+,single-water,300,0,0,12,,78.743,0,0,4,78.743,3,5.98,0,0,0,0,1,1,0,0,0,0,0,0,0,,,,,,,,,,,,
stored-night,5,tide-siege+sluice-jam,w-h-l+,legacy-cycle,300,7,0.0233,11.98,0.9286,51.413,0,1.977,4.063,109.763,2.513,24.463,0,0,0,0,1.99,1.79,0.29,3.767,0,1,0,0.977,0,,,,,,,,,,,,
stored-night,5,tide-siege+sluice-jam,w-h-l+,greedy,300,283,0.9433,8.743,0.7123,13.588,0,1.38,1.383,37.607,2.127,3.01,0.773,0.147,0.477,0.027,1.443,1.153,0.27,1.687,0,1,0,0.38,0,,,,,,,,,,,,
stored-night,5,tide-siege+sluice-jam,w-h-l+,planner,300,279,0.93,9.023,0.7333,29.857,0,1.467,1.583,44.293,2.02,3.313,0.77,0.163,0.483,0.047,1.56,1.297,0.24,2.27,0,1,0,0.467,0,,,,,,,,,,,,
stored-night,5,tide-siege+sluice-jam,w-h-l+,forecast-aware,300,215,0.7167,10.45,0.8198,17.906,0,1.66,2.03,55.54,1.347,4.617,2.497,0,0.707,1.067,1.81,1.703,0.357,2.8,0,1,0.123,0.537,0,,,,,,,,,,,,
stored-night,5,tide-siege+sluice-jam,w-h-l+,planner-one-mistake,300,264,0.88,9.61,0.7737,29.333,0,1.567,1.82,51.893,2.05,3.227,1.07,0.303,0.46,0.23,1.657,1.38,0.263,2.787,0,1,0,0.567,0,279,300,279,251,0,0,29,71,0.8996,2.9625,1,0
stored-night,5,tide-siege+sluice-jam,w-h0l-,random,300,5,0.0167,11.973,0.8667,70.963,0,0.8,3.673,81.033,2.68,18.32,0.57,1.753,0.28,0.223,1.257,1.027,0.38,1.45,0,0.443,0.007,0.35,0,,,,,,,,,,,,
stored-night,5,tide-siege+sluice-jam,w-h0l-,single-water,300,0,0,12,,78.743,0,0,4,78.743,3,5.98,0,0,0,0,1,1,0,0,0,0,0,0,0,,,,,,,,,,,,
stored-night,5,tide-siege+sluice-jam,w-h0l-,legacy-cycle,300,6,0.02,11.98,0.9167,57.347,0,1.967,4.06,109.58,2.673,26.493,0,0,0,0,1.99,1.79,0.273,3.767,0,0.993,0,0.973,0,,,,,,,,,,,,
stored-night,5,tide-siege+sluice-jam,w-h0l-,greedy,300,265,0.8833,9.027,0.7195,17.486,0,1.41,1.363,38.267,2.237,3.247,0.95,0.193,0.633,0.023,1.58,1.403,0.183,1.38,0,1,0.003,0.407,0,,,,,,,,,,,,
stored-night,5,tide-siege+sluice-jam,w-h0l-,planner,300,268,0.8933,9.043,0.7242,28.438,0,1.43,1.523,42.073,2.113,3.043,0.81,0.16,0.497,0.05,1.607,1.437,0.173,1.93,0,1,0,0.43,0,,,,,,,,,,,,
stored-night,5,tide-siege+sluice-jam,w-h0l-,forecast-aware,300,206,0.6867,10.557,0.8248,19.574,0,1.68,2.093,57.61,1.367,4.32,2.503,0,0.74,1.047,1.833,1.713,0.353,2.84,0,1,0.117,0.563,0,,,,,,,,,,,,
stored-night,5,tide-siege+sluice-jam,w-h0l-,planner-one-mistake,300,258,0.86,8.913,0.7009,30.381,0,1.383,1.52,40.507,2.1,2.387,0.86,0.247,0.43,0.143,1.643,1.41,0.243,1.877,0,1,0,0.383,0,268,300,268,236,0,0,43,44,0.8806,2.5975,1,0
stored-night,5,tide-siege+sluice-jam,w-h0l0,random,300,10,0.0333,11.967,0.9167,69.634,0,0.867,3.667,82.187,2.673,18.433,0.57,1.753,0.277,0.223,1.257,1.03,0.37,1.45,0,0.483,0.007,0.377,0,,,,,,,,,,,,
stored-night,5,tide-siege+sluice-jam,w-h0l0,single-water,300,0,0,12,,78.743,0,0,4,78.743,3,5.98,0,0,0,0,1,1,0,0,0,0,0,0,0,,,,,,,,,,,,
stored-night,5,tide-siege+sluice-jam,w-h0l0,legacy-cycle,300,8,0.0267,11.977,0.9271,50.366,0,1.973,4.063,109.69,2.503,24.703,0,0,0,0,1.99,1.79,0.253,3.767,0,1,0,0.973,0,,,,,,,,,,,,
stored-night,5,tide-siege+sluice-jam,w-h0l0,greedy,300,283,0.9433,8.683,0.707,13.235,0,1.353,1.337,35.88,2.153,2.647,0.75,0.117,0.483,0.027,1.413,1.19,0.223,1.48,0,1,0,0.353,0,,,,,,,,,,,,
stored-night,5,tide-siege+sluice-jam,w-h0l0,planner,300,285,0.95,8.71,0.7114,33.333,0,1.4,1.43,39.207,1.977,3.327,0.71,0.13,0.48,0.047,1.513,1.35,0.167,2.043,0,1,0,0.4,0,,,,,,,,,,,,
stored-night,5,tide-siege+sluice-jam,w-h0l0,forecast-aware,300,232,0.7733,10.343,0.8215,18.132,0,1.663,1.98,54.59,1.3,4.38,2.477,0,0.733,1.043,1.787,1.663,0.36,2.78,0,1,0.12,0.543,0,,,,,,,,,,,,
stored-night,5,tide-siege+sluice-jam,w-h0l0,planner-one-mistake,300,276,0.92,8.963,0.7249,31.458,0,1.417,1.583,42.473,1.91,2.597,0.977,0.253,0.373,0.267,1.553,1.34,0.223,2.38,0,1,0.003,0.413,0,285,300,285,264,0,0,40,93,0.9263,3.1633,1,0
stored-night,5,tide-siege+sluice-jam,w-h0l+,random,300,13,0.0433,11.967,0.9359,68.014,0,0.913,3.663,83.1,2.66,18.56,0.573,1.743,0.27,0.223,1.253,1.03,0.357,1.45,0,0.51,0.007,0.397,0,,,,,,,,,,,,
stored-night,5,tide-siege+sluice-jam,w-h0l+,single-water,300,0,0,12,,78.743,0,0,4,78.743,3,5.98,0,0,0,0,1,1,0,0,0,0,0,0,0,,,,,,,,,,,,
stored-night,5,tide-siege+sluice-jam,w-h0l+,legacy-cycle,300,11,0.0367,11.953,0.8939,48.187,0,1.963,4.053,109.513,2.623,26.53,0,0,0,0,1.987,1.787,0.27,3.76,0,1,0,0.963,0,,,,,,,,,,,,
stored-night,5,tide-siege+sluice-jam,w-h0l+,greedy,300,289,0.9633,8.45,0.6929,14.182,0,1.347,1.303,34.94,1.923,2.457,0.747,0.133,0.453,0.023,1.38,1.13,0.243,1.56,0,1,0,0.347,0,,,,,,,,,,,,
stored-night,5,tide-siege+sluice-jam,w-h0l+,planner,300,288,0.96,8.633,0.7078,32.25,0,1.437,1.58,43.08,1.797,2.743,0.61,0.153,0.367,0.053,1.507,1.323,0.18,2.027,0,1,0,0.437,0,,,,,,,,,,,,
stored-night,5,tide-siege+sluice-jam,w-h0l+,forecast-aware,300,248,0.8267,10.157,0.8142,17.096,0,1.647,1.923,52.687,1.213,4.447,2.433,0,0.69,1.037,1.757,1.62,0.373,2.747,0,1,0.127,0.52,0,,,,,,,,,,,,
stored-night,5,tide-siege+sluice-jam,w-h0l+,planner-one-mistake,300,288,0.96,8.58,0.7031,32,0,1.387,1.54,40.653,1.803,2.333,0.753,0.21,0.29,0.15,1.543,1.27,0.277,2.427,0,1,0,0.387,0,288,300,288,279,0,0,43,104,0.9688,2.8683,1,0
stored-night,5,tide-siege+sluice-jam,w-h+l-,random,300,10,0.0333,11.943,0.8583,69.886,0,0.863,3.66,82.087,2.67,18.433,0.563,1.757,0.27,0.22,1.253,1.027,0.367,1.44,0,0.477,0.007,0.38,0,,,,,,,,,,,,
stored-night,5,tide-siege+sluice-jam,w-h+l-,single-water,300,0,0,12,,78.743,0,0,4,78.743,3,5.98,0,0,0,0,1,1,0,0,0,0,0,0,0,,,,,,,,,,,,
stored-night,5,tide-siege+sluice-jam,w-h+l-,legacy-cycle,300,12,0.04,11.94,0.875,50.142,0,1.96,4.04,108.837,2.517,25.013,0,0,0,0,1.98,1.783,0.257,3.76,0,1,0,0.96,0,,,,,,,,,,,,
stored-night,5,tide-siege+sluice-jam,w-h+l-,greedy,300,259,0.8633,9.297,0.7391,17.854,0,1.54,1.627,47.607,1.873,3.363,1.01,0.26,0.657,0.017,1.54,1.337,0.207,1.37,0,1,0,0.54,0,,,,,,,,,,,,
stored-night,5,tide-siege+sluice-jam,w-h+l-,planner,300,282,0.94,8.847,0.7204,26.333,0,1.473,1.617,45.06,1.743,2.533,0.72,0.17,0.46,0.05,1.6,1.43,0.17,1.693,0,1,0,0.473,0,,,,,,,,,,,,
stored-night,5,tide-siege+sluice-jam,w-h+l-,forecast-aware,300,238,0.7933,10.117,0.8022,17.694,0,1.607,1.937,52.25,1.233,4.08,2.38,0,0.707,1.003,1.77,1.607,0.39,2.72,0,1,0.113,0.493,0,,,,,,,,,,,,
stored-night,5,tide-siege+sluice-jam,w-h+l-,planner-one-mistake,300,279,0.93,8.867,0.7192,28.571,0,1.443,1.567,43.033,1.847,2.353,0.863,0.253,0.437,0.14,1.603,1.393,0.217,1.757,0,1,0,0.443,0,282,300,282,267,0,0,43,43,0.9468,3.1408,1,0
stored-night,5,tide-siege+sluice-jam,w-h+l0,random,300,15,0.05,11.923,0.8722,68.06,0,0.91,3.643,82.59,2.65,18.623,0.573,1.74,0.267,0.22,1.253,1.023,0.367,1.443,0,0.513,0.007,0.39,0,,,,,,,,,,,,
stored-night,5,tide-siege+sluice-jam,w-h+l0,single-water,300,0,0,12,,78.743,0,0,4,78.743,3,5.98,0,0,0,0,1,1,0,0,0,0,0,0,0,,,,,,,,,,,,
stored-night,5,tide-siege+sluice-jam,w-h+l0,legacy-cycle,300,15,0.05,11.913,0.8556,47.302,0,1.95,4.03,108.653,2.62,26.693,0,0,0,0,1.98,1.777,0.273,3.753,0,1,0,0.95,0,,,,,,,,,,,,
stored-night,5,tide-siege+sluice-jam,w-h+l0,greedy,300,270,0.9,9.13,0.7343,13.733,0,1.52,1.67,47.653,1.777,2.703,0.94,0.163,0.56,0.02,1.45,1.283,0.163,1.37,0,1,0,0.52,0,,,,,,,,,,,,
stored-night,5,tide-siege+sluice-jam,w-h+l0,planner,300,291,0.97,8.857,0.73,30.778,0,1.523,1.64,46.693,1.643,2.623,0.73,0.133,0.467,0.047,1.547,1.41,0.147,1.853,0,1,0.007,0.517,0,,,,,,,,,,,,
stored-night,5,tide-siege+sluice-jam,w-h+l0,forecast-aware,300,252,0.84,9.983,0.7999,17.813,0,1.613,1.883,51.107,1.19,4.27,2.4,0,0.68,1.023,1.73,1.58,0.383,2.703,0,1,0.12,0.493,0,,,,,,,,,,,,
stored-night,5,tide-siege+sluice-jam,w-h+l0,planner-one-mistake,300,283,0.9433,8.89,0.7253,30.176,0,1.44,1.6,43.487,1.733,2.16,1,0.27,0.387,0.257,1.603,1.393,0.22,1.897,0,1,0.003,0.437,0,291,300,291,275,0,0,40,92,0.945,3.6875,1,0
stored-night,5,tide-siege+sluice-jam,w-h+l+,random,300,16,0.0533,11.917,0.8698,66.789,0,1,3.643,84.06,2.627,18.693,0.567,1.75,0.263,0.22,1.247,1.02,0.357,1.437,0,0.56,0.007,0.433,0,,,,,,,,,,,,
stored-night,5,tide-siege+sluice-jam,w-h+l+,single-water,300,0,0,12,,78.743,0,0,4,78.743,3,5.98,0,0,0,0,1,1,0,0,0,0,0,0,0,,,,,,,,,,,,
stored-night,5,tide-siege+sluice-jam,w-h+l+,legacy-cycle,300,24,0.08,11.85,0.8438,45.533,0,1.92,4.007,107.617,2.71,28.097,0,0,0,0,1.963,1.763,0.267,3.73,0,1,0,0.92,0,,,,,,,,,,,,
stored-night,5,tide-siege+sluice-jam,w-h+l+,greedy,300,285,0.95,8.963,0.7336,12.067,0,1.547,1.67,48.26,1.53,2.6,0.93,0.13,0.54,0.017,1.453,1.213,0.237,1.71,0,1,0,0.547,0,,,,,,,,,,,,
stored-night,5,tide-siege+sluice-jam,w-h+l+,planner,300,297,0.99,8.74,0.7256,34.333,0,1.543,1.773,49.947,1.377,1.56,0.693,0.13,0.35,0.05,1.603,1.38,0.217,2.007,0,1,0,0.543,0,,,,,,,,,,,,
stored-night,5,tide-siege+sluice-jam,w-h+l+,forecast-aware,300,258,0.86,10.01,0.8072,16.357,0,1.657,1.923,53.18,1.14,4.293,2.393,0,0.683,1,1.717,1.583,0.357,2.69,0,1,0.12,0.537,0,,,,,,,,,,,,
stored-night,5,tide-siege+sluice-jam,w-h+l+,planner-one-mistake,300,293,0.9767,8.473,0.6991,30.857,0,1.43,1.603,43.193,1.497,1.793,0.75,0.2,0.303,0.14,1.537,1.237,0.293,2.2,0,1,0,0.43,0,297,300,297,292,0,0,51,51,0.9832,2.9408,1,0
stored-night,5,tide-siege+sluice-jam,w0h-l-,random,300,7,0.0233,11.96,0.8571,70.87,0,0.81,3.663,80.803,2.69,18.037,0.56,1.76,0.28,0.223,1.257,1.023,0.383,1.45,0,0.457,0.003,0.35,0,,,,,,,,,,,,
stored-night,5,tide-siege+sluice-jam,w0h-l-,single-water,300,0,0,12,,73.667,0,0.263,4,83.893,3,6.293,0,0,0,0,1,1,0,0,0,0.14,0,0.123,0,,,,,,,,,,,,
stored-night,5,tide-siege+sluice-jam,w0h-l-,legacy-cycle,300,5,0.0167,11.983,0.9167,57.925,0,1.97,4.063,109.727,2.693,26.42,0,0,0,0,1.993,1.79,0.337,3.77,0,0.993,0,0.977,0,,,,,,,,,,,,
stored-night,5,tide-siege+sluice-jam,w0h-l-,greedy,300,262,0.8733,8.95,0.709,15,0,1.393,1.403,38.553,2.153,3.86,0.92,0.157,0.547,0.077,1.66,1.453,0.213,1.483,0,1,0.003,0.39,0,,,,,,,,,,,,
stored-night,5,tide-siege+sluice-jam,w0h-l-,planner,300,273,0.91,9.017,0.7268,28.296,0,1.433,1.457,41.007,2.103,4.47,0.83,0.207,0.597,0.05,1.573,1.347,0.243,2.143,0,1,0,0.433,0,,,,,,,,,,,,
stored-night,5,tide-siege+sluice-jam,w0h-l-,forecast-aware,300,208,0.6933,10.513,0.8213,18.641,0,1.69,2.05,56.61,1.393,4.637,2.563,0,0.743,1.063,1.827,1.713,0.36,2.82,0,1,0.13,0.56,0,,,,,,,,,,,,
stored-night,5,tide-siege+sluice-jam,w0h-l-,planner-one-mistake,300,262,0.8733,9.253,0.7379,32.684,0,1.447,1.543,43.153,2.14,4.2,1.023,0.237,0.56,0.14,1.627,1.38,0.26,2.23,0,1,0,0.447,0,273,300,273,243,0,0,24,24,0.8901,2.8475,0.75,0
stored-night,5,tide-siege+sluice-jam,w0h-l0,random,300,12,0.04,11.953,0.9028,69.378,0,0.887,3.65,81.96,2.67,18.05,0.567,1.753,0.277,0.223,1.253,1.03,0.373,1.45,0,0.497,0.007,0.383,0,,,,,,,,,,,,
stored-night,5,tide-siege+sluice-jam,w0h-l0,single-water,300,0,0,12,,73.667,0,0.263,4,83.893,3,6.293,0,0,0,0,1,1,0,0,0,0.14,0,0.123,0,,,,,,,,,,,,
stored-night,5,tide-siege+sluice-jam,w0h-l0,legacy-cycle,300,7,0.0233,11.98,0.9286,51.02,0,1.977,4.067,109.837,2.52,24.68,0,0,0,0,1.99,1.79,0.297,3.767,0,1,0,0.977,0,,,,,,,,,,,,
stored-night,5,tide-siege+sluice-jam,w0h-l0,greedy,300,286,0.9533,8.477,0.692,16.286,0,1.323,1.283,33.907,2.1,3.047,0.713,0.14,0.447,0.03,1.46,1.247,0.21,1.57,0,1,0,0.323,0,,,,,,,,,,,,
stored-night,5,tide-siege+sluice-jam,w0h-l0,planner,300,281,0.9367,9.393,0.7681,27.474,0,1.563,1.67,49.067,2.02,4.32,0.883,0.2,0.617,0.047,1.673,1.48,0.203,2.513,0,1,0,0.563,0,,,,,,,,,,,,
stored-night,5,tide-siege+sluice-jam,w0h-l0,forecast-aware,300,238,0.7933,10.34,0.8256,18.5,0,1.66,1.98,54.507,1.313,4.523,2.477,0,0.73,1.037,1.793,1.66,0.367,2.777,0,1,0.12,0.54,0,,,,,,,,,,,,
stored-night,5,tide-siege+sluice-jam,w0h-l0,planner-one-mistake,300,282,0.94,9.08,0.7411,33.389,0,1.447,1.467,41.373,2.047,4.347,0.987,0.227,0.56,0.17,1.6,1.327,0.277,2.347,0,1,0,0.447,0,281,300,281,266,0,0,22,38,0.9466,2.8625,1,0
stored-night,5,tide-siege+sluice-jam,w0h-l+,random,300,15,0.05,11.943,0.9056,68.13,0,0.933,3.653,82.783,2.653,18.327,0.56,1.76,0.273,0.22,1.25,1.027,0.367,1.447,0,0.533,0.007,0.393,0,,,,,,,,,,,,
stored-night,5,tide-siege+sluice-jam,w0h-l+,single-water,300,0,0,12,,73.667,0,0.263,4,83.893,3,6.293,0,0,0,0,1,1,0,0,0,0.14,0,0.123,0,,,,,,,,,,,,
stored-night,5,tide-siege+sluice-jam,w0h-l+,legacy-cycle,300,11,0.0367,11.96,0.9091,48.619,0,1.963,4.057,109.58,2.623,26.217,0,0,0,0,1.987,1.79,0.313,3.76,0,1,0,0.963,0,,,,,,,,,,,,
stored-night,5,tide-siege+sluice-jam,w0h-l+,greedy,300,291,0.97,8.39,0.6899,11.222,0,1.333,1.28,34.08,1.993,3.253,0.72,0.133,0.45,0.027,1.407,1.13,0.267,1.557,0,1,0,0.333,0,,,,,,,,,,,,
stored-night,5,tide-siege+sluice-jam,w0h-l+,planner,300,290,0.9667,8.96,0.7379,34.1,0,1.49,1.627,45.713,1.883,3.75,0.75,0.217,0.453,0.063,1.507,1.31,0.207,2.47,0,1,0,0.49,0,,,,,,,,,,,,
stored-night,5,tide-siege+sluice-jam,w0h-l+,forecast-aware,300,251,0.8367,10.107,0.8114,17.878,0,1.64,1.94,53.08,1.24,4.597,2.397,0,0.683,1.03,1.747,1.607,0.367,2.673,0,1,0.12,0.52,0,,,,,,,,,,,,
stored-night,5,tide-siege+sluice-jam,w0h-l+,planner-one-mistake,300,285,0.95,9.08,0.7439,33.8,0,1.473,1.617,44.98,1.903,3.593,0.98,0.267,0.437,0.257,1.583,1.273,0.32,2.343,0,1,0.003,0.47,0,290,300,290,277,0,0,22,142,0.9552,3.6158,1,0
stored-night,5,tide-siege+sluice-jam,w0h0l-,random,300,10,0.0333,11.937,0.8417,69.097,0,0.873,3.653,82.007,2.67,18.137,0.57,1.747,0.273,0.223,1.253,1.027,0.37,1.443,0,0.49,0.007,0.377,0,,,,,,,,,,,,
stored-night,5,tide-siege+sluice-jam,w0h0l-,single-water,300,0,0,12,,73.667,0,0.263,4,83.893,3,6.293,0,0,0,0,1,1,0,0,0,0.14,0,0.123,0,,,,,,,,,,,,
stored-night,5,tide-siege+sluice-jam,w0h0l-,legacy-cycle,300,9,0.03,11.967,0.9074,50.54,0,1.97,4.06,109.53,2.513,24.973,0,0,0,0,1.99,1.79,0.257,3.767,0,1,0,0.97,0,,,,,,,,,,,,
stored-night,5,tide-siege+sluice-jam,w0h0l-,greedy,300,278,0.9267,8.387,0.6751,15.636,0,1.293,1.203,31.567,2.047,3.603,0.803,0.22,0.507,0.067,1.547,1.343,0.21,1.207,0,1,0.003,0.29,0,,,,,,,,,,,,
stored-night,5,tide-siege+sluice-jam,w0h0l-,planner,300,284,0.9467,8.707,0.7101,27.375,0,1.41,1.53,41.407,1.977,2.967,0.647,0.257,0.407,0.057,1.66,1.453,0.217,1.96,0,1,0,0.41,0,,,,,,,,,,,,
stored-night,5,tide-siege+sluice-jam,w0h0l-,forecast-aware,300,241,0.8033,10.073,0.8001,17.78,0,1.607,1.893,51.187,1.29,4.477,2.463,0,0.7,1.043,1.777,1.613,0.4,2.683,0,1,0.12,0.487,0,,,,,,,,,,,,
stored-night,5,tide-siege+sluice-jam,w0h0l-,planner-one-mistake,300,281,0.9367,8.407,0.6803,31,0,1.283,1.283,32.813,1.95,2.92,0.88,0.28,0.41,0.21,1.547,1.253,0.297,1.73,0,1,0,0.283,0,284,300,284,269,0,0,21,109,0.9472,3.4883,0.75,0
stored-night,5,tide-siege+sluice-jam,w0h0l0,random,300,13,0.0433,11.943,0.891,67.794,0,0.96,3.663,83.8,2.65,18.33,0.563,1.753,0.267,0.22,1.253,1.027,0.367,1.443,0,0.537,0.007,0.417,0,,,,,,,,,,,,
stored-night,5,tide-siege+sluice-jam,w0h0l0,single-water,300,0,0,12,,73.667,0,0.263,4,83.893,3,6.293,0,0,0,0,1,1,0,0,0,0.14,0,0.123,0,,,,,,,,,,,,
stored-night,5,tide-siege+sluice-jam,w0h0l0,legacy-cycle,300,16,0.0533,11.93,0.8906,47.835,0,1.947,4.037,108.707,2.62,26.57,0,0,0,0,1.983,1.78,0.27,3.753,0,1,0,0.947,0,,,,,,,,,,,,
stored-night,5,tide-siege+sluice-jam,w0h0l0,greedy,300,292,0.9733,8.24,0.6781,14.125,0,1.287,1.223,31.613,2.01,2.92,0.68,0.13,0.423,0.033,1.453,1.237,0.213,1.423,0,1,0,0.287,0,,,,,,,,,,,,
stored-night,5,tide-siege+sluice-jam,w0h0l0,planner,300,291,0.97,8.737,0.7196,27.778,0,1.463,1.61,44.54,1.847,3.277,0.647,0.233,0.41,0.053,1.64,1.43,0.223,2.313,0,1,0,0.463,0,,,,,,,,,,,,
stored-night,5,tide-siege+sluice-jam,w0h0l0,forecast-aware,300,256,0.8533,9.967,0.8014,17.182,0,1.62,1.887,51.393,1.17,4.343,2.377,0,0.67,1.02,1.743,1.577,0.39,2.65,0,1,0.12,0.5,0,,,,,,,,,,,,
stored-night,5,tide-siege+sluice-jam,w0h0l0,planner-one-mistake,300,292,0.9733,8.38,0.6901,31.625,0,1.32,1.307,34.253,1.837,2.78,0.85,0.267,0.41,0.207,1.487,1.187,0.3,1.93,0,1,0,0.32,0,291,300,291,283,0,0,21,109,0.9725,3.0517,1,0
stored-night,5,tide-siege+sluice-jam,w0h0l+,random,300,15,0.05,11.92,0.8667,66.351,0,1.02,3.66,84.747,2.627,18.49,0.563,1.753,0.26,0.217,1.247,1.023,0.353,1.437,0,0.573,0.007,0.44,0,,,,,,,,,,,,
stored-night,5,tide-siege+sluice-jam,w0h0l+,single-water,300,0,0,12,,73.667,0,0.263,4,83.893,3,6.293,0,0,0,0,1,1,0,0,0,0.14,0,0.123,0,,,,,,,,,,,,
stored-night,5,tide-siege+sluice-jam,w0h0l+,legacy-cycle,300,22,0.0733,11.88,0.8636,45.14,0,1.927,4,107.59,2.72,27.97,0,0,0,0,1.97,1.763,0.273,3.733,0,1,0,0.927,0,,,,,,,,,,,,
stored-night,5,tide-siege+sluice-jam,w0h0l+,greedy,300,296,0.9867,8.223,0.681,12.75,0,1.337,1.277,34.06,1.733,2.743,0.777,0.113,0.44,0.023,1.397,1.18,0.213,1.583,0,1,0,0.337,0,,,,,,,,,,,,
stored-night,5,tide-siege+sluice-jam,w0h0l+,planner,300,297,0.99,8.45,0.7012,32.667,0,1.44,1.603,43.473,1.663,2.117,0.55,0.21,0.303,0.047,1.587,1.293,0.303,2.39,0,1,0,0.44,0,,,,,,,,,,,,
stored-night,5,tide-siege+sluice-jam,w0h0l+,forecast-aware,300,267,0.89,9.723,0.7868,15.909,0,1.587,1.827,49.067,1.13,4.5,2.323,0,0.637,1,1.68,1.523,0.383,2.597,0,1,0.123,0.463,0,,,,,,,,,,,,
stored-night,5,tide-siege+sluice-jam,w0h0l+,planner-one-mistake,300,288,0.96,8.517,0.6976,31.667,0,1.323,1.373,35.547,1.74,2.703,1.06,0.393,0.327,0.4,1.45,1.213,0.243,2.013,0,1,0.003,0.32,0,297,300,297,286,0,0,17,179,0.963,5.0333,1,0
stored-night,5,tide-siege+sluice-jam,w0h+l-,random,300,15,0.05,11.927,0.8778,67.835,0,0.933,3.65,83.133,2.653,18.413,0.573,1.743,0.267,0.22,1.253,1.027,0.363,1.443,0,0.523,0.007,0.403,0,,,,,,,,,,,,
stored-night,5,tide-siege+sluice-jam,w0h+l-,single-water,300,0,0,12,,73.667,0,0.263,4,83.893,3,6.293,0,0,0,0,1,1,0,0,0,0.14,0,0.123,0,,,,,,,,,,,,
stored-night,5,tide-siege+sluice-jam,w0h+l-,legacy-cycle,300,17,0.0567,11.89,0.8382,47.318,0,1.943,4.007,107.967,2.617,26.723,0,0,0,0,1.977,1.77,0.273,3.75,0,1,0,0.943,0,,,,,,,,,,,,
stored-night,5,tide-siege+sluice-jam,w0h+l-,greedy,300,274,0.9133,8.893,0.7165,14.462,0,1.47,1.51,43.073,1.74,3.4,0.967,0.233,0.587,0.07,1.517,1.287,0.23,1.31,0,1,0,0.47,0,,,,,,,,,,,,
stored-night,5,tide-siege+sluice-jam,w0h+l-,planner,300,292,0.9733,8.843,0.7297,29.875,0,1.52,1.687,47.793,1.603,2.56,0.713,0.163,0.44,0.047,1.623,1.443,0.183,1.74,0,1,0,0.52,0,,,,,,,,,,,,
stored-night,5,tide-siege+sluice-jam,w0h+l-,forecast-aware,300,261,0.87,9.83,0.7921,19.154,0,1.597,1.84,49.74,1.167,4.237,2.393,0,0.663,1.01,1.7,1.523,0.41,2.627,0,1,0.12,0.477,0,,,,,,,,,,,,
stored-night,5,tide-siege+sluice-jam,w0h+l-,planner-one-mistake,300,290,0.9667,8.623,0.7089,29.8,0,1.43,1.57,42.68,1.613,2.493,0.803,0.243,0.383,0.137,1.61,1.397,0.217,1.813,0,1,0,0.43,0,292,300,292,283,0,0,43,44,0.9692,3.0542,0.75,0
stored-night,5,tide-siege+sluice-jam,w0h+l0,random,300,16,0.0533,11.92,0.875,66.039,0,1.007,3.66,84.58,2.637,18.627,0.567,1.753,0.26,0.22,1.25,1.023,0.363,1.443,0,0.57,0.007,0.43,0,,,,,,,,,,,,
stored-night,5,tide-siege+sluice-jam,w0h+l0,single-water,300,0,0,12,,73.667,0,0.263,4,83.893,3,6.293,0,0,0,0,1,1,0,0,0,0.14,0,0.123,0,,,,,,,,,,,,
stored-night,5,tide-siege+sluice-jam,w0h+l0,legacy-cycle,300,27,0.09,11.83,0.8426,45.103,0,1.91,3.987,106.913,2.71,28.197,0,0,0,0,1.96,1.757,0.27,3.723,0,1,0,0.91,0,,,,,,,,,,,,
stored-night,5,tide-siege+sluice-jam,w0h+l0,greedy,300,292,0.9733,8.683,0.716,9.5,0,1.46,1.51,42.413,1.59,2.74,0.897,0.137,0.493,0.037,1.483,1.253,0.227,1.257,0,1,0,0.46,0,,,,,,,,,,,,
stored-night,5,tide-siege+sluice-jam,w0h+l0,planner,300,294,0.98,8.767,0.7251,30.167,0,1.543,1.69,48.273,1.48,2.557,0.75,0.137,0.437,0.047,1.59,1.38,0.22,1.947,0,1,0.007,0.537,0,,,,,,,,,,,,
stored-night,5,tide-siege+sluice-jam,w0h+l0,forecast-aware,300,269,0.8967,9.717,0.7878,17,0,1.613,1.843,50.347,1.1,4.243,2.323,0,0.633,0.997,1.653,1.5,0.367,2.6,0,1,0.117,0.497,0,,,,,,,,,,,,
stored-night,5,tide-siege+sluice-jam,w0h+l0,planner-one-mistake,300,294,0.98,8.413,0.695,26.833,0,1.413,1.5,40.673,1.503,2.18,0.777,0.227,0.373,0.133,1.553,1.313,0.243,1.917,0,1,0,0.413,0,294,300,294,289,0,0,43,44,0.983,2.7875,1,0
stored-night,5,tide-siege+sluice-jam,w0h+l+,random,300,16,0.0533,11.9,0.8437,64.106,0,1.083,3.647,85.493,2.613,18.867,0.58,1.737,0.257,0.217,1.247,1.013,0.37,1.44,0,0.61,0.007,0.467,0,,,,,,,,,,,,
stored-night,5,tide-siege+sluice-jam,w0h+l+,single-water,300,0,0,12,,73.667,0,0.263,4,83.893,3,6.293,0,0,0,0,1,1,0,0,0,0.14,0,0.123,0,,,,,,,,,,,,
stored-night,5,tide-siege+sluice-jam,w0h+l+,legacy-cycle,300,62,0.2067,11.517,0.8051,41.79,0,1.793,3.763,98.777,2.627,27.373,0,0,0,0,1.943,1.657,0.353,3.557,0,1,0,0.793,0,,,,,,,,,,,,
stored-night,5,tide-siege+sluice-jam,w0h+l+,greedy,300,297,0.99,8.453,0.7015,7,0,1.45,1.473,41.327,1.387,2.793,0.873,0.107,0.48,0.027,1.407,1.12,0.283,1.583,0,1,0,0.45,0,,,,,,,,,,,,
stored-night,5,tide-siege+sluice-jam,w0h+l+,planner,300,298,0.9933,8.387,0.6969,34,0,1.483,1.677,46.22,1.25,1.793,0.657,0.117,0.297,0.047,1.55,1.27,0.283,2.057,0,1,0,0.483,0,,,,,,,,,,,,
stored-night,5,tide-siege+sluice-jam,w0h+l+,forecast-aware,300,271,0.9033,9.71,0.7887,15.69,0,1.653,1.873,51.973,1.06,4.36,2.32,0,0.657,0.957,1.65,1.49,0.38,2.62,0,1,0.123,0.53,0,,,,,,,,,,,,
stored-night,5,tide-siege+sluice-jam,w0h+l+,planner-one-mistake,300,296,0.9867,8.227,0.6813,31.75,0,1.377,1.487,39.14,1.35,1.973,0.833,0.24,0.29,0.253,1.447,1.177,0.28,2.213,0,1,0.003,0.373,0,298,300,298,295,0,0,41,109,0.9899,3.7667,1,0
stored-night,5,tide-siege+sluice-jam,w+h-l-,random,300,10,0.0333,11.94,0.85,69.562,0,0.883,3.663,82.07,2.673,17.75,0.553,1.763,0.27,0.223,1.253,1.023,0.377,1.443,0,0.497,0.003,0.383,0,,,,,,,,,,,,
stored-night,5,tide-siege+sluice-jam,w+h-l-,single-water,300,0,0,12,,69.983,0,0.593,4,88.493,3,6.607,0,0,0,0,1,1,0,0,0,0.32,0,0.273,0,,,,,,,,,,,,
stored-night,5,tide-siege+sluice-jam,w+h-l-,legacy-cycle,300,8,0.0267,11.973,0.9167,53.555,0,1.96,4.06,109.413,2.633,25.933,0,0,0,0,1.99,1.79,0.327,3.763,0,0.993,0,0.967,0,,,,,,,,,,,,
stored-night,5,tide-siege+sluice-jam,w+h-l-,greedy,300,279,0.93,8.617,0.6968,12.571,0,1.357,1.327,35.833,2.097,3.863,0.843,0.187,0.51,0.077,1.593,1.377,0.22,1.443,0,1,0.003,0.353,0,,,,,,,,,,,,
stored-night,5,tide-siege+sluice-jam,w+h-l-,planner,300,286,0.9533,8.653,0.7075,31.5,0,1.397,1.363,37.96,2.013,4.537,0.73,0.223,0.54,0.047,1.52,1.28,0.257,2.08,0,1,0,0.397,0,,,,,,,,,,,,
stored-night,5,tide-siege+sluice-jam,w+h-l-,forecast-aware,300,238,0.7933,10.117,0.8022,19.226,0,1.63,1.913,51.993,1.313,4.69,2.493,0,0.697,1.047,1.79,1.623,0.41,2.7,0,1,0.13,0.5,0,,,,,,,,,,,,
stored-night,5,tide-siege+sluice-jam,w+h-l-,planner-one-mistake,300,279,0.93,8.74,0.7079,32.524,0,1.37,1.357,36.973,2.033,4.34,0.897,0.247,0.507,0.137,1.573,1.283,0.3,2.097,0,1,0,0.37,0,286,300,286,269,0,0,24,24,0.9406,3.5342,0.75,0
stored-night,5,tide-siege+sluice-jam,w+h-l0,random,300,15,0.05,11.923,0.8722,68.011,0,0.937,3.653,82.91,2.65,17.957,0.563,1.753,0.267,0.223,1.253,1.027,0.377,1.44,0,0.53,0.007,0.4,0,,,,,,,,,,,,
stored-night,5,tide-siege+sluice-jam,w+h-l0,single-water,300,0,0,12,,69.983,0,0.593,4,88.493,3,6.607,0,0,0,0,1,1,0,0,0,0.32,0,0.273,0,,,,,,,,,,,,
stored-night,5,tide-siege+sluice-jam,w+h-l0,legacy-cycle,300,12,0.04,11.96,0.9167,47.872,0,1.96,4.05,109.037,2.503,24.827,0,0,0,0,1.987,1.79,0.29,3.76,0,1,0,0.96,0,,,,,,,,,,,,
stored-night,5,tide-siege+sluice-jam,w+h-l0,greedy,300,291,0.97,8.143,0.6687,14,0,1.273,1.197,30.647,2.027,3.15,0.687,0.157,0.413,0.04,1.443,1.203,0.24,1.473,0,1,0,0.273,0,,,,,,,,,,,,
stored-night,5,tide-siege+sluice-jam,w+h-l0,planner,300,293,0.9767,8.957,0.7403,35.143,0,1.51,1.547,44.907,1.897,4.537,0.78,0.2,0.56,0.05,1.57,1.373,0.207,2.357,0,1,0,0.51,0,,,,,,,,,,,,
stored-night,5,tide-siege+sluice-jam,w+h-l0,forecast-aware,300,255,0.85,10.037,0.8075,16.667,0,1.63,1.907,52.16,1.247,4.517,2.403,0,0.697,1.02,1.757,1.587,0.393,2.673,0,1,0.117,0.513,0,,,,,,,,,,,,
stored-night,5,tide-siege+sluice-jam,w+h-l0,planner-one-mistake,300,286,0.9533,8.71,0.7124,33.571,0,1.39,1.367,37.72,1.963,4.343,0.893,0.233,0.507,0.163,1.553,1.233,0.32,2.193,0,1,0,0.39,0,293,300,293,280,0,0,22,38,0.9556,3.5492,1,0
stored-night,5,tide-siege+sluice-jam,w+h-l+,random,300,15,0.05,11.923,0.8722,66.625,0,1.017,3.663,84.517,2.637,18.253,0.563,1.753,0.263,0.22,1.25,1.023,0.37,1.44,0,0.57,0.007,0.44,0,,,,,,,,,,,,
stored-night,5,tide-siege+sluice-jam,w+h-l+,single-water,300,0,0,12,,69.983,0,0.593,4,88.493,3,6.607,0,0,0,0,1,1,0,0,0,0.32,0,0.273,0,,,,,,,,,,,,
stored-night,5,tide-siege+sluice-jam,w+h-l+,legacy-cycle,300,16,0.0533,11.94,0.9063,45.528,0,1.947,4.037,108.7,2.623,26.5,0,0,0,0,1.983,1.777,0.323,3.75,0,1,0,0.947,0,,,,,,,,,,,,
stored-night,5,tide-siege+sluice-jam,w+h-l+,greedy,300,295,0.9833,8.427,0.6972,10,0,1.39,1.383,37.8,1.697,3.327,0.783,0.167,0.453,0.027,1.39,1.137,0.247,1.64,0,1,0,0.39,0,,,,,,,,,,,,
stored-night,5,tide-siege+sluice-jam,w+h-l+,planner,300,298,0.9933,8.757,0.7279,36,0,1.523,1.683,47.727,1.527,2.93,0.68,0.213,0.407,0.05,1.523,1.237,0.297,2.383,0,1,0,0.523,0,,,,,,,,,,,,
stored-night,5,tide-siege+sluice-jam,w+h-l+,forecast-aware,300,259,0.8633,9.84,0.7915,14.878,0,1.61,1.883,51.113,1.187,4.68,2.327,0,0.647,1.013,1.713,1.52,0.417,2.61,0,1,0.117,0.493,0,,,,,,,,,,,,
stored-night,5,tide-siege+sluice-jam,w+h-l+,planner-one-mistake,300,288,0.96,8.627,0.7072,29.583,0,1.42,1.517,41.38,1.723,3.463,0.817,0.253,0.36,0.21,1.513,1.193,0.303,2.15,0,1,0,0.42,0,298,300,298,287,0,0,24,76,0.9631,3.3942,1,0
stored-night,5,tide-siege+sluice-jam,w+h0l-,random,300,17,0.0567,11.913,0.8725,68.173,0,0.947,3.64,82.63,2.65,18.047,0.573,1.743,0.267,0.22,1.253,1.027,0.367,1.44,0,0.54,0.007,0.4,0,,,,,,,,,,,,
stored-night,5,tide-siege+sluice-jam,w+h0l-,single-water,300,0,0,12,,69.983,0,0.593,4,88.493,3,6.607,0,0,0,0,1,1,0,0,0,0.32,0,0.273,0,,,,,,,,,,,,
stored-night,5,tide-siege+sluice-jam,w+h0l-,legacy-cycle,300,14,0.0467,11.95,0.9107,47.371,0,1.953,4.043,108.73,2.5,25.1,0,0,0,0,1.987,1.783,0.257,3.757,0,1,0,0.953,0,,,,,,,,,,,,
stored-night,5,tide-siege+sluice-jam,w+h0l-,greedy,300,280,0.9333,8.45,0.683,15.8,0,1.35,1.327,35.687,1.873,3.75,0.837,0.237,0.487,0.073,1.5,1.287,0.223,1.25,0,1,0.003,0.347,0,,,,,,,,,,,,
stored-night,5,tide-siege+sluice-jam,w+h0l-,planner,300,296,0.9867,8.66,0.7179,34.25,0,1.47,1.62,44.807,1.693,2.91,0.623,0.28,0.387,0.047,1.627,1.413,0.217,1.973,0,1,0,0.47,0,,,,,,,,,,,,
stored-night,5,tide-siege+sluice-jam,w+h0l-,forecast-aware,300,251,0.8367,9.91,0.7918,15.449,0,1.617,1.887,51.393,1.217,4.47,2.393,0,0.663,1.033,1.737,1.563,0.397,2.663,0,1,0.117,0.5,0,,,,,,,,,,,,
stored-night,5,tide-siege+sluice-jam,w+h0l-,planner-one-mistake,300,292,0.9733,8.357,0.6881,32.5,0,1.31,1.317,34.153,1.873,3.33,0.807,0.24,0.393,0.18,1.52,1.213,0.317,1.843,0,1,0,0.31,0,296,300,296,289,0,0,24,65,0.9764,3.5433,0.75,0
stored-night,5,tide-siege+sluice-jam,w+h0l0,random,300,17,0.0567,11.917,0.8775,66.569,0,1.01,3.663,84.48,2.637,18.387,0.56,1.757,0.257,0.217,1.25,1.02,0.367,1.44,0,0.573,0.007,0.43,0,,,,,,,,,,,,
stored-night,5,tide-siege+sluice-jam,w+h0l0,single-water,300,0,0,12,,69.983,0,0.593,4,88.493,3,6.607,0,0,0,0,1,1,0,0,0,0.32,0,0.273,0,,,,,,,,,,,,
stored-night,5,tide-siege+sluice-jam,w+h0l0,legacy-cycle,300,19,0.0633,11.89,0.8553,44.623,0,1.937,4.01,107.853,2.617,26.787,0,0,0,0,1.973,1.763,0.277,3.743,0,1,0,0.937,0,,,,,,,,,,,,
stored-night,5,tide-siege+sluice-jam,w+h0l0,greedy,300,291,0.97,8.347,0.6861,12.333,0,1.38,1.38,37.453,1.697,3.27,0.763,0.13,0.44,0.043,1.473,1.243,0.23,1.42,0,1,0,0.38,0,,,,,,,,,,,,
stored-night,5,tide-siege+sluice-jam,w+h0l0,planner,300,299,0.9967,8.83,0.7349,27,0,1.563,1.79,50.953,1.427,2.427,0.67,0.243,0.393,0.05,1.693,1.473,0.22,2.333,0,1,0,0.563,0,,,,,,,,,,,,
stored-night,5,tide-siege+sluice-jam,w+h0l0,forecast-aware,300,265,0.8833,9.717,0.7846,14.829,0,1.607,1.85,50.3,1.123,4.453,2.313,0,0.63,1.003,1.67,1.5,0.39,2.6,0,1,0.117,0.49,0,,,,,,,,,,,,
stored-night,5,tide-siege+sluice-jam,w+h0l0,planner-one-mistake,300,296,0.9867,8.423,0.6979,33.5,0,1.377,1.413,37.993,1.647,3.16,0.81,0.21,0.38,0.177,1.5,1.207,0.297,2.08,0,1,0,0.377,0,299,300,299,295,0,0,24,65,0.9866,3.1967,1,0
stored-night,5,tide-siege+sluice-jam,w+h0l+,random,300,16,0.0533,11.883,0.8177,63.908,0,1.063,3.65,85.06,2.607,18.42,0.577,1.737,0.253,0.22,1.247,1.01,0.367,1.437,0,0.603,0.007,0.453,0,,,,,,,,,,,,
stored-night,5,tide-siege+sluice-jam,w+h0l+,single-water,300,0,0,12,,69.983,0,0.593,4,88.493,3,6.607,0,0,0,0,1,1,0,0,0,0.32,0,0.273,0,,,,,,,,,,,,
stored-night,5,tide-siege+sluice-jam,w+h0l+,legacy-cycle,300,26,0.0867,11.857,0.8622,42.69,0,1.913,4.01,107.523,2.713,28.187,0,0,0,0,1.97,1.753,0.283,3.72,0,1,0,0.913,0,,,,,,,,,,,,
stored-night,5,tide-siege+sluice-jam,w+h0l+,greedy,300,295,0.9833,8.337,0.6895,9.4,0,1.417,1.42,39.293,1.437,3.003,0.807,0.12,0.44,0.027,1.45,1.173,0.277,1.64,0,1,0,0.417,0,,,,,,,,,,,,
stored-night,5,tide-siege+sluice-jam,w+h0l+,planner,300,299,0.9967,8.513,0.7085,39,0,1.52,1.767,49.007,1.25,1.673,0.597,0.24,0.283,0.043,1.62,1.32,0.307,2.537,0,1,0,0.52,0,,,,,,,,,,,,
stored-night,5,tide-siege+sluice-jam,w+h0l+,forecast-aware,300,271,0.9033,9.6,0.7786,13.586,0,1.597,1.81,49.067,1.103,4.55,2.293,0,0.623,0.98,1.637,1.453,0.4,2.577,0,1,0.12,0.477,0,,,,,,,,,,,,
stored-night,5,tide-siege+sluice-jam,w+h0l+,planner-one-mistake,300,296,0.9867,8.3,0.6875,35,0,1.353,1.4,36.927,1.487,2.757,0.917,0.287,0.303,0.287,1.45,1.14,0.303,2.023,0,1,0,0.353,0,299,300,299,296,0,0,22,102,0.99,3.9725,1,0
stored-night,5,tide-siege+sluice-jam,w+h+l-,random,300,20,0.0667,11.897,0.8708,66.939,0,1.003,3.633,83.75,2.643,18.51,0.56,1.76,0.257,0.22,1.25,1.02,0.373,1.443,0,0.567,0.007,0.43,0,,,,,,,,,,,,
stored-night,5,tide-siege+sluice-jam,w+h+l-,single-water,300,0,0,12,,69.983,0,0.593,4,88.493,3,6.607,0,0,0,0,1,1,0,0,0,0.32,0,0.273,0,,,,,,,,,,,,
stored-night,5,tide-siege+sluice-jam,w+h+l-,legacy-cycle,300,23,0.0767,11.863,0.8514,44.986,0,1.923,4.013,107.647,2.613,26.94,0,0,0,0,1.97,1.76,0.273,3.737,0,1,0,0.923,0,,,,,,,,,,,,
stored-night,5,tide-siege+sluice-jam,w+h+l-,greedy,300,284,0.9467,8.667,0.7066,14,0,1.46,1.48,42.073,1.613,3.687,0.893,0.263,0.543,0.073,1.567,1.273,0.293,1.17,0,1,0,0.46,0,,,,,,,,,,,,
stored-night,5,tide-siege+sluice-jam,w+h+l-,planner,300,296,0.9867,8.507,0.705,29.25,0,1.497,1.63,45.873,1.39,2.523,0.65,0.19,0.407,0.043,1.627,1.377,0.253,1.737,0,1,0,0.497,0,,,,,,,,,,,,
stored-night,5,tide-siege+sluice-jam,w+h+l-,forecast-aware,300,269,0.8967,9.683,0.7847,16.355,0,1.607,1.83,50.053,1.093,4.177,2.32,0,0.633,0.993,1.643,1.49,0.36,2.563,0,1,0.11,0.497,0,,,,,,,,,,,,
stored-night,5,tide-siege+sluice-jam,w+h+l-,planner-one-mistake,300,293,0.9767,8.24,0.6792,28,0,1.363,1.397,37.253,1.527,2.523,0.773,0.253,0.377,0.173,1.52,1.277,0.237,1.773,0,1,0,0.363,0,296,300,296,289,0,0,31,102,0.9764,4.4067,0.75,0
stored-night,5,tide-siege+sluice-jam,w+h+l0,random,300,18,0.06,11.88,0.8333,63.716,0,1.06,3.627,84.503,2.617,18.687,0.58,1.74,0.257,0.22,1.25,1.01,0.38,1.44,0,0.607,0.007,0.447,0,,,,,,,,,,,,
stored-night,5,tide-siege+sluice-jam,w+h+l0,single-water,300,0,0,12,,69.983,0,0.593,4,88.493,3,6.607,0,0,0,0,1,1,0,0,0,0.32,0,0.273,0,,,,,,,,,,,,
stored-night,5,tide-siege+sluice-jam,w+h+l0,legacy-cycle,300,57,0.19,11.55,0.8026,42.753,0,1.81,3.793,99.88,2.627,27.397,0,0,0,0,1.957,1.667,0.357,3.57,0,1,0,0.81,0,,,,,,,,,,,,
stored-night,5,tide-siege+sluice-jam,w+h+l0,greedy,300,298,0.9933,8.377,0.696,10.5,0,1.44,1.47,40.967,1.427,2.763,0.83,0.12,0.47,0.047,1.523,1.23,0.29,1.117,0,1,0,0.44,0,,,,,,,,,,,,
stored-night,5,tide-siege+sluice-jam,w+h+l0,planner,300,299,0.9967,8.42,0.7007,34,0,1.513,1.637,46.253,1.233,2.683,0.663,0.177,0.387,0.043,1.617,1.35,0.277,1.903,0,1,0.007,0.507,0,,,,,,,,,,,,
stored-night,5,tide-siege+sluice-jam,w+h+l0,forecast-aware,300,272,0.9067,9.54,0.7739,14.429,0,1.597,1.807,49.193,1.05,4.25,2.28,0,0.61,0.977,1.59,1.443,0.353,2.54,0,1,0.113,0.483,0,,,,,,,,,,,,
stored-night,5,tide-siege+sluice-jam,w+h+l0,planner-one-mistake,300,297,0.99,8.123,0.6737,26.667,0,1.363,1.38,36.873,1.423,2.41,0.753,0.237,0.367,0.173,1.513,1.22,0.287,1.893,0,1,0,0.363,0,299,300,299,296,0,0,31,102,0.99,4.01,1,0
stored-night,5,tide-siege+sluice-jam,w+h+l+,random,300,22,0.0733,11.84,0.8182,62.097,0,1.13,3.607,84.753,2.583,18.757,0.58,1.733,0.247,0.22,1.25,1,0.387,1.433,0,0.657,0.007,0.467,0,,,,,,,,,,,,
stored-night,5,tide-siege+sluice-jam,w+h+l+,single-water,300,0,0,12,,69.983,0,0.593,4,88.493,3,6.607,0,0,0,0,1,1,0,0,0,0.32,0,0.273,0,,,,,,,,,,,,
stored-night,5,tide-siege+sluice-jam,w+h+l+,legacy-cycle,300,131,0.4367,10.867,0.7837,43.083,0,1.563,3.353,83.417,2.42,24.983,0,0,0,0,1.873,1.433,0.49,3.197,0,1,0,0.563,0,,,,,,,,,,,,
stored-night,5,tide-siege+sluice-jam,w+h+l+,greedy,300,299,0.9967,8.11,0.6747,14,0,1.417,1.41,38.98,1.247,2.833,0.77,0.11,0.437,0.023,1.413,1.077,0.34,1.517,0,1,0.003,0.413,0,,,,,,,,,,,,
stored-night,5,tide-siege+sluice-jam,w+h+l+,planner,300,298,0.9933,8.043,0.6681,33,0,1.447,1.603,43.573,1.16,1.817,0.563,0.183,0.267,0.047,1.533,1.21,0.33,2.207,0,1,0,0.447,0,,,,,,,,,,,,
stored-night,5,tide-siege+sluice-jam,w+h+l+,forecast-aware,300,281,0.9367,9.647,0.7906,12.158,0,1.693,1.85,52.347,0.987,4.147,2.313,0,0.687,0.917,1.587,1.447,0.353,2.617,0,1,0.13,0.563,0,,,,,,,,,,,,
stored-night,5,tide-siege+sluice-jam,w+h+l+,planner-one-mistake,300,298,0.9933,8.1,0.6728,38.5,0,1.367,1.43,37.867,1.35,2.013,0.823,0.253,0.297,0.243,1.503,1.123,0.363,2.123,0,1,0,0.367,0,298,300,298,297,0,0,31,134,0.9966,4.1342,1,0
stored-night,5,smoke-screen+hollow-ground,w-h-l-,random,300,10,0.0333,11.977,0.9417,72.6,0,0.647,3.753,80.22,2.653,17.78,0.487,1.863,0.22,0.253,1.293,1.08,0.31,1.503,0,0.373,0,0.273,0,,,,,,,,,,,,
stored-night,5,smoke-screen+hollow-ground,w-h-l-,single-water,300,0,0,12,,67.663,0,0.11,4,84.08,3,16.053,0,0,0,0,1,1,0,0,0,0.07,0,0.04,0,,,,,,,,,,,,
stored-night,5,smoke-screen+hollow-ground,w-h-l-,legacy-cycle,300,9,0.03,11.97,0.9167,59.698,0,1.927,4.023,107.22,2.543,23.997,0,0,0,0,1.993,1.79,0.153,3.447,0,0.98,0,0.947,0,,,,,,,,,,,,
stored-night,5,smoke-screen+hollow-ground,w-h-l-,greedy,300,211,0.7033,10.283,0.7966,18.596,0,1.683,2.077,60.627,2.563,2.837,0.877,0.287,0.59,0.01,1.807,1.557,0.237,2.09,0,1,0,0.683,0,,,,,,,,,,,,
stored-night,5,smoke-screen+hollow-ground,w-h-l-,planner,300,219,0.73,10.107,0.7839,32.605,0,1.657,2.173,61.813,2.5,2.177,0.707,0.293,0.463,0.027,1.833,1.59,0.24,2.757,0,1,0,0.657,0,,,,,,,,,,,,
stored-night,5,smoke-screen+hollow-ground,w-h-l-,forecast-aware,300,156,0.52,10.923,0.8275,23.181,0,1.723,2.39,67.067,1.607,4.757,2.297,0,0.757,0.963,1.9,1.667,0.363,2.787,0,1,0.06,0.663,0,,,,,,,,,,,,
stored-night,5,smoke-screen+hollow-ground,w-h-l-,planner-one-mistake,300,163,0.5433,10.88,0.8282,35.81,0,1.767,2.42,70.64,2.42,3.39,1.14,0.56,0.633,0.25,2.013,1.763,0.27,2.747,0,1,0,0.767,0,219,300,219,140,0,0,89,134,0.6393,3.6067,1,0
stored-night,5,smoke-screen+hollow-ground,w-h-l0,random,300,13,0.0433,11.95,0.9038,70.376,0,0.707,3.75,81.41,2.617,17.777,0.48,1.857,0.207,0.253,1.293,1.08,0.313,1.497,0,0.41,0,0.297,0,,,,,,,,,,,,
stored-night,5,smoke-screen+hollow-ground,w-h-l0,single-water,300,0,0,12,,67.663,0,0.11,4,84.08,3,16.053,0,0,0,0,1,1,0,0,0,0.07,0,0.04,0,,,,,,,,,,,,
stored-night,5,smoke-screen+hollow-ground,w-h-l0,legacy-cycle,300,14,0.0467,11.957,0.9226,56.941,0,1.933,4.037,107.643,2.51,24.183,0,0,0,0,1.99,1.783,0.157,3.437,0,0.99,0,0.943,0,,,,,,,,,,,,
stored-night,5,smoke-screen+hollow-ground,w-h-l0,greedy,300,250,0.8333,10,0.8,16.64,0,1.667,1.977,57.713,2.45,3.15,0.84,0.28,0.53,0.013,1.817,1.517,0.293,1.973,0,1,0,0.667,0,,,,,,,,,,,,
stored-night,5,smoke-screen+hollow-ground,w-h-l0,planner,300,244,0.8133,9.807,0.7753,31.375,0,1.633,2.013,57.7,2.3,3.03,0.727,0.26,0.477,0.023,1.79,1.543,0.247,2.64,0,1,0,0.633,0,,,,,,,,,,,,
stored-night,5,smoke-screen+hollow-ground,w-h-l0,forecast-aware,300,182,0.6067,10.647,0.8141,20.763,0,1.697,2.277,63.607,1.56,4.843,2.24,0,0.697,0.947,1.843,1.633,0.35,2.7,0,1,0.07,0.627,0,,,,,,,,,,,,
stored-night,5,smoke-screen+hollow-ground,w-h-l0,planner-one-mistake,300,188,0.6267,10.733,0.8316,35.179,0,1.793,2.343,69.6,2.313,3.983,1.203,0.66,0.62,0.32,1.923,1.607,0.31,2.847,0,1,0,0.793,0,244,300,244,163,0,0,88,201,0.668,4.9158,1,0
stored-night,5,smoke-screen+hollow-ground,w-h-l+,random,300,17,0.0567,11.94,0.9118,69.322,0,0.78,3.743,82.58,2.597,18.033,0.48,1.853,0.197,0.25,1.293,1.077,0.313,1.493,0,0.447,0,0.333,0,,,,,,,,,,,,
stored-night,5,smoke-screen+hollow-ground,w-h-l+,single-water,300,0,0,12,,67.663,0,0.11,4,84.08,3,16.053,0,0,0,0,1,1,0,0,0,0.07,0,0.04,0,,,,,,,,,,,,
stored-night,5,smoke-screen+hollow-ground,w-h-l+,legacy-cycle,300,15,0.05,11.953,0.9222,52.161,0,1.94,4.063,108.377,2.333,22.977,0,0,0,0,1.99,1.783,0.15,3.437,0,0.997,0,0.943,0,,,,,,,,,,,,
stored-night,5,smoke-screen+hollow-ground,w-h-l+,greedy,300,264,0.88,9.603,0.773,13.556,0,1.6,1.87,53.567,2.247,3.267,0.79,0.27,0.477,0.013,1.703,1.38,0.31,1.76,0,1,0,0.6,0,,,,,,,,,,,,
stored-night,5,smoke-screen+hollow-ground,w-h-l+,planner,300,271,0.9033,9.33,0.7537,31.897,0,1.567,1.827,51.673,2.07,3.13,0.69,0.27,0.44,0.023,1.677,1.417,0.263,2.407,0,1,0,0.567,0,,,,,,,,,,,,
stored-night,5,smoke-screen+hollow-ground,w-h-l+,forecast-aware,300,213,0.71,10.393,0.8114,19.644,0,1.68,2.15,60.24,1.5,4.923,2.193,0,0.683,0.91,1.773,1.583,0.327,2.603,0,1,0.073,0.607,0,,,,,,,,,,,,
stored-night,5,smoke-screen+hollow-ground,w-h-l+,planner-one-mistake,300,242,0.8067,9.933,0.7865,32.603,0,1.653,2.06,59.28,2.177,3.087,0.97,0.533,0.483,0.253,1.793,1.447,0.333,2.637,0,1,0,0.653,0,271,300,271,229,0,0,84,119,0.845,3.6008,1,0
stored-night,5,smoke-screen+hollow-ground,w-h0l-,random,300,14,0.0467,11.96,0.9286,70.668,0,0.69,3.743,80.893,2.627,17.75,0.49,1.853,0.213,0.253,1.293,1.08,0.31,1.497,0,0.403,0,0.287,0,,,,,,,,,,,,
stored-night,5,smoke-screen+hollow-ground,w-h0l-,single-water,300,0,0,12,,67.663,0,0.11,4,84.08,3,16.053,0,0,0,0,1,1,0,0,0,0.07,0,0.04,0,,,,,,,,,,,,
stored-night,5,smoke-screen+hollow-ground,w-h0l-,legacy-cycle,300,14,0.0467,11.957,0.9226,56.755,0,1.93,4.067,108.297,2.463,23.827,0,0,0,0,1.99,1.783,0.153,3.437,0,0.99,0,0.94,0,,,,,,,,,,,,
stored-night,5,smoke-screen+hollow-ground,w-h0l-,greedy,300,226,0.7533,9.783,0.7548,15.986,0,1.593,1.92,54.86,2.393,2.877,0.763,0.367,0.537,0.003,1.7,1.44,0.257,1.75,0,1,0,0.593,0,,,,,,,,,,,,
stored-night,5,smoke-screen+hollow-ground,w-h0l-,planner,300,241,0.8033,9.643,0.7555,29.678,0,1.603,1.963,55.84,2.243,2.383,0.66,0.37,0.5,0.02,1.683,1.433,0.247,2.463,0,1,0,0.603,0,,,,,,,,,,,,
stored-night,5,smoke-screen+hollow-ground,w-h0l-,forecast-aware,300,191,0.6367,10.493,0.8028,21.862,0,1.667,2.2,61.013,1.51,4.587,2.193,0,0.707,0.913,1.813,1.613,0.333,2.637,0,1,0.073,0.593,0,,,,,,,,,,,,
stored-night,5,smoke-screen+hollow-ground,w-h0l-,planner-one-mistake,300,225,0.75,9.843,0.7604,31.893,0,1.607,2,56.753,2.297,2.247,0.89,0.473,0.46,0.21,1.807,1.553,0.263,2.263,0,1,0,0.607,0,241,300,241,196,0,0,81,81,0.8133,2.9158,1,0
stored-night,5,smoke-screen+hollow-ground,w-h0l0,random,300,16,0.0533,11.937,0.901,69.004,0,0.78,3.747,82.673,2.603,18.003,0.483,1.853,0.193,0.253,1.293,1.08,0.31,1.493,0,0.45,0,0.33,0,,,,,,,,,,,,
stored-night,5,smoke-screen+hollow-ground,w-h0l0,single-water,300,0,0,12,,67.663,0,0.11,4,84.08,3,16.053,0,0,0,0,1,1,0,0,0,0.07,0,0.04,0,,,,,,,,,,,,
stored-night,5,smoke-screen+hollow-ground,w-h0l0,legacy-cycle,300,17,0.0567,11.947,0.9216,51.477,0,1.937,4.06,108.227,2.327,22.933,0,0,0,0,1.99,1.783,0.15,3.43,0,0.997,0,0.94,0,,,,,,,,,,,,
stored-night,5,smoke-screen+hollow-ground,w-h0l0,greedy,300,258,0.86,9.29,0.7374,15.571,0,1.513,1.817,50.027,2.257,2.297,0.613,0.3,0.383,0.003,1.647,1.36,0.283,1.637,0,1,0,0.513,0,,,,,,,,,,,,
stored-night,5,smoke-screen+hollow-ground,w-h0l0,planner,300,278,0.9267,9.32,0.759,31.227,0,1.587,1.823,52.133,1.99,2.59,0.623,0.327,0.477,0.017,1.637,1.45,0.187,2.49,0,1,0,0.587,0,,,,,,,,,,,,
stored-night,5,smoke-screen+hollow-ground,w-h0l0,forecast-aware,300,216,0.72,10.38,0.8125,18.405,0,1.693,2.123,60.08,1.47,4.593,2.2,0,0.733,0.89,1.803,1.63,0.307,2.61,0,1,0.07,0.623,0,,,,,,,,,,,,
stored-night,5,smoke-screen+hollow-ground,w-h0l0,planner-one-mistake,300,248,0.8267,9.647,0.7628,32.75,0,1.58,1.863,53.087,2.12,3.197,1.003,0.537,0.48,0.277,1.713,1.463,0.257,2.62,0,1,0,0.58,0,278,300,278,235,0,0,78,118,0.8453,3.475,1,0
stored-night,5,smoke-screen+hollow-ground,w-h0l+,random,300,18,0.06,11.93,0.9028,67.546,0,0.857,3.733,84.003,2.597,18.233,0.49,1.85,0.193,0.25,1.29,1.08,0.297,1.49,0,0.48,0,0.377,0,,,,,,,,,,,,
stored-night,5,smoke-screen+hollow-ground,w-h0l+,single-water,300,0,0,12,,67.663,0,0.11,4,84.08,3,16.053,0,0,0,0,1,1,0,0,0,0.07,0,0.04,0,,,,,,,,,,,,
stored-night,5,smoke-screen+hollow-ground,w-h0l+,legacy-cycle,300,25,0.0833,11.91,0.91,48.756,0,1.917,4.033,107.207,2.36,23.617,0,0,0,0,1.983,1.773,0.153,3.41,0,1,0,0.917,0,,,,,,,,,,,,
stored-night,5,smoke-screen+hollow-ground,w-h0l+,greedy,300,276,0.92,9.027,0.7307,11.583,0,1.5,1.717,47.387,1.997,2.207,0.68,0.29,0.393,0.01,1.56,1.28,0.273,1.5,0,1,0,0.5,0,,,,,,,,,,,,
stored-night,5,smoke-screen+hollow-ground,w-h0l+,planner,300,284,0.9467,9.06,0.7412,33.063,0,1.55,1.84,51.207,1.83,1.723,0.573,0.327,0.357,0.04,1.65,1.433,0.22,2.067,0,1,0,0.55,0,,,,,,,,,,,,
stored-night,5,smoke-screen+hollow-ground,w-h0l+,forecast-aware,300,238,0.7933,10.24,0.8151,17.758,0,1.71,2.07,59.487,1.397,4.593,2.157,0,0.73,0.867,1.78,1.587,0.32,2.6,0,1,0.063,0.647,0,,,,,,,,,,,,
stored-night,5,smoke-screen+hollow-ground,w-h0l+,planner-one-mistake,300,276,0.92,9.263,0.7521,32.958,0,1.567,1.85,52.08,1.84,2.92,0.817,0.413,0.377,0.21,1.717,1.383,0.333,2.623,0,1,0,0.567,0,284,300,284,262,0,0,69,107,0.9225,3.43,1,0
stored-night,5,smoke-screen+hollow-ground,w-h+l-,random,300,15,0.05,11.943,0.9056,69.558,0,0.767,3.75,82.653,2.607,17.94,0.483,1.857,0.197,0.25,1.293,1.08,0.303,1.493,0,0.437,0,0.33,0,,,,,,,,,,,,
stored-night,5,smoke-screen+hollow-ground,w-h+l-,single-water,300,0,0,12,,67.663,0,0.11,4,84.08,3,16.053,0,0,0,0,1,1,0,0,0,0.07,0,0.04,0,,,,,,,,,,,,
stored-night,5,smoke-screen+hollow-ground,w-h+l-,legacy-cycle,300,22,0.0733,11.943,0.9356,51.299,0,1.927,4.043,107.517,2.333,22.907,0,0,0,0,1.99,1.783,0.15,3.43,0,1,0,0.927,0,,,,,,,,,,,,
stored-night,5,smoke-screen+hollow-ground,w-h+l-,greedy,300,255,0.85,9.61,0.7657,14.311,0,1.61,1.853,53.7,2.087,2.707,0.803,0.383,0.56,0,1.603,1.35,0.25,1.74,0,1,0,0.61,0,,,,,,,,,,,,
stored-night,5,smoke-screen+hollow-ground,w-h+l-,planner,300,275,0.9167,9.35,0.7591,29.16,0,1.607,1.87,53.66,1.84,2.11,0.677,0.353,0.48,0.02,1.617,1.443,0.173,2.2,0,1,0,0.607,0,,,,,,,,,,,,
stored-night,5,smoke-screen+hollow-ground,w-h+l-,forecast-aware,300,219,0.73,10.23,0.7979,20.815,0,1.64,2.067,57.407,1.457,4.457,2.16,0,0.7,0.87,1.747,1.567,0.313,2.563,0,1,0.07,0.57,0,,,,,,,,,,,,
stored-night,5,smoke-screen+hollow-ground,w-h+l-,planner-one-mistake,300,258,0.86,9.417,0.7497,33.357,0,1.543,1.843,51.607,2.02,2.62,0.867,0.483,0.417,0.2,1.68,1.46,0.23,2.117,0,1,0,0.543,0,275,300,275,242,0,0,80,80,0.88,3.2533,1,0
stored-night,5,smoke-screen+hollow-ground,w-h+l0,random,300,17,0.0567,11.937,0.9069,68.049,0,0.877,3.743,84.583,2.603,18.313,0.487,1.853,0.193,0.247,1.29,1.087,0.29,1.493,0,0.487,0,0.39,0,,,,,,,,,,,,
stored-night,5,smoke-screen+hollow-ground,w-h+l0,single-water,300,0,0,12,,67.663,0,0.11,4,84.08,3,16.053,0,0,0,0,1,1,0,0,0,0.07,0,0.04,0,,,,,,,,,,,,
stored-night,5,smoke-screen+hollow-ground,w-h+l0,legacy-cycle,300,30,0.1,11.877,0.8972,47.978,0,1.9,4.01,106.28,2.363,23.48,0,0,0,0,1.983,1.763,0.167,3.403,0,1,0,0.9,0,,,,,,,,,,,,
stored-night,5,smoke-screen+hollow-ground,w-h+l0,greedy,300,282,0.94,9.243,0.7556,13.167,0,1.567,1.793,50.753,1.9,1.847,0.75,0.29,0.43,0.003,1.61,1.347,0.26,1.557,0,1,0,0.567,0,,,,,,,,,,,,
stored-night,5,smoke-screen+hollow-ground,w-h+l0,planner,300,289,0.9633,9.293,0.7659,30.545,0,1.64,1.873,54.527,1.68,1.75,0.67,0.333,0.49,0.017,1.627,1.423,0.203,2.25,0,1,0,0.64,0,,,,,,,,,,,,
stored-night,5,smoke-screen+hollow-ground,w-h+l0,forecast-aware,300,233,0.7767,10.163,0.8029,17.328,0,1.693,2.057,58.76,1.38,4.42,2.143,0,0.72,0.867,1.763,1.58,0.31,2.547,0,1,0.063,0.63,0,,,,,,,,,,,,
stored-night,5,smoke-screen+hollow-ground,w-h+l0,planner-one-mistake,300,271,0.9033,9.293,0.7503,36.034,0,1.537,1.737,49.113,1.9,2.813,0.97,0.577,0.457,0.257,1.633,1.39,0.25,2.237,0,1,0,0.537,0,289,300,289,263,0,0,77,117,0.91,3.7692,1,0
stored-night,5,smoke-screen+hollow-ground,w-h+l+,random,300,26,0.0867,11.9,0.9038,66.916,0,0.907,3.717,84.467,2.58,18.323,0.503,1.817,0.187,0.25,1.283,1.07,0.297,1.487,0,0.51,0.003,0.393,0,,,,,,,,,,,,
stored-night,5,smoke-screen+hollow-ground,w-h+l+,single-water,300,0,0,12,,67.663,0,0.11,4,84.08,3,16.053,0,0,0,0,1,1,0,0,0,0.07,0,0.04,0,,,,,,,,,,,,
stored-night,5,smoke-screen+hollow-ground,w-h+l+,legacy-cycle,300,42,0.14,11.83,0.8988,47.078,0,1.86,3.99,105.16,2.497,25.063,0,0,0,0,1.967,1.747,0.167,3.37,0,1,0,0.86,0,,,,,,,,,,,,
stored-night,5,smoke-screen+hollow-ground,w-h+l+,greedy,300,290,0.9667,8.857,0.729,11.9,0,1.537,1.72,48.34,1.637,1.7,0.7,0.267,0.4,0,1.587,1.287,0.293,1.553,0,1,0,0.537,0,,,,,,,,,,,,
stored-night,5,smoke-screen+hollow-ground,w-h+l+,planner,300,295,0.9833,8.817,0.7302,33.2,0,1.563,1.82,51.04,1.52,1.133,0.58,0.34,0.333,0.03,1.647,1.4,0.247,1.87,0,1,0,0.563,0,,,,,,,,,,,,
stored-night,5,smoke-screen+hollow-ground,w-h+l+,forecast-aware,300,252,0.84,9.993,0.8009,15.75,0,1.717,2.013,58.313,1.227,4.103,2.057,0,0.703,0.82,1.72,1.553,0.29,2.52,0,1,0.067,0.65,0,,,,,,,,,,,,
stored-night,5,smoke-screen+hollow-ground,w-h+l+,planner-one-mistake,300,292,0.9733,9.07,0.7491,38.5,0,1.563,1.777,50.213,1.597,2.07,0.867,0.443,0.37,0.207,1.65,1.373,0.283,2.377,0,1,0.003,0.56,0,295,300,295,288,0,0,68,68,0.9763,3.09,1,0
stored-night,5,smoke-screen+hollow-ground,w0h-l-,random,300,11,0.0367,11.963,0.9167,70.509,0,0.733,3.76,82.163,2.637,17.98,0.473,1.87,0.203,0.253,1.297,1.083,0.31,1.503,0,0.42,0,0.313,0,,,,,,,,,,,,
stored-night,5,smoke-screen+hollow-ground,w0h-l-,single-water,300,0,0,12,,61.247,0,0.717,4,90.1,3,16.307,0,0,0,0,1,1,0,0,0,0.45,0,0.267,0,,,,,,,,,,,,
stored-night,5,smoke-screen+hollow-ground,w0h-l-,legacy-cycle,300,15,0.05,11.953,0.9222,55.474,0,1.95,4.063,108.477,2.463,23.957,0,0,0,0,1.99,1.783,0.16,3.437,0,1,0,0.95,0,,,,,,,,,,,,
stored-night,5,smoke-screen+hollow-ground,w0h-l-,greedy,300,250,0.8333,9.433,0.7433,18.4,0,1.52,1.747,49.013,2.317,3.21,0.763,0.26,0.497,0.04,1.617,1.347,0.263,1.84,0,1,0,0.52,0,,,,,,,,,,,,
stored-night,5,smoke-screen+hollow-ground,w0h-l-,planner,300,262,0.8733,9.12,0.7252,32.053,0,1.473,1.74,47.433,2.287,3.033,0.547,0.273,0.38,0.023,1.613,1.343,0.267,2.443,0,1,0,0.473,0,,,,,,,,,,,,
stored-night,5,smoke-screen+hollow-ground,w0h-l-,forecast-aware,300,198,0.66,10.42,0.8005,19.892,0,1.653,2.153,59.373,1.527,4.927,2.21,0,0.693,0.927,1.813,1.613,0.347,2.663,0,1,0.08,0.573,0,,,,,,,,,,,,
stored-night,5,smoke-screen+hollow-ground,w0h-l-,planner-one-mistake,300,236,0.7867,10.117,0.8005,33.813,0,1.643,2.043,58.84,2.36,3.83,0.977,0.44,0.573,0.197,1.87,1.58,0.297,2.53,0,1,0,0.643,0,262,300,262,214,0,0,97,100,0.8168,3.3625,0.75,0
stored-night,5,smoke-screen+hollow-ground,w0h-l0,random,300,14,0.0467,11.943,0.8988,68.783,0,0.827,3.747,83.63,2.603,18.14,0.487,1.847,0.2,0.253,1.293,1.077,0.317,1.493,0,0.467,0,0.36,0,,,,,,,,,,,,
stored-night,5,smoke-screen+hollow-ground,w0h-l0,single-water,300,0,0,12,,61.247,0,0.717,4,90.1,3,16.307,0,0,0,0,1,1,0,0,0,0.45,0,0.267,0,,,,,,,,,,,,
stored-night,5,smoke-screen+hollow-ground,w0h-l0,legacy-cycle,300,24,0.08,11.927,0.9236,50.239,0,1.92,4.037,107.207,2.323,23.167,0,0,0,0,1.98,1.777,0.147,3.423,0,1,0,0.92,0,,,,,,,,,,,,
stored-night,5,smoke-screen+hollow-ground,w0h-l0,greedy,300,266,0.8867,9.15,0.7321,15.176,0,1.493,1.737,47.693,2.24,2.807,0.64,0.26,0.377,0.027,1.567,1.277,0.287,1.957,0,1,0,0.493,0,,,,,,,,,,,,
stored-night,5,smoke-screen+hollow-ground,w0h-l0,planner,300,278,0.9267,9.27,0.7545,30.364,0,1.557,1.803,50.907,2.06,2.707,0.613,0.25,0.413,0.02,1.68,1.4,0.273,2.657,0,1,0,0.557,0,,,,,,,,,,,,
stored-night,5,smoke-screen+hollow-ground,w0h-l0,forecast-aware,300,221,0.7367,10.253,0.8024,16.848,0,1.647,2.08,57.747,1.467,4.887,2.153,0,0.673,0.897,1.76,1.583,0.31,2.61,0,1,0.073,0.573,0,,,,,,,,,,,,
stored-night,5,smoke-screen+hollow-ground,w0h-l0,planner-one-mistake,300,251,0.8367,9.927,0.7935,34.02,0,1.66,1.97,57.667,2.273,4.643,0.963,0.427,0.52,0.227,1.833,1.523,0.313,2.64,0,1,0,0.66,0,278,300,278,239,0,0,97,121,0.8597,3.5758,1,0
stored-night,5,smoke-screen+hollow-ground,w0h-l+,random,300,17,0.0567,11.937,0.9069,67.36,0,0.903,3.747,84.877,2.59,18.32,0.493,1.84,0.19,0.247,1.293,1.08,0.313,1.49,0,0.503,0.003,0.397,0,,,,,,,,,,,,
stored-night,5,smoke-screen+hollow-ground,w0h-l+,single-water,300,0,0,12,,61.247,0,0.717,4,90.1,3,16.307,0,0,0,0,1,1,0,0,0,0.45,0,0.267,0,,,,,,,,,,,,
stored-night,5,smoke-screen+hollow-ground,w0h-l+,legacy-cycle,300,37,0.1233,11.857,0.9032,47.627,0,1.877,3.987,105.15,2.353,23.71,0,0,0,0,1.967,1.76,0.15,3.387,0,1,0,0.877,0,,,,,,,,,,,,
stored-night,5,smoke-screen+hollow-ground,w0h-l+,greedy,300,282,0.94,9.013,0.7352,12.111,0,1.503,1.703,47.18,2.053,2.47,0.673,0.247,0.393,0.027,1.543,1.273,0.26,1.863,0,1,0,0.503,0,,,,,,,,,,,,
stored-night,5,smoke-screen+hollow-ground,w0h-l+,planner,300,290,0.9667,8.94,0.7362,29.3,0,1.523,1.74,48.34,1.84,2.34,0.56,0.27,0.353,0.023,1.627,1.323,0.307,2.7,0,1,0,0.523,0,,,,,,,,,,,,
stored-night,5,smoke-screen+hollow-ground,w0h-l+,forecast-aware,300,246,0.82,10.06,0.8028,16.833,0,1.67,2.003,56.833,1.357,4.8,2.107,0,0.69,0.857,1.747,1.547,0.337,2.543,0,1,0.067,0.603,0,,,,,,,,,,,,
stored-night,5,smoke-screen+hollow-ground,w0h-l+,planner-one-mistake,300,262,0.8733,9.527,0.764,33.158,0,1.56,1.857,52.42,2.147,3.953,0.907,0.533,0.417,0.257,1.733,1.427,0.31,2.453,0,1,0,0.56,0,290,300,290,256,0,0,96,171,0.8828,4.2733,1,0
stored-night,5,smoke-screen+hollow-ground,w0h0l-,random,300,16,0.0533,11.94,0.9063,69.437,0,0.817,3.75,83.267,2.607,18.103,0.48,1.857,0.193,0.253,1.293,1.077,0.317,1.493,0,0.47,0,0.347,0,,,,,,,,,,,,
stored-night,5,smoke-screen+hollow-ground,w0h0l-,single-water,300,0,0,12,,61.247,0,0.717,4,90.1,3,16.307,0,0,0,0,1,1,0,0,0,0.45,0,0.267,0,,,,,,,,,,,,
stored-night,5,smoke-screen+hollow-ground,w0h0l-,legacy-cycle,300,25,0.0833,11.913,0.9133,49.825,0,1.917,4.03,106.98,2.317,23.117,0,0,0,0,1.983,1.773,0.153,3.423,0,1,0,0.917,0,,,,,,,,,,,,
stored-night,5,smoke-screen+hollow-ground,w0h0l-,greedy,300,257,0.8567,9.28,0.7354,15.558,0,1.507,1.703,47.653,2.207,2.45,0.74,0.34,0.483,0.023,1.61,1.337,0.263,1.77,0,1,0,0.507,0,,,,,,,,,,,,
stored-night,5,smoke-screen+hollow-ground,w0h0l-,planner,300,281,0.9367,8.813,0.7165,31.737,0,1.46,1.687,45.487,1.973,1.637,0.517,0.307,0.32,0.023,1.577,1.337,0.237,2.333,0,1,0,0.46,0,,,,,,,,,,,,
stored-night,5,smoke-screen+hollow-ground,w0h0l-,forecast-aware,300,218,0.7267,10.147,0.7875,16.988,0,1.627,2.037,56.18,1.457,4.703,2.153,0,0.677,0.893,1.74,1.557,0.323,2.567,0,1,0.077,0.55,0,,,,,,,,,,,,
stored-night,5,smoke-screen+hollow-ground,w0h0l-,planner-one-mistake,300,255,0.85,9.36,0.7412,35.756,0,1.51,1.76,49.033,2.193,3.567,0.873,0.517,0.433,0.237,1.723,1.417,0.317,2.123,0,1,0,0.51,0,281,300,281,244,0,0,89,134,0.8683,4.1167,0.75,0
stored-night,5,smoke-screen+hollow-ground,w0h0l0,random,300,22,0.0733,11.927,0.9167,67.957,0,0.9,3.727,84.377,2.593,18.337,0.493,1.843,0.193,0.25,1.293,1.08,0.307,1.49,0,0.51,0,0.39,0,,,,,,,,,,,,
stored-night,5,smoke-screen+hollow-ground,w0h0l0,single-water,300,0,0,12,,61.247,0,0.717,4,90.1,3,16.307,0,0,0,0,1,1,0,0,0,0.45,0,0.267,0,,,,,,,,,,,,
stored-night,5,smoke-screen+hollow-ground,w0h0l0,legacy-cycle,300,38,0.1267,11.84,0.8947,46.71,0,1.873,3.973,104.78,2.357,23.707,0,0,0,0,1.97,1.75,0.163,3.377,0,1,0,0.873,0,,,,,,,,,,,,
stored-night,5,smoke-screen+hollow-ground,w0h0l0,greedy,300,277,0.9233,8.843,0.7151,14.13,0,1.45,1.66,44.793,2.08,1.86,0.58,0.28,0.343,0.01,1.54,1.24,0.297,1.85,0,1,0,0.45,0,,,,,,,,,,,,
stored-night,5,smoke-screen+hollow-ground,w0h0l0,planner,300,289,0.9633,8.933,0.7347,32.182,0,1.55,1.783,49.913,1.723,1.55,0.577,0.243,0.377,0.02,1.617,1.357,0.257,2.603,0,1,0,0.55,0,,,,,,,,,,,,
stored-night,5,smoke-screen+hollow-ground,w0h0l0,forecast-aware,300,248,0.8267,10.073,0.8058,16.635,0,1.67,2.023,57.367,1.377,4.63,2.093,0,0.693,0.84,1.737,1.55,0.31,2.523,0,1,0.063,0.607,0,,,,,,,,,,,,
stored-night,5,smoke-screen+hollow-ground,w0h0l0,planner-one-mistake,300,266,0.8867,9.193,0.7362,34.441,0,1.503,1.703,47.58,2.097,4.06,0.83,0.513,0.44,0.223,1.707,1.377,0.337,2.24,0,1,0,0.503,0,289,300,289,262,0,0,89,134,0.9066,3.7467,1,0
stored-night,5,smoke-screen+hollow-ground,w0h0l+,random,300,27,0.09,11.907,0.9136,65.853,0,0.937,3.707,84.603,2.577,18.397,0.517,1.807,0.19,0.25,1.287,1.08,0.297,1.493,0,0.533,0.003,0.4,0,,,,,,,,,,,,
stored-night,5,smoke-screen+hollow-ground,w0h0l+,single-water,300,0,0,12,,61.247,0,0.717,4,90.1,3,16.307,0,0,0,0,1,1,0,0,0,0.45,0,0.267,0,,,,,,,,,,,,
stored-night,5,smoke-screen+hollow-ground,w0h0l+,legacy-cycle,300,47,0.1567,11.793,0.8901,45.19,0,1.847,3.963,104.163,2.463,24.893,0,0,0,0,1.95,1.74,0.153,3.36,0,1,0,0.847,0,,,,,,,,,,,,
stored-night,5,smoke-screen+hollow-ground,w0h0l+,greedy,300,290,0.9667,8.653,0.7115,10.4,0,1.467,1.617,44.247,1.82,2.277,0.62,0.257,0.337,0.01,1.493,1.163,0.327,1.867,0,1,0,0.467,0,,,,,,,,,,,,
stored-night,5,smoke-screen+hollow-ground,w0h0l+,planner,300,296,0.9867,8.853,0.7342,32.5,0,1.573,1.817,51.167,1.477,1.243,0.623,0.24,0.357,0.027,1.617,1.31,0.31,2.59,0,1,0,0.573,0,,,,,,,,,,,,
stored-night,5,smoke-screen+hollow-ground,w0h0l+,forecast-aware,300,260,0.8667,9.833,0.7917,14.8,0,1.663,1.937,55.147,1.257,4.673,2.05,0,0.687,0.827,1.69,1.5,0.323,2.467,0,1,0.067,0.597,0,,,,,,,,,,,,
stored-night,5,smoke-screen+hollow-ground,w0h0l+,planner-one-mistake,300,277,0.9233,9.287,0.7551,34.609,0,1.54,1.72,48.927,1.957,3.663,1.003,0.64,0.467,0.3,1.707,1.407,0.297,2.353,0,1,0,0.54,0,296,300,296,273,0,0,84,190,0.9223,4.9908,1,0
stored-night,5,smoke-screen+hollow-ground,w0h+l-,random,300,20,0.0667,11.927,0.9083,68.318,0,0.867,3.743,84.35,2.603,18.267,0.49,1.85,0.197,0.247,1.29,1.08,0.297,1.493,0,0.49,0,0.377,0,,,,,,,,,,,,
stored-night,5,smoke-screen+hollow-ground,w0h+l-,single-water,300,0,0,12,,61.247,0,0.717,4,90.1,3,16.307,0,0,0,0,1,1,0,0,0,0.45,0,0.267,0,,,,,,,,,,,,
stored-night,5,smoke-screen+hollow-ground,w0h+l-,legacy-cycle,300,40,0.1333,11.837,0.8979,46.692,0,1.867,3.98,104.807,2.363,23.66,0,0,0,0,1.977,1.747,0.177,3.37,0,1,0,0.867,0,,,,,,,,,,,,
stored-night,5,smoke-screen+hollow-ground,w0h+l-,greedy,300,269,0.8967,9.33,0.7519,13.323,0,1.58,1.787,51.38,1.91,2.487,0.78,0.353,0.533,0.02,1.55,1.307,0.237,1.693,0,1,0,0.58,0,,,,,,,,,,,,
stored-night,5,smoke-screen+hollow-ground,w0h+l-,planner,300,289,0.9633,9.003,0.7408,28.636,0,1.57,1.77,50.42,1.673,2.223,0.64,0.303,0.45,0.017,1.603,1.373,0.227,2.207,0,1,0,0.57,0,,,,,,,,,,,,
stored-night,5,smoke-screen+hollow-ground,w0h+l-,forecast-aware,300,240,0.8,10.053,0.7972,16.067,0,1.667,2.023,57.207,1.377,4.453,2.127,0,0.697,0.843,1.73,1.557,0.303,2.53,0,1,0.067,0.6,0,,,,,,,,,,,,
stored-night,5,smoke-screen+hollow-ground,w0h+l-,planner-one-mistake,300,274,0.9133,9.12,0.7372,34.346,0,1.51,1.733,48.187,1.873,2.823,0.847,0.48,0.397,0.203,1.673,1.443,0.237,2.097,0,1,0,0.51,0,289,300,289,269,0,0,81,81,0.9308,3.3992,0.75,0
stored-night,5,smoke-screen+hollow-ground,w0h+l0,random,300,26,0.0867,11.9,0.9038,66.38,0,0.937,3.717,84.847,2.573,18.437,0.517,1.81,0.197,0.25,1.287,1.077,0.297,1.493,0,0.533,0.003,0.4,0,,,,,,,,,,,,
stored-night,5,smoke-screen+hollow-ground,w0h+l0,single-water,300,0,0,12,,61.247,0,0.717,4,90.1,3,16.307,0,0,0,0,1,1,0,0,0,0.45,0,0.267,0,,,,,,,,,,,,
stored-night,5,smoke-screen+hollow-ground,w0h+l0,legacy-cycle,300,49,0.1633,11.787,0.8912,45.514,0,1.843,3.993,104.827,2.467,24.893,0,0,0,0,1.95,1.74,0.153,3.353,0,1,0,0.843,0,,,,,,,,,,,,
stored-night,5,smoke-screen+hollow-ground,w0h+l0,greedy,300,289,0.9633,9.007,0.7411,11.545,0,1.557,1.74,49.267,1.723,1.59,0.737,0.257,0.437,0.003,1.54,1.27,0.267,1.67,0,1,0,0.557,0,,,,,,,,,,,,
stored-night,5,smoke-screen+hollow-ground,w0h+l0,planner,300,294,0.98,9.06,0.75,28.833,0,1.627,1.85,53.613,1.51,1.723,0.663,0.303,0.467,0.023,1.603,1.37,0.237,2.38,0,1,0,0.627,0,,,,,,,,,,,,
stored-night,5,smoke-screen+hollow-ground,w0h+l0,forecast-aware,300,263,0.8767,9.957,0.8058,15.514,0,1.707,2.007,58.013,1.233,4.363,2.047,0,0.69,0.823,1.71,1.553,0.277,2.52,0,1,0.06,0.647,0,,,,,,,,,,,,
stored-night,5,smoke-screen+hollow-ground,w0h+l0,planner-one-mistake,300,281,0.9367,8.997,0.7328,32.211,0,1.527,1.73,48.507,1.69,2.65,0.81,0.423,0.4,0.19,1.657,1.39,0.273,2.14,0,1,0,0.527,0,294,300,294,276,0,0,81,81,0.9388,3.0725,1,0
stored-night,5,smoke-screen+hollow-ground,w0h+l+,random,300,34,0.1133,11.873,0.9069,65.489,0,1.003,3.693,85.343,2.56,18.537,0.517,1.803,0.19,0.247,1.287,1.07,0.3,1.49,0,0.57,0.007,0.427,0,,,,,,,,,,,,
stored-night,5,smoke-screen+hollow-ground,w0h+l+,single-water,300,0,0,12,,61.247,0,0.717,4,90.1,3,16.307,0,0,0,0,1,1,0,0,0,0.45,0,0.267,0,,,,,,,,,,,,
stored-night,5,smoke-screen+hollow-ground,w0h+l+,legacy-cycle,300,74,0.2467,11.61,0.8682,44.469,0,1.76,3.9,100.71,2.477,25.24,0,0,0,0,1.947,1.693,0.2,3.27,0,1,0,0.76,0,,,,,,,,,,,,
stored-night,5,smoke-screen+hollow-ground,w0h+l+,greedy,300,296,0.9867,8.583,0.7114,9.75,0,1.513,1.657,46.3,1.51,1.667,0.66,0.237,0.383,0.007,1.487,1.183,0.297,1.663,0,1,0,0.513,0,,,,,,,,,,,,
stored-night,5,smoke-screen+hollow-ground,w0h+l+,planner,300,297,0.99,8.453,0.7015,29.333,0,1.513,1.743,48.02,1.383,1.117,0.523,0.313,0.297,0.027,1.57,1.29,0.277,2.137,0,1,0,0.513,0,,,,,,,,,,,,
stored-night,5,smoke-screen+hollow-ground,w0h+l+,forecast-aware,300,269,0.8967,9.75,0.7909,12.419,0,1.713,1.98,57.76,1.033,3.85,1.957,0,0.663,0.813,1.707,1.47,0.333,2.483,0,1,0.053,0.66,0,,,,,,,,,,,,
stored-night,5,smoke-screen+hollow-ground,w0h+l+,planner-one-mistake,300,288,0.96,8.72,0.7153,34.583,0,1.47,1.603,44.267,1.55,2.683,0.893,0.5,0.393,0.253,1.567,1.253,0.317,2.367,0,1,0,0.47,0,297,300,297,286,0,0,76,132,0.963,4.1025,1,0
stored-night,5,smoke-screen+hollow-ground,w+h-l-,random,300,12,0.04,11.96,0.9167,69.194,0,0.82,3.757,83.533,2.623,18.107,0.483,1.86,0.197,0.253,1.297,1.08,0.317,1.5,0,0.463,0,0.357,0,,,,,,,,,,,,
stored-night,5,smoke-screen+hollow-ground,w+h-l-,single-water,300,0,0,12,,61.7,0,1.453,4,100.693,2.883,16.56,0,0,0,0,1,1,0,0,0,0.777,0,0.677,0,,,,,,,,,,,,
stored-night,5,smoke-screen+hollow-ground,w+h-l-,legacy-cycle,300,30,0.1,11.907,0.9222,50.359,0,1.9,4.01,106.017,2.32,23.163,0,0,0,0,1.983,1.773,0.153,3.423,0,1,0,0.9,0,,,,,,,,,,,,
stored-night,5,smoke-screen+hollow-ground,w+h-l-,greedy,300,270,0.9,8.93,0.7157,18.333,0,1.433,1.573,42.813,2.21,3.57,0.66,0.243,0.433,0.04,1.53,1.233,0.293,1.69,0,1,0,0.433,0,,,,,,,,,,,,
stored-night,5,smoke-screen+hollow-ground,w+h-l-,planner,300,285,0.95,8.487,0.6918,35.533,0,1.37,1.507,39.48,2.153,2.843,0.423,0.26,0.307,0.02,1.453,1.17,0.277,2.237,0,1,0,0.37,0,,,,,,,,,,,,
stored-night,5,smoke-screen+hollow-ground,w+h-l-,forecast-aware,300,218,0.7267,10.12,0.7844,18.122,0,1.597,2.043,55.5,1.487,4.98,2.123,0,0.643,0.9,1.733,1.53,0.343,2.59,0,1,0.077,0.52,0,,,,,,,,,,,,
stored-night,5,smoke-screen+hollow-ground,w+h-l-,planner-one-mistake,300,253,0.8433,9.58,0.7609,33.872,0,1.553,1.837,51.893,2.207,4.347,0.903,0.423,0.5,0.2,1.73,1.413,0.323,2.317,0,1,0,0.553,0,285,300,285,243,0,0,97,100,0.8526,3.7658,0.75,0
stored-night,5,smoke-screen+hollow-ground,w+h-l0,random,300,19,0.0633,11.93,0.9079,67.555,0,0.893,3.733,84.303,2.587,18.1,0.503,1.833,0.2,0.25,1.287,1.077,0.307,1.493,0,0.507,0,0.387,0,,,,,,,,,,,,
stored-night,5,smoke-screen+hollow-ground,w+h-l0,single-water,300,0,0,12,,61.7,0,1.453,4,100.693,2.883,16.56,0,0,0,0,1,1,0,0,0,0.777,0,0.677,0,,,,,,,,,,,,
stored-night,5,smoke-screen+hollow-ground,w+h-l0,legacy-cycle,300,41,0.1367,11.827,0.8943,46.598,0,1.863,3.967,104.177,2.283,23.13,0,0,0,0,1.957,1.75,0.15,3.37,0,1,0,0.863,0,,,,,,,,,,,,
stored-night,5,smoke-screen+hollow-ground,w+h-l0,greedy,300,283,0.9433,8.583,0.6982,14.941,0,1.393,1.563,41.127,2.123,2.61,0.527,0.22,0.303,0.03,1.477,1.197,0.273,1.84,0,1,0,0.393,0,,,,,,,,,,,,
stored-night,5,smoke-screen+hollow-ground,w+h-l0,planner,300,289,0.9633,8.707,0.7151,30.909,0,1.467,1.613,44.333,1.897,2.493,0.557,0.233,0.387,0.017,1.527,1.217,0.303,2.517,0,1,0,0.467,0,,,,,,,,,,,,
stored-night,5,smoke-screen+hollow-ground,w+h-l0,forecast-aware,300,240,0.8,10.067,0.7986,16.983,0,1.65,2.043,57.073,1.39,4.887,2.11,0,0.657,0.883,1.727,1.54,0.32,2.55,0,1,0.07,0.58,0,,,,,,,,,,,,
stored-night,5,smoke-screen+hollow-ground,w+h-l0,planner-one-mistake,300,273,0.91,9.35,0.7573,32.444,0,1.54,1.723,48.913,2.103,4.91,0.89,0.413,0.49,0.207,1.703,1.403,0.307,2.363,0,1,0.003,0.537,0,289,300,289,265,0,0,97,121,0.917,3.9792,1,0
stored-night,5,smoke-screen+hollow-ground,w+h-l+,random,300,27,0.09,11.893,0.9012,66.425,0,0.933,3.707,84.333,2.577,18.247,0.507,1.817,0.19,0.247,1.287,1.067,0.323,1.49,0,0.533,0.003,0.397,0,,,,,,,,,,,,
stored-night,5,smoke-screen+hollow-ground,w+h-l+,single-water,300,0,0,12,,61.7,0,1.453,4,100.693,2.883,16.56,0,0,0,0,1,1,0,0,0,0.777,0,0.677,0,,,,,,,,,,,,
stored-night,5,smoke-screen+hollow-ground,w+h-l+,legacy-cycle,300,51,0.17,11.787,0.8954,44.124,0,1.83,3.95,103.153,2.343,23.813,0,0,0,0,1.947,1.743,0.147,3.357,0,1,0,0.83,0,,,,,,,,,,,,
stored-night,5,smoke-screen+hollow-ground,w+h-l+,greedy,300,289,0.9633,8.787,0.722,12.364,0,1.507,1.68,46.7,1.793,2.203,0.633,0.223,0.383,0.02,1.483,1.153,0.327,1.85,0,1,0,0.507,0,,,,,,,,,,,,
stored-night,5,smoke-screen+hollow-ground,w+h-l+,planner,300,298,0.9933,8.613,0.7159,28,0,1.503,1.69,46.64,1.56,2.28,0.547,0.227,0.343,0.02,1.5,1.223,0.28,2.56,0,1,0,0.503,0,,,,,,,,,,,,
stored-night,5,smoke-screen+hollow-ground,w+h-l+,forecast-aware,300,257,0.8567,9.923,0.798,14.488,0,1.67,1.973,56.24,1.283,4.797,2.093,0,0.69,0.857,1.723,1.487,0.37,2.52,0,1,0.063,0.607,0,,,,,,,,,,,,
stored-night,5,smoke-screen+hollow-ground,w+h-l+,planner-one-mistake,300,278,0.9267,9.007,0.7308,31.864,0,1.473,1.653,45.513,2.003,3.927,0.827,0.5,0.4,0.24,1.567,1.247,0.33,2.183,0,1,0.003,0.47,0,298,300,298,276,0,0,97,137,0.9262,3.9283,1,0
stored-night,5,smoke-screen+hollow-ground,w+h0l-,random,300,19,0.0633,11.92,0.8947,67.957,0,0.863,3.733,83.817,2.6,18.273,0.497,1.84,0.2,0.25,1.287,1.073,0.313,1.493,0,0.493,0,0.37,0,,,,,,,,,,,,
stored-night,5,smoke-screen+hollow-ground,w+h0l-,single-water,300,0,0,12,,61.7,0,1.453,4,100.693,2.883,16.56,0,0,0,0,1,1,0,0,0,0.777,0,0.677,0,,,,,,,,,,,,
stored-night,5,smoke-screen+hollow-ground,w+h0l-,legacy-cycle,300,41,0.1367,11.82,0.8902,46.023,0,1.863,3.963,104.13,2.287,23.037,0,0,0,0,1.96,1.747,0.157,3.377,0,1,0,0.863,0,,,,,,,,,,,,
stored-night,5,smoke-screen+hollow-ground,w+h0l-,greedy,300,270,0.9,9.027,0.7247,14.6,0,1.497,1.66,46.413,1.99,2.863,0.723,0.293,0.48,0.03,1.547,1.307,0.233,1.723,0,1,0,0.497,0,,,,,,,,,,,,
stored-night,5,smoke-screen+hollow-ground,w+h0l-,planner,300,292,0.9733,8.447,0.6958,34,0,1.42,1.59,42.293,1.767,1.937,0.487,0.267,0.293,0.023,1.52,1.27,0.25,2.26,0,1,0,0.42,0,,,,,,,,,,,,
stored-night,5,smoke-screen+hollow-ground,w+h0l-,forecast-aware,300,245,0.8167,9.973,0.7932,16.164,0,1.623,1.98,55.007,1.38,4.6,2.077,0,0.667,0.857,1.687,1.513,0.303,2.52,0,1,0.067,0.557,0,,,,,,,,,,,,
stored-night,5,smoke-screen+hollow-ground,w+h0l-,planner-one-mistake,300,268,0.8933,9.113,0.7307,35.094,0,1.48,1.677,46.307,2.067,3.887,0.81,0.523,0.407,0.22,1.64,1.343,0.303,2.02,0,1,0,0.48,0,292,300,292,265,0,0,89,127,0.9075,4.245,0.75,0
stored-night,5,smoke-screen+hollow-ground,w+h0l0,random,300,26,0.0867,11.91,0.9135,66.566,0,0.94,3.72,84.887,2.577,18.383,0.51,1.82,0.193,0.25,1.293,1.08,0.307,1.493,0,0.533,0.003,0.403,0,,,,,,,,,,,,
stored-night,5,smoke-screen+hollow-ground,w+h0l0,single-water,300,0,0,12,,61.7,0,1.453,4,100.693,2.883,16.56,0,0,0,0,1,1,0,0,0,0.777,0,0.677,0,,,,,,,,,,,,
stored-night,5,smoke-screen+hollow-ground,w+h0l0,legacy-cycle,300,56,0.1867,11.763,0.8943,43.525,0,1.817,3.927,102.303,2.343,23.827,0,0,0,0,1.947,1.74,0.15,3.34,0,1,0,0.817,0,,,,,,,,,,,,
stored-night,5,smoke-screen+hollow-ground,w+h0l0,greedy,300,290,0.9667,8.467,0.6954,16.9,0,1.413,1.553,41.38,1.787,1.78,0.553,0.243,0.323,0.013,1.42,1.14,0.28,1.843,0,1,0,0.413,0,,,,,,,,,,,,
stored-night,5,smoke-screen+hollow-ground,w+h0l0,planner,300,296,0.9867,8.683,0.7199,31,0,1.53,1.743,48.52,1.47,1.703,0.577,0.22,0.35,0.023,1.56,1.3,0.26,2.467,0,1,0,0.53,0,,,,,,,,,,,,
stored-night,5,smoke-screen+hollow-ground,w+h0l0,forecast-aware,300,258,0.86,9.927,0.7991,16.048,0,1.68,1.99,56.86,1.263,4.657,2.073,0,0.677,0.83,1.707,1.527,0.313,2.487,0,1,0.063,0.617,0,,,,,,,,,,,,
stored-night,5,smoke-screen+hollow-ground,w+h0l0,planner-one-mistake,300,275,0.9167,8.983,0.7258,32.68,0,1.473,1.653,45.58,1.933,4.007,0.81,0.487,0.407,0.22,1.633,1.267,0.37,2.15,0,1,0,0.473,0,296,300,296,272,0,0,89,127,0.9189,3.8883,1,0
stored-night,5,smoke-screen+hollow-ground,w+h0l+,random,300,32,0.1067,11.88,0.9063,65.112,0,1.007,3.69,85.297,2.573,18.44,0.51,1.81,0.193,0.247,1.29,1.073,0.31,1.493,0,0.573,0.003,0.43,0,,,,,,,,,,,,
stored-night,5,smoke-screen+hollow-ground,w+h0l+,single-water,300,0,0,12,,61.7,0,1.453,4,100.693,2.883,16.56,0,0,0,0,1,1,0,0,0,0.777,0,0.677,0,,,,,,,,,,,,
stored-night,5,smoke-screen+hollow-ground,w+h0l+,legacy-cycle,300,66,0.22,11.667,0.8737,44.209,0,1.783,3.947,102.313,2.467,25.257,0,0,0,0,1.943,1.713,0.177,3.3,0,1,0,0.783,0,,,,,,,,,,,,
stored-night,5,smoke-screen+hollow-ground,w+h0l+,greedy,300,295,0.9833,8.59,0.711,15.2,0,1.5,1.643,45.667,1.54,1.853,0.667,0.25,0.363,0.017,1.46,1.127,0.33,1.927,0,1,0,0.5,0,,,,,,,,,,,,
stored-night,5,smoke-screen+hollow-ground,w+h0l+,planner,300,298,0.9933,8.61,0.7156,32.5,0,1.547,1.773,49.5,1.283,1.423,0.583,0.24,0.323,0.027,1.563,1.273,0.293,2.587,0,1,0,0.547,0,,,,,,,,,,,,
stored-night,5,smoke-screen+hollow-ground,w+h0l+,forecast-aware,300,269,0.8967,9.727,0.7887,12.677,0,1.687,1.94,56,1.163,4.593,2.033,0,0.677,0.823,1.673,1.457,0.347,2.45,0,1,0.06,0.627,0,,,,,,,,,,,,
stored-night,5,smoke-screen+hollow-ground,w+h0l+,planner-one-mistake,300,290,0.9667,8.813,0.7253,34.1,0,1.46,1.56,43.173,1.707,3.467,0.94,0.577,0.427,0.28,1.56,1.23,0.33,2.173,0,1,0,0.46,0,298,300,298,288,0,0,85,160,0.9664,4.4092,1,0
stored-night,5,smoke-screen+hollow-ground,w+h+l-,random,300,22,0.0733,11.927,0.9167,66.651,0,0.933,3.733,85.09,2.597,18.41,0.5,1.84,0.2,0.25,1.29,1.083,0.29,1.493,0,0.53,0,0.403,0,,,,,,,,,,,,
stored-night,5,smoke-screen+hollow-ground,w+h+l-,single-water,300,0,0,12,,61.7,0,1.453,4,100.693,2.883,16.56,0,0,0,0,1,1,0,0,0,0.777,0,0.677,0,,,,,,,,,,,,
stored-night,5,smoke-screen+hollow-ground,w+h+l-,legacy-cycle,300,62,0.2067,11.72,0.8871,44.256,0,1.8,3.92,101.77,2.35,23.81,0,0,0,0,1.947,1.74,0.15,3.333,0,1,0,0.8,0,,,,,,,,,,,,
stored-night,5,smoke-screen+hollow-ground,w+h+l-,greedy,300,284,0.9467,9.153,0.7494,14.5,0,1.583,1.737,50.267,1.743,2.557,0.787,0.28,0.533,0.027,1.543,1.3,0.237,1.623,0,1,0,0.583,0,,,,,,,,,,,,
stored-night,5,smoke-screen+hollow-ground,w+h+l-,planner,300,294,0.98,8.707,0.72,32.333,0,1.517,1.71,47.567,1.573,2.24,0.583,0.277,0.377,0.023,1.54,1.32,0.22,2.173,0,1,0,0.517,0,,,,,,,,,,,,
stored-night,5,smoke-screen+hollow-ground,w+h+l-,forecast-aware,300,255,0.85,9.957,0.7997,15.178,0,1.683,2.02,57.78,1.253,4.313,2.053,0,0.673,0.83,1.717,1.543,0.29,2.51,0,1,0.057,0.627,0,,,,,,,,,,,,
stored-night,5,smoke-screen+hollow-ground,w+h+l-,planner-one-mistake,300,280,0.9333,8.897,0.7229,32.95,0,1.48,1.653,45.673,1.79,3.197,0.82,0.457,0.38,0.207,1.627,1.373,0.257,2.013,0,1,0,0.48,0,294,300,294,277,0,0,84,106,0.9422,4.0808,0.75,0
stored-night,5,smoke-screen+hollow-ground,w+h+l0,random,300,31,0.1033,11.877,0.9005,65.587,0,1.023,3.69,85.507,2.557,18.477,0.523,1.807,0.193,0.243,1.29,1.08,0.3,1.487,0,0.577,0.007,0.44,0,,,,,,,,,,,,
stored-night,5,smoke-screen+hollow-ground,w+h+l0,single-water,300,0,0,12,,61.7,0,1.453,4,100.693,2.883,16.56,0,0,0,0,1,1,0,0,0,0.777,0,0.677,0,,,,,,,,,,,,
stored-night,5,smoke-screen+hollow-ground,w+h+l0,legacy-cycle,300,82,0.2733,11.54,0.8598,44.032,0,1.733,3.837,98.53,2.46,25.083,0,0,0,0,1.94,1.673,0.213,3.25,0,1,0,0.733,0,,,,,,,,,,,,
stored-night,5,smoke-screen+hollow-ground,w+h+l0,greedy,300,294,0.98,8.833,0.7307,12.5,0,1.54,1.713,48.187,1.59,1.797,0.723,0.223,0.407,0.017,1.477,1.223,0.253,1.69,0,1,0,0.54,0,,,,,,,,,,,,
stored-night,5,smoke-screen+hollow-ground,w+h+l0,planner,300,298,0.9933,8.783,0.7301,30.5,0,1.58,1.763,50.367,1.38,1.987,0.64,0.267,0.43,0.02,1.563,1.337,0.227,2.32,0,1,0,0.58,0,,,,,,,,,,,,
stored-night,5,smoke-screen+hollow-ground,w+h+l0,forecast-aware,300,264,0.88,9.723,0.7844,13.278,0,1.683,1.94,55.933,1.17,4.437,2.027,0,0.68,0.813,1.687,1.473,0.343,2.46,0,1,0.06,0.623,0,,,,,,,,,,,,
stored-night,5,smoke-screen+hollow-ground,w+h+l0,planner-one-mistake,300,289,0.9633,8.78,0.7215,33.182,0,1.493,1.637,45.6,1.607,2.757,0.807,0.417,0.403,0.197,1.593,1.307,0.29,2.063,0,1,0,0.493,0,298,300,298,287,0,0,84,106,0.9631,3.6942,1,0
stored-night,5,smoke-screen+hollow-ground,w+h+l+,random,300,39,0.13,11.847,0.9017,64.402,0,1.06,3.667,85.57,2.557,18.727,0.52,1.793,0.19,0.247,1.287,1.067,0.307,1.483,0,0.603,0.007,0.45,0,,,,,,,,,,,,
stored-night,5,smoke-screen+hollow-ground,w+h+l+,single-water,300,0,0,12,,61.7,0,1.453,4,100.693,2.883,16.56,0,0,0,0,1,1,0,0,0,0.777,0,0.677,0,,,,,,,,,,,,
stored-night,5,smoke-screen+hollow-ground,w+h+l+,legacy-cycle,300,104,0.3467,11.323,0.8373,42.643,0,1.657,3.75,94.747,2.427,24.967,0,0,0,0,1.913,1.6,0.25,3.16,0,0.997,0,0.66,0,,,,,,,,,,,,
stored-night,5,smoke-screen+hollow-ground,w+h+l+,greedy,300,298,0.9933,8.47,0.7039,9,0,1.503,1.64,45.653,1.437,1.533,0.653,0.247,0.377,0.01,1.443,1.163,0.277,1.713,0,1,0,0.503,0,,,,,,,,,,,,
stored-night,5,smoke-screen+hollow-ground,w+h+l+,planner,300,298,0.9933,8.103,0.6731,29,0,1.447,1.633,43.833,1.29,1.343,0.477,0.273,0.267,0.02,1.477,1.203,0.27,2.23,0,1,0,0.447,0,,,,,,,,,,,,
stored-night,5,smoke-screen+hollow-ground,w+h+l+,forecast-aware,300,278,0.9267,9.587,0.783,9.455,0,1.71,1.933,56.64,0.977,3.797,1.943,0,0.667,0.79,1.673,1.42,0.34,2.457,0,1,0.053,0.657,0,,,,,,,,,,,,
stored-night,5,smoke-screen+hollow-ground,w+h+l+,planner-one-mistake,300,291,0.97,8.557,0.7042,29.889,0,1.453,1.553,42.733,1.52,3.163,0.843,0.497,0.39,0.243,1.487,1.187,0.303,2.237,0,1,0,0.453,0,298,300,298,289,0,0,80,136,0.9698,4.0875,1,0
stored-night,5,smoke-screen+sluice-jam,w-h-l-,random,300,7,0.0233,11.967,0.881,75.181,0,0.453,3.623,73.25,2.627,16.313,0.687,2.233,0.323,0.307,1.017,0.85,0.273,1.373,0,0.277,0.007,0.17,0,,,,,,,,,,,,
stored-night,5,smoke-screen+sluice-jam,w-h-l-,single-water,300,0,0,12,,76.187,0,0.02,4,81.087,3,14.397,0,0,0,0,1,1,0,0,0,0.01,0,0.01,0,,,,,,,,,,,,
stored-night,5,smoke-screen+sluice-jam,w-h-l-,legacy-cycle,300,2,0.0067,11.997,0.9583,63.349,0,1.923,4.02,107.797,2.787,28.473,0,0,0,0,1.973,1.83,0.173,3.69,0,0.967,0,0.957,0,,,,,,,,,,,,
stored-night,5,smoke-screen+sluice-jam,w-h-l-,greedy,300,246,0.82,10.007,0.7974,16.981,0,1.617,1.613,49.1,2.47,3.517,1.223,0.213,0.797,0.017,1.747,1.5,0.237,1.893,0,1,0,0.617,0,,,,,,,,,,,,
stored-night,5,smoke-screen+sluice-jam,w-h-l-,planner,300,249,0.83,9.787,0.7778,30.255,0,1.587,1.71,50.267,2.303,3.57,1.023,0.24,0.67,0.053,1.693,1.457,0.243,2.603,0,1,0,0.587,0,,,,,,,,,,,,
stored-night,5,smoke-screen+sluice-jam,w-h-l-,forecast-aware,300,175,0.5833,10.657,0.8081,21.736,0,1.627,2.067,55.147,1.31,4.393,2.693,0,0.787,1.147,1.857,1.717,0.363,2.827,0,1,0.127,0.5,0,,,,,,,,,,,,
stored-night,5,smoke-screen+sluice-jam,w-h-l-,planner-one-mistake,300,223,0.7433,10.377,0.818,31.545,0,1.677,1.873,56.167,2.3,3.457,1.403,0.277,0.753,0.243,1.81,1.647,0.187,2.58,0,1,0.003,0.673,0,249,300,249,195,0,0,54,94,0.7831,3.0633,1,0
stored-night,5,smoke-screen+sluice-jam,w-h-l0,random,300,6,0.02,11.983,0.9306,73.578,0,0.563,3.633,75.69,2.623,16.59,0.693,2.233,0.31,0.307,1.023,0.857,0.277,1.373,0,0.327,0.01,0.227,0,,,,,,,,,,,,
stored-night,5,smoke-screen+sluice-jam,w-h-l0,single-water,300,0,0,12,,76.187,0,0.02,4,81.087,3,14.397,0,0,0,0,1,1,0,0,0,0.01,0,0.01,0,,,,,,,,,,,,
stored-night,5,smoke-screen+sluice-jam,w-h-l0,legacy-cycle,300,5,0.0167,11.993,0.9667,58.692,0,1.94,4.03,108.233,2.677,27.63,0,0,0,0,1.973,1.83,0.173,3.687,0,0.98,0,0.96,0,,,,,,,,,,,,
stored-night,5,smoke-screen+sluice-jam,w-h-l0,greedy,300,274,0.9133,9.553,0.7768,14.769,0,1.543,1.563,45.747,2.35,3.183,1.023,0.233,0.577,0.017,1.677,1.36,0.287,1.863,0,1,0,0.543,0,,,,,,,,,,,,
stored-night,5,smoke-screen+sluice-jam,w-h-l0,planner,300,272,0.9067,9.55,0.7748,30.964,0,1.59,1.667,49.393,2.11,3.453,0.953,0.15,0.627,0.043,1.72,1.42,0.3,2.613,0,1,0,0.59,0,,,,,,,,,,,,
stored-night,5,smoke-screen+sluice-jam,w-h-l0,forecast-aware,300,203,0.6767,10.553,0.8218,19.505,0,1.62,1.983,53.313,1.283,4.427,2.687,0,0.79,1.16,1.797,1.657,0.35,2.787,0,1,0.12,0.5,0,,,,,,,,,,,,
stored-night,5,smoke-screen+sluice-jam,w-h-l0,planner-one-mistake,300,233,0.7767,10.303,0.818,31.343,0,1.72,2.017,59.967,2.06,2.76,1.453,0.37,0.573,0.423,1.807,1.53,0.267,2.963,0,1,0.007,0.713,0,272,300,272,215,0,0,40,181,0.7904,4.5825,1,0
stored-night,5,smoke-screen+sluice-jam,w-h-l+,random,300,5,0.0167,11.983,0.9167,71.895,0,0.647,3.637,77.423,2.597,16.767,0.7,2.227,0.31,0.307,1.023,0.857,0.273,1.373,0,0.37,0.007,0.27,0,,,,,,,,,,,,
stored-night,5,smoke-screen+sluice-jam,w-h-l+,single-water,300,0,0,12,,76.187,0,0.02,4,81.087,3,14.397,0,0,0,0,1,1,0,0,0,0.01,0,0.01,0,,,,,,,,,,,,
stored-night,5,smoke-screen+sluice-jam,w-h-l+,legacy-cycle,300,6,0.02,11.993,0.9722,52.422,0,1.97,4.043,108.97,2.46,25.503,0,0,0,0,1.977,1.833,0.157,3.687,0,0.997,0,0.973,0,,,,,,,,,,,,
stored-night,5,smoke-screen+sluice-jam,w-h-l+,greedy,300,290,0.9667,9.067,0.7471,15.8,0,1.467,1.423,40.607,2.163,3.047,0.943,0.21,0.557,0.02,1.497,1.24,0.233,1.733,0,1,0,0.467,0,,,,,,,,,,,,
stored-night,5,smoke-screen+sluice-jam,w-h-l+,planner,300,280,0.9333,9.19,0.7491,30.8,0,1.54,1.573,45.927,1.957,3.237,0.907,0.17,0.573,0.04,1.627,1.393,0.23,2.177,0,1,0,0.54,0,,,,,,,,,,,,
stored-night,5,smoke-screen+sluice-jam,w-h-l+,forecast-aware,300,224,0.7467,10.45,0.827,18.355,0,1.627,1.933,52.24,1.27,4.577,2.697,0,0.793,1.17,1.743,1.64,0.32,2.773,0,1,0.127,0.5,0,,,,,,,,,,,,
stored-night,5,smoke-screen+sluice-jam,w-h-l+,planner-one-mistake,300,276,0.92,9.56,0.779,29.417,0,1.61,1.79,51.733,1.9,2.393,1.12,0.24,0.493,0.277,1.667,1.34,0.323,2.91,0,1,0.01,0.6,0,280,300,280,258,0,0,50,82,0.9214,3.2958,1,0
stored-night,5,smoke-screen+sluice-jam,w-h0l-,random,300,4,0.0133,11.987,0.9167,73.155,0,0.553,3.637,75.74,2.613,16.513,0.7,2.227,0.317,0.307,1.02,0.853,0.27,1.373,0,0.323,0.007,0.223,0,,,,,,,,,,,,
stored-night,5,smoke-screen+sluice-jam,w-h0l-,single-water,300,0,0,12,,76.187,0,0.02,4,81.087,3,14.397,0,0,0,0,1,1,0,0,0,0.01,0,0.01,0,,,,,,,,,,,,
stored-night,5,smoke-screen+sluice-jam,w-h0l-,legacy-cycle,300,5,0.0167,11.993,0.9667,58.641,0,1.94,4.043,108.543,2.633,27.523,0,0,0,0,1.973,1.83,0.157,3.687,0,0.98,0,0.96,0,,,,,,,,,,,,
stored-night,5,smoke-screen+sluice-jam,w-h0l-,greedy,300,266,0.8867,9.13,0.7303,15.059,0,1.44,1.323,38.16,2.267,2.977,1.01,0.297,0.667,0.017,1.55,1.34,0.21,1.45,0,1,0,0.44,0,,,,,,,,,,,,
stored-night,5,smoke-screen+sluice-jam,w-h0l-,planner,300,269,0.8967,9.037,0.7246,30.226,0,1.45,1.513,42.24,2.093,2.317,0.813,0.297,0.517,0.037,1.59,1.317,0.273,2.21,0,1,0,0.45,0,,,,,,,,,,,,
stored-night,5,smoke-screen+sluice-jam,w-h0l-,forecast-aware,300,206,0.6867,10.51,0.8192,19.851,0,1.653,1.997,54.193,1.283,4.227,2.69,0,0.807,1.15,1.77,1.647,0.34,2.783,0,1,0.133,0.52,0,,,,,,,,,,,,
stored-night,5,smoke-screen+sluice-jam,w-h0l-,planner-one-mistake,300,258,0.86,9.127,0.7216,30.762,0,1.457,1.577,43.3,2.12,2.65,0.927,0.313,0.453,0.183,1.59,1.387,0.217,2.18,0,1,0.007,0.45,0,269,300,269,238,0,0,43,49,0.8848,2.9525,1,0
stored-night,5,smoke-screen+sluice-jam,w-h0l0,random,300,5,0.0167,11.967,0.8333,72.569,0,0.663,3.64,78.3,2.583,16.893,0.693,2.227,0.303,0.307,1.02,0.853,0.27,1.37,0,0.363,0.007,0.293,0,,,,,,,,,,,,
stored-night,5,smoke-screen+sluice-jam,w-h0l0,single-water,300,0,0,12,,76.187,0,0.02,4,81.087,3,14.397,0,0,0,0,1,1,0,0,0,0.01,0,0.01,0,,,,,,,,,,,,
stored-night,5,smoke-screen+sluice-jam,w-h0l0,legacy-cycle,300,7,0.0233,11.987,0.9524,51.952,0,1.97,4.04,108.88,2.453,25.63,0,0,0,0,1.977,1.833,0.147,3.68,0,0.997,0,0.973,0,,,,,,,,,,,,
stored-night,5,smoke-screen+sluice-jam,w-h0l0,greedy,300,283,0.9433,8.813,0.7185,14.353,0,1.39,1.333,36.66,2.147,2.2,0.843,0.23,0.533,0.017,1.42,1.223,0.197,1.41,0,1,0,0.39,0,,,,,,,,,,,,
stored-night,5,smoke-screen+sluice-jam,w-h0l0,planner,300,286,0.9533,8.97,0.7351,30.643,0,1.487,1.517,43.147,1.913,3.413,0.817,0.223,0.533,0.037,1.56,1.343,0.22,2.543,0,1,0.003,0.483,0,,,,,,,,,,,,
stored-night,5,smoke-screen+sluice-jam,w-h0l0,forecast-aware,300,226,0.7533,10.363,0.819,18.595,0,1.647,1.947,53.113,1.26,4.31,2.647,0,0.787,1.137,1.77,1.623,0.357,2.737,0,1,0.127,0.52,0,,,,,,,,,,,,
stored-night,5,smoke-screen+sluice-jam,w-h0l0,planner-one-mistake,300,260,0.8667,9.347,0.7449,30.475,0,1.53,1.68,47.52,1.887,2.353,1.153,0.367,0.48,0.337,1.59,1.393,0.2,2.61,0,1,0.003,0.527,0,286,300,286,250,0,0,35,106,0.8741,3.6825,1,0
stored-night,5,smoke-screen+sluice-jam,w-h0l+,random,300,6,0.02,11.973,0.8889,71.571,0,0.77,3.643,80.127,2.583,17.237,0.69,2.23,0.307,0.303,1.023,0.85,0.273,1.37,0,0.42,0.007,0.343,0,,,,,,,,,,,,
stored-night,5,smoke-screen+sluice-jam,w-h0l+,single-water,300,0,0,12,,76.187,0,0.02,4,81.087,3,14.397,0,0,0,0,1,1,0,0,0,0.01,0,0.01,0,,,,,,,,,,,,
stored-night,5,smoke-screen+sluice-jam,w-h0l+,legacy-cycle,300,11,0.0367,11.963,0.9167,49.138,0,1.957,4.023,108.457,2.537,26.783,0,0,0,0,1.973,1.833,0.15,3.667,0,0.997,0,0.96,0,,,,,,,,,,,,
stored-night,5,smoke-screen+sluice-jam,w-h0l+,greedy,300,291,0.97,8.54,0.7027,14.889,0,1.373,1.29,35.233,1.923,2.18,0.833,0.203,0.507,0.017,1.37,1.13,0.233,1.44,0,1,0,0.373,0,,,,,,,,,,,,
stored-night,5,smoke-screen+sluice-jam,w-h0l+,planner,300,292,0.9733,8.603,0.7092,26.875,0,1.423,1.51,40.94,1.813,2.99,0.67,0.217,0.38,0.037,1.477,1.287,0.193,1.947,0,1,0.003,0.42,0,,,,,,,,,,,,
stored-night,5,smoke-screen+sluice-jam,w-h0l+,forecast-aware,300,246,0.82,10.143,0.8113,15.556,0,1.61,1.847,50.073,1.197,4.32,2.603,0,0.77,1.11,1.733,1.577,0.357,2.707,0,1,0.12,0.49,0,,,,,,,,,,,,
stored-night,5,smoke-screen+sluice-jam,w-h0l+,planner-one-mistake,300,290,0.9667,8.92,0.7345,30.1,0,1.5,1.68,46.32,1.743,1.46,0.85,0.24,0.353,0.167,1.57,1.337,0.24,2.477,0,1,0.007,0.493,0,292,300,292,285,0,0,41,92,0.976,3.505,1,0
stored-night,5,smoke-screen+sluice-jam,w-h+l-,random,300,5,0.0167,11.977,0.8833,72.892,0,0.65,3.647,78.133,2.593,16.91,0.687,2.237,0.307,0.307,1.02,0.853,0.27,1.37,0,0.36,0.007,0.283,0,,,,,,,,,,,,
stored-night,5,smoke-screen+sluice-jam,w-h+l-,single-water,300,0,0,12,,76.187,0,0.02,4,81.087,3,14.397,0,0,0,0,1,1,0,0,0,0.01,0,0.01,0,,,,,,,,,,,,
stored-night,5,smoke-screen+sluice-jam,w-h+l-,legacy-cycle,300,11,0.0367,11.98,0.9545,52.512,0,1.937,4.023,107.91,2.507,26.497,0,0,0,0,1.977,1.833,0.15,3.673,0,0.987,0,0.95,0,,,,,,,,,,,,
stored-night,5,smoke-screen+sluice-jam,w-h+l-,greedy,300,270,0.9,9.097,0.7312,10.367,0,1.487,1.417,41.393,1.97,2.977,1.033,0.31,0.7,0.013,1.48,1.307,0.177,1.453,0,1,0,0.487,0,,,,,,,,,,,,
stored-night,5,smoke-screen+sluice-jam,w-h+l-,planner,300,288,0.96,8.917,0.7323,29.75,0,1.5,1.557,44.407,1.757,2.617,0.823,0.267,0.513,0.043,1.57,1.347,0.223,2.047,0,1,0,0.5,0,,,,,,,,,,,,
stored-night,5,smoke-screen+sluice-jam,w-h+l-,forecast-aware,300,232,0.7733,10.23,0.8093,19.897,0,1.623,1.903,51.4,1.203,4.033,2.61,0,0.777,1.13,1.757,1.617,0.353,2.727,0,1,0.13,0.493,0,,,,,,,,,,,,
stored-night,5,smoke-screen+sluice-jam,w-h+l-,planner-one-mistake,300,273,0.91,8.98,0.7234,29.704,0,1.477,1.607,44.467,1.817,2.47,0.897,0.323,0.457,0.18,1.56,1.373,0.2,1.983,0,1,0.007,0.47,0,288,300,288,266,0,0,41,41,0.9236,3.3808,1,0
stored-night,5,smoke-screen+sluice-jam,w-h+l0,random,300,6,0.02,11.977,0.9028,71.66,0,0.747,3.653,80.307,2.587,17.297,0.673,2.243,0.303,0.303,1.023,0.853,0.27,1.37,0,0.403,0.007,0.337,0,,,,,,,,,,,,
stored-night,5,smoke-screen+sluice-jam,w-h+l0,single-water,300,0,0,12,,76.187,0,0.02,4,81.087,3,14.397,0,0,0,0,1,1,0,0,0,0.01,0,0.01,0,,,,,,,,,,,,
stored-night,5,smoke-screen+sluice-jam,w-h+l0,legacy-cycle,300,11,0.0367,11.96,0.9091,48.664,0,1.957,4.023,108.45,2.543,26.923,0,0,0,0,1.973,1.833,0.147,3.667,0,0.997,0,0.96,0,,,,,,,,,,,,
stored-night,5,smoke-screen+sluice-jam,w-h+l0,greedy,300,289,0.9633,8.877,0.7298,8.091,0,1.47,1.44,41.06,1.847,1.933,0.937,0.253,0.583,0.01,1.387,1.237,0.15,1.4,0,1,0,0.47,0,,,,,,,,,,,,
stored-night,5,smoke-screen+sluice-jam,w-h+l0,planner,300,295,0.9833,8.89,0.7364,33,0,1.537,1.56,45.347,1.65,2.567,0.837,0.243,0.52,0.027,1.533,1.383,0.153,2.117,0,1,0.003,0.533,0,,,,,,,,,,,,
stored-night,5,smoke-screen+sluice-jam,w-h+l0,forecast-aware,300,247,0.8233,10.017,0.7993,17.585,0,1.603,1.833,49.447,1.163,4.163,2.573,0,0.73,1.11,1.727,1.577,0.357,2.653,0,1,0.127,0.477,0,,,,,,,,,,,,
stored-night,5,smoke-screen+sluice-jam,w-h+l0,planner-one-mistake,300,275,0.9167,9.137,0.7397,30.8,0,1.527,1.683,47.467,1.653,2.063,1.133,0.34,0.44,0.327,1.533,1.363,0.173,2.13,0,1,0.003,0.523,0,295,300,295,273,0,0,33,98,0.9254,4.0225,1,0
stored-night,5,smoke-screen+sluice-jam,w-h+l+,random,300,8,0.0267,11.973,0.9167,70.041,0,0.833,3.647,81.487,2.563,17.3,0.68,2.237,0.3,0.303,1.023,0.85,0.267,1.37,0,0.457,0.007,0.37,0,,,,,,,,,,,,
stored-night,5,smoke-screen+sluice-jam,w-h+l+,single-water,300,0,0,12,,76.187,0,0.02,4,81.087,3,14.397,0,0,0,0,1,1,0,0,0,0.01,0,0.01,0,,,,,,,,,,,,
stored-night,5,smoke-screen+sluice-jam,w-h+l+,legacy-cycle,300,17,0.0567,11.933,0.902,47.615,0,1.94,4.013,108.197,2.73,29.453,0,0,0,0,1.973,1.823,0.16,3.653,0,1,0,0.94,0,,,,,,,,,,,,
stored-night,5,smoke-screen+sluice-jam,w-h+l+,greedy,300,295,0.9833,8.69,0.7195,8.4,0,1.487,1.467,42.067,1.553,2.027,0.923,0.22,0.54,0.01,1.43,1.193,0.237,1.487,0,1,0,0.487,0,,,,,,,,,,,,
stored-night,5,smoke-screen+sluice-jam,w-h+l+,planner,300,296,0.9867,8.673,0.719,26.75,0,1.533,1.66,46.867,1.387,1.717,0.81,0.23,0.42,0.023,1.547,1.297,0.26,1.873,0,1,0.01,0.523,0,,,,,,,,,,,,
stored-night,5,smoke-screen+sluice-jam,w-h+l+,forecast-aware,300,263,0.8767,9.977,0.8077,15.297,0,1.63,1.833,50.32,1.1,4.09,2.57,0,0.747,1.087,1.693,1.573,0.317,2.643,0,1,0.12,0.51,0,,,,,,,,,,,,
stored-night,5,smoke-screen+sluice-jam,w-h+l+,planner-one-mistake,300,288,0.96,8.84,0.7257,30.583,0,1.547,1.71,48.227,1.42,1.267,0.907,0.21,0.397,0.163,1.54,1.303,0.24,2.26,0,1,0.007,0.54,0,296,300,296,286,0,0,40,46,0.9662,3.2308,1,0
stored-night,5,smoke-screen+sluice-jam,w0h-l-,random,300,6,0.02,11.973,0.8889,73.701,0,0.553,3.643,75.96,2.613,16.483,0.673,2.247,0.31,0.307,1.02,0.853,0.27,1.373,0,0.323,0.003,0.227,0,,,,,,,,,,,,
stored-night,5,smoke-screen+sluice-jam,w0h-l-,single-water,300,0,0,12,,69.317,0,0.3,4,85.267,2.997,14.73,0,0,0,0,1,1,0,0,0,0.18,0,0.12,0,,,,,,,,,,,,
stored-night,5,smoke-screen+sluice-jam,w0h-l-,legacy-cycle,300,6,0.02,11.993,0.9722,57.959,0,1.95,4.04,108.553,2.673,27.837,0,0,0,0,1.973,1.83,0.173,3.687,0,0.987,0,0.963,0,,,,,,,,,,,,
stored-night,5,smoke-screen+sluice-jam,w0h-l-,greedy,300,264,0.88,9.22,0.7367,14.333,0,1.46,1.403,40.3,2.22,4.127,1.037,0.203,0.633,0.06,1.587,1.33,0.257,1.603,0,1,0,0.46,0,,,,,,,,,,,,
stored-night,5,smoke-screen+sluice-jam,w0h-l-,planner,300,280,0.9333,8.873,0.7208,27,0,1.43,1.393,39.153,2.09,4.563,0.787,0.22,0.56,0.033,1.547,1.233,0.313,2.333,0,1,0,0.43,0,,,,,,,,,,,,
stored-night,5,smoke-screen+sluice-jam,w0h-l-,forecast-aware,300,215,0.7167,10.47,0.8221,18.929,0,1.647,1.95,52.88,1.3,4.433,2.713,0,0.813,1.153,1.757,1.653,0.323,2.817,0,1,0.137,0.51,0,,,,,,,,,,,,
stored-night,5,smoke-screen+sluice-jam,w0h-l-,planner-one-mistake,300,253,0.8433,9.407,0.7437,31.957,0,1.503,1.603,45.707,2.177,4.147,1.047,0.26,0.56,0.173,1.647,1.367,0.287,2.31,0,1,0.003,0.5,0,280,300,280,242,0,0,55,60,0.8643,3.2542,0.75,0
stored-night,5,smoke-screen+sluice-jam,w0h-l0,random,300,5,0.0167,11.983,0.9167,72.214,0,0.693,3.643,78.533,2.587,16.637,0.69,2.237,0.31,0.303,1.02,0.853,0.27,1.373,0,0.39,0.003,0.3,0,,,,,,,,,,,,
stored-night,5,smoke-screen+sluice-jam,w0h-l0,single-water,300,0,0,12,,69.317,0,0.3,4,85.267,2.997,14.73,0,0,0,0,1,1,0,0,0,0.18,0,0.12,0,,,,,,,,,,,,
stored-night,5,smoke-screen+sluice-jam,w0h-l0,legacy-cycle,300,11,0.0367,11.977,0.947,51.118,0,1.957,4.023,108.17,2.463,25.87,0,0,0,0,1.973,1.833,0.153,3.67,0,0.997,0,0.96,0,,,,,,,,,,,,
stored-night,5,smoke-screen+sluice-jam,w0h-l0,greedy,300,288,0.96,8.873,0.7286,13.667,0,1.4,1.347,37.147,2.19,3.547,0.863,0.213,0.52,0.023,1.453,1.173,0.277,1.72,0,1,0,0.4,0,,,,,,,,,,,,
stored-night,5,smoke-screen+sluice-jam,w0h-l0,planner,300,292,0.9733,9.187,0.7591,28.625,0,1.56,1.557,46.007,1.94,4.03,0.847,0.19,0.583,0.03,1.637,1.35,0.277,2.663,0,1,0.003,0.557,0,,,,,,,,,,,,
stored-night,5,smoke-screen+sluice-jam,w0h-l0,forecast-aware,300,238,0.7933,10.263,0.8176,18.274,0,1.607,1.877,50.447,1.233,4.49,2.653,0,0.777,1.15,1.727,1.6,0.337,2.74,0,1,0.127,0.48,0,,,,,,,,,,,,
stored-night,5,smoke-screen+sluice-jam,w0h-l0,planner-one-mistake,300,268,0.8933,9.25,0.7435,30.75,0,1.497,1.537,44.08,2.05,4.11,1.047,0.257,0.57,0.2,1.66,1.35,0.313,2.323,0,1,0.003,0.493,0,292,300,292,262,0,0,53,84,0.8973,3.62,1,0
stored-night,5,smoke-screen+sluice-jam,w0h-l+,random,300,8,0.0267,11.977,0.9271,71.37,0,0.757,3.643,80.067,2.577,16.91,0.687,2.237,0.307,0.3,1.027,0.86,0.267,1.373,0,0.413,0.003,0.34,0,,,,,,,,,,,,
stored-night,5,smoke-screen+sluice-jam,w0h-l+,single-water,300,0,0,12,,69.317,0,0.3,4,85.267,2.997,14.73,0,0,0,0,1,1,0,0,0,0.18,0,0.12,0,,,,,,,,,,,,
stored-night,5,smoke-screen+sluice-jam,w0h-l+,legacy-cycle,300,15,0.05,11.953,0.9222,48.007,0,1.943,4.007,107.743,2.54,26.783,0,0,0,0,1.97,1.83,0.157,3.66,0,0.997,0,0.947,0,,,,,,,,,,,,
stored-night,5,smoke-screen+sluice-jam,w0h-l+,greedy,300,293,0.9767,8.713,0.7196,11.143,0,1.41,1.333,37.12,2.017,2.777,0.86,0.22,0.54,0.02,1.397,1.123,0.27,1.667,0,1,0,0.41,0,,,,,,,,,,,,
stored-night,5,smoke-screen+sluice-jam,w0h-l+,planner,300,298,0.9933,8.85,0.7357,29,0,1.493,1.543,43.567,1.787,3.513,0.76,0.17,0.45,0.037,1.52,1.14,0.377,2.767,0,1,0.003,0.49,0,,,,,,,,,,,,
stored-night,5,smoke-screen+sluice-jam,w0h-l+,forecast-aware,300,241,0.8033,10.193,0.8126,15.644,0,1.627,1.897,51.707,1.217,4.61,2.603,0,0.773,1.123,1.7,1.587,0.313,2.71,0,1,0.117,0.51,0,,,,,,,,,,,,
stored-night,5,smoke-screen+sluice-jam,w0h-l+,planner-one-mistake,300,282,0.94,8.983,0.7326,31.611,0,1.457,1.543,42.673,1.877,3.463,1.037,0.327,0.417,0.317,1.523,1.177,0.34,2.3,0,1,0.003,0.453,0,298,300,298,280,0,0,42,143,0.9396,4.0058,1,0
stored-night,5,smoke-screen+sluice-jam,w0h0l-,random,300,8,0.0267,11.963,0.8854,73.048,0,0.653,3.643,78.193,2.59,16.75,0.677,2.24,0.3,0.303,1.017,0.847,0.27,1.37,0,0.367,0.003,0.283,0,,,,,,,,,,,,
stored-night,5,smoke-screen+sluice-jam,w0h0l-,single-water,300,0,0,12,,69.317,0,0.3,4,85.267,2.997,14.73,0,0,0,0,1,1,0,0,0,0.18,0,0.12,0,,,,,,,,,,,,
stored-night,5,smoke-screen+sluice-jam,w0h0l-,legacy-cycle,300,10,0.0333,11.973,0.9333,51.01,0,1.96,4.027,108.32,2.46,26,0,0,0,0,1.973,1.833,0.143,3.67,0,0.997,0,0.963,0,,,,,,,,,,,,
stored-night,5,smoke-screen+sluice-jam,w0h0l-,greedy,300,281,0.9367,8.697,0.7061,11.263,0,1.37,1.23,34.127,2.077,3.587,0.923,0.27,0.593,0.057,1.487,1.26,0.227,1.41,0,1,0,0.37,0,,,,,,,,,,,,
stored-night,5,smoke-screen+sluice-jam,w0h0l-,planner,300,295,0.9833,8.563,0.7088,31.8,0,1.407,1.433,38.813,1.923,2.57,0.647,0.273,0.4,0.03,1.587,1.297,0.297,2.347,0,1,0.003,0.403,0,,,,,,,,,,,,
stored-night,5,smoke-screen+sluice-jam,w0h0l-,forecast-aware,300,242,0.8067,10.097,0.8034,19.448,0,1.583,1.837,48.7,1.213,4.35,2.597,0,0.737,1.14,1.723,1.59,0.353,2.7,0,1,0.137,0.447,0,,,,,,,,,,,,
stored-night,5,smoke-screen+sluice-jam,w0h0l-,planner-one-mistake,300,278,0.9267,8.887,0.72,29.909,0,1.417,1.477,40.28,2.063,3.267,0.907,0.307,0.427,0.23,1.607,1.29,0.32,1.93,0,1,0.003,0.413,0,295,300,295,276,0,0,55,94,0.9356,3.615,0.75,0
stored-night,5,smoke-screen+sluice-jam,w0h0l0,random,300,6,0.02,11.97,0.875,71.782,0,0.79,3.653,81.1,2.573,17.01,0.667,2.25,0.3,0.3,1.02,0.85,0.263,1.37,0,0.423,0.003,0.363,0,,,,,,,,,,,,
stored-night,5,smoke-screen+sluice-jam,w0h0l0,single-water,300,0,0,12,,69.317,0,0.3,4,85.267,2.997,14.73,0,0,0,0,1,1,0,0,0,0.18,0,0.12,0,,,,,,,,,,,,
stored-night,5,smoke-screen+sluice-jam,w0h0l0,legacy-cycle,300,17,0.0567,11.943,0.9167,47.625,0,1.937,4,107.417,2.537,27.003,0,0,0,0,1.97,1.83,0.147,3.657,0,0.997,0,0.94,0,,,,,,,,,,,,
stored-night,5,smoke-screen+sluice-jam,w0h0l0,greedy,300,290,0.9667,8.487,0.6971,9.9,0,1.353,1.283,34.56,1.983,2.7,0.79,0.24,0.483,0.02,1.437,1.217,0.22,1.52,0,1,0,0.353,0,,,,,,,,,,,,
stored-night,5,smoke-screen+sluice-jam,w0h0l0,planner,300,297,0.99,8.643,0.7175,38.667,0,1.473,1.54,42.9,1.777,2.707,0.69,0.21,0.417,0.03,1.587,1.28,0.31,2.553,0,1,0.003,0.47,0,,,,,,,,,,,,
stored-night,5,smoke-screen+sluice-jam,w0h0l0,forecast-aware,300,251,0.8367,10.003,0.8011,16.49,0,1.603,1.827,49.307,1.167,4.323,2.56,0,0.753,1.097,1.697,1.587,0.32,2.663,0,1,0.127,0.477,0,,,,,,,,,,,,
stored-night,5,smoke-screen+sluice-jam,w0h0l0,planner-one-mistake,300,285,0.95,8.683,0.7091,28.467,0,1.4,1.437,38.92,1.927,3.35,0.857,0.287,0.41,0.223,1.547,1.223,0.323,2.09,0,1,0.003,0.397,0,297,300,297,284,0,0,55,94,0.9562,3.2717,1,0
stored-night,5,smoke-screen+sluice-jam,w0h0l+,random,300,9,0.03,11.967,0.9074,70.096,0,0.853,3.64,81.853,2.563,17.25,0.677,2.243,0.307,0.3,1.023,0.85,0.263,1.37,0,0.46,0.003,0.39,0,,,,,,,,,,,,
stored-night,5,smoke-screen+sluice-jam,w0h0l+,single-water,300,0,0,12,,69.317,0,0.3,4,85.267,2.997,14.73,0,0,0,0,1,1,0,0,0,0.18,0,0.12,0,,,,,,,,,,,,
stored-night,5,smoke-screen+sluice-jam,w0h0l+,legacy-cycle,300,19,0.0633,11.923,0.8991,46.16,0,1.933,4,107.67,2.707,29.257,0,0,0,0,1.963,1.82,0.153,3.643,0,1,0,0.933,0,,,,,,,,,,,,
stored-night,5,smoke-screen+sluice-jam,w0h0l+,greedy,300,296,0.9867,8.37,0.6934,5.5,0,1.38,1.29,35.38,1.757,2.363,0.833,0.193,0.49,0.02,1.41,1.137,0.27,1.637,0,1,0,0.38,0,,,,,,,,,,,,
stored-night,5,smoke-screen+sluice-jam,w0h0l+,planner,300,297,0.99,8.547,0.7093,30,0,1.5,1.61,45.013,1.5,1.73,0.717,0.213,0.373,0.027,1.523,1.147,0.38,2.64,0,1,0.003,0.497,0,,,,,,,,,,,,
stored-night,5,smoke-screen+sluice-jam,w0h0l+,forecast-aware,300,254,0.8467,9.853,0.7887,13.196,0,1.61,1.82,49.513,1.127,4.447,2.523,0,0.713,1.09,1.673,1.553,0.32,2.65,0,1,0.12,0.49,0,,,,,,,,,,,,
stored-night,5,smoke-screen+sluice-jam,w0h0l+,planner-one-mistake,300,291,0.97,8.887,0.7325,28.111,0,1.47,1.537,42.767,1.627,2.413,1.17,0.377,0.417,0.407,1.527,1.29,0.24,2.303,0,1,0.003,0.467,0,297,300,297,289,0,0,42,164,0.9731,4.5675,1,0
stored-night,5,smoke-screen+sluice-jam,w0h+l-,random,300,8,0.0267,11.97,0.9063,72.003,0,0.747,3.653,80.33,2.583,16.967,0.67,2.247,0.293,0.307,1.02,0.85,0.267,1.37,0,0.407,0.003,0.337,0,,,,,,,,,,,,
stored-night,5,smoke-screen+sluice-jam,w0h+l-,single-water,300,0,0,12,,69.317,0,0.3,4,85.267,2.997,14.73,0,0,0,0,1,1,0,0,0,0.18,0,0.12,0,,,,,,,,,,,,
stored-night,5,smoke-screen+sluice-jam,w0h+l-,legacy-cycle,300,17,0.0567,11.937,0.9069,47.905,0,1.937,4.007,107.577,2.54,27.14,0,0,0,0,1.97,1.823,0.153,3.653,0,0.997,0,0.94,0,,,,,,,,,,,,
stored-night,5,smoke-screen+sluice-jam,w0h+l-,greedy,300,284,0.9467,8.81,0.7192,8.813,0,1.453,1.343,38.84,1.787,3.19,1.017,0.27,0.65,0.06,1.437,1.29,0.15,1.37,0,1,0,0.453,0,,,,,,,,,,,,
stored-night,5,smoke-screen+sluice-jam,w0h+l-,planner,300,293,0.9767,8.74,0.7218,29.857,0,1.503,1.543,44.153,1.613,2.71,0.783,0.287,0.493,0.04,1.557,1.337,0.22,2.08,0,1,0,0.503,0,,,,,,,,,,,,
stored-night,5,smoke-screen+sluice-jam,w0h+l-,forecast-aware,300,249,0.83,9.893,0.7885,16.608,0,1.593,1.807,48.453,1.157,4.133,2.533,0,0.713,1.1,1.69,1.58,0.323,2.62,0,1,0.133,0.46,0,,,,,,,,,,,,
stored-night,5,smoke-screen+sluice-jam,w0h+l-,planner-one-mistake,300,286,0.9533,8.823,0.7223,29.429,0,1.483,1.573,43.86,1.633,2.243,0.94,0.273,0.463,0.173,1.587,1.367,0.237,2.11,0,1,0.007,0.477,0,293,300,293,282,0,0,43,49,0.9625,3.4758,0.75,0
stored-night,5,smoke-screen+sluice-jam,w0h+l0,random,300,10,0.0333,11.973,0.9333,70.01,0,0.833,3.643,81.737,2.583,17.33,0.677,2.243,0.303,0.303,1.023,0.85,0.263,1.37,0,0.45,0.003,0.38,0,,,,,,,,,,,,
stored-night,5,smoke-screen+sluice-jam,w0h+l0,single-water,300,0,0,12,,69.317,0,0.3,4,85.267,2.997,14.73,0,0,0,0,1,1,0,0,0,0.18,0,0.12,0,,,,,,,,,,,,
stored-night,5,smoke-screen+sluice-jam,w0h+l0,legacy-cycle,300,23,0.0767,11.903,0.8949,46.152,0,1.92,3.997,107.27,2.703,29.437,0,0,0,0,1.963,1.817,0.157,3.637,0,1,0,0.92,0,,,,,,,,,,,,
stored-night,5,smoke-screen+sluice-jam,w0h+l0,greedy,300,291,0.97,8.687,0.7153,9.111,0,1.46,1.443,40.86,1.697,2.317,0.893,0.23,0.537,0.02,1.387,1.243,0.143,1.353,0,1,0,0.46,0,,,,,,,,,,,,
stored-night,5,smoke-screen+sluice-jam,w0h+l0,planner,300,297,0.99,8.66,0.7189,31.667,0,1.533,1.56,45.273,1.463,2.593,0.803,0.25,0.5,0.023,1.527,1.27,0.257,2.147,0,1,0,0.533,0,,,,,,,,,,,,
stored-night,5,smoke-screen+sluice-jam,w0h+l0,forecast-aware,300,259,0.8633,9.84,0.7915,13.268,0,1.627,1.803,49.26,1.103,4.29,2.537,0,0.713,1.077,1.653,1.55,0.317,2.63,0,1,0.133,0.493,0,,,,,,,,,,,,
stored-night,5,smoke-screen+sluice-jam,w0h+l0,planner-one-mistake,300,290,0.9667,8.633,0.7098,27.7,0,1.473,1.547,43.073,1.493,1.843,0.9,0.237,0.423,0.17,1.513,1.307,0.21,2.117,0,1,0.003,0.47,0,297,300,297,288,0,0,43,49,0.9697,3.1825,1,0
stored-night,5,smoke-screen+sluice-jam,w0h+l+,random,300,16,0.0533,11.923,0.8802,68.87,0,0.9,3.607,81.69,2.55,17.32,0.673,2.237,0.3,0.3,1.023,0.837,0.277,1.367,0,0.503,0.003,0.393,0,,,,,,,,,,,,
stored-night,5,smoke-screen+sluice-jam,w0h+l+,single-water,300,0,0,12,,69.317,0,0.3,4,85.267,2.997,14.73,0,0,0,0,1,1,0,0,0,0.18,0,0.12,0,,,,,,,,,,,,
stored-night,5,smoke-screen+sluice-jam,w0h+l+,legacy-cycle,300,51,0.17,11.637,0.8219,44.514,0,1.83,3.847,101.61,2.657,29.33,0,0,0,0,1.95,1.74,0.22,3.51,0,1,0,0.83,0,,,,,,,,,,,,
stored-night,5,smoke-screen+sluice-jam,w0h+l+,greedy,300,296,0.9867,8.453,0.7005,8.25,0,1.45,1.43,40.3,1.493,2.277,0.89,0.197,0.507,0.017,1.423,1.177,0.247,1.447,0,1,0,0.45,0,,,,,,,,,,,,
stored-night,5,smoke-screen+sluice-jam,w0h+l+,planner,300,299,0.9967,8.323,0.6926,30,0,1.487,1.6,44.527,1.28,1.633,0.707,0.25,0.353,0.027,1.493,1.223,0.27,2.2,0,1,0,0.487,0,,,,,,,,,,,,
stored-night,5,smoke-screen+sluice-jam,w0h+l+,forecast-aware,300,269,0.8967,9.71,0.7872,11.065,0,1.65,1.79,49.607,0.997,4.007,2.483,0,0.723,1.027,1.623,1.52,0.297,2.587,0,1,0.133,0.517,0,,,,,,,,,,,,
stored-night,5,smoke-screen+sluice-jam,w0h+l+,planner-one-mistake,300,294,0.98,8.46,0.699,30.333,0,1.443,1.527,41.733,1.253,1.58,1.087,0.293,0.377,0.347,1.437,1.22,0.22,2.383,0,1,0.003,0.44,0,299,300,299,293,0,0,35,116,0.9799,4.2042,1,0
stored-night,5,smoke-screen+sluice-jam,w+h-l-,random,300,8,0.0267,11.977,0.9271,72.89,0,0.627,3.637,77.25,2.607,16.503,0.673,2.247,0.317,0.303,1.02,0.853,0.27,1.373,0,0.353,0.003,0.27,0,,,,,,,,,,,,
stored-night,5,smoke-screen+sluice-jam,w+h-l-,single-water,300,0,0,12,,65.867,0,0.737,4,90.96,2.973,15.063,0,0,0,0,1,1,0,0,0,0.42,0,0.317,0,,,,,,,,,,,,
stored-night,5,smoke-screen+sluice-jam,w+h-l-,legacy-cycle,300,12,0.04,11.973,0.9444,52.84,0,1.933,4.02,107.687,2.52,26.94,0,0,0,0,1.97,1.83,0.163,3.67,0,0.987,0,0.947,0,,,,,,,,,,,,
stored-night,5,smoke-screen+sluice-jam,w+h-l-,greedy,300,280,0.9333,8.773,0.7119,15.9,0,1.387,1.287,35.767,2.12,4.13,0.947,0.197,0.6,0.06,1.487,1.223,0.263,1.533,0,1,0,0.387,0,,,,,,,,,,,,
stored-night,5,smoke-screen+sluice-jam,w+h-l-,planner,300,288,0.96,8.533,0.6991,26.417,0,1.387,1.313,36.273,2.02,4.5,0.7,0.22,0.5,0.03,1.5,1.15,0.35,2.21,0,1,0,0.387,0,,,,,,,,,,,,
stored-night,5,smoke-screen+sluice-jam,w+h-l-,forecast-aware,300,235,0.7833,10.087,0.7965,19.185,0,1.58,1.823,48.147,1.227,4.523,2.61,0,0.727,1.133,1.71,1.587,0.35,2.723,0,1,0.143,0.437,0,,,,,,,,,,,,
stored-night,5,smoke-screen+sluice-jam,w+h-l-,planner-one-mistake,300,268,0.8933,8.943,0.7149,30.719,0,1.42,1.45,40.18,2.063,4.263,0.94,0.273,0.5,0.173,1.573,1.227,0.347,2.233,0,1,0,0.42,0,288,300,288,262,0,0,55,60,0.9097,3.7608,0.75,0
stored-night,5,smoke-screen+sluice-jam,w+h-l0,random,300,7,0.0233,11.977,0.9167,71.164,0,0.76,3.637,79.607,2.58,16.763,0.683,2.24,0.317,0.297,1.023,0.857,0.267,1.373,0,0.417,0.003,0.34,0,,,,,,,,,,,,
stored-night,5,smoke-screen+sluice-jam,w+h-l0,single-water,300,0,0,12,,65.867,0,0.737,4,90.96,2.973,15.063,0,0,0,0,1,1,0,0,0,0.42,0,0.317,0,,,,,,,,,,,,
stored-night,5,smoke-screen+sluice-jam,w+h-l0,legacy-cycle,300,15,0.05,11.95,0.9167,47.214,0,1.943,4.007,107.453,2.427,25.813,0,0,0,0,1.97,1.83,0.147,3.657,0,0.997,0,0.947,0,,,,,,,,,,,,
stored-night,5,smoke-screen+sluice-jam,w+h-l0,greedy,300,292,0.9733,8.437,0.6949,15.125,0,1.33,1.263,33.48,2.09,3.48,0.72,0.227,0.467,0.023,1.36,1.08,0.273,1.647,0,1,0,0.33,0,,,,,,,,,,,,
stored-night,5,smoke-screen+sluice-jam,w+h-l0,planner,300,296,0.9867,8.947,0.7421,29.25,0,1.543,1.507,44.453,1.863,4.127,0.82,0.193,0.59,0.03,1.563,1.297,0.26,2.493,0,1,0.003,0.54,0,,,,,,,,,,,,
stored-night,5,smoke-screen+sluice-jam,w+h-l0,forecast-aware,300,244,0.8133,10.107,0.806,15.768,0,1.613,1.867,50.34,1.2,4.553,2.59,0,0.753,1.127,1.687,1.597,0.303,2.707,0,1,0.13,0.483,0,,,,,,,,,,,,
stored-night,5,smoke-screen+sluice-jam,w+h-l0,planner-one-mistake,300,278,0.9267,8.98,0.7284,29.682,0,1.45,1.447,40.94,1.967,4.207,1.013,0.263,0.557,0.2,1.553,1.27,0.287,2.243,0,1,0,0.45,0,296,300,296,274,0,0,53,84,0.9257,4.1267,1,0
stored-night,5,smoke-screen+sluice-jam,w+h-l+,random,300,10,0.0333,11.97,0.925,69.886,0,0.81,3.64,80.787,2.56,16.903,0.67,2.25,0.307,0.297,1.023,0.857,0.263,1.37,0,0.443,0.003,0.363,0,,,,,,,,,,,,
stored-night,5,smoke-screen+sluice-jam,w+h-l+,single-water,300,0,0,12,,65.867,0,0.737,4,90.96,2.973,15.063,0,0,0,0,1,1,0,0,0,0.42,0,0.317,0,,,,,,,,,,,,
stored-night,5,smoke-screen+sluice-jam,w+h-l+,legacy-cycle,300,21,0.07,11.92,0.9048,44.699,0,1.927,3.99,106.867,2.527,27.067,0,0,0,0,1.957,1.827,0.147,3.64,0,1,0,0.927,0,,,,,,,,,,,,
stored-night,5,smoke-screen+sluice-jam,w+h-l+,greedy,300,296,0.9867,8.637,0.7159,9.5,0,1.437,1.377,38.753,1.797,2.903,0.897,0.213,0.55,0.023,1.41,1.107,0.297,1.67,0,1,0,0.437,0,,,,,,,,,,,,
stored-night,5,smoke-screen+sluice-jam,w+h-l+,planner,300,300,1,8.593,0.7161,,0,1.503,1.533,43.533,1.527,2.967,0.727,0.18,0.46,0.027,1.43,1.06,0.367,2.637,0,1,0.003,0.5,0,,,,,,,,,,,,
stored-night,5,smoke-screen+sluice-jam,w+h-l+,forecast-aware,300,246,0.82,9.96,0.7927,13.87,0,1.617,1.86,50.573,1.177,4.7,2.543,0,0.727,1.117,1.683,1.55,0.337,2.673,0,1,0.12,0.497,0,,,,,,,,,,,,
stored-night,5,smoke-screen+sluice-jam,w+h-l+,planner-one-mistake,300,292,0.9733,8.703,0.7178,24.5,0,1.403,1.453,39.267,1.787,3.763,0.96,0.317,0.407,0.263,1.433,1.073,0.357,2.183,0,1,0.003,0.4,0,300,300,300,292,0,0,45,103,0.9733,3.8992,1,0
stored-night,5,smoke-screen+sluice-jam,w+h0l-,random,300,8,0.0267,11.98,0.9375,71.884,0,0.72,3.65,79.927,2.59,16.733,0.67,2.253,0.307,0.3,1.017,0.85,0.263,1.37,0,0.383,0.003,0.333,0,,,,,,,,,,,,
stored-night,5,smoke-screen+sluice-jam,w+h0l-,single-water,300,0,0,12,,65.867,0,0.737,4,90.96,2.973,15.063,0,0,0,0,1,1,0,0,0,0.42,0,0.317,0,,,,,,,,,,,,
stored-night,5,smoke-screen+sluice-jam,w+h0l-,legacy-cycle,300,16,0.0533,11.947,0.9167,47.208,0,1.94,4.003,107.287,2.427,25.973,0,0,0,0,1.97,1.83,0.14,3.657,0,0.997,0,0.943,0,,,,,,,,,,,,
stored-night,5,smoke-screen+sluice-jam,w+h0l-,greedy,300,288,0.96,8.497,0.6959,17.167,0,1.357,1.237,33.92,1.91,3.887,0.917,0.273,0.567,0.06,1.44,1.21,0.23,1.373,0,1,0,0.357,0,,,,,,,,,,,,
stored-night,5,smoke-screen+sluice-jam,w+h0l-,planner,300,295,0.9833,8.5,0.7034,28.8,0,1.44,1.483,40.753,1.72,2.39,0.663,0.307,0.42,0.03,1.53,1.273,0.26,2.267,0,1,0.003,0.437,0,,,,,,,,,,,,
stored-night,5,smoke-screen+sluice-jam,w+h0l-,forecast-aware,300,251,0.8367,9.933,0.7942,16.918,0,1.58,1.817,48.42,1.177,4.393,2.55,0,0.717,1.117,1.66,1.547,0.323,2.653,0,1,0.127,0.453,0,,,,,,,,,,,,
stored-night,5,smoke-screen+sluice-jam,w+h0l-,planner-one-mistake,300,286,0.9533,8.597,0.7025,31.143,0,1.37,1.393,37.153,1.947,3.31,0.843,0.297,0.407,0.203,1.55,1.203,0.347,2.02,0,1,0.003,0.367,0,295,300,295,283,0,0,56,84,0.9593,3.8117,0.75,0
stored-night,5,smoke-screen+sluice-jam,w+h0l0,random,300,10,0.0333,11.97,0.925,70.224,0,0.83,3.64,81.343,2.573,17.093,0.677,2.243,0.31,0.303,1.023,0.853,0.257,1.37,0,0.45,0.003,0.377,0,,,,,,,,,,,,
stored-night,5,smoke-screen+sluice-jam,w+h0l0,single-water,300,0,0,12,,65.867,0,0.737,4,90.96,2.973,15.063,0,0,0,0,1,1,0,0,0,0.42,0,0.317,0,,,,,,,,,,,,
stored-night,5,smoke-screen+sluice-jam,w+h0l0,legacy-cycle,300,25,0.0833,11.897,0.8967,44.396,0,1.91,3.977,106.22,2.523,27.273,0,0,0,0,1.957,1.823,0.14,3.63,0,0.997,0,0.913,0,,,,,,,,,,,,
stored-night,5,smoke-screen+sluice-jam,w+h0l0,greedy,300,293,0.9767,8.373,0.6906,12,0,1.37,1.327,35.96,1.783,2.933,0.77,0.22,0.48,0.023,1.413,1.167,0.247,1.533,0,1,0,0.37,0,,,,,,,,,,,,
stored-night,5,smoke-screen+sluice-jam,w+h0l0,planner,300,298,0.9933,8.5,0.7064,23,0,1.49,1.53,43.067,1.48,2.257,0.707,0.247,0.437,0.023,1.5,1.213,0.287,2.48,0,1,0.003,0.487,0,,,,,,,,,,,,
stored-night,5,smoke-screen+sluice-jam,w+h0l0,forecast-aware,300,261,0.87,9.723,0.7819,13.513,0,1.573,1.757,47.04,1.11,4.387,2.483,0,0.703,1.07,1.63,1.523,0.313,2.567,0,1,0.123,0.45,0,,,,,,,,,,,,
stored-night,5,smoke-screen+sluice-jam,w+h0l0,planner-one-mistake,300,288,0.96,8.657,0.7098,28.167,0,1.43,1.477,40.533,1.747,3.34,0.863,0.26,0.427,0.197,1.553,1.197,0.35,2.11,0,1,0.003,0.427,0,298,300,298,287,0,0,56,84,0.9631,3.475,1,0
stored-night,5,smoke-screen+sluice-jam,w+h0l+,random,300,15,0.05,11.94,0.9,68.796,0,0.877,3.613,81.34,2.56,17.223,0.673,2.247,0.307,0.3,1.023,0.843,0.267,1.367,0,0.49,0.003,0.383,0,,,,,,,,,,,,
stored-night,5,smoke-screen+sluice-jam,w+h0l+,single-water,300,0,0,12,,65.867,0,0.737,4,90.96,2.973,15.063,0,0,0,0,1,1,0,0,0,0.42,0,0.317,0,,,,,,,,,,,,
stored-night,5,smoke-screen+sluice-jam,w+h0l+,legacy-cycle,300,35,0.1167,11.807,0.8619,44.358,0,1.88,3.953,105.34,2.707,29.58,0,0,0,0,1.953,1.793,0.17,3.59,0,1,0,0.88,0,,,,,,,,,,,,
stored-night,5,smoke-screen+sluice-jam,w+h0l+,greedy,300,296,0.9867,8.42,0.6976,5.75,0,1.44,1.38,38.927,1.503,2.667,0.88,0.203,0.503,0.02,1.38,1.093,0.283,1.657,0,1,0,0.44,0,,,,,,,,,,,,
stored-night,5,smoke-screen+sluice-jam,w+h0l+,planner,300,299,0.9967,8.453,0.7035,32,0,1.523,1.633,46.013,1.233,1.663,0.717,0.237,0.383,0.027,1.43,1.123,0.313,2.643,0,1,0.003,0.52,0,,,,,,,,,,,,
stored-night,5,smoke-screen+sluice-jam,w+h0l+,forecast-aware,300,261,0.87,9.693,0.7791,9.615,0,1.61,1.793,48.927,1.083,4.51,2.467,0,0.693,1.06,1.637,1.497,0.34,2.593,0,1,0.12,0.49,0,,,,,,,,,,,,
stored-night,5,smoke-screen+sluice-jam,w+h0l+,planner-one-mistake,300,294,0.98,8.613,0.712,25.833,0,1.453,1.503,41.547,1.437,1.993,1.07,0.33,0.387,0.327,1.477,1.167,0.317,2.18,0,1,0.003,0.45,0,299,300,299,294,0,0,46,125,0.9833,4.2125,1,0
stored-night,5,smoke-screen+sluice-jam,w+h+l-,random,300,14,0.0467,11.95,0.9107,71,0,0.803,3.623,80.413,2.587,17.03,0.67,2.243,0.303,0.297,1.02,0.847,0.263,1.367,0,0.44,0.003,0.36,0,,,,,,,,,,,,
stored-night,5,smoke-screen+sluice-jam,w+h+l-,single-water,300,0,0,12,,65.867,0,0.737,4,90.96,2.973,15.063,0,0,0,0,1,1,0,0,0,0.42,0,0.317,0,,,,,,,,,,,,
stored-night,5,smoke-screen+sluice-jam,w+h+l-,legacy-cycle,300,29,0.0967,11.873,0.8908,44.815,0,1.897,3.97,105.74,2.517,27.35,0,0,0,0,1.957,1.817,0.147,3.617,0,0.997,0,0.9,0,,,,,,,,,,,,
stored-night,5,smoke-screen+sluice-jam,w+h+l-,greedy,300,291,0.97,8.663,0.7133,8.556,0,1.453,1.343,38.82,1.68,3.477,1.007,0.26,0.623,0.057,1.463,1.277,0.183,1.29,0,1,0,0.453,0,,,,,,,,,,,,
stored-night,5,smoke-screen+sluice-jam,w+h+l-,planner,300,299,0.9967,8.587,0.7146,33,0,1.52,1.553,44.727,1.42,2.483,0.773,0.257,0.483,0.03,1.54,1.273,0.267,2.063,0,1,0,0.52,0,,,,,,,,,,,,
stored-night,5,smoke-screen+sluice-jam,w+h+l-,forecast-aware,300,265,0.8833,9.75,0.7877,14,0,1.61,1.773,48.187,1.1,4.177,2.51,0,0.71,1.077,1.63,1.543,0.297,2.57,0,1,0.13,0.48,0,,,,,,,,,,,,
stored-night,5,smoke-screen+sluice-jam,w+h+l-,planner-one-mistake,300,289,0.9633,8.513,0.6984,30.636,0,1.427,1.453,39.807,1.527,2.317,0.923,0.303,0.42,0.197,1.497,1.267,0.247,2.073,0,1,0.007,0.42,0,299,300,299,288,0,0,46,83,0.9632,4.3408,0.75,0
stored-night,5,smoke-screen+sluice-jam,w+h+l0,random,300,19,0.0633,11.9,0.8684,69.199,0,0.853,3.583,80.253,2.563,17.203,0.673,2.23,0.31,0.297,1.023,0.837,0.27,1.357,0,0.483,0.003,0.367,0,,,,,,,,,,,,
stored-night,5,smoke-screen+sluice-jam,w+h+l0,single-water,300,0,0,12,,65.867,0,0.737,4,90.96,2.973,15.063,0,0,0,0,1,1,0,0,0,0.42,0,0.317,0,,,,,,,,,,,,
stored-night,5,smoke-screen+sluice-jam,w+h+l0,legacy-cycle,300,53,0.1767,11.627,0.8239,45.016,0,1.823,3.833,101.107,2.657,29.45,0,0,0,0,1.947,1.733,0.223,3.5,0,1,0,0.823,0,,,,,,,,,,,,
stored-night,5,smoke-screen+sluice-jam,w+h+l0,greedy,300,295,0.9833,8.443,0.6986,8.6,0,1.43,1.397,39.04,1.613,2.527,0.867,0.233,0.513,0.02,1.387,1.193,0.193,1.33,0,1,0,0.43,0,,,,,,,,,,,,
stored-night,5,smoke-screen+sluice-jam,w+h+l0,planner,300,300,1,8.553,0.7128,,0,1.547,1.583,46.073,1.297,2.507,0.81,0.233,0.51,0.023,1.51,1.257,0.253,2.183,0,1,0,0.547,0,,,,,,,,,,,,
stored-night,5,smoke-screen+sluice-jam,w+h+l0,forecast-aware,300,269,0.8967,9.553,0.7726,10.742,0,1.597,1.72,46.513,1.06,4.297,2.47,0,0.677,1.05,1.61,1.463,0.36,2.533,0,1,0.137,0.46,0,,,,,,,,,,,,
stored-night,5,smoke-screen+sluice-jam,w+h+l0,planner-one-mistake,300,297,0.99,8.45,0.7012,22,0,1.443,1.453,40.3,1.43,2.363,0.927,0.25,0.43,0.19,1.47,1.267,0.207,2.127,0,1,0.003,0.44,0,300,300,300,297,0,0,46,83,0.99,3.9742,1,0
stored-night,5,smoke-screen+sluice-jam,w+h+l+,random,300,22,0.0733,11.88,0.8636,67.932,0,0.92,3.577,81.263,2.537,17.307,0.663,2.237,0.3,0.29,1.02,0.83,0.273,1.353,0,0.52,0.003,0.397,0,,,,,,,,,,,,
stored-night,5,smoke-screen+sluice-jam,w+h+l+,single-water,300,0,0,12,,65.867,0,0.737,4,90.96,2.973,15.063,0,0,0,0,1,1,0,0,0,0.42,0,0.317,0,,,,,,,,,,,,
stored-night,5,smoke-screen+sluice-jam,w+h+l+,legacy-cycle,300,86,0.2867,11.323,0.8033,43.64,0,1.71,3.65,94.107,2.577,29.01,0,0,0,0,1.907,1.627,0.287,3.337,0,0.997,0,0.713,0,,,,,,,,,,,,
stored-night,5,smoke-screen+sluice-jam,w+h+l+,greedy,300,299,0.9967,8.133,0.6767,8,0,1.403,1.347,37.233,1.373,2.383,0.84,0.19,0.477,0.017,1.35,1.143,0.207,1.383,0,1,0,0.403,0,,,,,,,,,,,,
stored-night,5,smoke-screen+sluice-jam,w+h+l+,planner,300,299,0.9967,8.077,0.672,29,0,1.46,1.567,43.047,1.177,1.567,0.633,0.247,0.323,0.02,1.433,1.13,0.303,2.32,0,1,0,0.46,0,,,,,,,,,,,,
stored-night,5,smoke-screen+sluice-jam,w+h+l+,forecast-aware,300,280,0.9333,9.617,0.7872,11.35,0,1.683,1.79,50.38,0.93,3.943,2.477,0,0.72,1.02,1.627,1.497,0.32,2.557,0,1,0.137,0.547,0,,,,,,,,,,,,
stored-night,5,smoke-screen+sluice-jam,w+h+l+,planner-one-mistake,300,297,0.99,8.363,0.6939,21,0,1.44,1.487,40.807,1.263,1.783,1.047,0.3,0.387,0.31,1.41,1.157,0.257,2.423,0,1,0.003,0.437,0,299,300,299,296,0,0,40,121,0.99,4.4325,1,0
