level,sequence,deck,scenario,strategy,games,wins,win_rate,avg_end_turn,avg_winning_turn_budget_used,avg_core_remaining_on_loss,illegal_choices,avg_phase_changes,city_repairs,city_repair_amount,shields_raised,shield_absorbed,interrupts,interrupts_failed,repairs_interrupted,shields_interrupted,breaches_opened,breaches_used,breaches_wasted,combos,pulse_refunds,overhaul_started,overhaul_stopped,overhaul_completed,missed_actions,ultimate_uses,pulse_windows,repair_windows,mirror_baits,mirror_followup_windows,mirror_switch_hits,mirror_switch_breaches,mirror_switch_core_damage,planner_baseline_wins,mistakes_injected,eligible_mistake_games,recoveries_after_mistake,no_eligible_mistake_games,missed_interrupt_mistakes,walked_into_shield_mistakes,recovery_rate,eligible_mistake_coverage,avg_finite_score_delta,min_finite_score_delta,mistakes_skipping_a_winning_move,avg_level_phase_changes,act_1_id,act_1_reach_rate,act_1_avg_entry_turn,act_2_id,act_2_reach_rate,act_2_avg_entry_turn,act_3_id,act_3_reach_rate,act_3_avg_entry_turn,diagnostic_games,diagnostic_ultimate_uses,diagnostic_ultimate_games,diagnostic_first_ultimate_turn_sum,diagnostic_winning_ultimate_games,diagnostic_winning_first_ultimate_turn_sum,diagnostic_terminal_games,diagnostic_terminal_malice_sum,diagnostic_terminal_wins,diagnostic_terminal_malice_wins_sum,diagnostic_terminal_losses,diagnostic_terminal_malice_losses_sum,diagnostic_pulse_windows,diagnostic_pulse_refunds,diagnostic_repair_windows,diagnostic_repairs_interrupted,diagnostic_mirror_baits,diagnostic_mirror_followup_windows,diagnostic_mirror_switch_hits,diagnostic_mirror_switch_breaches,diagnostic_mirror_switch_core_damage,diagnostic_mirror_breach_games,diagnostic_mirror_breach_wins,diagnostic_ultimate_use_rate,diagnostic_avg_first_ultimate_turn,diagnostic_avg_winning_first_ultimate_turn,diagnostic_avg_terminal_malice,diagnostic_avg_terminal_malice_wins,diagnostic_avg_terminal_malice_losses,diagnostic_pulse_combo_use_rate,diagnostic_repair_interrupt_rate,diagnostic_mirror_switch_hit_rate,diagnostic_mirror_switch_breach_rate,diagnostic_mirror_breach_win_rate
mirror-shade,4,tide-siege,w-h-l-,random,300,0,0,9,,93.713,0,0,3.837,62.573,4.753,24.333,0.41,1.017,0.163,0.247,0.543,0.363,0.247,1.02,0,0,0,0,0,0.033,0,4,3.57,3.57,2.047,0.497,26.443,,,,,,,,,,,,,2,reflection,1,1,borrowed-shadow,1,4,counter-exam,1,7,300,10,10,90,0,0,300,1978,0,0,300,1978,0,0,1200,49,1071,1071,614,149,7933,118,0,0.0333,9,,6.5933,,6.5933,,0.0408,0.5733,0.1391,0
mirror-shade,4,tide-siege,w-h-l-,single-water,300,0,0,9,,100,0,0,4,33.163,5,66.873,0,0,0,0,1,1,0.537,0,0,0,0,0,0,0,0,4,4,4,0,0,0,,,,,,,,,,,,,2,reflection,1,1,borrowed-shadow,1,4,counter-exam,1,7,300,0,0,0,0,0,300,2394,0,0,300,2394,0,0,1200,0,1200,1200,0,0,0,0,0,0,,,7.98,,7.98,,0,0,0,
mirror-shade,4,tide-siege,w-h-l-,legacy-cycle,300,0,0,9,,92.193,0,0,4,80.453,5,42.887,0,0,0,0,0.13,0,0.13,2.657,0,0,0,0,0,0.99,0,4,4,4,3.133,0,36.633,,,,,,,,,,,,,2,reflection,1,1,borrowed-shadow,1,4,counter-exam,1,7,300,297,297,2175,0,0,300,1724,0,0,300,1724,0,0,1200,0,1200,1200,940,0,10990,0,0,0.99,7.3232,,5.7467,,5.7467,,0,0.7833,0,
mirror-shade,4,tide-siege,w-h-l-,greedy,300,164,0.5467,8.61,0.9207,32.11,0,0,2.207,43.007,4.887,2.19,0.987,0.143,0.907,0.08,1.287,0.94,0.377,1.797,0,0,0,0,0,0.013,0,3.613,3.887,3.887,3.753,1.45,56.73,,,,,,,,,,,,,1.997,reflection,1,1,borrowed-shadow,1,4,counter-exam,0.9967,7,300,4,4,34,2,18,300,621,164,295,136,326,0,0,1084,272,1166,1166,1126,435,17019,285,157,0.0133,8.5,9,2.07,1.7988,2.3971,,0.2509,0.9657,0.3731,0.5509
mirror-shade,4,tide-siege,w-h-l-,planner,300,182,0.6067,8.597,0.9261,56.72,0,0,2.397,47.233,4.88,2.057,0.72,0.1,0.63,0.09,1.13,0.757,0.4,2.133,0,0,0,0,0,0.027,0,3.603,3.88,3.88,3.74,1.647,59.37,,,,,,,,,,,,,1.993,reflection,1,1,borrowed-shadow,1,4,counter-exam,0.9933,7,300,8,8,71,7,63,300,1143,182,186,118,957,0,0,1081,189,1164,1164,1122,494,17811,298,181,0.0267,8.875,9,3.81,1.022,8.1102,,0.1748,0.9639,0.4244,0.6074
mirror-shade,4,tide-siege,w-h-l-,forecast-aware,300,90,0.3,8.807,0.9284,39.071,0,0,2.623,52.287,3.687,2.493,2.22,0,0.91,1.31,1.217,0.86,0.367,2.16,0,0,0,0,0,0.017,0,3.807,2.893,2.893,2.663,0.85,40.083,,,,,,,,,,,,,2,reflection,1,1,borrowed-shadow,1,4,counter-exam,1,7,300,5,5,44,5,44,300,586,90,128,210,458,0,0,1142,273,868,868,799,255,12025,196,68,0.0167,8.8,8.8,1.9533,1.4222,2.181,,0.2391,0.9205,0.2938,0.3469
mirror-shade,4,tide-siege,w-h-l-,planner-one-mistake,300,67,0.2233,8.913,0.9569,62.897,0,0,3.063,62.76,4.94,12.17,0.687,0.247,0.627,0.06,1.047,0.753,0.313,2.407,0,0,0,0,0,0.007,0,3.913,3.94,3.94,3.447,1.497,58.043,182,300,182,56,0,20,280,0.3077,1,12.9683,3.5,0,2,reflection,1,1,borrowed-shadow,1,4,counter-exam,1,7,300,2,2,18,2,18,300,1898,67,45,233,1853,0,0,1174,188,1182,1182,1034,449,17413,283,65,0.0067,9,9,6.3267,0.6716,7.9528,,0.1601,0.8748,0.3799,0.2297
mirror-shade,4,tide-siege,w-h-l0,random,300,0,0,9,,93.187,0,0,3.837,63.267,4.753,24.8,0.41,1.017,0.163,0.247,0.543,0.363,0.243,1.02,0,0,0,0,0,0.033,0,4,3.57,3.57,2.047,0.497,26.9,,,,,,,,,,,,,2,reflection,1,1,borrowed-shadow,1,4,counter-exam,1,7,300,10,10,90,0,0,300,1978,0,0,300,1978,0,0,1200,49,1071,1071,614,149,8070,118,0,0.0333,9,,6.5933,,6.5933,,0.0408,0.5733,0.1391,0
mirror-shade,4,tide-siege,w-h-l0,single-water,300,0,0,9,,100,0,0,4,33.163,5,66.873,0,0,0,0,1,1,0.537,0,0,0,0,0,0,0,0,4,4,4,0,0,0,,,,,,,,,,,,,2,reflection,1,1,borrowed-shadow,1,4,counter-exam,1,7,300,0,0,0,0,0,300,2394,0,0,300,2394,0,0,1200,0,1200,1200,0,0,0,0,0,0,,,7.98,,7.98,,0,0,0,
mirror-shade,4,tide-siege,w-h-l0,legacy-cycle,300,0,0,9,,90.53,0,0,4,80.797,5,43.333,0,0,0,0,0.13,0,0.13,2.657,0,0,0,0,0,0.99,0,4,4,4,3.133,0,37.88,,,,,,,,,,,,,2,reflection,1,1,borrowed-shadow,1,4,counter-exam,1,7,300,297,297,2175,0,0,300,1724,0,0,300,1724,0,0,1200,0,1200,1200,940,0,11364,0,0,0.99,7.3232,,5.7467,,5.7467,,0,0.7833,0,
mirror-shade,4,tide-siege,w-h-l0,greedy,300,182,0.6067,8.567,0.9206,31.076,0,0,2.123,41.073,4.88,2.147,0.977,0.127,0.89,0.087,1.293,0.9,0.43,1.79,0,0,0,0,0,0.01,0,3.573,3.88,3.88,3.757,1.453,57.25,,,,,,,,,,,,,1.993,reflection,1,1,borrowed-shadow,1,4,counter-exam,0.9933,7,300,3,3,25,1,9,300,603,182,313,118,290,0,0,1072,267,1164,1164,1127,436,17175,286,174,0.01,8.3333,9,2.01,1.7198,2.4576,,0.2491,0.9682,0.3746,0.6084
mirror-shade,4,tide-siege,w-h-l0,planner,300,196,0.6533,8.56,0.9252,55.077,0,0,2.33,45.633,4.877,2.027,0.707,0.093,0.62,0.087,1.127,0.747,0.407,2.17,0,0,0,0,0,0.027,0,3.573,3.877,3.877,3.733,1.663,60.237,,,,,,,,,,,,,1.987,reflection,1,1,borrowed-shadow,1,4,counter-exam,0.9867,7,300,8,8,71,7,63,300,1028,196,192,104,836,0,0,1072,186,1163,1163,1120,499,18071,298,195,0.0267,8.875,9,3.4267,0.9796,8.0385,,0.1735,0.963,0.4291,0.6544
mirror-shade,4,tide-siege,w-h-l0,forecast-aware,300,94,0.3133,8.787,0.9243,37.85,0,0,2.603,51.827,3.683,2.513,2.21,0,0.9,1.31,1.213,0.853,0.37,2.16,0,0,0,0,0,0.017,0,3.787,2.89,2.89,2.66,0.85,40.44,,,,,,,,,,,,,2,reflection,1,1,borrowed-shadow,1,4,counter-exam,1,7,300,5,5,44,5,44,300,589,94,139,206,450,0,0,1136,270,867,867,798,255,12132,196,71,0.0167,8.8,8.8,1.9633,1.4787,2.1845,,0.2377,0.9204,0.2941,0.3622
mirror-shade,4,tide-siege,w-h-l0,planner-one-mistake,300,82,0.2733,8.88,0.9512,62.5,0,0,3,61.193,4.94,12.977,0.667,0.237,0.607,0.06,1.07,0.747,0.337,2.387,0,0,0,0,0,0.013,0,3.88,3.94,3.94,3.43,1.53,58.95,196,300,196,73,0,19,281,0.3724,1,12.9358,1.25,0,2,reflection,1,1,borrowed-shadow,1,4,counter-exam,1,7,300,4,4,36,4,36,300,1782,82,61,218,1721,0,0,1164,182,1182,1182,1029,459,17685,286,80,0.0133,9,9,5.94,0.7439,7.8945,,0.1564,0.8706,0.3883,0.2797
mirror-shade,4,tide-siege,w-h-l+,random,300,0,0,9,,92.857,0,0,3.837,63.593,4.753,25.057,0.41,1.017,0.163,0.247,0.543,0.363,0.243,1.02,0,0,0,0,0,0.033,0,4,3.57,3.57,2.047,0.497,27.193,,,,,,,,,,,,,2,reflection,1,1,borrowed-shadow,1,4,counter-exam,1,7,300,10,10,90,0,0,300,1978,0,0,300,1978,0,0,1200,49,1071,1071,614,149,8158,118,0,0.0333,9,,6.5933,,6.5933,,0.0408,0.5733,0.1391,0
mirror-shade,4,tide-siege,w-h-l+,single-water,300,0,0,9,,100,0,0,4,33.163,5,66.873,0,0,0,0,1,1,0.537,0,0,0,0,0,0,0,0,4,4,4,0,0,0,,,,,,,,,,,,,2,reflection,1,1,borrowed-shadow,1,4,counter-exam,1,7,300,0,0,0,0,0,300,2394,0,0,300,2394,0,0,1200,0,1200,1200,0,0,0,0,0,0,,,7.98,,7.98,,0,0,0,
mirror-shade,4,tide-siege,w-h-l+,legacy-cycle,300,0,0,9,,89.337,0,0,4,80.913,5,43.383,0,0,0,0,0.13,0,0.13,2.657,0,0,0,0,0,0.99,0,4,4,4,3.133,0,38.29,,,,,,,,,,,,,2,reflection,1,1,borrowed-shadow,1,4,counter-exam,1,7,300,297,297,2175,0,0,300,1724,0,0,300,1724,0,0,1200,0,1200,1200,940,0,11487,0,0,0.99,7.3232,,5.7467,,5.7467,,0,0.7833,0,
mirror-shade,4,tide-siege,w-h-l+,greedy,300,194,0.6467,8.527,0.9187,29.802,0,0,2.06,39.607,4.863,2.1,0.977,0.12,0.883,0.093,1.293,0.9,0.437,1.78,0,0,0,0,0,0.007,0,3.547,3.863,3.863,3.74,1.45,57.363,,,,,,,,,,,,,1.98,reflection,1,1,borrowed-shadow,1,4,counter-exam,0.98,7,300,2,2,16,0,0,300,600,194,329,106,271,0,0,1064,265,1159,1159,1122,435,17209,286,186,0.0067,8,,2,1.6959,2.5566,,0.2491,0.9681,0.3753,0.6503
mirror-shade,4,tide-siege,w-h-l+,planner,300,209,0.6967,8.523,0.924,53.703,0,0,2.257,43.913,4.88,1.957,0.697,0.093,0.617,0.08,1.14,0.75,0.41,2.157,0,0,0,0,0,0.027,0,3.54,3.88,3.88,3.743,1.66,60.883,,,,,,,,,,,,,1.983,reflection,1,1,borrowed-shadow,1,4,counter-exam,0.9833,7,300,8,8,71,8,71,300,950,209,221,91,729,0,0,1062,185,1164,1164,1123,498,18265,298,208,0.0267,8.875,8.875,3.1667,1.0574,8.011,,0.1742,0.9648,0.4278,0.698
mirror-shade,4,tide-siege,w-h-l+,forecast-aware,300,114,0.38,8.707,0.9142,37.484,0,0,2.493,49.347,3.67,2.46,2.18,0,0.873,1.307,1.203,0.83,0.383,2.153,0,0,0,0,0,0.017,0,3.717,2.877,2.877,2.65,0.85,40.787,,,,,,,,,,,,,1.99,reflection,1,1,borrowed-shadow,1,4,counter-exam,0.99,7,300,5,5,44,5,44,300,577,114,162,186,415,0,0,1115,262,863,863,795,255,12236,196,87,0.0167,8.8,8.8,1.9233,1.4211,2.2312,,0.235,0.9212,0.2955,0.4439
mirror-shade,4,tide-siege,w-h-l+,planner-one-mistake,300,88,0.2933,8.867,0.9495,61.561,0,0,2.963,60.34,4.933,13.22,0.677,0.24,0.61,0.067,1.067,0.74,0.34,2.36,0,0,0,0,0,0.013,0,3.867,3.933,3.933,3.42,1.533,59.453,209,300,209,77,0,19,281,0.3684,1,12.8425,1.25,0,2,reflection,1,1,borrowed-shadow,1,4,counter-exam,1,7,300,4,4,36,4,36,300,1739,88,67,212,1672,0,0,1160,183,1180,1180,1026,460,17836,286,85,0.0133,9,9,5.7967,0.7614,7.8868,,0.1578,0.8695,0.3898,0.2972
mirror-shade,4,tide-siege,w-h0l-,random,300,0,0,9,,93.183,0,0,3.837,63.417,4.753,24.62,0.41,1.017,0.163,0.247,0.543,0.363,0.247,1.02,0,0,0,0,0,0.033,0,4,3.57,3.57,2.047,0.497,26.9,,,,,,,,,,,,,2,reflection,1,1,borrowed-shadow,1,4,counter-exam,1,7,300,10,10,90,0,0,300,1978,0,0,300,1978,0,0,1200,49,1071,1071,614,149,8070,118,0,0.0333,9,,6.5933,,6.5933,,0.0408,0.5733,0.1391,0
mirror-shade,4,tide-siege,w-h0l-,single-water,300,0,0,9,,100,0,0,4,33.163,5,66.873,0,0,0,0,1,1,0.537,0,0,0,0,0,0,0,0,4,4,4,0,0,0,,,,,,,,,,,,,2,reflection,1,1,borrowed-shadow,1,4,counter-exam,1,7,300,0,0,0,0,0,300,2394,0,0,300,2394,0,0,1200,0,1200,1200,0,0,0,0,0,0,,,7.98,,7.98,,0,0,0,
mirror-shade,4,tide-siege,w-h0l-,legacy-cycle,300,0,0,9,,90.26,0,0,4,80.88,5,43.567,0,0,0,0,0.13,0,0.13,2.657,0,0,0,0,0,0.99,0,4,4,4,3.133,0,37.537,,,,,,,,,,,,,2,reflection,1,1,borrowed-shadow,1,4,counter-exam,1,7,300,297,297,2175,0,0,300,1724,0,0,300,1724,0,0,1200,0,1200,1200,940,0,11261,0,0,0.99,7.3232,,5.7467,,5.7467,,0,0.7833,0,
mirror-shade,4,tide-siege,w-h0l-,greedy,300,185,0.6167,8.547,0.9183,31,0,0,2.113,40.84,4.867,2.447,0.967,0.13,0.88,0.087,1.25,0.913,0.357,1.887,0,0,0,0,0,0.03,0,3.56,3.867,3.867,3.737,1.44,56.757,,,,,,,,,,,,,1.987,reflection,1,1,borrowed-shadow,1,4,counter-exam,0.9867,7,300,9,9,72,3,25,300,603,185,325,115,278,0,0,1068,264,1160,1160,1121,432,17027,285,177,0.03,8,8.3333,2.01,1.7568,2.4174,,0.2472,0.9664,0.3724,0.6211
mirror-shade,4,tide-siege,w-h0l-,planner,300,203,0.6767,8.547,0.9256,55.99,0,0,2.3,44.907,4.853,1.98,0.723,0.093,0.62,0.103,1.117,0.757,0.387,2.203,0,0,0,0,0,0.023,0,3.567,3.853,3.853,3.717,1.623,59.49,,,,,,,,,,,,,1.98,reflection,1,1,borrowed-shadow,1,4,counter-exam,0.98,7,300,7,7,62,6,54,300,997,203,217,97,780,0,0,1070,186,1156,1156,1115,487,17847,298,202,0.0233,8.8571,9,3.3233,1.069,8.0412,,0.1738,0.9645,0.4213,0.6779
mirror-shade,4,tide-siege,w-h0l-,forecast-aware,300,103,0.3433,8.737,0.9148,37.873,0,0,2.55,50.64,3.67,2.493,2.193,0,0.887,1.307,1.217,0.85,0.377,2.14,0,0,0,0,0,0.017,0,3.747,2.877,2.877,2.65,0.85,40.213,,,,,,,,,,,,,1.99,reflection,1,1,borrowed-shadow,1,4,counter-exam,0.99,7,300,5,5,44,5,44,300,576,103,141,197,435,0,0,1124,266,863,863,795,255,12064,196,80,0.0167,8.8,8.8,1.92,1.3689,2.2081,,0.2367,0.9212,0.2955,0.4082
mirror-shade,4,tide-siege,w-h0l-,planner-one-mistake,300,86,0.2867,8.867,0.9483,62.402,0,0,2.96,60.313,4.94,12.473,0.68,0.233,0.62,0.06,1.067,0.747,0.333,2.463,0,0,0,0,0,0.017,0,3.867,3.94,3.94,3.457,1.51,58.947,203,300,203,73,0,20,280,0.3596,1,13.0733,3.5,0,2,reflection,1,1,borrowed-shadow,1,4,counter-exam,1,7,300,5,5,45,5,45,300,1777,86,63,214,1714,0,0,1160,186,1182,1182,1037,453,17684,285,83,0.0167,9,9,5.9233,0.7326,8.0093,,0.1603,0.8773,0.3832,0.2912
mirror-shade,4,tide-siege,w-h0l0,random,300,0,0,9,,92.627,0,0,3.837,64.073,4.753,25.087,0.41,1.017,0.163,0.247,0.543,0.363,0.243,1.02,0,0,0,0,0,0.033,0,4,3.57,3.57,2.047,0.497,27.357,,,,,,,,,,,,,2,reflection,1,1,borrowed-shadow,1,4,counter-exam,1,7,300,10,10,90,0,0,300,1978,0,0,300,1978,0,0,1200,49,1071,1071,614,149,8207,118,0,0.0333,9,,6.5933,,6.5933,,0.0408,0.5733,0.1391,0
mirror-shade,4,tide-siege,w-h0l0,single-water,300,0,0,9,,100,0,0,4,33.163,5,66.873,0,0,0,0,1,1,0.537,0,0,0,0,0,0,0,0,4,4,4,0,0,0,,,,,,,,,,,,,2,reflection,1,1,borrowed-shadow,1,4,counter-exam,1,7,300,0,0,0,0,0,300,2394,0,0,300,2394,0,0,1200,0,1200,1200,0,0,0,0,0,0,,,7.98,,7.98,,0,0,0,
mirror-shade,4,tide-siege,w-h0l0,legacy-cycle,300,0,0,9,,87.953,0,0,4,81.147,5,44.013,0,0,0,0,0.13,0,0.13,2.657,0,0,0,0,0,0.99,0,4,4,4,3.133,0,38.783,,,,,,,,,,,,,2,reflection,1,1,borrowed-shadow,1,4,counter-exam,1,7,300,297,297,2175,0,0,300,1724,0,0,300,1724,0,0,1200,0,1200,1200,940,0,11635,0,0,0.99,7.3232,,5.7467,,5.7467,,0,0.7833,0,
mirror-shade,4,tide-siege,w-h0l0,greedy,300,196,0.6533,8.487,0.9127,30.231,0,0,2.06,39.647,4.853,2.323,0.937,0.12,0.85,0.087,1.267,0.887,0.407,1.92,0,0,0,0,0,0.02,0,3.513,3.853,3.853,3.733,1.443,57.39,,,,,,,,,,,,,1.973,reflection,1,1,borrowed-shadow,1,4,counter-exam,0.9733,7,300,6,6,47,2,16,300,597,196,338,104,259,0,0,1054,255,1156,1156,1120,433,17217,286,188,0.02,7.8333,8,1.99,1.7245,2.4904,,0.2419,0.9689,0.3746,0.6573
mirror-shade,4,tide-siege,w-h0l0,planner,300,214,0.7133,8.517,0.9247,55.023,0,0,2.25,43.68,4.867,1.927,0.69,0.103,0.607,0.083,1.157,0.763,0.417,2.19,0,0,0,0,0,0.02,0,3.543,3.867,3.867,3.73,1.623,60.35,,,,,,,,,,,,,1.973,reflection,1,1,borrowed-shadow,1,4,counter-exam,0.9733,7,300,6,6,53,6,53,300,923,214,232,86,691,0,0,1063,182,1160,1160,1119,487,18105,298,213,0.02,8.8333,8.8333,3.0767,1.0841,8.0349,,0.1712,0.9647,0.4198,0.7148
mirror-shade,4,tide-siege,w-h0l0,forecast-aware,300,117,0.39,8.673,0.9069,37.284,0,0,2.473,48.907,3.657,2.513,2.17,0,0.863,1.307,1.2,0.82,0.39,2.133,0,0,0,0,0,0.017,0,3.683,2.863,2.863,2.637,0.85,40.547,,,,,,,,,,,,,1.99,reflection,1,1,borrowed-shadow,1,4,counter-exam,0.99,7,300,5,5,44,5,44,300,568,117,163,183,405,0,0,1105,259,859,859,791,255,12164,196,89,0.0167,8.8,8.8,1.8933,1.3932,2.2131,,0.2344,0.9208,0.2969,0.4541
mirror-shade,4,tide-siege,w-h0l0,planner-one-mistake,300,91,0.3033,8.863,0.9499,61.526,0,0,2.96,60.207,4.937,13.133,0.663,0.24,0.6,0.063,1.087,0.76,0.34,2.45,0,0,0,0,0,0.02,0,3.863,3.937,3.937,3.443,1.523,59.603,214,300,214,81,0,17,283,0.3785,1,13.1083,1.25,0,2,reflection,1,1,borrowed-shadow,1,4,counter-exam,1,7,300,6,6,54,6,54,300,1723,91,62,209,1661,0,0,1159,180,1181,1181,1033,457,17881,288,88,0.02,9,9,5.7433,0.6813,7.9474,,0.1553,0.8747,0.387,0.3056
mirror-shade,4,tide-siege,w-h0l+,random,300,0,0,9,,92.283,0,0,3.837,64.383,4.753,25.343,0.41,1.017,0.163,0.247,0.543,0.363,0.243,1.02,0,0,0,0,0,0.033,0,4,3.57,3.57,2.047,0.497,27.65,,,,,,,,,,,,,2,reflection,1,1,borrowed-shadow,1,4,counter-exam,1,7,300,10,10,90,0,0,300,1978,0,0,300,1978,0,0,1200,49,1071,1071,614,149,8295,118,0,0.0333,9,,6.5933,,6.5933,,0.0408,0.5733,0.1391,0
mirror-shade,4,tide-siege,w-h0l+,single-water,300,0,0,9,,100,0,0,4,33.163,5,66.873,0,0,0,0,1,1,0.537,0,0,0,0,0,0,0,0,4,4,4,0,0,0,,,,,,,,,,,,,2,reflection,1,1,borrowed-shadow,1,4,counter-exam,1,7,300,0,0,0,0,0,300,2394,0,0,300,2394,0,0,1200,0,1200,1200,0,0,0,0,0,0,,,7.98,,7.98,,0,0,0,
mirror-shade,4,tide-siege,w-h0l+,legacy-cycle,300,0,0,9,,86.61,0,0,4,81.23,5,44.063,0,0,0,0,0.13,0,0.13,2.657,0,0,0,0,0,0.99,0,4,4,4,3.133,0,39.193,,,,,,,,,,,,,2,reflection,1,1,borrowed-shadow,1,4,counter-exam,1,7,300,297,297,2175,0,0,300,1724,0,0,300,1724,0,0,1200,0,1200,1200,940,0,11758,0,0,0.99,7.3232,,5.7467,,5.7467,,0,0.7833,0,
mirror-shade,4,tide-siege,w-h0l+,greedy,300,206,0.6867,8.433,0.9083,29.532,0,0,1.997,38.267,4.837,2.1,0.937,0.117,0.843,0.093,1.28,0.877,0.437,1.84,0,0,0,0,0,0.01,0,3.477,3.837,3.837,3.717,1.433,57.443,,,,,,,,,,,,,1.957,reflection,1,1,borrowed-shadow,1,4,counter-exam,0.9567,7,300,3,3,25,1,9,300,614,206,367,94,247,0,0,1043,253,1151,1151,1115,430,17233,286,198,0.01,8.3333,9,2.0467,1.7816,2.6277,,0.2426,0.9687,0.3736,0.6923
mirror-shade,4,tide-siege,w-h0l+,planner,300,230,0.7667,8.463,0.9222,54.529,0,0,2.153,41.427,4.867,1.96,0.68,0.103,0.597,0.083,1.177,0.763,0.437,2.177,0,0,0,0,0,0.023,0,3.493,3.867,3.867,3.737,1.623,60.793,,,,,,,,,,,,,1.97,reflection,1,1,borrowed-shadow,1,4,counter-exam,0.97,7,300,7,7,62,7,62,300,835,230,277,70,558,0,0,1048,179,1160,1160,1121,487,18238,298,229,0.0233,8.8571,8.8571,2.7833,1.2043,7.9714,,0.1708,0.9664,0.4198,0.7685
mirror-shade,4,tide-siege,w-h0l+,forecast-aware,300,135,0.45,8.62,0.9062,36.897,0,0,2.383,46.853,3.657,2.45,2.15,0,0.847,1.303,1.19,0.8,0.397,2.127,0,0,0,0,0,0.017,0,3.633,2.863,2.863,2.637,0.85,40.853,,,,,,,,,,,,,1.987,reflection,1,1,borrowed-shadow,1,4,counter-exam,0.9867,7,300,5,5,44,5,44,300,564,135,189,165,375,0,0,1090,254,859,859,791,255,12256,196,107,0.0167,8.8,8.8,1.88,1.4,2.2727,,0.233,0.9208,0.2969,0.5459
mirror-shade,4,tide-siege,w-h0l+,planner-one-mistake,300,105,0.35,8.84,0.9492,60.944,0,0,2.893,58.593,4.937,13.34,0.66,0.24,0.597,0.063,1.083,0.763,0.333,2.457,0,0,0,0,0,0.02,0,3.84,3.937,3.937,3.443,1.527,60.183,230,300,230,93,0,17,283,0.4043,1,13.0417,1.25,0,2,reflection,1,1,borrowed-shadow,1,4,counter-exam,1,7,300,6,6,54,6,54,300,1627,105,80,195,1547,0,0,1152,179,1181,1181,1033,458,18055,288,102,0.02,9,9,5.4233,0.7619,7.9333,,0.1554,0.8747,0.3878,0.3542
mirror-shade,4,tide-siege,w-h+l-,random,300,0,0,9,,92.903,0,0,3.837,63.78,4.753,24.843,0.41,1.017,0.163,0.247,0.543,0.363,0.247,1.02,0,0,0,0,0,0.033,0,4,3.57,3.57,2.047,0.497,27.14,,,,,,,,,,,,,2,reflection,1,1,borrowed-shadow,1,4,counter-exam,1,7,300,10,10,90,0,0,300,1978,0,0,300,1978,0,0,1200,49,1071,1071,614,149,8142,118,0,0.0333,9,,6.5933,,6.5933,,0.0408,0.5733,0.1391,0
mirror-shade,4,tide-siege,w-h+l-,single-water,300,0,0,9,,100,0,0,4,33.163,5,66.873,0,0,0,0,1,1,0.537,0,0,0,0,0,0,0,0,4,4,4,0,0,0,,,,,,,,,,,,,2,reflection,1,1,borrowed-shadow,1,4,counter-exam,1,7,300,0,0,0,0,0,300,2394,0,0,300,2394,0,0,1200,0,1200,1200,0,0,0,0,0,0,,,7.98,,7.98,,0,0,0,
mirror-shade,4,tide-siege,w-h+l-,legacy-cycle,300,0,0,9,,89.383,0,0,4,81.013,5,43.857,0,0,0,0,0.13,0,0.13,2.657,0,0,0,0,0,0.99,0,4,4,4,3.133,0,37.727,,,,,,,,,,,,,2,reflection,1,1,borrowed-shadow,1,4,counter-exam,1,7,300,297,297,2175,0,0,300,1724,0,0,300,1724,0,0,1200,0,1200,1200,940,0,11318,0,0,0.99,7.3232,,5.7467,,5.7467,,0,0.7833,0,
mirror-shade,4,tide-siege,w-h+l-,greedy,300,192,0.64,8.51,0.9149,30.231,0,0,2.08,40.093,4.857,2.423,0.947,0.137,0.86,0.087,1.243,0.877,0.387,1.87,0,0,0,0,0,0.03,0,3.533,3.857,3.857,3.73,1.437,57.027,,,,,,,,,,,,,1.977,reflection,1,1,borrowed-shadow,1,4,counter-exam,0.9767,7,300,9,9,72,4,33,300,594,192,334,108,260,0,0,1060,258,1157,1157,1119,431,17108,285,184,0.03,8,8.25,1.98,1.7396,2.4074,,0.2434,0.9672,0.3725,0.6456
mirror-shade,4,tide-siege,w-h+l-,planner,300,219,0.73,8.497,0.9234,55.049,0,0,2.197,42.52,4.85,1.8,0.73,0.087,0.623,0.107,1.13,0.773,0.373,2.067,0,0,0,0,0,0.027,0,3.513,3.85,3.85,3.74,1.627,60.02,,,,,,,,,,,,,1.983,reflection,1,1,borrowed-shadow,1,4,counter-exam,0.9833,7,300,8,8,69,7,62,300,904,219,257,81,647,0,0,1054,187,1155,1155,1122,488,18006,298,218,0.0267,8.625,8.8571,3.0133,1.1735,7.9877,,0.1774,0.9714,0.4225,0.7315
mirror-shade,4,tide-siege,w-h+l-,forecast-aware,300,114,0.38,8.703,0.9133,37.715,0,0,2.5,49.5,3.67,2.493,2.177,0,0.87,1.307,1.203,0.837,0.377,2.133,0,0,0,0,0,0.017,0,3.713,2.877,2.877,2.65,0.85,40.517,,,,,,,,,,,,,1.99,reflection,1,1,borrowed-shadow,1,4,counter-exam,0.99,7,300,5,5,44,5,44,300,575,114,155,186,420,0,0,1114,261,863,863,795,255,12155,196,90,0.0167,8.8,8.8,1.9167,1.3596,2.2581,,0.2343,0.9212,0.2955,0.4592
mirror-shade,4,tide-siege,w-h+l-,planner-one-mistake,300,98,0.3267,8.863,0.9535,61.772,0,0,2.917,59.207,4.94,12.81,0.68,0.23,0.62,0.06,1.1,0.76,0.353,2.433,0,0,0,0,0,0.027,0,3.863,3.94,3.94,3.45,1.507,59.2,219,300,219,85,0,20,280,0.3881,1,13.3033,3.5,0,2,reflection,1,1,borrowed-shadow,1,4,counter-exam,1,7,300,8,8,68,8,68,300,1689,98,73,202,1616,0,0,1159,186,1182,1182,1035,452,17760,285,95,0.0267,8.5,8.5,5.63,0.7449,8,,0.1605,0.8756,0.3824,0.3333
mirror-shade,4,tide-siege,w-h+l0,random,300,0,0,9,,92.337,0,0,3.837,64.423,4.753,25.31,0.41,1.017,0.163,0.247,0.543,0.363,0.243,1.02,0,0,0,0,0,0.033,0,4,3.57,3.57,2.047,0.497,27.597,,,,,,,,,,,,,2,reflection,1,1,borrowed-shadow,1,4,counter-exam,1,7,300,10,10,90,0,0,300,1978,0,0,300,1978,0,0,1200,49,1071,1071,614,149,8279,118,0,0.0333,9,,6.5933,,6.5933,,0.0408,0.5733,0.1391,0
mirror-shade,4,tide-siege,w-h+l0,single-water,300,0,0,9,,100,0,0,4,33.163,5,66.873,0,0,0,0,1,1,0.537,0,0,0,0,0,0,0,0,4,4,4,0,0,0,,,,,,,,,,,,,2,reflection,1,1,borrowed-shadow,1,4,counter-exam,1,7,300,0,0,0,0,0,300,2394,0,0,300,2394,0,0,1200,0,1200,1200,0,0,0,0,0,0,,,7.98,,7.98,,0,0,0,
mirror-shade,4,tide-siege,w-h+l0,legacy-cycle,300,0,0,9,,86.927,0,0,4,81.247,5,44.303,0,0,0,0,0.13,0,0.13,2.657,0,0,0,0,0,0.99,0,4,4,4,3.133,0,38.973,,,,,,,,,,,,,2,reflection,1,1,borrowed-shadow,1,4,counter-exam,1,7,300,297,297,2175,0,0,300,1724,0,0,300,1724,0,0,1200,0,1200,1200,940,0,11692,0,0,0.99,7.3232,,5.7467,,5.7467,,0,0.7833,0,
mirror-shade,4,tide-siege,w-h+l0,greedy,300,207,0.69,8.403,0.9039,29.387,0,0,1.987,38.06,4.83,2.293,0.917,0.127,0.83,0.087,1.243,0.86,0.403,1.883,0,0,0,0,0,0.023,0,3.45,3.83,3.83,3.707,1.437,57.607,,,,,,,,,,,,,1.953,reflection,1,1,borrowed-shadow,1,4,counter-exam,0.9533,7,300,7,7,56,4,33,300,591,207,355,93,236,0,0,1035,249,1149,1149,1112,431,17282,286,198,0.0233,8,8.25,1.97,1.715,2.5376,,0.2406,0.9678,0.3751,0.6923
mirror-shade,4,tide-siege,w-h+l0,planner,300,235,0.7833,8.383,0.9125,54.631,0,0,2.08,39.88,4.843,1.653,0.68,0.097,0.59,0.09,1.153,0.75,0.42,2.09,0,0,0,0,0,0.023,0,3.423,3.843,3.843,3.743,1.637,61.043,,,,,,,,,,,,,1.96,reflection,1,1,borrowed-shadow,1,4,counter-exam,0.96,7,300,7,7,62,7,62,300,817,235,295,65,522,0,0,1027,177,1153,1153,1123,491,18313,298,234,0.0233,8.8571,8.8571,2.7233,1.2553,8.0308,,0.1723,0.974,0.4258,0.7852
mirror-shade,4,tide-siege,w-h+l0,forecast-aware,300,131,0.4367,8.633,0.9067,37.337,0,0,2.41,47.46,3.657,2.473,2.153,0,0.847,1.307,1.193,0.803,0.397,2.127,0,0,0,0,0,0.017,0,3.643,2.863,2.863,2.637,0.85,40.817,,,,,,,,,,,,,1.99,reflection,1,1,borrowed-shadow,1,4,counter-exam,0.99,7,300,5,5,44,5,44,300,562,131,180,169,382,0,0,1093,254,859,859,791,255,12245,196,103,0.0167,8.8,8.8,1.8733,1.374,2.2604,,0.2324,0.9208,0.2969,0.5255
mirror-shade,4,tide-siege,w-h+l0,planner-one-mistake,300,108,0.36,8.853,0.9547,61.073,0,0,2.89,58.467,4.937,13.287,0.667,0.237,0.603,0.063,1.117,0.78,0.35,2.447,0,0,0,0,0,0.023,0,3.853,3.937,3.937,3.44,1.513,59.833,235,300,235,96,0,17,283,0.4085,1,13.3417,1.25,0,2,reflection,1,1,borrowed-shadow,1,4,counter-exam,1,7,300,7,7,63,7,63,300,1604,108,74,192,1530,0,0,1156,181,1181,1181,1032,454,17950,288,104,0.0233,9,9,5.3467,0.6852,7.9688,,0.1566,0.8738,0.3844,0.3611
mirror-shade,4,tide-siege,w-h+l+,random,300,0,0,9,,91.987,0,0,3.837,64.73,4.753,25.567,0.41,1.017,0.163,0.247,0.543,0.363,0.243,1.02,0,0,0,0,0,0.033,0,4,3.57,3.57,2.047,0.497,27.89,,,,,,,,,,,,,2,reflection,1,1,borrowed-shadow,1,4,counter-exam,1,7,300,10,10,90,0,0,300,1978,0,0,300,1978,0,0,1200,49,1071,1071,614,149,8367,118,0,0.0333,9,,6.5933,,6.5933,,0.0408,0.5733,0.1391,0
mirror-shade,4,tide-siege,w-h+l+,single-water,300,0,0,9,,100,0,0,4,33.163,5,66.873,0,0,0,0,1,1,0.537,0,0,0,0,0,0,0,0,4,4,4,0,0,0,,,,,,,,,,,,,2,reflection,1,1,borrowed-shadow,1,4,counter-exam,1,7,300,0,0,0,0,0,300,2394,0,0,300,2394,0,0,1200,0,1200,1200,0,0,0,0,0,0,,,7.98,,7.98,,0,0,0,
mirror-shade,4,tide-siege,w-h+l+,legacy-cycle,300,0,0,9,,86.213,0,0,4,81.277,5,44.353,0,0,0,0,0.13,0,0.13,2.657,0,0,0,0,0,0.99,0,4,4,4,3.133,0,39.383,,,,,,,,,,,,,2,reflection,1,1,borrowed-shadow,1,4,counter-exam,1,7,300,297,297,2175,0,0,300,1724,0,0,300,1724,0,0,1200,0,1200,1200,940,0,11815,0,0,0.99,7.3232,,5.7467,,5.7467,,0,0.7833,0,
mirror-shade,4,tide-siege,w-h+l+,greedy,300,216,0.72,8.347,0.8992,29.179,0,0,1.93,36.833,4.813,2.5,0.9,0.12,0.807,0.093,1.247,0.863,0.413,1.79,0,0,0,0,0,0.027,0,3.41,3.813,3.813,3.687,1.427,57.547,,,,,,,,,,,,,1.937,reflection,1,1,borrowed-shadow,1,4,counter-exam,0.9367,7,300,8,8,63,4,33,300,598,216,371,84,227,0,0,1023,242,1144,1144,1106,428,17264,286,207,0.0267,7.875,8.25,1.9933,1.7176,2.7024,,0.2366,0.9668,0.3741,0.7238
mirror-shade,4,tide-siege,w-h+l+,planner,300,247,0.8233,8.303,0.906,54.528,0,0,1.987,37.793,4.84,1.687,0.657,0.1,0.57,0.087,1.15,0.727,0.44,2.063,0,0,0,0,0,0.023,0,3.357,3.84,3.84,3.743,1.627,61.377,,,,,,,,,,,,,1.947,reflection,1,1,borrowed-shadow,1,4,counter-exam,0.9467,7,300,7,7,60,6,53,300,756,247,332,53,424,0,0,1007,171,1152,1152,1123,488,18413,298,246,0.0233,8.5714,8.8333,2.52,1.3441,8,,0.1698,0.9748,0.4236,0.8255
mirror-shade,4,tide-siege,w-h+l+,forecast-aware,300,142,0.4733,8.593,0.9045,36.506,0,0,2.35,46.113,3.653,2.45,2.14,0,0.837,1.303,1.187,0.797,0.397,2.127,0,0,0,0,0,0.017,0,3.61,2.86,2.86,2.633,0.85,41.06,,,,,,,,,,,,,1.983,reflection,1,1,borrowed-shadow,1,4,counter-exam,0.9833,7,300,5,5,44,5,44,300,557,142,198,158,359,0,0,1083,251,858,858,790,255,12318,196,113,0.0167,8.8,8.8,1.8567,1.3944,2.2722,,0.2318,0.9207,0.2972,0.5765
mirror-shade,4,tide-siege,w-h+l+,planner-one-mistake,300,122,0.4067,8.83,0.9536,60.331,0,0,2.823,56.853,4.937,13.867,0.663,0.237,0.6,0.063,1.137,0.783,0.367,2.44,0,0,0,0,0,0.037,0,3.83,3.937,3.937,3.44,1.517,60.373,247,300,247,110,0,17,283,0.4453,1,13.275,1.25,0,2,reflection,1,1,borrowed-shadow,1,4,counter-exam,1,7,300,11,11,95,11,95,300,1503,122,95,178,1408,0,0,1149,180,1181,1181,1032,455,18112,288,118,0.0367,8.6364,8.6364,5.01,0.7787,7.9101,,0.1567,0.8738,0.3853,0.4097
mirror-shade,4,tide-siege,w0h-l-,random,300,0,0,9,,93.713,0,0,3.837,62.573,4.753,24.333,0.41,1.017,0.163,0.247,0.543,0.363,0.247,1.02,0,0,0,0,0,0.033,0,4,3.57,3.57,2.047,0.497,26.443,,,,,,,,,,,,,2,reflection,1,1,borrowed-shadow,1,4,counter-exam,1,7,300,10,10,90,0,0,300,1978,0,0,300,1978,0,0,1200,49,1071,1071,614,149,7933,118,0,0.0333,9,,6.5933,,6.5933,,0.0408,0.5733,0.1391,0
mirror-shade,4,tide-siege,w0h-l-,single-water,300,0,0,9,,100,0,0,4,33.163,5,66.873,0,0,0,0,1,1,0.537,0,0,0,0,0,0,0,0,4,4,4,0,0,0,,,,,,,,,,,,,2,reflection,1,1,borrowed-shadow,1,4,counter-exam,1,7,300,0,0,0,0,0,300,2394,0,0,300,2394,0,0,1200,0,1200,1200,0,0,0,0,0,0,,,7.98,,7.98,,0,0,0,
mirror-shade,4,tide-siege,w0h-l-,legacy-cycle,300,0,0,9,,92.193,0,0,4,80.453,5,42.887,0,0,0,0,0.13,0,0.13,2.657,0,0,0,0,0,0.99,0,4,4,4,3.133,0,36.633,,,,,,,,,,,,,2,reflection,1,1,borrowed-shadow,1,4,counter-exam,1,7,300,297,297,2175,0,0,300,1724,0,0,300,1724,0,0,1200,0,1200,1200,940,0,10990,0,0,0.99,7.3232,,5.7467,,5.7467,,0,0.7833,0,
mirror-shade,4,tide-siege,w0h-l-,greedy,300,164,0.5467,8.61,0.9207,32.11,0,0,2.207,43.007,4.887,2.19,0.987,0.143,0.907,0.08,1.287,0.94,0.377,1.797,0,0,0,0,0,0.013,0,3.613,3.887,3.887,3.753,1.45,56.73,,,,,,,,,,,,,1.997,reflection,1,1,borrowed-shadow,1,4,counter-exam,0.9967,7,300,4,4,34,2,18,300,621,164,295,136,326,0,0,1084,272,1166,1166,1126,435,17019,285,157,0.0133,8.5,9,2.07,1.7988,2.3971,,0.2509,0.9657,0.3731,0.5509
mirror-shade,4,tide-siege,w0h-l-,planner,300,182,0.6067,8.597,0.9261,56.72,0,0,2.397,47.233,4.88,2.057,0.72,0.1,0.63,0.09,1.13,0.757,0.4,2.133,0,0,0,0,0,0.027,0,3.603,3.88,3.88,3.74,1.647,59.37,,,,,,,,,,,,,1.993,reflection,1,1,borrowed-shadow,1,4,counter-exam,0.9933,7,300,8,8,71,7,63,300,1143,182,186,118,957,0,0,1081,189,1164,1164,1122,494,17811,298,181,0.0267,8.875,9,3.81,1.022,8.1102,,0.1748,0.9639,0.4244,0.6074
mirror-shade,4,tide-siege,w0h-l-,forecast-aware,300,90,0.3,8.807,0.9284,39.071,0,0,2.623,52.287,3.687,2.493,2.22,0,0.91,1.31,1.217,0.86,0.367,2.16,0,0,0,0,0,0.017,0,3.807,2.893,2.893,2.663,0.85,40.083,,,,,,,,,,,,,2,reflection,1,1,borrowed-shadow,1,4,counter-exam,1,7,300,5,5,44,5,44,300,586,90,128,210,458,0,0,1142,273,868,868,799,255,12025,196,68,0.0167,8.8,8.8,1.9533,1.4222,2.181,,0.2391,0.9205,0.2938,0.3469
mirror-shade,4,tide-siege,w0h-l-,planner-one-mistake,300,67,0.2233,8.913,0.9569,62.897,0,0,3.063,62.76,4.94,12.17,0.687,0.247,0.627,0.06,1.047,0.753,0.313,2.407,0,0,0,0,0,0.007,0,3.913,3.94,3.94,3.447,1.497,58.043,182,300,182,56,0,20,280,0.3077,1,12.9683,3.5,0,2,reflection,1,1,borrowed-shadow,1,4,counter-exam,1,7,300,2,2,18,2,18,300,1898,67,45,233,1853,0,0,1174,188,1182,1182,1034,449,17413,283,65,0.0067,9,9,6.3267,0.6716,7.9528,,0.1601,0.8748,0.3799,0.2297
mirror-shade,4,tide-siege,w0h-l0,random,300,0,0,9,,93.187,0,0,3.837,63.267,4.753,24.8,0.41,1.017,0.163,0.247,0.543,0.363,0.243,1.02,0,0,0,0,0,0.033,0,4,3.57,3.57,2.047,0.497,26.9,,,,,,,,,,,,,2,reflection,1,1,borrowed-shadow,1,4,counter-exam,1,7,300,10,10,90,0,0,300,1978,0,0,300,1978,0,0,1200,49,1071,1071,614,149,8070,118,0,0.0333,9,,6.5933,,6.5933,,0.0408,0.5733,0.1391,0
mirror-shade,4,tide-siege,w0h-l0,single-water,300,0,0,9,,100,0,0,4,33.163,5,66.873,0,0,0,0,1,1,0.537,0,0,0,0,0,0,0,0,4,4,4,0,0,0,,,,,,,,,,,,,2,reflection,1,1,borrowed-shadow,1,4,counter-exam,1,7,300,0,0,0,0,0,300,2394,0,0,300,2394,0,0,1200,0,1200,1200,0,0,0,0,0,0,,,7.98,,7.98,,0,0,0,
mirror-shade,4,tide-siege,w0h-l0,legacy-cycle,300,0,0,9,,90.53,0,0,4,80.797,5,43.333,0,0,0,0,0.13,0,0.13,2.657,0,0,0,0,0,0.99,0,4,4,4,3.133,0,37.88,,,,,,,,,,,,,2,reflection,1,1,borrowed-shadow,1,4,counter-exam,1,7,300,297,297,2175,0,0,300,1724,0,0,300,1724,0,0,1200,0,1200,1200,940,0,11364,0,0,0.99,7.3232,,5.7467,,5.7467,,0,0.7833,0,
mirror-shade,4,tide-siege,w0h-l0,greedy,300,182,0.6067,8.567,0.9206,31.076,0,0,2.123,41.073,4.88,2.147,0.977,0.127,0.89,0.087,1.293,0.9,0.43,1.79,0,0,0,0,0,0.01,0,3.573,3.88,3.88,3.757,1.453,57.25,,,,,,,,,,,,,1.993,reflection,1,1,borrowed-shadow,1,4,counter-exam,0.9933,7,300,3,3,25,1,9,300,603,182,313,118,290,0,0,1072,267,1164,1164,1127,436,17175,286,174,0.01,8.3333,9,2.01,1.7198,2.4576,,0.2491,0.9682,0.3746,0.6084
mirror-shade,4,tide-siege,w0h-l0,planner,300,196,0.6533,8.56,0.9252,55.077,0,0,2.33,45.633,4.877,2.027,0.707,0.093,0.62,0.087,1.127,0.747,0.407,2.17,0,0,0,0,0,0.027,0,3.573,3.877,3.877,3.733,1.663,60.237,,,,,,,,,,,,,1.987,reflection,1,1,borrowed-shadow,1,4,counter-exam,0.9867,7,300,8,8,71,7,63,300,1028,196,192,104,836,0,0,1072,186,1163,1163,1120,499,18071,298,195,0.0267,8.875,9,3.4267,0.9796,8.0385,,0.1735,0.963,0.4291,0.6544
mirror-shade,4,tide-siege,w0h-l0,forecast-aware,300,94,0.3133,8.787,0.9243,37.85,0,0,2.603,51.827,3.683,2.513,2.21,0,0.9,1.31,1.213,0.853,0.37,2.16,0,0,0,0,0,0.017,0,3.787,2.89,2.89,2.66,0.85,40.44,,,,,,,,,,,,,2,reflection,1,1,borrowed-shadow,1,4,counter-exam,1,7,300,5,5,44,5,44,300,589,94,139,206,450,0,0,1136,270,867,867,798,255,12132,196,71,0.0167,8.8,8.8,1.9633,1.4787,2.1845,,0.2377,0.9204,0.2941,0.3622
mirror-shade,4,tide-siege,w0h-l0,planner-one-mistake,300,82,0.2733,8.88,0.9512,62.5,0,0,3,61.193,4.94,12.977,0.667,0.237,0.607,0.06,1.07,0.747,0.337,2.387,0,0,0,0,0,0.013,0,3.88,3.94,3.94,3.43,1.53,58.95,196,300,196,73,0,19,281,0.3724,1,12.9358,1.25,0,2,reflection,1,1,borrowed-shadow,1,4,counter-exam,1,7,300,4,4,36,4,36,300,1782,82,61,218,1721,0,0,1164,182,1182,1182,1029,459,17685,286,80,0.0133,9,9,5.94,0.7439,7.8945,,0.1564,0.8706,0.3883,0.2797
mirror-shade,4,tide-siege,w0h-l+,random,300,0,0,9,,92.857,0,0,3.837,63.593,4.753,25.057,0.41,1.017,0.163,0.247,0.543,0.363,0.243,1.02,0,0,0,0,0,0.033,0,4,3.57,3.57,2.047,0.497,27.193,,,,,,,,,,,,,2,reflection,1,1,borrowed-shadow,1,4,counter-exam,1,7,300,10,10,90,0,0,300,1978,0,0,300,1978,0,0,1200,49,1071,1071,614,149,8158,118,0,0.0333,9,,6.5933,,6.5933,,0.0408,0.5733,0.1391,0
mirror-shade,4,tide-siege,w0h-l+,single-water,300,0,0,9,,100,0,0,4,33.163,5,66.873,0,0,0,0,1,1,0.537,0,0,0,0,0,0,0,0,4,4,4,0,0,0,,,,,,,,,,,,,2,reflection,1,1,borrowed-shadow,1,4,counter-exam,1,7,300,0,0,0,0,0,300,2394,0,0,300,2394,0,0,1200,0,1200,1200,0,0,0,0,0,0,,,7.98,,7.98,,0,0,0,
mirror-shade,4,tide-siege,w0h-l+,legacy-cycle,300,0,0,9,,89.337,0,0,4,80.913,5,43.383,0,0,0,0,0.13,0,0.13,2.657,0,0,0,0,0,0.99,0,4,4,4,3.133,0,38.29,,,,,,,,,,,,,2,reflection,1,1,borrowed-shadow,1,4,counter-exam,1,7,300,297,297,2175,0,0,300,1724,0,0,300,1724,0,0,1200,0,1200,1200,940,0,11487,0,0,0.99,7.3232,,5.7467,,5.7467,,0,0.7833,0,
mirror-shade,4,tide-siege,w0h-l+,greedy,300,194,0.6467,8.527,0.9187,29.802,0,0,2.06,39.607,4.863,2.1,0.977,0.12,0.883,0.093,1.293,0.9,0.437,1.78,0,0,0,0,0,0.007,0,3.547,3.863,3.863,3.74,1.45,57.363,,,,,,,,,,,,,1.98,reflection,1,1,borrowed-shadow,1,4,counter-exam,0.98,7,300,2,2,16,0,0,300,600,194,329,106,271,0,0,1064,265,1159,1159,1122,435,17209,286,186,0.0067,8,,2,1.6959,2.5566,,0.2491,0.9681,0.3753,0.6503
mirror-shade,4,tide-siege,w0h-l+,planner,300,209,0.6967,8.523,0.924,53.703,0,0,2.257,43.913,4.88,1.957,0.697,0.093,0.617,0.08,1.14,0.75,0.41,2.157,0,0,0,0,0,0.027,0,3.54,3.88,3.88,3.743,1.66,60.883,,,,,,,,,,,,,1.983,reflection,1,1,borrowed-shadow,1,4,counter-exam,0.9833,7,300,8,8,71,8,71,300,950,209,221,91,729,0,0,1062,185,1164,1164,1123,498,18265,298,208,0.0267,8.875,8.875,3.1667,1.0574,8.011,,0.1742,0.9648,0.4278,0.698
mirror-shade,4,tide-siege,w0h-l+,forecast-aware,300,114,0.38,8.707,0.9142,37.484,0,0,2.493,49.347,3.67,2.46,2.18,0,0.873,1.307,1.203,0.83,0.383,2.153,0,0,0,0,0,0.017,0,3.717,2.877,2.877,2.65,0.85,40.787,,,,,,,,,,,,,1.99,reflection,1,1,borrowed-shadow,1,4,counter-exam,0.99,7,300,5,5,44,5,44,300,577,114,162,186,415,0,0,1115,262,863,863,795,255,12236,196,87,0.0167,8.8,8.8,1.9233,1.4211,2.2312,,0.235,0.9212,0.2955,0.4439
mirror-shade,4,tide-siege,w0h-l+,planner-one-mistake,300,88,0.2933,8.867,0.9495,61.561,0,0,2.963,60.34,4.933,13.22,0.677,0.24,0.61,0.067,1.067,0.74,0.34,2.36,0,0,0,0,0,0.013,0,3.867,3.933,3.933,3.42,1.533,59.453,209,300,209,77,0,19,281,0.3684,1,12.8425,1.25,0,2,reflection,1,1,borrowed-shadow,1,4,counter-exam,1,7,300,4,4,36,4,36,300,1739,88,67,212,1672,0,0,1160,183,1180,1180,1026,460,17836,286,85,0.0133,9,9,5.7967,0.7614,7.8868,,0.1578,0.8695,0.3898,0.2972
mirror-shade,4,tide-siege,w0h0l-,random,300,0,0,9,,93.183,0,0,3.837,63.417,4.753,24.62,0.41,1.017,0.163,0.247,0.543,0.363,0.247,1.02,0,0,0,0,0,0.033,0,4,3.57,3.57,2.047,0.497,26.9,,,,,,,,,,,,,2,reflection,1,1,borrowed-shadow,1,4,counter-exam,1,7,300,10,10,90,0,0,300,1978,0,0,300,1978,0,0,1200,49,1071,1071,614,149,8070,118,0,0.0333,9,,6.5933,,6.5933,,0.0408,0.5733,0.1391,0
mirror-shade,4,tide-siege,w0h0l-,single-water,300,0,0,9,,100,0,0,4,33.163,5,66.873,0,0,0,0,1,1,0.537,0,0,0,0,0,0,0,0,4,4,4,0,0,0,,,,,,,,,,,,,2,reflection,1,1,borrowed-shadow,1,4,counter-exam,1,7,300,0,0,0,0,0,300,2394,0,0,300,2394,0,0,1200,0,1200,1200,0,0,0,0,0,0,,,7.98,,7.98,,0,0,0,
mirror-shade,4,tide-siege,w0h0l-,legacy-cycle,300,0,0,9,,90.26,0,0,4,80.88,5,43.567,0,0,0,0,0.13,0,0.13,2.657,0,0,0,0,0,0.99,0,4,4,4,3.133,0,37.537,,,,,,,,,,,,,2,reflection,1,1,borrowed-shadow,1,4,counter-exam,1,7,300,297,297,2175,0,0,300,1724,0,0,300,1724,0,0,1200,0,1200,1200,940,0,11261,0,0,0.99,7.3232,,5.7467,,5.7467,,0,0.7833,0,
mirror-shade,4,tide-siege,w0h0l-,greedy,300,185,0.6167,8.547,0.9183,31,0,0,2.113,40.84,4.867,2.447,0.967,0.13,0.88,0.087,1.25,0.913,0.357,1.887,0,0,0,0,0,0.03,0,3.56,3.867,3.867,3.737,1.44,56.757,,,,,,,,,,,,,1.987,reflection,1,1,borrowed-shadow,1,4,counter-exam,0.9867,7,300,9,9,72,3,25,300,603,185,325,115,278,0,0,1068,264,1160,1160,1121,432,17027,285,177,0.03,8,8.3333,2.01,1.7568,2.4174,,0.2472,0.9664,0.3724,0.6211
mirror-shade,4,tide-siege,w0h0l-,planner,300,203,0.6767,8.547,0.9256,55.99,0,0,2.3,44.907,4.853,1.98,0.723,0.093,0.62,0.103,1.117,0.757,0.387,2.203,0,0,0,0,0,0.023,0,3.567,3.853,3.853,3.717,1.623,59.49,,,,,,,,,,,,,1.98,reflection,1,1,borrowed-shadow,1,4,counter-exam,0.98,7,300,7,7,62,6,54,300,997,203,217,97,780,0,0,1070,186,1156,1156,1115,487,17847,298,202,0.0233,8.8571,9,3.3233,1.069,8.0412,,0.1738,0.9645,0.4213,0.6779
mirror-shade,4,tide-siege,w0h0l-,forecast-aware,300,103,0.3433,8.737,0.9148,37.873,0,0,2.55,50.64,3.67,2.493,2.193,0,0.887,1.307,1.217,0.85,0.377,2.14,0,0,0,0,0,0.017,0,3.747,2.877,2.877,2.65,0.85,40.213,,,,,,,,,,,,,1.99,reflection,1,1,borrowed-shadow,1,4,counter-exam,0.99,7,300,5,5,44,5,44,300,576,103,141,197,435,0,0,1124,266,863,863,795,255,12064,196,80,0.0167,8.8,8.8,1.92,1.3689,2.2081,,0.2367,0.9212,0.2955,0.4082
mirror-shade,4,tide-siege,w0h0l-,planner-one-mistake,300,86,0.2867,8.867,0.9483,62.402,0,0,2.96,60.313,4.94,12.473,0.68,0.233,0.62,0.06,1.067,0.747,0.333,2.463,0,0,0,0,0,0.017,0,3.867,3.94,3.94,3.457,1.51,58.947,203,300,203,73,0,20,280,0.3596,1,13.0733,3.5,0,2,reflection,1,1,borrowed-shadow,1,4,counter-exam,1,7,300,5,5,45,5,45,300,1777,86,63,214,1714,0,0,1160,186,1182,1182,1037,453,17684,285,83,0.0167,9,9,5.9233,0.7326,8.0093,,0.1603,0.8773,0.3832,0.2912
mirror-shade,4,tide-siege,w0h0l0,random,300,0,0,9,,92.627,0,0,3.837,64.073,4.753,25.087,0.41,1.017,0.163,0.247,0.543,0.363,0.243,1.02,0,0,0,0,0,0.033,0,4,3.57,3.57,2.047,0.497,27.357,,,,,,,,,,,,,2,reflection,1,1,borrowed-shadow,1,4,counter-exam,1,7,300,10,10,90,0,0,300,1978,0,0,300,1978,0,0,1200,49,1071,1071,614,149,8207,118,0,0.0333,9,,6.5933,,6.5933,,0.0408,0.5733,0.1391,0
mirror-shade,4,tide-siege,w0h0l0,single-water,300,0,0,9,,100,0,0,4,33.163,5,66.873,0,0,0,0,1,1,0.537,0,0,0,0,0,0,0,0,4,4,4,0,0,0,,,,,,,,,,,,,2,reflection,1,1,borrowed-shadow,1,4,counter-exam,1,7,300,0,0,0,0,0,300,2394,0,0,300,2394,0,0,1200,0,1200,1200,0,0,0,0,0,0,,,7.98,,7.98,,0,0,0,
mirror-shade,4,tide-siege,w0h0l0,legacy-cycle,300,0,0,9,,87.953,0,0,4,81.147,5,44.013,0,0,0,0,0.13,0,0.13,2.657,0,0,0,0,0,0.99,0,4,4,4,3.133,0,38.783,,,,,,,,,,,,,2,reflection,1,1,borrowed-shadow,1,4,counter-exam,1,7,300,297,297,2175,0,0,300,1724,0,0,300,1724,0,0,1200,0,1200,1200,940,0,11635,0,0,0.99,7.3232,,5.7467,,5.7467,,0,0.7833,0,
mirror-shade,4,tide-siege,w0h0l0,greedy,300,196,0.6533,8.487,0.9127,30.231,0,0,2.06,39.647,4.853,2.323,0.937,0.12,0.85,0.087,1.267,0.887,0.407,1.92,0,0,0,0,0,0.02,0,3.513,3.853,3.853,3.733,1.443,57.39,,,,,,,,,,,,,1.973,reflection,1,1,borrowed-shadow,1,4,counter-exam,0.9733,7,300,6,6,47,2,16,300,597,196,338,104,259,0,0,1054,255,1156,1156,1120,433,17217,286,188,0.02,7.8333,8,1.99,1.7245,2.4904,,0.2419,0.9689,0.3746,0.6573
mirror-shade,4,tide-siege,w0h0l0,planner,300,214,0.7133,8.517,0.9247,55.023,0,0,2.25,43.68,4.867,1.927,0.69,0.103,0.607,0.083,1.157,0.763,0.417,2.19,0,0,0,0,0,0.02,0,3.543,3.867,3.867,3.73,1.623,60.35,,,,,,,,,,,,,1.973,reflection,1,1,borrowed-shadow,1,4,counter-exam,0.9733,7,300,6,6,53,6,53,300,923,214,232,86,691,0,0,1063,182,1160,1160,1119,487,18105,298,213,0.02,8.8333,8.8333,3.0767,1.0841,8.0349,,0.1712,0.9647,0.4198,0.7148
mirror-shade,4,tide-siege,w0h0l0,forecast-aware,300,117,0.39,8.673,0.9069,37.284,0,0,2.473,48.907,3.657,2.513,2.17,0,0.863,1.307,1.2,0.82,0.39,2.133,0,0,0,0,0,0.017,0,3.683,2.863,2.863,2.637,0.85,40.547,,,,,,,,,,,,,1.99,reflection,1,1,borrowed-shadow,1,4,counter-exam,0.99,7,300,5,5,44,5,44,300,568,117,163,183,405,0,0,1105,259,859,859,791,255,12164,196,89,0.0167,8.8,8.8,1.8933,1.3932,2.2131,,0.2344,0.9208,0.2969,0.4541
mirror-shade,4,tide-siege,w0h0l0,planner-one-mistake,300,91,0.3033,8.863,0.9499,61.526,0,0,2.96,60.207,4.937,13.133,0.663,0.24,0.6,0.063,1.087,0.76,0.34,2.45,0,0,0,0,0,0.02,0,3.863,3.937,3.937,3.443,1.523,59.603,214,300,214,81,0,17,283,0.3785,1,13.1083,1.25,0,2,reflection,1,1,borrowed-shadow,1,4,counter-exam,1,7,300,6,6,54,6,54,300,1723,91,62,209,1661,0,0,1159,180,1181,1181,1033,457,17881,288,88,0.02,9,9,5.7433,0.6813,7.9474,,0.1553,0.8747,0.387,0.3056
mirror-shade,4,tide-siege,w0h0l+,random,300,0,0,9,,92.283,0,0,3.837,64.383,4.753,25.343,0.41,1.017,0.163,0.247,0.543,0.363,0.243,1.02,0,0,0,0,0,0.033,0,4,3.57,3.57,2.047,0.497,27.65,,,,,,,,,,,,,2,reflection,1,1,borrowed-shadow,1,4,counter-exam,1,7,300,10,10,90,0,0,300,1978,0,0,300,1978,0,0,1200,49,1071,1071,614,149,8295,118,0,0.0333,9,,6.5933,,6.5933,,0.0408,0.5733,0.1391,0
mirror-shade,4,tide-siege,w0h0l+,single-water,300,0,0,9,,100,0,0,4,33.163,5,66.873,0,0,0,0,1,1,0.537,0,0,0,0,0,0,0,0,4,4,4,0,0,0,,,,,,,,,,,,,2,reflection,1,1,borrowed-shadow,1,4,counter-exam,1,7,300,0,0,0,0,0,300,2394,0,0,300,2394,0,0,1200,0,1200,1200,0,0,0,0,0,0,,,7.98,,7.98,,0,0,0,
mirror-shade,4,tide-siege,w0h0l+,legacy-cycle,300,0,0,9,,86.61,0,0,4,81.23,5,44.063,0,0,0,0,0.13,0,0.13,2.657,0,0,0,0,0,0.99,0,4,4,4,3.133,0,39.193,,,,,,,,,,,,,2,reflection,1,1,borrowed-shadow,1,4,counter-exam,1,7,300,297,297,2175,0,0,300,1724,0,0,300,1724,0,0,1200,0,1200,1200,940,0,11758,0,0,0.99,7.3232,,5.7467,,5.7467,,0,0.7833,0,
mirror-shade,4,tide-siege,w0h0l+,greedy,300,206,0.6867,8.433,0.9083,29.532,0,0,1.997,38.267,4.837,2.1,0.937,0.117,0.843,0.093,1.28,0.877,0.437,1.84,0,0,0,0,0,0.01,0,3.477,3.837,3.837,3.717,1.433,57.443,,,,,,,,,,,,,1.957,reflection,1,1,borrowed-shadow,1,4,counter-exam,0.9567,7,300,3,3,25,1,9,300,614,206,367,94,247,0,0,1043,253,1151,1151,1115,430,17233,286,198,0.01,8.3333,9,2.0467,1.7816,2.6277,,0.2426,0.9687,0.3736,0.6923
mirror-shade,4,tide-siege,w0h0l+,planner,300,230,0.7667,8.463,0.9222,54.529,0,0,2.153,41.427,4.867,1.96,0.68,0.103,0.597,0.083,1.177,0.763,0.437,2.177,0,0,0,0,0,0.023,0,3.493,3.867,3.867,3.737,1.623,60.793,,,,,,,,,,,,,1.97,reflection,1,1,borrowed-shadow,1,4,counter-exam,0.97,7,300,7,7,62,7,62,300,835,230,277,70,558,0,0,1048,179,1160,1160,1121,487,18238,298,229,0.0233,8.8571,8.8571,2.7833,1.2043,7.9714,,0.1708,0.9664,0.4198,0.7685
mirror-shade,4,tide-siege,w0h0l+,forecast-aware,300,135,0.45,8.62,0.9062,36.897,0,0,2.383,46.853,3.657,2.45,2.15,0,0.847,1.303,1.19,0.8,0.397,2.127,0,0,0,0,0,0.017,0,3.633,2.863,2.863,2.637,0.85,40.853,,,,,,,,,,,,,1.987,reflection,1,1,borrowed-shadow,1,4,counter-exam,0.9867,7,300,5,5,44,5,44,300,564,135,189,165,375,0,0,1090,254,859,859,791,255,12256,196,107,0.0167,8.8,8.8,1.88,1.4,2.2727,,0.233,0.9208,0.2969,0.5459
mirror-shade,4,tide-siege,w0h0l+,planner-one-mistake,300,105,0.35,8.84,0.9492,60.944,0,0,2.893,58.593,4.937,13.34,0.66,0.24,0.597,0.063,1.083,0.763,0.333,2.457,0,0,0,0,0,0.02,0,3.84,3.937,3.937,3.443,1.527,60.183,230,300,230,93,0,17,283,0.4043,1,13.0417,1.25,0,2,reflection,1,1,borrowed-shadow,1,4,counter-exam,1,7,300,6,6,54,6,54,300,1627,105,80,195,1547,0,0,1152,179,1181,1181,1033,458,18055,288,102,0.02,9,9,5.4233,0.7619,7.9333,,0.1554,0.8747,0.3878,0.3542
mirror-shade,4,tide-siege,w0h+l-,random,300,0,0,9,,92.903,0,0,3.837,63.78,4.753,24.843,0.41,1.017,0.163,0.247,0.543,0.363,0.247,1.02,0,0,0,0,0,0.033,0,4,3.57,3.57,2.047,0.497,27.14,,,,,,,,,,,,,2,reflection,1,1,borrowed-shadow,1,4,counter-exam,1,7,300,10,10,90,0,0,300,1978,0,0,300,1978,0,0,1200,49,1071,1071,614,149,8142,118,0,0.0333,9,,6.5933,,6.5933,,0.0408,0.5733,0.1391,0
mirror-shade,4,tide-siege,w0h+l-,single-water,300,0,0,9,,100,0,0,4,33.163,5,66.873,0,0,0,0,1,1,0.537,0,0,0,0,0,0,0,0,4,4,4,0,0,0,,,,,,,,,,,,,2,reflection,1,1,borrowed-shadow,1,4,counter-exam,1,7,300,0,0,0,0,0,300,2394,0,0,300,2394,0,0,1200,0,1200,1200,0,0,0,0,0,0,,,7.98,,7.98,,0,0,0,
mirror-shade,4,tide-siege,w0h+l-,legacy-cycle,300,0,0,9,,89.383,0,0,4,81.013,5,43.857,0,0,0,0,0.13,0,0.13,2.657,0,0,0,0,0,0.99,0,4,4,4,3.133,0,37.727,,,,,,,,,,,,,2,reflection,1,1,borrowed-shadow,1,4,counter-exam,1,7,300,297,297,2175,0,0,300,1724,0,0,300,1724,0,0,1200,0,1200,1200,940,0,11318,0,0,0.99,7.3232,,5.7467,,5.7467,,0,0.7833,0,
mirror-shade,4,tide-siege,w0h+l-,greedy,300,192,0.64,8.51,0.9149,30.231,0,0,2.08,40.093,4.857,2.423,0.947,0.137,0.86,0.087,1.243,0.877,0.387,1.87,0,0,0,0,0,0.03,0,3.533,3.857,3.857,3.73,1.437,57.027,,,,,,,,,,,,,1.977,reflection,1,1,borrowed-shadow,1,4,counter-exam,0.9767,7,300,9,9,72,4,33,300,594,192,334,108,260,0,0,1060,258,1157,1157,1119,431,17108,285,184,0.03,8,8.25,1.98,1.7396,2.4074,,0.2434,0.9672,0.3725,0.6456
mirror-shade,4,tide-siege,w0h+l-,planner,300,219,0.73,8.497,0.9234,55.049,0,0,2.197,42.52,4.85,1.8,0.73,0.087,0.623,0.107,1.13,0.773,0.373,2.067,0,0,0,0,0,0.027,0,3.513,3.85,3.85,3.74,1.627,60.02,,,,,,,,,,,,,1.983,reflection,1,1,borrowed-shadow,1,4,counter-exam,0.9833,7,300,8,8,69,7,62,300,904,219,257,81,647,0,0,1054,187,1155,1155,1122,488,18006,298,218,0.0267,8.625,8.8571,3.0133,1.1735,7.9877,,0.1774,0.9714,0.4225,0.7315
mirror-shade,4,tide-siege,w0h+l-,forecast-aware,300,114,0.38,8.703,0.9133,37.715,0,0,2.5,49.5,3.67,2.493,2.177,0,0.87,1.307,1.203,0.837,0.377,2.133,0,0,0,0,0,0.017,0,3.713,2.877,2.877,2.65,0.85,40.517,,,,,,,,,,,,,1.99,reflection,1,1,borrowed-shadow,1,4,counter-exam,0.99,7,300,5,5,44,5,44,300,575,114,155,186,420,0,0,1114,261,863,863,795,255,12155,196,90,0.0167,8.8,8.8,1.9167,1.3596,2.2581,,0.2343,0.9212,0.2955,0.4592
mirror-shade,4,tide-siege,w0h+l-,planner-one-mistake,300,98,0.3267,8.863,0.9535,61.772,0,0,2.917,59.207,4.94,12.81,0.68,0.23,0.62,0.06,1.1,0.76,0.353,2.433,0,0,0,0,0,0.027,0,3.863,3.94,3.94,3.45,1.507,59.2,219,300,219,85,0,20,280,0.3881,1,13.3033,3.5,0,2,reflection,1,1,borrowed-shadow,1,4,counter-exam,1,7,300,8,8,68,8,68,300,1689,98,73,202,1616,0,0,1159,186,1182,1182,1035,452,17760,285,95,0.0267,8.5,8.5,5.63,0.7449,8,,0.1605,0.8756,0.3824,0.3333
mirror-shade,4,tide-siege,w0h+l0,random,300,0,0,9,,92.337,0,0,3.837,64.423,4.753,25.31,0.41,1.017,0.163,0.247,0.543,0.363,0.243,1.02,0,0,0,0,0,0.033,0,4,3.57,3.57,2.047,0.497,27.597,,,,,,,,,,,,,2,reflection,1,1,borrowed-shadow,1,4,counter-exam,1,7,300,10,10,90,0,0,300,1978,0,0,300,1978,0,0,1200,49,1071,1071,614,149,8279,118,0,0.0333,9,,6.5933,,6.5933,,0.0408,0.5733,0.1391,0
mirror-shade,4,tide-siege,w0h+l0,single-water,300,0,0,9,,100,0,0,4,33.163,5,66.873,0,0,0,0,1,1,0.537,0,0,0,0,0,0,0,0,4,4,4,0,0,0,,,,,,,,,,,,,2,reflection,1,1,borrowed-shadow,1,4,counter-exam,1,7,300,0,0,0,0,0,300,2394,0,0,300,2394,0,0,1200,0,1200,1200,0,0,0,0,0,0,,,7.98,,7.98,,0,0,0,
mirror-shade,4,tide-siege,w0h+l0,legacy-cycle,300,0,0,9,,86.927,0,0,4,81.247,5,44.303,0,0,0,0,0.13,0,0.13,2.657,0,0,0,0,0,0.99,0,4,4,4,3.133,0,38.973,,,,,,,,,,,,,2,reflection,1,1,borrowed-shadow,1,4,counter-exam,1,7,300,297,297,2175,0,0,300,1724,0,0,300,1724,0,0,1200,0,1200,1200,940,0,11692,0,0,0.99,7.3232,,5.7467,,5.7467,,0,0.7833,0,
mirror-shade,4,tide-siege,w0h+l0,greedy,300,207,0.69,8.403,0.9039,29.387,0,0,1.987,38.06,4.83,2.293,0.917,0.127,0.83,0.087,1.243,0.86,0.403,1.883,0,0,0,0,0,0.023,0,3.45,3.83,3.83,3.707,1.437,57.607,,,,,,,,,,,,,1.953,reflection,1,1,borrowed-shadow,1,4,counter-exam,0.9533,7,300,7,7,56,4,33,300,591,207,355,93,236,0,0,1035,249,1149,1149,1112,431,17282,286,198,0.0233,8,8.25,1.97,1.715,2.5376,,0.2406,0.9678,0.3751,0.6923
mirror-shade,4,tide-siege,w0h+l0,planner,300,235,0.7833,8.383,0.9125,54.631,0,0,2.08,39.88,4.843,1.653,0.68,0.097,0.59,0.09,1.153,0.75,0.42,2.09,0,0,0,0,0,0.023,0,3.423,3.843,3.843,3.743,1.637,61.043,,,,,,,,,,,,,1.96,reflection,1,1,borrowed-shadow,1,4,counter-exam,0.96,7,300,7,7,62,7,62,300,817,235,295,65,522,0,0,1027,177,1153,1153,1123,491,18313,298,234,0.0233,8.8571,8.8571,2.7233,1.2553,8.0308,,0.1723,0.974,0.4258,0.7852
mirror-shade,4,tide-siege,w0h+l0,forecast-aware,300,131,0.4367,8.633,0.9067,37.337,0,0,2.41,47.46,3.657,2.473,2.153,0,0.847,1.307,1.193,0.803,0.397,2.127,0,0,0,0,0,0.017,0,3.643,2.863,2.863,2.637,0.85,40.817,,,,,,,,,,,,,1.99,reflection,1,1,borrowed-shadow,1,4,counter-exam,0.99,7,300,5,5,44,5,44,300,562,131,180,169,382,0,0,1093,254,859,859,791,255,12245,196,103,0.0167,8.8,8.8,1.8733,1.374,2.2604,,0.2324,0.9208,0.2969,0.5255
mirror-shade,4,tide-siege,w0h+l0,planner-one-mistake,300,108,0.36,8.853,0.9547,61.073,0,0,2.89,58.467,4.937,13.287,0.667,0.237,0.603,0.063,1.117,0.78,0.35,2.447,0,0,0,0,0,0.023,0,3.853,3.937,3.937,3.44,1.513,59.833,235,300,235,96,0,17,283,0.4085,1,13.3417,1.25,0,2,reflection,1,1,borrowed-shadow,1,4,counter-exam,1,7,300,7,7,63,7,63,300,1604,108,74,192,1530,0,0,1156,181,1181,1181,1032,454,17950,288,104,0.0233,9,9,5.3467,0.6852,7.9688,,0.1566,0.8738,0.3844,0.3611
mirror-shade,4,tide-siege,w0h+l+,random,300,0,0,9,,91.987,0,0,3.837,64.73,4.753,25.567,0.41,1.017,0.163,0.247,0.543,0.363,0.243,1.02,0,0,0,0,0,0.033,0,4,3.57,3.57,2.047,0.497,27.89,,,,,,,,,,,,,2,reflection,1,1,borrowed-shadow,1,4,counter-exam,1,7,300,10,10,90,0,0,300,1978,0,0,300,1978,0,0,1200,49,1071,1071,614,149,8367,118,0,0.0333,9,,6.5933,,6.5933,,0.0408,0.5733,0.1391,0
mirror-shade,4,tide-siege,w0h+l+,single-water,300,0,0,9,,100,0,0,4,33.163,5,66.873,0,0,0,0,1,1,0.537,0,0,0,0,0,0,0,0,4,4,4,0,0,0,,,,,,,,,,,,,2,reflection,1,1,borrowed-shadow,1,4,counter-exam,1,7,300,0,0,0,0,0,300,2394,0,0,300,2394,0,0,1200,0,1200,1200,0,0,0,0,0,0,,,7.98,,7.98,,0,0,0,
mirror-shade,4,tide-siege,w0h+l+,legacy-cycle,300,0,0,9,,86.213,0,0,4,81.277,5,44.353,0,0,0,0,0.13,0,0.13,2.657,0,0,0,0,0,0.99,0,4,4,4,3.133,0,39.383,,,,,,,,,,,,,2,reflection,1,1,borrowed-shadow,1,4,counter-exam,1,7,300,297,297,2175,0,0,300,1724,0,0,300,1724,0,0,1200,0,1200,1200,940,0,11815,0,0,0.99,7.3232,,5.7467,,5.7467,,0,0.7833,0,
mirror-shade,4,tide-siege,w0h+l+,greedy,300,216,0.72,8.347,0.8992,29.179,0,0,1.93,36.833,4.813,2.5,0.9,0.12,0.807,0.093,1.247,0.863,0.413,1.79,0,0,0,0,0,0.027,0,3.41,3.813,3.813,3.687,1.427,57.547,,,,,,,,,,,,,1.937,reflection,1,1,borrowed-shadow,1,4,counter-exam,0.9367,7,300,8,8,63,4,33,300,598,216,371,84,227,0,0,1023,242,1144,1144,1106,428,17264,286,207,0.0267,7.875,8.25,1.9933,1.7176,2.7024,,0.2366,0.9668,0.3741,0.7238
mirror-shade,4,tide-siege,w0h+l+,planner,300,247,0.8233,8.303,0.906,54.528,0,0,1.987,37.793,4.84,1.687,0.657,0.1,0.57,0.087,1.15,0.727,0.44,2.063,0,0,0,0,0,0.023,0,3.357,3.84,3.84,3.743,1.627,61.377,,,,,,,,,,,,,1.947,reflection,1,1,borrowed-shadow,1,4,counter-exam,0.9467,7,300,7,7,60,6,53,300,756,247,332,53,424,0,0,1007,171,1152,1152,1123,488,18413,298,246,0.0233,8.5714,8.8333,2.52,1.3441,8,,0.1698,0.9748,0.4236,0.8255
mirror-shade,4,tide-siege,w0h+l+,forecast-aware,300,142,0.4733,8.593,0.9045,36.506,0,0,2.35,46.113,3.653,2.45,2.14,0,0.837,1.303,1.187,0.797,0.397,2.127,0,0,0,0,0,0.017,0,3.61,2.86,2.86,2.633,0.85,41.06,,,,,,,,,,,,,1.983,reflection,1,1,borrowed-shadow,1,4,counter-exam,0.9833,7,300,5,5,44,5,44,300,557,142,198,158,359,0,0,1083,251,858,858,790,255,12318,196,113,0.0167,8.8,8.8,1.8567,1.3944,2.2722,,0.2318,0.9207,0.2972,0.5765
mirror-shade,4,tide-siege,w0h+l+,planner-one-mistake,300,122,0.4067,8.83,0.9536,60.331,0,0,2.823,56.853,4.937,13.867,0.663,0.237,0.6,0.063,1.137,0.783,0.367,2.44,0,0,0,0,0,0.037,0,3.83,3.937,3.937,3.44,1.517,60.373,247,300,247,110,0,17,283,0.4453,1,13.275,1.25,0,2,reflection,1,1,borrowed-shadow,1,4,counter-exam,1,7,300,11,11,95,11,95,300,1503,122,95,178,1408,0,0,1149,180,1181,1181,1032,455,18112,288,118,0.0367,8.6364,8.6364,5.01,0.7787,7.9101,,0.1567,0.8738,0.3853,0.4097
mirror-shade,4,tide-siege,w+h-l-,random,300,0,0,9,,93.713,0,0,3.837,62.573,4.753,24.333,0.41,1.017,0.163,0.247,0.543,0.363,0.247,1.02,0,0,0,0,0,0.033,0,4,3.57,3.57,2.047,0.497,26.443,,,,,,,,,,,,,2,reflection,1,1,borrowed-shadow,1,4,counter-exam,1,7,300,10,10,90,0,0,300,1978,0,0,300,1978,0,0,1200,49,1071,1071,614,149,7933,118,0,0.0333,9,,6.5933,,6.5933,,0.0408,0.5733,0.1391,0
mirror-shade,4,tide-siege,w+h-l-,single-water,300,0,0,9,,100,0,0,4,33.163,5,66.873,0,0,0,0,1,1,0.537,0,0,0,0,0,0,0,0,4,4,4,0,0,0,,,,,,,,,,,,,2,reflection,1,1,borrowed-shadow,1,4,counter-exam,1,7,300,0,0,0,0,0,300,2394,0,0,300,2394,0,0,1200,0,1200,1200,0,0,0,0,0,0,,,7.98,,7.98,,0,0,0,
mirror-shade,4,tide-siege,w+h-l-,legacy-cycle,300,0,0,9,,92.193,0,0,4,80.453,5,42.887,0,0,0,0,0.13,0,0.13,2.657,0,0,0,0,0,0.99,0,4,4,4,3.133,0,36.633,,,,,,,,,,,,,2,reflection,1,1,borrowed-shadow,1,4,counter-exam,1,7,300,297,297,2175,0,0,300,1724,0,0,300,1724,0,0,1200,0,1200,1200,940,0,10990,0,0,0.99,7.3232,,5.7467,,5.7467,,0,0.7833,0,
mirror-shade,4,tide-siege,w+h-l-,greedy,300,164,0.5467,8.61,0.9207,32.11,0,0,2.207,43.007,4.887,2.19,0.987,0.143,0.907,0.08,1.287,0.94,0.377,1.797,0,0,0,0,0,0.013,0,3.613,3.887,3.887,3.753,1.45,56.73,,,,,,,,,,,,,1.997,reflection,1,1,borrowed-shadow,1,4,counter-exam,0.9967,7,300,4,4,34,2,18,300,621,164,295,136,326,0,0,1084,272,1166,1166,1126,435,17019,285,157,0.0133,8.5,9,2.07,1.7988,2.3971,,0.2509,0.9657,0.3731,0.5509
mirror-shade,4,tide-siege,w+h-l-,planner,300,182,0.6067,8.597,0.9261,56.72,0,0,2.397,47.233,4.88,2.057,0.72,0.1,0.63,0.09,1.13,0.757,0.4,2.133,0,0,0,0,0,0.027,0,3.603,3.88,3.88,3.74,1.647,59.37,,,,,,,,,,,,,1.993,reflection,1,1,borrowed-shadow,1,4,counter-exam,0.9933,7,300,8,8,71,7,63,300,1143,182,186,118,957,0,0,1081,189,1164,1164,1122,494,17811,298,181,0.0267,8.875,9,3.81,1.022,8.1102,,0.1748,0.9639,0.4244,0.6074
mirror-shade,4,tide-siege,w+h-l-,forecast-aware,300,90,0.3,8.807,0.9284,39.071,0,0,2.623,52.287,3.687,2.493,2.22,0,0.91,1.31,1.217,0.86,0.367,2.16,0,0,0,0,0,0.017,0,3.807,2.893,2.893,2.663,0.85,40.083,,,,,,,,,,,,,2,reflection,1,1,borrowed-shadow,1,4,counter-exam,1,7,300,5,5,44,5,44,300,586,90,128,210,458,0,0,1142,273,868,868,799,255,12025,196,68,0.0167,8.8,8.8,1.9533,1.4222,2.181,,0.2391,0.9205,0.2938,0.3469
mirror-shade,4,tide-siege,w+h-l-,planner-one-mistake,300,67,0.2233,8.913,0.9569,62.897,0,0,3.063,62.76,4.94,12.17,0.687,0.247,0.627,0.06,1.047,0.753,0.313,2.407,0,0,0,0,0,0.007,0,3.913,3.94,3.94,3.447,1.497,58.043,182,300,182,56,0,20,280,0.3077,1,12.9683,3.5,0,2,reflection,1,1,borrowed-shadow,1,4,counter-exam,1,7,300,2,2,18,2,18,300,1898,67,45,233,1853,0,0,1174,188,1182,1182,1034,449,17413,283,65,0.0067,9,9,6.3267,0.6716,7.9528,,0.1601,0.8748,0.3799,0.2297
mirror-shade,4,tide-siege,w+h-l0,random,300,0,0,9,,93.187,0,0,3.837,63.267,4.753,24.8,0.41,1.017,0.163,0.247,0.543,0.363,0.243,1.02,0,0,0,0,0,0.033,0,4,3.57,3.57,2.047,0.497,26.9,,,,,,,,,,,,,2,reflection,1,1,borrowed-shadow,1,4,counter-exam,1,7,300,10,10,90,0,0,300,1978,0,0,300,1978,0,0,1200,49,1071,1071,614,149,8070,118,0,0.0333,9,,6.5933,,6.5933,,0.0408,0.5733,0.1391,0
mirror-shade,4,tide-siege,w+h-l0,single-water,300,0,0,9,,100,0,0,4,33.163,5,66.873,0,0,0,0,1,1,0.537,0,0,0,0,0,0,0,0,4,4,4,0,0,0,,,,,,,,,,,,,2,reflection,1,1,borrowed-shadow,1,4,counter-exam,1,7,300,0,0,0,0,0,300,2394,0,0,300,2394,0,0,1200,0,1200,1200,0,0,0,0,0,0,,,7.98,,7.98,,0,0,0,
mirror-shade,4,tide-siege,w+h-l0,legacy-cycle,300,0,0,9,,90.53,0,0,4,80.797,5,43.333,0,0,0,0,0.13,0,0.13,2.657,0,0,0,0,0,0.99,0,4,4,4,3.133,0,37.88,,,,,,,,,,,,,2,reflection,1,1,borrowed-shadow,1,4,counter-exam,1,7,300,297,297,2175,0,0,300,1724,0,0,300,1724,0,0,1200,0,1200,1200,940,0,11364,0,0,0.99,7.3232,,5.7467,,5.7467,,0,0.7833,0,
mirror-shade,4,tide-siege,w+h-l0,greedy,300,182,0.6067,8.567,0.9206,31.076,0,0,2.123,41.073,4.88,2.147,0.977,0.127,0.89,0.087,1.293,0.9,0.43,1.79,0,0,0,0,0,0.01,0,3.573,3.88,3.88,3.757,1.453,57.25,,,,,,,,,,,,,1.993,reflection,1,1,borrowed-shadow,1,4,counter-exam,0.9933,7,300,3,3,25,1,9,300,603,182,313,118,290,0,0,1072,267,1164,1164,1127,436,17175,286,174,0.01,8.3333,9,2.01,1.7198,2.4576,,0.2491,0.9682,0.3746,0.6084
mirror-shade,4,tide-siege,w+h-l0,planner,300,196,0.6533,8.56,0.9252,55.077,0,0,2.33,45.633,4.877,2.027,0.707,0.093,0.62,0.087,1.127,0.747,0.407,2.17,0,0,0,0,0,0.027,0,3.573,3.877,3.877,3.733,1.663,60.237,,,,,,,,,,,,,1.987,reflection,1,1,borrowed-shadow,1,4,counter-exam,0.9867,7,300,8,8,71,7,63,300,1028,196,192,104,836,0,0,1072,186,1163,1163,1120,499,18071,298,195,0.0267,8.875,9,3.4267,0.9796,8.0385,,0.1735,0.963,0.4291,0.6544
mirror-shade,4,tide-siege,w+h-l0,forecast-aware,300,94,0.3133,8.787,0.9243,37.85,0,0,2.603,51.827,3.683,2.513,2.21,0,0.9,1.31,1.213,0.853,0.37,2.16,0,0,0,0,0,0.017,0,3.787,2.89,2.89,2.66,0.85,40.44,,,,,,,,,,,,,2,reflection,1,1,borrowed-shadow,1,4,counter-exam,1,7,300,5,5,44,5,44,300,589,94,139,206,450,0,0,1136,270,867,867,798,255,12132,196,71,0.0167,8.8,8.8,1.9633,1.4787,2.1845,,0.2377,0.9204,0.2941,0.3622
mirror-shade,4,tide-siege,w+h-l0,planner-one-mistake,300,82,0.2733,8.88,0.9512,62.5,0,0,3,61.193,4.94,12.977,0.667,0.237,0.607,0.06,1.07,0.747,0.337,2.387,0,0,0,0,0,0.013,0,3.88,3.94,3.94,3.43,1.53,58.95,196,300,196,73,0,19,281,0.3724,1,12.9358,1.25,0,2,reflection,1,1,borrowed-shadow,1,4,counter-exam,1,7,300,4,4,36,4,36,300,1782,82,61,218,1721,0,0,1164,182,1182,1182,1029,459,17685,286,80,0.0133,9,9,5.94,0.7439,7.8945,,0.1564,0.8706,0.3883,0.2797
mirror-shade,4,tide-siege,w+h-l+,random,300,0,0,9,,92.857,0,0,3.837,63.593,4.753,25.057,0.41,1.017,0.163,0.247,0.543,0.363,0.243,1.02,0,0,0,0,0,0.033,0,4,3.57,3.57,2.047,0.497,27.193,,,,,,,,,,,,,2,reflection,1,1,borrowed-shadow,1,4,counter-exam,1,7,300,10,10,90,0,0,300,1978,0,0,300,1978,0,0,1200,49,1071,1071,614,149,8158,118,0,0.0333,9,,6.5933,,6.5933,,0.0408,0.5733,0.1391,0
mirror-shade,4,tide-siege,w+h-l+,single-water,300,0,0,9,,100,0,0,4,33.163,5,66.873,0,0,0,0,1,1,0.537,0,0,0,0,0,0,0,0,4,4,4,0,0,0,,,,,,,,,,,,,2,reflection,1,1,borrowed-shadow,1,4,counter-exam,1,7,300,0,0,0,0,0,300,2394,0,0,300,2394,0,0,1200,0,1200,1200,0,0,0,0,0,0,,,7.98,,7.98,,0,0,0,
mirror-shade,4,tide-siege,w+h-l+,legacy-cycle,300,0,0,9,,89.337,0,0,4,80.913,5,43.383,0,0,0,0,0.13,0,0.13,2.657,0,0,0,0,0,0.99,0,4,4,4,3.133,0,38.29,,,,,,,,,,,,,2,reflection,1,1,borrowed-shadow,1,4,counter-exam,1,7,300,297,297,2175,0,0,300,1724,0,0,300,1724,0,0,1200,0,1200,1200,940,0,11487,0,0,0.99,7.3232,,5.7467,,5.7467,,0,0.7833,0,
mirror-shade,4,tide-siege,w+h-l+,greedy,300,194,0.6467,8.527,0.9187,29.802,0,0,2.06,39.607,4.863,2.1,0.977,0.12,0.883,0.093,1.293,0.9,0.437,1.78,0,0,0,0,0,0.007,0,3.547,3.863,3.863,3.74,1.45,57.363,,,,,,,,,,,,,1.98,reflection,1,1,borrowed-shadow,1,4,counter-exam,0.98,7,300,2,2,16,0,0,300,600,194,329,106,271,0,0,1064,265,1159,1159,1122,435,17209,286,186,0.0067,8,,2,1.6959,2.5566,,0.2491,0.9681,0.3753,0.6503
mirror-shade,4,tide-siege,w+h-l+,planner,300,209,0.6967,8.523,0.924,53.703,0,0,2.257,43.913,4.88,1.957,0.697,0.093,0.617,0.08,1.14,0.75,0.41,2.157,0,0,0,0,0,0.027,0,3.54,3.88,3.88,3.743,1.66,60.883,,,,,,,,,,,,,1.983,reflection,1,1,borrowed-shadow,1,4,counter-exam,0.9833,7,300,8,8,71,8,71,300,950,209,221,91,729,0,0,1062,185,1164,1164,1123,498,18265,298,208,0.0267,8.875,8.875,3.1667,1.0574,8.011,,0.1742,0.9648,0.4278,0.698
mirror-shade,4,tide-siege,w+h-l+,forecast-aware,300,114,0.38,8.707,0.9142,37.484,0,0,2.493,49.347,3.67,2.46,2.18,0,0.873,1.307,1.203,0.83,0.383,2.153,0,0,0,0,0,0.017,0,3.717,2.877,2.877,2.65,0.85,40.787,,,,,,,,,,,,,1.99,reflection,1,1,borrowed-shadow,1,4,counter-exam,0.99,7,300,5,5,44,5,44,300,577,114,162,186,415,0,0,1115,262,863,863,795,255,12236,196,87,0.0167,8.8,8.8,1.9233,1.4211,2.2312,,0.235,0.9212,0.2955,0.4439
mirror-shade,4,tide-siege,w+h-l+,planner-one-mistake,300,88,0.2933,8.867,0.9495,61.561,0,0,2.963,60.34,4.933,13.22,0.677,0.24,0.61,0.067,1.067,0.74,0.34,2.36,0,0,0,0,0,0.013,0,3.867,3.933,3.933,3.42,1.533,59.453,209,300,209,77,0,19,281,0.3684,1,12.8425,1.25,0,2,reflection,1,1,borrowed-shadow,1,4,counter-exam,1,7,300,4,4,36,4,36,300,1739,88,67,212,1672,0,0,1160,183,1180,1180,1026,460,17836,286,85,0.0133,9,9,5.7967,0.7614,7.8868,,0.1578,0.8695,0.3898,0.2972
mirror-shade,4,tide-siege,w+h0l-,random,300,0,0,9,,93.183,0,0,3.837,63.417,4.753,24.62,0.41,1.017,0.163,0.247,0.543,0.363,0.247,1.02,0,0,0,0,0,0.033,0,4,3.57,3.57,2.047,0.497,26.9,,,,,,,,,,,,,2,reflection,1,1,borrowed-shadow,1,4,counter-exam,1,7,300,10,10,90,0,0,300,1978,0,0,300,1978,0,0,1200,49,1071,1071,614,149,8070,118,0,0.0333,9,,6.5933,,6.5933,,0.0408,0.5733,0.1391,0
mirror-shade,4,tide-siege,w+h0l-,single-water,300,0,0,9,,100,0,0,4,33.163,5,66.873,0,0,0,0,1,1,0.537,0,0,0,0,0,0,0,0,4,4,4,0,0,0,,,,,,,,,,,,,2,reflection,1,1,borrowed-shadow,1,4,counter-exam,1,7,300,0,0,0,0,0,300,2394,0,0,300,2394,0,0,1200,0,1200,1200,0,0,0,0,0,0,,,7.98,,7.98,,0,0,0,
mirror-shade,4,tide-siege,w+h0l-,legacy-cycle,300,0,0,9,,90.26,0,0,4,80.88,5,43.567,0,0,0,0,0.13,0,0.13,2.657,0,0,0,0,0,0.99,0,4,4,4,3.133,0,37.537,,,,,,,,,,,,,2,reflection,1,1,borrowed-shadow,1,4,counter-exam,1,7,300,297,297,2175,0,0,300,1724,0,0,300,1724,0,0,1200,0,1200,1200,940,0,11261,0,0,0.99,7.3232,,5.7467,,5.7467,,0,0.7833,0,
mirror-shade,4,tide-siege,w+h0l-,greedy,300,185,0.6167,8.547,0.9183,31,0,0,2.113,40.84,4.867,2.447,0.967,0.13,0.88,0.087,1.25,0.913,0.357,1.887,0,0,0,0,0,0.03,0,3.56,3.867,3.867,3.737,1.44,56.757,,,,,,,,,,,,,1.987,reflection,1,1,borrowed-shadow,1,4,counter-exam,0.9867,7,300,9,9,72,3,25,300,603,185,325,115,278,0,0,1068,264,1160,1160,1121,432,17027,285,177,0.03,8,8.3333,2.01,1.7568,2.4174,,0.2472,0.9664,0.3724,0.6211
mirror-shade,4,tide-siege,w+h0l-,planner,300,203,0.6767,8.547,0.9256,55.99,0,0,2.3,44.907,4.853,1.98,0.723,0.093,0.62,0.103,1.117,0.757,0.387,2.203,0,0,0,0,0,0.023,0,3.567,3.853,3.853,3.717,1.623,59.49,,,,,,,,,,,,,1.98,reflection,1,1,borrowed-shadow,1,4,counter-exam,0.98,7,300,7,7,62,6,54,300,997,203,217,97,780,0,0,1070,186,1156,1156,1115,487,17847,298,202,0.0233,8.8571,9,3.3233,1.069,8.0412,,0.1738,0.9645,0.4213,0.6779
mirror-shade,4,tide-siege,w+h0l-,forecast-aware,300,103,0.3433,8.737,0.9148,37.873,0,0,2.55,50.64,3.67,2.493,2.193,0,0.887,1.307,1.217,0.85,0.377,2.14,0,0,0,0,0,0.017,0,3.747,2.877,2.877,2.65,0.85,40.213,,,,,,,,,,,,,1.99,reflection,1,1,borrowed-shadow,1,4,counter-exam,0.99,7,300,5,5,44,5,44,300,576,103,141,197,435,0,0,1124,266,863,863,795,255,12064,196,80,0.0167,8.8,8.8,1.92,1.3689,2.2081,,0.2367,0.9212,0.2955,0.4082
mirror-shade,4,tide-siege,w+h0l-,planner-one-mistake,300,86,0.2867,8.867,0.9483,62.402,0,0,2.96,60.313,4.94,12.473,0.68,0.233,0.62,0.06,1.067,0.747,0.333,2.463,0,0,0,0,0,0.017,0,3.867,3.94,3.94,3.457,1.51,58.947,203,300,203,73,0,20,280,0.3596,1,13.0733,3.5,0,2,reflection,1,1,borrowed-shadow,1,4,counter-exam,1,7,300,5,5,45,5,45,300,1777,86,63,214,1714,0,0,1160,186,1182,1182,1037,453,17684,285,83,0.0167,9,9,5.9233,0.7326,8.0093,,0.1603,0.8773,0.3832,0.2912
mirror-shade,4,tide-siege,w+h0l0,random,300,0,0,9,,92.627,0,0,3.837,64.073,4.753,25.087,0.41,1.017,0.163,0.247,0.543,0.363,0.243,1.02,0,0,0,0,0,0.033,0,4,3.57,3.57,2.047,0.497,27.357,,,,,,,,,,,,,2,reflection,1,1,borrowed-shadow,1,4,counter-exam,1,7,300,10,10,90,0,0,300,1978,0,0,300,1978,0,0,1200,49,1071,1071,614,149,8207,118,0,0.0333,9,,6.5933,,6.5933,,0.0408,0.5733,0.1391,0
mirror-shade,4,tide-siege,w+h0l0,single-water,300,0,0,9,,100,0,0,4,33.163,5,66.873,0,0,0,0,1,1,0.537,0,0,0,0,0,0,0,0,4,4,4,0,0,0,,,,,,,,,,,,,2,reflection,1,1,borrowed-shadow,1,4,counter-exam,1,7,300,0,0,0,0,0,300,2394,0,0,300,2394,0,0,1200,0,1200,1200,0,0,0,0,0,0,,,7.98,,7.98,,0,0,0,
mirror-shade,4,tide-siege,w+h0l0,legacy-cycle,300,0,0,9,,87.953,0,0,4,81.147,5,44.013,0,0,0,0,0.13,0,0.13,2.657,0,0,0,0,0,0.99,0,4,4,4,3.133,0,38.783,,,,,,,,,,,,,2,reflection,1,1,borrowed-shadow,1,4,counter-exam,1,7,300,297,297,2175,0,0,300,1724,0,0,300,1724,0,0,1200,0,1200,1200,940,0,11635,0,0,0.99,7.3232,,5.7467,,5.7467,,0,0.7833,0,
mirror-shade,4,tide-siege,w+h0l0,greedy,300,196,0.6533,8.487,0.9127,30.231,0,0,2.06,39.647,4.853,2.323,0.937,0.12,0.85,0.087,1.267,0.887,0.407,1.92,0,0,0,0,0,0.02,0,3.513,3.853,3.853,3.733,1.443,57.39,,,,,,,,,,,,,1.973,reflection,1,1,borrowed-shadow,1,4,counter-exam,0.9733,7,300,6,6,47,2,16,300,597,196,338,104,259,0,0,1054,255,1156,1156,1120,433,17217,286,188,0.02,7.8333,8,1.99,1.7245,2.4904,,0.2419,0.9689,0.3746,0.6573
mirror-shade,4,tide-siege,w+h0l0,planner,300,214,0.7133,8.517,0.9247,55.023,0,0,2.25,43.68,4.867,1.927,0.69,0.103,0.607,0.083,1.157,0.763,0.417,2.19,0,0,0,0,0,0.02,0,3.543,3.867,3.867,3.73,1.623,60.35,,,,,,,,,,,,,1.973,reflection,1,1,borrowed-shadow,1,4,counter-exam,0.9733,7,300,6,6,53,6,53,300,923,214,232,86,691,0,0,1063,182,1160,1160,1119,487,18105,298,213,0.02,8.8333,8.8333,3.0767,1.0841,8.0349,,0.1712,0.9647,0.4198,0.7148
mirror-shade,4,tide-siege,w+h0l0,forecast-aware,300,117,0.39,8.673,0.9069,37.284,0,0,2.473,48.907,3.657,2.513,2.17,0,0.863,1.307,1.2,0.82,0.39,2.133,0,0,0,0,0,0.017,0,3.683,2.863,2.863,2.637,0.85,40.547,,,,,,,,,,,,,1.99,reflection,1,1,borrowed-shadow,1,4,counter-exam,0.99,7,300,5,5,44,5,44,300,568,117,163,183,405,0,0,1105,259,859,859,791,255,12164,196,89,0.0167,8.8,8.8,1.8933,1.3932,2.2131,,0.2344,0.9208,0.2969,0.4541
mirror-shade,4,tide-siege,w+h0l0,planner-one-mistake,300,91,0.3033,8.863,0.9499,61.526,0,0,2.96,60.207,4.937,13.133,0.663,0.24,0.6,0.063,1.087,0.76,0.34,2.45,0,0,0,0,0,0.02,0,3.863,3.937,3.937,3.443,1.523,59.603,214,300,214,81,0,17,283,0.3785,1,13.1083,1.25,0,2,reflection,1,1,borrowed-shadow,1,4,counter-exam,1,7,300,6,6,54,6,54,300,1723,91,62,209,1661,0,0,1159,180,1181,1181,1033,457,17881,288,88,0.02,9,9,5.7433,0.6813,7.9474,,0.1553,0.8747,0.387,0.3056
mirror-shade,4,tide-siege,w+h0l+,random,300,0,0,9,,92.283,0,0,3.837,64.383,4.753,25.343,0.41,1.017,0.163,0.247,0.543,0.363,0.243,1.02,0,0,0,0,0,0.033,0,4,3.57,3.57,2.047,0.497,27.65,,,,,,,,,,,,,2,reflection,1,1,borrowed-shadow,1,4,counter-exam,1,7,300,10,10,90,0,0,300,1978,0,0,300,1978,0,0,1200,49,1071,1071,614,149,8295,118,0,0.0333,9,,6.5933,,6.5933,,0.0408,0.5733,0.1391,0
mirror-shade,4,tide-siege,w+h0l+,single-water,300,0,0,9,,100,0,0,4,33.163,5,66.873,0,0,0,0,1,1,0.537,0,0,0,0,0,0,0,0,4,4,4,0,0,0,,,,,,,,,,,,,2,reflection,1,1,borrowed-shadow,1,4,counter-exam,1,7,300,0,0,0,0,0,300,2394,0,0,300,2394,0,0,1200,0,1200,1200,0,0,0,0,0,0,,,7.98,,7.98,,0,0,0,
mirror-shade,4,tide-siege,w+h0l+,legacy-cycle,300,0,0,9,,86.61,0,0,4,81.23,5,44.063,0,0,0,0,0.13,0,0.13,2.657,0,0,0,0,0,0.99,0,4,4,4,3.133,0,39.193,,,,,,,,,,,,,2,reflection,1,1,borrowed-shadow,1,4,counter-exam,1,7,300,297,297,2175,0,0,300,1724,0,0,300,1724,0,0,1200,0,1200,1200,940,0,11758,0,0,0.99,7.3232,,5.7467,,5.7467,,0,0.7833,0,
mirror-shade,4,tide-siege,w+h0l+,greedy,300,206,0.6867,8.433,0.9083,29.532,0,0,1.997,38.267,4.837,2.1,0.937,0.117,0.843,0.093,1.28,0.877,0.437,1.84,0,0,0,0,0,0.01,0,3.477,3.837,3.837,3.717,1.433,57.443,,,,,,,,,,,,,1.957,reflection,1,1,borrowed-shadow,1,4,counter-exam,0.9567,7,300,3,3,25,1,9,300,614,206,367,94,247,0,0,1043,253,1151,1151,1115,430,17233,286,198,0.01,8.3333,9,2.0467,1.7816,2.6277,,0.2426,0.9687,0.3736,0.6923
mirror-shade,4,tide-siege,w+h0l+,planner,300,230,0.7667,8.463,0.9222,54.529,0,0,2.153,41.427,4.867,1.96,0.68,0.103,0.597,0.083,1.177,0.763,0.437,2.177,0,0,0,0,0,0.023,0,3.493,3.867,3.867,3.737,1.623,60.793,,,,,,,,,,,,,1.97,reflection,1,1,borrowed-shadow,1,4,counter-exam,0.97,7,300,7,7,62,7,62,300,835,230,277,70,558,0,0,1048,179,1160,1160,1121,487,18238,298,229,0.0233,8.8571,8.8571,2.7833,1.2043,7.9714,,0.1708,0.9664,0.4198,0.7685
mirror-shade,4,tide-siege,w+h0l+,forecast-aware,300,135,0.45,8.62,0.9062,36.897,0,0,2.383,46.853,3.657,2.45,2.15,0,0.847,1.303,1.19,0.8,0.397,2.127,0,0,0,0,0,0.017,0,3.633,2.863,2.863,2.637,0.85,40.853,,,,,,,,,,,,,1.987,reflection,1,1,borrowed-shadow,1,4,counter-exam,0.9867,7,300,5,5,44,5,44,300,564,135,189,165,375,0,0,1090,254,859,859,791,255,12256,196,107,0.0167,8.8,8.8,1.88,1.4,2.2727,,0.233,0.9208,0.2969,0.5459
mirror-shade,4,tide-siege,w+h0l+,planner-one-mistake,300,105,0.35,8.84,0.9492,60.944,0,0,2.893,58.593,4.937,13.34,0.66,0.24,0.597,0.063,1.083,0.763,0.333,2.457,0,0,0,0,0,0.02,0,3.84,3.937,3.937,3.443,1.527,60.183,230,300,230,93,0,17,283,0.4043,1,13.0417,1.25,0,2,reflection,1,1,borrowed-shadow,1,4,counter-exam,1,7,300,6,6,54,6,54,300,1627,105,80,195,1547,0,0,1152,179,1181,1181,1033,458,18055,288,102,0.02,9,9,5.4233,0.7619,7.9333,,0.1554,0.8747,0.3878,0.3542
mirror-shade,4,tide-siege,w+h+l-,random,300,0,0,9,,92.903,0,0,3.837,63.78,4.753,24.843,0.41,1.017,0.163,0.247,0.543,0.363,0.247,1.02,0,0,0,0,0,0.033,0,4,3.57,3.57,2.047,0.497,27.14,,,,,,,,,,,,,2,reflection,1,1,borrowed-shadow,1,4,counter-exam,1,7,300,10,10,90,0,0,300,1978,0,0,300,1978,0,0,1200,49,1071,1071,614,149,8142,118,0,0.0333,9,,6.5933,,6.5933,,0.0408,0.5733,0.1391,0
mirror-shade,4,tide-siege,w+h+l-,single-water,300,0,0,9,,100,0,0,4,33.163,5,66.873,0,0,0,0,1,1,0.537,0,0,0,0,0,0,0,0,4,4,4,0,0,0,,,,,,,,,,,,,2,reflection,1,1,borrowed-shadow,1,4,counter-exam,1,7,300,0,0,0,0,0,300,2394,0,0,300,2394,0,0,1200,0,1200,1200,0,0,0,0,0,0,,,7.98,,7.98,,0,0,0,
mirror-shade,4,tide-siege,w+h+l-,legacy-cycle,300,0,0,9,,89.383,0,0,4,81.013,5,43.857,0,0,0,0,0.13,0,0.13,2.657,0,0,0,0,0,0.99,0,4,4,4,3.133,0,37.727,,,,,,,,,,,,,2,reflection,1,1,borrowed-shadow,1,4,counter-exam,1,7,300,297,297,2175,0,0,300,1724,0,0,300,1724,0,0,1200,0,1200,1200,940,0,11318,0,0,0.99,7.3232,,5.7467,,5.7467,,0,0.7833,0,
mirror-shade,4,tide-siege,w+h+l-,greedy,300,192,0.64,8.51,0.9149,30.231,0,0,2.08,40.093,4.857,2.423,0.947,0.137,0.86,0.087,1.243,0.877,0.387,1.87,0,0,0,0,0,0.03,0,3.533,3.857,3.857,3.73,1.437,57.027,,,,,,,,,,,,,1.977,reflection,1,1,borrowed-shadow,1,4,counter-exam,0.9767,7,300,9,9,72,4,33,300,594,192,334,108,260,0,0,1060,258,1157,1157,1119,431,17108,285,184,0.03,8,8.25,1.98,1.7396,2.4074,,0.2434,0.9672,0.3725,0.6456
mirror-shade,4,tide-siege,w+h+l-,planner,300,219,0.73,8.497,0.9234,55.049,0,0,2.197,42.52,4.85,1.8,0.73,0.087,0.623,0.107,1.13,0.773,0.373,2.067,0,0,0,0,0,0.027,0,3.513,3.85,3.85,3.74,1.627,60.02,,,,,,,,,,,,,1.983,reflection,1,1,borrowed-shadow,1,4,counter-exam,0.9833,7,300,8,8,69,7,62,300,904,219,257,81,647,0,0,1054,187,1155,1155,1122,488,18006,298,218,0.0267,8.625,8.8571,3.0133,1.1735,7.9877,,0.1774,0.9714,0.4225,0.7315
mirror-shade,4,tide-siege,w+h+l-,forecast-aware,300,114,0.38,8.703,0.9133,37.715,0,0,2.5,49.5,3.67,2.493,2.177,0,0.87,1.307,1.203,0.837,0.377,2.133,0,0,0,0,0,0.017,0,3.713,2.877,2.877,2.65,0.85,40.517,,,,,,,,,,,,,1.99,reflection,1,1,borrowed-shadow,1,4,counter-exam,0.99,7,300,5,5,44,5,44,300,575,114,155,186,420,0,0,1114,261,863,863,795,255,12155,196,90,0.0167,8.8,8.8,1.9167,1.3596,2.2581,,0.2343,0.9212,0.2955,0.4592
mirror-shade,4,tide-siege,w+h+l-,planner-one-mistake,300,98,0.3267,8.863,0.9535,61.772,0,0,2.917,59.207,4.94,12.81,0.68,0.23,0.62,0.06,1.1,0.76,0.353,2.433,0,0,0,0,0,0.027,0,3.863,3.94,3.94,3.45,1.507,59.2,219,300,219,85,0,20,280,0.3881,1,13.3033,3.5,0,2,reflection,1,1,borrowed-shadow,1,4,counter-exam,1,7,300,8,8,68,8,68,300,1689,98,73,202,1616,0,0,1159,186,1182,1182,1035,452,17760,285,95,0.0267,8.5,8.5,5.63,0.7449,8,,0.1605,0.8756,0.3824,0.3333
mirror-shade,4,tide-siege,w+h+l0,random,300,0,0,9,,92.337,0,0,3.837,64.423,4.753,25.31,0.41,1.017,0.163,0.247,0.543,0.363,0.243,1.02,0,0,0,0,0,0.033,0,4,3.57,3.57,2.047,0.497,27.597,,,,,,,,,,,,,2,reflection,1,1,borrowed-shadow,1,4,counter-exam,1,7,300,10,10,90,0,0,300,1978,0,0,300,1978,0,0,1200,49,1071,1071,614,149,8279,118,0,0.0333,9,,6.5933,,6.5933,,0.0408,0.5733,0.1391,0
mirror-shade,4,tide-siege,w+h+l0,single-water,300,0,0,9,,100,0,0,4,33.163,5,66.873,0,0,0,0,1,1,0.537,0,0,0,0,0,0,0,0,4,4,4,0,0,0,,,,,,,,,,,,,2,reflection,1,1,borrowed-shadow,1,4,counter-exam,1,7,300,0,0,0,0,0,300,2394,0,0,300,2394,0,0,1200,0,1200,1200,0,0,0,0,0,0,,,7.98,,7.98,,0,0,0,
mirror-shade,4,tide-siege,w+h+l0,legacy-cycle,300,0,0,9,,86.927,0,0,4,81.247,5,44.303,0,0,0,0,0.13,0,0.13,2.657,0,0,0,0,0,0.99,0,4,4,4,3.133,0,38.973,,,,,,,,,,,,,2,reflection,1,1,borrowed-shadow,1,4,counter-exam,1,7,300,297,297,2175,0,0,300,1724,0,0,300,1724,0,0,1200,0,1200,1200,940,0,11692,0,0,0.99,7.3232,,5.7467,,5.7467,,0,0.7833,0,
mirror-shade,4,tide-siege,w+h+l0,greedy,300,207,0.69,8.403,0.9039,29.387,0,0,1.987,38.06,4.83,2.293,0.917,0.127,0.83,0.087,1.243,0.86,0.403,1.883,0,0,0,0,0,0.023,0,3.45,3.83,3.83,3.707,1.437,57.607,,,,,,,,,,,,,1.953,reflection,1,1,borrowed-shadow,1,4,counter-exam,0.9533,7,300,7,7,56,4,33,300,591,207,355,93,236,0,0,1035,249,1149,1149,1112,431,17282,286,198,0.0233,8,8.25,1.97,1.715,2.5376,,0.2406,0.9678,0.3751,0.6923
mirror-shade,4,tide-siege,w+h+l0,planner,300,235,0.7833,8.383,0.9125,54.631,0,0,2.08,39.88,4.843,1.653,0.68,0.097,0.59,0.09,1.153,0.75,0.42,2.09,0,0,0,0,0,0.023,0,3.423,3.843,3.843,3.743,1.637,61.043,,,,,,,,,,,,,1.96,reflection,1,1,borrowed-shadow,1,4,counter-exam,0.96,7,300,7,7,62,7,62,300,817,235,295,65,522,0,0,1027,177,1153,1153,1123,491,18313,298,234,0.0233,8.8571,8.8571,2.7233,1.2553,8.0308,,0.1723,0.974,0.4258,0.7852
mirror-shade,4,tide-siege,w+h+l0,forecast-aware,300,131,0.4367,8.633,0.9067,37.337,0,0,2.41,47.46,3.657,2.473,2.153,0,0.847,1.307,1.193,0.803,0.397,2.127,0,0,0,0,0,0.017,0,3.643,2.863,2.863,2.637,0.85,40.817,,,,,,,,,,,,,1.99,reflection,1,1,borrowed-shadow,1,4,counter-exam,0.99,7,300,5,5,44,5,44,300,562,131,180,169,382,0,0,1093,254,859,859,791,255,12245,196,103,0.0167,8.8,8.8,1.8733,1.374,2.2604,,0.2324,0.9208,0.2969,0.5255
mirror-shade,4,tide-siege,w+h+l0,planner-one-mistake,300,108,0.36,8.853,0.9547,61.073,0,0,2.89,58.467,4.937,13.287,0.667,0.237,0.603,0.063,1.117,0.78,0.35,2.447,0,0,0,0,0,0.023,0,3.853,3.937,3.937,3.44,1.513,59.833,235,300,235,96,0,17,283,0.4085,1,13.3417,1.25,0,2,reflection,1,1,borrowed-shadow,1,4,counter-exam,1,7,300,7,7,63,7,63,300,1604,108,74,192,1530,0,0,1156,181,1181,1181,1032,454,17950,288,104,0.0233,9,9,5.3467,0.6852,7.9688,,0.1566,0.8738,0.3844,0.3611
mirror-shade,4,tide-siege,w+h+l+,random,300,0,0,9,,91.987,0,0,3.837,64.73,4.753,25.567,0.41,1.017,0.163,0.247,0.543,0.363,0.243,1.02,0,0,0,0,0,0.033,0,4,3.57,3.57,2.047,0.497,27.89,,,,,,,,,,,,,2,reflection,1,1,borrowed-shadow,1,4,counter-exam,1,7,300,10,10,90,0,0,300,1978,0,0,300,1978,0,0,1200,49,1071,1071,614,149,8367,118,0,0.0333,9,,6.5933,,6.5933,,0.0408,0.5733,0.1391,0
mirror-shade,4,tide-siege,w+h+l+,single-water,300,0,0,9,,100,0,0,4,33.163,5,66.873,0,0,0,0,1,1,0.537,0,0,0,0,0,0,0,0,4,4,4,0,0,0,,,,,,,,,,,,,2,reflection,1,1,borrowed-shadow,1,4,counter-exam,1,7,300,0,0,0,0,0,300,2394,0,0,300,2394,0,0,1200,0,1200,1200,0,0,0,0,0,0,,,7.98,,7.98,,0,0,0,
mirror-shade,4,tide-siege,w+h+l+,legacy-cycle,300,0,0,9,,86.213,0,0,4,81.277,5,44.353,0,0,0,0,0.13,0,0.13,2.657,0,0,0,0,0,0.99,0,4,4,4,3.133,0,39.383,,,,,,,,,,,,,2,reflection,1,1,borrowed-shadow,1,4,counter-exam,1,7,300,297,297,2175,0,0,300,1724,0,0,300,1724,0,0,1200,0,1200,1200,940,0,11815,0,0,0.99,7.3232,,5.7467,,5.7467,,0,0.7833,0,
mirror-shade,4,tide-siege,w+h+l+,greedy,300,216,0.72,8.347,0.8992,29.179,0,0,1.93,36.833,4.813,2.5,0.9,0.12,0.807,0.093,1.247,0.863,0.413,1.79,0,0,0,0,0,0.027,0,3.41,3.813,3.813,3.687,1.427,57.547,,,,,,,,,,,,,1.937,reflection,1,1,borrowed-shadow,1,4,counter-exam,0.9367,7,300,8,8,63,4,33,300,598,216,371,84,227,0,0,1023,242,1144,1144,1106,428,17264,286,207,0.0267,7.875,8.25,1.9933,1.7176,2.7024,,0.2366,0.9668,0.3741,0.7238
mirror-shade,4,tide-siege,w+h+l+,planner,300,247,0.8233,8.303,0.906,54.528,0,0,1.987,37.793,4.84,1.687,0.657,0.1,0.57,0.087,1.15,0.727,0.44,2.063,0,0,0,0,0,0.023,0,3.357,3.84,3.84,3.743,1.627,61.377,,,,,,,,,,,,,1.947,reflection,1,1,borrowed-shadow,1,4,counter-exam,0.9467,7,300,7,7,60,6,53,300,756,247,332,53,424,0,0,1007,171,1152,1152,1123,488,18413,298,246,0.0233,8.5714,8.8333,2.52,1.3441,8,,0.1698,0.9748,0.4236,0.8255
mirror-shade,4,tide-siege,w+h+l+,forecast-aware,300,142,0.4733,8.593,0.9045,36.506,0,0,2.35,46.113,3.653,2.45,2.14,0,0.837,1.303,1.187,0.797,0.397,2.127,0,0,0,0,0,0.017,0,3.61,2.86,2.86,2.633,0.85,41.06,,,,,,,,,,,,,1.983,reflection,1,1,borrowed-shadow,1,4,counter-exam,0.9833,7,300,5,5,44,5,44,300,557,142,198,158,359,0,0,1083,251,858,858,790,255,12318,196,113,0.0167,8.8,8.8,1.8567,1.3944,2.2722,,0.2318,0.9207,0.2972,0.5765
mirror-shade,4,tide-siege,w+h+l+,planner-one-mistake,300,122,0.4067,8.83,0.9536,60.331,0,0,2.823,56.853,4.937,13.867,0.663,0.237,0.6,0.063,1.137,0.783,0.367,2.44,0,0,0,0,0,0.037,0,3.83,3.937,3.937,3.44,1.517,60.373,247,300,247,110,0,17,283,0.4453,1,13.275,1.25,0,2,reflection,1,1,borrowed-shadow,1,4,counter-exam,1,7,300,11,11,95,11,95,300,1503,122,95,178,1408,0,0,1149,180,1181,1181,1032,455,18112,288,118,0.0367,8.6364,8.6364,5.01,0.7787,7.9101,,0.1567,0.8738,0.3853,0.4097
mirror-shade,4,smoke-screen,w-h-l-,random,300,0,0,9,,95.35,0,0,3.8,59.837,4.75,22.64,0.45,1.31,0.2,0.25,0.447,0.27,0.23,1.04,0,0,0,0,0,0.017,0,4,3.563,3.563,2.037,0.39,24.687,,,,,,,,,,,,,2,reflection,1,1,borrowed-shadow,1,4,counter-exam,1,7,300,5,5,43,0,0,300,2115,0,0,300,2115,0,0,1200,60,1069,1069,611,117,7406,102,0,0.0167,8.6,,7.05,,7.05,,0.05,0.5716,0.1094,0
mirror-shade,4,smoke-screen,w-h-l-,single-water,300,0,0,9,,100,0,0,4,30.2,5,78.147,0,0,0,0,1,1,0.817,0,0,0,0,0,0,0,0,4,4,4,0,0,0,,,,,,,,,,,,,2,reflection,1,1,borrowed-shadow,1,4,counter-exam,1,7,300,0,0,0,0,0,300,2109,0,0,300,2109,0,0,1200,0,1200,1200,0,0,0,0,0,0,,,7.03,,7.03,,0,0,0,
mirror-shade,4,smoke-screen,w-h-l-,legacy-cycle,300,0,0,9,,91.78,0,0,4,80.057,5,42.56,0,0,0,0,0.143,0,0.143,2.513,0,0,0,0,0,0.987,0,4,4,4,3.243,0,37.777,,,,,,,,,,,,,2,reflection,1,1,borrowed-shadow,1,4,counter-exam,1,7,300,296,296,2198,0,0,300,1703,0,0,300,1703,0,0,1200,0,1200,1200,973,0,11333,0,0,0.9867,7.4257,,5.6767,,5.6767,,0,0.8108,0,
mirror-shade,4,smoke-screen,w-h-l-,greedy,300,172,0.5733,8.553,0.9134,33.148,0,0,1.94,37.987,4.86,2.717,1.19,0.163,1.093,0.097,1.17,0.687,0.483,1.79,0,0,0,0,0,0.043,0,3.553,3.86,3.86,3.707,1.32,53.003,,,,,,,,,,,,,2,reflection,1,1,borrowed-shadow,1,4,counter-exam,1,7,300,13,13,111,7,60,300,699,172,339,128,360,0,0,1066,328,1158,1158,1112,396,15901,265,157,0.0433,8.5385,8.5714,2.33,1.9709,2.8125,,0.3077,0.9603,0.342,0.5925
mirror-shade,4,smoke-screen,w-h-l-,planner,300,196,0.6533,8.51,0.9167,56.846,0,0,2.147,42.28,4.84,1.577,0.873,0.103,0.767,0.107,1.187,0.763,0.437,2.153,0,0,0,0,0,0.023,0,3.513,3.84,3.84,3.72,1.633,58.43,,,,,,,,,,,,,1.997,reflection,1,1,borrowed-shadow,1,4,counter-exam,0.9967,7,300,7,7,62,7,62,300,1119,196,267,104,852,0,0,1054,230,1152,1152,1116,490,17529,298,195,0.0233,8.8571,8.8571,3.73,1.3622,8.1923,,0.2182,0.9688,0.4253,0.6544
mirror-shade,4,smoke-screen,w-h-l-,forecast-aware,300,78,0.26,8.813,0.9202,42.856,0,0,2.467,49.753,3.477,2.51,2.627,0,1.12,1.507,0.96,0.68,0.31,1.993,0,0,0,0,0,0.01,0,3.813,2.677,2.677,2.44,0.713,34.453,,,,,,,,,,,,,2,reflection,1,1,borrowed-shadow,1,4,counter-exam,1,7,300,3,3,26,1,9,300,758,78,111,222,647,0,0,1144,336,803,803,732,214,10336,176,59,0.01,8.6667,9,2.5267,1.4231,2.9144,,0.2937,0.9116,0.2665,0.3352
mirror-shade,4,smoke-screen,w-h-l-,planner-one-mistake,300,92,0.3067,8.847,0.9444,63.014,0,0,2.74,56.147,4.937,12.613,0.863,0.22,0.8,0.063,1.083,0.777,0.333,2.367,0,0,0,0,0,0.017,0,3.847,3.937,3.937,3.427,1.493,57.057,196,300,196,79,0,8,292,0.4031,1,13.16,3.5,0,2,reflection,1,1,borrowed-shadow,1,4,counter-exam,1,7,300,5,5,44,4,36,300,1794,92,82,208,1712,0,0,1154,240,1181,1181,1028,448,17117,279,87,0.0167,8.8,9,5.98,0.8913,8.2308,,0.208,0.8704,0.3793,0.3118
mirror-shade,4,smoke-screen,w-h-l0,random,300,0,0,9,,94.863,0,0,3.8,60.53,4.75,23.133,0.45,1.31,0.2,0.25,0.447,0.27,0.23,1.04,0,0,0,0,0,0.017,0,4,3.563,3.563,2.037,0.39,25.137,,,,,,,,,,,,,2,reflection,1,1,borrowed-shadow,1,4,counter-exam,1,7,300,5,5,43,0,0,300,2115,0,0,300,2115,0,0,1200,60,1069,1069,611,117,7541,102,0,0.0167,8.6,,7.05,,7.05,,0.05,0.5716,0.1094,0
mirror-shade,4,smoke-screen,w-h-l0,single-water,300,0,0,9,,100,0,0,4,30.2,5,78.147,0,0,0,0,1,1,0.817,0,0,0,0,0,0,0,0,4,4,4,0,0,0,,,,,,,,,,,,,2,reflection,1,1,borrowed-shadow,1,4,counter-exam,1,7,300,0,0,0,0,0,300,2109,0,0,300,2109,0,0,1200,0,1200,1200,0,0,0,0,0,0,,,7.03,,7.03,,0,0,0,
mirror-shade,4,smoke-screen,w-h-l0,legacy-cycle,300,0,0,9,,90.18,0,0,4,80.32,5,43.31,0,0,0,0,0.143,0,0.143,2.513,0,0,0,0,0,0.987,0,4,4,4,3.243,0,38.82,,,,,,,,,,,,,2,reflection,1,1,borrowed-shadow,1,4,counter-exam,1,7,300,296,296,2198,0,0,300,1703,0,0,300,1703,0,0,1200,0,1200,1200,973,0,11646,0,0,0.9867,7.4257,,5.6767,,5.6767,,0,0.8108,0,
mirror-shade,4,smoke-screen,w-h-l0,greedy,300,188,0.6267,8.537,0.9178,32.232,0,0,1.887,36.68,4.877,2.39,1.16,0.17,1.08,0.08,1.167,0.697,0.477,1.84,0,0,0,0,0,0.03,0,3.54,3.877,3.877,3.723,1.307,53.683,,,,,,,,,,,,,1.997,reflection,1,1,borrowed-shadow,1,4,counter-exam,0.9967,7,300,9,9,76,7,59,300,711,188,360,112,351,0,0,1062,324,1163,1163,1117,392,16105,263,170,0.03,8.4444,8.4286,2.37,1.9149,3.1339,,0.3051,0.9604,0.3371,0.6464
mirror-shade,4,smoke-screen,w-h-l0,planner,300,205,0.6833,8.48,0.9154,56.053,0,0,2.097,41.113,4.853,1.763,0.853,0.107,0.763,0.09,1.183,0.76,0.437,2.193,0,0,0,0,0,0.023,0,3.49,3.853,3.853,3.72,1.643,59.03,,,,,,,,,,,,,1.99,reflection,1,1,borrowed-shadow,1,4,counter-exam,0.99,7,300,7,7,60,7,60,300,1061,205,279,95,782,0,0,1047,229,1156,1156,1116,493,17709,298,204,0.0233,8.5714,8.5714,3.5367,1.361,8.2316,,0.2187,0.9654,0.4265,0.6846
mirror-shade,4,smoke-screen,w-h-l0,forecast-aware,300,91,0.3033,8.78,0.9194,42.464,0,0,2.403,48.287,3.477,2.527,2.613,0,1.107,1.507,0.953,0.68,0.303,1.983,0,0,0,0,0,0.01,0,3.78,2.677,2.677,2.44,0.713,34.813,,,,,,,,,,,,,2,reflection,1,1,borrowed-shadow,1,4,counter-exam,1,7,300,3,3,26,1,9,300,750,91,136,209,614,0,0,1134,332,803,803,732,214,10444,176,69,0.01,8.6667,9,2.5,1.4945,2.9378,,0.2928,0.9116,0.2665,0.392
mirror-shade,4,smoke-screen,w-h-l0,planner-one-mistake,300,101,0.3367,8.817,0.9395,62.095,0,0,2.68,54.767,4.937,13.08,0.863,0.213,0.8,0.063,1.07,0.78,0.313,2.353,0,0,0,0,0,0.017,0,3.817,3.937,3.937,3.43,1.497,57.637,205,300,205,89,0,6,294,0.4341,1,13.1383,2.75,0,2,reflection,1,1,borrowed-shadow,1,4,counter-exam,1,7,300,5,5,44,4,36,300,1745,101,106,199,1639,0,0,1145,240,1181,1181,1029,449,17291,279,96,0.0167,8.8,9,5.8167,1.0495,8.2362,,0.2096,0.8713,0.3802,0.3441
mirror-shade,4,smoke-screen,w-h-l+,random,300,0,0,9,,94.6,0,0,3.8,60.913,4.75,23.39,0.45,1.31,0.2,0.25,0.447,0.27,0.23,1.04,0,0,0,0,0,0.017,0,4,3.563,3.563,2.037,0.39,25.437,,,,,,,,,,,,,2,reflection,1,1,borrowed-shadow,1,4,counter-exam,1,7,300,5,5,43,0,0,300,2115,0,0,300,2115,0,0,1200,60,1069,1069,611,117,7631,102,0,0.0167,8.6,,7.05,,7.05,,0.05,0.5716,0.1094,0
mirror-shade,4,smoke-screen,w-h-l+,single-water,300,0,0,9,,100,0,0,4,30.2,5,78.147,0,0,0,0,1,1,0.817,0,0,0,0,0,0,0,0,4,4,4,0,0,0,,,,,,,,,,,,,2,reflection,1,1,borrowed-shadow,1,4,counter-exam,1,7,300,0,0,0,0,0,300,2109,0,0,300,2109,0,0,1200,0,1200,1200,0,0,0,0,0,0,,,7.03,,7.03,,0,0,0,
mirror-shade,4,smoke-screen,w-h-l+,legacy-cycle,300,0,0,9,,89.113,0,0,4,80.467,5,43.417,0,0,0,0,0.143,0,0.143,2.513,0,0,0,0,0,0.987,0,4,4,4,3.243,0,39.183,,,,,,,,,,,,,2,reflection,1,1,borrowed-shadow,1,4,counter-exam,1,7,300,296,296,2198,0,0,300,1703,0,0,300,1703,0,0,1200,0,1200,1200,973,0,11755,0,0,0.9867,7.4257,,5.6767,,5.6767,,0,0.8108,0,
mirror-shade,4,smoke-screen,w-h-l+,greedy,300,198,0.66,8.5,0.9158,31.471,0,0,1.85,35.847,4.873,2.273,1.133,0.173,1.05,0.083,1.163,0.693,0.473,1.793,0,0,0,0,0,0.027,0,3.507,3.873,3.873,3.727,1.317,54.253,,,,,,,,,,,,,1.993,reflection,1,1,borrowed-shadow,1,4,counter-exam,0.9933,7,300,8,8,68,6,51,300,706,198,395,102,311,0,0,1052,315,1162,1162,1118,395,16276,265,180,0.0267,8.5,8.5,2.3533,1.9949,3.049,,0.2994,0.9621,0.3399,0.6792
mirror-shade,4,smoke-screen,w-h-l+,planner,300,230,0.7667,8.397,0.9126,56.043,0,0,1.953,37.753,4.85,1.663,0.833,0.103,0.743,0.09,1.19,0.77,0.427,2.153,0,0,0,0,0,0.023,0,3.413,3.85,3.85,3.733,1.64,59.787,,,,,,,,,,,,,1.983,reflection,1,1,borrowed-shadow,1,4,counter-exam,0.9833,7,300,7,7,60,7,60,300,914,230,329,70,585,0,0,1024,223,1155,1155,1120,492,17936,298,229,0.0233,8.5714,8.5714,3.0467,1.4304,8.3571,,0.2178,0.9697,0.426,0.7685
mirror-shade,4,smoke-screen,w-h-l+,forecast-aware,300,99,0.33,8.75,0.9158,41.871,0,0,2.36,47.327,3.477,2.537,2.6,0,1.097,1.503,0.947,0.677,0.3,1.983,0,0,0,0,0,0.01,0,3.753,2.677,2.677,2.44,0.713,35.087,,,,,,,,,,,,,1.997,reflection,1,1,borrowed-shadow,1,4,counter-exam,0.9967,7,300,3,3,26,1,9,300,751,99,152,201,599,0,0,1126,329,803,803,732,214,10526,176,73,0.01,8.6667,9,2.5033,1.5354,2.9801,,0.2922,0.9116,0.2665,0.4148
mirror-shade,4,smoke-screen,w-h-l+,planner-one-mistake,300,111,0.37,8.797,0.9389,61.556,0,0,2.633,53.627,4.93,13.223,0.863,0.21,0.793,0.07,1.077,0.78,0.32,2.32,0,0,0,0,0,0.017,0,3.797,3.93,3.93,3.427,1.497,58.127,230,300,230,106,0,6,294,0.4609,1,13.0383,2.75,0,2,reflection,1,1,borrowed-shadow,1,4,counter-exam,1,7,300,5,5,44,4,36,300,1685,111,117,189,1568,0,0,1139,238,1179,1179,1028,449,17438,279,106,0.0167,8.8,9,5.6167,1.0541,8.2963,,0.209,0.8719,0.3808,0.3799
mirror-shade,4,smoke-screen,w-h0l-,random,300,0,0,9,,94.893,0,0,3.8,60.533,4.75,22.813,0.45,1.31,0.2,0.25,0.447,0.27,0.23,1.04,0,0,0,0,0,0.017,0,4,3.563,3.563,2.037,0.39,25.11,,,,,,,,,,,,,2,reflection,1,1,borrowed-shadow,1,4,counter-exam,1,7,300,5,5,43,0,0,300,2115,0,0,300,2115,0,0,1200,60,1069,1069,611,117,7533,102,0,0.0167,8.6,,7.05,,7.05,,0.05,0.5716,0.1094,0
mirror-shade,4,smoke-screen,w-h0l-,single-water,300,0,0,9,,100,0,0,4,30.2,5,78.147,0,0,0,0,1,1,0.817,0,0,0,0,0,0,0,0,4,4,4,0,0,0,,,,,,,,,,,,,2,reflection,1,1,borrowed-shadow,1,4,counter-exam,1,7,300,0,0,0,0,0,300,2109,0,0,300,2109,0,0,1200,0,1200,1200,0,0,0,0,0,0,,,7.03,,7.03,,0,0,0,
mirror-shade,4,smoke-screen,w-h0l-,legacy-cycle,300,0,0,9,,89.71,0,0,4,80.463,5,42.943,0,0,0,0,0.143,0,0.143,2.513,0,0,0,0,0,0.987,0,4,4,4,3.243,0,38.867,,,,,,,,,,,,,2,reflection,1,1,borrowed-shadow,1,4,counter-exam,1,7,300,296,296,2198,0,0,300,1703,0,0,300,1703,0,0,1200,0,1200,1200,973,0,11660,0,0,0.9867,7.4257,,5.6767,,5.6767,,0,0.8108,0,
mirror-shade,4,smoke-screen,w-h0l-,greedy,300,184,0.6133,8.523,0.9136,31.914,0,0,1.903,37.08,4.847,2.73,1.173,0.163,1.073,0.1,1.14,0.68,0.453,1.837,0,0,0,0,0,0.047,0,3.527,3.847,3.847,3.7,1.28,53.103,,,,,,,,,,,,,1.997,reflection,1,1,borrowed-shadow,1,4,counter-exam,0.9967,7,300,14,14,119,9,77,300,702,184,366,116,336,0,0,1058,322,1154,1154,1110,384,15931,265,166,0.0467,8.5,8.5556,2.34,1.9891,2.8966,,0.3043,0.9619,0.3328,0.6264
mirror-shade,4,smoke-screen,w-h0l-,planner,300,211,0.7033,8.437,0.911,56.753,0,0,2.03,39.707,4.83,1.683,0.877,0.11,0.773,0.103,1.153,0.74,0.427,2.29,0,0,0,0,0,0.02,0,3.453,3.83,3.83,3.703,1.61,58.1,,,,,,,,,,,,,1.983,reflection,1,1,borrowed-shadow,1,4,counter-exam,0.9833,7,300,6,6,53,6,53,300,1030,211,295,89,735,0,0,1036,232,1149,1149,1111,483,17430,298,210,0.02,8.8333,8.8333,3.4333,1.3981,8.2584,,0.2239,0.9669,0.4204,0.7047
mirror-shade,4,smoke-screen,w-h0l-,forecast-aware,300,91,0.3033,8.76,0.9121,42.081,0,0,2.4,48.267,3.47,2.523,2.603,0,1.1,1.503,0.953,0.663,0.32,1.98,0,0,0,0,0,0.01,0,3.763,2.67,2.67,2.433,0.713,34.577,,,,,,,,,,,,,1.997,reflection,1,1,borrowed-shadow,1,4,counter-exam,0.9967,7,300,3,3,26,1,9,300,750,91,134,209,616,0,0,1129,330,801,801,730,214,10373,176,71,0.01,8.6667,9,2.5,1.4725,2.9474,,0.2923,0.9114,0.2672,0.4034
mirror-shade,4,smoke-screen,w-h0l-,planner-one-mistake,300,99,0.33,8.813,0.9371,62.124,0,0,2.687,54.96,4.933,12.69,0.863,0.22,0.797,0.067,1.067,0.767,0.327,2.353,0,0,0,0,0,0.017,0,3.813,3.933,3.933,3.42,1.507,57.603,211,300,211,88,0,8,292,0.4171,1,13.375,3.5,0,2,reflection,1,1,borrowed-shadow,1,4,counter-exam,1,7,300,5,5,44,4,36,300,1759,99,106,201,1653,0,0,1144,239,1180,1180,1026,452,17281,280,94,0.0167,8.8,9,5.8633,1.0707,8.2239,,0.2089,0.8695,0.3831,0.3357
mirror-shade,4,smoke-screen,w-h0l0,random,300,0,0,9,,94.377,0,0,3.8,61.197,4.75,23.307,0.45,1.31,0.2,0.25,0.447,0.27,0.23,1.04,0,0,0,0,0,0.017,0,4,3.563,3.563,2.037,0.39,25.56,,,,,,,,,,,,,2,reflection,1,1,borrowed-shadow,1,4,counter-exam,1,7,300,5,5,43,0,0,300,2115,0,0,300,2115,0,0,1200,60,1069,1069,611,117,7668,102,0,0.0167,8.6,,7.05,,7.05,,0.05,0.5716,0.1094,0
mirror-shade,4,smoke-screen,w-h0l0,single-water,300,0,0,9,,100,0,0,4,30.2,5,78.147,0,0,0,0,1,1,0.817,0,0,0,0,0,0,0,0,4,4,4,0,0,0,,,,,,,,,,,,,2,reflection,1,1,borrowed-shadow,1,4,counter-exam,1,7,300,0,0,0,0,0,300,2109,0,0,300,2109,0,0,1200,0,1200,1200,0,0,0,0,0,0,,,7.03,,7.03,,0,0,0,
mirror-shade,4,smoke-screen,w-h0l0,legacy-cycle,300,0,0,9,,87.65,0,0,4,80.7,5,43.693,0,0,0,0,0.143,0,0.143,2.513,0,0,0,0,0,0.987,0,4,4,4,3.243,0,39.91,,,,,,,,,,,,,2,reflection,1,1,borrowed-shadow,1,4,counter-exam,1,7,300,296,296,2198,0,0,300,1703,0,0,300,1703,0,0,1200,0,1200,1200,973,0,11973,0,0,0.9867,7.4257,,5.6767,,5.6767,,0,0.8108,0,
mirror-shade,4,smoke-screen,w-h0l0,greedy,300,200,0.6667,8.497,0.9161,31.29,0,0,1.857,35.927,4.853,2.917,1.13,0.16,1.043,0.087,1.17,0.67,0.49,1.92,0,0,0,0,0,0.053,0,3.507,3.853,3.853,3.707,1.287,53.78,,,,,,,,,,,,,1.99,reflection,1,1,borrowed-shadow,1,4,counter-exam,0.99,7,300,16,16,137,11,93,300,693,200,385,100,308,0,0,1052,313,1156,1156,1112,386,16134,265,183,0.0533,8.5625,8.4545,2.31,1.925,3.08,,0.2975,0.9619,0.3339,0.6906
mirror-shade,4,smoke-screen,w-h0l0,planner,300,218,0.7267,8.397,0.9077,55.622,0,0,2,38.947,4.83,1.713,0.843,0.103,0.747,0.097,1.177,0.757,0.43,2.23,0,0,0,0,0,0.02,0,3.42,3.83,3.83,3.71,1.627,58.877,,,,,,,,,,,,,1.977,reflection,1,1,borrowed-shadow,1,4,counter-exam,0.9767,7,300,6,6,51,6,51,300,986,218,305,82,681,0,0,1026,224,1149,1149,1113,488,17663,298,217,0.02,8.5,8.5,3.2867,1.3991,8.3049,,0.2183,0.9687,0.4247,0.7282
mirror-shade,4,smoke-screen,w-h0l0,forecast-aware,300,103,0.3433,8.72,0.9094,41.67,0,0,2.34,46.887,3.463,2.54,2.59,0,1.087,1.503,0.947,0.657,0.32,1.973,0,0,0,0,0,0.01,0,3.723,2.663,2.663,2.427,0.713,34.9,,,,,,,,,,,,,1.997,reflection,1,1,borrowed-shadow,1,4,counter-exam,0.9967,7,300,3,3,26,1,9,300,745,103,156,197,589,0,0,1117,326,799,799,728,214,10470,176,77,0.01,8.6667,9,2.4833,1.5146,2.9898,,0.2919,0.9111,0.2678,0.4375
mirror-shade,4,smoke-screen,w-h0l0,planner-one-mistake,300,108,0.36,8.793,0.9362,61.38,0,0,2.64,53.84,4.933,13.243,0.86,0.22,0.793,0.067,1.087,0.777,0.333,2.33,0,0,0,0,0,0.02,0,3.793,3.933,3.933,3.42,1.503,58.03,218,300,218,97,0,7,293,0.445,1,13.3283,3.5,0,2,reflection,1,1,borrowed-shadow,1,4,counter-exam,1,7,300,6,6,53,5,45,300,1700,108,122,192,1578,0,0,1138,238,1180,1180,1026,451,17409,280,102,0.02,8.8333,9,5.6667,1.1296,8.2188,,0.2091,0.8695,0.3822,0.3643
mirror-shade,4,smoke-screen,w-h0l+,random,300,0,0,9,,94.11,0,0,3.8,61.567,4.75,23.563,0.45,1.31,0.2,0.25,0.447,0.27,0.23,1.04,0,0,0,0,0,0.017,0,4,3.563,3.563,2.037,0.39,25.86,,,,,,,,,,,,,2,reflection,1,1,borrowed-shadow,1,4,counter-exam,1,7,300,5,5,43,0,0,300,2115,0,0,300,2115,0,0,1200,60,1069,1069,611,117,7758,102,0,0.0167,8.6,,7.05,,7.05,,0.05,0.5716,0.1094,0
mirror-shade,4,smoke-screen,w-h0l+,single-water,300,0,0,9,,100,0,0,4,30.2,5,78.147,0,0,0,0,1,1,0.817,0,0,0,0,0,0,0,0,4,4,4,0,0,0,,,,,,,,,,,,,2,reflection,1,1,borrowed-shadow,1,4,counter-exam,1,7,300,0,0,0,0,0,300,2109,0,0,300,2109,0,0,1200,0,1200,1200,0,0,0,0,0,0,,,7.03,,7.03,,0,0,0,
mirror-shade,4,smoke-screen,w-h0l+,legacy-cycle,300,0,0,9,,86.443,0,0,4,80.803,5,43.8,0,0,0,0,0.143,0,0.143,2.513,0,0,0,0,0,0.987,0,4,4,4,3.243,0,40.273,,,,,,,,,,,,,2,reflection,1,1,borrowed-shadow,1,4,counter-exam,1,7,300,296,296,2198,0,0,300,1703,0,0,300,1703,0,0,1200,0,1200,1200,973,0,12082,0,0,0.9867,7.4257,,5.6767,,5.6767,,0,0.8108,0,
mirror-shade,4,smoke-screen,w-h0l+,greedy,300,214,0.7133,8.413,0.9086,30.744,0,0,1.76,33.78,4.84,2.37,1.11,0.153,1.02,0.09,1.093,0.627,0.467,1.827,0,0,0,0,0,0.037,0,3.427,3.84,3.84,3.707,1.297,54.193,,,,,,,,,,,,,1.987,reflection,1,1,borrowed-shadow,1,4,counter-exam,0.9867,7,300,11,11,93,8,67,300,714,214,446,86,268,0,0,1028,306,1152,1152,1112,389,16258,265,194,0.0367,8.4545,8.375,2.38,2.0841,3.1163,,0.2977,0.9653,0.3377,0.7321
mirror-shade,4,smoke-screen,w-h0l+,planner,300,231,0.77,8.333,0.9038,54.855,0,0,1.903,36.753,4.83,1.777,0.833,0.103,0.737,0.097,1.163,0.753,0.417,2.207,0,0,0,0,0,0.023,0,3.357,3.83,3.83,3.713,1.623,59.3,,,,,,,,,,,,,1.977,reflection,1,1,borrowed-shadow,1,4,counter-exam,0.9767,7,300,7,7,60,7,60,300,924,231,351,69,573,0,0,1007,221,1149,1149,1114,487,17790,298,230,0.0233,8.5714,8.5714,3.08,1.5195,8.3043,,0.2195,0.9695,0.4238,0.7718
mirror-shade,4,smoke-screen,w-h0l+,forecast-aware,300,111,0.37,8.69,0.9069,41.265,0,0,2.3,46.007,3.46,2.55,2.58,0,1.077,1.503,0.937,0.65,0.317,1.963,0,0,0,0,0,0.01,0,3.693,2.66,2.66,2.423,0.713,35.137,,,,,,,,,,,,,1.997,reflection,1,1,borrowed-shadow,1,4,counter-exam,0.9967,7,300,3,3,26,1,9,300,751,111,180,189,571,0,0,1108,323,798,798,727,214,10541,176,82,0.01,8.6667,9,2.5033,1.6216,3.0212,,0.2915,0.911,0.2682,0.4659
mirror-shade,4,smoke-screen,w-h0l+,planner-one-mistake,300,122,0.4067,8.783,0.9408,60.848,0,0,2.587,52.487,4.927,13.427,0.863,0.217,0.79,0.073,1.097,0.79,0.33,2.333,0,0,0,0,0,0.02,0,3.783,3.927,3.927,3.413,1.503,58.42,231,300,231,115,0,7,293,0.4978,1,13.2883,3.5,0,2,reflection,1,1,borrowed-shadow,1,4,counter-exam,1,7,300,6,6,53,5,45,300,1603,122,138,178,1465,0,0,1135,237,1178,1178,1024,451,17526,280,115,0.02,8.8333,9,5.3433,1.1311,8.2303,,0.2088,0.8693,0.3829,0.4107
mirror-shade,4,smoke-screen,w-h+l-,random,300,0,0,9,,94.62,0,0,3.8,61.01,4.75,22.957,0.45,1.31,0.2,0.25,0.447,0.27,0.23,1.04,0,0,0,0,0,0.017,0,4,3.563,3.563,2.037,0.39,25.343,,,,,,,,,,,,,2,reflection,1,1,borrowed-shadow,1,4,counter-exam,1,7,300,5,5,43,0,0,300,2115,0,0,300,2115,0,0,1200,60,1069,1069,611,117,7603,102,0,0.0167,8.6,,7.05,,7.05,,0.05,0.5716,0.1094,0
mirror-shade,4,smoke-screen,w-h+l-,single-water,300,0,0,9,,100,0,0,4,30.2,5,78.147,0,0,0,0,1,1,0.817,0,0,0,0,0,0,0,0,4,4,4,0,0,0,,,,,,,,,,,,,2,reflection,1,1,borrowed-shadow,1,4,counter-exam,1,7,300,0,0,0,0,0,300,2109,0,0,300,2109,0,0,1200,0,1200,1200,0,0,0,0,0,0,,,7.03,,7.03,,0,0,0,
mirror-shade,4,smoke-screen,w-h+l-,legacy-cycle,300,0,0,9,,88.903,0,0,4,80.647,5,43.1,0,0,0,0,0.143,0,0.143,2.513,0,0,0,0,0,0.987,0,4,4,4,3.243,0,39.067,,,,,,,,,,,,,2,reflection,1,1,borrowed-shadow,1,4,counter-exam,1,7,300,296,296,2198,0,0,300,1703,0,0,300,1703,0,0,1200,0,1200,1200,973,0,11720,0,0,0.9867,7.4257,,5.6767,,5.6767,,0,0.8108,0,
mirror-shade,4,smoke-screen,w-h+l-,greedy,300,197,0.6567,8.477,0.9114,31.35,0,0,1.84,35.627,4.843,2.677,1.15,0.167,1.053,0.097,1.107,0.683,0.413,1.807,0,0,0,0,0,0.047,0,3.48,3.843,3.843,3.703,1.28,53.507,,,,,,,,,,,,,1.997,reflection,1,1,borrowed-shadow,1,4,counter-exam,0.9967,7,300,14,14,120,11,93,300,708,197,398,103,310,0,0,1044,316,1153,1153,1111,384,16052,265,178,0.0467,8.5714,8.4545,2.36,2.0203,3.0097,,0.3027,0.9636,0.333,0.6717
mirror-shade,4,smoke-screen,w-h+l-,planner,300,223,0.7433,8.33,0.8999,56.312,0,0,1.933,37.553,4.807,1.583,0.857,0.1,0.763,0.093,1.137,0.74,0.403,2.227,0,0,0,0,0,0.013,0,3.357,3.807,3.807,3.677,1.607,58.52,,,,,,,,,,,,,1.973,reflection,1,1,borrowed-shadow,1,4,counter-exam,0.9733,7,300,4,4,32,4,32,300,972,223,333,77,639,0,0,1007,229,1142,1142,1103,482,17556,298,222,0.0133,8,8,3.24,1.4933,8.2987,,0.2274,0.9658,0.4221,0.745
mirror-shade,4,smoke-screen,w-h+l-,forecast-aware,300,102,0.34,8.727,0.9107,42.071,0,0,2.347,47.04,3.463,2.523,2.593,0,1.09,1.503,0.95,0.653,0.327,1.967,0,0,0,0,0,0.01,0,3.73,2.663,2.663,2.427,0.713,34.82,,,,,,,,,,,,,1.997,reflection,1,1,borrowed-shadow,1,4,counter-exam,0.9967,7,300,3,3,26,1,9,300,746,102,153,198,593,0,0,1119,327,799,799,728,214,10446,176,78,0.01,8.6667,9,2.4867,1.5,2.9949,,0.2922,0.9111,0.2678,0.4432
mirror-shade,4,smoke-screen,w-h+l-,planner-one-mistake,300,112,0.3733,8.77,0.9315,61.66,0,0,2.597,52.907,4.937,12.9,0.863,0.21,0.8,0.063,1.087,0.78,0.333,2.253,0,0,0,0,0,0.017,0,3.77,3.937,3.937,3.423,1.507,57.95,223,300,223,102,0,10,290,0.4574,1,13.3925,2.5,0,2,reflection,1,1,borrowed-shadow,1,4,counter-exam,1,7,300,5,5,44,4,36,300,1685,112,138,188,1547,0,0,1131,240,1181,1181,1027,452,17385,281,107,0.0167,8.8,9,5.6167,1.2321,8.2287,,0.2122,0.8696,0.3827,0.3808
mirror-shade,4,smoke-screen,w-h+l0,random,300,0,0,9,,94.103,0,0,3.8,61.663,4.75,23.45,0.45,1.31,0.2,0.25,0.447,0.27,0.23,1.04,0,0,0,0,0,0.017,0,4,3.563,3.563,2.037,0.39,25.793,,,,,,,,,,,,,2,reflection,1,1,borrowed-shadow,1,4,counter-exam,1,7,300,5,5,43,0,0,300,2115,0,0,300,2115,0,0,1200,60,1069,1069,611,117,7738,102,0,0.0167,8.6,,7.05,,7.05,,0.05,0.5716,0.1094,0
mirror-shade,4,smoke-screen,w-h+l0,single-water,300,0,0,9,,100,0,0,4,30.2,5,78.147,0,0,0,0,1,1,0.817,0,0,0,0,0,0,0,0,4,4,4,0,0,0,,,,,,,,,,,,,2,reflection,1,1,borrowed-shadow,1,4,counter-exam,1,7,300,0,0,0,0,0,300,2109,0,0,300,2109,0,0,1200,0,1200,1200,0,0,0,0,0,0,,,7.03,,7.03,,0,0,0,
mirror-shade,4,smoke-screen,w-h+l0,legacy-cycle,300,0,0,9,,86.707,0,0,4,80.843,5,43.85,0,0,0,0,0.143,0,0.143,2.513,0,0,0,0,0,0.987,0,4,4,4,3.243,0,40.11,,,,,,,,,,,,,2,reflection,1,1,borrowed-shadow,1,4,counter-exam,1,7,300,296,296,2198,0,0,300,1703,0,0,300,1703,0,0,1200,0,1200,1200,973,0,12033,0,0,0.9867,7.4257,,5.6767,,5.6767,,0,0.8108,0,
mirror-shade,4,smoke-screen,w-h+l0,greedy,300,212,0.7067,8.43,0.9104,30.75,0,0,1.78,34.22,4.847,2.76,1.107,0.163,1.02,0.087,1.13,0.667,0.453,1.83,0,0,0,0,0,0.053,0,3.443,3.847,3.847,3.713,1.273,54.173,,,,,,,,,,,,,1.987,reflection,1,1,borrowed-shadow,1,4,counter-exam,0.9867,7,300,16,16,137,12,102,300,719,212,441,88,278,0,0,1033,306,1154,1154,1114,382,16252,262,190,0.0533,8.5625,8.5,2.3967,2.0802,3.1591,,0.2962,0.9653,0.331,0.7252
mirror-shade,4,smoke-screen,w-h+l0,planner,300,236,0.7867,8.25,0.8941,55.563,0,0,1.863,35.893,4.793,1.53,0.817,0.097,0.73,0.087,1.147,0.743,0.41,2.213,0,0,0,0,0,0.017,0,3.29,3.793,3.793,3.687,1.61,59.273,,,,,,,,,,,,,1.96,reflection,1,1,borrowed-shadow,1,4,counter-exam,0.96,7,300,5,5,42,5,42,300,896,236,364,64,532,0,0,987,219,1138,1138,1106,483,17782,298,235,0.0167,8.4,8.4,2.9867,1.5424,8.3125,,0.2219,0.9719,0.4244,0.7886
mirror-shade,4,smoke-screen,w-h+l0,forecast-aware,300,109,0.3633,8.697,0.9072,41.387,0,0,2.31,46.227,3.46,2.54,2.58,0,1.077,1.503,0.94,0.65,0.32,1.963,0,0,0,0,0,0.01,0,3.7,2.66,2.66,2.423,0.713,35.117,,,,,,,,,,,,,1.997,reflection,1,1,borrowed-shadow,1,4,counter-exam,0.9967,7,300,3,3,26,1,9,300,747,109,168,191,579,0,0,1110,323,798,798,727,214,10535,176,81,0.01,8.6667,9,2.49,1.5413,3.0314,,0.291,0.911,0.2682,0.4602
mirror-shade,4,smoke-screen,w-h+l0,planner-one-mistake,300,122,0.4067,8.757,0.9335,60.938,0,0,2.567,52.093,4.937,13.28,0.847,0.21,0.783,0.063,1.097,0.797,0.32,2.283,0,0,0,0,0,0.017,0,3.757,3.937,3.937,3.43,1.507,58.55,236,300,236,114,0,9,291,0.4831,1,13.3558,3.5,0,2,reflection,1,1,borrowed-shadow,1,4,counter-exam,1,7,300,5,5,44,4,36,300,1614,122,146,178,1468,0,0,1127,235,1181,1181,1029,452,17565,281,116,0.0167,8.8,9,5.38,1.1967,8.2472,,0.2085,0.8713,0.3827,0.4128
mirror-shade,4,smoke-screen,w-h+l+,random,300,0,0,9,,93.817,0,0,3.8,62.027,4.75,23.707,0.45,1.31,0.2,0.25,0.447,0.27,0.23,1.04,0,0,0,0,0,0.017,0,4,3.563,3.563,2.037,0.39,26.093,,,,,,,,,,,,,2,reflection,1,1,borrowed-shadow,1,4,counter-exam,1,7,300,5,5,43,0,0,300,2115,0,0,300,2115,0,0,1200,60,1069,1069,611,117,7828,102,0,0.0167,8.6,,7.05,,7.05,,0.05,0.5716,0.1094,0
mirror-shade,4,smoke-screen,w-h+l+,single-water,300,0,0,9,,100,0,0,4,30.2,5,78.147,0,0,0,0,1,1,0.817,0,0,0,0,0,0,0,0,4,4,4,0,0,0,,,,,,,,,,,,,2,reflection,1,1,borrowed-shadow,1,4,counter-exam,1,7,300,0,0,0,0,0,300,2109,0,0,300,2109,0,0,1200,0,1200,1200,0,0,0,0,0,0,,,7.03,,7.03,,0,0,0,
mirror-shade,4,smoke-screen,w-h+l+,legacy-cycle,300,0,0,9,,85.977,0,0,4,80.893,5,43.957,0,0,0,0,0.143,0,0.143,2.513,0,0,0,0,0,0.987,0,4,4,4,3.243,0,40.473,,,,,,,,,,,,,2,reflection,1,1,borrowed-shadow,1,4,counter-exam,1,7,300,296,296,2198,0,0,300,1703,0,0,300,1703,0,0,1200,0,1200,1200,973,0,12142,0,0,0.9867,7.4257,,5.6767,,5.6767,,0,0.8108,0,
mirror-shade,4,smoke-screen,w-h+l+,greedy,300,220,0.7333,8.353,0.902,29.825,0,0,1.707,32.627,4.837,2.21,1.09,0.163,1,0.09,1.077,0.63,0.447,1.767,0,0,0,0,0,0.037,0,3.373,3.837,3.837,3.717,1.277,54.45,,,,,,,,,,,,,1.98,reflection,1,1,borrowed-shadow,1,4,counter-exam,0.98,7,300,11,11,93,9,75,300,741,220,491,80,250,0,0,1012,300,1151,1151,1115,383,16335,262,196,0.0367,8.4545,8.3333,2.47,2.2318,3.125,,0.2964,0.9687,0.3328,0.7481
mirror-shade,4,smoke-screen,w-h+l+,planner,300,252,0.84,8.127,0.8845,55.417,0,0,1.723,32.873,4.77,1.813,0.8,0.097,0.713,0.087,1.14,0.697,0.45,2.173,0,0,0,0,0,0.02,0,3.22,3.77,3.77,3.657,1.6,59.45,,,,,,,,,,,,,1.907,reflection,1,1,borrowed-shadow,1,4,counter-exam,0.9067,7,300,6,6,51,6,51,300,774,252,378,48,396,0,0,966,214,1131,1131,1097,480,17835,298,251,0.02,8.5,8.5,2.58,1.5,8.25,,0.2215,0.9699,0.4244,0.8423
mirror-shade,4,smoke-screen,w-h+l+,forecast-aware,300,113,0.3767,8.673,0.9036,40.444,0,0,2.287,45.707,3.45,2.55,2.577,0,1.073,1.503,0.93,0.647,0.313,1.957,0,0,0,0,0,0.01,0,3.68,2.65,2.65,2.413,0.71,35.323,,,,,,,,,,,,,1.993,reflection,1,1,borrowed-shadow,1,4,counter-exam,0.9933,7,300,3,3,26,3,26,300,750,113,186,187,564,0,0,1104,322,795,795,724,213,10597,176,84,0.01,8.6667,8.6667,2.5,1.646,3.016,,0.2917,0.9107,0.2679,0.4773
mirror-shade,4,smoke-screen,w-h+l+,planner-one-mistake,300,133,0.4433,8.747,0.9365,60.341,0,0,2.523,51,4.933,13.463,0.847,0.207,0.78,0.067,1.11,0.8,0.33,2.267,0,0,0,0,0,0.017,0,3.747,3.933,3.933,3.427,1.503,58.91,252,300,252,127,0,9,291,0.504,1,13.3125,3.5,0,2,reflection,1,1,borrowed-shadow,1,4,counter-exam,1,7,300,5,5,44,4,36,300,1540,133,167,167,1373,0,0,1124,234,1180,1180,1028,451,17673,281,126,0.0167,8.8,9,5.1333,1.2556,8.2216,,0.2082,0.8712,0.3822,0.4484
mirror-shade,4,smoke-screen,w0h-l-,random,300,0,0,9,,95.35,0,0,3.8,59.837,4.75,22.64,0.45,1.31,0.2,0.25,0.447,0.27,0.23,1.04,0,0,0,0,0,0.017,0,4,3.563,3.563,2.037,0.39,24.687,,,,,,,,,,,,,2,reflection,1,1,borrowed-shadow,1,4,counter-exam,1,7,300,5,5,43,0,0,300,2115,0,0,300,2115,0,0,1200,60,1069,1069,611,117,7406,102,0,0.0167,8.6,,7.05,,7.05,,0.05,0.5716,0.1094,0
mirror-shade,4,smoke-screen,w0h-l-,single-water,300,0,0,9,,100,0,0,4,30.2,5,78.147,0,0,0,0,1,1,0.817,0,0,0,0,0,0,0,0,4,4,4,0,0,0,,,,,,,,,,,,,2,reflection,1,1,borrowed-shadow,1,4,counter-exam,1,7,300,0,0,0,0,0,300,2109,0,0,300,2109,0,0,1200,0,1200,1200,0,0,0,0,0,0,,,7.03,,7.03,,0,0,0,
mirror-shade,4,smoke-screen,w0h-l-,legacy-cycle,300,0,0,9,,91.78,0,0,4,80.057,5,42.56,0,0,0,0,0.143,0,0.143,2.513,0,0,0,0,0,0.987,0,4,4,4,3.243,0,37.777,,,,,,,,,,,,,2,reflection,1,1,borrowed-shadow,1,4,counter-exam,1,7,300,296,296,2198,0,0,300,1703,0,0,300,1703,0,0,1200,0,1200,1200,973,0,11333,0,0,0.9867,7.4257,,5.6767,,5.6767,,0,0.8108,0,
mirror-shade,4,smoke-screen,w0h-l-,greedy,300,172,0.5733,8.553,0.9134,33.148,0,0,1.94,37.987,4.86,2.717,1.19,0.163,1.093,0.097,1.17,0.687,0.483,1.79,0,0,0,0,0,0.043,0,3.553,3.86,3.86,3.707,1.32,53.003,,,,,,,,,,,,,2,reflection,1,1,borrowed-shadow,1,4,counter-exam,1,7,300,13,13,111,7,60,300,699,172,339,128,360,0,0,1066,328,1158,1158,1112,396,15901,265,157,0.0433,8.5385,8.5714,2.33,1.9709,2.8125,,0.3077,0.9603,0.342,0.5925
mirror-shade,4,smoke-screen,w0h-l-,planner,300,196,0.6533,8.51,0.9167,56.846,0,0,2.147,42.28,4.84,1.577,0.873,0.103,0.767,0.107,1.187,0.763,0.437,2.153,0,0,0,0,0,0.023,0,3.513,3.84,3.84,3.72,1.633,58.43,,,,,,,,,,,,,1.997,reflection,1,1,borrowed-shadow,1,4,counter-exam,0.9967,7,300,7,7,62,7,62,300,1119,196,267,104,852,0,0,1054,230,1152,1152,1116,490,17529,298,195,0.0233,8.8571,8.8571,3.73,1.3622,8.1923,,0.2182,0.9688,0.4253,0.6544
mirror-shade,4,smoke-screen,w0h-l-,forecast-aware,300,78,0.26,8.813,0.9202,42.856,0,0,2.467,49.753,3.477,2.51,2.627,0,1.12,1.507,0.96,0.68,0.31,1.993,0,0,0,0,0,0.01,0,3.813,2.677,2.677,2.44,0.713,34.453,,,,,,,,,,,,,2,reflection,1,1,borrowed-shadow,1,4,counter-exam,1,7,300,3,3,26,1,9,300,758,78,111,222,647,0,0,1144,336,803,803,732,214,10336,176,59,0.01,8.6667,9,2.5267,1.4231,2.9144,,0.2937,0.9116,0.2665,0.3352
mirror-shade,4,smoke-screen,w0h-l-,planner-one-mistake,300,92,0.3067,8.847,0.9444,63.014,0,0,2.74,56.147,4.937,12.613,0.863,0.22,0.8,0.063,1.083,0.777,0.333,2.367,0,0,0,0,0,0.017,0,3.847,3.937,3.937,3.427,1.493,57.057,196,300,196,79,0,8,292,0.4031,1,13.16,3.5,0,2,reflection,1,1,borrowed-shadow,1,4,counter-exam,1,7,300,5,5,44,4,36,300,1794,92,82,208,1712,0,0,1154,240,1181,1181,1028,448,17117,279,87,0.0167,8.8,9,5.98,0.8913,8.2308,,0.208,0.8704,0.3793,0.3118
mirror-shade,4,smoke-screen,w0h-l0,random,300,0,0,9,,94.863,0,0,3.8,60.53,4.75,23.133,0.45,1.31,0.2,0.25,0.447,0.27,0.23,1.04,0,0,0,0,0,0.017,0,4,3.563,3.563,2.037,0.39,25.137,,,,,,,,,,,,,2,reflection,1,1,borrowed-shadow,1,4,counter-exam,1,7,300,5,5,43,0,0,300,2115,0,0,300,2115,0,0,1200,60,1069,1069,611,117,7541,102,0,0.0167,8.6,,7.05,,7.05,,0.05,0.5716,0.1094,0
mirror-shade,4,smoke-screen,w0h-l0,single-water,300,0,0,9,,100,0,0,4,30.2,5,78.147,0,0,0,0,1,1,0.817,0,0,0,0,0,0,0,0,4,4,4,0,0,0,,,,,,,,,,,,,2,reflection,1,1,borrowed-shadow,1,4,counter-exam,1,7,300,0,0,0,0,0,300,2109,0,0,300,2109,0,0,1200,0,1200,1200,0,0,0,0,0,0,,,7.03,,7.03,,0,0,0,
mirror-shade,4,smoke-screen,w0h-l0,legacy-cycle,300,0,0,9,,90.18,0,0,4,80.32,5,43.31,0,0,0,0,0.143,0,0.143,2.513,0,0,0,0,0,0.987,0,4,4,4,3.243,0,38.82,,,,,,,,,,,,,2,reflection,1,1,borrowed-shadow,1,4,counter-exam,1,7,300,296,296,2198,0,0,300,1703,0,0,300,1703,0,0,1200,0,1200,1200,973,0,11646,0,0,0.9867,7.4257,,5.6767,,5.6767,,0,0.8108,0,
mirror-shade,4,smoke-screen,w0h-l0,greedy,300,188,0.6267,8.537,0.9178,32.232,0,0,1.887,36.68,4.877,2.39,1.16,0.17,1.08,0.08,1.167,0.697,0.477,1.84,0,0,0,0,0,0.03,0,3.54,3.877,3.877,3.723,1.307,53.683,,,,,,,,,,,,,1.997,reflection,1,1,borrowed-shadow,1,4,counter-exam,0.9967,7,300,9,9,76,7,59,300,711,188,360,112,351,0,0,1062,324,1163,1163,1117,392,16105,263,170,0.03,8.4444,8.4286,2.37,1.9149,3.1339,,0.3051,0.9604,0.3371,0.6464
mirror-shade,4,smoke-screen,w0h-l0,planner,300,205,0.6833,8.48,0.9154,56.053,0,0,2.097,41.113,4.853,1.763,0.853,0.107,0.763,0.09,1.183,0.76,0.437,2.193,0,0,0,0,0,0.023,0,3.49,3.853,3.853,3.72,1.643,59.03,,,,,,,,,,,,,1.99,reflection,1,1,borrowed-shadow,1,4,counter-exam,0.99,7,300,7,7,60,7,60,300,1061,205,279,95,782,0,0,1047,229,1156,1156,1116,493,17709,298,204,0.0233,8.5714,8.5714,3.5367,1.361,8.2316,,0.2187,0.9654,0.4265,0.6846
mirror-shade,4,smoke-screen,w0h-l0,forecast-aware,300,91,0.3033,8.78,0.9194,42.464,0,0,2.403,48.287,3.477,2.527,2.613,0,1.107,1.507,0.953,0.68,0.303,1.983,0,0,0,0,0,0.01,0,3.78,2.677,2.677,2.44,0.713,34.813,,,,,,,,,,,,,2,reflection,1,1,borrowed-shadow,1,4,counter-exam,1,7,300,3,3,26,1,9,300,750,91,136,209,614,0,0,1134,332,803,803,732,214,10444,176,69,0.01,8.6667,9,2.5,1.4945,2.9378,,0.2928,0.9116,0.2665,0.392
mirror-shade,4,smoke-screen,w0h-l0,planner-one-mistake,300,101,0.3367,8.817,0.9395,62.095,0,0,2.68,54.767,4.937,13.08,0.863,0.213,0.8,0.063,1.07,0.78,0.313,2.353,0,0,0,0,0,0.017,0,3.817,3.937,3.937,3.43,1.497,57.637,205,300,205,89,0,6,294,0.4341,1,13.1383,2.75,0,2,reflection,1,1,borrowed-shadow,1,4,counter-exam,1,7,300,5,5,44,4,36,300,1745,101,106,199,1639,0,0,1145,240,1181,1181,1029,449,17291,279,96,0.0167,8.8,9,5.8167,1.0495,8.2362,,0.2096,0.8713,0.3802,0.3441
mirror-shade,4,smoke-screen,w0h-l+,random,300,0,0,9,,94.6,0,0,3.8,60.913,4.75,23.39,0.45,1.31,0.2,0.25,0.447,0.27,0.23,1.04,0,0,0,0,0,0.017,0,4,3.563,3.563,2.037,0.39,25.437,,,,,,,,,,,,,2,reflection,1,1,borrowed-shadow,1,4,counter-exam,1,7,300,5,5,43,0,0,300,2115,0,0,300,2115,0,0,1200,60,1069,1069,611,117,7631,102,0,0.0167,8.6,,7.05,,7.05,,0.05,0.5716,0.1094,0
mirror-shade,4,smoke-screen,w0h-l+,single-water,300,0,0,9,,100,0,0,4,30.2,5,78.147,0,0,0,0,1,1,0.817,0,0,0,0,0,0,0,0,4,4,4,0,0,0,,,,,,,,,,,,,2,reflection,1,1,borrowed-shadow,1,4,counter-exam,1,7,300,0,0,0,0,0,300,2109,0,0,300,2109,0,0,1200,0,1200,1200,0,0,0,0,0,0,,,7.03,,7.03,,0,0,0,
mirror-shade,4,smoke-screen,w0h-l+,legacy-cycle,300,0,0,9,,89.113,0,0,4,80.467,5,43.417,0,0,0,0,0.143,0,0.143,2.513,0,0,0,0,0,0.987,0,4,4,4,3.243,0,39.183,,,,,,,,,,,,,2,reflection,1,1,borrowed-shadow,1,4,counter-exam,1,7,300,296,296,2198,0,0,300,1703,0,0,300,1703,0,0,1200,0,1200,1200,973,0,11755,0,0,0.9867,7.4257,,5.6767,,5.6767,,0,0.8108,0,
mirror-shade,4,smoke-screen,w0h-l+,greedy,300,198,0.66,8.5,0.9158,31.471,0,0,1.85,35.847,4.873,2.273,1.133,0.173,1.05,0.083,1.163,0.693,0.473,1.793,0,0,0,0,0,0.027,0,3.507,3.873,3.873,3.727,1.317,54.253,,,,,,,,,,,,,1.993,reflection,1,1,borrowed-shadow,1,4,counter-exam,0.9933,7,300,8,8,68,6,51,300,706,198,395,102,311,0,0,1052,315,1162,1162,1118,395,16276,265,180,0.0267,8.5,8.5,2.3533,1.9949,3.049,,0.2994,0.9621,0.3399,0.6792
mirror-shade,4,smoke-screen,w0h-l+,planner,300,230,0.7667,8.397,0.9126,56.043,0,0,1.953,37.753,4.85,1.663,0.833,0.103,0.743,0.09,1.19,0.77,0.427,2.153,0,0,0,0,0,0.023,0,3.413,3.85,3.85,3.733,1.64,59.787,,,,,,,,,,,,,1.983,reflection,1,1,borrowed-shadow,1,4,counter-exam,0.9833,7,300,7,7,60,7,60,300,914,230,329,70,585,0,0,1024,223,1155,1155,1120,492,17936,298,229,0.0233,8.5714,8.5714,3.0467,1.4304,8.3571,,0.2178,0.9697,0.426,0.7685
mirror-shade,4,smoke-screen,w0h-l+,forecast-aware,300,99,0.33,8.75,0.9158,41.871,0,0,2.36,47.327,3.477,2.537,2.6,0,1.097,1.503,0.947,0.677,0.3,1.983,0,0,0,0,0,0.01,0,3.753,2.677,2.677,2.44,0.713,35.087,,,,,,,,,,,,,1.997,reflection,1,1,borrowed-shadow,1,4,counter-exam,0.9967,7,300,3,3,26,1,9,300,751,99,152,201,599,0,0,1126,329,803,803,732,214,10526,176,73,0.01,8.6667,9,2.5033,1.5354,2.9801,,0.2922,0.9116,0.2665,0.4148
mirror-shade,4,smoke-screen,w0h-l+,planner-one-mistake,300,111,0.37,8.797,0.9389,61.556,0,0,2.633,53.627,4.93,13.223,0.863,0.21,0.793,0.07,1.077,0.78,0.32,2.32,0,0,0,0,0,0.017,0,3.797,3.93,3.93,3.427,1.497,58.127,230,300,230,106,0,6,294,0.4609,1,13.0383,2.75,0,2,reflection,1,1,borrowed-shadow,1,4,counter-exam,1,7,300,5,5,44,4,36,300,1685,111,117,189,1568,0,0,1139,238,1179,1179,1028,449,17438,279,106,0.0167,8.8,9,5.6167,1.0541,8.2963,,0.209,0.8719,0.3808,0.3799
mirror-shade,4,smoke-screen,w0h0l-,random,300,0,0,9,,94.893,0,0,3.8,60.533,4.75,22.813,0.45,1.31,0.2,0.25,0.447,0.27,0.23,1.04,0,0,0,0,0,0.017,0,4,3.563,3.563,2.037,0.39,25.11,,,,,,,,,,,,,2,reflection,1,1,borrowed-shadow,1,4,counter-exam,1,7,300,5,5,43,0,0,300,2115,0,0,300,2115,0,0,1200,60,1069,1069,611,117,7533,102,0,0.0167,8.6,,7.05,,7.05,,0.05,0.5716,0.1094,0
mirror-shade,4,smoke-screen,w0h0l-,single-water,300,0,0,9,,100,0,0,4,30.2,5,78.147,0,0,0,0,1,1,0.817,0,0,0,0,0,0,0,0,4,4,4,0,0,0,,,,,,,,,,,,,2,reflection,1,1,borrowed-shadow,1,4,counter-exam,1,7,300,0,0,0,0,0,300,2109,0,0,300,2109,0,0,1200,0,1200,1200,0,0,0,0,0,0,,,7.03,,7.03,,0,0,0,
mirror-shade,4,smoke-screen,w0h0l-,legacy-cycle,300,0,0,9,,89.71,0,0,4,80.463,5,42.943,0,0,0,0,0.143,0,0.143,2.513,0,0,0,0,0,0.987,0,4,4,4,3.243,0,38.867,,,,,,,,,,,,,2,reflection,1,1,borrowed-shadow,1,4,counter-exam,1,7,300,296,296,2198,0,0,300,1703,0,0,300,1703,0,0,1200,0,1200,1200,973,0,11660,0,0,0.9867,7.4257,,5.6767,,5.6767,,0,0.8108,0,
mirror-shade,4,smoke-screen,w0h0l-,greedy,300,184,0.6133,8.523,0.9136,31.914,0,0,1.903,37.08,4.847,2.73,1.173,0.163,1.073,0.1,1.14,0.68,0.453,1.837,0,0,0,0,0,0.047,0,3.527,3.847,3.847,3.7,1.28,53.103,,,,,,,,,,,,,1.997,reflection,1,1,borrowed-shadow,1,4,counter-exam,0.9967,7,300,14,14,119,9,77,300,702,184,366,116,336,0,0,1058,322,1154,1154,1110,384,15931,265,166,0.0467,8.5,8.5556,2.34,1.9891,2.8966,,0.3043,0.9619,0.3328,0.6264
mirror-shade,4,smoke-screen,w0h0l-,planner,300,211,0.7033,8.437,0.911,56.753,0,0,2.03,39.707,4.83,1.683,0.877,0.11,0.773,0.103,1.153,0.74,0.427,2.29,0,0,0,0,0,0.02,0,3.453,3.83,3.83,3.703,1.61,58.1,,,,,,,,,,,,,1.983,reflection,1,1,borrowed-shadow,1,4,counter-exam,0.9833,7,300,6,6,53,6,53,300,1030,211,295,89,735,0,0,1036,232,1149,1149,1111,483,17430,298,210,0.02,8.8333,8.8333,3.4333,1.3981,8.2584,,0.2239,0.9669,0.4204,0.7047
mirror-shade,4,smoke-screen,w0h0l-,forecast-aware,300,91,0.3033,8.76,0.9121,42.081,0,0,2.4,48.267,3.47,2.523,2.603,0,1.1,1.503,0.953,0.663,0.32,1.98,0,0,0,0,0,0.01,0,3.763,2.67,2.67,2.433,0.713,34.577,,,,,,,,,,,,,1.997,reflection,1,1,borrowed-shadow,1,4,counter-exam,0.9967,7,300,3,3,26,1,9,300,750,91,134,209,616,0,0,1129,330,801,801,730,214,10373,176,71,0.01,8.6667,9,2.5,1.4725,2.9474,,0.2923,0.9114,0.2672,0.4034
mirror-shade,4,smoke-screen,w0h0l-,planner-one-mistake,300,99,0.33,8.813,0.9371,62.124,0,0,2.687,54.96,4.933,12.69,0.863,0.22,0.797,0.067,1.067,0.767,0.327,2.353,0,0,0,0,0,0.017,0,3.813,3.933,3.933,3.42,1.507,57.603,211,300,211,88,0,8,292,0.4171,1,13.375,3.5,0,2,reflection,1,1,borrowed-shadow,1,4,counter-exam,1,7,300,5,5,44,4,36,300,1759,99,106,201,1653,0,0,1144,239,1180,1180,1026,452,17281,280,94,0.0167,8.8,9,5.8633,1.0707,8.2239,,0.2089,0.8695,0.3831,0.3357
mirror-shade,4,smoke-screen,w0h0l0,random,300,0,0,9,,94.377,0,0,3.8,61.197,4.75,23.307,0.45,1.31,0.2,0.25,0.447,0.27,0.23,1.04,0,0,0,0,0,0.017,0,4,3.563,3.563,2.037,0.39,25.56,,,,,,,,,,,,,2,reflection,1,1,borrowed-shadow,1,4,counter-exam,1,7,300,5,5,43,0,0,300,2115,0,0,300,2115,0,0,1200,60,1069,1069,611,117,7668,102,0,0.0167,8.6,,7.05,,7.05,,0.05,0.5716,0.1094,0
mirror-shade,4,smoke-screen,w0h0l0,single-water,300,0,0,9,,100,0,0,4,30.2,5,78.147,0,0,0,0,1,1,0.817,0,0,0,0,0,0,0,0,4,4,4,0,0,0,,,,,,,,,,,,,2,reflection,1,1,borrowed-shadow,1,4,counter-exam,1,7,300,0,0,0,0,0,300,2109,0,0,300,2109,0,0,1200,0,1200,1200,0,0,0,0,0,0,,,7.03,,7.03,,0,0,0,
mirror-shade,4,smoke-screen,w0h0l0,legacy-cycle,300,0,0,9,,87.65,0,0,4,80.7,5,43.693,0,0,0,0,0.143,0,0.143,2.513,0,0,0,0,0,0.987,0,4,4,4,3.243,0,39.91,,,,,,,,,,,,,2,reflection,1,1,borrowed-shadow,1,4,counter-exam,1,7,300,296,296,2198,0,0,300,1703,0,0,300,1703,0,0,1200,0,1200,1200,973,0,11973,0,0,0.9867,7.4257,,5.6767,,5.6767,,0,0.8108,0,
mirror-shade,4,smoke-screen,w0h0l0,greedy,300,200,0.6667,8.497,0.9161,31.29,0,0,1.857,35.927,4.853,2.917,1.13,0.16,1.043,0.087,1.17,0.67,0.49,1.92,0,0,0,0,0,0.053,0,3.507,3.853,3.853,3.707,1.287,53.78,,,,,,,,,,,,,1.99,reflection,1,1,borrowed-shadow,1,4,counter-exam,0.99,7,300,16,16,137,11,93,300,693,200,385,100,308,0,0,1052,313,1156,1156,1112,386,16134,265,183,0.0533,8.5625,8.4545,2.31,1.925,3.08,,0.2975,0.9619,0.3339,0.6906
mirror-shade,4,smoke-screen,w0h0l0,planner,300,218,0.7267,8.397,0.9077,55.622,0,0,2,38.947,4.83,1.713,0.843,0.103,0.747,0.097,1.177,0.757,0.43,2.23,0,0,0,0,0,0.02,0,3.42,3.83,3.83,3.71,1.627,58.877,,,,,,,,,,,,,1.977,reflection,1,1,borrowed-shadow,1,4,counter-exam,0.9767,7,300,6,6,51,6,51,300,986,218,305,82,681,0,0,1026,224,1149,1149,1113,488,17663,298,217,0.02,8.5,8.5,3.2867,1.3991,8.3049,,0.2183,0.9687,0.4247,0.7282
mirror-shade,4,smoke-screen,w0h0l0,forecast-aware,300,103,0.3433,8.72,0.9094,41.67,0,0,2.34,46.887,3.463,2.54,2.59,0,1.087,1.503,0.947,0.657,0.32,1.973,0,0,0,0,0,0.01,0,3.723,2.663,2.663,2.427,0.713,34.9,,,,,,,,,,,,,1.997,reflection,1,1,borrowed-shadow,1,4,counter-exam,0.9967,7,300,3,3,26,1,9,300,745,103,156,197,589,0,0,1117,326,799,799,728,214,10470,176,77,0.01,8.6667,9,2.4833,1.5146,2.9898,,0.2919,0.9111,0.2678,0.4375
mirror-shade,4,smoke-screen,w0h0l0,planner-one-mistake,300,108,0.36,8.793,0.9362,61.38,0,0,2.64,53.84,4.933,13.243,0.86,0.22,0.793,0.067,1.087,0.777,0.333,2.33,0,0,0,0,0,0.02,0,3.793,3.933,3.933,3.42,1.503,58.03,218,300,218,97,0,7,293,0.445,1,13.3283,3.5,0,2,reflection,1,1,borrowed-shadow,1,4,counter-exam,1,7,300,6,6,53,5,45,300,1700,108,122,192,1578,0,0,1138,238,1180,1180,1026,451,17409,280,102,0.02,8.8333,9,5.6667,1.1296,8.2188,,0.2091,0.8695,0.3822,0.3643
mirror-shade,4,smoke-screen,w0h0l+,random,300,0,0,9,,94.11,0,0,3.8,61.567,4.75,23.563,0.45,1.31,0.2,0.25,0.447,0.27,0.23,1.04,0,0,0,0,0,0.017,0,4,3.563,3.563,2.037,0.39,25.86,,,,,,,,,,,,,2,reflection,1,1,borrowed-shadow,1,4,counter-exam,1,7,300,5,5,43,0,0,300,2115,0,0,300,2115,0,0,1200,60,1069,1069,611,117,7758,102,0,0.0167,8.6,,7.05,,7.05,,0.05,0.5716,0.1094,0
mirror-shade,4,smoke-screen,w0h0l+,single-water,300,0,0,9,,100,0,0,4,30.2,5,78.147,0,0,0,0,1,1,0.817,0,0,0,0,0,0,0,0,4,4,4,0,0,0,,,,,,,,,,,,,2,reflection,1,1,borrowed-shadow,1,4,counter-exam,1,7,300,0,0,0,0,0,300,2109,0,0,300,2109,0,0,1200,0,1200,1200,0,0,0,0,0,0,,,7.03,,7.03,,0,0,0,
mirror-shade,4,smoke-screen,w0h0l+,legacy-cycle,300,0,0,9,,86.443,0,0,4,80.803,5,43.8,0,0,0,0,0.143,0,0.143,2.513,0,0,0,0,0,0.987,0,4,4,4,3.243,0,40.273,,,,,,,,,,,,,2,reflection,1,1,borrowed-shadow,1,4,counter-exam,1,7,300,296,296,2198,0,0,300,1703,0,0,300,1703,0,0,1200,0,1200,1200,973,0,12082,0,0,0.9867,7.4257,,5.6767,,5.6767,,0,0.8108,0,
mirror-shade,4,smoke-screen,w0h0l+,greedy,300,214,0.7133,8.413,0.9086,30.744,0,0,1.76,33.78,4.84,2.37,1.11,0.153,1.02,0.09,1.093,0.627,0.467,1.827,0,0,0,0,0,0.037,0,3.427,3.84,3.84,3.707,1.297,54.193,,,,,,,,,,,,,1.987,reflection,1,1,borrowed-shadow,1,4,counter-exam,0.9867,7,300,11,11,93,8,67,300,714,214,446,86,268,0,0,1028,306,1152,1152,1112,389,16258,265,194,0.0367,8.4545,8.375,2.38,2.0841,3.1163,,0.2977,0.9653,0.3377,0.7321
mirror-shade,4,smoke-screen,w0h0l+,planner,300,231,0.77,8.333,0.9038,54.855,0,0,1.903,36.753,4.83,1.777,0.833,0.103,0.737,0.097,1.163,0.753,0.417,2.207,0,0,0,0,0,0.023,0,3.357,3.83,3.83,3.713,1.623,59.3,,,,,,,,,,,,,1.977,reflection,1,1,borrowed-shadow,1,4,counter-exam,0.9767,7,300,7,7,60,7,60,300,924,231,351,69,573,0,0,1007,221,1149,1149,1114,487,17790,298,230,0.0233,8.5714,8.5714,3.08,1.5195,8.3043,,0.2195,0.9695,0.4238,0.7718
mirror-shade,4,smoke-screen,w0h0l+,forecast-aware,300,111,0.37,8.69,0.9069,41.265,0,0,2.3,46.007,3.46,2.55,2.58,0,1.077,1.503,0.937,0.65,0.317,1.963,0,0,0,0,0,0.01,0,3.693,2.66,2.66,2.423,0.713,35.137,,,,,,,,,,,,,1.997,reflection,1,1,borrowed-shadow,1,4,counter-exam,0.9967,7,300,3,3,26,1,9,300,751,111,180,189,571,0,0,1108,323,798,798,727,214,10541,176,82,0.01,8.6667,9,2.5033,1.6216,3.0212,,0.2915,0.911,0.2682,0.4659
mirror-shade,4,smoke-screen,w0h0l+,planner-one-mistake,300,122,0.4067,8.783,0.9408,60.848,0,0,2.587,52.487,4.927,13.427,0.863,0.217,0.79,0.073,1.097,0.79,0.33,2.333,0,0,0,0,0,0.02,0,3.783,3.927,3.927,3.413,1.503,58.42,231,300,231,115,0,7,293,0.4978,1,13.2883,3.5,0,2,reflection,1,1,borrowed-shadow,1,4,counter-exam,1,7,300,6,6,53,5,45,300,1603,122,138,178,1465,0,0,1135,237,1178,1178,1024,451,17526,280,115,0.02,8.8333,9,5.3433,1.1311,8.2303,,0.2088,0.8693,0.3829,0.4107
mirror-shade,4,smoke-screen,w0h+l-,random,300,0,0,9,,94.62,0,0,3.8,61.01,4.75,22.957,0.45,1.31,0.2,0.25,0.447,0.27,0.23,1.04,0,0,0,0,0,0.017,0,4,3.563,3.563,2.037,0.39,25.343,,,,,,,,,,,,,2,reflection,1,1,borrowed-shadow,1,4,counter-exam,1,7,300,5,5,43,0,0,300,2115,0,0,300,2115,0,0,1200,60,1069,1069,611,117,7603,102,0,0.0167,8.6,,7.05,,7.05,,0.05,0.5716,0.1094,0
mirror-shade,4,smoke-screen,w0h+l-,single-water,300,0,0,9,,100,0,0,4,30.2,5,78.147,0,0,0,0,1,1,0.817,0,0,0,0,0,0,0,0,4,4,4,0,0,0,,,,,,,,,,,,,2,reflection,1,1,borrowed-shadow,1,4,counter-exam,1,7,300,0,0,0,0,0,300,2109,0,0,300,2109,0,0,1200,0,1200,1200,0,0,0,0,0,0,,,7.03,,7.03,,0,0,0,
mirror-shade,4,smoke-screen,w0h+l-,legacy-cycle,300,0,0,9,,88.903,0,0,4,80.647,5,43.1,0,0,0,0,0.143,0,0.143,2.513,0,0,0,0,0,0.987,0,4,4,4,3.243,0,39.067,,,,,,,,,,,,,2,reflection,1,1,borrowed-shadow,1,4,counter-exam,1,7,300,296,296,2198,0,0,300,1703,0,0,300,1703,0,0,1200,0,1200,1200,973,0,11720,0,0,0.9867,7.4257,,5.6767,,5.6767,,0,0.8108,0,
mirror-shade,4,smoke-screen,w0h+l-,greedy,300,197,0.6567,8.477,0.9114,31.35,0,0,1.84,35.627,4.843,2.677,1.15,0.167,1.053,0.097,1.107,0.683,0.413,1.807,0,0,0,0,0,0.047,0,3.48,3.843,3.843,3.703,1.28,53.507,,,,,,,,,,,,,1.997,reflection,1,1,borrowed-shadow,1,4,counter-exam,0.9967,7,300,14,14,120,11,93,300,708,197,398,103,310,0,0,1044,316,1153,1153,1111,384,16052,265,178,0.0467,8.5714,8.4545,2.36,2.0203,3.0097,,0.3027,0.9636,0.333,0.6717
mirror-shade,4,smoke-screen,w0h+l-,planner,300,223,0.7433,8.33,0.8999,56.312,0,0,1.933,37.553,4.807,1.583,0.857,0.1,0.763,0.093,1.137,0.74,0.403,2.227,0,0,0,0,0,0.013,0,3.357,3.807,3.807,3.677,1.607,58.52,,,,,,,,,,,,,1.973,reflection,1,1,borrowed-shadow,1,4,counter-exam,0.9733,7,300,4,4,32,4,32,300,972,223,333,77,639,0,0,1007,229,1142,1142,1103,482,17556,298,222,0.0133,8,8,3.24,1.4933,8.2987,,0.2274,0.9658,0.4221,0.745
mirror-shade,4,smoke-screen,w0h+l-,forecast-aware,300,102,0.34,8.727,0.9107,42.071,0,0,2.347,47.04,3.463,2.523,2.593,0,1.09,1.503,0.95,0.653,0.327,1.967,0,0,0,0,0,0.01,0,3.73,2.663,2.663,2.427,0.713,34.82,,,,,,,,,,,,,1.997,reflection,1,1,borrowed-shadow,1,4,counter-exam,0.9967,7,300,3,3,26,1,9,300,746,102,153,198,593,0,0,1119,327,799,799,728,214,10446,176,78,0.01,8.6667,9,2.4867,1.5,2.9949,,0.2922,0.9111,0.2678,0.4432
mirror-shade,4,smoke-screen,w0h+l-,planner-one-mistake,300,112,0.3733,8.77,0.9315,61.66,0,0,2.597,52.907,4.937,12.9,0.863,0.21,0.8,0.063,1.087,0.78,0.333,2.253,0,0,0,0,0,0.017,0,3.77,3.937,3.937,3.423,1.507,57.95,223,300,223,102,0,10,290,0.4574,1,13.3925,2.5,0,2,reflection,1,1,borrowed-shadow,1,4,counter-exam,1,7,300,5,5,44,4,36,300,1685,112,138,188,1547,0,0,1131,240,1181,1181,1027,452,17385,281,107,0.0167,8.8,9,5.6167,1.2321,8.2287,,0.2122,0.8696,0.3827,0.3808
mirror-shade,4,smoke-screen,w0h+l0,random,300,0,0,9,,94.103,0,0,3.8,61.663,4.75,23.45,0.45,1.31,0.2,0.25,0.447,0.27,0.23,1.04,0,0,0,0,0,0.017,0,4,3.563,3.563,2.037,0.39,25.793,,,,,,,,,,,,,2,reflection,1,1,borrowed-shadow,1,4,counter-exam,1,7,300,5,5,43,0,0,300,2115,0,0,300,2115,0,0,1200,60,1069,1069,611,117,7738,102,0,0.0167,8.6,,7.05,,7.05,,0.05,0.5716,0.1094,0
mirror-shade,4,smoke-screen,w0h+l0,single-water,300,0,0,9,,100,0,0,4,30.2,5,78.147,0,0,0,0,1,1,0.817,0,0,0,0,0,0,0,0,4,4,4,0,0,0,,,,,,,,,,,,,2,reflection,1,1,borrowed-shadow,1,4,counter-exam,1,7,300,0,0,0,0,0,300,2109,0,0,300,2109,0,0,1200,0,1200,1200,0,0,0,0,0,0,,,7.03,,7.03,,0,0,0,
mirror-shade,4,smoke-screen,w0h+l0,legacy-cycle,300,0,0,9,,86.707,0,0,4,80.843,5,43.85,0,0,0,0,0.143,0,0.143,2.513,0,0,0,0,0,0.987,0,4,4,4,3.243,0,40.11,,,,,,,,,,,,,2,reflection,1,1,borrowed-shadow,1,4,counter-exam,1,7,300,296,296,2198,0,0,300,1703,0,0,300,1703,0,0,1200,0,1200,1200,973,0,12033,0,0,0.9867,7.4257,,5.6767,,5.6767,,0,0.8108,0,
mirror-shade,4,smoke-screen,w0h+l0,greedy,300,212,0.7067,8.43,0.9104,30.75,0,0,1.78,34.22,4.847,2.76,1.107,0.163,1.02,0.087,1.13,0.667,0.453,1.83,0,0,0,0,0,0.053,0,3.443,3.847,3.847,3.713,1.273,54.173,,,,,,,,,,,,,1.987,reflection,1,1,borrowed-shadow,1,4,counter-exam,0.9867,7,300,16,16,137,12,102,300,719,212,441,88,278,0,0,1033,306,1154,1154,1114,382,16252,262,190,0.0533,8.5625,8.5,2.3967,2.0802,3.1591,,0.2962,0.9653,0.331,0.7252
mirror-shade,4,smoke-screen,w0h+l0,planner,300,236,0.7867,8.25,0.8941,55.563,0,0,1.863,35.893,4.793,1.53,0.817,0.097,0.73,0.087,1.147,0.743,0.41,2.213,0,0,0,0,0,0.017,0,3.29,3.793,3.793,3.687,1.61,59.273,,,,,,,,,,,,,1.96,reflection,1,1,borrowed-shadow,1,4,counter-exam,0.96,7,300,5,5,42,5,42,300,896,236,364,64,532,0,0,987,219,1138,1138,1106,483,17782,298,235,0.0167,8.4,8.4,2.9867,1.5424,8.3125,,0.2219,0.9719,0.4244,0.7886
mirror-shade,4,smoke-screen,w0h+l0,forecast-aware,300,109,0.3633,8.697,0.9072,41.387,0,0,2.31,46.227,3.46,2.54,2.58,0,1.077,1.503,0.94,0.65,0.32,1.963,0,0,0,0,0,0.01,0,3.7,2.66,2.66,2.423,0.713,35.117,,,,,,,,,,,,,1.997,reflection,1,1,borrowed-shadow,1,4,counter-exam,0.9967,7,300,3,3,26,1,9,300,747,109,168,191,579,0,0,1110,323,798,798,727,214,10535,176,81,0.01,8.6667,9,2.49,1.5413,3.0314,,0.291,0.911,0.2682,0.4602
mirror-shade,4,smoke-screen,w0h+l0,planner-one-mistake,300,122,0.4067,8.757,0.9335,60.938,0,0,2.567,52.093,4.937,13.28,0.847,0.21,0.783,0.063,1.097,0.797,0.32,2.283,0,0,0,0,0,0.017,0,3.757,3.937,3.937,3.43,1.507,58.55,236,300,236,114,0,9,291,0.4831,1,13.3558,3.5,0,2,reflection,1,1,borrowed-shadow,1,4,counter-exam,1,7,300,5,5,44,4,36,300,1614,122,146,178,1468,0,0,1127,235,1181,1181,1029,452,17565,281,116,0.0167,8.8,9,5.38,1.1967,8.2472,,0.2085,0.8713,0.3827,0.4128
mirror-shade,4,smoke-screen,w0h+l+,random,300,0,0,9,,93.817,0,0,3.8,62.027,4.75,23.707,0.45,1.31,0.2,0.25,0.447,0.27,0.23,1.04,0,0,0,0,0,0.017,0,4,3.563,3.563,2.037,0.39,26.093,,,,,,,,,,,,,2,reflection,1,1,borrowed-shadow,1,4,counter-exam,1,7,300,5,5,43,0,0,300,2115,0,0,300,2115,0,0,1200,60,1069,1069,611,117,7828,102,0,0.0167,8.6,,7.05,,7.05,,0.05,0.5716,0.1094,0
mirror-shade,4,smoke-screen,w0h+l+,single-water,300,0,0,9,,100,0,0,4,30.2,5,78.147,0,0,0,0,1,1,0.817,0,0,0,0,0,0,0,0,4,4,4,0,0,0,,,,,,,,,,,,,2,reflection,1,1,borrowed-shadow,1,4,counter-exam,1,7,300,0,0,0,0,0,300,2109,0,0,300,2109,0,0,1200,0,1200,1200,0,0,0,0,0,0,,,7.03,,7.03,,0,0,0,
mirror-shade,4,smoke-screen,w0h+l+,legacy-cycle,300,0,0,9,,85.977,0,0,4,80.893,5,43.957,0,0,0,0,0.143,0,0.143,2.513,0,0,0,0,0,0.987,0,4,4,4,3.243,0,40.473,,,,,,,,,,,,,2,reflection,1,1,borrowed-shadow,1,4,counter-exam,1,7,300,296,296,2198,0,0,300,1703,0,0,300,1703,0,0,1200,0,1200,1200,973,0,12142,0,0,0.9867,7.4257,,5.6767,,5.6767,,0,0.8108,0,
mirror-shade,4,smoke-screen,w0h+l+,greedy,300,220,0.7333,8.353,0.902,29.825,0,0,1.707,32.627,4.837,2.21,1.09,0.163,1,0.09,1.077,0.63,0.447,1.767,0,0,0,0,0,0.037,0,3.373,3.837,3.837,3.717,1.277,54.45,,,,,,,,,,,,,1.98,reflection,1,1,borrowed-shadow,1,4,counter-exam,0.98,7,300,11,11,93,9,75,300,741,220,491,80,250,0,0,1012,300,1151,1151,1115,383,16335,262,196,0.0367,8.4545,8.3333,2.47,2.2318,3.125,,0.2964,0.9687,0.3328,0.7481
mirror-shade,4,smoke-screen,w0h+l+,planner,300,252,0.84,8.127,0.8845,55.417,0,0,1.723,32.873,4.77,1.813,0.8,0.097,0.713,0.087,1.14,0.697,0.45,2.173,0,0,0,0,0,0.02,0,3.22,3.77,3.77,3.657,1.6,59.45,,,,,,,,,,,,,1.907,reflection,1,1,borrowed-shadow,1,4,counter-exam,0.9067,7,300,6,6,51,6,51,300,774,252,378,48,396,0,0,966,214,1131,1131,1097,480,17835,298,251,0.02,8.5,8.5,2.58,1.5,8.25,,0.2215,0.9699,0.4244,0.8423
mirror-shade,4,smoke-screen,w0h+l+,forecast-aware,300,113,0.3767,8.673,0.9036,40.444,0,0,2.287,45.707,3.45,2.55,2.577,0,1.073,1.503,0.93,0.647,0.313,1.957,0,0,0,0,0,0.01,0,3.68,2.65,2.65,2.413,0.71,35.323,,,,,,,,,,,,,1.993,reflection,1,1,borrowed-shadow,1,4,counter-exam,0.9933,7,300,3,3,26,3,26,300,750,113,186,187,564,0,0,1104,322,795,795,724,213,10597,176,84,0.01,8.6667,8.6667,2.5,1.646,3.016,,0.2917,0.9107,0.2679,0.4773
mirror-shade,4,smoke-screen,w0h+l+,planner-one-mistake,300,133,0.4433,8.747,0.9365,60.341,0,0,2.523,51,4.933,13.463,0.847,0.207,0.78,0.067,1.11,0.8,0.33,2.267,0,0,0,0,0,0.017,0,3.747,3.933,3.933,3.427,1.503,58.91,252,300,252,127,0,9,291,0.504,1,13.3125,3.5,0,2,reflection,1,1,borrowed-shadow,1,4,counter-exam,1,7,300,5,5,44,4,36,300,1540,133,167,167,1373,0,0,1124,234,1180,1180,1028,451,17673,281,126,0.0167,8.8,9,5.1333,1.2556,8.2216,,0.2082,0.8712,0.3822,0.4484
mirror-shade,4,smoke-screen,w+h-l-,random,300,0,0,9,,95.35,0,0,3.8,59.837,4.75,22.64,0.45,1.31,0.2,0.25,0.447,0.27,0.23,1.04,0,0,0,0,0,0.017,0,4,3.563,3.563,2.037,0.39,24.687,,,,,,,,,,,,,2,reflection,1,1,borrowed-shadow,1,4,counter-exam,1,7,300,5,5,43,0,0,300,2115,0,0,300,2115,0,0,1200,60,1069,1069,611,117,7406,102,0,0.0167,8.6,,7.05,,7.05,,0.05,0.5716,0.1094,0
mirror-shade,4,smoke-screen,w+h-l-,single-water,300,0,0,9,,100,0,0,4,30.2,5,78.147,0,0,0,0,1,1,0.817,0,0,0,0,0,0,0,0,4,4,4,0,0,0,,,,,,,,,,,,,2,reflection,1,1,borrowed-shadow,1,4,counter-exam,1,7,300,0,0,0,0,0,300,2109,0,0,300,2109,0,0,1200,0,1200,1200,0,0,0,0,0,0,,,7.03,,7.03,,0,0,0,
mirror-shade,4,smoke-screen,w+h-l-,legacy-cycle,300,0,0,9,,91.78,0,0,4,80.057,5,42.56,0,0,0,0,0.143,0,0.143,2.513,0,0,0,0,0,0.987,0,4,4,4,3.243,0,37.777,,,,,,,,,,,,,2,reflection,1,1,borrowed-shadow,1,4,counter-exam,1,7,300,296,296,2198,0,0,300,1703,0,0,300,1703,0,0,1200,0,1200,1200,973,0,11333,0,0,0.9867,7.4257,,5.6767,,5.6767,,0,0.8108,0,
mirror-shade,4,smoke-screen,w+h-l-,greedy,300,172,0.5733,8.553,0.9134,33.148,0,0,1.94,37.987,4.86,2.717,1.19,0.163,1.093,0.097,1.17,0.687,0.483,1.79,0,0,0,0,0,0.043,0,3.553,3.86,3.86,3.707,1.32,53.003,,,,,,,,,,,,,2,reflection,1,1,borrowed-shadow,1,4,counter-exam,1,7,300,13,13,111,7,60,300,699,172,339,128,360,0,0,1066,328,1158,1158,1112,396,15901,265,157,0.0433,8.5385,8.5714,2.33,1.9709,2.8125,,0.3077,0.9603,0.342,0.5925
mirror-shade,4,smoke-screen,w+h-l-,planner,300,196,0.6533,8.51,0.9167,56.846,0,0,2.147,42.28,4.84,1.577,0.873,0.103,0.767,0.107,1.187,0.763,0.437,2.153,0,0,0,0,0,0.023,0,3.513,3.84,3.84,3.72,1.633,58.43,,,,,,,,,,,,,1.997,reflection,1,1,borrowed-shadow,1,4,counter-exam,0.9967,7,300,7,7,62,7,62,300,1119,196,267,104,852,0,0,1054,230,1152,1152,1116,490,17529,298,195,0.0233,8.8571,8.8571,3.73,1.3622,8.1923,,0.2182,0.9688,0.4253,0.6544
mirror-shade,4,smoke-screen,w+h-l-,forecast-aware,300,78,0.26,8.813,0.9202,42.856,0,0,2.467,49.753,3.477,2.51,2.627,0,1.12,1.507,0.96,0.68,0.31,1.993,0,0,0,0,0,0.01,0,3.813,2.677,2.677,2.44,0.713,34.453,,,,,,,,,,,,,2,reflection,1,1,borrowed-shadow,1,4,counter-exam,1,7,300,3,3,26,1,9,300,758,78,111,222,647,0,0,1144,336,803,803,732,214,10336,176,59,0.01,8.6667,9,2.5267,1.4231,2.9144,,0.2937,0.9116,0.2665,0.3352
mirror-shade,4,smoke-screen,w+h-l-,planner-one-mistake,300,92,0.3067,8.847,0.9444,63.014,0,0,2.74,56.147,4.937,12.613,0.863,0.22,0.8,0.063,1.083,0.777,0.333,2.367,0,0,0,0,0,0.017,0,3.847,3.937,3.937,3.427,1.493,57.057,196,300,196,79,0,8,292,0.4031,1,13.16,3.5,0,2,reflection,1,1,borrowed-shadow,1,4,counter-exam,1,7,300,5,5,44,4,36,300,1794,92,82,208,1712,0,0,1154,240,1181,1181,1028,448,17117,279,87,0.0167,8.8,9,5.98,0.8913,8.2308,,0.208,0.8704,0.3793,0.3118
mirror-shade,4,smoke-screen,w+h-l0,random,300,0,0,9,,94.863,0,0,3.8,60.53,4.75,23.133,0.45,1.31,0.2,0.25,0.447,0.27,0.23,1.04,0,0,0,0,0,0.017,0,4,3.563,3.563,2.037,0.39,25.137,,,,,,,,,,,,,2,reflection,1,1,borrowed-shadow,1,4,counter-exam,1,7,300,5,5,43,0,0,300,2115,0,0,300,2115,0,0,1200,60,1069,1069,611,117,7541,102,0,0.0167,8.6,,7.05,,7.05,,0.05,0.5716,0.1094,0
mirror-shade,4,smoke-screen,w+h-l0,single-water,300,0,0,9,,100,0,0,4,30.2,5,78.147,0,0,0,0,1,1,0.817,0,0,0,0,0,0,0,0,4,4,4,0,0,0,,,,,,,,,,,,,2,reflection,1,1,borrowed-shadow,1,4,counter-exam,1,7,300,0,0,0,0,0,300,2109,0,0,300,2109,0,0,1200,0,1200,1200,0,0,0,0,0,0,,,7.03,,7.03,,0,0,0,
mirror-shade,4,smoke-screen,w+h-l0,legacy-cycle,300,0,0,9,,90.18,0,0,4,80.32,5,43.31,0,0,0,0,0.143,0,0.143,2.513,0,0,0,0,0,0.987,0,4,4,4,3.243,0,38.82,,,,,,,,,,,,,2,reflection,1,1,borrowed-shadow,1,4,counter-exam,1,7,300,296,296,2198,0,0,300,1703,0,0,300,1703,0,0,1200,0,1200,1200,973,0,11646,0,0,0.9867,7.4257,,5.6767,,5.6767,,0,0.8108,0,
mirror-shade,4,smoke-screen,w+h-l0,greedy,300,188,0.6267,8.537,0.9178,32.232,0,0,1.887,36.68,4.877,2.39,1.16,0.17,1.08,0.08,1.167,0.697,0.477,1.84,0,0,0,0,0,0.03,0,3.54,3.877,3.877,3.723,1.307,53.683,,,,,,,,,,,,,1.997,reflection,1,1,borrowed-shadow,1,4,counter-exam,0.9967,7,300,9,9,76,7,59,300,711,188,360,112,351,0,0,1062,324,1163,1163,1117,392,16105,263,170,0.03,8.4444,8.4286,2.37,1.9149,3.1339,,0.3051,0.9604,0.3371,0.6464
mirror-shade,4,smoke-screen,w+h-l0,planner,300,205,0.6833,8.48,0.9154,56.053,0,0,2.097,41.113,4.853,1.763,0.853,0.107,0.763,0.09,1.183,0.76,0.437,2.193,0,0,0,0,0,0.023,0,3.49,3.853,3.853,3.72,1.643,59.03,,,,,,,,,,,,,1.99,reflection,1,1,borrowed-shadow,1,4,counter-exam,0.99,7,300,7,7,60,7,60,300,1061,205,279,95,782,0,0,1047,229,1156,1156,1116,493,17709,298,204,0.0233,8.5714,8.5714,3.5367,1.361,8.2316,,0.2187,0.9654,0.4265,0.6846
mirror-shade,4,smoke-screen,w+h-l0,forecast-aware,300,91,0.3033,8.78,0.9194,42.464,0,0,2.403,48.287,3.477,2.527,2.613,0,1.107,1.507,0.953,0.68,0.303,1.983,0,0,0,0,0,0.01,0,3.78,2.677,2.677,2.44,0.713,34.813,,,,,,,,,,,,,2,reflection,1,1,borrowed-shadow,1,4,counter-exam,1,7,300,3,3,26,1,9,300,750,91,136,209,614,0,0,1134,332,803,803,732,214,10444,176,69,0.01,8.6667,9,2.5,1.4945,2.9378,,0.2928,0.9116,0.2665,0.392
mirror-shade,4,smoke-screen,w+h-l0,planner-one-mistake,300,101,0.3367,8.817,0.9395,62.095,0,0,2.68,54.767,4.937,13.08,0.863,0.213,0.8,0.063,1.07,0.78,0.313,2.353,0,0,0,0,0,0.017,0,3.817,3.937,3.937,3.43,1.497,57.637,205,300,205,89,0,6,294,0.4341,1,13.1383,2.75,0,2,reflection,1,1,borrowed-shadow,1,4,counter-exam,1,7,300,5,5,44,4,36,300,1745,101,106,199,1639,0,0,1145,240,1181,1181,1029,449,17291,279,96,0.0167,8.8,9,5.8167,1.0495,8.2362,,0.2096,0.8713,0.3802,0.3441
mirror-shade,4,smoke-screen,w+h-l+,random,300,0,0,9,,94.6,0,0,3.8,60.913,4.75,23.39,0.45,1.31,0.2,0.25,0.447,0.27,0.23,1.04,0,0,0,0,0,0.017,0,4,3.563,3.563,2.037,0.39,25.437,,,,,,,,,,,,,2,reflection,1,1,borrowed-shadow,1,4,counter-exam,1,7,300,5,5,43,0,0,300,2115,0,0,300,2115,0,0,1200,60,1069,1069,611,117,7631,102,0,0.0167,8.6,,7.05,,7.05,,0.05,0.5716,0.1094,0
mirror-shade,4,smoke-screen,w+h-l+,single-water,300,0,0,9,,100,0,0,4,30.2,5,78.147,0,0,0,0,1,1,0.817,0,0,0,0,0,0,0,0,4,4,4,0,0,0,,,,,,,,,,,,,2,reflection,1,1,borrowed-shadow,1,4,counter-exam,1,7,300,0,0,0,0,0,300,2109,0,0,300,2109,0,0,1200,0,1200,1200,0,0,0,0,0,0,,,7.03,,7.03,,0,0,0,
mirror-shade,4,smoke-screen,w+h-l+,legacy-cycle,300,0,0,9,,89.113,0,0,4,80.467,5,43.417,0,0,0,0,0.143,0,0.143,2.513,0,0,0,0,0,0.987,0,4,4,4,3.243,0,39.183,,,,,,,,,,,,,2,reflection,1,1,borrowed-shadow,1,4,counter-exam,1,7,300,296,296,2198,0,0,300,1703,0,0,300,1703,0,0,1200,0,1200,1200,973,0,11755,0,0,0.9867,7.4257,,5.6767,,5.6767,,0,0.8108,0,
mirror-shade,4,smoke-screen,w+h-l+,greedy,300,198,0.66,8.5,0.9158,31.471,0,0,1.85,35.847,4.873,2.273,1.133,0.173,1.05,0.083,1.163,0.693,0.473,1.793,0,0,0,0,0,0.027,0,3.507,3.873,3.873,3.727,1.317,54.253,,,,,,,,,,,,,1.993,reflection,1,1,borrowed-shadow,1,4,counter-exam,0.9933,7,300,8,8,68,6,51,300,706,198,395,102,311,0,0,1052,315,1162,1162,1118,395,16276,265,180,0.0267,8.5,8.5,2.3533,1.9949,3.049,,0.2994,0.9621,0.3399,0.6792
mirror-shade,4,smoke-screen,w+h-l+,planner,300,230,0.7667,8.397,0.9126,56.043,0,0,1.953,37.753,4.85,1.663,0.833,0.103,0.743,0.09,1.19,0.77,0.427,2.153,0,0,0,0,0,0.023,0,3.413,3.85,3.85,3.733,1.64,59.787,,,,,,,,,,,,,1.983,reflection,1,1,borrowed-shadow,1,4,counter-exam,0.9833,7,300,7,7,60,7,60,300,914,230,329,70,585,0,0,1024,223,1155,1155,1120,492,17936,298,229,0.0233,8.5714,8.5714,3.0467,1.4304,8.3571,,0.2178,0.9697,0.426,0.7685
mirror-shade,4,smoke-screen,w+h-l+,forecast-aware,300,99,0.33,8.75,0.9158,41.871,0,0,2.36,47.327,3.477,2.537,2.6,0,1.097,1.503,0.947,0.677,0.3,1.983,0,0,0,0,0,0.01,0,3.753,2.677,2.677,2.44,0.713,35.087,,,,,,,,,,,,,1.997,reflection,1,1,borrowed-shadow,1,4,counter-exam,0.9967,7,300,3,3,26,1,9,300,751,99,152,201,599,0,0,1126,329,803,803,732,214,10526,176,73,0.01,8.6667,9,2.5033,1.5354,2.9801,,0.2922,0.9116,0.2665,0.4148
mirror-shade,4,smoke-screen,w+h-l+,planner-one-mistake,300,111,0.37,8.797,0.9389,61.556,0,0,2.633,53.627,4.93,13.223,0.863,0.21,0.793,0.07,1.077,0.78,0.32,2.32,0,0,0,0,0,0.017,0,3.797,3.93,3.93,3.427,1.497,58.127,230,300,230,106,0,6,294,0.4609,1,13.0383,2.75,0,2,reflection,1,1,borrowed-shadow,1,4,counter-exam,1,7,300,5,5,44,4,36,300,1685,111,117,189,1568,0,0,1139,238,1179,1179,1028,449,17438,279,106,0.0167,8.8,9,5.6167,1.0541,8.2963,,0.209,0.8719,0.3808,0.3799
mirror-shade,4,smoke-screen,w+h0l-,random,300,0,0,9,,94.893,0,0,3.8,60.533,4.75,22.813,0.45,1.31,0.2,0.25,0.447,0.27,0.23,1.04,0,0,0,0,0,0.017,0,4,3.563,3.563,2.037,0.39,25.11,,,,,,,,,,,,,2,reflection,1,1,borrowed-shadow,1,4,counter-exam,1,7,300,5,5,43,0,0,300,2115,0,0,300,2115,0,0,1200,60,1069,1069,611,117,7533,102,0,0.0167,8.6,,7.05,,7.05,,0.05,0.5716,0.1094,0
mirror-shade,4,smoke-screen,w+h0l-,single-water,300,0,0,9,,100,0,0,4,30.2,5,78.147,0,0,0,0,1,1,0.817,0,0,0,0,0,0,0,0,4,4,4,0,0,0,,,,,,,,,,,,,2,reflection,1,1,borrowed-shadow,1,4,counter-exam,1,7,300,0,0,0,0,0,300,2109,0,0,300,2109,0,0,1200,0,1200,1200,0,0,0,0,0,0,,,7.03,,7.03,,0,0,0,
mirror-shade,4,smoke-screen,w+h0l-,legacy-cycle,300,0,0,9,,89.71,0,0,4,80.463,5,42.943,0,0,0,0,0.143,0,0.143,2.513,0,0,0,0,0,0.987,0,4,4,4,3.243,0,38.867,,,,,,,,,,,,,2,reflection,1,1,borrowed-shadow,1,4,counter-exam,1,7,300,296,296,2198,0,0,300,1703,0,0,300,1703,0,0,1200,0,1200,1200,973,0,11660,0,0,0.9867,7.4257,,5.6767,,5.6767,,0,0.8108,0,
mirror-shade,4,smoke-screen,w+h0l-,greedy,300,184,0.6133,8.523,0.9136,31.914,0,0,1.903,37.08,4.847,2.73,1.173,0.163,1.073,0.1,1.14,0.68,0.453,1.837,0,0,0,0,0,0.047,0,3.527,3.847,3.847,3.7,1.28,53.103,,,,,,,,,,,,,1.997,reflection,1,1,borrowed-shadow,1,4,counter-exam,0.9967,7,300,14,14,119,9,77,300,702,184,366,116,336,0,0,1058,322,1154,1154,1110,384,15931,265,166,0.0467,8.5,8.5556,2.34,1.9891,2.8966,,0.3043,0.9619,0.3328,0.6264
mirror-shade,4,smoke-screen,w+h0l-,planner,300,211,0.7033,8.437,0.911,56.753,0,0,2.03,39.707,4.83,1.683,0.877,0.11,0.773,0.103,1.153,0.74,0.427,2.29,0,0,0,0,0,0.02,0,3.453,3.83,3.83,3.703,1.61,58.1,,,,,,,,,,,,,1.983,reflection,1,1,borrowed-shadow,1,4,counter-exam,0.9833,7,300,6,6,53,6,53,300,1030,211,295,89,735,0,0,1036,232,1149,1149,1111,483,17430,298,210,0.02,8.8333,8.8333,3.4333,1.3981,8.2584,,0.2239,0.9669,0.4204,0.7047
mirror-shade,4,smoke-screen,w+h0l-,forecast-aware,300,91,0.3033,8.76,0.9121,42.081,0,0,2.4,48.267,3.47,2.523,2.603,0,1.1,1.503,0.953,0.663,0.32,1.98,0,0,0,0,0,0.01,0,3.763,2.67,2.67,2.433,0.713,34.577,,,,,,,,,,,,,1.997,reflection,1,1,borrowed-shadow,1,4,counter-exam,0.9967,7,300,3,3,26,1,9,300,750,91,134,209,616,0,0,1129,330,801,801,730,214,10373,176,71,0.01,8.6667,9,2.5,1.4725,2.9474,,0.2923,0.9114,0.2672,0.4034
mirror-shade,4,smoke-screen,w+h0l-,planner-one-mistake,300,99,0.33,8.813,0.9371,62.124,0,0,2.687,54.96,4.933,12.69,0.863,0.22,0.797,0.067,1.067,0.767,0.327,2.353,0,0,0,0,0,0.017,0,3.813,3.933,3.933,3.42,1.507,57.603,211,300,211,88,0,8,292,0.4171,1,13.375,3.5,0,2,reflection,1,1,borrowed-shadow,1,4,counter-exam,1,7,300,5,5,44,4,36,300,1759,99,106,201,1653,0,0,1144,239,1180,1180,1026,452,17281,280,94,0.0167,8.8,9,5.8633,1.0707,8.2239,,0.2089,0.8695,0.3831,0.3357
mirror-shade,4,smoke-screen,w+h0l0,random,300,0,0,9,,94.377,0,0,3.8,61.197,4.75,23.307,0.45,1.31,0.2,0.25,0.447,0.27,0.23,1.04,0,0,0,0,0,0.017,0,4,3.563,3.563,2.037,0.39,25.56,,,,,,,,,,,,,2,reflection,1,1,borrowed-shadow,1,4,counter-exam,1,7,300,5,5,43,0,0,300,2115,0,0,300,2115,0,0,1200,60,1069,1069,611,117,7668,102,0,0.0167,8.6,,7.05,,7.05,,0.05,0.5716,0.1094,0
mirror-shade,4,smoke-screen,w+h0l0,single-water,300,0,0,9,,100,0,0,4,30.2,5,78.147,0,0,0,0,1,1,0.817,0,0,0,0,0,0,0,0,4,4,4,0,0,0,,,,,,,,,,,,,2,reflection,1,1,borrowed-shadow,1,4,counter-exam,1,7,300,0,0,0,0,0,300,2109,0,0,300,2109,0,0,1200,0,1200,1200,0,0,0,0,0,0,,,7.03,,7.03,,0,0,0,
mirror-shade,4,smoke-screen,w+h0l0,legacy-cycle,300,0,0,9,,87.65,0,0,4,80.7,5,43.693,0,0,0,0,0.143,0,0.143,2.513,0,0,0,0,0,0.987,0,4,4,4,3.243,0,39.91,,,,,,,,,,,,,2,reflection,1,1,borrowed-shadow,1,4,counter-exam,1,7,300,296,296,2198,0,0,300,1703,0,0,300,1703,0,0,1200,0,1200,1200,973,0,11973,0,0,0.9867,7.4257,,5.6767,,5.6767,,0,0.8108,0,
mirror-shade,4,smoke-screen,w+h0l0,greedy,300,200,0.6667,8.497,0.9161,31.29,0,0,1.857,35.927,4.853,2.917,1.13,0.16,1.043,0.087,1.17,0.67,0.49,1.92,0,0,0,0,0,0.053,0,3.507,3.853,3.853,3.707,1.287,53.78,,,,,,,,,,,,,1.99,reflection,1,1,borrowed-shadow,1,4,counter-exam,0.99,7,300,16,16,137,11,93,300,693,200,385,100,308,0,0,1052,313,1156,1156,1112,386,16134,265,183,0.0533,8.5625,8.4545,2.31,1.925,3.08,,0.2975,0.9619,0.3339,0.6906
mirror-shade,4,smoke-screen,w+h0l0,planner,300,218,0.7267,8.397,0.9077,55.622,0,0,2,38.947,4.83,1.713,0.843,0.103,0.747,0.097,1.177,0.757,0.43,2.23,0,0,0,0,0,0.02,0,3.42,3.83,3.83,3.71,1.627,58.877,,,,,,,,,,,,,1.977,reflection,1,1,borrowed-shadow,1,4,counter-exam,0.9767,7,300,6,6,51,6,51,300,986,218,305,82,681,0,0,1026,224,1149,1149,1113,488,17663,298,217,0.02,8.5,8.5,3.2867,1.3991,8.3049,,0.2183,0.9687,0.4247,0.7282
mirror-shade,4,smoke-screen,w+h0l0,forecast-aware,300,103,0.3433,8.72,0.9094,41.67,0,0,2.34,46.887,3.463,2.54,2.59,0,1.087,1.503,0.947,0.657,0.32,1.973,0,0,0,0,0,0.01,0,3.723,2.663,2.663,2.427,0.713,34.9,,,,,,,,,,,,,1.997,reflection,1,1,borrowed-shadow,1,4,counter-exam,0.9967,7,300,3,3,26,1,9,300,745,103,156,197,589,0,0,1117,326,799,799,728,214,10470,176,77,0.01,8.6667,9,2.4833,1.5146,2.9898,,0.2919,0.9111,0.2678,0.4375
mirror-shade,4,smoke-screen,w+h0l0,planner-one-mistake,300,108,0.36,8.793,0.9362,61.38,0,0,2.64,53.84,4.933,13.243,0.86,0.22,0.793,0.067,1.087,0.777,0.333,2.33,0,0,0,0,0,0.02,0,3.793,3.933,3.933,3.42,1.503,58.03,218,300,218,97,0,7,293,0.445,1,13.3283,3.5,0,2,reflection,1,1,borrowed-shadow,1,4,counter-exam,1,7,300,6,6,53,5,45,300,1700,108,122,192,1578,0,0,1138,238,1180,1180,1026,451,17409,280,102,0.02,8.8333,9,5.6667,1.1296,8.2188,,0.2091,0.8695,0.3822,0.3643
mirror-shade,4,smoke-screen,w+h0l+,random,300,0,0,9,,94.11,0,0,3.8,61.567,4.75,23.563,0.45,1.31,0.2,0.25,0.447,0.27,0.23,1.04,0,0,0,0,0,0.017,0,4,3.563,3.563,2.037,0.39,25.86,,,,,,,,,,,,,2,reflection,1,1,borrowed-shadow,1,4,counter-exam,1,7,300,5,5,43,0,0,300,2115,0,0,300,2115,0,0,1200,60,1069,1069,611,117,7758,102,0,0.0167,8.6,,7.05,,7.05,,0.05,0.5716,0.1094,0
mirror-shade,4,smoke-screen,w+h0l+,single-water,300,0,0,9,,100,0,0,4,30.2,5,78.147,0,0,0,0,1,1,0.817,0,0,0,0,0,0,0,0,4,4,4,0,0,0,,,,,,,,,,,,,2,reflection,1,1,borrowed-shadow,1,4,counter-exam,1,7,300,0,0,0,0,0,300,2109,0,0,300,2109,0,0,1200,0,1200,1200,0,0,0,0,0,0,,,7.03,,7.03,,0,0,0,
mirror-shade,4,smoke-screen,w+h0l+,legacy-cycle,300,0,0,9,,86.443,0,0,4,80.803,5,43.8,0,0,0,0,0.143,0,0.143,2.513,0,0,0,0,0,0.987,0,4,4,4,3.243,0,40.273,,,,,,,,,,,,,2,reflection,1,1,borrowed-shadow,1,4,counter-exam,1,7,300,296,296,2198,0,0,300,1703,0,0,300,1703,0,0,1200,0,1200,1200,973,0,12082,0,0,0.9867,7.4257,,5.6767,,5.6767,,0,0.8108,0,
mirror-shade,4,smoke-screen,w+h0l+,greedy,300,214,0.7133,8.413,0.9086,30.744,0,0,1.76,33.78,4.84,2.37,1.11,0.153,1.02,0.09,1.093,0.627,0.467,1.827,0,0,0,0,0,0.037,0,3.427,3.84,3.84,3.707,1.297,54.193,,,,,,,,,,,,,1.987,reflection,1,1,borrowed-shadow,1,4,counter-exam,0.9867,7,300,11,11,93,8,67,300,714,214,446,86,268,0,0,1028,306,1152,1152,1112,389,16258,265,194,0.0367,8.4545,8.375,2.38,2.0841,3.1163,,0.2977,0.9653,0.3377,0.7321
mirror-shade,4,smoke-screen,w+h0l+,planner,300,231,0.77,8.333,0.9038,54.855,0,0,1.903,36.753,4.83,1.777,0.833,0.103,0.737,0.097,1.163,0.753,0.417,2.207,0,0,0,0,0,0.023,0,3.357,3.83,3.83,3.713,1.623,59.3,,,,,,,,,,,,,1.977,reflection,1,1,borrowed-shadow,1,4,counter-exam,0.9767,7,300,7,7,60,7,60,300,924,231,351,69,573,0,0,1007,221,1149,1149,1114,487,17790,298,230,0.0233,8.5714,8.5714,3.08,1.5195,8.3043,,0.2195,0.9695,0.4238,0.7718
mirror-shade,4,smoke-screen,w+h0l+,forecast-aware,300,111,0.37,8.69,0.9069,41.265,0,0,2.3,46.007,3.46,2.55,2.58,0,1.077,1.503,0.937,0.65,0.317,1.963,0,0,0,0,0,0.01,0,3.693,2.66,2.66,2.423,0.713,35.137,,,,,,,,,,,,,1.997,reflection,1,1,borrowed-shadow,1,4,counter-exam,0.9967,7,300,3,3,26,1,9,300,751,111,180,189,571,0,0,1108,323,798,798,727,214,10541,176,82,0.01,8.6667,9,2.5033,1.6216,3.0212,,0.2915,0.911,0.2682,0.4659
mirror-shade,4,smoke-screen,w+h0l+,planner-one-mistake,300,122,0.4067,8.783,0.9408,60.848,0,0,2.587,52.487,4.927,13.427,0.863,0.217,0.79,0.073,1.097,0.79,0.33,2.333,0,0,0,0,0,0.02,0,3.783,3.927,3.927,3.413,1.503,58.42,231,300,231,115,0,7,293,0.4978,1,13.2883,3.5,0,2,reflection,1,1,borrowed-shadow,1,4,counter-exam,1,7,300,6,6,53,5,45,300,1603,122,138,178,1465,0,0,1135,237,1178,1178,1024,451,17526,280,115,0.02,8.8333,9,5.3433,1.1311,8.2303,,0.2088,0.8693,0.3829,0.4107
mirror-shade,4,smoke-screen,w+h+l-,random,300,0,0,9,,94.62,0,0,3.8,61.01,4.75,22.957,0.45,1.31,0.2,0.25,0.447,0.27,0.23,1.04,0,0,0,0,0,0.017,0,4,3.563,3.563,2.037,0.39,25.343,,,,,,,,,,,,,2,reflection,1,1,borrowed-shadow,1,4,counter-exam,1,7,300,5,5,43,0,0,300,2115,0,0,300,2115,0,0,1200,60,1069,1069,611,117,7603,102,0,0.0167,8.6,,7.05,,7.05,,0.05,0.5716,0.1094,0
mirror-shade,4,smoke-screen,w+h+l-,single-water,300,0,0,9,,100,0,0,4,30.2,5,78.147,0,0,0,0,1,1,0.817,0,0,0,0,0,0,0,0,4,4,4,0,0,0,,,,,,,,,,,,,2,reflection,1,1,borrowed-shadow,1,4,counter-exam,1,7,300,0,0,0,0,0,300,2109,0,0,300,2109,0,0,1200,0,1200,1200,0,0,0,0,0,0,,,7.03,,7.03,,0,0,0,
mirror-shade,4,smoke-screen,w+h+l-,legacy-cycle,300,0,0,9,,88.903,0,0,4,80.647,5,43.1,0,0,0,0,0.143,0,0.143,2.513,0,0,0,0,0,0.987,0,4,4,4,3.243,0,39.067,,,,,,,,,,,,,2,reflection,1,1,borrowed-shadow,1,4,counter-exam,1,7,300,296,296,2198,0,0,300,1703,0,0,300,1703,0,0,1200,0,1200,1200,973,0,11720,0,0,0.9867,7.4257,,5.6767,,5.6767,,0,0.8108,0,
mirror-shade,4,smoke-screen,w+h+l-,greedy,300,197,0.6567,8.477,0.9114,31.35,0,0,1.84,35.627,4.843,2.677,1.15,0.167,1.053,0.097,1.107,0.683,0.413,1.807,0,0,0,0,0,0.047,0,3.48,3.843,3.843,3.703,1.28,53.507,,,,,,,,,,,,,1.997,reflection,1,1,borrowed-shadow,1,4,counter-exam,0.9967,7,300,14,14,120,11,93,300,708,197,398,103,310,0,0,1044,316,1153,1153,1111,384,16052,265,178,0.0467,8.5714,8.4545,2.36,2.0203,3.0097,,0.3027,0.9636,0.333,0.6717
mirror-shade,4,smoke-screen,w+h+l-,planner,300,223,0.7433,8.33,0.8999,56.312,0,0,1.933,37.553,4.807,1.583,0.857,0.1,0.763,0.093,1.137,0.74,0.403,2.227,0,0,0,0,0,0.013,0,3.357,3.807,3.807,3.677,1.607,58.52,,,,,,,,,,,,,1.973,reflection,1,1,borrowed-shadow,1,4,counter-exam,0.9733,7,300,4,4,32,4,32,300,972,223,333,77,639,0,0,1007,229,1142,1142,1103,482,17556,298,222,0.0133,8,8,3.24,1.4933,8.2987,,0.2274,0.9658,0.4221,0.745
mirror-shade,4,smoke-screen,w+h+l-,forecast-aware,300,102,0.34,8.727,0.9107,42.071,0,0,2.347,47.04,3.463,2.523,2.593,0,1.09,1.503,0.95,0.653,0.327,1.967,0,0,0,0,0,0.01,0,3.73,2.663,2.663,2.427,0.713,34.82,,,,,,,,,,,,,1.997,reflection,1,1,borrowed-shadow,1,4,counter-exam,0.9967,7,300,3,3,26,1,9,300,746,102,153,198,593,0,0,1119,327,799,799,728,214,10446,176,78,0.01,8.6667,9,2.4867,1.5,2.9949,,0.2922,0.9111,0.2678,0.4432
mirror-shade,4,smoke-screen,w+h+l-,planner-one-mistake,300,112,0.3733,8.77,0.9315,61.66,0,0,2.597,52.907,4.937,12.9,0.863,0.21,0.8,0.063,1.087,0.78,0.333,2.253,0,0,0,0,0,0.017,0,3.77,3.937,3.937,3.423,1.507,57.95,223,300,223,102,0,10,290,0.4574,1,13.3925,2.5,0,2,reflection,1,1,borrowed-shadow,1,4,counter-exam,1,7,300,5,5,44,4,36,300,1685,112,138,188,1547,0,0,1131,240,1181,1181,1027,452,17385,281,107,0.0167,8.8,9,5.6167,1.2321,8.2287,,0.2122,0.8696,0.3827,0.3808
mirror-shade,4,smoke-screen,w+h+l0,random,300,0,0,9,,94.103,0,0,3.8,61.663,4.75,23.45,0.45,1.31,0.2,0.25,0.447,0.27,0.23,1.04,0,0,0,0,0,0.017,0,4,3.563,3.563,2.037,0.39,25.793,,,,,,,,,,,,,2,reflection,1,1,borrowed-shadow,1,4,counter-exam,1,7,300,5,5,43,0,0,300,2115,0,0,300,2115,0,0,1200,60,1069,1069,611,117,7738,102,0,0.0167,8.6,,7.05,,7.05,,0.05,0.5716,0.1094,0
mirror-shade,4,smoke-screen,w+h+l0,single-water,300,0,0,9,,100,0,0,4,30.2,5,78.147,0,0,0,0,1,1,0.817,0,0,0,0,0,0,0,0,4,4,4,0,0,0,,,,,,,,,,,,,2,reflection,1,1,borrowed-shadow,1,4,counter-exam,1,7,300,0,0,0,0,0,300,2109,0,0,300,2109,0,0,1200,0,1200,1200,0,0,0,0,0,0,,,7.03,,7.03,,0,0,0,
mirror-shade,4,smoke-screen,w+h+l0,legacy-cycle,300,0,0,9,,86.707,0,0,4,80.843,5,43.85,0,0,0,0,0.143,0,0.143,2.513,0,0,0,0,0,0.987,0,4,4,4,3.243,0,40.11,,,,,,,,,,,,,2,reflection,1,1,borrowed-shadow,1,4,counter-exam,1,7,300,296,296,2198,0,0,300,1703,0,0,300,1703,0,0,1200,0,1200,1200,973,0,12033,0,0,0.9867,7.4257,,5.6767,,5.6767,,0,0.8108,0,
mirror-shade,4,smoke-screen,w+h+l0,greedy,300,212,0.7067,8.43,0.9104,30.75,0,0,1.78,34.22,4.847,2.76,1.107,0.163,1.02,0.087,1.13,0.667,0.453,1.83,0,0,0,0,0,0.053,0,3.443,3.847,3.847,3.713,1.273,54.173,,,,,,,,,,,,,1.987,reflection,1,1,borrowed-shadow,1,4,counter-exam,0.9867,7,300,16,16,137,12,102,300,719,212,441,88,278,0,0,1033,306,1154,1154,1114,382,16252,262,190,0.0533,8.5625,8.5,2.3967,2.0802,3.1591,,0.2962,0.9653,0.331,0.7252
mirror-shade,4,smoke-screen,w+h+l0,planner,300,236,0.7867,8.25,0.8941,55.563,0,0,1.863,35.893,4.793,1.53,0.817,0.097,0.73,0.087,1.147,0.743,0.41,2.213,0,0,0,0,0,0.017,0,3.29,3.793,3.793,3.687,1.61,59.273,,,,,,,,,,,,,1.96,reflection,1,1,borrowed-shadow,1,4,counter-exam,0.96,7,300,5,5,42,5,42,300,896,236,364,64,532,0,0,987,219,1138,1138,1106,483,17782,298,235,0.0167,8.4,8.4,2.9867,1.5424,8.3125,,0.2219,0.9719,0.4244,0.7886
mirror-shade,4,smoke-screen,w+h+l0,forecast-aware,300,109,0.3633,8.697,0.9072,41.387,0,0,2.31,46.227,3.46,2.54,2.58,0,1.077,1.503,0.94,0.65,0.32,1.963,0,0,0,0,0,0.01,0,3.7,2.66,2.66,2.423,0.713,35.117,,,,,,,,,,,,,1.997,reflection,1,1,borrowed-shadow,1,4,counter-exam,0.9967,7,300,3,3,26,1,9,300,747,109,168,191,579,0,0,1110,323,798,798,727,214,10535,176,81,0.01,8.6667,9,2.49,1.5413,3.0314,,0.291,0.911,0.2682,0.4602
mirror-shade,4,smoke-screen,w+h+l0,planner-one-mistake,300,122,0.4067,8.757,0.9335,60.938,0,0,2.567,52.093,4.937,13.28,0.847,0.21,0.783,0.063,1.097,0.797,0.32,2.283,0,0,0,0,0,0.017,0,3.757,3.937,3.937,3.43,1.507,58.55,236,300,236,114,0,9,291,0.4831,1,13.3558,3.5,0,2,reflection,1,1,borrowed-shadow,1,4,counter-exam,1,7,300,5,5,44,4,36,300,1614,122,146,178,1468,0,0,1127,235,1181,1181,1029,452,17565,281,116,0.0167,8.8,9,5.38,1.1967,8.2472,,0.2085,0.8713,0.3827,0.4128
mirror-shade,4,smoke-screen,w+h+l+,random,300,0,0,9,,93.817,0,0,3.8,62.027,4.75,23.707,0.45,1.31,0.2,0.25,0.447,0.27,0.23,1.04,0,0,0,0,0,0.017,0,4,3.563,3.563,2.037,0.39,26.093,,,,,,,,,,,,,2,reflection,1,1,borrowed-shadow,1,4,counter-exam,1,7,300,5,5,43,0,0,300,2115,0,0,300,2115,0,0,1200,60,1069,1069,611,117,7828,102,0,0.0167,8.6,,7.05,,7.05,,0.05,0.5716,0.1094,0
mirror-shade,4,smoke-screen,w+h+l+,single-water,300,0,0,9,,100,0,0,4,30.2,5,78.147,0,0,0,0,1,1,0.817,0,0,0,0,0,0,0,0,4,4,4,0,0,0,,,,,,,,,,,,,2,reflection,1,1,borrowed-shadow,1,4,counter-exam,1,7,300,0,0,0,0,0,300,2109,0,0,300,2109,0,0,1200,0,1200,1200,0,0,0,0,0,0,,,7.03,,7.03,,0,0,0,
mirror-shade,4,smoke-screen,w+h+l+,legacy-cycle,300,0,0,9,,85.977,0,0,4,80.893,5,43.957,0,0,0,0,0.143,0,0.143,2.513,0,0,0,0,0,0.987,0,4,4,4,3.243,0,40.473,,,,,,,,,,,,,2,reflection,1,1,borrowed-shadow,1,4,counter-exam,1,7,300,296,296,2198,0,0,300,1703,0,0,300,1703,0,0,1200,0,1200,1200,973,0,12142,0,0,0.9867,7.4257,,5.6767,,5.6767,,0,0.8108,0,
mirror-shade,4,smoke-screen,w+h+l+,greedy,300,220,0.7333,8.353,0.902,29.825,0,0,1.707,32.627,4.837,2.21,1.09,0.163,1,0.09,1.077,0.63,0.447,1.767,0,0,0,0,0,0.037,0,3.373,3.837,3.837,3.717,1.277,54.45,,,,,,,,,,,,,1.98,reflection,1,1,borrowed-shadow,1,4,counter-exam,0.98,7,300,11,11,93,9,75,300,741,220,491,80,250,0,0,1012,300,1151,1151,1115,383,16335,262,196,0.0367,8.4545,8.3333,2.47,2.2318,3.125,,0.2964,0.9687,0.3328,0.7481
mirror-shade,4,smoke-screen,w+h+l+,planner,300,252,0.84,8.127,0.8845,55.417,0,0,1.723,32.873,4.77,1.813,0.8,0.097,0.713,0.087,1.14,0.697,0.45,2.173,0,0,0,0,0,0.02,0,3.22,3.77,3.77,3.657,1.6,59.45,,,,,,,,,,,,,1.907,reflection,1,1,borrowed-shadow,1,4,counter-exam,0.9067,7,300,6,6,51,6,51,300,774,252,378,48,396,0,0,966,214,1131,1131,1097,480,17835,298,251,0.02,8.5,8.5,2.58,1.5,8.25,,0.2215,0.9699,0.4244,0.8423
mirror-shade,4,smoke-screen,w+h+l+,forecast-aware,300,113,0.3767,8.673,0.9036,40.444,0,0,2.287,45.707,3.45,2.55,2.577,0,1.073,1.503,0.93,0.647,0.313,1.957,0,0,0,0,0,0.01,0,3.68,2.65,2.65,2.413,0.71,35.323,,,,,,,,,,,,,1.993,reflection,1,1,borrowed-shadow,1,4,counter-exam,0.9933,7,300,3,3,26,3,26,300,750,113,186,187,564,0,0,1104,322,795,795,724,213,10597,176,84,0.01,8.6667,8.6667,2.5,1.646,3.016,,0.2917,0.9107,0.2679,0.4773
mirror-shade,4,smoke-screen,w+h+l+,planner-one-mistake,300,133,0.4433,8.747,0.9365,60.341,0,0,2.523,51,4.933,13.463,0.847,0.207,0.78,0.067,1.11,0.8,0.33,2.267,0,0,0,0,0,0.017,0,3.747,3.933,3.933,3.427,1.503,58.91,252,300,252,127,0,9,291,0.504,1,13.3125,3.5,0,2,reflection,1,1,borrowed-shadow,1,4,counter-exam,1,7,300,5,5,44,4,36,300,1540,133,167,167,1373,0,0,1124,234,1180,1180,1028,451,17673,281,126,0.0167,8.8,9,5.1333,1.2556,8.2216,,0.2082,0.8712,0.3822,0.4484
