level,deck,scenario,seed,planner_won,won_after_mistake,status,turn,best_signature,best_card,best_score,mistake_signature,mistake_card,mistake_score,score_delta,mistake_kind,intent_type,intent_element,shielded_elements
mirror-shade,tide-siege,w0h0l0,1,true,true,injected,2,play|breach.water|water|,spend-tide-1,20.75,play|probe.land|land|,trample-green-2,3.5,17.25,walked_into_shield,,,land
mirror-shade,tide-siege,w0h0l0,2,false,false,injected,2,play|probe.water|water|,long-flow-2,12.75,play|disrupt.land|land|,filth-spread-1,1,11.75,walked_into_shield,,,land
mirror-shade,tide-siege,w0h0l0,3,false,false,injected,4,play|probe.heat|heat|,open-chill-2,-3.5,play|probe.water|water|,long-flow-2,-17,13.5,walked_into_shield,,,water
mirror-shade,tide-siege,w0h0l0,4,false,false,injected,3,play|breach.heat|heat|,hundred-smoke-1,24.25,play|probe.land|land|,trample-green-1,3,21.25,walked_into_shield,,,land
mirror-shade,tide-siege,w0h0l0,5,false,false,injected,4,play|probe.heat|heat|,open-chill-1,-3.5,play|probe.water|water|,long-flow-1,-17,13.5,walked_into_shield,,,water
mirror-shade,tide-siege,w0h0l0,6,true,false,injected,2,play|probe.water|water|,long-flow-2,12.75,play|probe.land|land|,trample-green-3,2.75,10,walked_into_shield,,,land
mirror-shade,tide-siege,w0h0l0,7,true,false,injected,3,play|breach.water|water|,spend-tide-1,20.25,play|probe.land|land|,trample-green-1,3,17.25,walked_into_shield,,,land
mirror-shade,tide-siege,w0h0l0,8,true,false,injected,2,play|probe.water|water|,long-flow-1,12.75,play|probe.land|land|,trample-green-3,2.75,10,walked_into_shield,,,land
mirror-shade,tide-siege,w0h0l0,9,true,false,injected,3,play|breach.heat|heat|,hundred-smoke-1,24.25,play|probe.land|land|,trample-green-2,3,21.25,walked_into_shield,,,land
mirror-shade,tide-siege,w0h0l0,10,true,false,injected,2,play|probe.heat|heat|,open-chill-1,12.75,play|disrupt.land|land|,filth-spread-1,1,11.75,walked_into_shield,,,land
mirror-shade,tide-siege,w0h0l0,11,true,true,injected,4,play|disrupt.land|land|,filth-spread-1,10.25,play|gather||gather,,-15.75,26,missed_interrupt,repair,land,
mirror-shade,tide-siege,w0h0l0,12,true,false,injected,2,play|probe.water|water|,long-flow-1,12.75,play|disrupt.land|land|,filth-spread-1,1,11.75,walked_into_shield,,,land
mirror-shade,tide-siege,w0h0l0,13,true,false,injected,3,play|breach.land|land|,no-green-left-1,24.25,play|disrupt.heat|heat|,idle-fume-1,1.25,23,walked_into_shield,,,heat
mirror-shade,tide-siege,w0h0l0,14,false,false,injected,2,play|probe.water|water|,long-flow-2,12.75,play|probe.land|land|,trample-green-2,0.75,12,walked_into_shield,,,land
mirror-shade,tide-siege,w0h0l0,15,true,true,injected,2,play|breach.heat|heat|,hundred-smoke-1,21.75,play|breach.land|land|,no-green-left-1,9.75,12,walked_into_shield,,,land
mirror-shade,tide-siege,w0h0l0,16,false,false,injected,2,play|probe.heat|heat|,open-chill-3,12.75,play|probe.land|land|,trample-green-1,2.75,10,walked_into_shield,,,land
mirror-shade,tide-siege,w0h0l0,17,true,false,injected,3,play|breach.heat|heat|,hundred-smoke-1,24.25,play|probe.land|land|,trample-green-1,3,21.25,walked_into_shield,,,land
mirror-shade,tide-siege,w0h0l0,18,true,false,injected,3,play|breach.land|land|,no-green-left-1,24.25,play|breach.water|water|,spend-tide-1,2.25,22,walked_into_shield,,,water
mirror-shade,tide-siege,w0h0l0,19,true,false,injected,2,play|probe.water|water|,long-flow-2,12.75,play|probe.land|land|,trample-green-2,2.75,10,walked_into_shield,,,land
mirror-shade,tide-siege,w0h0l0,20,true,false,injected,2,play|breach.water|water|,spend-tide-1,20.75,play|breach.land|land|,no-green-left-1,9.75,11,walked_into_shield,,,land
mirror-shade,tide-siege,w0h0l0,21,true,false,injected,2,play|breach.heat|heat|,hundred-smoke-1,21.75,play|probe.land|land|,trample-green-3,3.5,18.25,walked_into_shield,,,land
mirror-shade,tide-siege,w0h0l0,22,false,true,injected,2,play|breach.water|water|,tide-siege-1,20.75,play|breach.land|land|,no-green-left-1,9.75,11,walked_into_shield,,,land
mirror-shade,tide-siege,w0h0l0,23,false,false,injected,2,play|breach.heat|heat|,hundred-smoke-1,21.75,play|probe.land|land|,trample-green-3,3.5,18.25,walked_into_shield,,,land
mirror-shade,tide-siege,w0h0l0,24,true,true,injected,4,play|breach.heat|heat|,hundred-smoke-1,3.5,play|probe.water|water|,long-flow-1,-16.25,19.75,walked_into_shield,,,water
mirror-shade,tide-siege,w0h0l0,25,true,false,injected,2,play|breach.heat|heat|,hundred-smoke-1,21.75,play|breach.land|land|,no-green-left-1,9.75,12,walked_into_shield,,,land
mirror-shade,tide-siege,w0h0l0,26,false,false,injected,2,play|breach.water|water|,tide-siege-1,20.75,play|breach.land|land|,no-green-left-1,9.75,11,walked_into_shield,,,land
mirror-shade,tide-siege,w0h0l0,27,true,true,injected,5,play|probe.land|land|,trample-green-1,14.75,play|probe.heat|heat|,open-chill-3,1.25,13.5,walked_into_shield,,,heat
mirror-shade,tide-siege,w0h0l0,28,false,false,injected,2,play|probe.water|water|,long-flow-1,12.75,play|disrupt.land|land|,filth-spread-1,1,11.75,walked_into_shield,,,land
mirror-shade,tide-siege,w0h0l0,29,true,false,injected,2,play|breach.water|water|,tide-siege-1,20.75,play|probe.land|land|,trample-green-1,3.5,17.25,walked_into_shield,,,land
mirror-shade,tide-siege,w0h0l0,30,true,false,injected,2,play|breach.water|water|,spend-tide-1,20.75,play|probe.land|land|,trample-green-1,3.5,17.25,walked_into_shield,,,land
mirror-shade,tide-siege,w0h0l0,31,true,false,injected,2,play|breach.heat|heat|,hundred-smoke-1,21.75,play|probe.land|land|,trample-green-3,3.5,18.25,walked_into_shield,,,land
mirror-shade,tide-siege,w0h0l0,32,true,false,injected,2,play|breach.water|water|,tide-siege-1,20.75,play|probe.land|land|,trample-green-2,3.5,17.25,walked_into_shield,,,land
mirror-shade,tide-siege,w0h0l0,33,true,true,injected,2,play|probe.water|water|,long-flow-2,12.75,play|probe.land|land|,trample-green-3,2.75,10,walked_into_shield,,,land
mirror-shade,tide-siege,w0h0l0,34,true,true,injected,2,play|probe.water|water|,long-flow-2,12.75,play|probe.land|land|,trample-green-2,2.75,10,walked_into_shield,,,land
mirror-shade,tide-siege,w0h0l0,35,true,false,injected,2,play|probe.heat|heat|,open-chill-1,13.5,play|breach.land|land|,no-green-left-1,9.75,3.75,walked_into_shield,,,land
mirror-shade,tide-siege,w0h0l0,36,true,false,injected,2,play|probe.water|water|,long-flow-1,12.75,play|probe.land|land|,trample-green-2,0.75,12,walked_into_shield,,,land
mirror-shade,tide-siege,w0h0l0,37,true,true,injected,4,play|probe.land|land|,trample-green-1,-0.5,play|probe.water|water|,long-flow-1,-15.5,15,walked_into_shield,,,water
mirror-shade,tide-siege,w0h0l0,38,true,false,injected,2,play|probe.water|water|,long-flow-1,12.75,play|probe.land|land|,trample-green-3,2.75,10,walked_into_shield,,,land
mirror-shade,tide-siege,w0h0l0,39,false,false,injected,4,play|probe.land|land|,trample-green-2,-0.5,play|disrupt.heat|heat|,idle-fume-1,-17.25,16.75,walked_into_shield,,,heat
mirror-shade,tide-siege,w0h0l0,40,true,true,injected,3,play|breach.heat|heat|,hundred-smoke-1,23.25,play|probe.water|water|,long-flow-1,-0.5,23.75,walked_into_shield,,,water
mirror-shade,tide-siege,w0h0l0,41,true,false,injected,2,play|probe.water|water|,long-flow-2,12.75,play|disrupt.land|land|,filth-spread-1,1,11.75,walked_into_shield,,,land
mirror-shade,tide-siege,w0h0l0,42,true,true,injected,2,play|probe.water|water|,long-flow-1,12.75,play|probe.land|land|,trample-green-2,2.75,10,walked_into_shield,,,land
mirror-shade,tide-siege,w0h0l0,43,true,true,injected,2,play|probe.water|water|,long-flow-2,12.75,play|probe.land|land|,trample-green-2,0.75,12,walked_into_shield,,,land
mirror-shade,tide-siege,w0h0l0,44,true,true,injected,3,play|probe.land|land|,trample-green-2,15,play|probe.water|water|,long-flow-1,-0.5,15.5,walked_into_shield,,,water
mirror-shade,tide-siege,w0h0l0,45,true,false,injected,2,play|probe.heat|heat|,open-chill-2,12.75,play|probe.land|land|,trample-green-1,2.75,10,walked_into_shield,,,land
mirror-shade,tide-siege,w0h0l0,46,true,true,injected,2,play|probe.water|water|,long-flow-2,12.75,play|disrupt.land|land|,filth-spread-1,1,11.75,walked_into_shield,,,land
mirror-shade,tide-siege,w0h0l0,47,true,false,injected,4,play|disrupt.land|land|,filth-spread-1,10.25,play|probe.heat|heat|,open-chill-1,-3.5,13.75,missed_interrupt,repair,land,
mirror-shade,tide-siege,w0h0l0,48,true,true,injected,2,play|probe.water|water|,long-flow-1,12.75,play|probe.land|land|,trample-green-1,2.75,10,walked_into_shield,,,land
mirror-shade,tide-siege,w0h0l0,49,true,false,injected,2,play|probe.water|water|,long-flow-1,12.75,play|disrupt.land|land|,filth-spread-1,1,11.75,walked_into_shield,,,land
mirror-shade,tide-siege,w0h0l0,50,false,false,injected,2,play|probe.water|water|,long-flow-2,12.75,play|probe.land|land|,trample-green-2,2.75,10,walked_into_shield,,,land
mirror-shade,tide-siege,w0h0l0,51,true,true,injected,2,play|breach.heat|heat|,hundred-smoke-1,21.75,play|probe.land|land|,trample-green-3,3.5,18.25,walked_into_shield,,,land
mirror-shade,tide-siege,w0h0l0,52,false,false,injected,2,play|breach.heat|heat|,hundred-smoke-1,21.75,play|disrupt.land|land|,filth-spread-1,1.75,20,walked_into_shield,,,land
mirror-shade,tide-siege,w0h0l0,53,true,false,injected,3,play|breach.heat|heat|,hundred-smoke-1,24.25,play|probe.land|land|,trample-green-1,3,21.25,walked_into_shield,,,land
mirror-shade,tide-siege,w0h0l0,54,true,false,injected,2,play|probe.water|water|,long-flow-2,12.75,play|probe.land|land|,trample-green-2,0.75,12,walked_into_shield,,,land
mirror-shade,tide-siege,w0h0l0,55,true,false,injected,2,play|probe.water|water|,long-flow-1,12.75,play|disrupt.land|land|,filth-spread-1,1,11.75,walked_into_shield,,,land
mirror-shade,tide-siege,w0h0l0,56,false,false,injected,2,play|probe.water|water|,long-flow-1,12.75,play|probe.land|land|,trample-green-2,2.75,10,walked_into_shield,,,land
mirror-shade,tide-siege,w0h0l0,57,true,true,injected,2,play|probe.heat|heat|,open-chill-1,12.75,play|probe.land|land|,trample-green-1,2.75,10,walked_into_shield,,,land
mirror-shade,tide-siege,w0h0l0,58,true,false,injected,2,play|probe.water|water|,long-flow-2,12.75,play|disrupt.land|land|,filth-spread-1,1,11.75,walked_into_shield,,,land
mirror-shade,tide-siege,w0h0l0,59,false,false,injected,2,play|probe.water|water|,long-flow-2,12.75,play|probe.land|land|,trample-green-1,0.75,12,walked_into_shield,,,land
mirror-shade,tide-siege,w0h0l0,60,true,true,injected,2,play|probe.water|water|,long-flow-1,12.75,play|probe.land|land|,trample-green-3,2.75,10,walked_into_shield,,,land
mirror-shade,tide-siege,w0h0l0,61,false,false,injected,2,play|probe.heat|heat|,open-chill-1,12.75,play|disrupt.land|land|,filth-spread-1,1,11.75,walked_into_shield,,,land
mirror-shade,tide-siege,w0h0l0,62,true,false,injected,2,play|probe.heat|heat|,open-chill-1,13.5,play|breach.land|land|,no-green-left-1,9.75,3.75,walked_into_shield,,,land
mirror-shade,tide-siege,w0h0l0,63,true,false,injected,2,play|probe.heat|heat|,open-chill-2,12.75,play|probe.land|land|,trample-green-3,0.75,12,walked_into_shield,,,land
mirror-shade,tide-siege,w0h0l0,64,false,false,injected,2,play|probe.water|water|,long-flow-1,12.75,play|probe.land|land|,trample-green-2,2.75,10,walked_into_shield,,,land
mirror-shade,tide-siege,w0h0l0,65,false,false,injected,2,play|breach.water|water|,spend-tide-1,20.75,play|probe.land|land|,trample-green-3,3.5,17.25,walked_into_shield,,,land
mirror-shade,tide-siege,w0h0l0,66,true,true,injected,4,play|disrupt.land|land|,filth-spread-1,10.25,play|probe.heat|heat|,open-chill-2,-3.5,13.75,missed_interrupt,repair,land,
mirror-shade,tide-siege,w0h0l0,67,false,true,injected,2,play|probe.water|water|,long-flow-1,12.75,play|probe.land|land|,trample-green-2,2.75,10,walked_into_shield,,,land
mirror-shade,tide-siege,w0h0l0,68,true,false,injected,3,play|breach.heat|heat|,hundred-smoke-1,21.25,play|probe.land|land|,trample-green-1,3,18.25,walked_into_shield,,,land
mirror-shade,tide-siege,w0h0l0,69,true,false,injected,2,play|probe.water|water|,long-flow-1,12.75,play|probe.land|land|,trample-green-2,2.75,10,walked_into_shield,,,land
mirror-shade,tide-siege,w0h0l0,70,true,true,injected,3,play|breach.water|water|,spend-tide-1,20.25,play|probe.heat|heat|,open-chill-3,3,17.25,walked_into_shield,,,heat
mirror-shade,tide-siege,w0h0l0,71,true,false,injected,2,play|probe.water|water|,long-flow-2,12.75,play|probe.land|land|,trample-green-3,0.75,12,walked_into_shield,,,land
mirror-shade,tide-siege,w0h0l0,72,true,false,injected,2,play|breach.heat|heat|,hundred-smoke-1,21.75,play|probe.land|land|,trample-green-2,3.5,18.25,walked_into_shield,,,land
mirror-shade,tide-siege,w0h0l0,73,true,false,injected,2,play|breach.heat|heat|,hundred-smoke-1,21.75,play|breach.land|land|,no-green-left-1,9.75,12,walked_into_shield,,,land
mirror-shade,tide-siege,w0h0l0,74,true,false,injected,2,play|breach.heat|heat|,hundred-smoke-1,21.75,play|probe.land|land|,trample-green-1,3.5,18.25,walked_into_shield,,,land
mirror-shade,tide-siege,w0h0l0,75,true,true,injected,3,play|breach.water|water|,spend-tide-1,20.25,play|probe.land|land|,trample-green-3,3,17.25,walked_into_shield,,,land
mirror-shade,tide-siege,w0h0l0,76,false,false,injected,3,play|breach.land|land|,no-green-left-1,23.25,play|probe.water|water|,long-flow-1,-0.5,23.75,walked_into_shield,,,water
mirror-shade,tide-siege,w0h0l0,77,false,true,injected,2,play|breach.water|water|,tide-siege-1,20.75,play|breach.land|land|,no-green-left-1,9.75,11,walked_into_shield,,,land
mirror-shade,tide-siege,w0h0l0,78,true,true,injected,2,play|breach.heat|heat|,hundred-smoke-1,21.75,play|breach.land|land|,no-green-left-1,9.75,12,walked_into_shield,,,land
mirror-shade,tide-siege,w0h0l0,79,false,false,injected,2,play|probe.water|water|,long-flow-2,12.75,play|probe.land|land|,trample-green-3,2.75,10,walked_into_shield,,,land
mirror-shade,tide-siege,w0h0l0,80,false,false,injected,2,play|breach.heat|heat|,hundred-smoke-1,21.75,play|breach.land|land|,no-green-left-1,9.75,12,walked_into_shield,,,land
mirror-shade,tide-siege,w0h0l0,81,false,false,injected,2,play|probe.heat|heat|,open-chill-3,12.75,play|disrupt.land|land|,filth-spread-1,1,11.75,walked_into_shield,,,land
mirror-shade,tide-siege,w0h0l0,82,true,false,injected,3,play|breach.heat|heat|,hundred-smoke-1,24.25,play|probe.land|land|,trample-green-3,3,21.25,walked_into_shield,,,land
mirror-shade,tide-siege,w0h0l0,83,true,false,injected,2,play|probe.heat|heat|,open-chill-3,13.5,play|breach.land|land|,no-green-left-1,9.75,3.75,walked_into_shield,,,land
mirror-shade,tide-siege,w0h0l0,84,true,true,injected,4,play|disrupt.land|land|,filth-spread-1,14.25,play|probe.land|land|,trample-green-2,-0.5,14.75,missed_interrupt,repair,land,
mirror-shade,tide-siege,w0h0l0,85,false,true,injected,2,play|probe.water|water|,long-flow-2,12.75,play|probe.land|land|,trample-green-2,0.75,12,walked_into_shield,,,land
mirror-shade,tide-siege,w0h0l0,86,false,false,injected,2,play|probe.water|water|,long-flow-2,12.75,play|probe.land|land|,trample-green-2,0.75,12,walked_into_shield,,,land
mirror-shade,tide-siege,w0h0l0,87,true,false,injected,2,play|probe.water|water|,long-flow-1,12.75,play|probe.land|land|,trample-green-2,2.75,10,walked_into_shield,,,land
mirror-shade,tide-siege,w0h0l0,88,true,false,injected,2,play|probe.water|water|,long-flow-2,12.75,play|probe.land|land|,trample-green-1,2.75,10,walked_into_shield,,,land
mirror-shade,tide-siege,w0h0l0,89,true,true,injected,3,play|breach.land|land|,no-green-left-1,24.25,play|probe.water|water|,long-flow-2,3,21.25,walked_into_shield,,,water
mirror-shade,tide-siege,w0h0l0,90,true,false,injected,2,play|probe.water|water|,long-flow-1,12.75,play|probe.land|land|,trample-green-2,2.75,10,walked_into_shield,,,land
mirror-shade,tide-siege,w0h0l0,91,false,false,injected,2,play|disrupt.water|water|,foul-current-1,7,play|probe.land|land|,trample-green-2,0.75,6.25,walked_into_shield,,,land
mirror-shade,tide-siege,w0h0l0,92,true,false,injected,3,play|probe.land|land|,trample-green-2,15,play|breach.water|water|,tide-siege-1,2.25,12.75,walked_into_shield,,,water
mirror-shade,tide-siege,w0h0l0,93,true,false,injected,3,play|probe.land|land|,trample-green-2,15,play|probe.water|water|,long-flow-1,-0.5,15.5,walked_into_shield,,,water
mirror-shade,tide-siege,w0h0l0,94,false,false,injected,2,play|probe.water|water|,long-flow-2,12.75,play|probe.land|land|,trample-green-3,2.75,10,walked_into_shield,,,land
mirror-shade,tide-siege,w0h0l0,95,false,false,injected,2,play|probe.heat|heat|,open-chill-2,12.75,play|probe.land|land|,trample-green-3,2.75,10,walked_into_shield,,,land
mirror-shade,tide-siege,w0h0l0,96,true,false,injected,4,play|disrupt.land|land|,filth-spread-1,12.25,play|probe.land|land|,trample-green-2,-3.5,15.75,missed_interrupt,repair,land,
mirror-shade,tide-siege,w0h0l0,97,true,false,injected,2,play|probe.water|water|,long-flow-1,12.75,play|probe.land|land|,trample-green-2,0.75,12,walked_into_shield,,,land
mirror-shade,tide-siege,w0h0l0,98,true,false,injected,2,play|probe.water|water|,long-flow-1,12.75,play|probe.land|land|,trample-green-3,2.75,10,walked_into_shield,,,land
mirror-shade,tide-siege,w0h0l0,99,true,true,injected,2,play|probe.water|water|,long-flow-1,12.75,play|probe.land|land|,trample-green-1,2.75,10,walked_into_shield,,,land
mirror-shade,tide-siege,w0h0l0,100,false,false,injected,3,play|breach.heat|heat|,hundred-smoke-1,24.25,play|probe.land|land|,trample-green-1,3,21.25,walked_into_shield,,,land
mirror-shade,tide-siege,w-h-l-,1,true,true,injected,2,play|breach.water|water|,spend-tide-1,20.75,play|probe.land|land|,trample-green-2,3.5,17.25,walked_into_shield,,,land
mirror-shade,tide-siege,w-h-l-,2,false,false,injected,2,play|probe.water|water|,long-flow-2,12.75,play|disrupt.land|land|,filth-spread-1,1,11.75,walked_into_shield,,,land
mirror-shade,tide-siege,w-h-l-,3,false,false,injected,4,play|probe.heat|heat|,open-chill-2,-4.5,play|probe.water|water|,long-flow-2,-17,12.5,walked_into_shield,,,water
mirror-shade,tide-siege,w-h-l-,4,false,true,injected,2,play|probe.water|water|,long-flow-1,12.75,play|disrupt.land|land|,filth-spread-1,1,11.75,walked_into_shield,,,land
mirror-shade,tide-siege,w-h-l-,5,false,false,injected,4,play|probe.heat|heat|,open-chill-1,-4.5,play|probe.water|water|,long-flow-1,-17,12.5,walked_into_shield,,,water
mirror-shade,tide-siege,w-h-l-,6,true,false,injected,2,play|probe.water|water|,long-flow-2,12.75,play|probe.land|land|,trample-green-3,2.75,10,walked_into_shield,,,land
mirror-shade,tide-siege,w-h-l-,7,true,false,injected,3,play|breach.water|water|,spend-tide-1,20.25,play|probe.land|land|,trample-green-1,3,17.25,walked_into_shield,,,land
mirror-shade,tide-siege,w-h-l-,8,true,false,injected,2,play|probe.water|water|,long-flow-1,12.75,play|probe.land|land|,trample-green-3,2.75,10,walked_into_shield,,,land
mirror-shade,tide-siege,w-h-l-,9,true,false,injected,3,play|breach.heat|heat|,hundred-smoke-1,24.25,play|probe.land|land|,trample-green-2,3,21.25,walked_into_shield,,,land
mirror-shade,tide-siege,w-h-l-,10,true,false,injected,2,play|probe.heat|heat|,open-chill-1,11.75,play|disrupt.land|land|,filth-spread-1,1,10.75,walked_into_shield,,,land
mirror-shade,tide-siege,w-h-l-,11,true,true,injected,4,play|disrupt.land|land|,filth-spread-1,10.25,play|gather||gather,,-15.75,26,missed_interrupt,repair,land,
mirror-shade,tide-siege,w-h-l-,12,true,false,injected,2,play|probe.water|water|,long-flow-1,12.75,play|disrupt.land|land|,filth-spread-1,1,11.75,walked_into_shield,,,land
mirror-shade,tide-siege,w-h-l-,13,false,false,injected,3,play|breach.land|land|,no-green-left-1,24.25,play|disrupt.heat|heat|,idle-fume-1,1.25,23,walked_into_shield,,,heat
mirror-shade,tide-siege,w-h-l-,14,false,false,injected,2,play|probe.water|water|,long-flow-2,12.75,play|probe.land|land|,trample-green-2,0.75,12,walked_into_shield,,,land
mirror-shade,tide-siege,w-h-l-,15,true,true,injected,2,play|breach.heat|heat|,hundred-smoke-1,20.75,play|breach.land|land|,no-green-left-1,8.75,12,walked_into_shield,,,land
mirror-shade,tide-siege,w-h-l-,16,false,false,injected,2,play|probe.heat|heat|,open-chill-3,12.75,play|probe.land|land|,trample-green-1,2.75,10,walked_into_shield,,,land
mirror-shade,tide-siege,w-h-l-,17,true,false,injected,3,play|breach.heat|heat|,hundred-smoke-1,24.25,play|probe.land|land|,trample-green-1,3,21.25,walked_into_shield,,,land
mirror-shade,tide-siege,w-h-l-,18,true,false,injected,3,play|breach.land|land|,no-green-left-1,24.25,play|breach.water|water|,spend-tide-1,2.25,22,walked_into_shield,,,water
mirror-shade,tide-siege,w-h-l-,19,true,false,injected,2,play|probe.water|water|,long-flow-2,12.75,play|probe.land|land|,trample-green-2,2.75,10,walked_into_shield,,,land
mirror-shade,tide-siege,w-h-l-,20,true,false,injected,2,play|breach.water|water|,spend-tide-1,20.75,play|breach.land|land|,no-green-left-1,8.75,12,walked_into_shield,,,land
mirror-shade,tide-siege,w-h-l-,21,false,false,injected,2,play|breach.water|water|,tide-siege-1,20.75,play|probe.land|land|,trample-green-3,3.5,17.25,walked_into_shield,,,land
mirror-shade,tide-siege,w-h-l-,22,false,true,injected,2,play|breach.water|water|,tide-siege-1,20.75,play|breach.land|land|,no-green-left-1,8.75,12,walked_into_shield,,,land
mirror-shade,tide-siege,w-h-l-,23,false,false,injected,2,play|breach.water|water|,spend-tide-1,20.75,play|probe.land|land|,trample-green-3,3.5,17.25,walked_into_shield,,,land
mirror-shade,tide-siege,w-h-l-,24,true,false,injected,4,play|breach.heat|heat|,hundred-smoke-1,2.5,play|probe.water|water|,long-flow-1,-16.25,18.75,walked_into_shield,,,water
mirror-shade,tide-siege,w-h-l-,25,true,false,injected,2,play|breach.heat|heat|,hundred-smoke-1,20.75,play|breach.land|land|,no-green-left-1,8.75,12,walked_into_shield,,,land
mirror-shade,tide-siege,w-h-l-,26,false,false,injected,2,play|breach.water|water|,tide-siege-1,20.75,play|breach.land|land|,no-green-left-1,8.75,12,walked_into_shield,,,land
mirror-shade,tide-siege,w-h-l-,27,true,true,injected,5,play|probe.land|land|,trample-green-1,14.75,play|probe.heat|heat|,open-chill-3,2.75,12,walked_into_shield,,,heat
mirror-shade,tide-siege,w-h-l-,28,false,false,injected,2,play|probe.water|water|,long-flow-1,12.75,play|disrupt.land|land|,filth-spread-1,1,11.75,walked_into_shield,,,land
mirror-shade,tide-siege,w-h-l-,29,true,false,injected,2,play|breach.water|water|,tide-siege-1,20.75,play|probe.land|land|,trample-green-1,3.5,17.25,walked_into_shield,,,land
mirror-shade,tide-siege,w-h-l-,30,true,false,injected,2,play|breach.water|water|,spend-tide-1,20.75,play|probe.land|land|,trample-green-1,3.5,17.25,walked_into_shield,,,land
mirror-shade,tide-siege,w-h-l-,31,false,false,injected,2,play|breach.heat|heat|,hundred-smoke-1,20.75,play|probe.land|land|,trample-green-3,3.5,17.25,walked_into_shield,,,land
mirror-shade,tide-siege,w-h-l-,32,true,false,injected,2,play|breach.water|water|,tide-siege-1,20.75,play|probe.land|land|,trample-green-2,3.5,17.25,walked_into_shield,,,land
mirror-shade,tide-siege,w-h-l-,33,true,false,injected,2,play|probe.water|water|,long-flow-2,12.75,play|probe.land|land|,trample-green-3,2.75,10,walked_into_shield,,,land
mirror-shade,tide-siege,w-h-l-,34,true,true,injected,2,play|probe.water|water|,long-flow-2,12.75,play|probe.land|land|,trample-green-2,2.75,10,walked_into_shield,,,land
mirror-shade,tide-siege,w-h-l-,35,true,false,injected,2,play|probe.heat|heat|,open-chill-1,12.5,play|breach.land|land|,no-green-left-1,8.75,3.75,walked_into_shield,,,land
mirror-shade,tide-siege,w-h-l-,36,true,false,injected,2,play|probe.water|water|,long-flow-1,12.75,play|probe.land|land|,trample-green-2,0.75,12,walked_into_shield,,,land
mirror-shade,tide-siege,w-h-l-,37,false,true,injected,4,play|probe.land|land|,trample-green-1,-1.5,play|probe.water|water|,long-flow-1,-15.5,14,walked_into_shield,,,water
mirror-shade,tide-siege,w-h-l-,38,false,false,injected,2,play|probe.water|water|,long-flow-1,12.75,play|probe.land|land|,trample-green-3,2.75,10,walked_into_shield,,,land
mirror-shade,tide-siege,w-h-l-,39,true,false,injected,2,play|probe.heat|heat|,open-chill-3,11.75,play|disrupt.land|land|,filth-spread-1,1,10.75,walked_into_shield,,,land
mirror-shade,tide-siege,w-h-l-,40,true,true,injected,3,play|breach.heat|heat|,hundred-smoke-1,22.25,play|probe.water|water|,long-flow-1,-0.5,22.75,walked_into_shield,,,water
mirror-shade,tide-siege,w-h-l-,41,true,false,injected,2,play|probe.water|water|,long-flow-2,12.75,play|disrupt.land|land|,filth-spread-1,1,11.75,walked_into_shield,,,land
mirror-shade,tide-siege,w-h-l-,42,true,true,injected,2,play|probe.water|water|,long-flow-1,12.75,play|probe.land|land|,trample-green-2,2.75,10,walked_into_shield,,,land
mirror-shade,tide-siege,w-h-l-,43,true,true,injected,2,play|probe.water|water|,long-flow-2,12.75,play|probe.land|land|,trample-green-2,0.75,12,walked_into_shield,,,land
mirror-shade,tide-siege,w-h-l-,44,true,true,injected,3,play|probe.land|land|,trample-green-2,14,play|probe.water|water|,long-flow-1,-0.5,14.5,walked_into_shield,,,water
mirror-shade,tide-siege,w-h-l-,45,false,false,injected,2,play|probe.heat|heat|,open-chill-2,12.75,play|probe.land|land|,trample-green-1,2.75,10,walked_into_shield,,,land
mirror-shade,tide-siege,w-h-l-,46,true,true,injected,2,play|probe.water|water|,long-flow-2,12.75,play|disrupt.land|land|,filth-spread-1,1,11.75,walked_into_shield,,,land
mirror-shade,tide-siege,w-h-l-,47,false,false,injected,4,play|disrupt.land|land|,filth-spread-1,10.25,play|probe.heat|heat|,open-chill-1,-4.5,14.75,missed_interrupt,repair,land,
mirror-shade,tide-siege,w-h-l-,48,true,true,injected,2,play|probe.water|water|,long-flow-1,12.75,play|probe.land|land|,trample-green-1,2.75,10,walked_into_shield,,,land
mirror-shade,tide-siege,w-h-l-,49,true,false,injected,2,play|probe.water|water|,long-flow-1,12.75,play|disrupt.land|land|,filth-spread-1,1,11.75,walked_into_shield,,,land
mirror-shade,tide-siege,w-h-l-,50,false,false,injected,2,play|probe.water|water|,long-flow-2,12.75,play|probe.land|land|,trample-green-2,2.75,10,walked_into_shield,,,land
mirror-shade,tide-siege,w-h-l-,51,false,true,injected,2,play|breach.heat|heat|,hundred-smoke-1,20.75,play|probe.land|land|,trample-green-3,3.5,17.25,walked_into_shield,,,land
mirror-shade,tide-siege,w-h-l-,52,false,false,injected,2,play|breach.water|water|,spend-tide-1,20.75,play|disrupt.land|land|,filth-spread-1,1.75,19,walked_into_shield,,,land
mirror-shade,tide-siege,w-h-l-,53,true,false,injected,3,play|breach.heat|heat|,hundred-smoke-1,24.25,play|probe.land|land|,trample-green-1,3,21.25,walked_into_shield,,,land
mirror-shade,tide-siege,w-h-l-,54,false,false,injected,2,play|probe.water|water|,long-flow-2,12.75,play|probe.land|land|,trample-green-2,0.75,12,walked_into_shield,,,land
mirror-shade,tide-siege,w-h-l-,55,true,false,injected,2,play|probe.water|water|,long-flow-1,12.75,play|disrupt.land|land|,filth-spread-1,1,11.75,walked_into_shield,,,land
mirror-shade,tide-siege,w-h-l-,56,false,false,injected,2,play|probe.water|water|,long-flow-1,12.75,play|probe.land|land|,trample-green-2,2.75,10,walked_into_shield,,,land
mirror-shade,tide-siege,w-h-l-,57,true,true,injected,2,play|probe.heat|heat|,open-chill-1,12.75,play|probe.land|land|,trample-green-1,2.75,10,walked_into_shield,,,land
mirror-shade,tide-siege,w-h-l-,58,true,false,injected,2,play|probe.water|water|,long-flow-2,12.75,play|disrupt.land|land|,filth-spread-1,1,11.75,walked_into_shield,,,land
mirror-shade,tide-siege,w-h-l-,59,false,false,injected,2,play|probe.water|water|,long-flow-2,12.75,play|probe.land|land|,trample-green-1,0.75,12,walked_into_shield,,,land
mirror-shade,tide-siege,w-h-l-,60,true,false,injected,2,play|probe.water|water|,long-flow-1,12.75,play|probe.land|land|,trample-green-3,2.75,10,walked_into_shield,,,land
mirror-shade,tide-siege,w-h-l-,61,false,false,injected,2,play|probe.heat|heat|,open-chill-1,11.75,play|disrupt.land|land|,filth-spread-1,1,10.75,walked_into_shield,,,land
mirror-shade,tide-siege,w-h-l-,62,false,false,injected,2,play|probe.heat|heat|,open-chill-1,12.5,play|breach.land|land|,no-green-left-1,8.75,3.75,walked_into_shield,,,land
mirror-shade,tide-siege,w-h-l-,63,false,false,injected,2,play|probe.water|water|,long-flow-1,12.75,play|probe.land|land|,trample-green-3,0.75,12,walked_into_shield,,,land
mirror-shade,tide-siege,w-h-l-,64,false,false,injected,2,play|probe.water|water|,long-flow-1,12.75,play|probe.land|land|,trample-green-2,2.75,10,walked_into_shield,,,land
mirror-shade,tide-siege,w-h-l-,65,false,false,injected,2,play|breach.water|water|,spend-tide-1,20.75,play|probe.land|land|,trample-green-3,3.5,17.25,walked_into_shield,,,land
mirror-shade,tide-siege,w-h-l-,66,true,true,injected,4,play|disrupt.land|land|,filth-spread-1,10.25,play|probe.heat|heat|,open-chill-2,-4.5,14.75,missed_interrupt,repair,land,
mirror-shade,tide-siege,w-h-l-,67,false,true,injected,2,play|probe.water|water|,long-flow-1,12.75,play|probe.land|land|,trample-green-2,2.75,10,walked_into_shield,,,land
mirror-shade,tide-siege,w-h-l-,68,false,false,injected,3,play|breach.heat|heat|,hundred-smoke-1,20.25,play|probe.land|land|,trample-green-1,3,17.25,walked_into_shield,,,land
mirror-shade,tide-siege,w-h-l-,69,true,false,injected,2,play|probe.water|water|,long-flow-1,12.75,play|probe.land|land|,trample-green-2,2.75,10,walked_into_shield,,,land
mirror-shade,tide-siege,w-h-l-,70,true,false,injected,3,play|breach.water|water|,spend-tide-1,20.25,play|probe.heat|heat|,open-chill-3,3,17.25,walked_into_shield,,,heat
mirror-shade,tide-siege,w-h-l-,71,true,false,injected,2,play|probe.water|water|,long-flow-2,12.75,play|probe.land|land|,trample-green-3,0.75,12,walked_into_shield,,,land
mirror-shade,tide-siege,w-h-l-,72,true,false,injected,2,play|breach.heat|heat|,hundred-smoke-1,20.75,play|probe.land|land|,trample-green-2,3.5,17.25,walked_into_shield,,,land
mirror-shade,tide-siege,w-h-l-,73,true,false,injected,2,play|breach.water|water|,tide-siege-1,20.75,play|breach.land|land|,no-green-left-1,8.75,12,walked_into_shield,,,land
mirror-shade,tide-siege,w-h-l-,74,true,false,injected,2,play|breach.heat|heat|,hundred-smoke-1,20.75,play|probe.land|land|,trample-green-1,3.5,17.25,walked_into_shield,,,land
mirror-shade,tide-siege,w-h-l-,75,true,true,injected,3,play|breach.water|water|,spend-tide-1,20.25,play|probe.land|land|,trample-green-3,3,17.25,walked_into_shield,,,land
mirror-shade,tide-siege,w-h-l-,76,false,false,injected,3,play|breach.land|land|,no-green-left-1,22.25,play|probe.water|water|,long-flow-1,-0.5,22.75,walked_into_shield,,,water
mirror-shade,tide-siege,w-h-l-,77,false,false,injected,2,play|breach.water|water|,tide-siege-1,20.75,play|breach.land|land|,no-green-left-1,8.75,12,walked_into_shield,,,land
mirror-shade,tide-siege,w-h-l-,78,true,false,injected,2,play|breach.heat|heat|,hundred-smoke-1,20.75,play|breach.land|land|,no-green-left-1,8.75,12,walked_into_shield,,,land
mirror-shade,tide-siege,w-h-l-,79,false,false,injected,2,play|probe.water|water|,long-flow-2,12.75,play|probe.land|land|,trample-green-3,2.75,10,walked_into_shield,,,land
mirror-shade,tide-siege,w-h-l-,80,true,false,injected,2,play|breach.water|water|,tide-siege-1,20.75,play|breach.land|land|,no-green-left-1,8.75,12,walked_into_shield,,,land
mirror-shade,tide-siege,w-h-l-,81,false,false,injected,2,play|probe.heat|heat|,open-chill-3,11.75,play|disrupt.land|land|,filth-spread-1,1,10.75,walked_into_shield,,,land
mirror-shade,tide-siege,w-h-l-,82,true,false,injected,3,play|breach.heat|heat|,hundred-smoke-1,24.25,play|probe.land|land|,trample-green-3,3,21.25,walked_into_shield,,,land
mirror-shade,tide-siege,w-h-l-,83,true,false,injected,2,play|probe.heat|heat|,open-chill-3,12.5,play|breach.land|land|,no-green-left-1,8.75,3.75,walked_into_shield,,,land
mirror-shade,tide-siege,w-h-l-,84,true,true,injected,4,play|disrupt.land|land|,filth-spread-1,13.25,play|probe.land|land|,trample-green-2,-1.5,14.75,missed_interrupt,repair,land,
mirror-shade,tide-siege,w-h-l-,85,false,true,injected,2,play|probe.water|water|,long-flow-2,12.75,play|probe.land|land|,trample-green-2,0.75,12,walked_into_shield,,,land
mirror-shade,tide-siege,w-h-l-,86,false,false,injected,2,play|probe.water|water|,long-flow-2,12.75,play|probe.land|land|,trample-green-2,0.75,12,walked_into_shield,,,land
mirror-shade,tide-siege,w-h-l-,87,true,false,injected,2,play|probe.water|water|,long-flow-1,12.75,play|probe.land|land|,trample-green-2,2.75,10,walked_into_shield,,,land
mirror-shade,tide-siege,w-h-l-,88,true,false,injected,2,play|probe.water|water|,long-flow-2,12.75,play|probe.land|land|,trample-green-1,2.75,10,walked_into_shield,,,land
mirror-shade,tide-siege,w-h-l-,89,true,true,injected,3,play|breach.land|land|,no-green-left-1,24.25,play|probe.water|water|,long-flow-2,3,21.25,walked_into_shield,,,water
mirror-shade,tide-siege,w-h-l-,90,true,false,injected,2,play|probe.water|water|,long-flow-1,12.75,play|probe.land|land|,trample-green-2,2.75,10,walked_into_shield,,,land
mirror-shade,tide-siege,w-h-l-,91,false,false,injected,2,play|disrupt.water|water|,foul-current-1,7,play|probe.land|land|,trample-green-2,0.75,6.25,walked_into_shield,,,land
mirror-shade,tide-siege,w-h-l-,92,false,false,injected,4,play|breach.land|land|,no-green-left-1,2.5,play|probe.water|water|,long-flow-1,-16.25,18.75,walked_into_shield,,,water
mirror-shade,tide-siege,w-h-l-,93,false,false,injected,3,play|probe.land|land|,trample-green-2,14,play|probe.water|water|,long-flow-1,-0.5,14.5,walked_into_shield,,,water
mirror-shade,tide-siege,w-h-l-,94,false,false,injected,2,play|probe.water|water|,long-flow-2,12.75,play|probe.land|land|,trample-green-3,2.75,10,walked_into_shield,,,land
mirror-shade,tide-siege,w-h-l-,95,false,false,injected,2,play|probe.water|water|,long-flow-2,12.75,play|probe.land|land|,trample-green-3,2.75,10,walked_into_shield,,,land
mirror-shade,tide-siege,w-h-l-,96,true,false,injected,4,play|disrupt.land|land|,filth-spread-1,11.25,play|probe.land|land|,trample-green-2,-4.5,15.75,missed_interrupt,repair,land,
mirror-shade,tide-siege,w-h-l-,97,true,false,injected,2,play|probe.water|water|,long-flow-1,12.75,play|probe.land|land|,trample-green-2,0.75,12,walked_into_shield,,,land
mirror-shade,tide-siege,w-h-l-,98,true,false,injected,2,play|probe.water|water|,long-flow-1,12.75,play|probe.land|land|,trample-green-3,2.75,10,walked_into_shield,,,land
mirror-shade,tide-siege,w-h-l-,99,true,true,injected,2,play|probe.water|water|,long-flow-1,12.75,play|probe.land|land|,trample-green-1,2.75,10,walked_into_shield,,,land
mirror-shade,tide-siege,w-h-l-,100,false,false,injected,3,play|breach.heat|heat|,hundred-smoke-1,24.25,play|probe.land|land|,trample-green-1,3,21.25,walked_into_shield,,,land
mirror-shade,tide-siege,w+h+l+,1,true,true,injected,2,play|breach.water|water|,spend-tide-1,20.75,play|probe.land|land|,trample-green-2,3.5,17.25,walked_into_shield,,,land
mirror-shade,tide-siege,w+h+l+,2,false,false,injected,2,play|probe.water|water|,long-flow-2,12.75,play|disrupt.land|land|,filth-spread-1,1,11.75,walked_into_shield,,,land
mirror-shade,tide-siege,w+h+l+,3,false,true,injected,4,play|probe.heat|heat|,open-chill-2,-3.5,play|probe.water|water|,long-flow-2,-17,13.5,walked_into_shield,,,water
mirror-shade,tide-siege,w+h+l+,4,false,false,injected,3,play|breach.heat|heat|,hundred-smoke-1,25.25,play|probe.land|land|,trample-green-1,3,22.25,walked_into_shield,,,land
mirror-shade,tide-siege,w+h+l+,5,false,false,injected,4,play|probe.heat|heat|,open-chill-1,-3.5,play|probe.water|water|,long-flow-1,-17,13.5,walked_into_shield,,,water
mirror-shade,tide-siege,w+h+l+,6,true,false,injected,2,play|probe.heat|heat|,open-chill-2,13.75,play|probe.land|land|,trample-green-3,2.75,11,walked_into_shield,,,land
mirror-shade,tide-siege,w+h+l+,7,true,false,injected,3,play|breach.water|water|,spend-tide-1,20.25,play|probe.land|land|,trample-green-1,3,17.25,walked_into_shield,,,land
mirror-shade,tide-siege,w+h+l+,8,true,true,injected,2,play|probe.water|water|,long-flow-1,12.75,play|probe.land|land|,trample-green-3,2.75,10,walked_into_shield,,,land
mirror-shade,tide-siege,w+h+l+,9,true,false,injected,3,play|breach.heat|heat|,hundred-smoke-1,25.25,play|probe.land|land|,trample-green-2,3,22.25,walked_into_shield,,,land
mirror-shade,tide-siege,w+h+l+,10,true,false,injected,2,play|probe.heat|heat|,open-chill-1,12.75,play|disrupt.land|land|,filth-spread-1,1,11.75,walked_into_shield,,,land
mirror-shade,tide-siege,w+h+l+,11,true,true,injected,4,play|disrupt.land|land|,filth-spread-1,10.25,play|gather||gather,,-15.75,26,missed_interrupt,repair,land,
mirror-shade,tide-siege,w+h+l+,12,true,false,injected,2,play|probe.water|water|,long-flow-1,12.75,play|disrupt.land|land|,filth-spread-1,1,11.75,walked_into_shield,,,land
mirror-shade,tide-siege,w+h+l+,13,true,false,injected,4,play|probe.land|land|,trample-green-3,-4.5,play|probe.heat|heat|,open-chill-1,-17,12.5,walked_into_shield,,,heat
mirror-shade,tide-siege,w+h+l+,14,true,false,injected,2,play|probe.water|water|,long-flow-2,12.75,play|probe.land|land|,trample-green-2,1.75,11,walked_into_shield,,,land
mirror-shade,tide-siege,w+h+l+,15,true,true,injected,2,play|breach.heat|heat|,hundred-smoke-1,21.75,play|breach.land|land|,no-green-left-1,9.75,12,walked_into_shield,,,land
mirror-shade,tide-siege,w+h+l+,16,true,true,injected,2,play|probe.heat|heat|,open-chill-3,13.75,play|probe.land|land|,trample-green-1,2.75,11,walked_into_shield,,,land
mirror-shade,tide-siege,w+h+l+,17,true,false,injected,3,play|breach.heat|heat|,hundred-smoke-1,25.25,play|probe.land|land|,trample-green-1,3,22.25,walked_into_shield,,,land
mirror-shade,tide-siege,w+h+l+,18,true,true,injected,3,play|breach.land|land|,no-green-left-1,25.25,play|breach.water|water|,spend-tide-1,2.25,23,walked_into_shield,,,water
mirror-shade,tide-siege,w+h+l+,19,true,false,injected,2,play|probe.water|water|,long-flow-2,12.75,play|probe.land|land|,trample-green-2,2.75,10,walked_into_shield,,,land
mirror-shade,tide-siege,w+h+l+,20,true,false,injected,2,play|breach.water|water|,spend-tide-1,20.75,play|breach.land|land|,no-green-left-1,9.75,11,walked_into_shield,,,land
mirror-shade,tide-siege,w+h+l+,21,true,false,injected,2,play|breach.heat|heat|,hundred-smoke-1,21.75,play|probe.land|land|,trample-green-3,3.5,18.25,walked_into_shield,,,land
mirror-shade,tide-siege,w+h+l+,22,false,true,injected,2,play|breach.water|water|,tide-siege-1,20.75,play|breach.land|land|,no-green-left-1,9.75,11,walked_into_shield,,,land
mirror-shade,tide-siege,w+h+l+,23,false,false,injected,2,play|breach.heat|heat|,hundred-smoke-1,21.75,play|probe.land|land|,trample-green-3,3.5,18.25,walked_into_shield,,,land
mirror-shade,tide-siege,w+h+l+,24,true,true,injected,4,play|breach.heat|heat|,hundred-smoke-1,3.5,play|probe.water|water|,long-flow-1,-16.25,19.75,walked_into_shield,,,water
mirror-shade,tide-siege,w+h+l+,25,true,false,injected,2,play|breach.heat|heat|,hundred-smoke-1,21.75,play|breach.land|land|,no-green-left-1,9.75,12,walked_into_shield,,,land
mirror-shade,tide-siege,w+h+l+,26,true,false,injected,2,play|breach.water|water|,tide-siege-1,20.75,play|breach.land|land|,no-green-left-1,9.75,11,walked_into_shield,,,land
mirror-shade,tide-siege,w+h+l+,27,true,true,injected,5,play|probe.land|land|,trample-green-1,15.75,play|probe.heat|heat|,open-chill-3,1.25,14.5,walked_into_shield,,,heat
mirror-shade,tide-siege,w+h+l+,28,false,false,injected,2,play|probe.water|water|,long-flow-1,12.75,play|disrupt.land|land|,filth-spread-1,1,11.75,walked_into_shield,,,land
mirror-shade,tide-siege,w+h+l+,29,true,false,injected,2,play|breach.water|water|,tide-siege-1,20.75,play|probe.land|land|,trample-green-1,3.5,17.25,walked_into_shield,,,land
mirror-shade,tide-siege,w+h+l+,30,true,false,injected,2,play|breach.water|water|,spend-tide-1,20.75,play|probe.land|land|,trample-green-1,3.5,17.25,walked_into_shield,,,land
mirror-shade,tide-siege,w+h+l+,31,true,true,injected,2,play|breach.heat|heat|,hundred-smoke-1,21.75,play|probe.land|land|,trample-green-3,3.5,18.25,walked_into_shield,,,land
mirror-shade,tide-siege,w+h+l+,32,true,false,injected,2,play|breach.water|water|,tide-siege-1,20.75,play|probe.land|land|,trample-green-2,3.5,17.25,walked_into_shield,,,land
mirror-shade,tide-siege,w+h+l+,33,true,true,injected,2,play|probe.water|water|,long-flow-2,12.75,play|probe.land|land|,trample-green-3,2.75,10,walked_into_shield,,,land
mirror-shade,tide-siege,w+h+l+,34,true,true,injected,2,play|probe.heat|heat|,open-chill-1,13.75,play|probe.land|land|,trample-green-2,2.75,11,walked_into_shield,,,land
mirror-shade,tide-siege,w+h+l+,35,true,false,injected,2,play|probe.heat|heat|,open-chill-1,13.5,play|breach.land|land|,no-green-left-1,9.75,3.75,walked_into_shield,,,land
mirror-shade,tide-siege,w+h+l+,36,true,false,injected,2,play|probe.water|water|,long-flow-1,12.75,play|probe.land|land|,trample-green-2,1.75,11,walked_into_shield,,,land
mirror-shade,tide-siege,w+h+l+,37,true,true,injected,4,play|probe.land|land|,trample-green-1,-0.5,play|probe.water|water|,long-flow-1,-15.5,15,walked_into_shield,,,water
mirror-shade,tide-siege,w+h+l+,38,true,false,injected,2,play|probe.water|water|,long-flow-1,12.75,play|probe.land|land|,trample-green-3,2.75,10,walked_into_shield,,,land
mirror-shade,tide-siege,w+h+l+,39,false,false,injected,4,play|probe.land|land|,trample-green-2,-0.5,play|disrupt.heat|heat|,idle-fume-1,-17.25,16.75,walked_into_shield,,,heat
mirror-shade,tide-siege,w+h+l+,40,true,true,injected,3,play|breach.heat|heat|,hundred-smoke-1,23.25,play|probe.water|water|,long-flow-1,-0.5,23.75,walked_into_shield,,,water
mirror-shade,tide-siege,w+h+l+,41,true,false,injected,2,play|probe.water|water|,long-flow-2,12.75,play|disrupt.land|land|,filth-spread-1,1,11.75,walked_into_shield,,,land
mirror-shade,tide-siege,w+h+l+,42,true,true,injected,2,play|probe.water|water|,long-flow-1,12.75,play|probe.land|land|,trample-green-2,2.75,10,walked_into_shield,,,land
mirror-shade,tide-siege,w+h+l+,43,true,true,injected,2,play|probe.water|water|,long-flow-2,12.75,play|probe.land|land|,trample-green-2,1.75,11,walked_into_shield,,,land
mirror-shade,tide-siege,w+h+l+,44,true,true,injected,3,play|probe.land|land|,trample-green-2,15,play|probe.water|water|,long-flow-1,-0.5,15.5,walked_into_shield,,,water
mirror-shade,tide-siege,w+h+l+,45,true,false,injected,2,play|probe.heat|heat|,open-chill-2,13.75,play|probe.land|land|,trample-green-1,2.75,11,walked_into_shield,,,land
mirror-shade,tide-siege,w+h+l+,46,true,true,injected,2,play|probe.water|water|,long-flow-2,12.75,play|disrupt.land|land|,filth-spread-1,1,11.75,walked_into_shield,,,land
mirror-shade,tide-siege,w+h+l+,47,true,false,injected,4,play|disrupt.land|land|,filth-spread-1,10.25,play|probe.heat|heat|,open-chill-1,-3.5,13.75,missed_interrupt,repair,land,
mirror-shade,tide-siege,w+h+l+,48,true,true,injected,2,play|probe.water|water|,long-flow-1,12.75,play|probe.land|land|,trample-green-1,2.75,10,walked_into_shield,,,land
mirror-shade,tide-siege,w+h+l+,49,true,false,injected,2,play|probe.water|water|,long-flow-1,12.75,play|disrupt.land|land|,filth-spread-1,1,11.75,walked_into_shield,,,land
mirror-shade,tide-siege,w+h+l+,50,false,false,injected,2,play|probe.water|water|,long-flow-2,12.75,play|probe.land|land|,trample-green-2,2.75,10,walked_into_shield,,,land
mirror-shade,tide-siege,w+h+l+,51,true,true,injected,2,play|breach.heat|heat|,hundred-smoke-1,21.75,play|probe.land|land|,trample-green-3,3.5,18.25,walked_into_shield,,,land
mirror-shade,tide-siege,w+h+l+,52,true,false,injected,2,play|breach.heat|heat|,hundred-smoke-1,21.75,play|disrupt.land|land|,filth-spread-1,1.75,20,walked_into_shield,,,land
mirror-shade,tide-siege,w+h+l+,53,true,false,injected,3,play|breach.heat|heat|,hundred-smoke-1,25.25,play|probe.land|land|,trample-green-1,3,22.25,walked_into_shield,,,land
mirror-shade,tide-siege,w+h+l+,54,true,false,injected,2,play|probe.water|water|,long-flow-2,12.75,play|probe.land|land|,trample-green-2,1.75,11,walked_into_shield,,,land
mirror-shade,tide-siege,w+h+l+,55,true,false,injected,2,play|probe.water|water|,long-flow-1,12.75,play|disrupt.land|land|,filth-spread-1,1,11.75,walked_into_shield,,,land
mirror-shade,tide-siege,w+h+l+,56,true,false,injected,2,play|probe.heat|heat|,open-chill-1,13.75,play|probe.land|land|,trample-green-2,2.75,11,walked_into_shield,,,land
mirror-shade,tide-siege,w+h+l+,57,true,true,injected,2,play|probe.heat|heat|,open-chill-1,13.75,play|probe.land|land|,trample-green-1,2.75,11,walked_into_shield,,,land
mirror-shade,tide-siege,w+h+l+,58,true,false,injected,2,play|probe.water|water|,long-flow-2,12.75,play|disrupt.land|land|,filth-spread-1,1,11.75,walked_into_shield,,,land
mirror-shade,tide-siege,w+h+l+,59,false,false,injected,2,play|probe.water|water|,long-flow-2,12.75,play|probe.land|land|,trample-green-1,1.75,11,walked_into_shield,,,land
mirror-shade,tide-siege,w+h+l+,60,true,true,injected,2,play|probe.water|water|,long-flow-1,12.75,play|probe.land|land|,trample-green-3,2.75,10,walked_into_shield,,,land
mirror-shade,tide-siege,w+h+l+,61,true,false,injected,2,play|probe.heat|heat|,open-chill-1,13.75,play|disrupt.land|land|,filth-spread-1,1,12.75,walked_into_shield,,,land
mirror-shade,tide-siege,w+h+l+,62,true,false,injected,2,play|probe.heat|heat|,open-chill-1,13.5,play|breach.land|land|,no-green-left-1,9.75,3.75,walked_into_shield,,,land
mirror-shade,tide-siege,w+h+l+,63,true,false,injected,2,play|probe.heat|heat|,open-chill-2,12.75,play|probe.land|land|,trample-green-3,1.75,11,walked_into_shield,,,land
mirror-shade,tide-siege,w+h+l+,64,false,false,injected,2,play|probe.water|water|,long-flow-1,12.75,play|probe.land|land|,trample-green-2,2.75,10,walked_into_shield,,,land
mirror-shade,tide-siege,w+h+l+,65,false,true,injected,2,play|breach.water|water|,spend-tide-1,20.75,play|probe.land|land|,trample-green-3,3.5,17.25,walked_into_shield,,,land
mirror-shade,tide-siege,w+h+l+,66,true,true,injected,4,play|disrupt.land|land|,filth-spread-1,10.25,play|probe.heat|heat|,open-chill-2,-3.5,13.75,missed_interrupt,repair,land,
mirror-shade,tide-siege,w+h+l+,67,false,true,injected,2,play|probe.water|water|,long-flow-1,12.75,play|probe.land|land|,trample-green-2,2.75,10,walked_into_shield,,,land
mirror-shade,tide-siege,w+h+l+,68,true,false,injected,3,play|breach.heat|heat|,hundred-smoke-1,21.25,play|probe.land|land|,trample-green-1,3,18.25,walked_into_shield,,,land
mirror-shade,tide-siege,w+h+l+,69,true,true,injected,2,play|probe.heat|heat|,open-chill-2,13.75,play|probe.land|land|,trample-green-2,2.75,11,walked_into_shield,,,land
mirror-shade,tide-siege,w+h+l+,70,true,true,injected,3,play|breach.water|water|,spend-tide-1,22.25,play|probe.heat|heat|,open-chill-3,-0.5,22.75,walked_into_shield,,,heat
mirror-shade,tide-siege,w+h+l+,71,true,true,injected,2,play|probe.water|water|,long-flow-2,12.75,play|probe.land|land|,trample-green-3,1.75,11,walked_into_shield,,,land
mirror-shade,tide-siege,w+h+l+,72,true,false,injected,2,play|breach.heat|heat|,hundred-smoke-1,21.75,play|probe.land|land|,trample-green-2,3.5,18.25,walked_into_shield,,,land
mirror-shade,tide-siege,w+h+l+,73,true,false,injected,2,play|breach.heat|heat|,hundred-smoke-1,21.75,play|breach.land|land|,no-green-left-1,9.75,12,walked_into_shield,,,land
mirror-shade,tide-siege,w+h+l+,74,true,false,injected,2,play|breach.heat|heat|,hundred-smoke-1,21.75,play|probe.land|land|,trample-green-1,3.5,18.25,walked_into_shield,,,land
mirror-shade,tide-siege,w+h+l+,75,true,true,injected,3,play|breach.water|water|,spend-tide-1,20.25,play|probe.land|land|,trample-green-3,3,17.25,walked_into_shield,,,land
mirror-shade,tide-siege,w+h+l+,76,true,true,injected,3,play|breach.land|land|,no-green-left-1,23.25,play|probe.water|water|,long-flow-1,-0.5,23.75,walked_into_shield,,,water
mirror-shade,tide-siege,w+h+l+,77,true,true,injected,2,play|breach.water|water|,tide-siege-1,20.75,play|breach.land|land|,no-green-left-1,9.75,11,walked_into_shield,,,land
mirror-shade,tide-siege,w+h+l+,78,true,true,injected,2,play|breach.heat|heat|,hundred-smoke-1,21.75,play|breach.land|land|,no-green-left-1,9.75,12,walked_into_shield,,,land
mirror-shade,tide-siege,w+h+l+,79,false,false,injected,2,play|probe.water|water|,long-flow-2,12.75,play|probe.land|land|,trample-green-3,2.75,10,walked_into_shield,,,land
mirror-shade,tide-siege,w+h+l+,80,false,true,injected,2,play|breach.heat|heat|,hundred-smoke-1,21.75,play|breach.land|land|,no-green-left-1,9.75,12,walked_into_shield,,,land
mirror-shade,tide-siege,w+h+l+,81,false,false,injected,2,play|probe.heat|heat|,open-chill-3,13.75,play|disrupt.land|land|,filth-spread-1,1,12.75,walked_into_shield,,,land
mirror-shade,tide-siege,w+h+l+,82,true,false,injected,3,play|breach.heat|heat|,hundred-smoke-1,25.25,play|probe.land|land|,trample-green-3,3,22.25,walked_into_shield,,,land
mirror-shade,tide-siege,w+h+l+,83,true,true,injected,2,play|probe.heat|heat|,open-chill-3,13.5,play|breach.land|land|,no-green-left-1,9.75,3.75,walked_into_shield,,,land
mirror-shade,tide-siege,w+h+l+,84,true,true,injected,4,play|disrupt.land|land|,filth-spread-1,14.25,play|probe.land|land|,trample-green-2,-0.5,14.75,missed_interrupt,repair,land,
mirror-shade,tide-siege,w+h+l+,85,true,true,injected,2,play|probe.water|water|,long-flow-2,12.75,play|probe.land|land|,trample-green-2,1.75,11,walked_into_shield,,,land
mirror-shade,tide-siege,w+h+l+,86,false,false,injected,2,play|probe.water|water|,long-flow-2,12.75,play|probe.land|land|,trample-green-2,1.75,11,walked_into_shield,,,land
mirror-shade,tide-siege,w+h+l+,87,true,false,injected,2,play|probe.water|water|,long-flow-1,12.75,play|probe.land|land|,trample-green-2,2.75,10,walked_into_shield,,,land
mirror-shade,tide-siege,w+h+l+,88,true,false,injected,2,play|probe.water|water|,long-flow-2,12.75,play|probe.land|land|,trample-green-1,2.75,10,walked_into_shield,,,land
mirror-shade,tide-siege,w+h+l+,89,true,true,injected,3,play|breach.land|land|,no-green-left-1,25.25,play|probe.water|water|,long-flow-2,3,22.25,walked_into_shield,,,water
mirror-shade,tide-siege,w+h+l+,90,true,false,injected,2,play|probe.water|water|,long-flow-1,12.75,play|probe.land|land|,trample-green-2,2.75,10,walked_into_shield,,,land
mirror-shade,tide-siege,w+h+l+,91,false,false,injected,2,play|disrupt.water|water|,foul-current-1,7,play|probe.land|land|,trample-green-2,1.75,5.25,walked_into_shield,,,land
mirror-shade,tide-siege,w+h+l+,92,true,false,injected,3,play|probe.land|land|,trample-green-2,15,play|breach.water|water|,tide-siege-1,2.25,12.75,walked_into_shield,,,water
mirror-shade,tide-siege,w+h+l+,93,true,false,injected,3,play|probe.land|land|,trample-green-2,15,play|probe.water|water|,long-flow-1,-0.5,15.5,walked_into_shield,,,water
mirror-shade,tide-siege,w+h+l+,94,false,false,injected,2,play|probe.water|water|,long-flow-2,12.75,play|probe.land|land|,trample-green-3,2.75,10,walked_into_shield,,,land
mirror-shade,tide-siege,w+h+l+,95,true,false,injected,2,play|probe.heat|heat|,open-chill-2,12.75,play|probe.land|land|,trample-green-3,2.75,10,walked_into_shield,,,land
mirror-shade,tide-siege,w+h+l+,96,true,false,injected,4,play|disrupt.land|land|,filth-spread-1,12.25,play|probe.land|land|,trample-green-2,-3.5,15.75,missed_interrupt,repair,land,
mirror-shade,tide-siege,w+h+l+,97,true,false,injected,2,play|probe.water|water|,long-flow-1,12.75,play|probe.land|land|,trample-green-2,1.75,11,walked_into_shield,,,land
mirror-shade,tide-siege,w+h+l+,98,false,false,injected,2,play|probe.heat|heat|,open-chill-2,13.75,play|probe.land|land|,trample-green-3,2.75,11,walked_into_shield,,,land
mirror-shade,tide-siege,w+h+l+,99,true,true,injected,2,play|probe.water|water|,long-flow-1,12.75,play|probe.land|land|,trample-green-1,2.75,10,walked_into_shield,,,land
mirror-shade,tide-siege,w+h+l+,100,true,false,injected,3,play|breach.heat|heat|,hundred-smoke-1,25.25,play|probe.land|land|,trample-green-1,3,22.25,walked_into_shield,,,land
mirror-shade,tide-siege,w-h0l0,1,true,true,injected,2,play|breach.water|water|,spend-tide-1,20.75,play|probe.land|land|,trample-green-2,3.5,17.25,walked_into_shield,,,land
mirror-shade,tide-siege,w-h0l0,2,false,false,injected,2,play|probe.water|water|,long-flow-2,12.75,play|disrupt.land|land|,filth-spread-1,1,11.75,walked_into_shield,,,land
mirror-shade,tide-siege,w-h0l0,3,false,false,injected,4,play|probe.heat|heat|,open-chill-2,-3.5,play|probe.water|water|,long-flow-2,-17,13.5,walked_into_shield,,,water
mirror-shade,tide-siege,w-h0l0,4,false,false,injected,3,play|breach.heat|heat|,hundred-smoke-1,24.25,play|probe.land|land|,trample-green-1,3,21.25,walked_into_shield,,,land
mirror-shade,tide-siege,w-h0l0,5,false,false,injected,4,play|probe.heat|heat|,open-chill-1,-3.5,play|probe.water|water|,long-flow-1,-17,13.5,walked_into_shield,,,water
mirror-shade,tide-siege,w-h0l0,6,true,false,injected,2,play|probe.water|water|,long-flow-2,12.75,play|probe.land|land|,trample-green-3,2.75,10,walked_into_shield,,,land
mirror-shade,tide-siege,w-h0l0,7,true,false,injected,3,play|breach.water|water|,spend-tide-1,20.25,play|probe.land|land|,trample-green-1,3,17.25,walked_into_shield,,,land
mirror-shade,tide-siege,w-h0l0,8,true,false,injected,2,play|probe.water|water|,long-flow-1,12.75,play|probe.land|land|,trample-green-3,2.75,10,walked_into_shield,,,land
mirror-shade,tide-siege,w-h0l0,9,true,false,injected,3,play|breach.heat|heat|,hundred-smoke-1,24.25,play|probe.land|land|,trample-green-2,3,21.25,walked_into_shield,,,land
mirror-shade,tide-siege,w-h0l0,10,true,false,injected,2,play|probe.heat|heat|,open-chill-1,12.75,play|disrupt.land|land|,filth-spread-1,1,11.75,walked_into_shield,,,land
mirror-shade,tide-siege,w-h0l0,11,true,true,injected,4,play|disrupt.land|land|,filth-spread-1,10.25,play|gather||gather,,-15.75,26,missed_interrupt,repair,land,
mirror-shade,tide-siege,w-h0l0,12,true,false,injected,2,play|probe.water|water|,long-flow-1,12.75,play|disrupt.land|land|,filth-spread-1,1,11.75,walked_into_shield,,,land
mirror-shade,tide-siege,w-h0l0,13,true,false,injected,3,play|breach.land|land|,no-green-left-1,24.25,play|disrupt.heat|heat|,idle-fume-1,1.25,23,walked_into_shield,,,heat
mirror-shade,tide-siege,w-h0l0,14,false,false,injected,2,play|probe.water|water|,long-flow-2,12.75,play|probe.land|land|,trample-green-2,0.75,12,walked_into_shield,,,land
mirror-shade,tide-siege,w-h0l0,15,true,true,injected,2,play|breach.heat|heat|,hundred-smoke-1,21.75,play|breach.land|land|,no-green-left-1,9.75,12,walked_into_shield,,,land
mirror-shade,tide-siege,w-h0l0,16,false,false,injected,2,play|probe.heat|heat|,open-chill-3,12.75,play|probe.land|land|,trample-green-1,2.75,10,walked_into_shield,,,land
mirror-shade,tide-siege,w-h0l0,17,true,false,injected,3,play|breach.heat|heat|,hundred-smoke-1,24.25,play|probe.land|land|,trample-green-1,3,21.25,walked_into_shield,,,land
mirror-shade,tide-siege,w-h0l0,18,true,false,injected,3,play|breach.land|land|,no-green-left-1,24.25,play|breach.water|water|,spend-tide-1,2.25,22,walked_into_shield,,,water
mirror-shade,tide-siege,w-h0l0,19,true,false,injected,2,play|probe.water|water|,long-flow-2,12.75,play|probe.land|land|,trample-green-2,2.75,10,walked_into_shield,,,land
mirror-shade,tide-siege,w-h0l0,20,true,false,injected,2,play|breach.water|water|,spend-tide-1,20.75,play|breach.land|land|,no-green-left-1,9.75,11,walked_into_shield,,,land
mirror-shade,tide-siege,w-h0l0,21,true,false,injected,2,play|breach.heat|heat|,hundred-smoke-1,21.75,play|probe.land|land|,trample-green-3,3.5,18.25,walked_into_shield,,,land
mirror-shade,tide-siege,w-h0l0,22,false,true,injected,2,play|breach.water|water|,tide-siege-1,20.75,play|breach.land|land|,no-green-left-1,9.75,11,walked_into_shield,,,land
mirror-shade,tide-siege,w-h0l0,23,false,false,injected,2,play|breach.heat|heat|,hundred-smoke-1,21.75,play|probe.land|land|,trample-green-3,3.5,18.25,walked_into_shield,,,land
mirror-shade,tide-siege,w-h0l0,24,true,true,injected,4,play|breach.heat|heat|,hundred-smoke-1,3.5,play|probe.water|water|,long-flow-1,-16.25,19.75,walked_into_shield,,,water
mirror-shade,tide-siege,w-h0l0,25,true,false,injected,2,play|breach.heat|heat|,hundred-smoke-1,21.75,play|breach.land|land|,no-green-left-1,9.75,12,walked_into_shield,,,land
mirror-shade,tide-siege,w-h0l0,26,false,false,injected,2,play|breach.water|water|,tide-siege-1,20.75,play|breach.land|land|,no-green-left-1,9.75,11,walked_into_shield,,,land
mirror-shade,tide-siege,w-h0l0,27,true,true,injected,5,play|probe.land|land|,trample-green-1,14.75,play|probe.heat|heat|,open-chill-3,1.25,13.5,walked_into_shield,,,heat
mirror-shade,tide-siege,w-h0l0,28,false,false,injected,2,play|probe.water|water|,long-flow-1,12.75,play|disrupt.land|land|,filth-spread-1,1,11.75,walked_into_shield,,,land
mirror-shade,tide-siege,w-h0l0,29,true,false,injected,2,play|breach.water|water|,tide-siege-1,20.75,play|probe.land|land|,trample-green-1,3.5,17.25,walked_into_shield,,,land
mirror-shade,tide-siege,w-h0l0,30,true,false,injected,2,play|breach.water|water|,spend-tide-1,20.75,play|probe.land|land|,trample-green-1,3.5,17.25,walked_into_shield,,,land
mirror-shade,tide-siege,w-h0l0,31,true,false,injected,2,play|breach.heat|heat|,hundred-smoke-1,21.75,play|probe.land|land|,trample-green-3,3.5,18.25,walked_into_shield,,,land
mirror-shade,tide-siege,w-h0l0,32,true,false,injected,2,play|breach.water|water|,tide-siege-1,20.75,play|probe.land|land|,trample-green-2,3.5,17.25,walked_into_shield,,,land
mirror-shade,tide-siege,w-h0l0,33,true,true,injected,2,play|probe.water|water|,long-flow-2,12.75,play|probe.land|land|,trample-green-3,2.75,10,walked_into_shield,,,land
mirror-shade,tide-siege,w-h0l0,34,true,true,injected,2,play|probe.water|water|,long-flow-2,12.75,play|probe.land|land|,trample-green-2,2.75,10,walked_into_shield,,,land
mirror-shade,tide-siege,w-h0l0,35,true,false,injected,2,play|probe.heat|heat|,open-chill-1,13.5,play|breach.land|land|,no-green-left-1,9.75,3.75,walked_into_shield,,,land
mirror-shade,tide-siege,w-h0l0,36,true,false,injected,2,play|probe.water|water|,long-flow-1,12.75,play|probe.land|land|,trample-green-2,0.75,12,walked_into_shield,,,land
mirror-shade,tide-siege,w-h0l0,37,true,true,injected,4,play|probe.land|land|,trample-green-1,-0.5,play|probe.water|water|,long-flow-1,-15.5,15,walked_into_shield,,,water
mirror-shade,tide-siege,w-h0l0,38,true,false,injected,2,play|probe.water|water|,long-flow-1,12.75,play|probe.land|land|,trample-green-3,2.75,10,walked_into_shield,,,land
mirror-shade,tide-siege,w-h0l0,39,false,false,injected,4,play|probe.land|land|,trample-green-2,-0.5,play|disrupt.heat|heat|,idle-fume-1,-17.25,16.75,walked_into_shield,,,heat
mirror-shade,tide-siege,w-h0l0,40,true,true,injected,3,play|breach.heat|heat|,hundred-smoke-1,23.25,play|probe.water|water|,long-flow-1,-0.5,23.75,walked_into_shield,,,water
mirror-shade,tide-siege,w-h0l0,41,true,false,injected,2,play|probe.water|water|,long-flow-2,12.75,play|disrupt.land|land|,filth-spread-1,1,11.75,walked_into_shield,,,land
mirror-shade,tide-siege,w-h0l0,42,true,true,injected,2,play|probe.water|water|,long-flow-1,12.75,play|probe.land|land|,trample-green-2,2.75,10,walked_into_shield,,,land
mirror-shade,tide-siege,w-h0l0,43,true,true,injected,2,play|probe.water|water|,long-flow-2,12.75,play|probe.land|land|,trample-green-2,0.75,12,walked_into_shield,,,land
mirror-shade,tide-siege,w-h0l0,44,true,true,injected,3,play|probe.land|land|,trample-green-2,15,play|probe.water|water|,long-flow-1,-0.5,15.5,walked_into_shield,,,water
mirror-shade,tide-siege,w-h0l0,45,true,false,injected,2,play|probe.heat|heat|,open-chill-2,12.75,play|probe.land|land|,trample-green-1,2.75,10,walked_into_shield,,,land
mirror-shade,tide-siege,w-h0l0,46,true,true,injected,2,play|probe.water|water|,long-flow-2,12.75,play|disrupt.land|land|,filth-spread-1,1,11.75,walked_into_shield,,,land
mirror-shade,tide-siege,w-h0l0,47,true,false,injected,4,play|disrupt.land|land|,filth-spread-1,10.25,play|probe.heat|heat|,open-chill-1,-3.5,13.75,missed_interrupt,repair,land,
mirror-shade,tide-siege,w-h0l0,48,true,true,injected,2,play|probe.water|water|,long-flow-1,12.75,play|probe.land|land|,trample-green-1,2.75,10,walked_into_shield,,,land
mirror-shade,tide-siege,w-h0l0,49,true,false,injected,2,play|probe.water|water|,long-flow-1,12.75,play|disrupt.land|land|,filth-spread-1,1,11.75,walked_into_shield,,,land
mirror-shade,tide-siege,w-h0l0,50,false,false,injected,2,play|probe.water|water|,long-flow-2,12.75,play|probe.land|land|,trample-green-2,2.75,10,walked_into_shield,,,land
mirror-shade,tide-siege,w-h0l0,51,true,true,injected,2,play|breach.heat|heat|,hundred-smoke-1,21.75,play|probe.land|land|,trample-green-3,3.5,18.25,walked_into_shield,,,land
mirror-shade,tide-siege,w-h0l0,52,false,false,injected,2,play|breach.heat|heat|,hundred-smoke-1,21.75,play|disrupt.land|land|,filth-spread-1,1.75,20,walked_into_shield,,,land
mirror-shade,tide-siege,w-h0l0,53,true,false,injected,3,play|breach.heat|heat|,hundred-smoke-1,24.25,play|probe.land|land|,trample-green-1,3,21.25,walked_into_shield,,,land
mirror-shade,tide-siege,w-h0l0,54,true,false,injected,2,play|probe.water|water|,long-flow-2,12.75,play|probe.land|land|,trample-green-2,0.75,12,walked_into_shield,,,land
mirror-shade,tide-siege,w-h0l0,55,true,false,injected,2,play|probe.water|water|,long-flow-1,12.75,play|disrupt.land|land|,filth-spread-1,1,11.75,walked_into_shield,,,land
mirror-shade,tide-siege,w-h0l0,56,false,false,injected,2,play|probe.water|water|,long-flow-1,12.75,play|probe.land|land|,trample-green-2,2.75,10,walked_into_shield,,,land
mirror-shade,tide-siege,w-h0l0,57,true,true,injected,2,play|probe.heat|heat|,open-chill-1,12.75,play|probe.land|land|,trample-green-1,2.75,10,walked_into_shield,,,land
mirror-shade,tide-siege,w-h0l0,58,true,false,injected,2,play|probe.water|water|,long-flow-2,12.75,play|disrupt.land|land|,filth-spread-1,1,11.75,walked_into_shield,,,land
mirror-shade,tide-siege,w-h0l0,59,false,false,injected,2,play|probe.water|water|,long-flow-2,12.75,play|probe.land|land|,trample-green-1,0.75,12,walked_into_shield,,,land
mirror-shade,tide-siege,w-h0l0,60,true,true,injected,2,play|probe.water|water|,long-flow-1,12.75,play|probe.land|land|,trample-green-3,2.75,10,walked_into_shield,,,land
mirror-shade,tide-siege,w-h0l0,61,false,false,injected,2,play|probe.heat|heat|,open-chill-1,12.75,play|disrupt.land|land|,filth-spread-1,1,11.75,walked_into_shield,,,land
mirror-shade,tide-siege,w-h0l0,62,true,false,injected,2,play|probe.heat|heat|,open-chill-1,13.5,play|breach.land|land|,no-green-left-1,9.75,3.75,walked_into_shield,,,land
mirror-shade,tide-siege,w-h0l0,63,true,false,injected,2,play|probe.heat|heat|,open-chill-2,12.75,play|probe.land|land|,trample-green-3,0.75,12,walked_into_shield,,,land
mirror-shade,tide-siege,w-h0l0,64,false,false,injected,2,play|probe.water|water|,long-flow-1,12.75,play|probe.land|land|,trample-green-2,2.75,10,walked_into_shield,,,land
mirror-shade,tide-siege,w-h0l0,65,false,false,injected,2,play|breach.water|water|,spend-tide-1,20.75,play|probe.land|land|,trample-green-3,3.5,17.25,walked_into_shield,,,land
mirror-shade,tide-siege,w-h0l0,66,true,true,injected,4,play|disrupt.land|land|,filth-spread-1,10.25,play|probe.heat|heat|,open-chill-2,-3.5,13.75,missed_interrupt,repair,land,
mirror-shade,tide-siege,w-h0l0,67,false,true,injected,2,play|probe.water|water|,long-flow-1,12.75,play|probe.land|land|,trample-green-2,2.75,10,walked_into_shield,,,land
mirror-shade,tide-siege,w-h0l0,68,true,false,injected,3,play|breach.heat|heat|,hundred-smoke-1,21.25,play|probe.land|land|,trample-green-1,3,18.25,walked_into_shield,,,land
mirror-shade,tide-siege,w-h0l0,69,true,false,injected,2,play|probe.water|water|,long-flow-1,12.75,play|probe.land|land|,trample-green-2,2.75,10,walked_into_shield,,,land
mirror-shade,tide-siege,w-h0l0,70,true,true,injected,3,play|breach.water|water|,spend-tide-1,20.25,play|probe.heat|heat|,open-chill-3,3,17.25,walked_into_shield,,,heat
mirror-shade,tide-siege,w-h0l0,71,true,false,injected,2,play|probe.water|water|,long-flow-2,12.75,play|probe.land|land|,trample-green-3,0.75,12,walked_into_shield,,,land
mirror-shade,tide-siege,w-h0l0,72,true,false,injected,2,play|breach.heat|heat|,hundred-smoke-1,21.75,play|probe.land|land|,trample-green-2,3.5,18.25,walked_into_shield,,,land
mirror-shade,tide-siege,w-h0l0,73,true,false,injected,2,play|breach.heat|heat|,hundred-smoke-1,21.75,play|breach.land|land|,no-green-left-1,9.75,12,walked_into_shield,,,land
mirror-shade,tide-siege,w-h0l0,74,true,false,injected,2,play|breach.heat|heat|,hundred-smoke-1,21.75,play|probe.land|land|,trample-green-1,3.5,18.25,walked_into_shield,,,land
mirror-shade,tide-siege,w-h0l0,75,true,true,injected,3,play|breach.water|water|,spend-tide-1,20.25,play|probe.land|land|,trample-green-3,3,17.25,walked_into_shield,,,land
mirror-shade,tide-siege,w-h0l0,76,false,false,injected,3,play|breach.land|land|,no-green-left-1,23.25,play|probe.water|water|,long-flow-1,-0.5,23.75,walked_into_shield,,,water
mirror-shade,tide-siege,w-h0l0,77,false,true,injected,2,play|breach.water|water|,tide-siege-1,20.75,play|breach.land|land|,no-green-left-1,9.75,11,walked_into_shield,,,land
mirror-shade,tide-siege,w-h0l0,78,true,true,injected,2,play|breach.heat|heat|,hundred-smoke-1,21.75,play|breach.land|land|,no-green-left-1,9.75,12,walked_into_shield,,,land
mirror-shade,tide-siege,w-h0l0,79,false,false,injected,2,play|probe.water|water|,long-flow-2,12.75,play|probe.land|land|,trample-green-3,2.75,10,walked_into_shield,,,land
mirror-shade,tide-siege,w-h0l0,80,false,false,injected,2,play|breach.heat|heat|,hundred-smoke-1,21.75,play|breach.land|land|,no-green-left-1,9.75,12,walked_into_shield,,,land
mirror-shade,tide-siege,w-h0l0,81,false,false,injected,2,play|probe.heat|heat|,open-chill-3,12.75,play|disrupt.land|land|,filth-spread-1,1,11.75,walked_into_shield,,,land
mirror-shade,tide-siege,w-h0l0,82,true,false,injected,3,play|breach.heat|heat|,hundred-smoke-1,24.25,play|probe.land|land|,trample-green-3,3,21.25,walked_into_shield,,,land
mirror-shade,tide-siege,w-h0l0,83,true,false,injected,2,play|probe.heat|heat|,open-chill-3,13.5,play|breach.land|land|,no-green-left-1,9.75,3.75,walked_into_shield,,,land
mirror-shade,tide-siege,w-h0l0,84,true,true,injected,4,play|disrupt.land|land|,filth-spread-1,14.25,play|probe.land|land|,trample-green-2,-0.5,14.75,missed_interrupt,repair,land,
mirror-shade,tide-siege,w-h0l0,85,false,true,injected,2,play|probe.water|water|,long-flow-2,12.75,play|probe.land|land|,trample-green-2,0.75,12,walked_into_shield,,,land
mirror-shade,tide-siege,w-h0l0,86,false,false,injected,2,play|probe.water|water|,long-flow-2,12.75,play|probe.land|land|,trample-green-2,0.75,12,walked_into_shield,,,land
mirror-shade,tide-siege,w-h0l0,87,true,false,injected,2,play|probe.water|water|,long-flow-1,12.75,play|probe.land|land|,trample-green-2,2.75,10,walked_into_shield,,,land
mirror-shade,tide-siege,w-h0l0,88,true,false,injected,2,play|probe.water|water|,long-flow-2,12.75,play|probe.land|land|,trample-green-1,2.75,10,walked_into_shield,,,land
mirror-shade,tide-siege,w-h0l0,89,true,true,injected,3,play|breach.land|land|,no-green-left-1,24.25,play|probe.water|water|,long-flow-2,3,21.25,walked_into_shield,,,water
mirror-shade,tide-siege,w-h0l0,90,true,false,injected,2,play|probe.water|water|,long-flow-1,12.75,play|probe.land|land|,trample-green-2,2.75,10,walked_into_shield,,,land
mirror-shade,tide-siege,w-h0l0,91,false,false,injected,2,play|disrupt.water|water|,foul-current-1,7,play|probe.land|land|,trample-green-2,0.75,6.25,walked_into_shield,,,land
mirror-shade,tide-siege,w-h0l0,92,true,false,injected,3,play|probe.land|land|,trample-green-2,15,play|breach.water|water|,tide-siege-1,2.25,12.75,walked_into_shield,,,water
mirror-shade,tide-siege,w-h0l0,93,true,false,injected,3,play|probe.land|land|,trample-green-2,15,play|probe.water|water|,long-flow-1,-0.5,15.5,walked_into_shield,,,water
mirror-shade,tide-siege,w-h0l0,94,false,false,injected,2,play|probe.water|water|,long-flow-2,12.75,play|probe.land|land|,trample-green-3,2.75,10,walked_into_shield,,,land
mirror-shade,tide-siege,w-h0l0,95,false,false,injected,2,play|probe.heat|heat|,open-chill-2,12.75,play|probe.land|land|,trample-green-3,2.75,10,walked_into_shield,,,land
mirror-shade,tide-siege,w-h0l0,96,true,false,injected,4,play|disrupt.land|land|,filth-spread-1,12.25,play|probe.land|land|,trample-green-2,-3.5,15.75,missed_interrupt,repair,land,
mirror-shade,tide-siege,w-h0l0,97,true,false,injected,2,play|probe.water|water|,long-flow-1,12.75,play|probe.land|land|,trample-green-2,0.75,12,walked_into_shield,,,land
mirror-shade,tide-siege,w-h0l0,98,true,false,injected,2,play|probe.water|water|,long-flow-1,12.75,play|probe.land|land|,trample-green-3,2.75,10,walked_into_shield,,,land
mirror-shade,tide-siege,w-h0l0,99,true,true,injected,2,play|probe.water|water|,long-flow-1,12.75,play|probe.land|land|,trample-green-1,2.75,10,walked_into_shield,,,land
mirror-shade,tide-siege,w-h0l0,100,false,false,injected,3,play|breach.heat|heat|,hundred-smoke-1,24.25,play|probe.land|land|,trample-green-1,3,21.25,walked_into_shield,,,land
mirror-shade,tide-siege,w+h0l0,1,true,true,injected,2,play|breach.water|water|,spend-tide-1,20.75,play|probe.land|land|,trample-green-2,3.5,17.25,walked_into_shield,,,land
mirror-shade,tide-siege,w+h0l0,2,false,false,injected,2,play|probe.water|water|,long-flow-2,12.75,play|disrupt.land|land|,filth-spread-1,1,11.75,walked_into_shield,,,land
mirror-shade,tide-siege,w+h0l0,3,false,false,injected,4,play|probe.heat|heat|,open-chill-2,-3.5,play|probe.water|water|,long-flow-2,-17,13.5,walked_into_shield,,,water
mirror-shade,tide-siege,w+h0l0,4,false,false,injected,3,play|breach.heat|heat|,hundred-smoke-1,24.25,play|probe.land|land|,trample-green-1,3,21.25,walked_into_shield,,,land
mirror-shade,tide-siege,w+h0l0,5,false,false,injected,4,play|probe.heat|heat|,open-chill-1,-3.5,play|probe.water|water|,long-flow-1,-17,13.5,walked_into_shield,,,water
mirror-shade,tide-siege,w+h0l0,6,true,false,injected,2,play|probe.water|water|,long-flow-2,12.75,play|probe.land|land|,trample-green-3,2.75,10,walked_into_shield,,,land
mirror-shade,tide-siege,w+h0l0,7,true,false,injected,3,play|breach.water|water|,spend-tide-1,20.25,play|probe.land|land|,trample-green-1,3,17.25,walked_into_shield,,,land
mirror-shade,tide-siege,w+h0l0,8,true,false,injected,2,play|probe.water|water|,long-flow-1,12.75,play|probe.land|land|,trample-green-3,2.75,10,walked_into_shield,,,land
mirror-shade,tide-siege,w+h0l0,9,true,false,injected,3,play|breach.heat|heat|,hundred-smoke-1,24.25,play|probe.land|land|,trample-green-2,3,21.25,walked_into_shield,,,land
mirror-shade,tide-siege,w+h0l0,10,true,false,injected,2,play|probe.heat|heat|,open-chill-1,12.75,play|disrupt.land|land|,filth-spread-1,1,11.75,walked_into_shield,,,land
mirror-shade,tide-siege,w+h0l0,11,true,true,injected,4,play|disrupt.land|land|,filth-spread-1,10.25,play|gather||gather,,-15.75,26,missed_interrupt,repair,land,
mirror-shade,tide-siege,w+h0l0,12,true,false,injected,2,play|probe.water|water|,long-flow-1,12.75,play|disrupt.land|land|,filth-spread-1,1,11.75,walked_into_shield,,,land
mirror-shade,tide-siege,w+h0l0,13,true,false,injected,3,play|breach.land|land|,no-green-left-1,24.25,play|disrupt.heat|heat|,idle-fume-1,1.25,23,walked_into_shield,,,heat
mirror-shade,tide-siege,w+h0l0,14,false,false,injected,2,play|probe.water|water|,long-flow-2,12.75,play|probe.land|land|,trample-green-2,0.75,12,walked_into_shield,,,land
mirror-shade,tide-siege,w+h0l0,15,true,true,injected,2,play|breach.heat|heat|,hundred-smoke-1,21.75,play|breach.land|land|,no-green-left-1,9.75,12,walked_into_shield,,,land
mirror-shade,tide-siege,w+h0l0,16,false,false,injected,2,play|probe.heat|heat|,open-chill-3,12.75,play|probe.land|land|,trample-green-1,2.75,10,walked_into_shield,,,land
mirror-shade,tide-siege,w+h0l0,17,true,false,injected,3,play|breach.heat|heat|,hundred-smoke-1,24.25,play|probe.land|land|,trample-green-1,3,21.25,walked_into_shield,,,land
mirror-shade,tide-siege,w+h0l0,18,true,false,injected,3,play|breach.land|land|,no-green-left-1,24.25,play|breach.water|water|,spend-tide-1,2.25,22,walked_into_shield,,,water
mirror-shade,tide-siege,w+h0l0,19,true,false,injected,2,play|probe.water|water|,long-flow-2,12.75,play|probe.land|land|,trample-green-2,2.75,10,walked_into_shield,,,land
mirror-shade,tide-siege,w+h0l0,20,true,false,injected,2,play|breach.water|water|,spend-tide-1,20.75,play|breach.land|land|,no-green-left-1,9.75,11,walked_into_shield,,,land
mirror-shade,tide-siege,w+h0l0,21,true,false,injected,2,play|breach.heat|heat|,hundred-smoke-1,21.75,play|probe.land|land|,trample-green-3,3.5,18.25,walked_into_shield,,,land
mirror-shade,tide-siege,w+h0l0,22,false,true,injected,2,play|breach.water|water|,tide-siege-1,20.75,play|breach.land|land|,no-green-left-1,9.75,11,walked_into_shield,,,land
mirror-shade,tide-siege,w+h0l0,23,false,false,injected,2,play|breach.heat|heat|,hundred-smoke-1,21.75,play|probe.land|land|,trample-green-3,3.5,18.25,walked_into_shield,,,land
mirror-shade,tide-siege,w+h0l0,24,true,true,injected,4,play|breach.heat|heat|,hundred-smoke-1,3.5,play|probe.water|water|,long-flow-1,-16.25,19.75,walked_into_shield,,,water
mirror-shade,tide-siege,w+h0l0,25,true,false,injected,2,play|breach.heat|heat|,hundred-smoke-1,21.75,play|breach.land|land|,no-green-left-1,9.75,12,walked_into_shield,,,land
mirror-shade,tide-siege,w+h0l0,26,false,false,injected,2,play|breach.water|water|,tide-siege-1,20.75,play|breach.land|land|,no-green-left-1,9.75,11,walked_into_shield,,,land
mirror-shade,tide-siege,w+h0l0,27,true,true,injected,5,play|probe.land|land|,trample-green-1,14.75,play|probe.heat|heat|,open-chill-3,1.25,13.5,walked_into_shield,,,heat
mirror-shade,tide-siege,w+h0l0,28,false,false,injected,2,play|probe.water|water|,long-flow-1,12.75,play|disrupt.land|land|,filth-spread-1,1,11.75,walked_into_shield,,,land
mirror-shade,tide-siege,w+h0l0,29,true,false,injected,2,play|breach.water|water|,tide-siege-1,20.75,play|probe.land|land|,trample-green-1,3.5,17.25,walked_into_shield,,,land
mirror-shade,tide-siege,w+h0l0,30,true,false,injected,2,play|breach.water|water|,spend-tide-1,20.75,play|probe.land|land|,trample-green-1,3.5,17.25,walked_into_shield,,,land
mirror-shade,tide-siege,w+h0l0,31,true,false,injected,2,play|breach.heat|heat|,hundred-smoke-1,21.75,play|probe.land|land|,trample-green-3,3.5,18.25,walked_into_shield,,,land
mirror-shade,tide-siege,w+h0l0,32,true,false,injected,2,play|breach.water|water|,tide-siege-1,20.75,play|probe.land|land|,trample-green-2,3.5,17.25,walked_into_shield,,,land
mirror-shade,tide-siege,w+h0l0,33,true,true,injected,2,play|probe.water|water|,long-flow-2,12.75,play|probe.land|land|,trample-green-3,2.75,10,walked_into_shield,,,land
mirror-shade,tide-siege,w+h0l0,34,true,true,injected,2,play|probe.water|water|,long-flow-2,12.75,play|probe.land|land|,trample-green-2,2.75,10,walked_into_shield,,,land
mirror-shade,tide-siege,w+h0l0,35,true,false,injected,2,play|probe.heat|heat|,open-chill-1,13.5,play|breach.land|land|,no-green-left-1,9.75,3.75,walked_into_shield,,,land
mirror-shade,tide-siege,w+h0l0,36,true,false,injected,2,play|probe.water|water|,long-flow-1,12.75,play|probe.land|land|,trample-green-2,0.75,12,walked_into_shield,,,land
mirror-shade,tide-siege,w+h0l0,37,true,true,injected,4,play|probe.land|land|,trample-green-1,-0.5,play|probe.water|water|,long-flow-1,-15.5,15,walked_into_shield,,,water
mirror-shade,tide-siege,w+h0l0,38,true,false,injected,2,play|probe.water|water|,long-flow-1,12.75,play|probe.land|land|,trample-green-3,2.75,10,walked_into_shield,,,land
mirror-shade,tide-siege,w+h0l0,39,false,false,injected,4,play|probe.land|land|,trample-green-2,-0.5,play|disrupt.heat|heat|,idle-fume-1,-17.25,16.75,walked_into_shield,,,heat
mirror-shade,tide-siege,w+h0l0,40,true,true,injected,3,play|breach.heat|heat|,hundred-smoke-1,23.25,play|probe.water|water|,long-flow-1,-0.5,23.75,walked_into_shield,,,water
mirror-shade,tide-siege,w+h0l0,41,true,false,injected,2,play|probe.water|water|,long-flow-2,12.75,play|disrupt.land|land|,filth-spread-1,1,11.75,walked_into_shield,,,land
mirror-shade,tide-siege,w+h0l0,42,true,true,injected,2,play|probe.water|water|,long-flow-1,12.75,play|probe.land|land|,trample-green-2,2.75,10,walked_into_shield,,,land
mirror-shade,tide-siege,w+h0l0,43,true,true,injected,2,play|probe.water|water|,long-flow-2,12.75,play|probe.land|land|,trample-green-2,0.75,12,walked_into_shield,,,land
mirror-shade,tide-siege,w+h0l0,44,true,true,injected,3,play|probe.land|land|,trample-green-2,15,play|probe.water|water|,long-flow-1,-0.5,15.5,walked_into_shield,,,water
mirror-shade,tide-siege,w+h0l0,45,true,false,injected,2,play|probe.heat|heat|,open-chill-2,12.75,play|probe.land|land|,trample-green-1,2.75,10,walked_into_shield,,,land
mirror-shade,tide-siege,w+h0l0,46,true,true,injected,2,play|probe.water|water|,long-flow-2,12.75,play|disrupt.land|land|,filth-spread-1,1,11.75,walked_into_shield,,,land
mirror-shade,tide-siege,w+h0l0,47,true,false,injected,4,play|disrupt.land|land|,filth-spread-1,10.25,play|probe.heat|heat|,open-chill-1,-3.5,13.75,missed_interrupt,repair,land,
mirror-shade,tide-siege,w+h0l0,48,true,true,injected,2,play|probe.water|water|,long-flow-1,12.75,play|probe.land|land|,trample-green-1,2.75,10,walked_into_shield,,,land
mirror-shade,tide-siege,w+h0l0,49,true,false,injected,2,play|probe.water|water|,long-flow-1,12.75,play|disrupt.land|land|,filth-spread-1,1,11.75,walked_into_shield,,,land
mirror-shade,tide-siege,w+h0l0,50,false,false,injected,2,play|probe.water|water|,long-flow-2,12.75,play|probe.land|land|,trample-green-2,2.75,10,walked_into_shield,,,land
mirror-shade,tide-siege,w+h0l0,51,true,true,injected,2,play|breach.heat|heat|,hundred-smoke-1,21.75,play|probe.land|land|,trample-green-3,3.5,18.25,walked_into_shield,,,land
mirror-shade,tide-siege,w+h0l0,52,false,false,injected,2,play|breach.heat|heat|,hundred-smoke-1,21.75,play|disrupt.land|land|,filth-spread-1,1.75,20,walked_into_shield,,,land
mirror-shade,tide-siege,w+h0l0,53,true,false,injected,3,play|breach.heat|heat|,hundred-smoke-1,24.25,play|probe.land|land|,trample-green-1,3,21.25,walked_into_shield,,,land
mirror-shade,tide-siege,w+h0l0,54,true,false,injected,2,play|probe.water|water|,long-flow-2,12.75,play|probe.land|land|,trample-green-2,0.75,12,walked_into_shield,,,land
mirror-shade,tide-siege,w+h0l0,55,true,false,injected,2,play|probe.water|water|,long-flow-1,12.75,play|disrupt.land|land|,filth-spread-1,1,11.75,walked_into_shield,,,land
mirror-shade,tide-siege,w+h0l0,56,false,false,injected,2,play|probe.water|water|,long-flow-1,12.75,play|probe.land|land|,trample-green-2,2.75,10,walked_into_shield,,,land
mirror-shade,tide-siege,w+h0l0,57,true,true,injected,2,play|probe.heat|heat|,open-chill-1,12.75,play|probe.land|land|,trample-green-1,2.75,10,walked_into_shield,,,land
mirror-shade,tide-siege,w+h0l0,58,true,false,injected,2,play|probe.water|water|,long-flow-2,12.75,play|disrupt.land|land|,filth-spread-1,1,11.75,walked_into_shield,,,land
mirror-shade,tide-siege,w+h0l0,59,false,false,injected,2,play|probe.water|water|,long-flow-2,12.75,play|probe.land|land|,trample-green-1,0.75,12,walked_into_shield,,,land
mirror-shade,tide-siege,w+h0l0,60,true,true,injected,2,play|probe.water|water|,long-flow-1,12.75,play|probe.land|land|,trample-green-3,2.75,10,walked_into_shield,,,land
mirror-shade,tide-siege,w+h0l0,61,false,false,injected,2,play|probe.heat|heat|,open-chill-1,12.75,play|disrupt.land|land|,filth-spread-1,1,11.75,walked_into_shield,,,land
mirror-shade,tide-siege,w+h0l0,62,true,false,injected,2,play|probe.heat|heat|,open-chill-1,13.5,play|breach.land|land|,no-green-left-1,9.75,3.75,walked_into_shield,,,land
mirror-shade,tide-siege,w+h0l0,63,true,false,injected,2,play|probe.heat|heat|,open-chill-2,12.75,play|probe.land|land|,trample-green-3,0.75,12,walked_into_shield,,,land
mirror-shade,tide-siege,w+h0l0,64,false,false,injected,2,play|probe.water|water|,long-flow-1,12.75,play|probe.land|land|,trample-green-2,2.75,10,walked_into_shield,,,land
mirror-shade,tide-siege,w+h0l0,65,false,false,injected,2,play|breach.water|water|,spend-tide-1,20.75,play|probe.land|land|,trample-green-3,3.5,17.25,walked_into_shield,,,land
mirror-shade,tide-siege,w+h0l0,66,true,true,injected,4,play|disrupt.land|land|,filth-spread-1,10.25,play|probe.heat|heat|,open-chill-2,-3.5,13.75,missed_interrupt,repair,land,
mirror-shade,tide-siege,w+h0l0,67,false,true,injected,2,play|probe.water|water|,long-flow-1,12.75,play|probe.land|land|,trample-green-2,2.75,10,walked_into_shield,,,land
mirror-shade,tide-siege,w+h0l0,68,true,false,injected,3,play|breach.heat|heat|,hundred-smoke-1,21.25,play|probe.land|land|,trample-green-1,3,18.25,walked_into_shield,,,land
mirror-shade,tide-siege,w+h0l0,69,true,false,injected,2,play|probe.water|water|,long-flow-1,12.75,play|probe.land|land|,trample-green-2,2.75,10,walked_into_shield,,,land
mirror-shade,tide-siege,w+h0l0,70,true,true,injected,3,play|breach.water|water|,spend-tide-1,20.25,play|probe.heat|heat|,open-chill-3,3,17.25,walked_into_shield,,,heat
mirror-shade,tide-siege,w+h0l0,71,true,false,injected,2,play|probe.water|water|,long-flow-2,12.75,play|probe.land|land|,trample-green-3,0.75,12,walked_into_shield,,,land
mirror-shade,tide-siege,w+h0l0,72,true,false,injected,2,play|breach.heat|heat|,hundred-smoke-1,21.75,play|probe.land|land|,trample-green-2,3.5,18.25,walked_into_shield,,,land
mirror-shade,tide-siege,w+h0l0,73,true,false,injected,2,play|breach.heat|heat|,hundred-smoke-1,21.75,play|breach.land|land|,no-green-left-1,9.75,12,walked_into_shield,,,land
mirror-shade,tide-siege,w+h0l0,74,true,false,injected,2,play|breach.heat|heat|,hundred-smoke-1,21.75,play|probe.land|land|,trample-green-1,3.5,18.25,walked_into_shield,,,land
mirror-shade,tide-siege,w+h0l0,75,true,true,injected,3,play|breach.water|water|,spend-tide-1,20.25,play|probe.land|land|,trample-green-3,3,17.25,walked_into_shield,,,land
mirror-shade,tide-siege,w+h0l0,76,false,false,injected,3,play|breach.land|land|,no-green-left-1,23.25,play|probe.water|water|,long-flow-1,-0.5,23.75,walked_into_shield,,,water
mirror-shade,tide-siege,w+h0l0,77,false,true,injected,2,play|breach.water|water|,tide-siege-1,20.75,play|breach.land|land|,no-green-left-1,9.75,11,walked_into_shield,,,land
mirror-shade,tide-siege,w+h0l0,78,true,true,injected,2,play|breach.heat|heat|,hundred-smoke-1,21.75,play|breach.land|land|,no-green-left-1,9.75,12,walked_into_shield,,,land
mirror-shade,tide-siege,w+h0l0,79,false,false,injected,2,play|probe.water|water|,long-flow-2,12.75,play|probe.land|land|,trample-green-3,2.75,10,walked_into_shield,,,land
mirror-shade,tide-siege,w+h0l0,80,false,false,injected,2,play|breach.heat|heat|,hundred-smoke-1,21.75,play|breach.land|land|,no-green-left-1,9.75,12,walked_into_shield,,,land
mirror-shade,tide-siege,w+h0l0,81,false,false,injected,2,play|probe.heat|heat|,open-chill-3,12.75,play|disrupt.land|land|,filth-spread-1,1,11.75,walked_into_shield,,,land
mirror-shade,tide-siege,w+h0l0,82,true,false,injected,3,play|breach.heat|heat|,hundred-smoke-1,24.25,play|probe.land|land|,trample-green-3,3,21.25,walked_into_shield,,,land
mirror-shade,tide-siege,w+h0l0,83,true,false,injected,2,play|probe.heat|heat|,open-chill-3,13.5,play|breach.land|land|,no-green-left-1,9.75,3.75,walked_into_shield,,,land
mirror-shade,tide-siege,w+h0l0,84,true,true,injected,4,play|disrupt.land|land|,filth-spread-1,14.25,play|probe.land|land|,trample-green-2,-0.5,14.75,missed_interrupt,repair,land,
mirror-shade,tide-siege,w+h0l0,85,false,true,injected,2,play|probe.water|water|,long-flow-2,12.75,play|probe.land|land|,trample-green-2,0.75,12,walked_into_shield,,,land
mirror-shade,tide-siege,w+h0l0,86,false,false,injected,2,play|probe.water|water|,long-flow-2,12.75,play|probe.land|land|,trample-green-2,0.75,12,walked_into_shield,,,land
mirror-shade,tide-siege,w+h0l0,87,true,false,injected,2,play|probe.water|water|,long-flow-1,12.75,play|probe.land|land|,trample-green-2,2.75,10,walked_into_shield,,,land
mirror-shade,tide-siege,w+h0l0,88,true,false,injected,2,play|probe.water|water|,long-flow-2,12.75,play|probe.land|land|,trample-green-1,2.75,10,walked_into_shield,,,land
mirror-shade,tide-siege,w+h0l0,89,true,true,injected,3,play|breach.land|land|,no-green-left-1,24.25,play|probe.water|water|,long-flow-2,3,21.25,walked_into_shield,,,water
mirror-shade,tide-siege,w+h0l0,90,true,false,injected,2,play|probe.water|water|,long-flow-1,12.75,play|probe.land|land|,trample-green-2,2.75,10,walked_into_shield,,,land
mirror-shade,tide-siege,w+h0l0,91,false,false,injected,2,play|disrupt.water|water|,foul-current-1,7,play|probe.land|land|,trample-green-2,0.75,6.25,walked_into_shield,,,land
mirror-shade,tide-siege,w+h0l0,92,true,false,injected,3,play|probe.land|land|,trample-green-2,15,play|breach.water|water|,tide-siege-1,2.25,12.75,walked_into_shield,,,water
mirror-shade,tide-siege,w+h0l0,93,true,false,injected,3,play|probe.land|land|,trample-green-2,15,play|probe.water|water|,long-flow-1,-0.5,15.5,walked_into_shield,,,water
mirror-shade,tide-siege,w+h0l0,94,false,false,injected,2,play|probe.water|water|,long-flow-2,12.75,play|probe.land|land|,trample-green-3,2.75,10,walked_into_shield,,,land
mirror-shade,tide-siege,w+h0l0,95,false,false,injected,2,play|probe.heat|heat|,open-chill-2,12.75,play|probe.land|land|,trample-green-3,2.75,10,walked_into_shield,,,land
mirror-shade,tide-siege,w+h0l0,96,true,false,injected,4,play|disrupt.land|land|,filth-spread-1,12.25,play|probe.land|land|,trample-green-2,-3.5,15.75,missed_interrupt,repair,land,
mirror-shade,tide-siege,w+h0l0,97,true,false,injected,2,play|probe.water|water|,long-flow-1,12.75,play|probe.land|land|,trample-green-2,0.75,12,walked_into_shield,,,land
mirror-shade,tide-siege,w+h0l0,98,true,false,injected,2,play|probe.water|water|,long-flow-1,12.75,play|probe.land|land|,trample-green-3,2.75,10,walked_into_shield,,,land
mirror-shade,tide-siege,w+h0l0,99,true,true,injected,2,play|probe.water|water|,long-flow-1,12.75,play|probe.land|land|,trample-green-1,2.75,10,walked_into_shield,,,land
mirror-shade,tide-siege,w+h0l0,100,false,false,injected,3,play|breach.heat|heat|,hundred-smoke-1,24.25,play|probe.land|land|,trample-green-1,3,21.25,walked_into_shield,,,land
mirror-shade,tide-siege,w0h-l0,1,true,true,injected,2,play|breach.water|water|,spend-tide-1,20.75,play|probe.land|land|,trample-green-2,3.5,17.25,walked_into_shield,,,land
mirror-shade,tide-siege,w0h-l0,2,false,false,injected,2,play|probe.water|water|,long-flow-2,12.75,play|disrupt.land|land|,filth-spread-1,1,11.75,walked_into_shield,,,land
mirror-shade,tide-siege,w0h-l0,3,false,false,injected,4,play|probe.heat|heat|,open-chill-2,-4.5,play|probe.water|water|,long-flow-2,-17,12.5,walked_into_shield,,,water
mirror-shade,tide-siege,w0h-l0,4,false,false,injected,3,play|breach.heat|heat|,hundred-smoke-1,24.25,play|probe.land|land|,trample-green-1,3,21.25,walked_into_shield,,,land
mirror-shade,tide-siege,w0h-l0,5,false,false,injected,4,play|probe.heat|heat|,open-chill-1,-4.5,play|probe.water|water|,long-flow-1,-17,12.5,walked_into_shield,,,water
mirror-shade,tide-siege,w0h-l0,6,true,false,injected,2,play|probe.water|water|,long-flow-2,12.75,play|probe.land|land|,trample-green-3,2.75,10,walked_into_shield,,,land
mirror-shade,tide-siege,w0h-l0,7,true,false,injected,3,play|breach.water|water|,spend-tide-1,20.25,play|probe.land|land|,trample-green-1,3,17.25,walked_into_shield,,,land
mirror-shade,tide-siege,w0h-l0,8,true,false,injected,2,play|probe.water|water|,long-flow-1,12.75,play|probe.land|land|,trample-green-3,2.75,10,walked_into_shield,,,land
mirror-shade,tide-siege,w0h-l0,9,true,false,injected,3,play|breach.heat|heat|,hundred-smoke-1,24.25,play|probe.land|land|,trample-green-2,3,21.25,walked_into_shield,,,land
mirror-shade,tide-siege,w0h-l0,10,true,false,injected,2,play|probe.heat|heat|,open-chill-1,11.75,play|disrupt.land|land|,filth-spread-1,1,10.75,walked_into_shield,,,land
mirror-shade,tide-siege,w0h-l0,11,true,true,injected,4,play|disrupt.land|land|,filth-spread-1,10.25,play|gather||gather,,-15.75,26,missed_interrupt,repair,land,
mirror-shade,tide-siege,w0h-l0,12,true,false,injected,2,play|probe.water|water|,long-flow-1,12.75,play|disrupt.land|land|,filth-spread-1,1,11.75,walked_into_shield,,,land
mirror-shade,tide-siege,w0h-l0,13,false,false,injected,3,play|breach.land|land|,no-green-left-1,24.25,play|disrupt.heat|heat|,idle-fume-1,1.25,23,walked_into_shield,,,heat
mirror-shade,tide-siege,w0h-l0,14,false,false,injected,2,play|probe.water|water|,long-flow-2,12.75,play|probe.land|land|,trample-green-2,0.75,12,walked_into_shield,,,land
mirror-shade,tide-siege,w0h-l0,15,true,true,injected,2,play|breach.heat|heat|,hundred-smoke-1,20.75,play|breach.land|land|,no-green-left-1,9.75,11,walked_into_shield,,,land
mirror-shade,tide-siege,w0h-l0,16,false,false,injected,2,play|probe.heat|heat|,open-chill-3,12.75,play|probe.land|land|,trample-green-1,2.75,10,walked_into_shield,,,land
mirror-shade,tide-siege,w0h-l0,17,true,false,injected,3,play|breach.heat|heat|,hundred-smoke-1,24.25,play|probe.land|land|,trample-green-1,3,21.25,walked_into_shield,,,land
mirror-shade,tide-siege,w0h-l0,18,true,false,injected,3,play|breach.land|land|,no-green-left-1,24.25,play|breach.water|water|,spend-tide-1,2.25,22,walked_into_shield,,,water
mirror-shade,tide-siege,w0h-l0,19,true,false,injected,2,play|probe.water|water|,long-flow-2,12.75,play|probe.land|land|,trample-green-2,2.75,10,walked_into_shield,,,land
mirror-shade,tide-siege,w0h-l0,20,true,false,injected,2,play|breach.water|water|,spend-tide-1,20.75,play|breach.land|land|,no-green-left-1,9.75,11,walked_into_shield,,,land
mirror-shade,tide-siege,w0h-l0,21,false,false,injected,2,play|breach.water|water|,tide-siege-1,20.75,play|probe.land|land|,trample-green-3,3.5,17.25,walked_into_shield,,,land
mirror-shade,tide-siege,w0h-l0,22,false,true,injected,2,play|breach.water|water|,tide-siege-1,20.75,play|breach.land|land|,no-green-left-1,9.75,11,walked_into_shield,,,land
mirror-shade,tide-siege,w0h-l0,23,false,false,injected,2,play|breach.water|water|,spend-tide-1,20.75,play|probe.land|land|,trample-green-3,3.5,17.25,walked_into_shield,,,land
mirror-shade,tide-siege,w0h-l0,24,true,true,injected,4,play|disrupt.land|land|,filth-spread-1,10,play|breach.heat|heat|,hundred-smoke-1,6.5,3.5,missed_interrupt,repair,land,
mirror-shade,tide-siege,w0h-l0,25,true,false,injected,2,play|breach.heat|heat|,hundred-smoke-1,20.75,play|breach.land|land|,no-green-left-1,9.75,11,walked_into_shield,,,land
mirror-shade,tide-siege,w0h-l0,26,false,false,injected,2,play|breach.water|water|,tide-siege-1,20.75,play|breach.land|land|,no-green-left-1,9.75,11,walked_into_shield,,,land
mirror-shade,tide-siege,w0h-l0,27,true,true,injected,5,play|probe.land|land|,trample-green-1,14.75,play|probe.heat|heat|,open-chill-3,2.75,12,walked_into_shield,,,heat
mirror-shade,tide-siege,w0h-l0,28,false,false,injected,2,play|probe.water|water|,long-flow-1,12.75,play|disrupt.land|land|,filth-spread-1,1,11.75,walked_into_shield,,,land
mirror-shade,tide-siege,w0h-l0,29,true,false,injected,2,play|breach.water|water|,tide-siege-1,20.75,play|probe.land|land|,trample-green-1,3.5,17.25,walked_into_shield,,,land
mirror-shade,tide-siege,w0h-l0,30,true,false,injected,2,play|breach.water|water|,spend-tide-1,20.75,play|probe.land|land|,trample-green-1,3.5,17.25,walked_into_shield,,,land
mirror-shade,tide-siege,w0h-l0,31,false,false,injected,2,play|breach.heat|heat|,hundred-smoke-1,20.75,play|probe.land|land|,trample-green-3,3.5,17.25,walked_into_shield,,,land
mirror-shade,tide-siege,w0h-l0,32,true,false,injected,2,play|breach.water|water|,tide-siege-1,20.75,play|probe.land|land|,trample-green-2,3.5,17.25,walked_into_shield,,,land
mirror-shade,tide-siege,w0h-l0,33,true,true,injected,2,play|probe.water|water|,long-flow-2,12.75,play|probe.land|land|,trample-green-3,2.75,10,walked_into_shield,,,land
mirror-shade,tide-siege,w0h-l0,34,true,true,injected,2,play|probe.water|water|,long-flow-2,12.75,play|probe.land|land|,trample-green-2,2.75,10,walked_into_shield,,,land
mirror-shade,tide-siege,w0h-l0,35,true,false,injected,2,play|probe.heat|heat|,open-chill-1,12.5,play|breach.land|land|,no-green-left-1,9.75,2.75,walked_into_shield,,,land
mirror-shade,tide-siege,w0h-l0,36,true,false,injected,2,play|probe.water|water|,long-flow-1,12.75,play|probe.land|land|,trample-green-2,0.75,12,walked_into_shield,,,land
mirror-shade,tide-siege,w0h-l0,37,true,true,injected,4,play|probe.land|land|,trample-green-1,-0.5,play|probe.water|water|,long-flow-1,-15.5,15,walked_into_shield,,,water
mirror-shade,tide-siege,w0h-l0,38,false,false,injected,2,play|probe.water|water|,long-flow-1,12.75,play|probe.land|land|,trample-green-3,2.75,10,walked_into_shield,,,land
mirror-shade,tide-siege,w0h-l0,39,false,false,injected,4,play|probe.land|land|,trample-green-2,-0.5,play|disrupt.heat|heat|,idle-fume-1,-17.25,16.75,walked_into_shield,,,heat
mirror-shade,tide-siege,w0h-l0,40,true,true,injected,3,play|breach.heat|heat|,hundred-smoke-1,22.25,play|probe.water|water|,long-flow-1,-0.5,22.75,walked_into_shield,,,water
mirror-shade,tide-siege,w0h-l0,41,true,false,injected,2,play|probe.water|water|,long-flow-2,12.75,play|disrupt.land|land|,filth-spread-1,1,11.75,walked_into_shield,,,land
mirror-shade,tide-siege,w0h-l0,42,true,true,injected,2,play|probe.water|water|,long-flow-1,12.75,play|probe.land|land|,trample-green-2,2.75,10,walked_into_shield,,,land
mirror-shade,tide-siege,w0h-l0,43,true,true,injected,2,play|probe.water|water|,long-flow-2,12.75,play|probe.land|land|,trample-green-2,0.75,12,walked_into_shield,,,land
mirror-shade,tide-siege,w0h-l0,44,true,true,injected,3,play|probe.land|land|,trample-green-2,15,play|probe.water|water|,long-flow-1,-0.5,15.5,walked_into_shield,,,water
mirror-shade,tide-siege,w0h-l0,45,true,false,injected,2,play|probe.heat|heat|,open-chill-2,11.75,play|probe.land|land|,trample-green-1,0.75,11,walked_into_shield,,,land
mirror-shade,tide-siege,w0h-l0,46,true,true,injected,2,play|probe.water|water|,long-flow-2,12.75,play|disrupt.land|land|,filth-spread-1,1,11.75,walked_into_shield,,,land
mirror-shade,tide-siege,w0h-l0,47,false,false,injected,4,play|disrupt.land|land|,filth-spread-1,10.25,play|probe.heat|heat|,open-chill-1,-4.5,14.75,missed_interrupt,repair,land,
mirror-shade,tide-siege,w0h-l0,48,true,true,injected,2,play|probe.water|water|,long-flow-1,12.75,play|probe.land|land|,trample-green-1,2.75,10,walked_into_shield,,,land
mirror-shade,tide-siege,w0h-l0,49,true,false,injected,2,play|probe.water|water|,long-flow-1,12.75,play|disrupt.land|land|,filth-spread-1,1,11.75,walked_into_shield,,,land
mirror-shade,tide-siege,w0h-l0,50,false,false,injected,2,play|probe.water|water|,long-flow-2,12.75,play|probe.land|land|,trample-green-2,2.75,10,walked_into_shield,,,land
mirror-shade,tide-siege,w0h-l0,51,false,true,injected,2,play|breach.heat|heat|,hundred-smoke-1,20.75,play|probe.land|land|,trample-green-3,3.5,17.25,walked_into_shield,,,land
mirror-shade,tide-siege,w0h-l0,52,true,false,injected,2,play|breach.water|water|,spend-tide-1,20.75,play|disrupt.land|land|,filth-spread-1,1.75,19,walked_into_shield,,,land
mirror-shade,tide-siege,w0h-l0,53,true,false,injected,3,play|breach.heat|heat|,hundred-smoke-1,24.25,play|probe.land|land|,trample-green-1,3,21.25,walked_into_shield,,,land
mirror-shade,tide-siege,w0h-l0,54,false,false,injected,2,play|probe.water|water|,long-flow-2,12.75,play|probe.land|land|,trample-green-2,0.75,12,walked_into_shield,,,land
mirror-shade,tide-siege,w0h-l0,55,true,false,injected,2,play|probe.water|water|,long-flow-1,12.75,play|disrupt.land|land|,filth-spread-1,1,11.75,walked_into_shield,,,land
mirror-shade,tide-siege,w0h-l0,56,false,false,injected,2,play|probe.water|water|,long-flow-1,12.75,play|probe.land|land|,trample-green-2,2.75,10,walked_into_shield,,,land
mirror-shade,tide-siege,w0h-l0,57,true,false,injected,2,play|probe.heat|heat|,open-chill-1,11.75,play|probe.land|land|,trample-green-1,0.75,11,walked_into_shield,,,land
mirror-shade,tide-siege,w0h-l0,58,true,false,injected,2,play|probe.water|water|,long-flow-2,12.75,play|disrupt.land|land|,filth-spread-1,1,11.75,walked_into_shield,,,land
mirror-shade,tide-siege,w0h-l0,59,false,false,injected,2,play|probe.water|water|,long-flow-2,12.75,play|probe.land|land|,trample-green-1,0.75,12,walked_into_shield,,,land
mirror-shade,tide-siege,w0h-l0,60,true,false,injected,2,play|probe.water|water|,long-flow-1,12.75,play|probe.land|land|,trample-green-3,2.75,10,walked_into_shield,,,land
mirror-shade,tide-siege,w0h-l0,61,false,false,injected,2,play|probe.heat|heat|,open-chill-1,11.75,play|disrupt.land|land|,filth-spread-1,1,10.75,walked_into_shield,,,land
mirror-shade,tide-siege,w0h-l0,62,false,false,injected,2,play|probe.heat|heat|,open-chill-1,12.5,play|breach.land|land|,no-green-left-1,9.75,2.75,walked_into_shield,,,land
mirror-shade,tide-siege,w0h-l0,63,true,false,injected,2,play|probe.water|water|,long-flow-1,12.75,play|probe.land|land|,trample-green-3,0.75,12,walked_into_shield,,,land
mirror-shade,tide-siege,w0h-l0,64,false,false,injected,2,play|probe.water|water|,long-flow-1,12.75,play|probe.land|land|,trample-green-2,2.75,10,walked_into_shield,,,land
mirror-shade,tide-siege,w0h-l0,65,false,false,injected,2,play|breach.water|water|,spend-tide-1,20.75,play|probe.land|land|,trample-green-3,3.5,17.25,walked_into_shield,,,land
mirror-shade,tide-siege,w0h-l0,66,true,true,injected,4,play|disrupt.land|land|,filth-spread-1,10.25,play|probe.heat|heat|,open-chill-2,-4.5,14.75,missed_interrupt,repair,land,
mirror-shade,tide-siege,w0h-l0,67,false,true,injected,2,play|probe.water|water|,long-flow-1,12.75,play|probe.land|land|,trample-green-2,2.75,10,walked_into_shield,,,land
mirror-shade,tide-siege,w0h-l0,68,false,false,injected,3,play|breach.heat|heat|,hundred-smoke-1,20.25,play|probe.land|land|,trample-green-1,3,17.25,walked_into_shield,,,land
mirror-shade,tide-siege,w0h-l0,69,true,false,injected,2,play|probe.water|water|,long-flow-1,12.75,play|probe.land|land|,trample-green-2,2.75,10,walked_into_shield,,,land
mirror-shade,tide-siege,w0h-l0,70,true,true,injected,3,play|breach.water|water|,spend-tide-1,20.25,play|probe.heat|heat|,open-chill-3,3,17.25,walked_into_shield,,,heat
mirror-shade,tide-siege,w0h-l0,71,true,false,injected,2,play|probe.water|water|,long-flow-2,12.75,play|probe.land|land|,trample-green-3,0.75,12,walked_into_shield,,,land
mirror-shade,tide-siege,w0h-l0,72,true,false,injected,2,play|breach.heat|heat|,hundred-smoke-1,20.75,play|probe.land|land|,trample-green-2,3.5,17.25,walked_into_shield,,,land
mirror-shade,tide-siege,w0h-l0,73,true,false,injected,2,play|breach.water|water|,tide-siege-1,20.75,play|breach.land|land|,no-green-left-1,9.75,11,walked_into_shield,,,land
mirror-shade,tide-siege,w0h-l0,74,true,false,injected,2,play|breach.heat|heat|,hundred-smoke-1,20.75,play|probe.land|land|,trample-green-1,3.5,17.25,walked_into_shield,,,land
mirror-shade,tide-siege,w0h-l0,75,true,true,injected,3,play|breach.water|water|,spend-tide-1,20.25,play|probe.land|land|,trample-green-3,3,17.25,walked_into_shield,,,land
mirror-shade,tide-siege,w0h-l0,76,false,false,injected,3,play|breach.land|land|,no-green-left-1,23.25,play|probe.water|water|,long-flow-1,-0.5,23.75,walked_into_shield,,,water
mirror-shade,tide-siege,w0h-l0,77,false,true,injected,2,play|breach.water|water|,tide-siege-1,20.75,play|breach.land|land|,no-green-left-1,9.75,11,walked_into_shield,,,land
mirror-shade,tide-siege,w0h-l0,78,true,true,injected,2,play|breach.heat|heat|,hundred-smoke-1,20.75,play|breach.land|land|,no-green-left-1,9.75,11,walked_into_shield,,,land
mirror-shade,tide-siege,w0h-l0,79,false,false,injected,2,play|probe.water|water|,long-flow-2,12.75,play|probe.land|land|,trample-green-3,2.75,10,walked_into_shield,,,land
mirror-shade,tide-siege,w0h-l0,80,true,false,injected,2,play|breach.water|water|,tide-siege-1,20.75,play|breach.land|land|,no-green-left-1,9.75,11,walked_into_shield,,,land
mirror-shade,tide-siege,w0h-l0,81,false,false,injected,2,play|probe.heat|heat|,open-chill-3,11.75,play|disrupt.land|land|,filth-spread-1,1,10.75,walked_into_shield,,,land
mirror-shade,tide-siege,w0h-l0,82,true,false,injected,3,play|breach.heat|heat|,hundred-smoke-1,24.25,play|probe.land|land|,trample-green-3,3,21.25,walked_into_shield,,,land
mirror-shade,tide-siege,w0h-l0,83,true,false,injected,2,play|probe.heat|heat|,open-chill-3,12.5,play|breach.land|land|,no-green-left-1,9.75,2.75,walked_into_shield,,,land
mirror-shade,tide-siege,w0h-l0,84,true,true,injected,4,play|disrupt.land|land|,filth-spread-1,14.25,play|probe.land|land|,trample-green-2,-0.5,14.75,missed_interrupt,repair,land,
mirror-shade,tide-siege,w0h-l0,85,false,true,injected,2,play|probe.water|water|,long-flow-2,12.75,play|probe.land|land|,trample-green-2,0.75,12,walked_into_shield,,,land
mirror-shade,tide-siege,w0h-l0,86,false,false,injected,2,play|probe.water|water|,long-flow-2,12.75,play|probe.land|land|,trample-green-2,0.75,12,walked_into_shield,,,land
mirror-shade,tide-siege,w0h-l0,87,false,false,injected,2,play|probe.water|water|,long-flow-1,12.75,play|probe.land|land|,trample-green-2,2.75,10,walked_into_shield,,,land
mirror-shade,tide-siege,w0h-l0,88,true,false,injected,2,play|probe.water|water|,long-flow-2,12.75,play|probe.land|land|,trample-green-1,2.75,10,walked_into_shield,,,land
mirror-shade,tide-siege,w0h-l0,89,true,true,injected,3,play|breach.land|land|,no-green-left-1,24.25,play|probe.water|water|,long-flow-2,3,21.25,walked_into_shield,,,water
mirror-shade,tide-siege,w0h-l0,90,true,false,injected,2,play|probe.water|water|,long-flow-1,12.75,play|probe.land|land|,trample-green-2,2.75,10,walked_into_shield,,,land
mirror-shade,tide-siege,w0h-l0,91,false,false,injected,2,play|disrupt.water|water|,foul-current-1,7,play|probe.land|land|,trample-green-2,0.75,6.25,walked_into_shield,,,land
mirror-shade,tide-siege,w0h-l0,92,false,false,injected,4,play|breach.land|land|,no-green-left-1,3.5,play|probe.water|water|,long-flow-1,-16.25,19.75,walked_into_shield,,,water
mirror-shade,tide-siege,w0h-l0,93,true,false,injected,3,play|probe.land|land|,trample-green-2,15,play|probe.water|water|,long-flow-1,-0.5,15.5,walked_into_shield,,,water
mirror-shade,tide-siege,w0h-l0,94,false,false,injected,2,play|probe.water|water|,long-flow-2,12.75,play|probe.land|land|,trample-green-3,2.75,10,walked_into_shield,,,land
mirror-shade,tide-siege,w0h-l0,95,false,false,injected,2,play|probe.water|water|,long-flow-2,12.75,play|probe.land|land|,trample-green-3,2.75,10,walked_into_shield,,,land
mirror-shade,tide-siege,w0h-l0,96,true,false,injected,4,play|disrupt.land|land|,filth-spread-1,10.25,play|probe.land|land|,trample-green-2,-5.5,15.75,missed_interrupt,repair,land,
mirror-shade,tide-siege,w0h-l0,97,true,false,injected,2,play|probe.water|water|,long-flow-1,12.75,play|probe.land|land|,trample-green-2,0.75,12,walked_into_shield,,,land
mirror-shade,tide-siege,w0h-l0,98,true,false,injected,2,play|probe.water|water|,long-flow-1,12.75,play|probe.land|land|,trample-green-3,2.75,10,walked_into_shield,,,land
mirror-shade,tide-siege,w0h-l0,99,true,true,injected,2,play|probe.water|water|,long-flow-1,12.75,play|probe.land|land|,trample-green-1,2.75,10,walked_into_shield,,,land
mirror-shade,tide-siege,w0h-l0,100,false,false,injected,3,play|breach.heat|heat|,hundred-smoke-1,24.25,play|probe.land|land|,trample-green-1,3,21.25,walked_into_shield,,,land
mirror-shade,tide-siege,w0h+l0,1,true,true,injected,2,play|breach.water|water|,spend-tide-1,20.75,play|probe.land|land|,trample-green-2,3.5,17.25,walked_into_shield,,,land
mirror-shade,tide-siege,w0h+l0,2,false,false,injected,2,play|probe.water|water|,long-flow-2,12.75,play|disrupt.land|land|,filth-spread-1,1,11.75,walked_into_shield,,,land
mirror-shade,tide-siege,w0h+l0,3,false,false,injected,4,play|probe.heat|heat|,open-chill-2,-3.5,play|probe.water|water|,long-flow-2,-17,13.5,walked_into_shield,,,water
mirror-shade,tide-siege,w0h+l0,4,false,false,injected,3,play|breach.heat|heat|,hundred-smoke-1,25.25,play|probe.land|land|,trample-green-1,3,22.25,walked_into_shield,,,land
mirror-shade,tide-siege,w0h+l0,5,false,false,injected,4,play|probe.heat|heat|,open-chill-1,-3.5,play|probe.water|water|,long-flow-1,-17,13.5,walked_into_shield,,,water
mirror-shade,tide-siege,w0h+l0,6,true,false,injected,2,play|probe.heat|heat|,open-chill-2,13.75,play|probe.land|land|,trample-green-3,2.75,11,walked_into_shield,,,land
mirror-shade,tide-siege,w0h+l0,7,true,false,injected,3,play|breach.water|water|,spend-tide-1,20.25,play|probe.land|land|,trample-green-1,3,17.25,walked_into_shield,,,land
mirror-shade,tide-siege,w0h+l0,8,true,false,injected,2,play|probe.water|water|,long-flow-1,12.75,play|probe.land|land|,trample-green-3,2.75,10,walked_into_shield,,,land
mirror-shade,tide-siege,w0h+l0,9,true,false,injected,3,play|breach.heat|heat|,hundred-smoke-1,25.25,play|probe.land|land|,trample-green-2,3,22.25,walked_into_shield,,,land
mirror-shade,tide-siege,w0h+l0,10,true,false,injected,2,play|probe.heat|heat|,open-chill-1,12.75,play|disrupt.land|land|,filth-spread-1,1,11.75,walked_into_shield,,,land
mirror-shade,tide-siege,w0h+l0,11,true,true,injected,4,play|disrupt.land|land|,filth-spread-1,10.25,play|gather||gather,,-15.75,26,missed_interrupt,repair,land,
mirror-shade,tide-siege,w0h+l0,12,true,false,injected,2,play|probe.water|water|,long-flow-1,12.75,play|disrupt.land|land|,filth-spread-1,1,11.75,walked_into_shield,,,land
mirror-shade,tide-siege,w0h+l0,13,true,false,injected,4,play|probe.land|land|,trample-green-3,-5.5,play|probe.heat|heat|,open-chill-1,-17,11.5,walked_into_shield,,,heat
mirror-shade,tide-siege,w0h+l0,14,false,false,injected,2,play|probe.water|water|,long-flow-2,12.75,play|probe.land|land|,trample-green-2,0.75,12,walked_into_shield,,,land
mirror-shade,tide-siege,w0h+l0,15,true,true,injected,2,play|breach.heat|heat|,hundred-smoke-1,21.75,play|breach.land|land|,no-green-left-1,9.75,12,walked_into_shield,,,land
mirror-shade,tide-siege,w0h+l0,16,true,true,injected,2,play|probe.heat|heat|,open-chill-3,13.75,play|probe.land|land|,trample-green-1,2.75,11,walked_into_shield,,,land
mirror-shade,tide-siege,w0h+l0,17,true,false,injected,3,play|breach.heat|heat|,hundred-smoke-1,25.25,play|probe.land|land|,trample-green-1,3,22.25,walked_into_shield,,,land
mirror-shade,tide-siege,w0h+l0,18,true,true,injected,3,play|breach.land|land|,no-green-left-1,24.25,play|breach.water|water|,spend-tide-1,2.25,22,walked_into_shield,,,water
mirror-shade,tide-siege,w0h+l0,19,true,false,injected,2,play|probe.water|water|,long-flow-2,12.75,play|probe.land|land|,trample-green-2,2.75,10,walked_into_shield,,,land
mirror-shade,tide-siege,w0h+l0,20,true,false,injected,2,play|breach.water|water|,spend-tide-1,20.75,play|breach.land|land|,no-green-left-1,9.75,11,walked_into_shield,,,land
mirror-shade,tide-siege,w0h+l0,21,true,false,injected,2,play|breach.heat|heat|,hundred-smoke-1,21.75,play|probe.land|land|,trample-green-3,3.5,18.25,walked_into_shield,,,land
mirror-shade,tide-siege,w0h+l0,22,false,true,injected,2,play|breach.water|water|,tide-siege-1,20.75,play|breach.land|land|,no-green-left-1,9.75,11,walked_into_shield,,,land
mirror-shade,tide-siege,w0h+l0,23,false,false,injected,2,play|breach.heat|heat|,hundred-smoke-1,21.75,play|probe.land|land|,trample-green-3,3.5,18.25,walked_into_shield,,,land
mirror-shade,tide-siege,w0h+l0,24,true,true,injected,4,play|breach.heat|heat|,hundred-smoke-1,3.5,play|probe.water|water|,long-flow-1,-16.25,19.75,walked_into_shield,,,water
mirror-shade,tide-siege,w0h+l0,25,true,false,injected,2,play|breach.heat|heat|,hundred-smoke-1,21.75,play|breach.land|land|,no-green-left-1,9.75,12,walked_into_shield,,,land
mirror-shade,tide-siege,w0h+l0,26,false,false,injected,2,play|breach.water|water|,tide-siege-1,20.75,play|breach.land|land|,no-green-left-1,9.75,11,walked_into_shield,,,land
mirror-shade,tide-siege,w0h+l0,27,true,true,injected,5,play|probe.land|land|,trample-green-1,14.75,play|probe.heat|heat|,open-chill-3,1.25,13.5,walked_into_shield,,,heat
mirror-shade,tide-siege,w0h+l0,28,false,false,injected,2,play|probe.water|water|,long-flow-1,12.75,play|disrupt.land|land|,filth-spread-1,1,11.75,walked_into_shield,,,land
mirror-shade,tide-siege,w0h+l0,29,true,false,injected,2,play|breach.water|water|,tide-siege-1,20.75,play|probe.land|land|,trample-green-1,3.5,17.25,walked_into_shield,,,land
mirror-shade,tide-siege,w0h+l0,30,true,false,injected,2,play|breach.water|water|,spend-tide-1,20.75,play|probe.land|land|,trample-green-1,3.5,17.25,walked_into_shield,,,land
mirror-shade,tide-siege,w0h+l0,31,true,true,injected,2,play|breach.heat|heat|,hundred-smoke-1,21.75,play|probe.land|land|,trample-green-3,3.5,18.25,walked_into_shield,,,land
mirror-shade,tide-siege,w0h+l0,32,true,false,injected,2,play|breach.water|water|,tide-siege-1,20.75,play|probe.land|land|,trample-green-2,3.5,17.25,walked_into_shield,,,land
mirror-shade,tide-siege,w0h+l0,33,true,true,injected,2,play|probe.water|water|,long-flow-2,12.75,play|probe.land|land|,trample-green-3,2.75,10,walked_into_shield,,,land
mirror-shade,tide-siege,w0h+l0,34,true,true,injected,2,play|probe.heat|heat|,open-chill-1,13.75,play|probe.land|land|,trample-green-2,2.75,11,walked_into_shield,,,land
mirror-shade,tide-siege,w0h+l0,35,true,false,injected,2,play|probe.heat|heat|,open-chill-1,13.5,play|breach.land|land|,no-green-left-1,9.75,3.75,walked_into_shield,,,land
mirror-shade,tide-siege,w0h+l0,36,true,false,injected,2,play|probe.water|water|,long-flow-1,12.75,play|probe.land|land|,trample-green-2,0.75,12,walked_into_shield,,,land
mirror-shade,tide-siege,w0h+l0,37,true,true,injected,4,play|probe.land|land|,trample-green-1,-0.5,play|probe.water|water|,long-flow-1,-15.5,15,walked_into_shield,,,water
mirror-shade,tide-siege,w0h+l0,38,true,false,injected,2,play|probe.water|water|,long-flow-1,12.75,play|probe.land|land|,trample-green-3,2.75,10,walked_into_shield,,,land
mirror-shade,tide-siege,w0h+l0,39,false,false,injected,4,play|probe.land|land|,trample-green-2,-0.5,play|disrupt.heat|heat|,idle-fume-1,-17.25,16.75,walked_into_shield,,,heat
mirror-shade,tide-siege,w0h+l0,40,true,true,injected,3,play|breach.heat|heat|,hundred-smoke-1,23.25,play|probe.water|water|,long-flow-1,-0.5,23.75,walked_into_shield,,,water
mirror-shade,tide-siege,w0h+l0,41,true,false,injected,2,play|probe.water|water|,long-flow-2,12.75,play|disrupt.land|land|,filth-spread-1,1,11.75,walked_into_shield,,,land
mirror-shade,tide-siege,w0h+l0,42,true,true,injected,2,play|probe.water|water|,long-flow-1,12.75,play|probe.land|land|,trample-green-2,2.75,10,walked_into_shield,,,land
mirror-shade,tide-siege,w0h+l0,43,true,true,injected,2,play|probe.water|water|,long-flow-2,12.75,play|probe.land|land|,trample-green-2,0.75,12,walked_into_shield,,,land
mirror-shade,tide-siege,w0h+l0,44,true,true,injected,3,play|probe.land|land|,trample-green-2,15,play|probe.water|water|,long-flow-1,-0.5,15.5,walked_into_shield,,,water
mirror-shade,tide-siege,w0h+l0,45,true,false,injected,2,play|probe.heat|heat|,open-chill-2,13.75,play|probe.land|land|,trample-green-1,2.75,11,walked_into_shield,,,land
mirror-shade,tide-siege,w0h+l0,46,true,true,injected,2,play|probe.water|water|,long-flow-2,12.75,play|disrupt.land|land|,filth-spread-1,1,11.75,walked_into_shield,,,land
mirror-shade,tide-siege,w0h+l0,47,true,false,injected,4,play|disrupt.land|land|,filth-spread-1,10.25,play|probe.heat|heat|,open-chill-1,-3.5,13.75,missed_interrupt,repair,land,
mirror-shade,tide-siege,w0h+l0,48,true,true,injected,2,play|probe.water|water|,long-flow-1,12.75,play|probe.land|land|,trample-green-1,2.75,10,walked_into_shield,,,land
mirror-shade,tide-siege,w0h+l0,49,true,false,injected,2,play|probe.water|water|,long-flow-1,12.75,play|disrupt.land|land|,filth-spread-1,1,11.75,walked_into_shield,,,land
mirror-shade,tide-siege,w0h+l0,50,false,false,injected,2,play|probe.water|water|,long-flow-2,12.75,play|probe.land|land|,trample-green-2,2.75,10,walked_into_shield,,,land
mirror-shade,tide-siege,w0h+l0,51,true,true,injected,2,play|breach.heat|heat|,hundred-smoke-1,21.75,play|probe.land|land|,trample-green-3,3.5,18.25,walked_into_shield,,,land
mirror-shade,tide-siege,w0h+l0,52,true,false,injected,2,play|breach.heat|heat|,hundred-smoke-1,21.75,play|disrupt.land|land|,filth-spread-1,1.75,20,walked_into_shield,,,land
mirror-shade,tide-siege,w0h+l0,53,true,false,injected,3,play|breach.heat|heat|,hundred-smoke-1,25.25,play|probe.land|land|,trample-green-1,3,22.25,walked_into_shield,,,land
mirror-shade,tide-siege,w0h+l0,54,true,false,injected,2,play|probe.water|water|,long-flow-2,12.75,play|probe.land|land|,trample-green-2,0.75,12,walked_into_shield,,,land
mirror-shade,tide-siege,w0h+l0,55,true,false,injected,2,play|probe.water|water|,long-flow-1,12.75,play|disrupt.land|land|,filth-spread-1,1,11.75,walked_into_shield,,,land
mirror-shade,tide-siege,w0h+l0,56,true,false,injected,2,play|probe.heat|heat|,open-chill-1,13.75,play|probe.land|land|,trample-green-2,2.75,11,walked_into_shield,,,land
mirror-shade,tide-siege,w0h+l0,57,true,true,injected,2,play|probe.heat|heat|,open-chill-1,13.75,play|probe.land|land|,trample-green-1,2.75,11,walked_into_shield,,,land
mirror-shade,tide-siege,w0h+l0,58,true,false,injected,2,play|probe.water|water|,long-flow-2,12.75,play|disrupt.land|land|,filth-spread-1,1,11.75,walked_into_shield,,,land
mirror-shade,tide-siege,w0h+l0,59,false,false,injected,2,play|probe.water|water|,long-flow-2,12.75,play|probe.land|land|,trample-green-1,0.75,12,walked_into_shield,,,land
mirror-shade,tide-siege,w0h+l0,60,true,true,injected,2,play|probe.water|water|,long-flow-1,12.75,play|probe.land|land|,trample-green-3,2.75,10,walked_into_shield,,,land
mirror-shade,tide-siege,w0h+l0,61,true,false,injected,2,play|probe.heat|heat|,open-chill-1,13.75,play|disrupt.land|land|,filth-spread-1,1,12.75,walked_into_shield,,,land
mirror-shade,tide-siege,w0h+l0,62,true,false,injected,2,play|probe.heat|heat|,open-chill-1,13.5,play|breach.land|land|,no-green-left-1,9.75,3.75,walked_into_shield,,,land
mirror-shade,tide-siege,w0h+l0,63,true,false,injected,2,play|probe.heat|heat|,open-chill-2,12.75,play|probe.land|land|,trample-green-3,0.75,12,walked_into_shield,,,land
mirror-shade,tide-siege,w0h+l0,64,false,false,injected,2,play|probe.water|water|,long-flow-1,12.75,play|probe.land|land|,trample-green-2,2.75,10,walked_into_shield,,,land
mirror-shade,tide-siege,w0h+l0,65,false,true,injected,2,play|breach.water|water|,spend-tide-1,20.75,play|probe.land|land|,trample-green-3,3.5,17.25,walked_into_shield,,,land
mirror-shade,tide-siege,w0h+l0,66,true,true,injected,4,play|disrupt.land|land|,filth-spread-1,10.25,play|probe.heat|heat|,open-chill-2,-3.5,13.75,missed_interrupt,repair,land,
mirror-shade,tide-siege,w0h+l0,67,false,true,injected,2,play|probe.water|water|,long-flow-1,12.75,play|probe.land|land|,trample-green-2,2.75,10,walked_into_shield,,,land
mirror-shade,tide-siege,w0h+l0,68,true,false,injected,3,play|breach.heat|heat|,hundred-smoke-1,21.25,play|probe.land|land|,trample-green-1,3,18.25,walked_into_shield,,,land
mirror-shade,tide-siege,w0h+l0,69,true,false,injected,2,play|probe.heat|heat|,open-chill-2,13.75,play|probe.land|land|,trample-green-2,2.75,11,walked_into_shield,,,land
mirror-shade,tide-siege,w0h+l0,70,true,true,injected,3,play|breach.water|water|,spend-tide-1,22.25,play|probe.heat|heat|,open-chill-3,-0.5,22.75,walked_into_shield,,,heat
mirror-shade,tide-siege,w0h+l0,71,true,false,injected,2,play|probe.water|water|,long-flow-2,12.75,play|probe.land|land|,trample-green-3,0.75,12,walked_into_shield,,,land
mirror-shade,tide-siege,w0h+l0,72,true,false,injected,2,play|breach.heat|heat|,hundred-smoke-1,21.75,play|probe.land|land|,trample-green-2,3.5,18.25,walked_into_shield,,,land
mirror-shade,tide-siege,w0h+l0,73,true,false,injected,2,play|breach.heat|heat|,hundred-smoke-1,21.75,play|breach.land|land|,no-green-left-1,9.75,12,walked_into_shield,,,land
mirror-shade,tide-siege,w0h+l0,74,true,false,injected,2,play|breach.heat|heat|,hundred-smoke-1,21.75,play|probe.land|land|,trample-green-1,3.5,18.25,walked_into_shield,,,land
mirror-shade,tide-siege,w0h+l0,75,true,true,injected,3,play|breach.water|water|,spend-tide-1,20.25,play|probe.land|land|,trample-green-3,3,17.25,walked_into_shield,,,land
mirror-shade,tide-siege,w0h+l0,76,false,true,injected,3,play|breach.land|land|,no-green-left-1,23.25,play|probe.water|water|,long-flow-1,-0.5,23.75,walked_into_shield,,,water
mirror-shade,tide-siege,w0h+l0,77,true,true,injected,2,play|breach.water|water|,tide-siege-1,20.75,play|breach.land|land|,no-green-left-1,9.75,11,walked_into_shield,,,land
mirror-shade,tide-siege,w0h+l0,78,true,true,injected,2,play|breach.heat|heat|,hundred-smoke-1,21.75,play|breach.land|land|,no-green-left-1,9.75,12,walked_into_shield,,,land
mirror-shade,tide-siege,w0h+l0,79,false,false,injected,2,play|probe.water|water|,long-flow-2,12.75,play|probe.land|land|,trample-green-3,2.75,10,walked_into_shield,,,land
mirror-shade,tide-siege,w0h+l0,80,false,false,injected,2,play|breach.heat|heat|,hundred-smoke-1,21.75,play|breach.land|land|,no-green-left-1,9.75,12,walked_into_shield,,,land
mirror-shade,tide-siege,w0h+l0,81,false,false,injected,2,play|probe.heat|heat|,open-chill-3,13.75,play|disrupt.land|land|,filth-spread-1,1,12.75,walked_into_shield,,,land
mirror-shade,tide-siege,w0h+l0,82,true,false,injected,3,play|breach.heat|heat|,hundred-smoke-1,25.25,play|probe.land|land|,trample-green-3,3,22.25,walked_into_shield,,,land
mirror-shade,tide-siege,w0h+l0,83,true,true,injected,2,play|probe.heat|heat|,open-chill-3,13.5,play|breach.land|land|,no-green-left-1,9.75,3.75,walked_into_shield,,,land
mirror-shade,tide-siege,w0h+l0,84,true,true,injected,4,play|disrupt.land|land|,filth-spread-1,14.25,play|probe.land|land|,trample-green-2,-0.5,14.75,missed_interrupt,repair,land,
mirror-shade,tide-siege,w0h+l0,85,true,true,injected,2,play|probe.water|water|,long-flow-2,12.75,play|probe.land|land|,trample-green-2,0.75,12,walked_into_shield,,,land
mirror-shade,tide-siege,w0h+l0,86,false,false,injected,2,play|probe.water|water|,long-flow-2,12.75,play|probe.land|land|,trample-green-2,0.75,12,walked_into_shield,,,land
mirror-shade,tide-siege,w0h+l0,87,true,false,injected,2,play|probe.water|water|,long-flow-1,12.75,play|probe.land|land|,trample-green-2,2.75,10,walked_into_shield,,,land
mirror-shade,tide-siege,w0h+l0,88,true,false,injected,2,play|probe.water|water|,long-flow-2,12.75,play|probe.land|land|,trample-green-1,2.75,10,walked_into_shield,,,land
mirror-shade,tide-siege,w0h+l0,89,true,true,injected,3,play|breach.land|land|,no-green-left-1,24.25,play|probe.water|water|,long-flow-2,3,21.25,walked_into_shield,,,water
mirror-shade,tide-siege,w0h+l0,90,true,false,injected,2,play|probe.water|water|,long-flow-1,12.75,play|probe.land|land|,trample-green-2,2.75,10,walked_into_shield,,,land
mirror-shade,tide-siege,w0h+l0,91,false,false,injected,2,play|disrupt.water|water|,foul-current-1,7,play|probe.land|land|,trample-green-2,0.75,6.25,walked_into_shield,,,land
mirror-shade,tide-siege,w0h+l0,92,true,false,injected,3,play|probe.land|land|,trample-green-2,15,play|breach.water|water|,tide-siege-1,2.25,12.75,walked_into_shield,,,water
mirror-shade,tide-siege,w0h+l0,93,true,false,injected,3,play|probe.land|land|,trample-green-2,15,play|probe.water|water|,long-flow-1,-0.5,15.5,walked_into_shield,,,water
mirror-shade,tide-siege,w0h+l0,94,false,false,injected,2,play|probe.water|water|,long-flow-2,12.75,play|probe.land|land|,trample-green-3,2.75,10,walked_into_shield,,,land
mirror-shade,tide-siege,w0h+l0,95,true,false,injected,2,play|probe.heat|heat|,open-chill-2,12.75,play|probe.land|land|,trample-green-3,2.75,10,walked_into_shield,,,land
mirror-shade,tide-siege,w0h+l0,96,true,false,injected,4,play|disrupt.land|land|,filth-spread-1,12.25,play|probe.land|land|,trample-green-2,-3.5,15.75,missed_interrupt,repair,land,
mirror-shade,tide-siege,w0h+l0,97,true,false,injected,2,play|probe.water|water|,long-flow-1,12.75,play|probe.land|land|,trample-green-2,0.75,12,walked_into_shield,,,land
mirror-shade,tide-siege,w0h+l0,98,false,false,injected,2,play|probe.heat|heat|,open-chill-2,13.75,play|probe.land|land|,trample-green-3,2.75,11,walked_into_shield,,,land
mirror-shade,tide-siege,w0h+l0,99,true,true,injected,2,play|probe.water|water|,long-flow-1,12.75,play|probe.land|land|,trample-green-1,2.75,10,walked_into_shield,,,land
mirror-shade,tide-siege,w0h+l0,100,false,false,injected,3,play|breach.heat|heat|,hundred-smoke-1,25.25,play|probe.land|land|,trample-green-1,3,22.25,walked_into_shield,,,land
mirror-shade,tide-siege,w0h0l-,1,true,true,injected,2,play|breach.water|water|,spend-tide-1,20.75,play|probe.land|land|,trample-green-2,3.5,17.25,walked_into_shield,,,land
mirror-shade,tide-siege,w0h0l-,2,false,false,injected,2,play|probe.water|water|,long-flow-2,12.75,play|disrupt.land|land|,filth-spread-1,1,11.75,walked_into_shield,,,land
mirror-shade,tide-siege,w0h0l-,3,false,false,injected,4,play|probe.heat|heat|,open-chill-2,-3.5,play|probe.water|water|,long-flow-2,-17,13.5,walked_into_shield,,,water
mirror-shade,tide-siege,w0h0l-,4,false,true,injected,2,play|probe.water|water|,long-flow-1,12.75,play|disrupt.land|land|,filth-spread-1,1,11.75,walked_into_shield,,,land
mirror-shade,tide-siege,w0h0l-,5,false,false,injected,4,play|probe.heat|heat|,open-chill-1,-3.5,play|probe.water|water|,long-flow-1,-17,13.5,walked_into_shield,,,water
mirror-shade,tide-siege,w0h0l-,6,true,false,injected,2,play|probe.water|water|,long-flow-2,12.75,play|probe.land|land|,trample-green-3,2.75,10,walked_into_shield,,,land
mirror-shade,tide-siege,w0h0l-,7,true,false,injected,3,play|breach.water|water|,spend-tide-1,20.25,play|probe.land|land|,trample-green-1,3,17.25,walked_into_shield,,,land
mirror-shade,tide-siege,w0h0l-,8,true,false,injected,2,play|probe.water|water|,long-flow-1,12.75,play|probe.land|land|,trample-green-3,2.75,10,walked_into_shield,,,land
mirror-shade,tide-siege,w0h0l-,9,true,false,injected,3,play|breach.heat|heat|,hundred-smoke-1,24.25,play|probe.land|land|,trample-green-2,3,21.25,walked_into_shield,,,land
mirror-shade,tide-siege,w0h0l-,10,true,false,injected,2,play|probe.heat|heat|,open-chill-1,12.75,play|disrupt.land|land|,filth-spread-1,1,11.75,walked_into_shield,,,land
mirror-shade,tide-siege,w0h0l-,11,true,true,injected,4,play|disrupt.land|land|,filth-spread-1,10.25,play|gather||gather,,-15.75,26,missed_interrupt,repair,land,
mirror-shade,tide-siege,w0h0l-,12,true,false,injected,2,play|probe.water|water|,long-flow-1,12.75,play|disrupt.land|land|,filth-spread-1,1,11.75,walked_into_shield,,,land
mirror-shade,tide-siege,w0h0l-,13,false,false,injected,3,play|breach.land|land|,no-green-left-1,24.25,play|disrupt.heat|heat|,idle-fume-1,1.25,23,walked_into_shield,,,heat
mirror-shade,tide-siege,w0h0l-,14,false,false,injected,2,play|probe.water|water|,long-flow-2,12.75,play|probe.land|land|,trample-green-2,0.75,12,walked_into_shield,,,land
mirror-shade,tide-siege,w0h0l-,15,true,true,injected,2,play|breach.heat|heat|,hundred-smoke-1,21.75,play|breach.land|land|,no-green-left-1,8.75,13,walked_into_shield,,,land
mirror-shade,tide-siege,w0h0l-,16,false,false,injected,2,play|probe.heat|heat|,open-chill-3,12.75,play|probe.land|land|,trample-green-1,2.75,10,walked_into_shield,,,land
mirror-shade,tide-siege,w0h0l-,17,true,false,injected,3,play|breach.heat|heat|,hundred-smoke-1,24.25,play|probe.land|land|,trample-green-1,3,21.25,walked_into_shield,,,land
mirror-shade,tide-siege,w0h0l-,18,true,false,injected,3,play|breach.land|land|,no-green-left-1,24.25,play|breach.water|water|,spend-tide-1,2.25,22,walked_into_shield,,,water
mirror-shade,tide-siege,w0h0l-,19,true,false,injected,2,play|probe.water|water|,long-flow-2,12.75,play|probe.land|land|,trample-green-2,2.75,10,walked_into_shield,,,land
mirror-shade,tide-siege,w0h0l-,20,true,false,injected,2,play|breach.water|water|,spend-tide-1,20.75,play|breach.land|land|,no-green-left-1,8.75,12,walked_into_shield,,,land
mirror-shade,tide-siege,w0h0l-,21,true,false,injected,2,play|breach.heat|heat|,hundred-smoke-1,21.75,play|probe.land|land|,trample-green-3,3.5,18.25,walked_into_shield,,,land
mirror-shade,tide-siege,w0h0l-,22,false,true,injected,2,play|breach.water|water|,tide-siege-1,20.75,play|breach.land|land|,no-green-left-1,8.75,12,walked_into_shield,,,land
mirror-shade,tide-siege,w0h0l-,23,false,false,injected,2,play|breach.heat|heat|,hundred-smoke-1,21.75,play|probe.land|land|,trample-green-3,3.5,18.25,walked_into_shield,,,land
mirror-shade,tide-siege,w0h0l-,24,true,true,injected,4,play|breach.heat|heat|,hundred-smoke-1,3.5,play|probe.water|water|,long-flow-1,-16.25,19.75,walked_into_shield,,,water
mirror-shade,tide-siege,w0h0l-,25,true,false,injected,2,play|breach.heat|heat|,hundred-smoke-1,21.75,play|breach.land|land|,no-green-left-1,8.75,13,walked_into_shield,,,land
mirror-shade,tide-siege,w0h0l-,26,true,false,injected,2,play|breach.water|water|,tide-siege-1,20.75,play|breach.land|land|,no-green-left-1,8.75,12,walked_into_shield,,,land
mirror-shade,tide-siege,w0h0l-,27,true,true,injected,5,play|probe.land|land|,trample-green-1,10.75,play|probe.heat|heat|,open-chill-3,1.25,9.5,walked_into_shield,,,heat
mirror-shade,tide-siege,w0h0l-,28,false,false,injected,2,play|probe.water|water|,long-flow-1,12.75,play|disrupt.land|land|,filth-spread-1,1,11.75,walked_into_shield,,,land
mirror-shade,tide-siege,w0h0l-,29,true,false,injected,2,play|breach.water|water|,tide-siege-1,20.75,play|probe.land|land|,trample-green-1,3.5,17.25,walked_into_shield,,,land
mirror-shade,tide-siege,w0h0l-,30,true,false,injected,2,play|breach.water|water|,spend-tide-1,20.75,play|probe.land|land|,trample-green-1,3.5,17.25,walked_into_shield,,,land
mirror-shade,tide-siege,w0h0l-,31,false,false,injected,2,play|breach.heat|heat|,hundred-smoke-1,21.75,play|probe.land|land|,trample-green-3,3.5,18.25,walked_into_shield,,,land
mirror-shade,tide-siege,w0h0l-,32,true,false,injected,2,play|breach.water|water|,tide-siege-1,20.75,play|probe.land|land|,trample-green-2,3.5,17.25,walked_into_shield,,,land
mirror-shade,tide-siege,w0h0l-,33,true,true,injected,2,play|probe.water|water|,long-flow-2,12.75,play|probe.land|land|,trample-green-3,2.75,10,walked_into_shield,,,land
mirror-shade,tide-siege,w0h0l-,34,true,true,injected,2,play|probe.water|water|,long-flow-2,12.75,play|probe.land|land|,trample-green-2,2.75,10,walked_into_shield,,,land
mirror-shade,tide-siege,w0h0l-,35,true,false,injected,2,play|probe.heat|heat|,open-chill-1,13.5,play|breach.land|land|,no-green-left-1,8.75,4.75,walked_into_shield,,,land
mirror-shade,tide-siege,w0h0l-,36,true,false,injected,2,play|probe.water|water|,long-flow-1,12.75,play|probe.land|land|,trample-green-2,0.75,12,walked_into_shield,,,land
mirror-shade,tide-siege,w0h0l-,37,false,true,injected,4,play|probe.land|land|,trample-green-1,-1.5,play|probe.water|water|,long-flow-1,-15.5,14,walked_into_shield,,,water
mirror-shade,tide-siege,w0h0l-,38,true,false,injected,2,play|probe.water|water|,long-flow-1,12.75,play|probe.land|land|,trample-green-3,2.75,10,walked_into_shield,,,land
mirror-shade,tide-siege,w0h0l-,39,true,false,injected,2,play|probe.heat|heat|,open-chill-3,12.75,play|disrupt.land|land|,filth-spread-1,1,11.75,walked_into_shield,,,land
mirror-shade,tide-siege,w0h0l-,40,true,true,injected,3,play|breach.heat|heat|,hundred-smoke-1,23.25,play|probe.water|water|,long-flow-1,-0.5,23.75,walked_into_shield,,,water
mirror-shade,tide-siege,w0h0l-,41,true,false,injected,2,play|probe.water|water|,long-flow-2,12.75,play|disrupt.land|land|,filth-spread-1,1,11.75,walked_into_shield,,,land
mirror-shade,tide-siege,w0h0l-,42,true,true,injected,2,play|probe.water|water|,long-flow-1,12.75,play|probe.land|land|,trample-green-2,2.75,10,walked_into_shield,,,land
mirror-shade,tide-siege,w0h0l-,43,true,true,injected,2,play|probe.water|water|,long-flow-2,12.75,play|probe.land|land|,trample-green-2,0.75,12,walked_into_shield,,,land
mirror-shade,tide-siege,w0h0l-,44,true,true,injected,3,play|probe.land|land|,trample-green-2,14,play|probe.water|water|,long-flow-1,-0.5,14.5,walked_into_shield,,,water
mirror-shade,tide-siege,w0h0l-,45,true,false,injected,2,play|probe.heat|heat|,open-chill-2,12.75,play|probe.land|land|,trample-green-1,2.75,10,walked_into_shield,,,land
mirror-shade,tide-siege,w0h0l-,46,true,true,injected,2,play|probe.water|water|,long-flow-2,12.75,play|disrupt.land|land|,filth-spread-1,1,11.75,walked_into_shield,,,land
mirror-shade,tide-siege,w0h0l-,47,false,false,injected,4,play|disrupt.land|land|,filth-spread-1,10.25,play|probe.heat|heat|,open-chill-1,-3.5,13.75,missed_interrupt,repair,land,
mirror-shade,tide-siege,w0h0l-,48,true,true,injected,2,play|probe.water|water|,long-flow-1,12.75,play|probe.land|land|,trample-green-1,2.75,10,walked_into_shield,,,land
mirror-shade,tide-siege,w0h0l-,49,true,false,injected,2,play|probe.water|water|,long-flow-1,12.75,play|disrupt.land|land|,filth-spread-1,1,11.75,walked_into_shield,,,land
mirror-shade,tide-siege,w0h0l-,50,false,false,injected,2,play|probe.water|water|,long-flow-2,12.75,play|probe.land|land|,trample-green-2,2.75,10,walked_into_shield,,,land
mirror-shade,tide-siege,w0h0l-,51,false,true,injected,2,play|breach.heat|heat|,hundred-smoke-1,21.75,play|probe.land|land|,trample-green-3,3.5,18.25,walked_into_shield,,,land
mirror-shade,tide-siege,w0h0l-,52,false,false,injected,2,play|breach.heat|heat|,hundred-smoke-1,21.75,play|disrupt.land|land|,filth-spread-1,1.75,20,walked_into_shield,,,land
mirror-shade,tide-siege,w0h0l-,53,true,false,injected,3,play|breach.heat|heat|,hundred-smoke-1,24.25,play|probe.land|land|,trample-green-1,3,21.25,walked_into_shield,,,land
mirror-shade,tide-siege,w0h0l-,54,false,false,injected,2,play|probe.water|water|,long-flow-2,12.75,play|probe.land|land|,trample-green-2,0.75,12,walked_into_shield,,,land
mirror-shade,tide-siege,w0h0l-,55,true,false,injected,2,play|probe.water|water|,long-flow-1,12.75,play|disrupt.land|land|,filth-spread-1,1,11.75,walked_into_shield,,,land
mirror-shade,tide-siege,w0h0l-,56,false,false,injected,2,play|probe.water|water|,long-flow-1,12.75,play|probe.land|land|,trample-green-2,2.75,10,walked_into_shield,,,land
mirror-shade,tide-siege,w0h0l-,57,true,true,injected,2,play|probe.heat|heat|,open-chill-1,12.75,play|probe.land|land|,trample-green-1,2.75,10,walked_into_shield,,,land
mirror-shade,tide-siege,w0h0l-,58,true,false,injected,2,play|probe.water|water|,long-flow-2,12.75,play|disrupt.land|land|,filth-spread-1,1,11.75,walked_into_shield,,,land
mirror-shade,tide-siege,w0h0l-,59,false,false,injected,2,play|probe.water|water|,long-flow-2,12.75,play|probe.land|land|,trample-green-1,0.75,12,walked_into_shield,,,land
mirror-shade,tide-siege,w0h0l-,60,true,true,injected,2,play|probe.water|water|,long-flow-1,12.75,play|probe.land|land|,trample-green-3,2.75,10,walked_into_shield,,,land
mirror-shade,tide-siege,w0h0l-,61,true,false,injected,2,play|probe.heat|heat|,open-chill-1,12.75,play|disrupt.land|land|,filth-spread-1,1,11.75,walked_into_shield,,,land
mirror-shade,tide-siege,w0h0l-,62,true,false,injected,2,play|probe.heat|heat|,open-chill-1,13.5,play|breach.land|land|,no-green-left-1,8.75,4.75,walked_into_shield,,,land
mirror-shade,tide-siege,w0h0l-,63,true,false,injected,2,play|probe.heat|heat|,open-chill-2,12.75,play|probe.land|land|,trample-green-3,0.75,12,walked_into_shield,,,land
mirror-shade,tide-siege,w0h0l-,64,false,false,injected,2,play|probe.water|water|,long-flow-1,12.75,play|probe.land|land|,trample-green-2,2.75,10,walked_into_shield,,,land
mirror-shade,tide-siege,w0h0l-,65,false,false,injected,2,play|breach.water|water|,spend-tide-1,20.75,play|probe.land|land|,trample-green-3,3.5,17.25,walked_into_shield,,,land
mirror-shade,tide-siege,w0h0l-,66,true,true,injected,4,play|disrupt.land|land|,filth-spread-1,10.25,play|probe.heat|heat|,open-chill-2,-3.5,13.75,missed_interrupt,repair,land,
mirror-shade,tide-siege,w0h0l-,67,false,true,injected,2,play|probe.water|water|,long-flow-1,12.75,play|probe.land|land|,trample-green-2,2.75,10,walked_into_shield,,,land
mirror-shade,tide-siege,w0h0l-,68,true,false,injected,3,play|breach.heat|heat|,hundred-smoke-1,21.25,play|probe.land|land|,trample-green-1,3,18.25,walked_into_shield,,,land
mirror-shade,tide-siege,w0h0l-,69,true,false,injected,2,play|probe.water|water|,long-flow-1,12.75,play|probe.land|land|,trample-green-2,2.75,10,walked_into_shield,,,land
mirror-shade,tide-siege,w0h0l-,70,true,true,injected,3,play|breach.water|water|,spend-tide-1,20.25,play|probe.heat|heat|,open-chill-3,3,17.25,walked_into_shield,,,heat
mirror-shade,tide-siege,w0h0l-,71,true,false,injected,2,play|probe.water|water|,long-flow-2,12.75,play|probe.land|land|,trample-green-3,0.75,12,walked_into_shield,,,land
mirror-shade,tide-siege,w0h0l-,72,true,false,injected,2,play|breach.heat|heat|,hundred-smoke-1,21.75,play|probe.land|land|,trample-green-2,3.5,18.25,walked_into_shield,,,land
mirror-shade,tide-siege,w0h0l-,73,true,false,injected,2,play|breach.heat|heat|,hundred-smoke-1,21.75,play|breach.land|land|,no-green-left-1,8.75,13,walked_into_shield,,,land
mirror-shade,tide-siege,w0h0l-,74,true,false,injected,2,play|breach.heat|heat|,hundred-smoke-1,21.75,play|probe.land|land|,trample-green-1,3.5,18.25,walked_into_shield,,,land
mirror-shade,tide-siege,w0h0l-,75,true,true,injected,3,play|breach.water|water|,spend-tide-1,20.25,play|probe.land|land|,trample-green-3,3,17.25,walked_into_shield,,,land
mirror-shade,tide-siege,w0h0l-,76,false,false,injected,3,play|breach.land|land|,no-green-left-1,22.25,play|probe.water|water|,long-flow-1,-0.5,22.75,walked_into_shield,,,water
mirror-shade,tide-siege,w0h0l-,77,false,false,injected,2,play|breach.water|water|,tide-siege-1,20.75,play|breach.land|land|,no-green-left-1,8.75,12,walked_into_shield,,,land
mirror-shade,tide-siege,w0h0l-,78,true,true,injected,2,play|breach.heat|heat|,hundred-smoke-1,21.75,play|breach.land|land|,no-green-left-1,8.75,13,walked_into_shield,,,land
mirror-shade,tide-siege,w0h0l-,79,false,false,injected,2,play|probe.water|water|,long-flow-2,12.75,play|probe.land|land|,trample-green-3,2.75,10,walked_into_shield,,,land
mirror-shade,tide-siege,w0h0l-,80,false,false,injected,2,play|breach.heat|heat|,hundred-smoke-1,21.75,play|breach.land|land|,no-green-left-1,8.75,13,walked_into_shield,,,land
mirror-shade,tide-siege,w0h0l-,81,false,false,injected,2,play|probe.heat|heat|,open-chill-3,12.75,play|disrupt.land|land|,filth-spread-1,1,11.75,walked_into_shield,,,land
mirror-shade,tide-siege,w0h0l-,82,true,false,injected,3,play|breach.heat|heat|,hundred-smoke-1,24.25,play|probe.land|land|,trample-green-3,3,21.25,walked_into_shield,,,land
mirror-shade,tide-siege,w0h0l-,83,true,false,injected,2,play|probe.heat|heat|,open-chill-3,13.5,play|breach.land|land|,no-green-left-1,8.75,4.75,walked_into_shield,,,land
mirror-shade,tide-siege,w0h0l-,84,true,true,injected,4,play|disrupt.land|land|,filth-spread-1,13.25,play|probe.land|land|,trample-green-2,-1.5,14.75,missed_interrupt,repair,land,
mirror-shade,tide-siege,w0h0l-,85,false,false,injected,2,play|probe.water|water|,long-flow-2,12.75,play|probe.land|land|,trample-green-2,0.75,12,walked_into_shield,,,land
mirror-shade,tide-siege,w0h0l-,86,false,false,injected,2,play|probe.water|water|,long-flow-2,12.75,play|probe.land|land|,trample-green-2,0.75,12,walked_into_shield,,,land
mirror-shade,tide-siege,w0h0l-,87,true,false,injected,2,play|probe.water|water|,long-flow-1,12.75,play|probe.land|land|,trample-green-2,2.75,10,walked_into_shield,,,land
mirror-shade,tide-siege,w0h0l-,88,false,false,injected,2,play|probe.water|water|,long-flow-2,12.75,play|probe.land|land|,trample-green-1,2.75,10,walked_into_shield,,,land
mirror-shade,tide-siege,w0h0l-,89,true,true,injected,3,play|breach.land|land|,no-green-left-1,24.25,play|probe.water|water|,long-flow-2,3,21.25,walked_into_shield,,,water
mirror-shade,tide-siege,w0h0l-,90,true,false,injected,2,play|probe.water|water|,long-flow-1,12.75,play|probe.land|land|,trample-green-2,2.75,10,walked_into_shield,,,land
mirror-shade,tide-siege,w0h0l-,91,false,false,injected,2,play|disrupt.water|water|,foul-current-1,7,play|probe.land|land|,trample-green-2,2.75,4.25,walked_into_shield,,,land
mirror-shade,tide-siege,w0h0l-,92,true,false,injected,3,play|probe.land|land|,trample-green-2,14,play|breach.water|water|,tide-siege-1,2.25,11.75,walked_into_shield,,,water
mirror-shade,tide-siege,w0h0l-,93,true,false,injected,3,play|probe.land|land|,trample-green-2,14,play|probe.water|water|,long-flow-1,-0.5,14.5,walked_into_shield,,,water
mirror-shade,tide-siege,w0h0l-,94,false,false,injected,2,play|probe.water|water|,long-flow-2,12.75,play|probe.land|land|,trample-green-3,2.75,10,walked_into_shield,,,land
mirror-shade,tide-siege,w0h0l-,95,false,false,injected,2,play|probe.heat|heat|,open-chill-2,12.75,play|probe.land|land|,trample-green-3,2.75,10,walked_into_shield,,,land
mirror-shade,tide-siege,w0h0l-,96,true,false,injected,4,play|disrupt.land|land|,filth-spread-1,11.25,play|probe.land|land|,trample-green-2,-4.5,15.75,missed_interrupt,repair,land,
mirror-shade,tide-siege,w0h0l-,97,true,false,injected,2,play|probe.water|water|,long-flow-1,12.75,play|probe.land|land|,trample-green-2,0.75,12,walked_into_shield,,,land
mirror-shade,tide-siege,w0h0l-,98,true,false,injected,2,play|probe.water|water|,long-flow-1,12.75,play|probe.land|land|,trample-green-3,2.75,10,walked_into_shield,,,land
mirror-shade,tide-siege,w0h0l-,99,true,true,injected,2,play|probe.water|water|,long-flow-1,12.75,play|probe.land|land|,trample-green-1,2.75,10,walked_into_shield,,,land
mirror-shade,tide-siege,w0h0l-,100,false,false,injected,3,play|breach.heat|heat|,hundred-smoke-1,24.25,play|probe.land|land|,trample-green-1,3,21.25,walked_into_shield,,,land
mirror-shade,tide-siege,w0h0l+,1,true,true,injected,2,play|breach.water|water|,spend-tide-1,20.75,play|probe.land|land|,trample-green-2,3.5,17.25,walked_into_shield,,,land
mirror-shade,tide-siege,w0h0l+,2,false,false,injected,2,play|probe.water|water|,long-flow-2,12.75,play|disrupt.land|land|,filth-spread-1,1,11.75,walked_into_shield,,,land
mirror-shade,tide-siege,w0h0l+,3,false,false,injected,4,play|probe.heat|heat|,open-chill-2,-3.5,play|probe.water|water|,long-flow-2,-17,13.5,walked_into_shield,,,water
mirror-shade,tide-siege,w0h0l+,4,false,false,injected,3,play|breach.heat|heat|,hundred-smoke-1,24.25,play|probe.land|land|,trample-green-1,3,21.25,walked_into_shield,,,land
mirror-shade,tide-siege,w0h0l+,5,false,false,injected,4,play|probe.heat|heat|,open-chill-1,-3.5,play|probe.water|water|,long-flow-1,-17,13.5,walked_into_shield,,,water
mirror-shade,tide-siege,w0h0l+,6,true,false,injected,2,play|probe.water|water|,long-flow-2,12.75,play|probe.land|land|,trample-green-3,2.75,10,walked_into_shield,,,land
mirror-shade,tide-siege,w0h0l+,7,true,false,injected,3,play|breach.water|water|,spend-tide-1,20.25,play|probe.land|land|,trample-green-1,3,17.25,walked_into_shield,,,land
mirror-shade,tide-siege,w0h0l+,8,true,false,injected,2,play|probe.water|water|,long-flow-1,12.75,play|probe.land|land|,trample-green-3,2.75,10,walked_into_shield,,,land
mirror-shade,tide-siege,w0h0l+,9,true,false,injected,3,play|breach.heat|heat|,hundred-smoke-1,24.25,play|probe.land|land|,trample-green-2,3,21.25,walked_into_shield,,,land
mirror-shade,tide-siege,w0h0l+,10,true,false,injected,2,play|probe.heat|heat|,open-chill-1,12.75,play|disrupt.land|land|,filth-spread-1,1,11.75,walked_into_shield,,,land
mirror-shade,tide-siege,w0h0l+,11,true,true,injected,4,play|disrupt.land|land|,filth-spread-1,10.25,play|gather||gather,,-15.75,26,missed_interrupt,repair,land,
mirror-shade,tide-siege,w0h0l+,12,true,false,injected,2,play|probe.water|water|,long-flow-1,12.75,play|disrupt.land|land|,filth-spread-1,1,11.75,walked_into_shield,,,land
mirror-shade,tide-siege,w0h0l+,13,true,false,injected,3,play|breach.land|land|,no-green-left-1,25.25,play|disrupt.heat|heat|,idle-fume-1,1.25,24,walked_into_shield,,,heat
mirror-shade,tide-siege,w0h0l+,14,false,false,injected,2,play|probe.water|water|,long-flow-2,12.75,play|probe.land|land|,trample-green-2,1.75,11,walked_into_shield,,,land
mirror-shade,tide-siege,w0h0l+,15,true,true,injected,2,play|breach.heat|heat|,hundred-smoke-1,21.75,play|breach.land|land|,no-green-left-1,9.75,12,walked_into_shield,,,land
mirror-shade,tide-siege,w0h0l+,16,false,false,injected,2,play|probe.heat|heat|,open-chill-3,12.75,play|probe.land|land|,trample-green-1,2.75,10,walked_into_shield,,,land
mirror-shade,tide-siege,w0h0l+,17,true,false,injected,3,play|breach.heat|heat|,hundred-smoke-1,24.25,play|probe.land|land|,trample-green-1,3,21.25,walked_into_shield,,,land
mirror-shade,tide-siege,w0h0l+,18,true,false,injected,3,play|breach.land|land|,no-green-left-1,25.25,play|breach.water|water|,spend-tide-1,2.25,23,walked_into_shield,,,water
mirror-shade,tide-siege,w0h0l+,19,true,false,injected,2,play|probe.water|water|,long-flow-2,12.75,play|probe.land|land|,trample-green-2,2.75,10,walked_into_shield,,,land
mirror-shade,tide-siege,w0h0l+,20,true,false,injected,2,play|breach.water|water|,spend-tide-1,20.75,play|breach.land|land|,no-green-left-1,9.75,11,walked_into_shield,,,land
mirror-shade,tide-siege,w0h0l+,21,true,false,injected,2,play|breach.heat|heat|,hundred-smoke-1,21.75,play|probe.land|land|,trample-green-3,3.5,18.25,walked_into_shield,,,land
mirror-shade,tide-siege,w0h0l+,22,false,true,injected,2,play|breach.water|water|,tide-siege-1,20.75,play|breach.land|land|,no-green-left-1,9.75,11,walked_into_shield,,,land
mirror-shade,tide-siege,w0h0l+,23,false,false,injected,2,play|breach.heat|heat|,hundred-smoke-1,21.75,play|probe.land|land|,trample-green-3,3.5,18.25,walked_into_shield,,,land
mirror-shade,tide-siege,w0h0l+,24,true,true,injected,4,play|breach.heat|heat|,hundred-smoke-1,3.5,play|probe.water|water|,long-flow-1,-16.25,19.75,walked_into_shield,,,water
mirror-shade,tide-siege,w0h0l+,25,true,false,injected,2,play|breach.heat|heat|,hundred-smoke-1,21.75,play|breach.land|land|,no-green-left-1,9.75,12,walked_into_shield,,,land
mirror-shade,tide-siege,w0h0l+,26,true,false,injected,2,play|breach.water|water|,tide-siege-1,20.75,play|breach.land|land|,no-green-left-1,9.75,11,walked_into_shield,,,land
mirror-shade,tide-siege,w0h0l+,27,true,true,injected,5,play|probe.land|land|,trample-green-1,15.75,play|probe.heat|heat|,open-chill-3,1.25,14.5,walked_into_shield,,,heat
mirror-shade,tide-siege,w0h0l+,28,false,false,injected,2,play|probe.water|water|,long-flow-1,12.75,play|disrupt.land|land|,filth-spread-1,1,11.75,walked_into_shield,,,land
mirror-shade,tide-siege,w0h0l+,29,true,false,injected,2,play|breach.water|water|,tide-siege-1,20.75,play|probe.land|land|,trample-green-1,3.5,17.25,walked_into_shield,,,land
mirror-shade,tide-siege,w0h0l+,30,true,false,injected,2,play|breach.water|water|,spend-tide-1,20.75,play|probe.land|land|,trample-green-1,3.5,17.25,walked_into_shield,,,land
mirror-shade,tide-siege,w0h0l+,31,true,false,injected,2,play|breach.heat|heat|,hundred-smoke-1,21.75,play|probe.land|land|,trample-green-3,3.5,18.25,walked_into_shield,,,land
mirror-shade,tide-siege,w0h0l+,32,true,false,injected,2,play|breach.water|water|,tide-siege-1,20.75,play|probe.land|land|,trample-green-2,3.5,17.25,walked_into_shield,,,land
mirror-shade,tide-siege,w0h0l+,33,true,true,injected,2,play|probe.water|water|,long-flow-2,12.75,play|probe.land|land|,trample-green-3,2.75,10,walked_into_shield,,,land
mirror-shade,tide-siege,w0h0l+,34,true,true,injected,2,play|probe.water|water|,long-flow-2,12.75,play|probe.land|land|,trample-green-2,2.75,10,walked_into_shield,,,land
mirror-shade,tide-siege,w0h0l+,35,true,false,injected,2,play|probe.heat|heat|,open-chill-1,13.5,play|breach.land|land|,no-green-left-1,9.75,3.75,walked_into_shield,,,land
mirror-shade,tide-siege,w0h0l+,36,true,false,injected,2,play|probe.water|water|,long-flow-1,12.75,play|probe.land|land|,trample-green-2,1.75,11,walked_into_shield,,,land
mirror-shade,tide-siege,w0h0l+,37,true,true,injected,4,play|probe.land|land|,trample-green-1,-0.5,play|probe.water|water|,long-flow-1,-15.5,15,walked_into_shield,,,water
mirror-shade,tide-siege,w0h0l+,38,true,false,injected,2,play|probe.water|water|,long-flow-1,12.75,play|probe.land|land|,trample-green-3,2.75,10,walked_into_shield,,,land
mirror-shade,tide-siege,w0h0l+,39,false,false,injected,4,play|probe.land|land|,trample-green-2,-0.5,play|disrupt.heat|heat|,idle-fume-1,-17.25,16.75,walked_into_shield,,,heat
mirror-shade,tide-siege,w0h0l+,40,true,true,injected,3,play|breach.heat|heat|,hundred-smoke-1,23.25,play|probe.water|water|,long-flow-1,-0.5,23.75,walked_into_shield,,,water
mirror-shade,tide-siege,w0h0l+,41,true,false,injected,2,play|probe.water|water|,long-flow-2,12.75,play|disrupt.land|land|,filth-spread-1,1,11.75,walked_into_shield,,,land
mirror-shade,tide-siege,w0h0l+,42,true,true,injected,2,play|probe.water|water|,long-flow-1,12.75,play|probe.land|land|,trample-green-2,2.75,10,walked_into_shield,,,land
mirror-shade,tide-siege,w0h0l+,43,true,true,injected,2,play|probe.water|water|,long-flow-2,12.75,play|probe.land|land|,trample-green-2,1.75,11,walked_into_shield,,,land
mirror-shade,tide-siege,w0h0l+,44,true,true,injected,3,play|probe.land|land|,trample-green-2,15,play|probe.water|water|,long-flow-1,-0.5,15.5,walked_into_shield,,,water
mirror-shade,tide-siege,w0h0l+,45,true,false,injected,2,play|probe.heat|heat|,open-chill-2,12.75,play|probe.land|land|,trample-green-1,2.75,10,walked_into_shield,,,land
mirror-shade,tide-siege,w0h0l+,46,true,true,injected,2,play|probe.water|water|,long-flow-2,12.75,play|disrupt.land|land|,filth-spread-1,1,11.75,walked_into_shield,,,land
mirror-shade,tide-siege,w0h0l+,47,true,false,injected,4,play|disrupt.land|land|,filth-spread-1,10.25,play|probe.heat|heat|,open-chill-1,-3.5,13.75,missed_interrupt,repair,land,
mirror-shade,tide-siege,w0h0l+,48,true,true,injected,2,play|probe.water|water|,long-flow-1,12.75,play|probe.land|land|,trample-green-1,2.75,10,walked_into_shield,,,land
mirror-shade,tide-siege,w0h0l+,49,true,false,injected,2,play|probe.water|water|,long-flow-1,12.75,play|disrupt.land|land|,filth-spread-1,1,11.75,walked_into_shield,,,land
mirror-shade,tide-siege,w0h0l+,50,false,false,injected,2,play|probe.water|water|,long-flow-2,12.75,play|probe.land|land|,trample-green-2,2.75,10,walked_into_shield,,,land
mirror-shade,tide-siege,w0h0l+,51,true,true,injected,2,play|breach.heat|heat|,hundred-smoke-1,21.75,play|probe.land|land|,trample-green-3,3.5,18.25,walked_into_shield,,,land
mirror-shade,tide-siege,w0h0l+,52,false,false,injected,2,play|breach.heat|heat|,hundred-smoke-1,21.75,play|disrupt.land|land|,filth-spread-1,1.75,20,walked_into_shield,,,land
mirror-shade,tide-siege,w0h0l+,53,true,false,injected,3,play|breach.heat|heat|,hundred-smoke-1,24.25,play|probe.land|land|,trample-green-1,3,21.25,walked_into_shield,,,land
mirror-shade,tide-siege,w0h0l+,54,true,false,injected,2,play|probe.water|water|,long-flow-2,12.75,play|probe.land|land|,trample-green-2,1.75,11,walked_into_shield,,,land
mirror-shade,tide-siege,w0h0l+,55,true,false,injected,2,play|probe.water|water|,long-flow-1,12.75,play|disrupt.land|land|,filth-spread-1,1,11.75,walked_into_shield,,,land
mirror-shade,tide-siege,w0h0l+,56,false,false,injected,2,play|probe.water|water|,long-flow-1,12.75,play|probe.land|land|,trample-green-2,2.75,10,walked_into_shield,,,land
mirror-shade,tide-siege,w0h0l+,57,true,true,injected,2,play|probe.heat|heat|,open-chill-1,12.75,play|probe.land|land|,trample-green-1,2.75,10,walked_into_shield,,,land
mirror-shade,tide-siege,w0h0l+,58,true,false,injected,2,play|probe.water|water|,long-flow-2,12.75,play|disrupt.land|land|,filth-spread-1,1,11.75,walked_into_shield,,,land
mirror-shade,tide-siege,w0h0l+,59,false,false,injected,2,play|probe.water|water|,long-flow-2,12.75,play|probe.land|land|,trample-green-1,1.75,11,walked_into_shield,,,land
mirror-shade,tide-siege,w0h0l+,60,true,true,injected,2,play|probe.water|water|,long-flow-1,12.75,play|probe.land|land|,trample-green-3,2.75,10,walked_into_shield,,,land
mirror-shade,tide-siege,w0h0l+,61,true,false,injected,2,play|probe.heat|heat|,open-chill-1,12.75,play|disrupt.land|land|,filth-spread-1,1,11.75,walked_into_shield,,,land
mirror-shade,tide-siege,w0h0l+,62,true,false,injected,2,play|probe.heat|heat|,open-chill-1,13.5,play|breach.land|land|,no-green-left-1,9.75,3.75,walked_into_shield,,,land
mirror-shade,tide-siege,w0h0l+,63,true,false,injected,2,play|probe.heat|heat|,open-chill-2,12.75,play|probe.land|land|,trample-green-3,1.75,11,walked_into_shield,,,land
mirror-shade,tide-siege,w0h0l+,64,false,false,injected,2,play|probe.water|water|,long-flow-1,12.75,play|probe.land|land|,trample-green-2,2.75,10,walked_into_shield,,,land
mirror-shade,tide-siege,w0h0l+,65,false,true,injected,2,play|breach.water|water|,spend-tide-1,20.75,play|probe.land|land|,trample-green-3,3.5,17.25,walked_into_shield,,,land
mirror-shade,tide-siege,w0h0l+,66,true,true,injected,4,play|disrupt.land|land|,filth-spread-1,10.25,play|probe.heat|heat|,open-chill-2,-3.5,13.75,missed_interrupt,repair,land,
mirror-shade,tide-siege,w0h0l+,67,false,true,injected,2,play|probe.water|water|,long-flow-1,12.75,play|probe.land|land|,trample-green-2,2.75,10,walked_into_shield,,,land
mirror-shade,tide-siege,w0h0l+,68,true,false,injected,3,play|breach.heat|heat|,hundred-smoke-1,21.25,play|probe.land|land|,trample-green-1,3,18.25,walked_into_shield,,,land
mirror-shade,tide-siege,w0h0l+,69,true,false,injected,2,play|probe.water|water|,long-flow-1,12.75,play|probe.land|land|,trample-green-2,2.75,10,walked_into_shield,,,land
mirror-shade,tide-siege,w0h0l+,70,true,true,injected,3,play|breach.water|water|,spend-tide-1,20.25,play|probe.heat|heat|,open-chill-3,3,17.25,walked_into_shield,,,heat
mirror-shade,tide-siege,w0h0l+,71,true,false,injected,2,play|probe.water|water|,long-flow-2,12.75,play|probe.land|land|,trample-green-3,1.75,11,walked_into_shield,,,land
mirror-shade,tide-siege,w0h0l+,72,true,false,injected,2,play|breach.heat|heat|,hundred-smoke-1,21.75,play|probe.land|land|,trample-green-2,3.5,18.25,walked_into_shield,,,land
mirror-shade,tide-siege,w0h0l+,73,true,false,injected,2,play|breach.heat|heat|,hundred-smoke-1,21.75,play|breach.land|land|,no-green-left-1,9.75,12,walked_into_shield,,,land
mirror-shade,tide-siege,w0h0l+,74,true,false,injected,2,play|breach.heat|heat|,hundred-smoke-1,21.75,play|probe.land|land|,trample-green-1,3.5,18.25,walked_into_shield,,,land
mirror-shade,tide-siege,w0h0l+,75,true,true,injected,3,play|breach.water|water|,spend-tide-1,20.25,play|probe.land|land|,trample-green-3,3,17.25,walked_into_shield,,,land
mirror-shade,tide-siege,w0h0l+,76,true,false,injected,3,play|breach.land|land|,no-green-left-1,23.25,play|probe.water|water|,long-flow-1,-0.5,23.75,walked_into_shield,,,water
mirror-shade,tide-siege,w0h0l+,77,false,true,injected,2,play|breach.water|water|,tide-siege-1,20.75,play|breach.land|land|,no-green-left-1,9.75,11,walked_into_shield,,,land
mirror-shade,tide-siege,w0h0l+,78,true,true,injected,2,play|breach.heat|heat|,hundred-smoke-1,21.75,play|breach.land|land|,no-green-left-1,9.75,12,walked_into_shield,,,land
mirror-shade,tide-siege,w0h0l+,79,false,false,injected,2,play|probe.water|water|,long-flow-2,12.75,play|probe.land|land|,trample-green-3,2.75,10,walked_into_shield,,,land
mirror-shade,tide-siege,w0h0l+,80,false,true,injected,2,play|breach.heat|heat|,hundred-smoke-1,21.75,play|breach.land|land|,no-green-left-1,9.75,12,walked_into_shield,,,land
mirror-shade,tide-siege,w0h0l+,81,false,false,injected,2,play|probe.heat|heat|,open-chill-3,12.75,play|disrupt.land|land|,filth-spread-1,1,11.75,walked_into_shield,,,land
mirror-shade,tide-siege,w0h0l+,82,true,false,injected,3,play|breach.heat|heat|,hundred-smoke-1,24.25,play|probe.land|land|,trample-green-3,3,21.25,walked_into_shield,,,land
mirror-shade,tide-siege,w0h0l+,83,true,false,injected,2,play|probe.heat|heat|,open-chill-3,13.5,play|breach.land|land|,no-green-left-1,9.75,3.75,walked_into_shield,,,land
mirror-shade,tide-siege,w0h0l+,84,true,true,injected,4,play|disrupt.land|land|,filth-spread-1,14.25,play|probe.land|land|,trample-green-2,-0.5,14.75,missed_interrupt,repair,land,
mirror-shade,tide-siege,w0h0l+,85,true,true,injected,2,play|probe.water|water|,long-flow-2,12.75,play|probe.land|land|,trample-green-2,1.75,11,walked_into_shield,,,land
mirror-shade,tide-siege,w0h0l+,86,false,false,injected,2,play|probe.water|water|,long-flow-2,12.75,play|probe.land|land|,trample-green-2,1.75,11,walked_into_shield,,,land
mirror-shade,tide-siege,w0h0l+,87,true,false,injected,2,play|probe.water|water|,long-flow-1,12.75,play|probe.land|land|,trample-green-2,2.75,10,walked_into_shield,,,land
mirror-shade,tide-siege,w0h0l+,88,true,false,injected,2,play|probe.water|water|,long-flow-2,12.75,play|probe.land|land|,trample-green-1,2.75,10,walked_into_shield,,,land
mirror-shade,tide-siege,w0h0l+,89,true,true,injected,3,play|breach.land|land|,no-green-left-1,25.25,play|probe.water|water|,long-flow-2,3,22.25,walked_into_shield,,,water
mirror-shade,tide-siege,w0h0l+,90,true,false,injected,2,play|probe.water|water|,long-flow-1,12.75,play|probe.land|land|,trample-green-2,2.75,10,walked_into_shield,,,land
mirror-shade,tide-siege,w0h0l+,91,false,false,injected,2,play|disrupt.water|water|,foul-current-1,7,play|probe.land|land|,trample-green-2,1.75,5.25,walked_into_shield,,,land
mirror-shade,tide-siege,w0h0l+,92,true,false,injected,3,play|probe.land|land|,trample-green-2,15,play|breach.water|water|,tide-siege-1,2.25,12.75,walked_into_shield,,,water
mirror-shade,tide-siege,w0h0l+,93,true,false,injected,3,play|probe.land|land|,trample-green-2,15,play|probe.water|water|,long-flow-1,-0.5,15.5,walked_into_shield,,,water
mirror-shade,tide-siege,w0h0l+,94,false,false,injected,2,play|probe.water|water|,long-flow-2,12.75,play|probe.land|land|,trample-green-3,2.75,10,walked_into_shield,,,land
mirror-shade,tide-siege,w0h0l+,95,false,false,injected,2,play|probe.heat|heat|,open-chill-2,12.75,play|probe.land|land|,trample-green-3,2.75,10,walked_into_shield,,,land
mirror-shade,tide-siege,w0h0l+,96,true,false,injected,4,play|disrupt.land|land|,filth-spread-1,12.25,play|probe.land|land|,trample-green-2,-3.5,15.75,missed_interrupt,repair,land,
mirror-shade,tide-siege,w0h0l+,97,true,false,injected,2,play|probe.water|water|,long-flow-1,12.75,play|probe.land|land|,trample-green-2,1.75,11,walked_into_shield,,,land
mirror-shade,tide-siege,w0h0l+,98,true,false,injected,2,play|probe.water|water|,long-flow-1,12.75,play|probe.land|land|,trample-green-3,2.75,10,walked_into_shield,,,land
mirror-shade,tide-siege,w0h0l+,99,true,true,injected,2,play|probe.water|water|,long-flow-1,12.75,play|probe.land|land|,trample-green-1,2.75,10,walked_into_shield,,,land
mirror-shade,tide-siege,w0h0l+,100,false,false,injected,3,play|breach.heat|heat|,hundred-smoke-1,24.25,play|probe.land|land|,trample-green-1,3,21.25,walked_into_shield,,,land
mirror-shade,smoke-screen,w0h0l0,1,true,false,injected,2,play|probe.water|water|,long-flow-3,12.75,play|probe.land|land|,trample-green-2,2.75,10,walked_into_shield,,,land
mirror-shade,smoke-screen,w0h0l0,2,false,false,injected,2,play|breach.heat|heat|,hundred-smoke-1,21.75,play|disrupt.land|land|,filth-spread-1,1.75,20,walked_into_shield,,,land
mirror-shade,smoke-screen,w0h0l0,3,true,false,injected,3,play|breach.land|land|,no-green-left-1,25,play|breach.water|water|,spend-tide-1,3,22,walked_into_shield,,,water
mirror-shade,smoke-screen,w0h0l0,4,false,false,injected,3,play|breach.heat|heat|,hundred-smoke-1,24.25,play|probe.land|land|,trample-green-1,3,21.25,walked_into_shield,,,land
mirror-shade,smoke-screen,w0h0l0,5,true,false,injected,2,play|breach.heat|heat|,hundred-smoke-1,21.75,play|breach.land|land|,no-green-left-1,9.75,12,walked_into_shield,,,land
mirror-shade,smoke-screen,w0h0l0,6,false,false,injected,2,play|probe.heat|heat|,open-chill-1,12.75,play|probe.land|land|,trample-green-3,2.75,10,walked_into_shield,,,land
mirror-shade,smoke-screen,w0h0l0,7,true,false,injected,3,play|breach.water|water|,spend-tide-1,20.25,play|probe.land|land|,trample-green-1,3,17.25,walked_into_shield,,,land
mirror-shade,smoke-screen,w0h0l0,8,false,false,injected,2,play|breach.heat|heat|,hundred-smoke-1,21.75,play|probe.land|land|,trample-green-3,3.5,18.25,walked_into_shield,,,land
mirror-shade,smoke-screen,w0h0l0,9,true,false,injected,3,play|breach.heat|heat|,hundred-smoke-1,24.25,play|probe.land|land|,trample-green-2,3,21.25,walked_into_shield,,,land
mirror-shade,smoke-screen,w0h0l0,10,false,false,injected,2,play|probe.water|water|,long-flow-3,12.75,play|disrupt.land|land|,filth-spread-1,1,11.75,walked_into_shield,,,land
mirror-shade,smoke-screen,w0h0l0,11,true,true,injected,2,play|breach.water|water|,spend-tide-1,20.75,play|breach.land|land|,no-green-left-1,9.75,11,walked_into_shield,,,land
mirror-shade,smoke-screen,w0h0l0,12,true,false,injected,2,play|breach.water|water|,spend-tide-1,20.75,play|probe.land|land|,trample-green-2,3.5,17.25,walked_into_shield,,,land
mirror-shade,smoke-screen,w0h0l0,13,true,false,injected,3,play|breach.water|water|,spend-tide-1,20.25,play|disrupt.heat|heat|,idle-fume-1,1.25,19,walked_into_shield,,,heat
mirror-shade,smoke-screen,w0h0l0,14,false,false,injected,2,play|probe.water|water|,long-flow-2,12.75,play|probe.land|land|,trample-green-2,0.75,12,walked_into_shield,,,land
mirror-shade,smoke-screen,w0h0l0,15,true,false,injected,4,play|disrupt.land|land|,filth-spread-1,10.25,play|probe.heat|heat|,open-chill-2,-3.5,13.75,missed_interrupt,repair,land,
mirror-shade,smoke-screen,w0h0l0,16,false,false,injected,2,play|probe.water|water|,long-flow-3,12.75,play|disrupt.land|land|,filth-spread-1,1,11.75,walked_into_shield,,,land
mirror-shade,smoke-screen,w0h0l0,17,true,false,injected,3,play|breach.heat|heat|,hundred-smoke-1,24.25,play|probe.land|land|,trample-green-1,3,21.25,walked_into_shield,,,land
mirror-shade,smoke-screen,w0h0l0,18,true,true,injected,3,play|breach.land|land|,no-green-left-1,24.25,play|breach.water|water|,spend-tide-1,2.25,22,walked_into_shield,,,water
mirror-shade,smoke-screen,w0h0l0,19,false,false,injected,2,play|breach.heat|heat|,hundred-smoke-1,21.75,play|probe.land|land|,trample-green-2,3.5,18.25,walked_into_shield,,,land
mirror-shade,smoke-screen,w0h0l0,20,true,false,injected,2,play|probe.heat|heat|,open-chill-1,13.5,play|breach.land|land|,no-green-left-1,9.75,3.75,walked_into_shield,,,land
mirror-shade,smoke-screen,w0h0l0,21,true,false,injected,2,play|probe.water|water|,long-flow-2,12.75,play|probe.land|land|,trample-green-3,2.75,10,walked_into_shield,,,land
mirror-shade,smoke-screen,w0h0l0,22,true,true,injected,2,play|probe.heat|heat|,open-chill-2,13.5,play|breach.land|land|,no-green-left-1,9.75,3.75,walked_into_shield,,,land
mirror-shade,smoke-screen,w0h0l0,23,false,false,injected,2,play|probe.water|water|,long-flow-1,12.75,play|probe.land|land|,trample-green-3,2.75,10,walked_into_shield,,,land
mirror-shade,smoke-screen,w0h0l0,24,true,false,injected,4,play|disrupt.land|land|,filth-spread-1,10.25,play|probe.heat|heat|,open-chill-1,-3.5,13.75,missed_interrupt,repair,land,
mirror-shade,smoke-screen,w0h0l0,25,false,false,injected,3,play|breach.heat|heat|,hundred-smoke-1,23.25,play|probe.water|water|,long-flow-3,-0.5,23.75,walked_into_shield,,,water
mirror-shade,smoke-screen,w0h0l0,26,true,true,injected,2,play|probe.heat|heat|,open-chill-1,13.5,play|breach.land|land|,no-green-left-1,9.75,3.75,walked_into_shield,,,land
mirror-shade,smoke-screen,w0h0l0,27,true,false,injected,3,play|breach.land|land|,no-green-left-1,24.25,play|disrupt.heat|heat|,idle-fume-1,1.25,23,walked_into_shield,,,heat
mirror-shade,smoke-screen,w0h0l0,28,true,false,injected,2,play|probe.heat|heat|,open-chill-1,13.5,play|breach.land|land|,no-green-left-1,9.75,3.75,walked_into_shield,,,land
mirror-shade,smoke-screen,w0h0l0,29,false,false,injected,2,play|probe.water|water|,long-flow-2,12.75,play|probe.land|land|,trample-green-1,2.75,10,walked_into_shield,,,land
mirror-shade,smoke-screen,w0h0l0,30,true,true,injected,2,play|probe.heat|heat|,open-chill-1,13.5,play|probe.land|land|,trample-green-1,3.5,10,walked_into_shield,,,land
mirror-shade,smoke-screen,w0h0l0,31,true,false,injected,2,play|breach.heat|heat|,hundred-smoke-1,21.75,play|probe.land|land|,trample-green-3,3.5,18.25,walked_into_shield,,,land
mirror-shade,smoke-screen,w0h0l0,32,true,false,injected,2,play|probe.water|water|,long-flow-1,12.75,play|probe.land|land|,trample-green-2,2.75,10,walked_into_shield,,,land
mirror-shade,smoke-screen,w0h0l0,33,false,false,injected,2,play|probe.water|water|,long-flow-2,12.75,play|probe.land|land|,trample-green-3,2.75,10,walked_into_shield,,,land
mirror-shade,smoke-screen,w0h0l0,34,true,true,injected,2,play|probe.water|water|,long-flow-2,12.75,play|probe.land|land|,trample-green-2,2.75,10,walked_into_shield,,,land
mirror-shade,smoke-screen,w0h0l0,35,true,false,injected,2,play|breach.water|water|,spend-tide-1,20.75,play|breach.land|land|,no-green-left-1,9.75,11,walked_into_shield,,,land
mirror-shade,smoke-screen,w0h0l0,36,true,false,injected,3,play|breach.water|water|,spend-tide-1,20.25,play|probe.land|land|,trample-green-2,3,17.25,walked_into_shield,,,land
mirror-shade,smoke-screen,w0h0l0,37,true,true,injected,4,play|probe.land|land|,trample-green-1,-0.5,play|probe.water|water|,long-flow-1,-15.5,15,walked_into_shield,,,water
mirror-shade,smoke-screen,w0h0l0,38,true,true,injected,2,play|probe.heat|heat|,open-chill-2,13.5,play|breach.land|land|,no-green-left-1,9.75,3.75,walked_into_shield,,,land
mirror-shade,smoke-screen,w0h0l0,39,true,false,injected,5,play|probe.land|land|,trample-green-1,12.25,play|probe.water|water|,long-flow-1,2.75,9.5,walked_into_shield,,,water
mirror-shade,smoke-screen,w0h0l0,40,true,true,injected,4,play|disrupt.land|land|,filth-spread-1,10.25,play|probe.land|land|,trample-green-3,-5.5,15.75,missed_interrupt,repair,land,
mirror-shade,smoke-screen,w0h0l0,41,true,false,injected,2,play|breach.water|water|,spend-tide-1,20.75,play|disrupt.land|land|,filth-spread-1,1.75,19,walked_into_shield,,,land
mirror-shade,smoke-screen,w0h0l0,42,true,true,injected,2,play|breach.heat|heat|,hundred-smoke-1,21.75,play|probe.land|land|,trample-green-2,3.5,18.25,walked_into_shield,,,land
mirror-shade,smoke-screen,w0h0l0,43,true,false,injected,2,play|probe.water|water|,long-flow-2,12.75,play|probe.land|land|,trample-green-2,0.75,12,walked_into_shield,,,land
mirror-shade,smoke-screen,w0h0l0,44,true,false,injected,2,play|probe.water|water|,long-flow-3,12.75,play|disrupt.land|land|,filth-spread-1,1,11.75,walked_into_shield,,,land
mirror-shade,smoke-screen,w0h0l0,45,true,false,injected,2,play|probe.heat|heat|,open-chill-1,12.75,play|probe.land|land|,trample-green-1,2.75,10,walked_into_shield,,,land
mirror-shade,smoke-screen,w0h0l0,46,true,false,injected,2,play|probe.water|water|,long-flow-2,12.75,play|disrupt.land|land|,filth-spread-1,1,11.75,walked_into_shield,,,land
mirror-shade,smoke-screen,w0h0l0,47,true,true,injected,3,play|breach.land|land|,no-green-left-1,24.25,play|breach.water|water|,spend-tide-1,2.25,22,walked_into_shield,,,water
mirror-shade,smoke-screen,w0h0l0,48,true,true,injected,2,play|probe.water|water|,long-flow-3,12.75,play|probe.land|land|,trample-green-1,2.75,10,walked_into_shield,,,land
mirror-shade,smoke-screen,w0h0l0,49,true,false,injected,2,play|probe.water|water|,long-flow-1,12.75,play|disrupt.land|land|,filth-spread-1,1,11.75,walked_into_shield,,,land
mirror-shade,smoke-screen,w0h0l0,50,true,false,injected,2,play|breach.heat|heat|,hundred-smoke-1,21.75,play|probe.land|land|,trample-green-2,3.5,18.25,walked_into_shield,,,land
mirror-shade,smoke-screen,w0h0l0,51,true,true,injected,2,play|probe.water|water|,long-flow-1,12.75,play|probe.land|land|,trample-green-3,2.75,10,walked_into_shield,,,land
mirror-shade,smoke-screen,w0h0l0,52,false,false,injected,2,play|breach.heat|heat|,hundred-smoke-1,21.75,play|disrupt.land|land|,filth-spread-1,1.75,20,walked_into_shield,,,land
mirror-shade,smoke-screen,w0h0l0,53,true,true,injected,2,play|probe.water|water|,long-flow-3,12.75,play|probe.land|land|,trample-green-1,0.75,12,walked_into_shield,,,land
mirror-shade,smoke-screen,w0h0l0,54,true,true,injected,2,play|probe.heat|heat|,open-chill-1,13.5,play|breach.land|land|,no-green-left-1,9.75,3.75,walked_into_shield,,,land
mirror-shade,smoke-screen,w0h0l0,55,true,true,injected,2,play|probe.heat|heat|,open-chill-2,13.5,play|disrupt.land|land|,filth-spread-1,1.75,11.75,walked_into_shield,,,land
mirror-shade,smoke-screen,w0h0l0,56,true,false,injected,2,play|probe.water|water|,long-flow-3,12.75,play|probe.land|land|,trample-green-2,2.75,10,walked_into_shield,,,land
mirror-shade,smoke-screen,w0h0l0,57,true,false,injected,2,play|probe.heat|heat|,open-chill-2,12.75,play|probe.land|land|,trample-green-1,2.75,10,walked_into_shield,,,land
mirror-shade,smoke-screen,w0h0l0,58,false,false,injected,2,play|probe.water|water|,long-flow-3,12.75,play|disrupt.land|land|,filth-spread-1,1,11.75,walked_into_shield,,,land
mirror-shade,smoke-screen,w0h0l0,59,true,false,injected,2,play|probe.water|water|,long-flow-1,12.75,play|probe.land|land|,trample-green-1,0.75,12,walked_into_shield,,,land
mirror-shade,smoke-screen,w0h0l0,60,true,true,injected,2,play|breach.heat|heat|,hundred-smoke-1,21.75,play|probe.land|land|,trample-green-3,3.5,18.25,walked_into_shield,,,land
mirror-shade,smoke-screen,w0h0l0,61,true,false,injected,2,play|probe.water|water|,long-flow-1,12.75,play|disrupt.land|land|,filth-spread-1,1,11.75,walked_into_shield,,,land
mirror-shade,smoke-screen,w0h0l0,62,false,false,injected,2,play|probe.heat|heat|,open-chill-2,13.5,play|breach.land|land|,no-green-left-1,9.75,3.75,walked_into_shield,,,land
mirror-shade,smoke-screen,w0h0l0,63,true,false,injected,2,play|probe.water|water|,long-flow-2,12.75,play|probe.land|land|,trample-green-3,0.75,12,walked_into_shield,,,land
mirror-shade,smoke-screen,w0h0l0,64,false,false,injected,2,play|probe.water|water|,long-flow-1,12.75,play|probe.land|land|,trample-green-2,2.75,10,walked_into_shield,,,land
mirror-shade,smoke-screen,w0h0l0,65,false,false,injected,2,play|probe.heat|heat|,open-chill-1,13.5,play|probe.land|land|,trample-green-3,3.5,10,walked_into_shield,,,land
mirror-shade,smoke-screen,w0h0l0,66,true,false,injected,2,play|breach.heat|heat|,hundred-smoke-1,21.75,play|breach.land|land|,no-green-left-1,9.75,12,walked_into_shield,,,land
mirror-shade,smoke-screen,w0h0l0,67,false,true,injected,2,play|breach.heat|heat|,hundred-smoke-1,21.75,play|probe.land|land|,trample-green-2,3.5,18.25,walked_into_shield,,,land
mirror-shade,smoke-screen,w0h0l0,68,true,false,injected,3,play|breach.heat|heat|,hundred-smoke-1,24.25,play|probe.land|land|,trample-green-1,3,21.25,walked_into_shield,,,land
mirror-shade,smoke-screen,w0h0l0,69,true,false,injected,2,play|probe.water|water|,long-flow-1,12.75,play|probe.land|land|,trample-green-2,2.75,10,walked_into_shield,,,land
mirror-shade,smoke-screen,w0h0l0,70,true,true,injected,3,play|breach.water|water|,spend-tide-1,20.25,play|probe.heat|heat|,open-chill-2,3,17.25,walked_into_shield,,,heat
mirror-shade,smoke-screen,w0h0l0,71,true,true,injected,2,play|probe.water|water|,long-flow-2,12.75,play|probe.land|land|,trample-green-3,0.75,12,walked_into_shield,,,land
mirror-shade,smoke-screen,w0h0l0,72,true,true,injected,2,play|breach.heat|heat|,hundred-smoke-1,21.75,play|probe.land|land|,trample-green-2,3.5,18.25,walked_into_shield,,,land
mirror-shade,smoke-screen,w0h0l0,73,true,false,injected,2,play|breach.heat|heat|,hundred-smoke-1,21.75,play|breach.land|land|,no-green-left-1,9.75,12,walked_into_shield,,,land
mirror-shade,smoke-screen,w0h0l0,74,true,true,injected,2,play|breach.heat|heat|,hundred-smoke-1,21.75,play|probe.land|land|,trample-green-1,3.5,18.25,walked_into_shield,,,land
mirror-shade,smoke-screen,w0h0l0,75,true,false,injected,3,play|breach.heat|heat|,hundred-smoke-1,24.25,play|probe.land|land|,trample-green-3,3,21.25,walked_into_shield,,,land
mirror-shade,smoke-screen,w0h0l0,76,false,false,injected,3,play|breach.land|land|,no-green-left-1,23.25,play|probe.water|water|,long-flow-1,-0.5,23.75,walked_into_shield,,,water
mirror-shade,smoke-screen,w0h0l0,77,true,false,injected,2,play|probe.heat|heat|,open-chill-1,13.5,play|breach.land|land|,no-green-left-1,9.75,3.75,walked_into_shield,,,land
mirror-shade,smoke-screen,w0h0l0,78,true,false,injected,2,play|breach.heat|heat|,hundred-smoke-1,21.75,play|breach.land|land|,no-green-left-1,9.75,12,walked_into_shield,,,land
mirror-shade,smoke-screen,w0h0l0,79,false,false,injected,2,play|breach.water|water|,spend-tide-1,20.75,play|probe.land|land|,trample-green-3,3.5,17.25,walked_into_shield,,,land
mirror-shade,smoke-screen,w0h0l0,80,false,false,injected,2,play|breach.heat|heat|,hundred-smoke-1,21.75,play|breach.land|land|,no-green-left-1,9.75,12,walked_into_shield,,,land
mirror-shade,smoke-screen,w0h0l0,81,false,false,injected,2,play|probe.water|water|,long-flow-3,12.75,play|disrupt.land|land|,filth-spread-1,1,11.75,walked_into_shield,,,land
mirror-shade,smoke-screen,w0h0l0,82,true,false,injected,3,play|breach.heat|heat|,hundred-smoke-1,24.25,play|probe.land|land|,trample-green-3,3,21.25,walked_into_shield,,,land
mirror-shade,smoke-screen,w0h0l0,83,true,false,injected,2,play|probe.heat|heat|,open-chill-2,13.5,play|breach.land|land|,no-green-left-1,9.75,3.75,walked_into_shield,,,land
mirror-shade,smoke-screen,w0h0l0,84,true,true,injected,4,play|probe.land|land|,trample-green-2,-0.5,play|probe.water|water|,long-flow-3,-15.5,15,walked_into_shield,,,water
mirror-shade,smoke-screen,w0h0l0,85,false,false,injected,2,play|breach.water|water|,spend-tide-1,20.75,play|breach.land|land|,no-green-left-1,9.75,11,walked_into_shield,,,land
mirror-shade,smoke-screen,w0h0l0,86,false,false,injected,2,play|disrupt.heat|heat|,smoke-screen-1,7,play|probe.land|land|,trample-green-2,0.75,6.25,walked_into_shield,,,land
mirror-shade,smoke-screen,w0h0l0,87,true,true,injected,2,play|probe.heat|heat|,open-chill-2,13.5,play|probe.land|land|,trample-green-2,3.5,10,walked_into_shield,,,land
mirror-shade,smoke-screen,w0h0l0,88,false,false,injected,2,play|probe.water|water|,long-flow-3,12.75,play|probe.land|land|,trample-green-1,2.75,10,walked_into_shield,,,land
mirror-shade,smoke-screen,w0h0l0,89,true,true,injected,2,play|breach.water|water|,spend-tide-1,20.75,play|breach.land|land|,no-green-left-1,9.75,11,walked_into_shield,,,land
mirror-shade,smoke-screen,w0h0l0,90,false,false,injected,2,play|probe.heat|heat|,open-chill-2,13.5,play|breach.land|land|,no-green-left-1,9.75,3.75,walked_into_shield,,,land
mirror-shade,smoke-screen,w0h0l0,91,false,false,injected,2,play|disrupt.water|water|,foul-current-1,7,play|probe.land|land|,trample-green-2,0.75,6.25,walked_into_shield,,,land
mirror-shade,smoke-screen,w0h0l0,92,true,false,injected,3,play|probe.land|land|,trample-green-2,15,play|probe.water|water|,long-flow-2,3,12,walked_into_shield,,,water
mirror-shade,smoke-screen,w0h0l0,93,true,false,injected,3,play|probe.land|land|,trample-green-2,15,play|probe.water|water|,long-flow-3,-0.5,15.5,walked_into_shield,,,water
mirror-shade,smoke-screen,w0h0l0,94,true,false,injected,2,play|probe.water|water|,long-flow-1,12.75,play|probe.land|land|,trample-green-3,2.75,10,walked_into_shield,,,land
mirror-shade,smoke-screen,w0h0l0,95,true,false,injected,2,play|breach.heat|heat|,hundred-smoke-1,21.75,play|probe.land|land|,trample-green-3,3.5,18.25,walked_into_shield,,,land
mirror-shade,smoke-screen,w0h0l0,96,true,true,injected,3,play|breach.heat|heat|,hundred-smoke-1,23.25,play|probe.water|water|,long-flow-3,-0.5,23.75,walked_into_shield,,,water
mirror-shade,smoke-screen,w0h0l0,97,true,false,injected,2,play|probe.water|water|,long-flow-1,12.75,play|probe.land|land|,trample-green-2,0.75,12,walked_into_shield,,,land
mirror-shade,smoke-screen,w0h0l0,98,true,true,injected,2,play|probe.water|water|,long-flow-1,12.75,play|probe.land|land|,trample-green-3,2.75,10,walked_into_shield,,,land
mirror-shade,smoke-screen,w0h0l0,99,true,true,injected,2,play|breach.heat|heat|,hundred-smoke-1,21.75,play|probe.land|land|,trample-green-1,3.5,18.25,walked_into_shield,,,land
mirror-shade,smoke-screen,w0h0l0,100,false,false,injected,3,play|breach.heat|heat|,hundred-smoke-1,24.25,play|probe.land|land|,trample-green-1,3,21.25,walked_into_shield,,,land
mirror-shade,smoke-screen,w-h-l-,1,true,false,injected,2,play|probe.water|water|,long-flow-3,12.75,play|probe.land|land|,trample-green-2,2.75,10,walked_into_shield,,,land
mirror-shade,smoke-screen,w-h-l-,2,false,false,injected,2,play|breach.heat|heat|,hundred-smoke-1,20.75,play|disrupt.land|land|,filth-spread-1,1.75,19,walked_into_shield,,,land
mirror-shade,smoke-screen,w-h-l-,3,true,false,injected,3,play|breach.land|land|,no-green-left-1,25,play|breach.water|water|,spend-tide-1,3,22,walked_into_shield,,,water
mirror-shade,smoke-screen,w-h-l-,4,false,false,injected,3,play|breach.heat|heat|,hundred-smoke-1,24.25,play|probe.land|land|,trample-green-1,3,21.25,walked_into_shield,,,land
mirror-shade,smoke-screen,w-h-l-,5,false,false,injected,2,play|breach.water|water|,spend-tide-1,20.75,play|breach.land|land|,no-green-left-1,8.75,12,walked_into_shield,,,land
mirror-shade,smoke-screen,w-h-l-,6,false,false,injected,2,play|probe.heat|heat|,open-chill-1,11.75,play|probe.land|land|,trample-green-3,2.75,9,walked_into_shield,,,land
mirror-shade,smoke-screen,w-h-l-,7,true,false,injected,3,play|breach.water|water|,spend-tide-1,20.25,play|probe.land|land|,trample-green-1,3,17.25,walked_into_shield,,,land
mirror-shade,smoke-screen,w-h-l-,8,false,false,injected,2,play|breach.heat|heat|,hundred-smoke-1,20.75,play|probe.land|land|,trample-green-3,3.5,17.25,walked_into_shield,,,land
mirror-shade,smoke-screen,w-h-l-,9,true,false,injected,3,play|breach.heat|heat|,hundred-smoke-1,24.25,play|probe.land|land|,trample-green-2,3,21.25,walked_into_shield,,,land
mirror-shade,smoke-screen,w-h-l-,10,false,false,injected,2,play|probe.water|water|,long-flow-3,12.75,play|disrupt.land|land|,filth-spread-1,1,11.75,walked_into_shield,,,land
mirror-shade,smoke-screen,w-h-l-,11,true,true,injected,2,play|breach.water|water|,spend-tide-1,20.75,play|breach.land|land|,no-green-left-1,8.75,12,walked_into_shield,,,land
mirror-shade,smoke-screen,w-h-l-,12,true,false,injected,2,play|breach.water|water|,spend-tide-1,20.75,play|probe.land|land|,trample-green-2,3.5,17.25,walked_into_shield,,,land
mirror-shade,smoke-screen,w-h-l-,13,true,false,injected,3,play|breach.water|water|,spend-tide-1,20.25,play|disrupt.heat|heat|,idle-fume-1,1.25,19,walked_into_shield,,,heat
mirror-shade,smoke-screen,w-h-l-,14,false,false,injected,2,play|probe.water|water|,long-flow-2,12.75,play|probe.land|land|,trample-green-2,0.75,12,walked_into_shield,,,land
mirror-shade,smoke-screen,w-h-l-,15,true,false,injected,4,play|disrupt.land|land|,filth-spread-1,10.25,play|probe.heat|heat|,open-chill-2,-4.5,14.75,missed_interrupt,repair,land,
mirror-shade,smoke-screen,w-h-l-,16,false,false,injected,2,play|probe.water|water|,long-flow-3,12.75,play|disrupt.land|land|,filth-spread-1,1,11.75,walked_into_shield,,,land
mirror-shade,smoke-screen,w-h-l-,17,true,false,injected,3,play|breach.heat|heat|,hundred-smoke-1,24.25,play|probe.land|land|,trample-green-1,3,21.25,walked_into_shield,,,land
mirror-shade,smoke-screen,w-h-l-,18,true,true,injected,3,play|breach.land|land|,no-green-left-1,24.25,play|breach.water|water|,spend-tide-1,2.25,22,walked_into_shield,,,water
mirror-shade,smoke-screen,w-h-l-,19,false,false,injected,2,play|breach.heat|heat|,hundred-smoke-1,20.75,play|probe.land|land|,trample-green-2,3.5,17.25,walked_into_shield,,,land
mirror-shade,smoke-screen,w-h-l-,20,true,false,injected,2,play|probe.heat|heat|,open-chill-1,12.5,play|breach.land|land|,no-green-left-1,8.75,3.75,walked_into_shield,,,land
mirror-shade,smoke-screen,w-h-l-,21,true,false,injected,2,play|probe.water|water|,long-flow-2,12.75,play|probe.land|land|,trample-green-3,2.75,10,walked_into_shield,,,land
mirror-shade,smoke-screen,w-h-l-,22,true,true,injected,2,play|probe.heat|heat|,open-chill-2,12.5,play|breach.land|land|,no-green-left-1,8.75,3.75,walked_into_shield,,,land
mirror-shade,smoke-screen,w-h-l-,23,false,false,injected,2,play|probe.water|water|,long-flow-1,12.75,play|probe.land|land|,trample-green-3,2.75,10,walked_into_shield,,,land
mirror-shade,smoke-screen,w-h-l-,24,true,false,injected,4,play|disrupt.land|land|,filth-spread-1,10.25,play|probe.heat|heat|,open-chill-1,-4.5,14.75,missed_interrupt,repair,land,
mirror-shade,smoke-screen,w-h-l-,25,false,false,injected,3,play|breach.heat|heat|,hundred-smoke-1,22.25,play|probe.water|water|,long-flow-3,-0.5,22.75,walked_into_shield,,,water
mirror-shade,smoke-screen,w-h-l-,26,true,true,injected,2,play|probe.heat|heat|,open-chill-1,12.5,play|breach.land|land|,no-green-left-1,8.75,3.75,walked_into_shield,,,land
mirror-shade,smoke-screen,w-h-l-,27,true,false,injected,3,play|breach.land|land|,no-green-left-1,24.25,play|disrupt.heat|heat|,idle-fume-1,1.25,23,walked_into_shield,,,heat
mirror-shade,smoke-screen,w-h-l-,28,true,false,injected,2,play|probe.heat|heat|,open-chill-1,12.5,play|breach.land|land|,no-green-left-1,8.75,3.75,walked_into_shield,,,land
mirror-shade,smoke-screen,w-h-l-,29,false,false,injected,2,play|probe.water|water|,long-flow-2,12.75,play|probe.land|land|,trample-green-1,2.75,10,walked_into_shield,,,land
mirror-shade,smoke-screen,w-h-l-,30,true,true,injected,2,play|probe.heat|heat|,open-chill-1,12.5,play|probe.land|land|,trample-green-1,3.5,9,walked_into_shield,,,land
mirror-shade,smoke-screen,w-h-l-,31,true,false,injected,2,play|breach.heat|heat|,hundred-smoke-1,20.75,play|probe.land|land|,trample-green-3,3.5,17.25,walked_into_shield,,,land
mirror-shade,smoke-screen,w-h-l-,32,false,false,injected,2,play|probe.water|water|,long-flow-1,12.75,play|probe.land|land|,trample-green-2,2.75,10,walked_into_shield,,,land
mirror-shade,smoke-screen,w-h-l-,33,false,false,injected,2,play|probe.water|water|,long-flow-2,12.75,play|probe.land|land|,trample-green-3,2.75,10,walked_into_shield,,,land
mirror-shade,smoke-screen,w-h-l-,34,true,true,injected,2,play|probe.water|water|,long-flow-2,12.75,play|probe.land|land|,trample-green-2,2.75,10,walked_into_shield,,,land
mirror-shade,smoke-screen,w-h-l-,35,false,false,injected,2,play|breach.water|water|,spend-tide-1,20.75,play|breach.land|land|,no-green-left-1,8.75,12,walked_into_shield,,,land
mirror-shade,smoke-screen,w-h-l-,36,true,false,injected,3,play|breach.water|water|,spend-tide-1,20.25,play|probe.land|land|,trample-green-2,3,17.25,walked_into_shield,,,land
mirror-shade,smoke-screen,w-h-l-,37,true,true,injected,4,play|probe.land|land|,trample-green-1,-1.5,play|probe.water|water|,long-flow-1,-15.5,14,walked_into_shield,,,water
mirror-shade,smoke-screen,w-h-l-,38,true,false,injected,2,play|probe.heat|heat|,open-chill-2,12.5,play|breach.land|land|,no-green-left-1,8.75,3.75,walked_into_shield,,,land
mirror-shade,smoke-screen,w-h-l-,39,true,false,injected,5,play|probe.land|land|,trample-green-1,12.25,play|probe.water|water|,long-flow-1,2.75,9.5,walked_into_shield,,,water
mirror-shade,smoke-screen,w-h-l-,40,true,false,injected,4,play|disrupt.land|land|,filth-spread-1,10.25,play|probe.land|land|,trample-green-3,-5.5,15.75,missed_interrupt,repair,land,
mirror-shade,smoke-screen,w-h-l-,41,true,false,injected,2,play|breach.water|water|,spend-tide-1,20.75,play|disrupt.land|land|,filth-spread-1,1.75,19,walked_into_shield,,,land
mirror-shade,smoke-screen,w-h-l-,42,true,true,injected,2,play|breach.heat|heat|,hundred-smoke-1,20.75,play|probe.land|land|,trample-green-2,3.5,17.25,walked_into_shield,,,land
mirror-shade,smoke-screen,w-h-l-,43,true,false,injected,2,play|probe.water|water|,long-flow-2,12.75,play|probe.land|land|,trample-green-2,0.75,12,walked_into_shield,,,land
mirror-shade,smoke-screen,w-h-l-,44,true,false,injected,2,play|probe.water|water|,long-flow-3,12.75,play|disrupt.land|land|,filth-spread-1,1,11.75,walked_into_shield,,,land
mirror-shade,smoke-screen,w-h-l-,45,true,false,injected,2,play|probe.heat|heat|,open-chill-1,12.75,play|probe.land|land|,trample-green-1,2.75,10,walked_into_shield,,,land
mirror-shade,smoke-screen,w-h-l-,46,true,false,injected,2,play|probe.water|water|,long-flow-2,12.75,play|disrupt.land|land|,filth-spread-1,1,11.75,walked_into_shield,,,land
mirror-shade,smoke-screen,w-h-l-,47,true,true,injected,3,play|breach.land|land|,no-green-left-1,24.25,play|breach.water|water|,spend-tide-1,2.25,22,walked_into_shield,,,water
mirror-shade,smoke-screen,w-h-l-,48,true,true,injected,2,play|probe.water|water|,long-flow-3,12.75,play|probe.land|land|,trample-green-1,2.75,10,walked_into_shield,,,land
mirror-shade,smoke-screen,w-h-l-,49,false,false,injected,2,play|probe.water|water|,long-flow-1,12.75,play|disrupt.land|land|,filth-spread-1,1,11.75,walked_into_shield,,,land
mirror-shade,smoke-screen,w-h-l-,50,true,false,injected,2,play|breach.heat|heat|,hundred-smoke-1,20.75,play|probe.land|land|,trample-green-2,3.5,17.25,walked_into_shield,,,land
mirror-shade,smoke-screen,w-h-l-,51,true,true,injected,2,play|probe.water|water|,long-flow-1,12.75,play|probe.land|land|,trample-green-3,2.75,10,walked_into_shield,,,land
mirror-shade,smoke-screen,w-h-l-,52,false,false,injected,2,play|breach.heat|heat|,hundred-smoke-1,20.75,play|disrupt.land|land|,filth-spread-1,1.75,19,walked_into_shield,,,land
mirror-shade,smoke-screen,w-h-l-,53,true,true,injected,2,play|probe.water|water|,long-flow-3,12.75,play|probe.land|land|,trample-green-1,0.75,12,walked_into_shield,,,land
mirror-shade,smoke-screen,w-h-l-,54,true,true,injected,2,play|probe.heat|heat|,open-chill-1,12.5,play|breach.land|land|,no-green-left-1,8.75,3.75,walked_into_shield,,,land
mirror-shade,smoke-screen,w-h-l-,55,true,true,injected,2,play|probe.heat|heat|,open-chill-2,12.5,play|disrupt.land|land|,filth-spread-1,1.75,10.75,walked_into_shield,,,land
mirror-shade,smoke-screen,w-h-l-,56,true,false,injected,2,play|probe.water|water|,long-flow-3,12.75,play|probe.land|land|,trample-green-2,2.75,10,walked_into_shield,,,land
mirror-shade,smoke-screen,w-h-l-,57,true,false,injected,2,play|probe.heat|heat|,open-chill-2,12.75,play|probe.land|land|,trample-green-1,2.75,10,walked_into_shield,,,land
mirror-shade,smoke-screen,w-h-l-,58,false,false,injected,2,play|probe.water|water|,long-flow-3,12.75,play|disrupt.land|land|,filth-spread-1,1,11.75,walked_into_shield,,,land
mirror-shade,smoke-screen,w-h-l-,59,true,false,injected,2,play|probe.water|water|,long-flow-1,12.75,play|probe.land|land|,trample-green-1,2.75,10,walked_into_shield,,,land
mirror-shade,smoke-screen,w-h-l-,60,true,true,injected,2,play|breach.heat|heat|,hundred-smoke-1,20.75,play|probe.land|land|,trample-green-3,3.5,17.25,walked_into_shield,,,land
mirror-shade,smoke-screen,w-h-l-,61,true,false,injected,2,play|probe.water|water|,long-flow-1,12.75,play|disrupt.land|land|,filth-spread-1,1,11.75,walked_into_shield,,,land
mirror-shade,smoke-screen,w-h-l-,62,false,false,injected,2,play|probe.heat|heat|,open-chill-2,12.5,play|breach.land|land|,no-green-left-1,8.75,3.75,walked_into_shield,,,land
mirror-shade,smoke-screen,w-h-l-,63,true,false,injected,2,play|probe.water|water|,long-flow-2,12.75,play|probe.land|land|,trample-green-3,0.75,12,walked_into_shield,,,land
mirror-shade,smoke-screen,w-h-l-,64,false,false,injected,2,play|probe.water|water|,long-flow-1,12.75,play|probe.land|land|,trample-green-2,2.75,10,walked_into_shield,,,land
mirror-shade,smoke-screen,w-h-l-,65,false,false,injected,2,play|probe.heat|heat|,open-chill-1,12.5,play|probe.land|land|,trample-green-3,3.5,9,walked_into_shield,,,land
mirror-shade,smoke-screen,w-h-l-,66,true,false,injected,2,play|breach.heat|heat|,hundred-smoke-1,20.75,play|breach.land|land|,no-green-left-1,8.75,12,walked_into_shield,,,land
mirror-shade,smoke-screen,w-h-l-,67,false,true,injected,2,play|breach.heat|heat|,hundred-smoke-1,20.75,play|probe.land|land|,trample-green-2,3.5,17.25,walked_into_shield,,,land
mirror-shade,smoke-screen,w-h-l-,68,true,false,injected,3,play|breach.heat|heat|,hundred-smoke-1,24.25,play|probe.land|land|,trample-green-1,3,21.25,walked_into_shield,,,land
mirror-shade,smoke-screen,w-h-l-,69,true,false,injected,2,play|probe.water|water|,long-flow-1,12.75,play|probe.land|land|,trample-green-2,2.75,10,walked_into_shield,,,land
mirror-shade,smoke-screen,w-h-l-,70,true,false,injected,3,play|breach.water|water|,spend-tide-1,20.25,play|probe.heat|heat|,open-chill-2,3,17.25,walked_into_shield,,,heat
mirror-shade,smoke-screen,w-h-l-,71,true,true,injected,2,play|probe.water|water|,long-flow-2,12.75,play|probe.land|land|,trample-green-3,0.75,12,walked_into_shield,,,land
mirror-shade,smoke-screen,w-h-l-,72,true,true,injected,2,play|breach.heat|heat|,hundred-smoke-1,20.75,play|probe.land|land|,trample-green-2,3.5,17.25,walked_into_shield,,,land
mirror-shade,smoke-screen,w-h-l-,73,true,false,injected,2,play|breach.heat|heat|,hundred-smoke-1,20.75,play|breach.land|land|,no-green-left-1,8.75,12,walked_into_shield,,,land
mirror-shade,smoke-screen,w-h-l-,74,true,true,injected,2,play|breach.heat|heat|,hundred-smoke-1,20.75,play|probe.land|land|,trample-green-1,3.5,17.25,walked_into_shield,,,land
mirror-shade,smoke-screen,w-h-l-,75,true,false,injected,3,play|breach.heat|heat|,hundred-smoke-1,24.25,play|probe.land|land|,trample-green-3,3,21.25,walked_into_shield,,,land
mirror-shade,smoke-screen,w-h-l-,76,false,false,injected,3,play|breach.land|land|,no-green-left-1,22.25,play|probe.water|water|,long-flow-1,-0.5,22.75,walked_into_shield,,,water
mirror-shade,smoke-screen,w-h-l-,77,true,false,injected,2,play|probe.heat|heat|,open-chill-1,12.5,play|breach.land|land|,no-green-left-1,8.75,3.75,walked_into_shield,,,land
mirror-shade,smoke-screen,w-h-l-,78,true,false,injected,2,play|breach.heat|heat|,hundred-smoke-1,20.75,play|breach.land|land|,no-green-left-1,8.75,12,walked_into_shield,,,land
mirror-shade,smoke-screen,w-h-l-,79,false,false,injected,2,play|breach.water|water|,spend-tide-1,20.75,play|probe.land|land|,trample-green-3,3.5,17.25,walked_into_shield,,,land
mirror-shade,smoke-screen,w-h-l-,80,true,false,injected,2,play|breach.heat|heat|,hundred-smoke-1,20.75,play|breach.land|land|,no-green-left-1,8.75,12,walked_into_shield,,,land
mirror-shade,smoke-screen,w-h-l-,81,false,false,injected,2,play|probe.water|water|,long-flow-3,12.75,play|disrupt.land|land|,filth-spread-1,1,11.75,walked_into_shield,,,land
mirror-shade,smoke-screen,w-h-l-,82,true,false,injected,3,play|breach.heat|heat|,hundred-smoke-1,24.25,play|probe.land|land|,trample-green-3,3,21.25,walked_into_shield,,,land
mirror-shade,smoke-screen,w-h-l-,83,true,false,injected,2,play|probe.heat|heat|,open-chill-2,12.5,play|breach.land|land|,no-green-left-1,8.75,3.75,walked_into_shield,,,land
mirror-shade,smoke-screen,w-h-l-,84,true,true,injected,4,play|probe.land|land|,trample-green-2,-1.5,play|probe.water|water|,long-flow-3,-15.5,14,walked_into_shield,,,water
mirror-shade,smoke-screen,w-h-l-,85,false,false,injected,2,play|breach.water|water|,spend-tide-1,20.75,play|breach.land|land|,no-green-left-1,8.75,12,walked_into_shield,,,land
mirror-shade,smoke-screen,w-h-l-,86,false,false,injected,2,play|disrupt.water|water|,foul-current-1,10.5,play|disrupt.heat|heat|,smoke-screen-1,7,3.5,missed_interrupt,shield,water,
mirror-shade,smoke-screen,w-h-l-,87,true,true,injected,2,play|probe.heat|heat|,open-chill-2,12.5,play|probe.land|land|,trample-green-2,3.5,9,walked_into_shield,,,land
mirror-shade,smoke-screen,w-h-l-,88,false,false,injected,2,play|probe.water|water|,long-flow-3,12.75,play|probe.land|land|,trample-green-1,2.75,10,walked_into_shield,,,land
mirror-shade,smoke-screen,w-h-l-,89,true,true,injected,2,play|breach.water|water|,spend-tide-1,20.75,play|breach.land|land|,no-green-left-1,8.75,12,walked_into_shield,,,land
mirror-shade,smoke-screen,w-h-l-,90,false,false,injected,2,play|probe.heat|heat|,open-chill-2,12.5,play|breach.land|land|,no-green-left-1,8.75,3.75,walked_into_shield,,,land
mirror-shade,smoke-screen,w-h-l-,91,false,false,injected,2,play|disrupt.water|water|,foul-current-1,7,play|probe.land|land|,trample-green-2,0.75,6.25,walked_into_shield,,,land
mirror-shade,smoke-screen,w-h-l-,92,true,false,injected,3,play|probe.land|land|,trample-green-2,14,play|probe.water|water|,long-flow-2,3,11,walked_into_shield,,,water
mirror-shade,smoke-screen,w-h-l-,93,true,false,injected,3,play|probe.land|land|,trample-green-2,14,play|probe.water|water|,long-flow-3,-0.5,14.5,walked_into_shield,,,water
mirror-shade,smoke-screen,w-h-l-,94,true,false,injected,2,play|probe.water|water|,long-flow-1,12.75,play|probe.land|land|,trample-green-3,2.75,10,walked_into_shield,,,land
mirror-shade,smoke-screen,w-h-l-,95,true,false,injected,2,play|breach.heat|heat|,hundred-smoke-1,20.75,play|probe.land|land|,trample-green-3,3.5,17.25,walked_into_shield,,,land
mirror-shade,smoke-screen,w-h-l-,96,true,true,injected,3,play|breach.heat|heat|,hundred-smoke-1,22.25,play|probe.water|water|,long-flow-3,-0.5,22.75,walked_into_shield,,,water
mirror-shade,smoke-screen,w-h-l-,97,false,false,injected,2,play|probe.water|water|,long-flow-1,12.75,play|probe.land|land|,trample-green-2,0.75,12,walked_into_shield,,,land
mirror-shade,smoke-screen,w-h-l-,98,true,true,injected,2,play|probe.water|water|,long-flow-1,12.75,play|probe.land|land|,trample-green-3,2.75,10,walked_into_shield,,,land
mirror-shade,smoke-screen,w-h-l-,99,true,true,injected,2,play|breach.heat|heat|,hundred-smoke-1,20.75,play|probe.land|land|,trample-green-1,3.5,17.25,walked_into_shield,,,land
mirror-shade,smoke-screen,w-h-l-,100,false,false,injected,3,play|breach.heat|heat|,hundred-smoke-1,24.25,play|probe.land|land|,trample-green-1,3,21.25,walked_into_shield,,,land
mirror-shade,smoke-screen,w+h+l+,1,true,false,injected,2,play|probe.water|water|,long-flow-3,12.75,play|probe.land|land|,trample-green-2,2.75,10,walked_into_shield,,,land
mirror-shade,smoke-screen,w+h+l+,2,true,false,injected,2,play|breach.heat|heat|,hundred-smoke-1,21.75,play|disrupt.land|land|,filth-spread-1,1.75,20,walked_into_shield,,,land
mirror-shade,smoke-screen,w+h+l+,3,true,false,injected,3,play|breach.land|land|,no-green-left-1,26,play|breach.water|water|,spend-tide-1,3,23,walked_into_shield,,,water
mirror-shade,smoke-screen,w+h+l+,4,false,false,injected,3,play|breach.heat|heat|,hundred-smoke-1,25.25,play|probe.land|land|,trample-green-1,3,22.25,walked_into_shield,,,land
mirror-shade,smoke-screen,w+h+l+,5,true,false,injected,2,play|breach.heat|heat|,hundred-smoke-1,21.75,play|breach.land|land|,no-green-left-1,9.75,12,walked_into_shield,,,land
mirror-shade,smoke-screen,w+h+l+,6,true,false,injected,2,play|probe.heat|heat|,open-chill-1,13.75,play|probe.land|land|,trample-green-3,2.75,11,walked_into_shield,,,land
mirror-shade,smoke-screen,w+h+l+,7,true,false,injected,3,play|breach.water|water|,spend-tide-1,20.25,play|probe.land|land|,trample-green-1,3,17.25,walked_into_shield,,,land
mirror-shade,smoke-screen,w+h+l+,8,false,false,injected,2,play|breach.heat|heat|,hundred-smoke-1,21.75,play|probe.land|land|,trample-green-3,3.5,18.25,walked_into_shield,,,land
mirror-shade,smoke-screen,w+h+l+,9,true,false,injected,3,play|breach.heat|heat|,hundred-smoke-1,25.25,play|probe.land|land|,trample-green-2,3,22.25,walked_into_shield,,,land
mirror-shade,smoke-screen,w+h+l+,10,true,false,injected,2,play|probe.water|water|,long-flow-3,12.75,play|disrupt.land|land|,filth-spread-1,1,11.75,walked_into_shield,,,land
mirror-shade,smoke-screen,w+h+l+,11,true,true,injected,2,play|breach.water|water|,spend-tide-1,20.75,play|breach.land|land|,no-green-left-1,9.75,11,walked_into_shield,,,land
mirror-shade,smoke-screen,w+h+l+,12,true,false,injected,2,play|breach.water|water|,spend-tide-1,20.75,play|probe.land|land|,trample-green-2,3.5,17.25,walked_into_shield,,,land
mirror-shade,smoke-screen,w+h+l+,13,true,false,injected,4,play|probe.land|land|,trample-green-2,-3.5,play|probe.heat|heat|,open-chill-2,-17,13.5,walked_into_shield,,,heat
mirror-shade,smoke-screen,w+h+l+,14,true,false,injected,2,play|probe.water|water|,long-flow-2,12.75,play|probe.land|land|,trample-green-2,1.75,11,walked_into_shield,,,land
mirror-shade,smoke-screen,w+h+l+,15,true,true,injected,4,play|disrupt.land|land|,filth-spread-1,10.25,play|probe.heat|heat|,open-chill-2,-3.5,13.75,missed_interrupt,repair,land,
mirror-shade,smoke-screen,w+h+l+,16,false,false,injected,2,play|probe.heat|heat|,open-chill-2,13.75,play|disrupt.land|land|,filth-spread-1,1,12.75,walked_into_shield,,,land
mirror-shade,smoke-screen,w+h+l+,17,true,true,injected,3,play|breach.heat|heat|,hundred-smoke-1,25.25,play|probe.land|land|,trample-green-1,3,22.25,walked_into_shield,,,land
mirror-shade,smoke-screen,w+h+l+,18,true,true,injected,3,play|breach.land|land|,no-green-left-1,25.25,play|breach.water|water|,spend-tide-1,2.25,23,walked_into_shield,,,water
mirror-shade,smoke-screen,w+h+l+,19,true,false,injected,2,play|breach.heat|heat|,hundred-smoke-1,21.75,play|probe.land|land|,trample-green-2,3.5,18.25,walked_into_shield,,,land
mirror-shade,smoke-screen,w+h+l+,20,true,false,injected,2,play|probe.heat|heat|,open-chill-1,13.5,play|breach.land|land|,no-green-left-1,9.75,3.75,walked_into_shield,,,land
mirror-shade,smoke-screen,w+h+l+,21,true,false,injected,2,play|probe.water|water|,long-flow-2,12.75,play|probe.land|land|,trample-green-3,2.75,10,walked_into_shield,,,land
mirror-shade,smoke-screen,w+h+l+,22,true,true,injected,2,play|probe.heat|heat|,open-chill-2,13.5,play|breach.land|land|,no-green-left-1,9.75,3.75,walked_into_shield,,,land
mirror-shade,smoke-screen,w+h+l+,23,true,false,injected,2,play|probe.water|water|,long-flow-1,12.75,play|probe.land|land|,trample-green-3,2.75,10,walked_into_shield,,,land
mirror-shade,smoke-screen,w+h+l+,24,true,false,injected,4,play|disrupt.land|land|,filth-spread-1,10.25,play|probe.heat|heat|,open-chill-1,-3.5,13.75,missed_interrupt,repair,land,
mirror-shade,smoke-screen,w+h+l+,25,true,false,injected,3,play|breach.heat|heat|,hundred-smoke-1,23.25,play|probe.water|water|,long-flow-3,-0.5,23.75,walked_into_shield,,,water
mirror-shade,smoke-screen,w+h+l+,26,true,true,injected,2,play|probe.heat|heat|,open-chill-1,13.5,play|breach.land|land|,no-green-left-1,9.75,3.75,walked_into_shield,,,land
mirror-shade,smoke-screen,w+h+l+,27,true,true,injected,4,play|probe.water|water|,long-flow-1,-3.5,play|probe.heat|heat|,open-chill-2,-17,13.5,walked_into_shield,,,heat
mirror-shade,smoke-screen,w+h+l+,28,true,false,injected,2,play|probe.heat|heat|,open-chill-1,13.5,play|breach.land|land|,no-green-left-1,9.75,3.75,walked_into_shield,,,land
mirror-shade,smoke-screen,w+h+l+,29,false,false,injected,2,play|probe.water|water|,long-flow-2,12.75,play|probe.land|land|,trample-green-1,2.75,10,walked_into_shield,,,land
mirror-shade,smoke-screen,w+h+l+,30,true,true,injected,2,play|probe.heat|heat|,open-chill-1,13.5,play|probe.land|land|,trample-green-1,3.5,10,walked_into_shield,,,land
mirror-shade,smoke-screen,w+h+l+,31,true,true,injected,2,play|breach.heat|heat|,hundred-smoke-1,21.75,play|probe.land|land|,trample-green-3,3.5,18.25,walked_into_shield,,,land
mirror-shade,smoke-screen,w+h+l+,32,true,false,injected,2,play|probe.water|water|,long-flow-1,12.75,play|probe.land|land|,trample-green-2,2.75,10,walked_into_shield,,,land
mirror-shade,smoke-screen,w+h+l+,33,false,false,injected,2,play|probe.water|water|,long-flow-2,12.75,play|probe.land|land|,trample-green-3,2.75,10,walked_into_shield,,,land
mirror-shade,smoke-screen,w+h+l+,34,true,true,injected,2,play|probe.water|water|,long-flow-2,12.75,play|probe.land|land|,trample-green-2,2.75,10,walked_into_shield,,,land
mirror-shade,smoke-screen,w+h+l+,35,true,false,injected,2,play|breach.water|water|,spend-tide-1,20.75,play|breach.land|land|,no-green-left-1,9.75,11,walked_into_shield,,,land
mirror-shade,smoke-screen,w+h+l+,36,true,false,injected,3,play|breach.water|water|,spend-tide-1,20.25,play|probe.land|land|,trample-green-2,3,17.25,walked_into_shield,,,land
mirror-shade,smoke-screen,w+h+l+,37,true,true,injected,4,play|probe.land|land|,trample-green-1,-0.5,play|probe.water|water|,long-flow-1,-15.5,15,walked_into_shield,,,water
mirror-shade,smoke-screen,w+h+l+,38,true,true,injected,2,play|probe.heat|heat|,open-chill-2,13.5,play|breach.land|land|,no-green-left-1,9.75,3.75,walked_into_shield,,,land
mirror-shade,smoke-screen,w+h+l+,39,true,false,injected,5,play|probe.land|land|,trample-green-1,13.25,play|probe.water|water|,long-flow-1,2.75,10.5,walked_into_shield,,,water
mirror-shade,smoke-screen,w+h+l+,40,true,true,injected,4,play|disrupt.land|land|,filth-spread-1,10.25,play|probe.land|land|,trample-green-3,-4.5,14.75,missed_interrupt,repair,land,
mirror-shade,smoke-screen,w+h+l+,41,true,false,injected,2,play|breach.water|water|,spend-tide-1,20.75,play|disrupt.land|land|,filth-spread-1,1.75,19,walked_into_shield,,,land
mirror-shade,smoke-screen,w+h+l+,42,true,true,injected,2,play|breach.heat|heat|,hundred-smoke-1,21.75,play|probe.land|land|,trample-green-2,3.5,18.25,walked_into_shield,,,land
mirror-shade,smoke-screen,w+h+l+,43,true,false,injected,2,play|probe.water|water|,long-flow-2,12.75,play|probe.land|land|,trample-green-2,1.75,11,walked_into_shield,,,land
mirror-shade,smoke-screen,w+h+l+,44,true,false,injected,2,play|probe.water|water|,long-flow-3,12.75,play|disrupt.land|land|,filth-spread-1,1,11.75,walked_into_shield,,,land
mirror-shade,smoke-screen,w+h+l+,45,true,false,injected,2,play|probe.heat|heat|,open-chill-1,13.75,play|probe.land|land|,trample-green-1,2.75,11,walked_into_shield,,,land
mirror-shade,smoke-screen,w+h+l+,46,true,false,injected,2,play|probe.water|water|,long-flow-2,12.75,play|disrupt.land|land|,filth-spread-1,1,11.75,walked_into_shield,,,land
mirror-shade,smoke-screen,w+h+l+,47,true,true,injected,3,play|breach.land|land|,no-green-left-1,25.25,play|breach.water|water|,spend-tide-1,2.25,23,walked_into_shield,,,water
mirror-shade,smoke-screen,w+h+l+,48,true,true,injected,2,play|probe.water|water|,long-flow-3,12.75,play|probe.land|land|,trample-green-1,2.75,10,walked_into_shield,,,land
mirror-shade,smoke-screen,w+h+l+,49,true,false,injected,2,play|probe.water|water|,long-flow-1,12.75,play|disrupt.land|land|,filth-spread-1,1,11.75,walked_into_shield,,,land
mirror-shade,smoke-screen,w+h+l+,50,true,false,injected,2,play|breach.heat|heat|,hundred-smoke-1,21.75,play|probe.land|land|,trample-green-2,3.5,18.25,walked_into_shield,,,land
mirror-shade,smoke-screen,w+h+l+,51,true,true,injected,2,play|probe.water|water|,long-flow-1,12.75,play|probe.land|land|,trample-green-3,2.75,10,walked_into_shield,,,land
mirror-shade,smoke-screen,w+h+l+,52,true,false,injected,2,play|breach.heat|heat|,hundred-smoke-1,21.75,play|disrupt.land|land|,filth-spread-1,1.75,20,walked_into_shield,,,land
mirror-shade,smoke-screen,w+h+l+,53,true,true,injected,2,play|probe.water|water|,long-flow-3,12.75,play|probe.land|land|,trample-green-1,1.75,11,walked_into_shield,,,land
mirror-shade,smoke-screen,w+h+l+,54,true,true,injected,2,play|probe.heat|heat|,open-chill-1,13.5,play|breach.land|land|,no-green-left-1,9.75,3.75,walked_into_shield,,,land
mirror-shade,smoke-screen,w+h+l+,55,true,true,injected,2,play|probe.heat|heat|,open-chill-2,13.5,play|disrupt.land|land|,filth-spread-1,1.75,11.75,walked_into_shield,,,land
mirror-shade,smoke-screen,w+h+l+,56,true,false,injected,2,play|probe.water|water|,long-flow-3,12.75,play|probe.land|land|,trample-green-2,2.75,10,walked_into_shield,,,land
mirror-shade,smoke-screen,w+h+l+,57,true,false,injected,2,play|probe.heat|heat|,open-chill-2,13.75,play|probe.land|land|,trample-green-1,2.75,11,walked_into_shield,,,land
mirror-shade,smoke-screen,w+h+l+,58,false,false,injected,2,play|probe.water|water|,long-flow-3,12.75,play|disrupt.land|land|,filth-spread-1,1,11.75,walked_into_shield,,,land
mirror-shade,smoke-screen,w+h+l+,59,true,false,injected,2,play|probe.water|water|,long-flow-1,12.75,play|probe.land|land|,trample-green-1,1.75,11,walked_into_shield,,,land
mirror-shade,smoke-screen,w+h+l+,60,true,true,injected,2,play|breach.heat|heat|,hundred-smoke-1,21.75,play|probe.land|land|,trample-green-3,3.5,18.25,walked_into_shield,,,land
mirror-shade,smoke-screen,w+h+l+,61,true,false,injected,2,play|probe.water|water|,long-flow-1,12.75,play|disrupt.land|land|,filth-spread-1,1,11.75,walked_into_shield,,,land
mirror-shade,smoke-screen,w+h+l+,62,false,false,injected,2,play|probe.heat|heat|,open-chill-2,13.5,play|breach.land|land|,no-green-left-1,9.75,3.75,walked_into_shield,,,land
mirror-shade,smoke-screen,w+h+l+,63,true,false,injected,2,play|probe.water|water|,long-flow-2,12.75,play|probe.land|land|,trample-green-3,1.75,11,walked_into_shield,,,land
mirror-shade,smoke-screen,w+h+l+,64,false,false,injected,2,play|probe.water|water|,long-flow-1,12.75,play|probe.land|land|,trample-green-2,2.75,10,walked_into_shield,,,land
mirror-shade,smoke-screen,w+h+l+,65,true,false,injected,2,play|probe.heat|heat|,open-chill-1,13.5,play|probe.land|land|,trample-green-3,3.5,10,walked_into_shield,,,land
mirror-shade,smoke-screen,w+h+l+,66,true,true,injected,2,play|breach.heat|heat|,hundred-smoke-1,21.75,play|breach.land|land|,no-green-left-1,9.75,12,walked_into_shield,,,land
mirror-shade,smoke-screen,w+h+l+,67,true,true,injected,2,play|breach.heat|heat|,hundred-smoke-1,21.75,play|probe.land|land|,trample-green-2,3.5,18.25,walked_into_shield,,,land
mirror-shade,smoke-screen,w+h+l+,68,true,false,injected,3,play|breach.heat|heat|,hundred-smoke-1,25.25,play|probe.land|land|,trample-green-1,3,22.25,walked_into_shield,,,land
mirror-shade,smoke-screen,w+h+l+,69,true,true,injected,2,play|probe.water|water|,long-flow-1,12.75,play|probe.land|land|,trample-green-2,2.75,10,walked_into_shield,,,land
mirror-shade,smoke-screen,w+h+l+,70,true,true,injected,3,play|breach.water|water|,spend-tide-1,20.25,play|probe.heat|heat|,open-chill-2,3,17.25,walked_into_shield,,,heat
mirror-shade,smoke-screen,w+h+l+,71,true,true,injected,2,play|probe.water|water|,long-flow-2,12.75,play|probe.land|land|,trample-green-3,1.75,11,walked_into_shield,,,land
mirror-shade,smoke-screen,w+h+l+,72,true,true,injected,2,play|breach.heat|heat|,hundred-smoke-1,21.75,play|probe.land|land|,trample-green-2,3.5,18.25,walked_into_shield,,,land
mirror-shade,smoke-screen,w+h+l+,73,true,false,injected,2,play|breach.heat|heat|,hundred-smoke-1,21.75,play|breach.land|land|,no-green-left-1,9.75,12,walked_into_shield,,,land
mirror-shade,smoke-screen,w+h+l+,74,true,true,injected,2,play|breach.heat|heat|,hundred-smoke-1,21.75,play|probe.land|land|,trample-green-1,3.5,18.25,walked_into_shield,,,land
mirror-shade,smoke-screen,w+h+l+,75,true,true,injected,3,play|breach.heat|heat|,hundred-smoke-1,25.25,play|probe.land|land|,trample-green-3,3,22.25,walked_into_shield,,,land
mirror-shade,smoke-screen,w+h+l+,76,false,false,injected,3,play|breach.land|land|,no-green-left-1,23.25,play|probe.water|water|,long-flow-1,-0.5,23.75,walked_into_shield,,,water
mirror-shade,smoke-screen,w+h+l+,77,true,false,injected,2,play|probe.heat|heat|,open-chill-1,13.5,play|breach.land|land|,no-green-left-1,9.75,3.75,walked_into_shield,,,land
mirror-shade,smoke-screen,w+h+l+,78,true,true,injected,2,play|breach.heat|heat|,hundred-smoke-1,21.75,play|breach.land|land|,no-green-left-1,9.75,12,walked_into_shield,,,land
mirror-shade,smoke-screen,w+h+l+,79,true,false,injected,2,play|breach.water|water|,spend-tide-1,20.75,play|probe.land|land|,trample-green-3,3.5,17.25,walked_into_shield,,,land
mirror-shade,smoke-screen,w+h+l+,80,false,false,injected,2,play|breach.heat|heat|,hundred-smoke-1,21.75,play|breach.land|land|,no-green-left-1,9.75,12,walked_into_shield,,,land
mirror-shade,smoke-screen,w+h+l+,81,false,false,injected,2,play|probe.water|water|,long-flow-3,12.75,play|disrupt.land|land|,filth-spread-1,1,11.75,walked_into_shield,,,land
mirror-shade,smoke-screen,w+h+l+,82,true,false,injected,3,play|breach.heat|heat|,hundred-smoke-1,25.25,play|probe.land|land|,trample-green-3,3,22.25,walked_into_shield,,,land
mirror-shade,smoke-screen,w+h+l+,83,true,true,injected,2,play|probe.heat|heat|,open-chill-2,13.5,play|breach.land|land|,no-green-left-1,9.75,3.75,walked_into_shield,,,land
mirror-shade,smoke-screen,w+h+l+,84,true,true,injected,4,play|probe.land|land|,trample-green-2,-0.5,play|probe.water|water|,long-flow-3,-15.5,15,walked_into_shield,,,water
mirror-shade,smoke-screen,w+h+l+,85,true,false,injected,2,play|breach.water|water|,spend-tide-1,20.75,play|breach.land|land|,no-green-left-1,9.75,11,walked_into_shield,,,land
mirror-shade,smoke-screen,w+h+l+,86,false,false,injected,2,play|disrupt.heat|heat|,smoke-screen-1,8,play|probe.land|land|,trample-green-2,1.75,6.25,walked_into_shield,,,land
mirror-shade,smoke-screen,w+h+l+,87,true,true,injected,2,play|probe.heat|heat|,open-chill-2,13.5,play|probe.land|land|,trample-green-2,3.5,10,walked_into_shield,,,land
mirror-shade,smoke-screen,w+h+l+,88,false,false,injected,2,play|probe.water|water|,long-flow-3,12.75,play|probe.land|land|,trample-green-1,2.75,10,walked_into_shield,,,land
mirror-shade,smoke-screen,w+h+l+,89,true,true,injected,2,play|breach.water|water|,spend-tide-1,20.75,play|breach.land|land|,no-green-left-1,9.75,11,walked_into_shield,,,land
mirror-shade,smoke-screen,w+h+l+,90,true,false,injected,2,play|probe.heat|heat|,open-chill-2,13.5,play|breach.land|land|,no-green-left-1,9.75,3.75,walked_into_shield,,,land
mirror-shade,smoke-screen,w+h+l+,91,false,false,injected,2,play|disrupt.water|water|,foul-current-1,7,play|probe.land|land|,trample-green-2,1.75,5.25,walked_into_shield,,,land
mirror-shade,smoke-screen,w+h+l+,92,true,false,injected,3,play|probe.land|land|,trample-green-2,15,play|probe.water|water|,long-flow-2,3,12,walked_into_shield,,,water
mirror-shade,smoke-screen,w+h+l+,93,true,false,injected,3,play|probe.land|land|,trample-green-2,15,play|probe.water|water|,long-flow-3,-0.5,15.5,walked_into_shield,,,water
mirror-shade,smoke-screen,w+h+l+,94,true,true,injected,2,play|probe.water|water|,long-flow-1,12.75,play|probe.land|land|,trample-green-3,2.75,10,walked_into_shield,,,land
mirror-shade,smoke-screen,w+h+l+,95,true,false,injected,2,play|breach.heat|heat|,hundred-smoke-1,21.75,play|probe.land|land|,trample-green-3,3.5,18.25,walked_into_shield,,,land
mirror-shade,smoke-screen,w+h+l+,96,true,true,injected,3,play|breach.heat|heat|,hundred-smoke-1,23.25,play|probe.water|water|,long-flow-3,-0.5,23.75,walked_into_shield,,,water
mirror-shade,smoke-screen,w+h+l+,97,true,false,injected,2,play|probe.water|water|,long-flow-1,12.75,play|probe.land|land|,trample-green-2,1.75,11,walked_into_shield,,,land
mirror-shade,smoke-screen,w+h+l+,98,true,true,injected,2,play|probe.heat|heat|,open-chill-1,13.75,play|probe.land|land|,trample-green-3,2.75,11,walked_into_shield,,,land
mirror-shade,smoke-screen,w+h+l+,99,true,true,injected,2,play|breach.heat|heat|,hundred-smoke-1,21.75,play|probe.land|land|,trample-green-1,3.5,18.25,walked_into_shield,,,land
mirror-shade,smoke-screen,w+h+l+,100,true,false,injected,3,play|breach.heat|heat|,hundred-smoke-1,25.25,play|probe.land|land|,trample-green-1,3,22.25,walked_into_shield,,,land
mirror-shade,smoke-screen,w-h0l0,1,true,false,injected,2,play|probe.water|water|,long-flow-3,12.75,play|probe.land|land|,trample-green-2,2.75,10,walked_into_shield,,,land
mirror-shade,smoke-screen,w-h0l0,2,false,false,injected,2,play|breach.heat|heat|,hundred-smoke-1,21.75,play|disrupt.land|land|,filth-spread-1,1.75,20,walked_into_shield,,,land
mirror-shade,smoke-screen,w-h0l0,3,true,false,injected,3,play|breach.land|land|,no-green-left-1,25,play|breach.water|water|,spend-tide-1,3,22,walked_into_shield,,,water
mirror-shade,smoke-screen,w-h0l0,4,false,false,injected,3,play|breach.heat|heat|,hundred-smoke-1,24.25,play|probe.land|land|,trample-green-1,3,21.25,walked_into_shield,,,land
mirror-shade,smoke-screen,w-h0l0,5,true,false,injected,2,play|breach.heat|heat|,hundred-smoke-1,21.75,play|breach.land|land|,no-green-left-1,9.75,12,walked_into_shield,,,land
mirror-shade,smoke-screen,w-h0l0,6,false,false,injected,2,play|probe.heat|heat|,open-chill-1,12.75,play|probe.land|land|,trample-green-3,2.75,10,walked_into_shield,,,land
mirror-shade,smoke-screen,w-h0l0,7,true,false,injected,3,play|breach.water|water|,spend-tide-1,20.25,play|probe.land|land|,trample-green-1,3,17.25,walked_into_shield,,,land
mirror-shade,smoke-screen,w-h0l0,8,false,false,injected,2,play|breach.heat|heat|,hundred-smoke-1,21.75,play|probe.land|land|,trample-green-3,3.5,18.25,walked_into_shield,,,land
mirror-shade,smoke-screen,w-h0l0,9,true,false,injected,3,play|breach.heat|heat|,hundred-smoke-1,24.25,play|probe.land|land|,trample-green-2,3,21.25,walked_into_shield,,,land
mirror-shade,smoke-screen,w-h0l0,10,false,false,injected,2,play|probe.water|water|,long-flow-3,12.75,play|disrupt.land|land|,filth-spread-1,1,11.75,walked_into_shield,,,land
mirror-shade,smoke-screen,w-h0l0,11,true,true,injected,2,play|breach.water|water|,spend-tide-1,20.75,play|breach.land|land|,no-green-left-1,9.75,11,walked_into_shield,,,land
mirror-shade,smoke-screen,w-h0l0,12,true,false,injected,2,play|breach.water|water|,spend-tide-1,20.75,play|probe.land|land|,trample-green-2,3.5,17.25,walked_into_shield,,,land
mirror-shade,smoke-screen,w-h0l0,13,true,false,injected,3,play|breach.water|water|,spend-tide-1,20.25,play|disrupt.heat|heat|,idle-fume-1,1.25,19,walked_into_shield,,,heat
mirror-shade,smoke-screen,w-h0l0,14,false,false,injected,2,play|probe.water|water|,long-flow-2,12.75,play|probe.land|land|,trample-green-2,0.75,12,walked_into_shield,,,land
mirror-shade,smoke-screen,w-h0l0,15,true,false,injected,4,play|disrupt.land|land|,filth-spread-1,10.25,play|probe.heat|heat|,open-chill-2,-3.5,13.75,missed_interrupt,repair,land,
mirror-shade,smoke-screen,w-h0l0,16,false,false,injected,2,play|probe.water|water|,long-flow-3,12.75,play|disrupt.land|land|,filth-spread-1,1,11.75,walked_into_shield,,,land
mirror-shade,smoke-screen,w-h0l0,17,true,false,injected,3,play|breach.heat|heat|,hundred-smoke-1,24.25,play|probe.land|land|,trample-green-1,3,21.25,walked_into_shield,,,land
mirror-shade,smoke-screen,w-h0l0,18,true,true,injected,3,play|breach.land|land|,no-green-left-1,24.25,play|breach.water|water|,spend-tide-1,2.25,22,walked_into_shield,,,water
mirror-shade,smoke-screen,w-h0l0,19,false,false,injected,2,play|breach.heat|heat|,hundred-smoke-1,21.75,play|probe.land|land|,trample-green-2,3.5,18.25,walked_into_shield,,,land
mirror-shade,smoke-screen,w-h0l0,20,true,false,injected,2,play|probe.heat|heat|,open-chill-1,13.5,play|breach.land|land|,no-green-left-1,9.75,3.75,walked_into_shield,,,land
mirror-shade,smoke-screen,w-h0l0,21,true,false,injected,2,play|probe.water|water|,long-flow-2,12.75,play|probe.land|land|,trample-green-3,2.75,10,walked_into_shield,,,land
mirror-shade,smoke-screen,w-h0l0,22,true,true,injected,2,play|probe.heat|heat|,open-chill-2,13.5,play|breach.land|land|,no-green-left-1,9.75,3.75,walked_into_shield,,,land
mirror-shade,smoke-screen,w-h0l0,23,false,false,injected,2,play|probe.water|water|,long-flow-1,12.75,play|probe.land|land|,trample-green-3,2.75,10,walked_into_shield,,,land
mirror-shade,smoke-screen,w-h0l0,24,true,false,injected,4,play|disrupt.land|land|,filth-spread-1,10.25,play|probe.heat|heat|,open-chill-1,-3.5,13.75,missed_interrupt,repair,land,
mirror-shade,smoke-screen,w-h0l0,25,false,false,injected,3,play|breach.heat|heat|,hundred-smoke-1,23.25,play|probe.water|water|,long-flow-3,-0.5,23.75,walked_into_shield,,,water
mirror-shade,smoke-screen,w-h0l0,26,true,true,injected,2,play|probe.heat|heat|,open-chill-1,13.5,play|breach.land|land|,no-green-left-1,9.75,3.75,walked_into_shield,,,land
mirror-shade,smoke-screen,w-h0l0,27,true,false,injected,3,play|breach.land|land|,no-green-left-1,24.25,play|disrupt.heat|heat|,idle-fume-1,1.25,23,walked_into_shield,,,heat
mirror-shade,smoke-screen,w-h0l0,28,true,false,injected,2,play|probe.heat|heat|,open-chill-1,13.5,play|breach.land|land|,no-green-left-1,9.75,3.75,walked_into_shield,,,land
mirror-shade,smoke-screen,w-h0l0,29,false,false,injected,2,play|probe.water|water|,long-flow-2,12.75,play|probe.land|land|,trample-green-1,2.75,10,walked_into_shield,,,land
mirror-shade,smoke-screen,w-h0l0,30,true,true,injected,2,play|probe.heat|heat|,open-chill-1,13.5,play|probe.land|land|,trample-green-1,3.5,10,walked_into_shield,,,land
mirror-shade,smoke-screen,w-h0l0,31,true,false,injected,2,play|breach.heat|heat|,hundred-smoke-1,21.75,play|probe.land|land|,trample-green-3,3.5,18.25,walked_into_shield,,,land
mirror-shade,smoke-screen,w-h0l0,32,true,false,injected,2,play|probe.water|water|,long-flow-1,12.75,play|probe.land|land|,trample-green-2,2.75,10,walked_into_shield,,,land
mirror-shade,smoke-screen,w-h0l0,33,false,false,injected,2,play|probe.water|water|,long-flow-2,12.75,play|probe.land|land|,trample-green-3,2.75,10,walked_into_shield,,,land
mirror-shade,smoke-screen,w-h0l0,34,true,true,injected,2,play|probe.water|water|,long-flow-2,12.75,play|probe.land|land|,trample-green-2,2.75,10,walked_into_shield,,,land
mirror-shade,smoke-screen,w-h0l0,35,true,false,injected,2,play|breach.water|water|,spend-tide-1,20.75,play|breach.land|land|,no-green-left-1,9.75,11,walked_into_shield,,,land
mirror-shade,smoke-screen,w-h0l0,36,true,false,injected,3,play|breach.water|water|,spend-tide-1,20.25,play|probe.land|land|,trample-green-2,3,17.25,walked_into_shield,,,land
mirror-shade,smoke-screen,w-h0l0,37,true,true,injected,4,play|probe.land|land|,trample-green-1,-0.5,play|probe.water|water|,long-flow-1,-15.5,15,walked_into_shield,,,water
mirror-shade,smoke-screen,w-h0l0,38,true,true,injected,2,play|probe.heat|heat|,open-chill-2,13.5,play|breach.land|land|,no-green-left-1,9.75,3.75,walked_into_shield,,,land
mirror-shade,smoke-screen,w-h0l0,39,true,false,injected,5,play|probe.land|land|,trample-green-1,12.25,play|probe.water|water|,long-flow-1,2.75,9.5,walked_into_shield,,,water
mirror-shade,smoke-screen,w-h0l0,40,true,true,injected,4,play|disrupt.land|land|,filth-spread-1,10.25,play|probe.land|land|,trample-green-3,-5.5,15.75,missed_interrupt,repair,land,
mirror-shade,smoke-screen,w-h0l0,41,true,false,injected,2,play|breach.water|water|,spend-tide-1,20.75,play|disrupt.land|land|,filth-spread-1,1.75,19,walked_into_shield,,,land
mirror-shade,smoke-screen,w-h0l0,42,true,true,injected,2,play|breach.heat|heat|,hundred-smoke-1,21.75,play|probe.land|land|,trample-green-2,3.5,18.25,walked_into_shield,,,land
mirror-shade,smoke-screen,w-h0l0,43,true,false,injected,2,play|probe.water|water|,long-flow-2,12.75,play|probe.land|land|,trample-green-2,0.75,12,walked_into_shield,,,land
mirror-shade,smoke-screen,w-h0l0,44,true,false,injected,2,play|probe.water|water|,long-flow-3,12.75,play|disrupt.land|land|,filth-spread-1,1,11.75,walked_into_shield,,,land
mirror-shade,smoke-screen,w-h0l0,45,true,false,injected,2,play|probe.heat|heat|,open-chill-1,12.75,play|probe.land|land|,trample-green-1,2.75,10,walked_into_shield,,,land
mirror-shade,smoke-screen,w-h0l0,46,true,false,injected,2,play|probe.water|water|,long-flow-2,12.75,play|disrupt.land|land|,filth-spread-1,1,11.75,walked_into_shield,,,land
mirror-shade,smoke-screen,w-h0l0,47,true,true,injected,3,play|breach.land|land|,no-green-left-1,24.25,play|breach.water|water|,spend-tide-1,2.25,22,walked_into_shield,,,water
mirror-shade,smoke-screen,w-h0l0,48,true,true,injected,2,play|probe.water|water|,long-flow-3,12.75,play|probe.land|land|,trample-green-1,2.75,10,walked_into_shield,,,land
mirror-shade,smoke-screen,w-h0l0,49,true,false,injected,2,play|probe.water|water|,long-flow-1,12.75,play|disrupt.land|land|,filth-spread-1,1,11.75,walked_into_shield,,,land
mirror-shade,smoke-screen,w-h0l0,50,true,false,injected,2,play|breach.heat|heat|,hundred-smoke-1,21.75,play|probe.land|land|,trample-green-2,3.5,18.25,walked_into_shield,,,land
mirror-shade,smoke-screen,w-h0l0,51,true,true,injected,2,play|probe.water|water|,long-flow-1,12.75,play|probe.land|land|,trample-green-3,2.75,10,walked_into_shield,,,land
mirror-shade,smoke-screen,w-h0l0,52,false,false,injected,2,play|breach.heat|heat|,hundred-smoke-1,21.75,play|disrupt.land|land|,filth-spread-1,1.75,20,walked_into_shield,,,land
mirror-shade,smoke-screen,w-h0l0,53,true,true,injected,2,play|probe.water|water|,long-flow-3,12.75,play|probe.land|land|,trample-green-1,0.75,12,walked_into_shield,,,land
mirror-shade,smoke-screen,w-h0l0,54,true,true,injected,2,play|probe.heat|heat|,open-chill-1,13.5,play|breach.land|land|,no-green-left-1,9.75,3.75,walked_into_shield,,,land
mirror-shade,smoke-screen,w-h0l0,55,true,true,injected,2,play|probe.heat|heat|,open-chill-2,13.5,play|disrupt.land|land|,filth-spread-1,1.75,11.75,walked_into_shield,,,land
mirror-shade,smoke-screen,w-h0l0,56,true,false,injected,2,play|probe.water|water|,long-flow-3,12.75,play|probe.land|land|,trample-green-2,2.75,10,walked_into_shield,,,land
mirror-shade,smoke-screen,w-h0l0,57,true,false,injected,2,play|probe.heat|heat|,open-chill-2,12.75,play|probe.land|land|,trample-green-1,2.75,10,walked_into_shield,,,land
mirror-shade,smoke-screen,w-h0l0,58,false,false,injected,2,play|probe.water|water|,long-flow-3,12.75,play|disrupt.land|land|,filth-spread-1,1,11.75,walked_into_shield,,,land
mirror-shade,smoke-screen,w-h0l0,59,true,false,injected,2,play|probe.water|water|,long-flow-1,12.75,play|probe.land|land|,trample-green-1,0.75,12,walked_into_shield,,,land
mirror-shade,smoke-screen,w-h0l0,60,true,true,injected,2,play|breach.heat|heat|,hundred-smoke-1,21.75,play|probe.land|land|,trample-green-3,3.5,18.25,walked_into_shield,,,land
mirror-shade,smoke-screen,w-h0l0,61,true,false,injected,2,play|probe.water|water|,long-flow-1,12.75,play|disrupt.land|land|,filth-spread-1,1,11.75,walked_into_shield,,,land
mirror-shade,smoke-screen,w-h0l0,62,false,false,injected,2,play|probe.heat|heat|,open-chill-2,13.5,play|breach.land|land|,no-green-left-1,9.75,3.75,walked_into_shield,,,land
mirror-shade,smoke-screen,w-h0l0,63,true,false,injected,2,play|probe.water|water|,long-flow-2,12.75,play|probe.land|land|,trample-green-3,0.75,12,walked_into_shield,,,land
mirror-shade,smoke-screen,w-h0l0,64,false,false,injected,2,play|probe.water|water|,long-flow-1,12.75,play|probe.land|land|,trample-green-2,2.75,10,walked_into_shield,,,land
mirror-shade,smoke-screen,w-h0l0,65,false,false,injected,2,play|probe.heat|heat|,open-chill-1,13.5,play|probe.land|land|,trample-green-3,3.5,10,walked_into_shield,,,land
mirror-shade,smoke-screen,w-h0l0,66,true,false,injected,2,play|breach.heat|heat|,hundred-smoke-1,21.75,play|breach.land|land|,no-green-left-1,9.75,12,walked_into_shield,,,land
mirror-shade,smoke-screen,w-h0l0,67,false,true,injected,2,play|breach.heat|heat|,hundred-smoke-1,21.75,play|probe.land|land|,trample-green-2,3.5,18.25,walked_into_shield,,,land
mirror-shade,smoke-screen,w-h0l0,68,true,false,injected,3,play|breach.heat|heat|,hundred-smoke-1,24.25,play|probe.land|land|,trample-green-1,3,21.25,walked_into_shield,,,land
mirror-shade,smoke-screen,w-h0l0,69,true,false,injected,2,play|probe.water|water|,long-flow-1,12.75,play|probe.land|land|,trample-green-2,2.75,10,walked_into_shield,,,land
mirror-shade,smoke-screen,w-h0l0,70,true,true,injected,3,play|breach.water|water|,spend-tide-1,20.25,play|probe.heat|heat|,open-chill-2,3,17.25,walked_into_shield,,,heat
mirror-shade,smoke-screen,w-h0l0,71,true,true,injected,2,play|probe.water|water|,long-flow-2,12.75,play|probe.land|land|,trample-green-3,0.75,12,walked_into_shield,,,land
mirror-shade,smoke-screen,w-h0l0,72,true,true,injected,2,play|breach.heat|heat|,hundred-smoke-1,21.75,play|probe.land|land|,trample-green-2,3.5,18.25,walked_into_shield,,,land
mirror-shade,smoke-screen,w-h0l0,73,true,false,injected,2,play|breach.heat|heat|,hundred-smoke-1,21.75,play|breach.land|land|,no-green-left-1,9.75,12,walked_into_shield,,,land
mirror-shade,smoke-screen,w-h0l0,74,true,true,injected,2,play|breach.heat|heat|,hundred-smoke-1,21.75,play|probe.land|land|,trample-green-1,3.5,18.25,walked_into_shield,,,land
mirror-shade,smoke-screen,w-h0l0,75,true,false,injected,3,play|breach.heat|heat|,hundred-smoke-1,24.25,play|probe.land|land|,trample-green-3,3,21.25,walked_into_shield,,,land
mirror-shade,smoke-screen,w-h0l0,76,false,false,injected,3,play|breach.land|land|,no-green-left-1,23.25,play|probe.water|water|,long-flow-1,-0.5,23.75,walked_into_shield,,,water
mirror-shade,smoke-screen,w-h0l0,77,true,false,injected,2,play|probe.heat|heat|,open-chill-1,13.5,play|breach.land|land|,no-green-left-1,9.75,3.75,walked_into_shield,,,land
mirror-shade,smoke-screen,w-h0l0,78,true,false,injected,2,play|breach.heat|heat|,hundred-smoke-1,21.75,play|breach.land|land|,no-green-left-1,9.75,12,walked_into_shield,,,land
mirror-shade,smoke-screen,w-h0l0,79,false,false,injected,2,play|breach.water|water|,spend-tide-1,20.75,play|probe.land|land|,trample-green-3,3.5,17.25,walked_into_shield,,,land
mirror-shade,smoke-screen,w-h0l0,80,false,false,injected,2,play|breach.heat|heat|,hundred-smoke-1,21.75,play|breach.land|land|,no-green-left-1,9.75,12,walked_into_shield,,,land
mirror-shade,smoke-screen,w-h0l0,81,false,false,injected,2,play|probe.water|water|,long-flow-3,12.75,play|disrupt.land|land|,filth-spread-1,1,11.75,walked_into_shield,,,land
mirror-shade,smoke-screen,w-h0l0,82,true,false,injected,3,play|breach.heat|heat|,hundred-smoke-1,24.25,play|probe.land|land|,trample-green-3,3,21.25,walked_into_shield,,,land
mirror-shade,smoke-screen,w-h0l0,83,true,false,injected,2,play|probe.heat|heat|,open-chill-2,13.5,play|breach.land|land|,no-green-left-1,9.75,3.75,walked_into_shield,,,land
mirror-shade,smoke-screen,w-h0l0,84,true,true,injected,4,play|probe.land|land|,trample-green-2,-0.5,play|probe.water|water|,long-flow-3,-15.5,15,walked_into_shield,,,water
mirror-shade,smoke-screen,w-h0l0,85,false,false,injected,2,play|breach.water|water|,spend-tide-1,20.75,play|breach.land|land|,no-green-left-1,9.75,11,walked_into_shield,,,land
mirror-shade,smoke-screen,w-h0l0,86,false,false,injected,2,play|disrupt.heat|heat|,smoke-screen-1,7,play|probe.land|land|,trample-green-2,0.75,6.25,walked_into_shield,,,land
mirror-shade,smoke-screen,w-h0l0,87,true,true,injected,2,play|probe.heat|heat|,open-chill-2,13.5,play|probe.land|land|,trample-green-2,3.5,10,walked_into_shield,,,land
mirror-shade,smoke-screen,w-h0l0,88,false,false,injected,2,play|probe.water|water|,long-flow-3,12.75,play|probe.land|land|,trample-green-1,2.75,10,walked_into_shield,,,land
mirror-shade,smoke-screen,w-h0l0,89,true,true,injected,2,play|breach.water|water|,spend-tide-1,20.75,play|breach.land|land|,no-green-left-1,9.75,11,walked_into_shield,,,land
mirror-shade,smoke-screen,w-h0l0,90,false,false,injected,2,play|probe.heat|heat|,open-chill-2,13.5,play|breach.land|land|,no-green-left-1,9.75,3.75,walked_into_shield,,,land
mirror-shade,smoke-screen,w-h0l0,91,false,false,injected,2,play|disrupt.water|water|,foul-current-1,7,play|probe.land|land|,trample-green-2,0.75,6.25,walked_into_shield,,,land
mirror-shade,smoke-screen,w-h0l0,92,true,false,injected,3,play|probe.land|land|,trample-green-2,15,play|probe.water|water|,long-flow-2,3,12,walked_into_shield,,,water
mirror-shade,smoke-screen,w-h0l0,93,true,false,injected,3,play|probe.land|land|,trample-green-2,15,play|probe.water|water|,long-flow-3,-0.5,15.5,walked_into_shield,,,water
mirror-shade,smoke-screen,w-h0l0,94,true,false,injected,2,play|probe.water|water|,long-flow-1,12.75,play|probe.land|land|,trample-green-3,2.75,10,walked_into_shield,,,land
mirror-shade,smoke-screen,w-h0l0,95,true,false,injected,2,play|breach.heat|heat|,hundred-smoke-1,21.75,play|probe.land|land|,trample-green-3,3.5,18.25,walked_into_shield,,,land
mirror-shade,smoke-screen,w-h0l0,96,true,true,injected,3,play|breach.heat|heat|,hundred-smoke-1,23.25,play|probe.water|water|,long-flow-3,-0.5,23.75,walked_into_shield,,,water
mirror-shade,smoke-screen,w-h0l0,97,true,false,injected,2,play|probe.water|water|,long-flow-1,12.75,play|probe.land|land|,trample-green-2,0.75,12,walked_into_shield,,,land
mirror-shade,smoke-screen,w-h0l0,98,true,true,injected,2,play|probe.water|water|,long-flow-1,12.75,play|probe.land|land|,trample-green-3,2.75,10,walked_into_shield,,,land
mirror-shade,smoke-screen,w-h0l0,99,true,true,injected,2,play|breach.heat|heat|,hundred-smoke-1,21.75,play|probe.land|land|,trample-green-1,3.5,18.25,walked_into_shield,,,land
mirror-shade,smoke-screen,w-h0l0,100,false,false,injected,3,play|breach.heat|heat|,hundred-smoke-1,24.25,play|probe.land|land|,trample-green-1,3,21.25,walked_into_shield,,,land
mirror-shade,smoke-screen,w+h0l0,1,true,false,injected,2,play|probe.water|water|,long-flow-3,12.75,play|probe.land|land|,trample-green-2,2.75,10,walked_into_shield,,,land
mirror-shade,smoke-screen,w+h0l0,2,false,false,injected,2,play|breach.heat|heat|,hundred-smoke-1,21.75,play|disrupt.land|land|,filth-spread-1,1.75,20,walked_into_shield,,,land
mirror-shade,smoke-screen,w+h0l0,3,true,false,injected,3,play|breach.land|land|,no-green-left-1,25,play|breach.water|water|,spend-tide-1,3,22,walked_into_shield,,,water
mirror-shade,smoke-screen,w+h0l0,4,false,false,injected,3,play|breach.heat|heat|,hundred-smoke-1,24.25,play|probe.land|land|,trample-green-1,3,21.25,walked_into_shield,,,land
mirror-shade,smoke-screen,w+h0l0,5,true,false,injected,2,play|breach.heat|heat|,hundred-smoke-1,21.75,play|breach.land|land|,no-green-left-1,9.75,12,walked_into_shield,,,land
mirror-shade,smoke-screen,w+h0l0,6,false,false,injected,2,play|probe.heat|heat|,open-chill-1,12.75,play|probe.land|land|,trample-green-3,2.75,10,walked_into_shield,,,land
mirror-shade,smoke-screen,w+h0l0,7,true,false,injected,3,play|breach.water|water|,spend-tide-1,20.25,play|probe.land|land|,trample-green-1,3,17.25,walked_into_shield,,,land
mirror-shade,smoke-screen,w+h0l0,8,false,false,injected,2,play|breach.heat|heat|,hundred-smoke-1,21.75,play|probe.land|land|,trample-green-3,3.5,18.25,walked_into_shield,,,land
mirror-shade,smoke-screen,w+h0l0,9,true,false,injected,3,play|breach.heat|heat|,hundred-smoke-1,24.25,play|probe.land|land|,trample-green-2,3,21.25,walked_into_shield,,,land
mirror-shade,smoke-screen,w+h0l0,10,false,false,injected,2,play|probe.water|water|,long-flow-3,12.75,play|disrupt.land|land|,filth-spread-1,1,11.75,walked_into_shield,,,land
mirror-shade,smoke-screen,w+h0l0,11,true,true,injected,2,play|breach.water|water|,spend-tide-1,20.75,play|breach.land|land|,no-green-left-1,9.75,11,walked_into_shield,,,land
mirror-shade,smoke-screen,w+h0l0,12,true,false,injected,2,play|breach.water|water|,spend-tide-1,20.75,play|probe.land|land|,trample-green-2,3.5,17.25,walked_into_shield,,,land
mirror-shade,smoke-screen,w+h0l0,13,true,false,injected,3,play|breach.water|water|,spend-tide-1,20.25,play|disrupt.heat|heat|,idle-fume-1,1.25,19,walked_into_shield,,,heat
mirror-shade,smoke-screen,w+h0l0,14,false,false,injected,2,play|probe.water|water|,long-flow-2,12.75,play|probe.land|land|,trample-green-2,0.75,12,walked_into_shield,,,land
mirror-shade,smoke-screen,w+h0l0,15,true,false,injected,4,play|disrupt.land|land|,filth-spread-1,10.25,play|probe.heat|heat|,open-chill-2,-3.5,13.75,missed_interrupt,repair,land,
mirror-shade,smoke-screen,w+h0l0,16,false,false,injected,2,play|probe.water|water|,long-flow-3,12.75,play|disrupt.land|land|,filth-spread-1,1,11.75,walked_into_shield,,,land
mirror-shade,smoke-screen,w+h0l0,17,true,false,injected,3,play|breach.heat|heat|,hundred-smoke-1,24.25,play|probe.land|land|,trample-green-1,3,21.25,walked_into_shield,,,land
mirror-shade,smoke-screen,w+h0l0,18,true,true,injected,3,play|breach.land|land|,no-green-left-1,24.25,play|breach.water|water|,spend-tide-1,2.25,22,walked_into_shield,,,water
mirror-shade,smoke-screen,w+h0l0,19,false,false,injected,2,play|breach.heat|heat|,hundred-smoke-1,21.75,play|probe.land|land|,trample-green-2,3.5,18.25,walked_into_shield,,,land
mirror-shade,smoke-screen,w+h0l0,20,true,false,injected,2,play|probe.heat|heat|,open-chill-1,13.5,play|breach.land|land|,no-green-left-1,9.75,3.75,walked_into_shield,,,land
mirror-shade,smoke-screen,w+h0l0,21,true,false,injected,2,play|probe.water|water|,long-flow-2,12.75,play|probe.land|land|,trample-green-3,2.75,10,walked_into_shield,,,land
mirror-shade,smoke-screen,w+h0l0,22,true,true,injected,2,play|probe.heat|heat|,open-chill-2,13.5,play|breach.land|land|,no-green-left-1,9.75,3.75,walked_into_shield,,,land
mirror-shade,smoke-screen,w+h0l0,23,false,false,injected,2,play|probe.water|water|,long-flow-1,12.75,play|probe.land|land|,trample-green-3,2.75,10,walked_into_shield,,,land
mirror-shade,smoke-screen,w+h0l0,24,true,false,injected,4,play|disrupt.land|land|,filth-spread-1,10.25,play|probe.heat|heat|,open-chill-1,-3.5,13.75,missed_interrupt,repair,land,
mirror-shade,smoke-screen,w+h0l0,25,false,false,injected,3,play|breach.heat|heat|,hundred-smoke-1,23.25,play|probe.water|water|,long-flow-3,-0.5,23.75,walked_into_shield,,,water
mirror-shade,smoke-screen,w+h0l0,26,true,true,injected,2,play|probe.heat|heat|,open-chill-1,13.5,play|breach.land|land|,no-green-left-1,9.75,3.75,walked_into_shield,,,land
mirror-shade,smoke-screen,w+h0l0,27,true,false,injected,3,play|breach.land|land|,no-green-left-1,24.25,play|disrupt.heat|heat|,idle-fume-1,1.25,23,walked_into_shield,,,heat
mirror-shade,smoke-screen,w+h0l0,28,true,false,injected,2,play|probe.heat|heat|,open-chill-1,13.5,play|breach.land|land|,no-green-left-1,9.75,3.75,walked_into_shield,,,land
mirror-shade,smoke-screen,w+h0l0,29,false,false,injected,2,play|probe.water|water|,long-flow-2,12.75,play|probe.land|land|,trample-green-1,2.75,10,walked_into_shield,,,land
mirror-shade,smoke-screen,w+h0l0,30,true,true,injected,2,play|probe.heat|heat|,open-chill-1,13.5,play|probe.land|land|,trample-green-1,3.5,10,walked_into_shield,,,land
mirror-shade,smoke-screen,w+h0l0,31,true,false,injected,2,play|breach.heat|heat|,hundred-smoke-1,21.75,play|probe.land|land|,trample-green-3,3.5,18.25,walked_into_shield,,,land
mirror-shade,smoke-screen,w+h0l0,32,true,false,injected,2,play|probe.water|water|,long-flow-1,12.75,play|probe.land|land|,trample-green-2,2.75,10,walked_into_shield,,,land
mirror-shade,smoke-screen,w+h0l0,33,false,false,injected,2,play|probe.water|water|,long-flow-2,12.75,play|probe.land|land|,trample-green-3,2.75,10,walked_into_shield,,,land
mirror-shade,smoke-screen,w+h0l0,34,true,true,injected,2,play|probe.water|water|,long-flow-2,12.75,play|probe.land|land|,trample-green-2,2.75,10,walked_into_shield,,,land
mirror-shade,smoke-screen,w+h0l0,35,true,false,injected,2,play|breach.water|water|,spend-tide-1,20.75,play|breach.land|land|,no-green-left-1,9.75,11,walked_into_shield,,,land
mirror-shade,smoke-screen,w+h0l0,36,true,false,injected,3,play|breach.water|water|,spend-tide-1,20.25,play|probe.land|land|,trample-green-2,3,17.25,walked_into_shield,,,land
mirror-shade,smoke-screen,w+h0l0,37,true,true,injected,4,play|probe.land|land|,trample-green-1,-0.5,play|probe.water|water|,long-flow-1,-15.5,15,walked_into_shield,,,water
mirror-shade,smoke-screen,w+h0l0,38,true,true,injected,2,play|probe.heat|heat|,open-chill-2,13.5,play|breach.land|land|,no-green-left-1,9.75,3.75,walked_into_shield,,,land
mirror-shade,smoke-screen,w+h0l0,39,true,false,injected,5,play|probe.land|land|,trample-green-1,12.25,play|probe.water|water|,long-flow-1,2.75,9.5,walked_into_shield,,,water
mirror-shade,smoke-screen,w+h0l0,40,true,true,injected,4,play|disrupt.land|land|,filth-spread-1,10.25,play|probe.land|land|,trample-green-3,-5.5,15.75,missed_interrupt,repair,land,
mirror-shade,smoke-screen,w+h0l0,41,true,false,injected,2,play|breach.water|water|,spend-tide-1,20.75,play|disrupt.land|land|,filth-spread-1,1.75,19,walked_into_shield,,,land
mirror-shade,smoke-screen,w+h0l0,42,true,true,injected,2,play|breach.heat|heat|,hundred-smoke-1,21.75,play|probe.land|land|,trample-green-2,3.5,18.25,walked_into_shield,,,land
mirror-shade,smoke-screen,w+h0l0,43,true,false,injected,2,play|probe.water|water|,long-flow-2,12.75,play|probe.land|land|,trample-green-2,0.75,12,walked_into_shield,,,land
mirror-shade,smoke-screen,w+h0l0,44,true,false,injected,2,play|probe.water|water|,long-flow-3,12.75,play|disrupt.land|land|,filth-spread-1,1,11.75,walked_into_shield,,,land
mirror-shade,smoke-screen,w+h0l0,45,true,false,injected,2,play|probe.heat|heat|,open-chill-1,12.75,play|probe.land|land|,trample-green-1,2.75,10,walked_into_shield,,,land
mirror-shade,smoke-screen,w+h0l0,46,true,false,injected,2,play|probe.water|water|,long-flow-2,12.75,play|disrupt.land|land|,filth-spread-1,1,11.75,walked_into_shield,,,land
mirror-shade,smoke-screen,w+h0l0,47,true,true,injected,3,play|breach.land|land|,no-green-left-1,24.25,play|breach.water|water|,spend-tide-1,2.25,22,walked_into_shield,,,water
mirror-shade,smoke-screen,w+h0l0,48,true,true,injected,2,play|probe.water|water|,long-flow-3,12.75,play|probe.land|land|,trample-green-1,2.75,10,walked_into_shield,,,land
mirror-shade,smoke-screen,w+h0l0,49,true,false,injected,2,play|probe.water|water|,long-flow-1,12.75,play|disrupt.land|land|,filth-spread-1,1,11.75,walked_into_shield,,,land
mirror-shade,smoke-screen,w+h0l0,50,true,false,injected,2,play|breach.heat|heat|,hundred-smoke-1,21.75,play|probe.land|land|,trample-green-2,3.5,18.25,walked_into_shield,,,land
mirror-shade,smoke-screen,w+h0l0,51,true,true,injected,2,play|probe.water|water|,long-flow-1,12.75,play|probe.land|land|,trample-green-3,2.75,10,walked_into_shield,,,land
mirror-shade,smoke-screen,w+h0l0,52,false,false,injected,2,play|breach.heat|heat|,hundred-smoke-1,21.75,play|disrupt.land|land|,filth-spread-1,1.75,20,walked_into_shield,,,land
mirror-shade,smoke-screen,w+h0l0,53,true,true,injected,2,play|probe.water|water|,long-flow-3,12.75,play|probe.land|land|,trample-green-1,0.75,12,walked_into_shield,,,land
mirror-shade,smoke-screen,w+h0l0,54,true,true,injected,2,play|probe.heat|heat|,open-chill-1,13.5,play|breach.land|land|,no-green-left-1,9.75,3.75,walked_into_shield,,,land
mirror-shade,smoke-screen,w+h0l0,55,true,true,injected,2,play|probe.heat|heat|,open-chill-2,13.5,play|disrupt.land|land|,filth-spread-1,1.75,11.75,walked_into_shield,,,land
mirror-shade,smoke-screen,w+h0l0,56,true,false,injected,2,play|probe.water|water|,long-flow-3,12.75,play|probe.land|land|,trample-green-2,2.75,10,walked_into_shield,,,land
mirror-shade,smoke-screen,w+h0l0,57,true,false,injected,2,play|probe.heat|heat|,open-chill-2,12.75,play|probe.land|land|,trample-green-1,2.75,10,walked_into_shield,,,land
mirror-shade,smoke-screen,w+h0l0,58,false,false,injected,2,play|probe.water|water|,long-flow-3,12.75,play|disrupt.land|land|,filth-spread-1,1,11.75,walked_into_shield,,,land
mirror-shade,smoke-screen,w+h0l0,59,true,false,injected,2,play|probe.water|water|,long-flow-1,12.75,play|probe.land|land|,trample-green-1,0.75,12,walked_into_shield,,,land
mirror-shade,smoke-screen,w+h0l0,60,true,true,injected,2,play|breach.heat|heat|,hundred-smoke-1,21.75,play|probe.land|land|,trample-green-3,3.5,18.25,walked_into_shield,,,land
mirror-shade,smoke-screen,w+h0l0,61,true,false,injected,2,play|probe.water|water|,long-flow-1,12.75,play|disrupt.land|land|,filth-spread-1,1,11.75,walked_into_shield,,,land
mirror-shade,smoke-screen,w+h0l0,62,false,false,injected,2,play|probe.heat|heat|,open-chill-2,13.5,play|breach.land|land|,no-green-left-1,9.75,3.75,walked_into_shield,,,land
mirror-shade,smoke-screen,w+h0l0,63,true,false,injected,2,play|probe.water|water|,long-flow-2,12.75,play|probe.land|land|,trample-green-3,0.75,12,walked_into_shield,,,land
mirror-shade,smoke-screen,w+h0l0,64,false,false,injected,2,play|probe.water|water|,long-flow-1,12.75,play|probe.land|land|,trample-green-2,2.75,10,walked_into_shield,,,land
mirror-shade,smoke-screen,w+h0l0,65,false,false,injected,2,play|probe.heat|heat|,open-chill-1,13.5,play|probe.land|land|,trample-green-3,3.5,10,walked_into_shield,,,land
mirror-shade,smoke-screen,w+h0l0,66,true,false,injected,2,play|breach.heat|heat|,hundred-smoke-1,21.75,play|breach.land|land|,no-green-left-1,9.75,12,walked_into_shield,,,land
mirror-shade,smoke-screen,w+h0l0,67,false,true,injected,2,play|breach.heat|heat|,hundred-smoke-1,21.75,play|probe.land|land|,trample-green-2,3.5,18.25,walked_into_shield,,,land
mirror-shade,smoke-screen,w+h0l0,68,true,false,injected,3,play|breach.heat|heat|,hundred-smoke-1,24.25,play|probe.land|land|,trample-green-1,3,21.25,walked_into_shield,,,land
mirror-shade,smoke-screen,w+h0l0,69,true,false,injected,2,play|probe.water|water|,long-flow-1,12.75,play|probe.land|land|,trample-green-2,2.75,10,walked_into_shield,,,land
mirror-shade,smoke-screen,w+h0l0,70,true,true,injected,3,play|breach.water|water|,spend-tide-1,20.25,play|probe.heat|heat|,open-chill-2,3,17.25,walked_into_shield,,,heat
mirror-shade,smoke-screen,w+h0l0,71,true,true,injected,2,play|probe.water|water|,long-flow-2,12.75,play|probe.land|land|,trample-green-3,0.75,12,walked_into_shield,,,land
mirror-shade,smoke-screen,w+h0l0,72,true,true,injected,2,play|breach.heat|heat|,hundred-smoke-1,21.75,play|probe.land|land|,trample-green-2,3.5,18.25,walked_into_shield,,,land
mirror-shade,smoke-screen,w+h0l0,73,true,false,injected,2,play|breach.heat|heat|,hundred-smoke-1,21.75,play|breach.land|land|,no-green-left-1,9.75,12,walked_into_shield,,,land
mirror-shade,smoke-screen,w+h0l0,74,true,true,injected,2,play|breach.heat|heat|,hundred-smoke-1,21.75,play|probe.land|land|,trample-green-1,3.5,18.25,walked_into_shield,,,land
mirror-shade,smoke-screen,w+h0l0,75,true,false,injected,3,play|breach.heat|heat|,hundred-smoke-1,24.25,play|probe.land|land|,trample-green-3,3,21.25,walked_into_shield,,,land
mirror-shade,smoke-screen,w+h0l0,76,false,false,injected,3,play|breach.land|land|,no-green-left-1,23.25,play|probe.water|water|,long-flow-1,-0.5,23.75,walked_into_shield,,,water
mirror-shade,smoke-screen,w+h0l0,77,true,false,injected,2,play|probe.heat|heat|,open-chill-1,13.5,play|breach.land|land|,no-green-left-1,9.75,3.75,walked_into_shield,,,land
mirror-shade,smoke-screen,w+h0l0,78,true,false,injected,2,play|breach.heat|heat|,hundred-smoke-1,21.75,play|breach.land|land|,no-green-left-1,9.75,12,walked_into_shield,,,land
mirror-shade,smoke-screen,w+h0l0,79,false,false,injected,2,play|breach.water|water|,spend-tide-1,20.75,play|probe.land|land|,trample-green-3,3.5,17.25,walked_into_shield,,,land
mirror-shade,smoke-screen,w+h0l0,80,false,false,injected,2,play|breach.heat|heat|,hundred-smoke-1,21.75,play|breach.land|land|,no-green-left-1,9.75,12,walked_into_shield,,,land
mirror-shade,smoke-screen,w+h0l0,81,false,false,injected,2,play|probe.water|water|,long-flow-3,12.75,play|disrupt.land|land|,filth-spread-1,1,11.75,walked_into_shield,,,land
mirror-shade,smoke-screen,w+h0l0,82,true,false,injected,3,play|breach.heat|heat|,hundred-smoke-1,24.25,play|probe.land|land|,trample-green-3,3,21.25,walked_into_shield,,,land
mirror-shade,smoke-screen,w+h0l0,83,true,false,injected,2,play|probe.heat|heat|,open-chill-2,13.5,play|breach.land|land|,no-green-left-1,9.75,3.75,walked_into_shield,,,land
mirror-shade,smoke-screen,w+h0l0,84,true,true,injected,4,play|probe.land|land|,trample-green-2,-0.5,play|probe.water|water|,long-flow-3,-15.5,15,walked_into_shield,,,water
mirror-shade,smoke-screen,w+h0l0,85,false,false,injected,2,play|breach.water|water|,spend-tide-1,20.75,play|breach.land|land|,no-green-left-1,9.75,11,walked_into_shield,,,land
mirror-shade,smoke-screen,w+h0l0,86,false,false,injected,2,play|disrupt.heat|heat|,smoke-screen-1,7,play|probe.land|land|,trample-green-2,0.75,6.25,walked_into_shield,,,land
mirror-shade,smoke-screen,w+h0l0,87,true,true,injected,2,play|probe.heat|heat|,open-chill-2,13.5,play|probe.land|land|,trample-green-2,3.5,10,walked_into_shield,,,land
mirror-shade,smoke-screen,w+h0l0,88,false,false,injected,2,play|probe.water|water|,long-flow-3,12.75,play|probe.land|land|,trample-green-1,2.75,10,walked_into_shield,,,land
mirror-shade,smoke-screen,w+h0l0,89,true,true,injected,2,play|breach.water|water|,spend-tide-1,20.75,play|breach.land|land|,no-green-left-1,9.75,11,walked_into_shield,,,land
mirror-shade,smoke-screen,w+h0l0,90,false,false,injected,2,play|probe.heat|heat|,open-chill-2,13.5,play|breach.land|land|,no-green-left-1,9.75,3.75,walked_into_shield,,,land
mirror-shade,smoke-screen,w+h0l0,91,false,false,injected,2,play|disrupt.water|water|,foul-current-1,7,play|probe.land|land|,trample-green-2,0.75,6.25,walked_into_shield,,,land
mirror-shade,smoke-screen,w+h0l0,92,true,false,injected,3,play|probe.land|land|,trample-green-2,15,play|probe.water|water|,long-flow-2,3,12,walked_into_shield,,,water
mirror-shade,smoke-screen,w+h0l0,93,true,false,injected,3,play|probe.land|land|,trample-green-2,15,play|probe.water|water|,long-flow-3,-0.5,15.5,walked_into_shield,,,water
mirror-shade,smoke-screen,w+h0l0,94,true,false,injected,2,play|probe.water|water|,long-flow-1,12.75,play|probe.land|land|,trample-green-3,2.75,10,walked_into_shield,,,land
mirror-shade,smoke-screen,w+h0l0,95,true,false,injected,2,play|breach.heat|heat|,hundred-smoke-1,21.75,play|probe.land|land|,trample-green-3,3.5,18.25,walked_into_shield,,,land
mirror-shade,smoke-screen,w+h0l0,96,true,true,injected,3,play|breach.heat|heat|,hundred-smoke-1,23.25,play|probe.water|water|,long-flow-3,-0.5,23.75,walked_into_shield,,,water
mirror-shade,smoke-screen,w+h0l0,97,true,false,injected,2,play|probe.water|water|,long-flow-1,12.75,play|probe.land|land|,trample-green-2,0.75,12,walked_into_shield,,,land
mirror-shade,smoke-screen,w+h0l0,98,true,true,injected,2,play|probe.water|water|,long-flow-1,12.75,play|probe.land|land|,trample-green-3,2.75,10,walked_into_shield,,,land
mirror-shade,smoke-screen,w+h0l0,99,true,true,injected,2,play|breach.heat|heat|,hundred-smoke-1,21.75,play|probe.land|land|,trample-green-1,3.5,18.25,walked_into_shield,,,land
mirror-shade,smoke-screen,w+h0l0,100,false,false,injected,3,play|breach.heat|heat|,hundred-smoke-1,24.25,play|probe.land|land|,trample-green-1,3,21.25,walked_into_shield,,,land
mirror-shade,smoke-screen,w0h-l0,1,true,false,injected,2,play|probe.water|water|,long-flow-3,12.75,play|probe.land|land|,trample-green-2,2.75,10,walked_into_shield,,,land
mirror-shade,smoke-screen,w0h-l0,2,false,false,injected,2,play|breach.heat|heat|,hundred-smoke-1,20.75,play|disrupt.land|land|,filth-spread-1,1.75,19,walked_into_shield,,,land
mirror-shade,smoke-screen,w0h-l0,3,true,false,injected,3,play|breach.land|land|,no-green-left-1,25,play|breach.water|water|,spend-tide-1,3,22,walked_into_shield,,,water
mirror-shade,smoke-screen,w0h-l0,4,false,false,injected,3,play|breach.heat|heat|,hundred-smoke-1,24.25,play|probe.land|land|,trample-green-1,3,21.25,walked_into_shield,,,land
mirror-shade,smoke-screen,w0h-l0,5,false,false,injected,2,play|breach.water|water|,spend-tide-1,20.75,play|breach.land|land|,no-green-left-1,9.75,11,walked_into_shield,,,land
mirror-shade,smoke-screen,w0h-l0,6,false,false,injected,2,play|probe.heat|heat|,open-chill-1,11.75,play|probe.land|land|,trample-green-3,2.75,9,walked_into_shield,,,land
mirror-shade,smoke-screen,w0h-l0,7,true,false,injected,3,play|breach.water|water|,spend-tide-1,20.25,play|probe.land|land|,trample-green-1,3,17.25,walked_into_shield,,,land
mirror-shade,smoke-screen,w0h-l0,8,false,false,injected,2,play|breach.heat|heat|,hundred-smoke-1,20.75,play|probe.land|land|,trample-green-3,3.5,17.25,walked_into_shield,,,land
mirror-shade,smoke-screen,w0h-l0,9,true,false,injected,3,play|breach.heat|heat|,hundred-smoke-1,24.25,play|probe.land|land|,trample-green-2,3,21.25,walked_into_shield,,,land
mirror-shade,smoke-screen,w0h-l0,10,false,false,injected,2,play|probe.water|water|,long-flow-3,12.75,play|disrupt.land|land|,filth-spread-1,1,11.75,walked_into_shield,,,land
mirror-shade,smoke-screen,w0h-l0,11,true,true,injected,2,play|breach.water|water|,spend-tide-1,20.75,play|breach.land|land|,no-green-left-1,9.75,11,walked_into_shield,,,land
mirror-shade,smoke-screen,w0h-l0,12,false,false,injected,2,play|breach.water|water|,spend-tide-1,20.75,play|probe.land|land|,trample-green-2,3.5,17.25,walked_into_shield,,,land
mirror-shade,smoke-screen,w0h-l0,13,true,false,injected,3,play|breach.water|water|,spend-tide-1,20.25,play|disrupt.heat|heat|,idle-fume-1,1.25,19,walked_into_shield,,,heat
mirror-shade,smoke-screen,w0h-l0,14,false,false,injected,2,play|probe.water|water|,long-flow-2,12.75,play|probe.land|land|,trample-green-2,0.75,12,walked_into_shield,,,land
mirror-shade,smoke-screen,w0h-l0,15,true,false,injected,4,play|disrupt.land|land|,filth-spread-1,10.25,play|probe.heat|heat|,open-chill-2,-4.5,14.75,missed_interrupt,repair,land,
mirror-shade,smoke-screen,w0h-l0,16,false,false,injected,2,play|probe.water|water|,long-flow-3,12.75,play|disrupt.land|land|,filth-spread-1,1,11.75,walked_into_shield,,,land
mirror-shade,smoke-screen,w0h-l0,17,true,false,injected,3,play|breach.heat|heat|,hundred-smoke-1,24.25,play|probe.land|land|,trample-green-1,3,21.25,walked_into_shield,,,land
mirror-shade,smoke-screen,w0h-l0,18,true,true,injected,3,play|breach.land|land|,no-green-left-1,24.25,play|breach.water|water|,spend-tide-1,2.25,22,walked_into_shield,,,water
mirror-shade,smoke-screen,w0h-l0,19,false,false,injected,2,play|breach.heat|heat|,hundred-smoke-1,20.75,play|probe.land|land|,trample-green-2,3.5,17.25,walked_into_shield,,,land
mirror-shade,smoke-screen,w0h-l0,20,true,false,injected,2,play|probe.heat|heat|,open-chill-1,12.5,play|breach.land|land|,no-green-left-1,9.75,2.75,walked_into_shield,,,land
mirror-shade,smoke-screen,w0h-l0,21,true,false,injected,2,play|probe.water|water|,long-flow-2,12.75,play|probe.land|land|,trample-green-3,2.75,10,walked_into_shield,,,land
mirror-shade,smoke-screen,w0h-l0,22,true,true,injected,2,play|probe.heat|heat|,open-chill-2,12.5,play|breach.land|land|,no-green-left-1,9.75,2.75,walked_into_shield,,,land
mirror-shade,smoke-screen,w0h-l0,23,false,false,injected,2,play|probe.water|water|,long-flow-1,12.75,play|probe.land|land|,trample-green-3,2.75,10,walked_into_shield,,,land
mirror-shade,smoke-screen,w0h-l0,24,true,false,injected,4,play|disrupt.land|land|,filth-spread-1,10.25,play|probe.heat|heat|,open-chill-1,-4.5,14.75,missed_interrupt,repair,land,
mirror-shade,smoke-screen,w0h-l0,25,false,false,injected,3,play|breach.heat|heat|,hundred-smoke-1,22.25,play|probe.water|water|,long-flow-3,-0.5,22.75,walked_into_shield,,,water
mirror-shade,smoke-screen,w0h-l0,26,true,true,injected,2,play|probe.heat|heat|,open-chill-1,12.5,play|breach.land|land|,no-green-left-1,9.75,2.75,walked_into_shield,,,land
mirror-shade,smoke-screen,w0h-l0,27,true,false,injected,3,play|breach.land|land|,no-green-left-1,24.25,play|disrupt.heat|heat|,idle-fume-1,1.25,23,walked_into_shield,,,heat
mirror-shade,smoke-screen,w0h-l0,28,true,false,injected,2,play|probe.heat|heat|,open-chill-1,12.5,play|breach.land|land|,no-green-left-1,9.75,2.75,walked_into_shield,,,land
mirror-shade,smoke-screen,w0h-l0,29,false,false,injected,2,play|probe.water|water|,long-flow-2,12.75,play|probe.land|land|,trample-green-1,2.75,10,walked_into_shield,,,land
mirror-shade,smoke-screen,w0h-l0,30,true,true,injected,2,play|probe.heat|heat|,open-chill-1,12.5,play|probe.land|land|,trample-green-1,3.5,9,walked_into_shield,,,land
mirror-shade,smoke-screen,w0h-l0,31,true,false,injected,2,play|breach.heat|heat|,hundred-smoke-1,20.75,play|probe.land|land|,trample-green-3,3.5,17.25,walked_into_shield,,,land
mirror-shade,smoke-screen,w0h-l0,32,false,false,injected,2,play|probe.water|water|,long-flow-1,12.75,play|probe.land|land|,trample-green-2,2.75,10,walked_into_shield,,,land
mirror-shade,smoke-screen,w0h-l0,33,false,false,injected,2,play|probe.water|water|,long-flow-2,12.75,play|probe.land|land|,trample-green-3,2.75,10,walked_into_shield,,,land
mirror-shade,smoke-screen,w0h-l0,34,true,true,injected,2,play|probe.water|water|,long-flow-2,12.75,play|probe.land|land|,trample-green-2,2.75,10,walked_into_shield,,,land
mirror-shade,smoke-screen,w0h-l0,35,false,false,injected,2,play|breach.water|water|,spend-tide-1,20.75,play|breach.land|land|,no-green-left-1,9.75,11,walked_into_shield,,,land
mirror-shade,smoke-screen,w0h-l0,36,true,false,injected,3,play|breach.water|water|,spend-tide-1,20.25,play|probe.land|land|,trample-green-2,3,17.25,walked_into_shield,,,land
mirror-shade,smoke-screen,w0h-l0,37,true,true,injected,4,play|probe.land|land|,trample-green-1,-0.5,play|probe.water|water|,long-flow-1,-15.5,15,walked_into_shield,,,water
mirror-shade,smoke-screen,w0h-l0,38,true,true,injected,2,play|probe.heat|heat|,open-chill-2,12.5,play|breach.land|land|,no-green-left-1,9.75,2.75,walked_into_shield,,,land
mirror-shade,smoke-screen,w0h-l0,39,true,false,injected,5,play|probe.land|land|,trample-green-1,12.25,play|probe.water|water|,long-flow-1,2.75,9.5,walked_into_shield,,,water
mirror-shade,smoke-screen,w0h-l0,40,true,false,injected,4,play|disrupt.land|land|,filth-spread-1,10.25,play|probe.land|land|,trample-green-3,-5.5,15.75,missed_interrupt,repair,land,
mirror-shade,smoke-screen,w0h-l0,41,true,false,injected,2,play|breach.water|water|,spend-tide-1,20.75,play|disrupt.land|land|,filth-spread-1,1.75,19,walked_into_shield,,,land
mirror-shade,smoke-screen,w0h-l0,42,true,true,injected,2,play|breach.heat|heat|,hundred-smoke-1,20.75,play|probe.land|land|,trample-green-2,3.5,17.25,walked_into_shield,,,land
mirror-shade,smoke-screen,w0h-l0,43,true,false,injected,2,play|probe.water|water|,long-flow-2,12.75,play|probe.land|land|,trample-green-2,0.75,12,walked_into_shield,,,land
mirror-shade,smoke-screen,w0h-l0,44,true,false,injected,2,play|probe.water|water|,long-flow-3,12.75,play|disrupt.land|land|,filth-spread-1,1,11.75,walked_into_shield,,,land
mirror-shade,smoke-screen,w0h-l0,45,true,false,injected,2,play|probe.heat|heat|,open-chill-1,11.75,play|probe.land|land|,trample-green-1,0.75,11,walked_into_shield,,,land
mirror-shade,smoke-screen,w0h-l0,46,true,false,injected,2,play|probe.water|water|,long-flow-2,12.75,play|disrupt.land|land|,filth-spread-1,1,11.75,walked_into_shield,,,land
mirror-shade,smoke-screen,w0h-l0,47,true,true,injected,3,play|breach.land|land|,no-green-left-1,24.25,play|breach.water|water|,spend-tide-1,2.25,22,walked_into_shield,,,water
mirror-shade,smoke-screen,w0h-l0,48,true,true,injected,2,play|probe.water|water|,long-flow-3,12.75,play|probe.land|land|,trample-green-1,2.75,10,walked_into_shield,,,land
mirror-shade,smoke-screen,w0h-l0,49,false,false,injected,2,play|probe.water|water|,long-flow-1,12.75,play|disrupt.land|land|,filth-spread-1,1,11.75,walked_into_shield,,,land
mirror-shade,smoke-screen,w0h-l0,50,true,false,injected,2,play|breach.heat|heat|,hundred-smoke-1,20.75,play|probe.land|land|,trample-green-2,3.5,17.25,walked_into_shield,,,land
mirror-shade,smoke-screen,w0h-l0,51,true,true,injected,2,play|probe.water|water|,long-flow-1,12.75,play|probe.land|land|,trample-green-3,2.75,10,walked_into_shield,,,land
mirror-shade,smoke-screen,w0h-l0,52,false,false,injected,2,play|breach.heat|heat|,hundred-smoke-1,20.75,play|disrupt.land|land|,filth-spread-1,1.75,19,walked_into_shield,,,land
mirror-shade,smoke-screen,w0h-l0,53,true,true,injected,2,play|probe.water|water|,long-flow-3,12.75,play|probe.land|land|,trample-green-1,0.75,12,walked_into_shield,,,land
mirror-shade,smoke-screen,w0h-l0,54,true,true,injected,2,play|probe.heat|heat|,open-chill-1,12.5,play|breach.land|land|,no-green-left-1,9.75,2.75,walked_into_shield,,,land
mirror-shade,smoke-screen,w0h-l0,55,true,true,injected,2,play|probe.heat|heat|,open-chill-2,12.5,play|disrupt.land|land|,filth-spread-1,1.75,10.75,walked_into_shield,,,land
mirror-shade,smoke-screen,w0h-l0,56,true,false,injected,2,play|probe.water|water|,long-flow-3,12.75,play|probe.land|land|,trample-green-2,2.75,10,walked_into_shield,,,land
mirror-shade,smoke-screen,w0h-l0,57,true,false,injected,2,play|probe.heat|heat|,open-chill-2,11.75,play|probe.land|land|,trample-green-1,0.75,11,walked_into_shield,,,land
mirror-shade,smoke-screen,w0h-l0,58,false,false,injected,2,play|probe.water|water|,long-flow-3,12.75,play|disrupt.land|land|,filth-spread-1,1,11.75,walked_into_shield,,,land
mirror-shade,smoke-screen,w0h-l0,59,true,false,injected,2,play|probe.water|water|,long-flow-1,12.75,play|probe.land|land|,trample-green-1,0.75,12,walked_into_shield,,,land
mirror-shade,smoke-screen,w0h-l0,60,true,true,injected,2,play|breach.heat|heat|,hundred-smoke-1,20.75,play|probe.land|land|,trample-green-3,3.5,17.25,walked_into_shield,,,land
mirror-shade,smoke-screen,w0h-l0,61,true,false,injected,2,play|probe.water|water|,long-flow-1,12.75,play|disrupt.land|land|,filth-spread-1,1,11.75,walked_into_shield,,,land
mirror-shade,smoke-screen,w0h-l0,62,false,false,injected,2,play|probe.heat|heat|,open-chill-2,12.5,play|breach.land|land|,no-green-left-1,9.75,2.75,walked_into_shield,,,land
mirror-shade,smoke-screen,w0h-l0,63,true,false,injected,2,play|probe.water|water|,long-flow-2,12.75,play|probe.land|land|,trample-green-3,0.75,12,walked_into_shield,,,land
mirror-shade,smoke-screen,w0h-l0,64,false,false,injected,2,play|probe.water|water|,long-flow-1,12.75,play|probe.land|land|,trample-green-2,2.75,10,walked_into_shield,,,land
mirror-shade,smoke-screen,w0h-l0,65,false,false,injected,2,play|probe.heat|heat|,open-chill-1,12.5,play|probe.land|land|,trample-green-3,3.5,9,walked_into_shield,,,land
mirror-shade,smoke-screen,w0h-l0,66,true,false,injected,2,play|breach.heat|heat|,hundred-smoke-1,20.75,play|breach.land|land|,no-green-left-1,9.75,11,walked_into_shield,,,land
mirror-shade,smoke-screen,w0h-l0,67,false,true,injected,2,play|breach.heat|heat|,hundred-smoke-1,20.75,play|probe.land|land|,trample-green-2,3.5,17.25,walked_into_shield,,,land
mirror-shade,smoke-screen,w0h-l0,68,true,false,injected,3,play|breach.heat|heat|,hundred-smoke-1,24.25,play|probe.land|land|,trample-green-1,3,21.25,walked_into_shield,,,land
mirror-shade,smoke-screen,w0h-l0,69,true,false,injected,2,play|probe.water|water|,long-flow-1,12.75,play|probe.land|land|,trample-green-2,2.75,10,walked_into_shield,,,land
mirror-shade,smoke-screen,w0h-l0,70,true,false,injected,3,play|breach.water|water|,spend-tide-1,20.25,play|probe.heat|heat|,open-chill-2,3,17.25,walked_into_shield,,,heat
mirror-shade,smoke-screen,w0h-l0,71,true,true,injected,2,play|probe.water|water|,long-flow-2,12.75,play|probe.land|land|,trample-green-3,0.75,12,walked_into_shield,,,land
mirror-shade,smoke-screen,w0h-l0,72,true,true,injected,2,play|breach.heat|heat|,hundred-smoke-1,20.75,play|probe.land|land|,trample-green-2,3.5,17.25,walked_into_shield,,,land
mirror-shade,smoke-screen,w0h-l0,73,true,false,injected,2,play|breach.heat|heat|,hundred-smoke-1,20.75,play|breach.land|land|,no-green-left-1,9.75,11,walked_into_shield,,,land
mirror-shade,smoke-screen,w0h-l0,74,true,true,injected,2,play|breach.heat|heat|,hundred-smoke-1,20.75,play|probe.land|land|,trample-green-1,3.5,17.25,walked_into_shield,,,land
mirror-shade,smoke-screen,w0h-l0,75,true,false,injected,3,play|breach.heat|heat|,hundred-smoke-1,24.25,play|probe.land|land|,trample-green-3,3,21.25,walked_into_shield,,,land
mirror-shade,smoke-screen,w0h-l0,76,false,false,injected,3,play|breach.land|land|,no-green-left-1,23.25,play|probe.water|water|,long-flow-1,-0.5,23.75,walked_into_shield,,,water
mirror-shade,smoke-screen,w0h-l0,77,true,false,injected,2,play|probe.heat|heat|,open-chill-1,12.5,play|breach.land|land|,no-green-left-1,9.75,2.75,walked_into_shield,,,land
mirror-shade,smoke-screen,w0h-l0,78,true,false,injected,2,play|breach.heat|heat|,hundred-smoke-1,20.75,play|breach.land|land|,no-green-left-1,9.75,11,walked_into_shield,,,land
mirror-shade,smoke-screen,w0h-l0,79,false,false,injected,2,play|breach.water|water|,spend-tide-1,20.75,play|probe.land|land|,trample-green-3,3.5,17.25,walked_into_shield,,,land
mirror-shade,smoke-screen,w0h-l0,80,true,false,injected,2,play|breach.heat|heat|,hundred-smoke-1,20.75,play|breach.land|land|,no-green-left-1,9.75,11,walked_into_shield,,,land
mirror-shade,smoke-screen,w0h-l0,81,false,false,injected,2,play|probe.water|water|,long-flow-3,12.75,play|disrupt.land|land|,filth-spread-1,1,11.75,walked_into_shield,,,land
mirror-shade,smoke-screen,w0h-l0,82,true,false,injected,3,play|breach.heat|heat|,hundred-smoke-1,24.25,play|probe.land|land|,trample-green-3,3,21.25,walked_into_shield,,,land
mirror-shade,smoke-screen,w0h-l0,83,true,false,injected,2,play|probe.heat|heat|,open-chill-2,12.5,play|breach.land|land|,no-green-left-1,9.75,2.75,walked_into_shield,,,land
mirror-shade,smoke-screen,w0h-l0,84,true,true,injected,4,play|probe.land|land|,trample-green-2,-0.5,play|probe.water|water|,long-flow-3,-15.5,15,walked_into_shield,,,water
mirror-shade,smoke-screen,w0h-l0,85,false,false,injected,2,play|breach.water|water|,spend-tide-1,20.75,play|breach.land|land|,no-green-left-1,9.75,11,walked_into_shield,,,land
mirror-shade,smoke-screen,w0h-l0,86,false,false,injected,2,play|disrupt.heat|heat|,smoke-screen-1,7,play|probe.land|land|,trample-green-2,0.75,6.25,walked_into_shield,,,land
mirror-shade,smoke-screen,w0h-l0,87,true,true,injected,2,play|probe.heat|heat|,open-chill-2,12.5,play|probe.land|land|,trample-green-2,3.5,9,walked_into_shield,,,land
mirror-shade,smoke-screen,w0h-l0,88,false,false,injected,2,play|probe.water|water|,long-flow-3,12.75,play|probe.land|land|,trample-green-1,2.75,10,walked_into_shield,,,land
mirror-shade,smoke-screen,w0h-l0,89,true,true,injected,2,play|breach.water|water|,spend-tide-1,20.75,play|breach.land|land|,no-green-left-1,9.75,11,walked_into_shield,,,land
mirror-shade,smoke-screen,w0h-l0,90,false,false,injected,2,play|probe.heat|heat|,open-chill-2,12.5,play|breach.land|land|,no-green-left-1,9.75,2.75,walked_into_shield,,,land
mirror-shade,smoke-screen,w0h-l0,91,false,false,injected,2,play|disrupt.water|water|,foul-current-1,7,play|probe.land|land|,trample-green-2,0.75,6.25,walked_into_shield,,,land
mirror-shade,smoke-screen,w0h-l0,92,true,false,injected,3,play|probe.land|land|,trample-green-2,15,play|probe.water|water|,long-flow-2,3,12,walked_into_shield,,,water
mirror-shade,smoke-screen,w0h-l0,93,true,false,injected,3,play|probe.land|land|,trample-green-2,15,play|probe.water|water|,long-flow-3,-0.5,15.5,walked_into_shield,,,water
mirror-shade,smoke-screen,w0h-l0,94,true,false,injected,2,play|probe.water|water|,long-flow-1,12.75,play|probe.land|land|,trample-green-3,2.75,10,walked_into_shield,,,land
mirror-shade,smoke-screen,w0h-l0,95,true,false,injected,2,play|breach.heat|heat|,hundred-smoke-1,20.75,play|probe.land|land|,trample-green-3,3.5,17.25,walked_into_shield,,,land
mirror-shade,smoke-screen,w0h-l0,96,true,true,injected,3,play|breach.land|land|,no-green-left-1,23.25,play|probe.water|water|,long-flow-3,-0.5,23.75,walked_into_shield,,,water
mirror-shade,smoke-screen,w0h-l0,97,true,false,injected,2,play|probe.water|water|,long-flow-1,12.75,play|probe.land|land|,trample-green-2,0.75,12,walked_into_shield,,,land
mirror-shade,smoke-screen,w0h-l0,98,true,true,injected,2,play|probe.water|water|,long-flow-1,12.75,play|probe.land|land|,trample-green-3,2.75,10,walked_into_shield,,,land
mirror-shade,smoke-screen,w0h-l0,99,true,true,injected,2,play|breach.heat|heat|,hundred-smoke-1,20.75,play|probe.land|land|,trample-green-1,3.5,17.25,walked_into_shield,,,land
mirror-shade,smoke-screen,w0h-l0,100,false,false,injected,3,play|breach.heat|heat|,hundred-smoke-1,24.25,play|probe.land|land|,trample-green-1,3,21.25,walked_into_shield,,,land
mirror-shade,smoke-screen,w0h+l0,1,true,false,injected,2,play|probe.water|water|,long-flow-3,12.75,play|probe.land|land|,trample-green-2,2.75,10,walked_into_shield,,,land
mirror-shade,smoke-screen,w0h+l0,2,true,false,injected,2,play|breach.heat|heat|,hundred-smoke-1,21.75,play|disrupt.land|land|,filth-spread-1,1.75,20,walked_into_shield,,,land
mirror-shade,smoke-screen,w0h+l0,3,true,false,injected,3,play|breach.land|land|,no-green-left-1,25,play|breach.water|water|,spend-tide-1,3,22,walked_into_shield,,,water
mirror-shade,smoke-screen,w0h+l0,4,false,false,injected,3,play|breach.heat|heat|,hundred-smoke-1,25.25,play|probe.land|land|,trample-green-1,3,22.25,walked_into_shield,,,land
mirror-shade,smoke-screen,w0h+l0,5,true,false,injected,2,play|breach.heat|heat|,hundred-smoke-1,21.75,play|breach.land|land|,no-green-left-1,9.75,12,walked_into_shield,,,land
mirror-shade,smoke-screen,w0h+l0,6,true,false,injected,2,play|probe.heat|heat|,open-chill-1,13.75,play|probe.land|land|,trample-green-3,2.75,11,walked_into_shield,,,land
mirror-shade,smoke-screen,w0h+l0,7,true,false,injected,3,play|breach.water|water|,spend-tide-1,20.25,play|probe.land|land|,trample-green-1,3,17.25,walked_into_shield,,,land
mirror-shade,smoke-screen,w0h+l0,8,false,false,injected,2,play|breach.heat|heat|,hundred-smoke-1,21.75,play|probe.land|land|,trample-green-3,3.5,18.25,walked_into_shield,,,land
mirror-shade,smoke-screen,w0h+l0,9,true,false,injected,3,play|breach.heat|heat|,hundred-smoke-1,25.25,play|probe.land|land|,trample-green-2,3,22.25,walked_into_shield,,,land
mirror-shade,smoke-screen,w0h+l0,10,false,false,injected,2,play|probe.water|water|,long-flow-3,12.75,play|disrupt.land|land|,filth-spread-1,1,11.75,walked_into_shield,,,land
mirror-shade,smoke-screen,w0h+l0,11,true,true,injected,2,play|breach.water|water|,spend-tide-1,20.75,play|breach.land|land|,no-green-left-1,9.75,11,walked_into_shield,,,land
mirror-shade,smoke-screen,w0h+l0,12,true,false,injected,2,play|breach.water|water|,spend-tide-1,20.75,play|probe.land|land|,trample-green-2,3.5,17.25,walked_into_shield,,,land
mirror-shade,smoke-screen,w0h+l0,13,true,false,injected,4,play|probe.land|land|,trample-green-2,-3.5,play|probe.heat|heat|,open-chill-2,-17,13.5,walked_into_shield,,,heat
mirror-shade,smoke-screen,w0h+l0,14,false,false,injected,2,play|probe.water|water|,long-flow-2,12.75,play|probe.land|land|,trample-green-2,0.75,12,walked_into_shield,,,land
mirror-shade,smoke-screen,w0h+l0,15,true,false,injected,4,play|disrupt.land|land|,filth-spread-1,10.25,play|probe.heat|heat|,open-chill-2,-3.5,13.75,missed_interrupt,repair,land,
mirror-shade,smoke-screen,w0h+l0,16,false,false,injected,2,play|probe.heat|heat|,open-chill-2,13.75,play|disrupt.land|land|,filth-spread-1,1,12.75,walked_into_shield,,,land
mirror-shade,smoke-screen,w0h+l0,17,true,true,injected,3,play|breach.heat|heat|,hundred-smoke-1,25.25,play|probe.land|land|,trample-green-1,3,22.25,walked_into_shield,,,land
mirror-shade,smoke-screen,w0h+l0,18,true,true,injected,3,play|breach.land|land|,no-green-left-1,24.25,play|breach.water|water|,spend-tide-1,2.25,22,walked_into_shield,,,water
mirror-shade,smoke-screen,w0h+l0,19,true,false,injected,2,play|breach.heat|heat|,hundred-smoke-1,21.75,play|probe.land|land|,trample-green-2,3.5,18.25,walked_into_shield,,,land
mirror-shade,smoke-screen,w0h+l0,20,true,false,injected,2,play|probe.heat|heat|,open-chill-1,13.5,play|breach.land|land|,no-green-left-1,9.75,3.75,walked_into_shield,,,land
mirror-shade,smoke-screen,w0h+l0,21,true,false,injected,2,play|probe.water|water|,long-flow-2,12.75,play|probe.land|land|,trample-green-3,2.75,10,walked_into_shield,,,land
mirror-shade,smoke-screen,w0h+l0,22,true,true,injected,2,play|probe.heat|heat|,open-chill-2,13.5,play|breach.land|land|,no-green-left-1,9.75,3.75,walked_into_shield,,,land
mirror-shade,smoke-screen,w0h+l0,23,false,false,injected,2,play|probe.water|water|,long-flow-1,12.75,play|probe.land|land|,trample-green-3,2.75,10,walked_into_shield,,,land
mirror-shade,smoke-screen,w0h+l0,24,true,false,injected,4,play|disrupt.land|land|,filth-spread-1,10.25,play|probe.heat|heat|,open-chill-1,-3.5,13.75,missed_interrupt,repair,land,
mirror-shade,smoke-screen,w0h+l0,25,true,false,injected,3,play|breach.heat|heat|,hundred-smoke-1,23.25,play|probe.water|water|,long-flow-3,-0.5,23.75,walked_into_shield,,,water
mirror-shade,smoke-screen,w0h+l0,26,true,true,injected,2,play|probe.heat|heat|,open-chill-1,13.5,play|breach.land|land|,no-green-left-1,9.75,3.75,walked_into_shield,,,land
mirror-shade,smoke-screen,w0h+l0,27,true,true,injected,4,play|probe.water|water|,long-flow-1,-3.5,play|probe.heat|heat|,open-chill-2,-17,13.5,walked_into_shield,,,heat
mirror-shade,smoke-screen,w0h+l0,28,true,false,injected,2,play|probe.heat|heat|,open-chill-1,13.5,play|breach.land|land|,no-green-left-1,9.75,3.75,walked_into_shield,,,land
mirror-shade,smoke-screen,w0h+l0,29,false,false,injected,2,play|probe.water|water|,long-flow-2,12.75,play|probe.land|land|,trample-green-1,2.75,10,walked_into_shield,,,land
mirror-shade,smoke-screen,w0h+l0,30,true,true,injected,2,play|probe.heat|heat|,open-chill-1,13.5,play|probe.land|land|,trample-green-1,3.5,10,walked_into_shield,,,land
mirror-shade,smoke-screen,w0h+l0,31,true,true,injected,2,play|breach.heat|heat|,hundred-smoke-1,21.75,play|probe.land|land|,trample-green-3,3.5,18.25,walked_into_shield,,,land
mirror-shade,smoke-screen,w0h+l0,32,true,false,injected,2,play|probe.water|water|,long-flow-1,12.75,play|probe.land|land|,trample-green-2,2.75,10,walked_into_shield,,,land
mirror-shade,smoke-screen,w0h+l0,33,false,false,injected,2,play|probe.water|water|,long-flow-2,12.75,play|probe.land|land|,trample-green-3,2.75,10,walked_into_shield,,,land
mirror-shade,smoke-screen,w0h+l0,34,true,true,injected,2,play|probe.water|water|,long-flow-2,12.75,play|probe.land|land|,trample-green-2,2.75,10,walked_into_shield,,,land
mirror-shade,smoke-screen,w0h+l0,35,true,false,injected,2,play|breach.water|water|,spend-tide-1,20.75,play|breach.land|land|,no-green-left-1,9.75,11,walked_into_shield,,,land
mirror-shade,smoke-screen,w0h+l0,36,true,false,injected,3,play|breach.water|water|,spend-tide-1,20.25,play|probe.land|land|,trample-green-2,3,17.25,walked_into_shield,,,land
mirror-shade,smoke-screen,w0h+l0,37,true,true,injected,4,play|probe.land|land|,trample-green-1,-0.5,play|probe.water|water|,long-flow-1,-15.5,15,walked_into_shield,,,water
mirror-shade,smoke-screen,w0h+l0,38,true,true,injected,2,play|probe.heat|heat|,open-chill-2,13.5,play|breach.land|land|,no-green-left-1,9.75,3.75,walked_into_shield,,,land
mirror-shade,smoke-screen,w0h+l0,39,true,false,injected,5,play|probe.land|land|,trample-green-1,12.25,play|probe.water|water|,long-flow-1,2.75,9.5,walked_into_shield,,,water
mirror-shade,smoke-screen,w0h+l0,40,true,true,injected,4,play|disrupt.land|land|,filth-spread-1,10.25,play|probe.land|land|,trample-green-3,-5.5,15.75,missed_interrupt,repair,land,
mirror-shade,smoke-screen,w0h+l0,41,true,false,injected,2,play|breach.water|water|,spend-tide-1,20.75,play|disrupt.land|land|,filth-spread-1,1.75,19,walked_into_shield,,,land
mirror-shade,smoke-screen,w0h+l0,42,true,true,injected,2,play|breach.heat|heat|,hundred-smoke-1,21.75,play|probe.land|land|,trample-green-2,3.5,18.25,walked_into_shield,,,land
mirror-shade,smoke-screen,w0h+l0,43,true,false,injected,2,play|probe.water|water|,long-flow-2,12.75,play|probe.land|land|,trample-green-2,0.75,12,walked_into_shield,,,land
mirror-shade,smoke-screen,w0h+l0,44,true,false,injected,2,play|probe.water|water|,long-flow-3,12.75,play|disrupt.land|land|,filth-spread-1,1,11.75,walked_into_shield,,,land
mirror-shade,smoke-screen,w0h+l0,45,true,false,injected,2,play|probe.heat|heat|,open-chill-1,13.75,play|probe.land|land|,trample-green-1,2.75,11,walked_into_shield,,,land
mirror-shade,smoke-screen,w0h+l0,46,true,false,injected,2,play|probe.water|water|,long-flow-2,12.75,play|disrupt.land|land|,filth-spread-1,1,11.75,walked_into_shield,,,land
mirror-shade,smoke-screen,w0h+l0,47,true,true,injected,3,play|breach.land|land|,no-green-left-1,24.25,play|breach.water|water|,spend-tide-1,2.25,22,walked_into_shield,,,water
mirror-shade,smoke-screen,w0h+l0,48,true,true,injected,2,play|probe.water|water|,long-flow-3,12.75,play|probe.land|land|,trample-green-1,2.75,10,walked_into_shield,,,land
mirror-shade,smoke-screen,w0h+l0,49,true,false,injected,2,play|probe.water|water|,long-flow-1,12.75,play|disrupt.land|land|,filth-spread-1,1,11.75,walked_into_shield,,,land
mirror-shade,smoke-screen,w0h+l0,50,true,false,injected,2,play|breach.heat|heat|,hundred-smoke-1,21.75,play|probe.land|land|,trample-green-2,3.5,18.25,walked_into_shield,,,land
mirror-shade,smoke-screen,w0h+l0,51,true,true,injected,2,play|probe.water|water|,long-flow-1,12.75,play|probe.land|land|,trample-green-3,2.75,10,walked_into_shield,,,land
mirror-shade,smoke-screen,w0h+l0,52,true,false,injected,2,play|breach.heat|heat|,hundred-smoke-1,21.75,play|disrupt.land|land|,filth-spread-1,1.75,20,walked_into_shield,,,land
mirror-shade,smoke-screen,w0h+l0,53,true,true,injected,2,play|probe.water|water|,long-flow-3,12.75,play|probe.land|land|,trample-green-1,0.75,12,walked_into_shield,,,land
mirror-shade,smoke-screen,w0h+l0,54,true,true,injected,2,play|probe.heat|heat|,open-chill-1,13.5,play|breach.land|land|,no-green-left-1,9.75,3.75,walked_into_shield,,,land
mirror-shade,smoke-screen,w0h+l0,55,true,true,injected,2,play|probe.heat|heat|,open-chill-2,13.5,play|disrupt.land|land|,filth-spread-1,1.75,11.75,walked_into_shield,,,land
mirror-shade,smoke-screen,w0h+l0,56,true,false,injected,2,play|probe.water|water|,long-flow-3,12.75,play|probe.land|land|,trample-green-2,2.75,10,walked_into_shield,,,land
mirror-shade,smoke-screen,w0h+l0,57,true,false,injected,2,play|probe.heat|heat|,open-chill-2,13.75,play|probe.land|land|,trample-green-1,2.75,11,walked_into_shield,,,land
mirror-shade,smoke-screen,w0h+l0,58,false,false,injected,2,play|probe.water|water|,long-flow-3,12.75,play|disrupt.land|land|,filth-spread-1,1,11.75,walked_into_shield,,,land
mirror-shade,smoke-screen,w0h+l0,59,true,false,injected,2,play|probe.water|water|,long-flow-1,12.75,play|probe.land|land|,trample-green-1,0.75,12,walked_into_shield,,,land
mirror-shade,smoke-screen,w0h+l0,60,true,true,injected,2,play|breach.heat|heat|,hundred-smoke-1,21.75,play|probe.land|land|,trample-green-3,3.5,18.25,walked_into_shield,,,land
mirror-shade,smoke-screen,w0h+l0,61,true,false,injected,2,play|probe.water|water|,long-flow-1,12.75,play|disrupt.land|land|,filth-spread-1,1,11.75,walked_into_shield,,,land
mirror-shade,smoke-screen,w0h+l0,62,false,false,injected,2,play|probe.heat|heat|,open-chill-2,13.5,play|breach.land|land|,no-green-left-1,9.75,3.75,walked_into_shield,,,land
mirror-shade,smoke-screen,w0h+l0,63,true,false,injected,2,play|probe.water|water|,long-flow-2,12.75,play|probe.land|land|,trample-green-3,0.75,12,walked_into_shield,,,land
mirror-shade,smoke-screen,w0h+l0,64,false,false,injected,2,play|probe.water|water|,long-flow-1,12.75,play|probe.land|land|,trample-green-2,2.75,10,walked_into_shield,,,land
mirror-shade,smoke-screen,w0h+l0,65,false,false,injected,2,play|probe.heat|heat|,open-chill-1,13.5,play|probe.land|land|,trample-green-3,3.5,10,walked_into_shield,,,land
mirror-shade,smoke-screen,w0h+l0,66,true,true,injected,2,play|breach.heat|heat|,hundred-smoke-1,21.75,play|breach.land|land|,no-green-left-1,9.75,12,walked_into_shield,,,land
mirror-shade,smoke-screen,w0h+l0,67,true,true,injected,2,play|breach.heat|heat|,hundred-smoke-1,21.75,play|probe.land|land|,trample-green-2,3.5,18.25,walked_into_shield,,,land
mirror-shade,smoke-screen,w0h+l0,68,true,false,injected,3,play|breach.heat|heat|,hundred-smoke-1,25.25,play|probe.land|land|,trample-green-1,3,22.25,walked_into_shield,,,land
mirror-shade,smoke-screen,w0h+l0,69,true,false,injected,2,play|probe.water|water|,long-flow-1,12.75,play|probe.land|land|,trample-green-2,2.75,10,walked_into_shield,,,land
mirror-shade,smoke-screen,w0h+l0,70,true,true,injected,3,play|breach.water|water|,spend-tide-1,20.25,play|probe.heat|heat|,open-chill-2,3,17.25,walked_into_shield,,,heat
mirror-shade,smoke-screen,w0h+l0,71,true,true,injected,2,play|probe.water|water|,long-flow-2,12.75,play|probe.land|land|,trample-green-3,0.75,12,walked_into_shield,,,land
mirror-shade,smoke-screen,w0h+l0,72,true,true,injected,2,play|breach.heat|heat|,hundred-smoke-1,21.75,play|probe.land|land|,trample-green-2,3.5,18.25,walked_into_shield,,,land
mirror-shade,smoke-screen,w0h+l0,73,true,false,injected,2,play|breach.heat|heat|,hundred-smoke-1,21.75,play|breach.land|land|,no-green-left-1,9.75,12,walked_into_shield,,,land
mirror-shade,smoke-screen,w0h+l0,74,true,true,injected,2,play|breach.heat|heat|,hundred-smoke-1,21.75,play|probe.land|land|,trample-green-1,3.5,18.25,walked_into_shield,,,land
mirror-shade,smoke-screen,w0h+l0,75,true,true,injected,3,play|breach.heat|heat|,hundred-smoke-1,25.25,play|probe.land|land|,trample-green-3,3,22.25,walked_into_shield,,,land
mirror-shade,smoke-screen,w0h+l0,76,false,false,injected,3,play|breach.land|land|,no-green-left-1,23.25,play|probe.water|water|,long-flow-1,-0.5,23.75,walked_into_shield,,,water
mirror-shade,smoke-screen,w0h+l0,77,true,false,injected,2,play|probe.heat|heat|,open-chill-1,13.5,play|breach.land|land|,no-green-left-1,9.75,3.75,walked_into_shield,,,land
mirror-shade,smoke-screen,w0h+l0,78,true,false,injected,2,play|breach.heat|heat|,hundred-smoke-1,21.75,play|breach.land|land|,no-green-left-1,9.75,12,walked_into_shield,,,land
mirror-shade,smoke-screen,w0h+l0,79,true,false,injected,2,play|breach.water|water|,spend-tide-1,20.75,play|probe.land|land|,trample-green-3,3.5,17.25,walked_into_shield,,,land
mirror-shade,smoke-screen,w0h+l0,80,false,false,injected,2,play|breach.heat|heat|,hundred-smoke-1,21.75,play|breach.land|land|,no-green-left-1,9.75,12,walked_into_shield,,,land
mirror-shade,smoke-screen,w0h+l0,81,false,false,injected,2,play|probe.water|water|,long-flow-3,12.75,play|disrupt.land|land|,filth-spread-1,1,11.75,walked_into_shield,,,land
mirror-shade,smoke-screen,w0h+l0,82,true,false,injected,3,play|breach.heat|heat|,hundred-smoke-1,25.25,play|probe.land|land|,trample-green-3,3,22.25,walked_into_shield,,,land
mirror-shade,smoke-screen,w0h+l0,83,true,false,injected,2,play|probe.heat|heat|,open-chill-2,13.5,play|breach.land|land|,no-green-left-1,9.75,3.75,walked_into_shield,,,land
mirror-shade,smoke-screen,w0h+l0,84,true,true,injected,4,play|probe.land|land|,trample-green-2,-0.5,play|probe.water|water|,long-flow-3,-15.5,15,walked_into_shield,,,water
mirror-shade,smoke-screen,w0h+l0,85,false,false,injected,2,play|breach.water|water|,spend-tide-1,20.75,play|breach.land|land|,no-green-left-1,9.75,11,walked_into_shield,,,land
mirror-shade,smoke-screen,w0h+l0,86,false,false,injected,2,play|disrupt.heat|heat|,smoke-screen-1,8,play|probe.land|land|,trample-green-2,0.75,7.25,walked_into_shield,,,land
mirror-shade,smoke-screen,w0h+l0,87,true,true,injected,2,play|probe.heat|heat|,open-chill-2,13.5,play|probe.land|land|,trample-green-2,3.5,10,walked_into_shield,,,land
mirror-shade,smoke-screen,w0h+l0,88,false,false,injected,2,play|probe.water|water|,long-flow-3,12.75,play|probe.land|land|,trample-green-1,2.75,10,walked_into_shield,,,land
mirror-shade,smoke-screen,w0h+l0,89,true,true,injected,2,play|breach.water|water|,spend-tide-1,20.75,play|breach.land|land|,no-green-left-1,9.75,11,walked_into_shield,,,land
mirror-shade,smoke-screen,w0h+l0,90,false,false,injected,2,play|probe.heat|heat|,open-chill-2,13.5,play|breach.land|land|,no-green-left-1,9.75,3.75,walked_into_shield,,,land
mirror-shade,smoke-screen,w0h+l0,91,false,false,injected,2,play|disrupt.water|water|,foul-current-1,7,play|probe.land|land|,trample-green-2,0.75,6.25,walked_into_shield,,,land
mirror-shade,smoke-screen,w0h+l0,92,true,false,injected,3,play|probe.land|land|,trample-green-2,15,play|probe.water|water|,long-flow-2,3,12,walked_into_shield,,,water
mirror-shade,smoke-screen,w0h+l0,93,true,false,injected,3,play|probe.land|land|,trample-green-2,15,play|probe.water|water|,long-flow-3,-0.5,15.5,walked_into_shield,,,water
mirror-shade,smoke-screen,w0h+l0,94,true,false,injected,2,play|probe.water|water|,long-flow-1,12.75,play|probe.land|land|,trample-green-3,2.75,10,walked_into_shield,,,land
mirror-shade,smoke-screen,w0h+l0,95,true,false,injected,2,play|breach.heat|heat|,hundred-smoke-1,21.75,play|probe.land|land|,trample-green-3,3.5,18.25,walked_into_shield,,,land
mirror-shade,smoke-screen,w0h+l0,96,true,true,injected,3,play|breach.heat|heat|,hundred-smoke-1,23.25,play|probe.water|water|,long-flow-3,-0.5,23.75,walked_into_shield,,,water
mirror-shade,smoke-screen,w0h+l0,97,true,false,injected,2,play|probe.water|water|,long-flow-1,12.75,play|probe.land|land|,trample-green-2,0.75,12,walked_into_shield,,,land
mirror-shade,smoke-screen,w0h+l0,98,true,true,injected,2,play|probe.heat|heat|,open-chill-1,13.75,play|probe.land|land|,trample-green-3,2.75,11,walked_into_shield,,,land
mirror-shade,smoke-screen,w0h+l0,99,true,true,injected,2,play|breach.heat|heat|,hundred-smoke-1,21.75,play|probe.land|land|,trample-green-1,3.5,18.25,walked_into_shield,,,land
mirror-shade,smoke-screen,w0h+l0,100,false,false,injected,3,play|breach.heat|heat|,hundred-smoke-1,25.25,play|probe.land|land|,trample-green-1,3,22.25,walked_into_shield,,,land
mirror-shade,smoke-screen,w0h0l-,1,true,false,injected,2,play|probe.water|water|,long-flow-3,12.75,play|probe.land|land|,trample-green-2,2.75,10,walked_into_shield,,,land
mirror-shade,smoke-screen,w0h0l-,2,false,false,injected,2,play|breach.heat|heat|,hundred-smoke-1,21.75,play|disrupt.land|land|,filth-spread-1,1.75,20,walked_into_shield,,,land
mirror-shade,smoke-screen,w0h0l-,3,true,false,injected,3,play|breach.land|land|,no-green-left-1,25,play|breach.water|water|,spend-tide-1,3,22,walked_into_shield,,,water
mirror-shade,smoke-screen,w0h0l-,4,false,false,injected,3,play|breach.heat|heat|,hundred-smoke-1,24.25,play|probe.land|land|,trample-green-1,3,21.25,walked_into_shield,,,land
mirror-shade,smoke-screen,w0h0l-,5,false,false,injected,2,play|breach.heat|heat|,hundred-smoke-1,21.75,play|breach.land|land|,no-green-left-1,8.75,13,walked_into_shield,,,land
mirror-shade,smoke-screen,w0h0l-,6,false,false,injected,2,play|probe.heat|heat|,open-chill-1,12.75,play|probe.land|land|,trample-green-3,2.75,10,walked_into_shield,,,land
mirror-shade,smoke-screen,w0h0l-,7,true,false,injected,3,play|breach.water|water|,spend-tide-1,20.25,play|probe.land|land|,trample-green-1,3,17.25,walked_into_shield,,,land
mirror-shade,smoke-screen,w0h0l-,8,false,false,injected,2,play|breach.heat|heat|,hundred-smoke-1,21.75,play|probe.land|land|,trample-green-3,3.5,18.25,walked_into_shield,,,land
mirror-shade,smoke-screen,w0h0l-,9,true,false,injected,3,play|breach.heat|heat|,hundred-smoke-1,24.25,play|probe.land|land|,trample-green-2,3,21.25,walked_into_shield,,,land
mirror-shade,smoke-screen,w0h0l-,10,false,false,injected,2,play|probe.water|water|,long-flow-3,12.75,play|disrupt.land|land|,filth-spread-1,1,11.75,walked_into_shield,,,land
mirror-shade,smoke-screen,w0h0l-,11,true,true,injected,2,play|breach.water|water|,spend-tide-1,20.75,play|breach.land|land|,no-green-left-1,8.75,12,walked_into_shield,,,land
mirror-shade,smoke-screen,w0h0l-,12,true,false,injected,2,play|breach.water|water|,spend-tide-1,20.75,play|probe.land|land|,trample-green-2,3.5,17.25,walked_into_shield,,,land
mirror-shade,smoke-screen,w0h0l-,13,true,false,injected,3,play|breach.water|water|,spend-tide-1,20.25,play|disrupt.heat|heat|,idle-fume-1,1.25,19,walked_into_shield,,,heat
mirror-shade,smoke-screen,w0h0l-,14,false,false,injected,2,play|probe.water|water|,long-flow-2,12.75,play|probe.land|land|,trample-green-2,0.75,12,walked_into_shield,,,land
mirror-shade,smoke-screen,w0h0l-,15,true,false,injected,4,play|disrupt.land|land|,filth-spread-1,10.25,play|probe.heat|heat|,open-chill-2,-3.5,13.75,missed_interrupt,repair,land,
mirror-shade,smoke-screen,w0h0l-,16,false,false,injected,2,play|probe.water|water|,long-flow-3,12.75,play|disrupt.land|land|,filth-spread-1,1,11.75,walked_into_shield,,,land
mirror-shade,smoke-screen,w0h0l-,17,true,false,injected,3,play|breach.heat|heat|,hundred-smoke-1,24.25,play|probe.land|land|,trample-green-1,3,21.25,walked_into_shield,,,land
mirror-shade,smoke-screen,w0h0l-,18,true,true,injected,3,play|breach.land|land|,no-green-left-1,24.25,play|breach.water|water|,spend-tide-1,2.25,22,walked_into_shield,,,water
mirror-shade,smoke-screen,w0h0l-,19,false,false,injected,2,play|breach.heat|heat|,hundred-smoke-1,21.75,play|probe.land|land|,trample-green-2,3.5,18.25,walked_into_shield,,,land
mirror-shade,smoke-screen,w0h0l-,20,true,false,injected,2,play|probe.heat|heat|,open-chill-1,13.5,play|breach.land|land|,no-green-left-1,8.75,4.75,walked_into_shield,,,land
mirror-shade,smoke-screen,w0h0l-,21,true,false,injected,2,play|probe.water|water|,long-flow-2,12.75,play|probe.land|land|,trample-green-3,2.75,10,walked_into_shield,,,land
mirror-shade,smoke-screen,w0h0l-,22,true,true,injected,2,play|probe.heat|heat|,open-chill-2,13.5,play|breach.land|land|,no-green-left-1,8.75,4.75,walked_into_shield,,,land
mirror-shade,smoke-screen,w0h0l-,23,false,false,injected,2,play|probe.water|water|,long-flow-1,12.75,play|probe.land|land|,trample-green-3,2.75,10,walked_into_shield,,,land
mirror-shade,smoke-screen,w0h0l-,24,true,false,injected,4,play|disrupt.land|land|,filth-spread-1,10.25,play|probe.heat|heat|,open-chill-1,-3.5,13.75,missed_interrupt,repair,land,
mirror-shade,smoke-screen,w0h0l-,25,false,false,injected,3,play|breach.heat|heat|,hundred-smoke-1,23.25,play|probe.water|water|,long-flow-3,-0.5,23.75,walked_into_shield,,,water
mirror-shade,smoke-screen,w0h0l-,26,true,true,injected,2,play|probe.heat|heat|,open-chill-1,13.5,play|breach.land|land|,no-green-left-1,8.75,4.75,walked_into_shield,,,land
mirror-shade,smoke-screen,w0h0l-,27,true,false,injected,3,play|breach.land|land|,no-green-left-1,24.25,play|disrupt.heat|heat|,idle-fume-1,1.25,23,walked_into_shield,,,heat
mirror-shade,smoke-screen,w0h0l-,28,true,false,injected,2,play|probe.heat|heat|,open-chill-1,13.5,play|breach.land|land|,no-green-left-1,8.75,4.75,walked_into_shield,,,land
mirror-shade,smoke-screen,w0h0l-,29,false,false,injected,2,play|probe.water|water|,long-flow-2,12.75,play|probe.land|land|,trample-green-1,2.75,10,walked_into_shield,,,land
mirror-shade,smoke-screen,w0h0l-,30,true,true,injected,2,play|probe.heat|heat|,open-chill-1,13.5,play|probe.land|land|,trample-green-1,3.5,10,walked_into_shield,,,land
mirror-shade,smoke-screen,w0h0l-,31,true,false,injected,2,play|breach.heat|heat|,hundred-smoke-1,21.75,play|probe.land|land|,trample-green-3,3.5,18.25,walked_into_shield,,,land
mirror-shade,smoke-screen,w0h0l-,32,true,false,injected,2,play|probe.water|water|,long-flow-1,12.75,play|probe.land|land|,trample-green-2,2.75,10,walked_into_shield,,,land
mirror-shade,smoke-screen,w0h0l-,33,false,false,injected,2,play|probe.water|water|,long-flow-2,12.75,play|probe.land|land|,trample-green-3,2.75,10,walked_into_shield,,,land
mirror-shade,smoke-screen,w0h0l-,34,true,true,injected,2,play|probe.water|water|,long-flow-2,12.75,play|probe.land|land|,trample-green-2,2.75,10,walked_into_shield,,,land
mirror-shade,smoke-screen,w0h0l-,35,false,false,injected,2,play|breach.water|water|,spend-tide-1,20.75,play|breach.land|land|,no-green-left-1,8.75,12,walked_into_shield,,,land
mirror-shade,smoke-screen,w0h0l-,36,true,false,injected,3,play|breach.water|water|,spend-tide-1,20.25,play|probe.land|land|,trample-green-2,3,17.25,walked_into_shield,,,land
mirror-shade,smoke-screen,w0h0l-,37,true,true,injected,4,play|probe.land|land|,trample-green-1,-1.5,play|probe.water|water|,long-flow-1,-15.5,14,walked_into_shield,,,water
mirror-shade,smoke-screen,w0h0l-,38,true,false,injected,2,play|probe.heat|heat|,open-chill-2,13.5,play|breach.land|land|,no-green-left-1,8.75,4.75,walked_into_shield,,,land
mirror-shade,smoke-screen,w0h0l-,39,true,false,injected,5,play|probe.land|land|,trample-green-1,12.25,play|probe.water|water|,long-flow-1,2.75,9.5,walked_into_shield,,,water
mirror-shade,smoke-screen,w0h0l-,40,true,false,injected,4,play|disrupt.land|land|,filth-spread-1,10.25,play|probe.land|land|,trample-green-3,-5.5,15.75,missed_interrupt,repair,land,
mirror-shade,smoke-screen,w0h0l-,41,true,false,injected,2,play|breach.water|water|,spend-tide-1,20.75,play|disrupt.land|land|,filth-spread-1,1.75,19,walked_into_shield,,,land
mirror-shade,smoke-screen,w0h0l-,42,true,true,injected,2,play|breach.heat|heat|,hundred-smoke-1,21.75,play|probe.land|land|,trample-green-2,3.5,18.25,walked_into_shield,,,land
mirror-shade,smoke-screen,w0h0l-,43,true,false,injected,2,play|probe.water|water|,long-flow-2,12.75,play|probe.land|land|,trample-green-2,0.75,12,walked_into_shield,,,land
mirror-shade,smoke-screen,w0h0l-,44,true,false,injected,2,play|probe.water|water|,long-flow-3,12.75,play|disrupt.land|land|,filth-spread-1,1,11.75,walked_into_shield,,,land
mirror-shade,smoke-screen,w0h0l-,45,true,false,injected,2,play|probe.heat|heat|,open-chill-1,12.75,play|probe.land|land|,trample-green-1,2.75,10,walked_into_shield,,,land
mirror-shade,smoke-screen,w0h0l-,46,true,false,injected,2,play|probe.water|water|,long-flow-2,12.75,play|disrupt.land|land|,filth-spread-1,1,11.75,walked_into_shield,,,land
mirror-shade,smoke-screen,w0h0l-,47,true,true,injected,3,play|breach.land|land|,no-green-left-1,24.25,play|breach.water|water|,spend-tide-1,2.25,22,walked_into_shield,,,water
mirror-shade,smoke-screen,w0h0l-,48,true,true,injected,2,play|probe.water|water|,long-flow-3,12.75,play|probe.land|land|,trample-green-1,2.75,10,walked_into_shield,,,land
mirror-shade,smoke-screen,w0h0l-,49,true,false,injected,2,play|probe.water|water|,long-flow-1,12.75,play|disrupt.land|land|,filth-spread-1,1,11.75,walked_into_shield,,,land
mirror-shade,smoke-screen,w0h0l-,50,true,false,injected,2,play|breach.heat|heat|,hundred-smoke-1,21.75,play|probe.land|land|,trample-green-2,3.5,18.25,walked_into_shield,,,land
mirror-shade,smoke-screen,w0h0l-,51,true,true,injected,2,play|probe.water|water|,long-flow-1,12.75,play|probe.land|land|,trample-green-3,2.75,10,walked_into_shield,,,land
mirror-shade,smoke-screen,w0h0l-,52,false,false,injected,2,play|breach.heat|heat|,hundred-smoke-1,21.75,play|disrupt.land|land|,filth-spread-1,1.75,20,walked_into_shield,,,land
mirror-shade,smoke-screen,w0h0l-,53,true,true,injected,2,play|probe.water|water|,long-flow-3,12.75,play|probe.land|land|,trample-green-1,0.75,12,walked_into_shield,,,land
mirror-shade,smoke-screen,w0h0l-,54,true,true,injected,2,play|probe.heat|heat|,open-chill-1,13.5,play|breach.land|land|,no-green-left-1,8.75,4.75,walked_into_shield,,,land
mirror-shade,smoke-screen,w0h0l-,55,true,true,injected,2,play|probe.heat|heat|,open-chill-2,13.5,play|disrupt.land|land|,filth-spread-1,1.75,11.75,walked_into_shield,,,land
mirror-shade,smoke-screen,w0h0l-,56,true,false,injected,2,play|probe.water|water|,long-flow-3,12.75,play|probe.land|land|,trample-green-2,2.75,10,walked_into_shield,,,land
mirror-shade,smoke-screen,w0h0l-,57,true,false,injected,2,play|probe.heat|heat|,open-chill-2,12.75,play|probe.land|land|,trample-green-1,2.75,10,walked_into_shield,,,land
mirror-shade,smoke-screen,w0h0l-,58,false,false,injected,2,play|probe.water|water|,long-flow-3,12.75,play|disrupt.land|land|,filth-spread-1,1,11.75,walked_into_shield,,,land
mirror-shade,smoke-screen,w0h0l-,59,true,false,injected,2,play|probe.water|water|,long-flow-1,12.75,play|probe.land|land|,trample-green-1,2.75,10,walked_into_shield,,,land
mirror-shade,smoke-screen,w0h0l-,60,true,true,injected,2,play|breach.heat|heat|,hundred-smoke-1,21.75,play|probe.land|land|,trample-green-3,3.5,18.25,walked_into_shield,,,land
mirror-shade,smoke-screen,w0h0l-,61,true,false,injected,2,play|probe.water|water|,long-flow-1,12.75,play|disrupt.land|land|,filth-spread-1,1,11.75,walked_into_shield,,,land
mirror-shade,smoke-screen,w0h0l-,62,false,false,injected,2,play|probe.heat|heat|,open-chill-2,13.5,play|breach.land|land|,no-green-left-1,8.75,4.75,walked_into_shield,,,land
mirror-shade,smoke-screen,w0h0l-,63,true,false,injected,2,play|probe.water|water|,long-flow-2,12.75,play|probe.land|land|,trample-green-3,0.75,12,walked_into_shield,,,land
mirror-shade,smoke-screen,w0h0l-,64,false,false,injected,2,play|probe.water|water|,long-flow-1,12.75,play|probe.land|land|,trample-green-2,2.75,10,walked_into_shield,,,land
mirror-shade,smoke-screen,w0h0l-,65,false,false,injected,2,play|probe.heat|heat|,open-chill-1,13.5,play|probe.land|land|,trample-green-3,3.5,10,walked_into_shield,,,land
mirror-shade,smoke-screen,w0h0l-,66,true,false,injected,2,play|breach.heat|heat|,hundred-smoke-1,21.75,play|breach.land|land|,no-green-left-1,8.75,13,walked_into_shield,,,land
mirror-shade,smoke-screen,w0h0l-,67,false,true,injected,2,play|breach.heat|heat|,hundred-smoke-1,21.75,play|probe.land|land|,trample-green-2,3.5,18.25,walked_into_shield,,,land
mirror-shade,smoke-screen,w0h0l-,68,true,false,injected,3,play|breach.heat|heat|,hundred-smoke-1,24.25,play|probe.land|land|,trample-green-1,3,21.25,walked_into_shield,,,land
mirror-shade,smoke-screen,w0h0l-,69,true,false,injected,2,play|probe.water|water|,long-flow-1,12.75,play|probe.land|land|,trample-green-2,2.75,10,walked_into_shield,,,land
mirror-shade,smoke-screen,w0h0l-,70,true,true,injected,3,play|breach.water|water|,spend-tide-1,20.25,play|probe.heat|heat|,open-chill-2,3,17.25,walked_into_shield,,,heat
mirror-shade,smoke-screen,w0h0l-,71,true,true,injected,2,play|probe.water|water|,long-flow-2,12.75,play|probe.land|land|,trample-green-3,0.75,12,walked_into_shield,,,land
mirror-shade,smoke-screen,w0h0l-,72,true,true,injected,2,play|breach.heat|heat|,hundred-smoke-1,21.75,play|probe.land|land|,trample-green-2,3.5,18.25,walked_into_shield,,,land
mirror-shade,smoke-screen,w0h0l-,73,true,false,injected,2,play|breach.heat|heat|,hundred-smoke-1,21.75,play|breach.land|land|,no-green-left-1,8.75,13,walked_into_shield,,,land
mirror-shade,smoke-screen,w0h0l-,74,true,true,injected,2,play|breach.heat|heat|,hundred-smoke-1,21.75,play|probe.land|land|,trample-green-1,3.5,18.25,walked_into_shield,,,land
mirror-shade,smoke-screen,w0h0l-,75,true,false,injected,3,play|breach.heat|heat|,hundred-smoke-1,24.25,play|probe.land|land|,trample-green-3,3,21.25,walked_into_shield,,,land
mirror-shade,smoke-screen,w0h0l-,76,false,false,injected,3,play|breach.land|land|,no-green-left-1,22.25,play|probe.water|water|,long-flow-1,-0.5,22.75,walked_into_shield,,,water
mirror-shade,smoke-screen,w0h0l-,77,true,false,injected,2,play|probe.heat|heat|,open-chill-1,13.5,play|breach.land|land|,no-green-left-1,8.75,4.75,walked_into_shield,,,land
mirror-shade,smoke-screen,w0h0l-,78,true,false,injected,2,play|breach.heat|heat|,hundred-smoke-1,21.75,play|breach.land|land|,no-green-left-1,8.75,13,walked_into_shield,,,land
mirror-shade,smoke-screen,w0h0l-,79,false,false,injected,2,play|breach.water|water|,spend-tide-1,20.75,play|probe.land|land|,trample-green-3,3.5,17.25,walked_into_shield,,,land
mirror-shade,smoke-screen,w0h0l-,80,false,false,injected,2,play|breach.heat|heat|,hundred-smoke-1,21.75,play|breach.land|land|,no-green-left-1,8.75,13,walked_into_shield,,,land
mirror-shade,smoke-screen,w0h0l-,81,false,false,injected,2,play|probe.water|water|,long-flow-3,12.75,play|disrupt.land|land|,filth-spread-1,1,11.75,walked_into_shield,,,land
mirror-shade,smoke-screen,w0h0l-,82,true,false,injected,3,play|breach.heat|heat|,hundred-smoke-1,24.25,play|probe.land|land|,trample-green-3,3,21.25,walked_into_shield,,,land
mirror-shade,smoke-screen,w0h0l-,83,true,false,injected,2,play|probe.heat|heat|,open-chill-2,13.5,play|breach.land|land|,no-green-left-1,8.75,4.75,walked_into_shield,,,land
mirror-shade,smoke-screen,w0h0l-,84,true,true,injected,4,play|probe.land|land|,trample-green-2,-1.5,play|probe.water|water|,long-flow-3,-15.5,14,walked_into_shield,,,water
mirror-shade,smoke-screen,w0h0l-,85,false,false,injected,2,play|breach.water|water|,spend-tide-1,20.75,play|breach.land|land|,no-green-left-1,8.75,12,walked_into_shield,,,land
mirror-shade,smoke-screen,w0h0l-,86,false,false,injected,2,play|disrupt.water|water|,foul-current-1,10.5,play|disrupt.heat|heat|,smoke-screen-1,7,3.5,missed_interrupt,shield,water,
mirror-shade,smoke-screen,w0h0l-,87,true,true,injected,2,play|probe.heat|heat|,open-chill-2,13.5,play|probe.land|land|,trample-green-2,3.5,10,walked_into_shield,,,land
mirror-shade,smoke-screen,w0h0l-,88,false,false,injected,2,play|probe.water|water|,long-flow-3,12.75,play|probe.land|land|,trample-green-1,2.75,10,walked_into_shield,,,land
mirror-shade,smoke-screen,w0h0l-,89,true,true,injected,2,play|breach.water|water|,spend-tide-1,20.75,play|breach.land|land|,no-green-left-1,8.75,12,walked_into_shield,,,land
mirror-shade,smoke-screen,w0h0l-,90,false,false,injected,2,play|probe.heat|heat|,open-chill-2,13.5,play|breach.land|land|,no-green-left-1,8.75,4.75,walked_into_shield,,,land
mirror-shade,smoke-screen,w0h0l-,91,false,false,injected,2,play|disrupt.water|water|,foul-current-1,7,play|probe.land|land|,trample-green-2,2.75,4.25,walked_into_shield,,,land
mirror-shade,smoke-screen,w0h0l-,92,true,false,injected,3,play|probe.land|land|,trample-green-2,14,play|probe.water|water|,long-flow-2,3,11,walked_into_shield,,,water
mirror-shade,smoke-screen,w0h0l-,93,true,false,injected,3,play|probe.land|land|,trample-green-2,14,play|probe.water|water|,long-flow-3,-0.5,14.5,walked_into_shield,,,water
mirror-shade,smoke-screen,w0h0l-,94,true,false,injected,2,play|probe.water|water|,long-flow-1,12.75,play|probe.land|land|,trample-green-3,2.75,10,walked_into_shield,,,land
mirror-shade,smoke-screen,w0h0l-,95,true,false,injected,2,play|breach.heat|heat|,hundred-smoke-1,21.75,play|probe.land|land|,trample-green-3,3.5,18.25,walked_into_shield,,,land
mirror-shade,smoke-screen,w0h0l-,96,true,true,injected,3,play|breach.heat|heat|,hundred-smoke-1,23.25,play|probe.water|water|,long-flow-3,-0.5,23.75,walked_into_shield,,,water
mirror-shade,smoke-screen,w0h0l-,97,false,false,injected,2,play|probe.water|water|,long-flow-1,12.75,play|probe.land|land|,trample-green-2,0.75,12,walked_into_shield,,,land
mirror-shade,smoke-screen,w0h0l-,98,true,true,injected,2,play|probe.water|water|,long-flow-1,12.75,play|probe.land|land|,trample-green-3,2.75,10,walked_into_shield,,,land
mirror-shade,smoke-screen,w0h0l-,99,true,true,injected,2,play|breach.heat|heat|,hundred-smoke-1,21.75,play|probe.land|land|,trample-green-1,3.5,18.25,walked_into_shield,,,land
mirror-shade,smoke-screen,w0h0l-,100,false,false,injected,3,play|breach.heat|heat|,hundred-smoke-1,24.25,play|probe.land|land|,trample-green-1,3,21.25,walked_into_shield,,,land
mirror-shade,smoke-screen,w0h0l+,1,true,false,injected,2,play|probe.water|water|,long-flow-3,12.75,play|probe.land|land|,trample-green-2,2.75,10,walked_into_shield,,,land
mirror-shade,smoke-screen,w0h0l+,2,true,false,injected,2,play|breach.heat|heat|,hundred-smoke-1,21.75,play|disrupt.land|land|,filth-spread-1,1.75,20,walked_into_shield,,,land
mirror-shade,smoke-screen,w0h0l+,3,true,false,injected,3,play|breach.land|land|,no-green-left-1,26,play|breach.water|water|,spend-tide-1,3,23,walked_into_shield,,,water
mirror-shade,smoke-screen,w0h0l+,4,false,false,injected,3,play|breach.heat|heat|,hundred-smoke-1,24.25,play|probe.land|land|,trample-green-1,3,21.25,walked_into_shield,,,land
mirror-shade,smoke-screen,w0h0l+,5,true,false,injected,2,play|breach.heat|heat|,hundred-smoke-1,21.75,play|breach.land|land|,no-green-left-1,9.75,12,walked_into_shield,,,land
mirror-shade,smoke-screen,w0h0l+,6,false,false,injected,2,play|probe.heat|heat|,open-chill-1,12.75,play|probe.land|land|,trample-green-3,2.75,10,walked_into_shield,,,land
mirror-shade,smoke-screen,w0h0l+,7,true,false,injected,3,play|breach.water|water|,spend-tide-1,20.25,play|probe.land|land|,trample-green-1,3,17.25,walked_into_shield,,,land
mirror-shade,smoke-screen,w0h0l+,8,false,false,injected,2,play|breach.heat|heat|,hundred-smoke-1,21.75,play|probe.land|land|,trample-green-3,3.5,18.25,walked_into_shield,,,land
mirror-shade,smoke-screen,w0h0l+,9,true,false,injected,3,play|breach.heat|heat|,hundred-smoke-1,24.25,play|probe.land|land|,trample-green-2,3,21.25,walked_into_shield,,,land
mirror-shade,smoke-screen,w0h0l+,10,false,false,injected,2,play|probe.water|water|,long-flow-3,12.75,play|disrupt.land|land|,filth-spread-1,1,11.75,walked_into_shield,,,land
mirror-shade,smoke-screen,w0h0l+,11,true,true,injected,2,play|breach.water|water|,spend-tide-1,20.75,play|breach.land|land|,no-green-left-1,9.75,11,walked_into_shield,,,land
mirror-shade,smoke-screen,w0h0l+,12,true,false,injected,2,play|breach.water|water|,spend-tide-1,20.75,play|probe.land|land|,trample-green-2,3.5,17.25,walked_into_shield,,,land
mirror-shade,smoke-screen,w0h0l+,13,true,false,injected,3,play|breach.water|water|,spend-tide-1,20.25,play|disrupt.heat|heat|,idle-fume-1,1.25,19,walked_into_shield,,,heat
mirror-shade,smoke-screen,w0h0l+,14,false,false,injected,2,play|probe.water|water|,long-flow-2,12.75,play|probe.land|land|,trample-green-2,1.75,11,walked_into_shield,,,land
mirror-shade,smoke-screen,w0h0l+,15,true,true,injected,4,play|disrupt.land|land|,filth-spread-1,10.25,play|probe.heat|heat|,open-chill-2,-3.5,13.75,missed_interrupt,repair,land,
mirror-shade,smoke-screen,w0h0l+,16,false,false,injected,2,play|probe.water|water|,long-flow-3,12.75,play|disrupt.land|land|,filth-spread-1,1,11.75,walked_into_shield,,,land
mirror-shade,smoke-screen,w0h0l+,17,true,true,injected,3,play|breach.heat|heat|,hundred-smoke-1,24.25,play|probe.land|land|,trample-green-1,3,21.25,walked_into_shield,,,land
mirror-shade,smoke-screen,w0h0l+,18,true,true,injected,3,play|breach.land|land|,no-green-left-1,25.25,play|breach.water|water|,spend-tide-1,2.25,23,walked_into_shield,,,water
mirror-shade,smoke-screen,w0h0l+,19,true,false,injected,2,play|breach.heat|heat|,hundred-smoke-1,21.75,play|probe.land|land|,trample-green-2,3.5,18.25,walked_into_shield,,,land
mirror-shade,smoke-screen,w0h0l+,20,true,false,injected,2,play|probe.heat|heat|,open-chill-1,13.5,play|breach.land|land|,no-green-left-1,9.75,3.75,walked_into_shield,,,land
mirror-shade,smoke-screen,w0h0l+,21,true,false,injected,2,play|probe.water|water|,long-flow-2,12.75,play|probe.land|land|,trample-green-3,2.75,10,walked_into_shield,,,land
mirror-shade,smoke-screen,w0h0l+,22,true,true,injected,2,play|probe.heat|heat|,open-chill-2,13.5,play|breach.land|land|,no-green-left-1,9.75,3.75,walked_into_shield,,,land
mirror-shade,smoke-screen,w0h0l+,23,false,false,injected,2,play|probe.water|water|,long-flow-1,12.75,play|probe.land|land|,trample-green-3,2.75,10,walked_into_shield,,,land
mirror-shade,smoke-screen,w0h0l+,24,true,false,injected,4,play|disrupt.land|land|,filth-spread-1,10.25,play|probe.heat|heat|,open-chill-1,-3.5,13.75,missed_interrupt,repair,land,
mirror-shade,smoke-screen,w0h0l+,25,true,false,injected,3,play|breach.heat|heat|,hundred-smoke-1,23.25,play|probe.water|water|,long-flow-3,-0.5,23.75,walked_into_shield,,,water
mirror-shade,smoke-screen,w0h0l+,26,true,true,injected,2,play|probe.heat|heat|,open-chill-1,13.5,play|breach.land|land|,no-green-left-1,9.75,3.75,walked_into_shield,,,land
mirror-shade,smoke-screen,w0h0l+,27,true,true,injected,3,play|breach.land|land|,no-green-left-1,25.25,play|disrupt.heat|heat|,idle-fume-1,1.25,24,walked_into_shield,,,heat
mirror-shade,smoke-screen,w0h0l+,28,true,false,injected,2,play|probe.heat|heat|,open-chill-1,13.5,play|breach.land|land|,no-green-left-1,9.75,3.75,walked_into_shield,,,land
mirror-shade,smoke-screen,w0h0l+,29,false,false,injected,2,play|probe.water|water|,long-flow-2,12.75,play|probe.land|land|,trample-green-1,2.75,10,walked_into_shield,,,land
mirror-shade,smoke-screen,w0h0l+,30,true,true,injected,2,play|probe.heat|heat|,open-chill-1,13.5,play|probe.land|land|,trample-green-1,3.5,10,walked_into_shield,,,land
mirror-shade,smoke-screen,w0h0l+,31,true,false,injected,2,play|breach.heat|heat|,hundred-smoke-1,21.75,play|probe.land|land|,trample-green-3,3.5,18.25,walked_into_shield,,,land
mirror-shade,smoke-screen,w0h0l+,32,true,false,injected,2,play|probe.water|water|,long-flow-1,12.75,play|probe.land|land|,trample-green-2,2.75,10,walked_into_shield,,,land
mirror-shade,smoke-screen,w0h0l+,33,false,false,injected,2,play|probe.water|water|,long-flow-2,12.75,play|probe.land|land|,trample-green-3,2.75,10,walked_into_shield,,,land
mirror-shade,smoke-screen,w0h0l+,34,true,true,injected,2,play|probe.water|water|,long-flow-2,12.75,play|probe.land|land|,trample-green-2,2.75,10,walked_into_shield,,,land
mirror-shade,smoke-screen,w0h0l+,35,true,false,injected,2,play|breach.water|water|,spend-tide-1,20.75,play|breach.land|land|,no-green-left-1,9.75,11,walked_into_shield,,,land
mirror-shade,smoke-screen,w0h0l+,36,true,false,injected,3,play|breach.water|water|,spend-tide-1,20.25,play|probe.land|land|,trample-green-2,3,17.25,walked_into_shield,,,land
mirror-shade,smoke-screen,w0h0l+,37,true,true,injected,4,play|probe.land|land|,trample-green-1,-0.5,play|probe.water|water|,long-flow-1,-15.5,15,walked_into_shield,,,water
mirror-shade,smoke-screen,w0h0l+,38,true,true,injected,2,play|probe.heat|heat|,open-chill-2,13.5,play|breach.land|land|,no-green-left-1,9.75,3.75,walked_into_shield,,,land
mirror-shade,smoke-screen,w0h0l+,39,true,false,injected,5,play|probe.land|land|,trample-green-1,13.25,play|probe.water|water|,long-flow-1,2.75,10.5,walked_into_shield,,,water
mirror-shade,smoke-screen,w0h0l+,40,true,true,injected,4,play|disrupt.land|land|,filth-spread-1,10.25,play|probe.land|land|,trample-green-3,-4.5,14.75,missed_interrupt,repair,land,
mirror-shade,smoke-screen,w0h0l+,41,true,false,injected,2,play|breach.water|water|,spend-tide-1,20.75,play|disrupt.land|land|,filth-spread-1,1.75,19,walked_into_shield,,,land
mirror-shade,smoke-screen,w0h0l+,42,true,true,injected,2,play|breach.heat|heat|,hundred-smoke-1,21.75,play|probe.land|land|,trample-green-2,3.5,18.25,walked_into_shield,,,land
mirror-shade,smoke-screen,w0h0l+,43,true,false,injected,2,play|probe.water|water|,long-flow-2,12.75,play|probe.land|land|,trample-green-2,1.75,11,walked_into_shield,,,land
mirror-shade,smoke-screen,w0h0l+,44,true,false,injected,2,play|probe.water|water|,long-flow-3,12.75,play|disrupt.land|land|,filth-spread-1,1,11.75,walked_into_shield,,,land
mirror-shade,smoke-screen,w0h0l+,45,true,false,injected,2,play|probe.heat|heat|,open-chill-1,12.75,play|probe.land|land|,trample-green-1,2.75,10,walked_into_shield,,,land
mirror-shade,smoke-screen,w0h0l+,46,true,false,injected,2,play|probe.water|water|,long-flow-2,12.75,play|disrupt.land|land|,filth-spread-1,1,11.75,walked_into_shield,,,land
mirror-shade,smoke-screen,w0h0l+,47,true,true,injected,3,play|breach.land|land|,no-green-left-1,25.25,play|breach.water|water|,spend-tide-1,2.25,23,walked_into_shield,,,water
mirror-shade,smoke-screen,w0h0l+,48,true,true,injected,2,play|probe.water|water|,long-flow-3,12.75,play|probe.land|land|,trample-green-1,2.75,10,walked_into_shield,,,land
mirror-shade,smoke-screen,w0h0l+,49,true,false,injected,2,play|probe.water|water|,long-flow-1,12.75,play|disrupt.land|land|,filth-spread-1,1,11.75,walked_into_shield,,,land
mirror-shade,smoke-screen,w0h0l+,50,true,false,injected,2,play|breach.heat|heat|,hundred-smoke-1,21.75,play|probe.land|land|,trample-green-2,3.5,18.25,walked_into_shield,,,land
mirror-shade,smoke-screen,w0h0l+,51,true,true,injected,2,play|probe.water|water|,long-flow-1,12.75,play|probe.land|land|,trample-green-3,2.75,10,walked_into_shield,,,land
mirror-shade,smoke-screen,w0h0l+,52,false,false,injected,2,play|breach.heat|heat|,hundred-smoke-1,21.75,play|disrupt.land|land|,filth-spread-1,1.75,20,walked_into_shield,,,land
mirror-shade,smoke-screen,w0h0l+,53,true,true,injected,2,play|probe.water|water|,long-flow-3,12.75,play|probe.land|land|,trample-green-1,1.75,11,walked_into_shield,,,land
mirror-shade,smoke-screen,w0h0l+,54,true,true,injected,2,play|probe.heat|heat|,open-chill-1,13.5,play|breach.land|land|,no-green-left-1,9.75,3.75,walked_into_shield,,,land
mirror-shade,smoke-screen,w0h0l+,55,true,true,injected,2,play|probe.heat|heat|,open-chill-2,13.5,play|disrupt.land|land|,filth-spread-1,1.75,11.75,walked_into_shield,,,land
mirror-shade,smoke-screen,w0h0l+,56,true,false,injected,2,play|probe.water|water|,long-flow-3,12.75,play|probe.land|land|,trample-green-2,2.75,10,walked_into_shield,,,land
mirror-shade,smoke-screen,w0h0l+,57,true,false,injected,2,play|probe.heat|heat|,open-chill-2,12.75,play|probe.land|land|,trample-green-1,2.75,10,walked_into_shield,,,land
mirror-shade,smoke-screen,w0h0l+,58,false,false,injected,2,play|probe.water|water|,long-flow-3,12.75,play|disrupt.land|land|,filth-spread-1,1,11.75,walked_into_shield,,,land
mirror-shade,smoke-screen,w0h0l+,59,true,false,injected,2,play|probe.water|water|,long-flow-1,12.75,play|probe.land|land|,trample-green-1,1.75,11,walked_into_shield,,,land
mirror-shade,smoke-screen,w0h0l+,60,true,true,injected,2,play|breach.heat|heat|,hundred-smoke-1,21.75,play|probe.land|land|,trample-green-3,3.5,18.25,walked_into_shield,,,land
mirror-shade,smoke-screen,w0h0l+,61,true,false,injected,2,play|probe.water|water|,long-flow-1,12.75,play|disrupt.land|land|,filth-spread-1,1,11.75,walked_into_shield,,,land
mirror-shade,smoke-screen,w0h0l+,62,false,false,injected,2,play|probe.heat|heat|,open-chill-2,13.5,play|breach.land|land|,no-green-left-1,9.75,3.75,walked_into_shield,,,land
mirror-shade,smoke-screen,w0h0l+,63,true,false,injected,2,play|probe.water|water|,long-flow-2,12.75,play|probe.land|land|,trample-green-3,1.75,11,walked_into_shield,,,land
mirror-shade,smoke-screen,w0h0l+,64,false,false,injected,2,play|probe.water|water|,long-flow-1,12.75,play|probe.land|land|,trample-green-2,2.75,10,walked_into_shield,,,land
mirror-shade,smoke-screen,w0h0l+,65,false,false,injected,2,play|probe.heat|heat|,open-chill-1,13.5,play|probe.land|land|,trample-green-3,3.5,10,walked_into_shield,,,land
mirror-shade,smoke-screen,w0h0l+,66,true,true,injected,2,play|breach.heat|heat|,hundred-smoke-1,21.75,play|breach.land|land|,no-green-left-1,9.75,12,walked_into_shield,,,land
mirror-shade,smoke-screen,w0h0l+,67,true,true,injected,2,play|breach.heat|heat|,hundred-smoke-1,21.75,play|probe.land|land|,trample-green-2,3.5,18.25,walked_into_shield,,,land
mirror-shade,smoke-screen,w0h0l+,68,true,false,injected,3,play|breach.heat|heat|,hundred-smoke-1,24.25,play|probe.land|land|,trample-green-1,3,21.25,walked_into_shield,,,land
mirror-shade,smoke-screen,w0h0l+,69,true,false,injected,2,play|probe.water|water|,long-flow-1,12.75,play|probe.land|land|,trample-green-2,2.75,10,walked_into_shield,,,land
mirror-shade,smoke-screen,w0h0l+,70,true,true,injected,3,play|breach.water|water|,spend-tide-1,20.25,play|probe.heat|heat|,open-chill-2,3,17.25,walked_into_shield,,,heat
mirror-shade,smoke-screen,w0h0l+,71,true,true,injected,2,play|probe.water|water|,long-flow-2,12.75,play|probe.land|land|,trample-green-3,1.75,11,walked_into_shield,,,land
mirror-shade,smoke-screen,w0h0l+,72,true,true,injected,2,play|breach.heat|heat|,hundred-smoke-1,21.75,play|probe.land|land|,trample-green-2,3.5,18.25,walked_into_shield,,,land
mirror-shade,smoke-screen,w0h0l+,73,true,false,injected,2,play|breach.heat|heat|,hundred-smoke-1,21.75,play|breach.land|land|,no-green-left-1,9.75,12,walked_into_shield,,,land
mirror-shade,smoke-screen,w0h0l+,74,true,true,injected,2,play|breach.heat|heat|,hundred-smoke-1,21.75,play|probe.land|land|,trample-green-1,3.5,18.25,walked_into_shield,,,land
mirror-shade,smoke-screen,w0h0l+,75,true,true,injected,3,play|breach.heat|heat|,hundred-smoke-1,24.25,play|probe.land|land|,trample-green-3,3,21.25,walked_into_shield,,,land
mirror-shade,smoke-screen,w0h0l+,76,false,false,injected,3,play|breach.land|land|,no-green-left-1,23.25,play|probe.water|water|,long-flow-1,-0.5,23.75,walked_into_shield,,,water
mirror-shade,smoke-screen,w0h0l+,77,true,false,injected,2,play|probe.heat|heat|,open-chill-1,13.5,play|breach.land|land|,no-green-left-1,9.75,3.75,walked_into_shield,,,land
mirror-shade,smoke-screen,w0h0l+,78,true,false,injected,2,play|breach.heat|heat|,hundred-smoke-1,21.75,play|breach.land|land|,no-green-left-1,9.75,12,walked_into_shield,,,land
mirror-shade,smoke-screen,w0h0l+,79,false,false,injected,2,play|breach.water|water|,spend-tide-1,20.75,play|probe.land|land|,trample-green-3,3.5,17.25,walked_into_shield,,,land
mirror-shade,smoke-screen,w0h0l+,80,false,false,injected,2,play|breach.heat|heat|,hundred-smoke-1,21.75,play|breach.land|land|,no-green-left-1,9.75,12,walked_into_shield,,,land
mirror-shade,smoke-screen,w0h0l+,81,false,false,injected,2,play|probe.water|water|,long-flow-3,12.75,play|disrupt.land|land|,filth-spread-1,1,11.75,walked_into_shield,,,land
mirror-shade,smoke-screen,w0h0l+,82,true,false,injected,3,play|breach.heat|heat|,hundred-smoke-1,24.25,play|probe.land|land|,trample-green-3,3,21.25,walked_into_shield,,,land
mirror-shade,smoke-screen,w0h0l+,83,true,false,injected,2,play|probe.heat|heat|,open-chill-2,13.5,play|breach.land|land|,no-green-left-1,9.75,3.75,walked_into_shield,,,land
mirror-shade,smoke-screen,w0h0l+,84,true,true,injected,4,play|probe.land|land|,trample-green-2,-0.5,play|probe.water|water|,long-flow-3,-15.5,15,walked_into_shield,,,water
mirror-shade,smoke-screen,w0h0l+,85,true,false,injected,2,play|breach.water|water|,spend-tide-1,20.75,play|breach.land|land|,no-green-left-1,9.75,11,walked_into_shield,,,land
mirror-shade,smoke-screen,w0h0l+,86,false,false,injected,2,play|disrupt.heat|heat|,smoke-screen-1,7,play|probe.land|land|,trample-green-2,1.75,5.25,walked_into_shield,,,land
mirror-shade,smoke-screen,w0h0l+,87,true,true,injected,2,play|probe.heat|heat|,open-chill-2,13.5,play|probe.land|land|,trample-green-2,3.5,10,walked_into_shield,,,land
mirror-shade,smoke-screen,w0h0l+,88,false,false,injected,2,play|probe.water|water|,long-flow-3,12.75,play|probe.land|land|,trample-green-1,2.75,10,walked_into_shield,,,land
mirror-shade,smoke-screen,w0h0l+,89,true,true,injected,2,play|breach.water|water|,spend-tide-1,20.75,play|breach.land|land|,no-green-left-1,9.75,11,walked_into_shield,,,land
mirror-shade,smoke-screen,w0h0l+,90,false,false,injected,2,play|probe.heat|heat|,open-chill-2,13.5,play|breach.land|land|,no-green-left-1,9.75,3.75,walked_into_shield,,,land
mirror-shade,smoke-screen,w0h0l+,91,false,false,injected,2,play|disrupt.water|water|,foul-current-1,7,play|probe.land|land|,trample-green-2,1.75,5.25,walked_into_shield,,,land
mirror-shade,smoke-screen,w0h0l+,92,true,false,injected,3,play|probe.land|land|,trample-green-2,15,play|probe.water|water|,long-flow-2,3,12,walked_into_shield,,,water
mirror-shade,smoke-screen,w0h0l+,93,true,false,injected,3,play|probe.land|land|,trample-green-2,15,play|probe.water|water|,long-flow-3,-0.5,15.5,walked_into_shield,,,water
mirror-shade,smoke-screen,w0h0l+,94,true,false,injected,2,play|probe.water|water|,long-flow-1,12.75,play|probe.land|land|,trample-green-3,2.75,10,walked_into_shield,,,land
mirror-shade,smoke-screen,w0h0l+,95,true,false,injected,2,play|breach.heat|heat|,hundred-smoke-1,21.75,play|probe.land|land|,trample-green-3,3.5,18.25,walked_into_shield,,,land
mirror-shade,smoke-screen,w0h0l+,96,true,true,injected,3,play|breach.heat|heat|,hundred-smoke-1,23.25,play|probe.water|water|,long-flow-3,-0.5,23.75,walked_into_shield,,,water
mirror-shade,smoke-screen,w0h0l+,97,true,false,injected,2,play|probe.water|water|,long-flow-1,12.75,play|probe.land|land|,trample-green-2,1.75,11,walked_into_shield,,,land
mirror-shade,smoke-screen,w0h0l+,98,true,true,injected,2,play|probe.water|water|,long-flow-1,12.75,play|probe.land|land|,trample-green-3,2.75,10,walked_into_shield,,,land
mirror-shade,smoke-screen,w0h0l+,99,true,true,injected,2,play|breach.heat|heat|,hundred-smoke-1,21.75,play|probe.land|land|,trample-green-1,3.5,18.25,walked_into_shield,,,land
mirror-shade,smoke-screen,w0h0l+,100,false,false,injected,3,play|breach.heat|heat|,hundred-smoke-1,24.25,play|probe.land|land|,trample-green-1,3,21.25,walked_into_shield,,,land
