level,sequence,deck,scenario,strategy,games,wins,win_rate,avg_end_turn,avg_winning_turn_budget_used,avg_core_remaining_on_loss,illegal_choices,avg_phase_changes,city_repairs,city_repair_amount,shields_raised,shield_absorbed,interrupts,interrupts_failed,repairs_interrupted,shields_interrupted,breaches_opened,breaches_used,breaches_wasted,combos,pulse_refunds,overhaul_started,overhaul_stopped,overhaul_completed,missed_actions,ultimate_uses,pulse_windows,repair_windows,mirror_baits,mirror_followup_windows,mirror_switch_hits,mirror_switch_breaches,mirror_switch_core_damage,planner_baseline_wins,mistakes_injected,eligible_mistake_games,recoveries_after_mistake,no_eligible_mistake_games,missed_interrupt_mistakes,walked_into_shield_mistakes,recovery_rate,eligible_mistake_coverage,avg_finite_score_delta,min_finite_score_delta,mistakes_skipping_a_winning_move,avg_level_phase_changes,act_1_id,act_1_reach_rate,act_1_avg_entry_turn,act_2_id,act_2_reach_rate,act_2_avg_entry_turn,act_3_id,act_3_reach_rate,act_3_avg_entry_turn,diagnostic_games,diagnostic_ultimate_uses,diagnostic_ultimate_games,diagnostic_first_ultimate_turn_sum,diagnostic_winning_ultimate_games,diagnostic_winning_first_ultimate_turn_sum,diagnostic_terminal_games,diagnostic_terminal_malice_sum,diagnostic_terminal_wins,diagnostic_terminal_malice_wins_sum,diagnostic_terminal_losses,diagnostic_terminal_malice_losses_sum,diagnostic_pulse_windows,diagnostic_pulse_refunds,diagnostic_repair_windows,diagnostic_repairs_interrupted,diagnostic_mirror_baits,diagnostic_mirror_followup_windows,diagnostic_mirror_switch_hits,diagnostic_mirror_switch_breaches,diagnostic_mirror_switch_core_damage,diagnostic_mirror_breach_games,diagnostic_mirror_breach_wins,diagnostic_ultimate_use_rate,diagnostic_avg_first_ultimate_turn,diagnostic_avg_winning_first_ultimate_turn,diagnostic_avg_terminal_malice,diagnostic_avg_terminal_malice_wins,diagnostic_avg_terminal_malice_losses,diagnostic_pulse_combo_use_rate,diagnostic_repair_interrupt_rate,diagnostic_mirror_switch_hit_rate,diagnostic_mirror_switch_breach_rate,diagnostic_mirror_breach_win_rate
empty-cup,1,starter,w-h-l-,random,300,1,0.0033,8,1,53.104,0,0,1.87,35.297,0,0,0.13,1.207,0.13,0,0.727,0.517,0.21,0.89,0,0,0,0,0,0.003,0,2,0,0,0,0,0,,,,,,,,,,,,,2,trial-cup,1,1,cut-supply,1,3,empty-cup-quiz,1,5,300,1,1,8,1,8,300,2068,1,1,299,2067,0,0,600,39,0,0,0,0,0,0,0,0.0033,8,8,6.8933,1,6.913,,0.065,,,
empty-cup,1,starter,w-h-l-,single-water,300,0,0,8,,58.597,0,0,2,38.967,0,0,0,0,0,0,0.997,0.97,0.027,0,0,0,0,0,0,0,0,2,0,0,0,0,0,,,,,,,,,,,,,2,trial-cup,1,1,cut-supply,1,3,empty-cup-quiz,1,5,300,0,0,0,0,0,300,2168,0,0,300,2168,0,0,600,0,0,0,0,0,0,0,0,0,,,7.2267,,7.2267,,0,,,
empty-cup,1,starter,w-h-l-,legacy-cycle,300,0,0,8,,16.037,0,0,2,39,0,0,0,0,0,0,0.257,0.003,0.253,2.87,0,0,0,0,0,0.907,0,2,0,0,0,0,0,,,,,,,,,,,,,2,trial-cup,1,1,cut-supply,1,3,empty-cup-quiz,1,5,300,272,272,1959,0,0,300,1529,0,0,300,1529,0,0,600,0,0,0,0,0,0,0,0,0.9067,7.2022,,5.0967,,5.0967,,0,,,
empty-cup,1,starter,w-h-l-,greedy,300,257,0.8567,7.373,0.9086,5.767,0,0,1.287,24.947,0,0,0.49,0.107,0.49,0,1.717,1.587,0.13,1.263,0,0,0,0,0,0.007,0,1.99,0,0,0,0,0,,,,,,,,,,,,,2,trial-cup,1,1,cut-supply,1,3,empty-cup-quiz,1,5,300,2,2,14,2,14,300,627,257,526,43,101,0,0,597,147,0,0,0,0,0,0,0,0.0067,7,7,2.09,2.0467,2.3488,,0.2462,,,
empty-cup,1,starter,w-h-l-,planner,300,265,0.8833,7.123,0.8759,21,0,0,1.15,22.297,0,0,0.487,0.037,0.487,0,1.68,1.577,0.103,1.603,0,0,0,0,0,0.007,0,1.957,0,0,0,0,0,,,,,,,,,,,,,2,trial-cup,1,1,cut-supply,1,3,empty-cup-quiz,1,5,300,2,2,15,2,15,300,708,265,459,35,249,0,0,587,146,0,0,0,0,0,0,0,0.0067,7.5,7.5,2.36,1.7321,7.1143,,0.2487,,,
empty-cup,1,starter,w-h-l-,forecast-aware,300,239,0.7967,7.403,0.9064,4.984,0,0,1.323,25.743,0,0,0.483,0,0.483,0,1.68,1.537,0.143,2.287,0,0,0,0,0,0.07,0,1.96,0,0,0,0,0,,,,,,,,,,,,,2,trial-cup,1,1,cut-supply,1,3,empty-cup-quiz,1,5,300,21,21,151,21,151,300,546,239,410,61,136,0,0,588,145,0,0,0,0,0,0,0,0.07,7.1905,7.1905,1.82,1.7155,2.2295,,0.2466,,,
empty-cup,1,starter,w-h-l-,planner-one-mistake,300,231,0.77,7.497,0.9183,20.159,0,0,1.707,33.133,0,0,0.07,0.04,0.07,0,1.767,1.713,0.053,1.257,0,0,0,0,0,0.023,0,2,0,0,0,0,0,265,146,146,112,154,146,0,0.7671,0.5509,6.6866,0.5,0,2,trial-cup,1,1,cut-supply,1,3,empty-cup-quiz,1,5,300,7,7,51,7,51,300,826,231,332,69,494,0,0,600,21,0,0,0,0,0,0,0,0.0233,7.2857,7.2857,2.7533,1.4372,7.1594,,0.035,,,
empty-cup,1,starter,w-h-l0,random,300,1,0.0033,8,1,53.104,0,0,1.87,35.297,0,0,0.13,1.207,0.13,0,0.727,0.517,0.21,0.89,0,0,0,0,0,0.003,0,2,0,0,0,0,0,,,,,,,,,,,,,2,trial-cup,1,1,cut-supply,1,3,empty-cup-quiz,1,5,300,1,1,8,1,8,300,2068,1,1,299,2067,0,0,600,39,0,0,0,0,0,0,0,0.0033,8,8,6.8933,1,6.913,,0.065,,,
empty-cup,1,starter,w-h-l0,single-water,300,0,0,8,,58.597,0,0,2,38.967,0,0,0,0,0,0,0.997,0.97,0.027,0,0,0,0,0,0,0,0,2,0,0,0,0,0,,,,,,,,,,,,,2,trial-cup,1,1,cut-supply,1,3,empty-cup-quiz,1,5,300,0,0,0,0,0,300,2168,0,0,300,2168,0,0,600,0,0,0,0,0,0,0,0,0,,,7.2267,,7.2267,,0,,,
empty-cup,1,starter,w-h-l0,legacy-cycle,300,0,0,8,,16.037,0,0,2,39,0,0,0,0,0,0,0.257,0.003,0.253,2.87,0,0,0,0,0,0.907,0,2,0,0,0,0,0,,,,,,,,,,,,,2,trial-cup,1,1,cut-supply,1,3,empty-cup-quiz,1,5,300,272,272,1959,0,0,300,1529,0,0,300,1529,0,0,600,0,0,0,0,0,0,0,0,0.9067,7.2022,,5.0967,,5.0967,,0,,,
empty-cup,1,starter,w-h-l0,greedy,300,257,0.8567,7.373,0.9086,5.767,0,0,1.287,24.947,0,0,0.49,0.107,0.49,0,1.717,1.587,0.13,1.263,0,0,0,0,0,0.007,0,1.99,0,0,0,0,0,,,,,,,,,,,,,2,trial-cup,1,1,cut-supply,1,3,empty-cup-quiz,1,5,300,2,2,14,2,14,300,627,257,526,43,101,0,0,597,147,0,0,0,0,0,0,0,0.0067,7,7,2.09,2.0467,2.3488,,0.2462,,,
empty-cup,1,starter,w-h-l0,planner,300,265,0.8833,7.123,0.8759,21,0,0,1.15,22.297,0,0,0.487,0.037,0.487,0,1.68,1.577,0.103,1.603,0,0,0,0,0,0.007,0,1.957,0,0,0,0,0,,,,,,,,,,,,,2,trial-cup,1,1,cut-supply,1,3,empty-cup-quiz,1,5,300,2,2,15,2,15,300,708,265,459,35,249,0,0,587,146,0,0,0,0,0,0,0,0.0067,7.5,7.5,2.36,1.7321,7.1143,,0.2487,,,
empty-cup,1,starter,w-h-l0,forecast-aware,300,239,0.7967,7.403,0.9064,4.984,0,0,1.323,25.743,0,0,0.483,0,0.483,0,1.68,1.537,0.143,2.287,0,0,0,0,0,0.07,0,1.96,0,0,0,0,0,,,,,,,,,,,,,2,trial-cup,1,1,cut-supply,1,3,empty-cup-quiz,1,5,300,21,21,151,21,151,300,546,239,410,61,136,0,0,588,145,0,0,0,0,0,0,0,0.07,7.1905,7.1905,1.82,1.7155,2.2295,,0.2466,,,
empty-cup,1,starter,w-h-l0,planner-one-mistake,300,231,0.77,7.497,0.9183,20.159,0,0,1.707,33.133,0,0,0.07,0.04,0.07,0,1.767,1.713,0.053,1.257,0,0,0,0,0,0.023,0,2,0,0,0,0,0,265,146,146,112,154,146,0,0.7671,0.5509,6.6866,0.5,0,2,trial-cup,1,1,cut-supply,1,3,empty-cup-quiz,1,5,300,7,7,51,7,51,300,826,231,332,69,494,0,0,600,21,0,0,0,0,0,0,0,0.0233,7.2857,7.2857,2.7533,1.4372,7.1594,,0.035,,,
empty-cup,1,starter,w-h-l+,random,300,1,0.0033,8,1,53.104,0,0,1.87,35.297,0,0,0.13,1.207,0.13,0,0.727,0.517,0.21,0.89,0,0,0,0,0,0.003,0,2,0,0,0,0,0,,,,,,,,,,,,,2,trial-cup,1,1,cut-supply,1,3,empty-cup-quiz,1,5,300,1,1,8,1,8,300,2068,1,1,299,2067,0,0,600,39,0,0,0,0,0,0,0,0.0033,8,8,6.8933,1,6.913,,0.065,,,
empty-cup,1,starter,w-h-l+,single-water,300,0,0,8,,58.597,0,0,2,38.967,0,0,0,0,0,0,0.997,0.97,0.027,0,0,0,0,0,0,0,0,2,0,0,0,0,0,,,,,,,,,,,,,2,trial-cup,1,1,cut-supply,1,3,empty-cup-quiz,1,5,300,0,0,0,0,0,300,2168,0,0,300,2168,0,0,600,0,0,0,0,0,0,0,0,0,,,7.2267,,7.2267,,0,,,
empty-cup,1,starter,w-h-l+,legacy-cycle,300,0,0,8,,16.037,0,0,2,39,0,0,0,0,0,0,0.257,0.003,0.253,2.87,0,0,0,0,0,0.907,0,2,0,0,0,0,0,,,,,,,,,,,,,2,trial-cup,1,1,cut-supply,1,3,empty-cup-quiz,1,5,300,272,272,1959,0,0,300,1529,0,0,300,1529,0,0,600,0,0,0,0,0,0,0,0,0.9067,7.2022,,5.0967,,5.0967,,0,,,
empty-cup,1,starter,w-h-l+,greedy,300,257,0.8567,7.373,0.9086,5.767,0,0,1.287,24.947,0,0,0.49,0.107,0.49,0,1.717,1.587,0.13,1.263,0,0,0,0,0,0.007,0,1.99,0,0,0,0,0,,,,,,,,,,,,,2,trial-cup,1,1,cut-supply,1,3,empty-cup-quiz,1,5,300,2,2,14,2,14,300,627,257,526,43,101,0,0,597,147,0,0,0,0,0,0,0,0.0067,7,7,2.09,2.0467,2.3488,,0.2462,,,
empty-cup,1,starter,w-h-l+,planner,300,265,0.8833,7.123,0.8759,21,0,0,1.15,22.297,0,0,0.487,0.037,0.487,0,1.68,1.577,0.103,1.603,0,0,0,0,0,0.007,0,1.957,0,0,0,0,0,,,,,,,,,,,,,2,trial-cup,1,1,cut-supply,1,3,empty-cup-quiz,1,5,300,2,2,15,2,15,300,708,265,459,35,249,0,0,587,146,0,0,0,0,0,0,0,0.0067,7.5,7.5,2.36,1.7321,7.1143,,0.2487,,,
empty-cup,1,starter,w-h-l+,forecast-aware,300,239,0.7967,7.403,0.9064,4.984,0,0,1.323,25.743,0,0,0.483,0,0.483,0,1.68,1.537,0.143,2.287,0,0,0,0,0,0.07,0,1.96,0,0,0,0,0,,,,,,,,,,,,,2,trial-cup,1,1,cut-supply,1,3,empty-cup-quiz,1,5,300,21,21,151,21,151,300,546,239,410,61,136,0,0,588,145,0,0,0,0,0,0,0,0.07,7.1905,7.1905,1.82,1.7155,2.2295,,0.2466,,,
empty-cup,1,starter,w-h-l+,planner-one-mistake,300,231,0.77,7.497,0.9183,20.159,0,0,1.707,33.133,0,0,0.07,0.04,0.07,0,1.767,1.713,0.053,1.257,0,0,0,0,0,0.023,0,2,0,0,0,0,0,265,146,146,112,154,146,0,0.7671,0.5509,6.6866,0.5,0,2,trial-cup,1,1,cut-supply,1,3,empty-cup-quiz,1,5,300,7,7,51,7,51,300,826,231,332,69,494,0,0,600,21,0,0,0,0,0,0,0,0.0233,7.2857,7.2857,2.7533,1.4372,7.1594,,0.035,,,
empty-cup,1,starter,w-h0l-,random,300,1,0.0033,8,1,53.104,0,0,1.87,35.297,0,0,0.13,1.207,0.13,0,0.727,0.517,0.21,0.89,0,0,0,0,0,0.003,0,2,0,0,0,0,0,,,,,,,,,,,,,2,trial-cup,1,1,cut-supply,1,3,empty-cup-quiz,1,5,300,1,1,8,1,8,300,2068,1,1,299,2067,0,0,600,39,0,0,0,0,0,0,0,0.0033,8,8,6.8933,1,6.913,,0.065,,,
empty-cup,1,starter,w-h0l-,single-water,300,0,0,8,,58.597,0,0,2,38.967,0,0,0,0,0,0,0.997,0.97,0.027,0,0,0,0,0,0,0,0,2,0,0,0,0,0,,,,,,,,,,,,,2,trial-cup,1,1,cut-supply,1,3,empty-cup-quiz,1,5,300,0,0,0,0,0,300,2168,0,0,300,2168,0,0,600,0,0,0,0,0,0,0,0,0,,,7.2267,,7.2267,,0,,,
empty-cup,1,starter,w-h0l-,legacy-cycle,300,0,0,8,,16.037,0,0,2,39,0,0,0,0,0,0,0.257,0.003,0.253,2.87,0,0,0,0,0,0.907,0,2,0,0,0,0,0,,,,,,,,,,,,,2,trial-cup,1,1,cut-supply,1,3,empty-cup-quiz,1,5,300,272,272,1959,0,0,300,1529,0,0,300,1529,0,0,600,0,0,0,0,0,0,0,0,0.9067,7.2022,,5.0967,,5.0967,,0,,,
empty-cup,1,starter,w-h0l-,greedy,300,257,0.8567,7.373,0.9086,5.767,0,0,1.287,24.947,0,0,0.49,0.107,0.49,0,1.717,1.587,0.13,1.263,0,0,0,0,0,0.007,0,1.99,0,0,0,0,0,,,,,,,,,,,,,2,trial-cup,1,1,cut-supply,1,3,empty-cup-quiz,1,5,300,2,2,14,2,14,300,627,257,526,43,101,0,0,597,147,0,0,0,0,0,0,0,0.0067,7,7,2.09,2.0467,2.3488,,0.2462,,,
empty-cup,1,starter,w-h0l-,planner,300,265,0.8833,7.123,0.8759,21,0,0,1.15,22.297,0,0,0.487,0.037,0.487,0,1.68,1.577,0.103,1.603,0,0,0,0,0,0.007,0,1.957,0,0,0,0,0,,,,,,,,,,,,,2,trial-cup,1,1,cut-supply,1,3,empty-cup-quiz,1,5,300,2,2,15,2,15,300,708,265,459,35,249,0,0,587,146,0,0,0,0,0,0,0,0.0067,7.5,7.5,2.36,1.7321,7.1143,,0.2487,,,
empty-cup,1,starter,w-h0l-,forecast-aware,300,239,0.7967,7.403,0.9064,4.984,0,0,1.323,25.743,0,0,0.483,0,0.483,0,1.68,1.537,0.143,2.287,0,0,0,0,0,0.07,0,1.96,0,0,0,0,0,,,,,,,,,,,,,2,trial-cup,1,1,cut-supply,1,3,empty-cup-quiz,1,5,300,21,21,151,21,151,300,546,239,410,61,136,0,0,588,145,0,0,0,0,0,0,0,0.07,7.1905,7.1905,1.82,1.7155,2.2295,,0.2466,,,
empty-cup,1,starter,w-h0l-,planner-one-mistake,300,231,0.77,7.497,0.9183,20.159,0,0,1.707,33.133,0,0,0.07,0.04,0.07,0,1.767,1.713,0.053,1.257,0,0,0,0,0,0.023,0,2,0,0,0,0,0,265,146,146,112,154,146,0,0.7671,0.5509,6.6866,0.5,0,2,trial-cup,1,1,cut-supply,1,3,empty-cup-quiz,1,5,300,7,7,51,7,51,300,826,231,332,69,494,0,0,600,21,0,0,0,0,0,0,0,0.0233,7.2857,7.2857,2.7533,1.4372,7.1594,,0.035,,,
empty-cup,1,starter,w-h0l0,random,300,1,0.0033,8,1,53.104,0,0,1.87,35.297,0,0,0.13,1.207,0.13,0,0.727,0.517,0.21,0.89,0,0,0,0,0,0.003,0,2,0,0,0,0,0,,,,,,,,,,,,,2,trial-cup,1,1,cut-supply,1,3,empty-cup-quiz,1,5,300,1,1,8,1,8,300,2068,1,1,299,2067,0,0,600,39,0,0,0,0,0,0,0,0.0033,8,8,6.8933,1,6.913,,0.065,,,
empty-cup,1,starter,w-h0l0,single-water,300,0,0,8,,58.597,0,0,2,38.967,0,0,0,0,0,0,0.997,0.97,0.027,0,0,0,0,0,0,0,0,2,0,0,0,0,0,,,,,,,,,,,,,2,trial-cup,1,1,cut-supply,1,3,empty-cup-quiz,1,5,300,0,0,0,0,0,300,2168,0,0,300,2168,0,0,600,0,0,0,0,0,0,0,0,0,,,7.2267,,7.2267,,0,,,
empty-cup,1,starter,w-h0l0,legacy-cycle,300,0,0,8,,16.037,0,0,2,39,0,0,0,0,0,0,0.257,0.003,0.253,2.87,0,0,0,0,0,0.907,0,2,0,0,0,0,0,,,,,,,,,,,,,2,trial-cup,1,1,cut-supply,1,3,empty-cup-quiz,1,5,300,272,272,1959,0,0,300,1529,0,0,300,1529,0,0,600,0,0,0,0,0,0,0,0,0.9067,7.2022,,5.0967,,5.0967,,0,,,
empty-cup,1,starter,w-h0l0,greedy,300,257,0.8567,7.373,0.9086,5.767,0,0,1.287,24.947,0,0,0.49,0.107,0.49,0,1.717,1.587,0.13,1.263,0,0,0,0,0,0.007,0,1.99,0,0,0,0,0,,,,,,,,,,,,,2,trial-cup,1,1,cut-supply,1,3,empty-cup-quiz,1,5,300,2,2,14,2,14,300,627,257,526,43,101,0,0,597,147,0,0,0,0,0,0,0,0.0067,7,7,2.09,2.0467,2.3488,,0.2462,,,
empty-cup,1,starter,w-h0l0,planner,300,265,0.8833,7.123,0.8759,21,0,0,1.15,22.297,0,0,0.487,0.037,0.487,0,1.68,1.577,0.103,1.603,0,0,0,0,0,0.007,0,1.957,0,0,0,0,0,,,,,,,,,,,,,2,trial-cup,1,1,cut-supply,1,3,empty-cup-quiz,1,5,300,2,2,15,2,15,300,708,265,459,35,249,0,0,587,146,0,0,0,0,0,0,0,0.0067,7.5,7.5,2.36,1.7321,7.1143,,0.2487,,,
empty-cup,1,starter,w-h0l0,forecast-aware,300,239,0.7967,7.403,0.9064,4.984,0,0,1.323,25.743,0,0,0.483,0,0.483,0,1.68,1.537,0.143,2.287,0,0,0,0,0,0.07,0,1.96,0,0,0,0,0,,,,,,,,,,,,,2,trial-cup,1,1,cut-supply,1,3,empty-cup-quiz,1,5,300,21,21,151,21,151,300,546,239,410,61,136,0,0,588,145,0,0,0,0,0,0,0,0.07,7.1905,7.1905,1.82,1.7155,2.2295,,0.2466,,,
empty-cup,1,starter,w-h0l0,planner-one-mistake,300,231,0.77,7.497,0.9183,20.159,0,0,1.707,33.133,0,0,0.07,0.04,0.07,0,1.767,1.713,0.053,1.257,0,0,0,0,0,0.023,0,2,0,0,0,0,0,265,146,146,112,154,146,0,0.7671,0.5509,6.6866,0.5,0,2,trial-cup,1,1,cut-supply,1,3,empty-cup-quiz,1,5,300,7,7,51,7,51,300,826,231,332,69,494,0,0,600,21,0,0,0,0,0,0,0,0.0233,7.2857,7.2857,2.7533,1.4372,7.1594,,0.035,,,
empty-cup,1,starter,w-h0l+,random,300,1,0.0033,8,1,53.104,0,0,1.87,35.297,0,0,0.13,1.207,0.13,0,0.727,0.517,0.21,0.89,0,0,0,0,0,0.003,0,2,0,0,0,0,0,,,,,,,,,,,,,2,trial-cup,1,1,cut-supply,1,3,empty-cup-quiz,1,5,300,1,1,8,1,8,300,2068,1,1,299,2067,0,0,600,39,0,0,0,0,0,0,0,0.0033,8,8,6.8933,1,6.913,,0.065,,,
empty-cup,1,starter,w-h0l+,single-water,300,0,0,8,,58.597,0,0,2,38.967,0,0,0,0,0,0,0.997,0.97,0.027,0,0,0,0,0,0,0,0,2,0,0,0,0,0,,,,,,,,,,,,,2,trial-cup,1,1,cut-supply,1,3,empty-cup-quiz,1,5,300,0,0,0,0,0,300,2168,0,0,300,2168,0,0,600,0,0,0,0,0,0,0,0,0,,,7.2267,,7.2267,,0,,,
empty-cup,1,starter,w-h0l+,legacy-cycle,300,0,0,8,,16.037,0,0,2,39,0,0,0,0,0,0,0.257,0.003,0.253,2.87,0,0,0,0,0,0.907,0,2,0,0,0,0,0,,,,,,,,,,,,,2,trial-cup,1,1,cut-supply,1,3,empty-cup-quiz,1,5,300,272,272,1959,0,0,300,1529,0,0,300,1529,0,0,600,0,0,0,0,0,0,0,0,0.9067,7.2022,,5.0967,,5.0967,,0,,,
empty-cup,1,starter,w-h0l+,greedy,300,257,0.8567,7.373,0.9086,5.767,0,0,1.287,24.947,0,0,0.49,0.107,0.49,0,1.717,1.587,0.13,1.263,0,0,0,0,0,0.007,0,1.99,0,0,0,0,0,,,,,,,,,,,,,2,trial-cup,1,1,cut-supply,1,3,empty-cup-quiz,1,5,300,2,2,14,2,14,300,627,257,526,43,101,0,0,597,147,0,0,0,0,0,0,0,0.0067,7,7,2.09,2.0467,2.3488,,0.2462,,,
empty-cup,1,starter,w-h0l+,planner,300,265,0.8833,7.123,0.8759,21,0,0,1.15,22.297,0,0,0.487,0.037,0.487,0,1.68,1.577,0.103,1.603,0,0,0,0,0,0.007,0,1.957,0,0,0,0,0,,,,,,,,,,,,,2,trial-cup,1,1,cut-supply,1,3,empty-cup-quiz,1,5,300,2,2,15,2,15,300,708,265,459,35,249,0,0,587,146,0,0,0,0,0,0,0,0.0067,7.5,7.5,2.36,1.7321,7.1143,,0.2487,,,
empty-cup,1,starter,w-h0l+,forecast-aware,300,239,0.7967,7.403,0.9064,4.984,0,0,1.323,25.743,0,0,0.483,0,0.483,0,1.68,1.537,0.143,2.287,0,0,0,0,0,0.07,0,1.96,0,0,0,0,0,,,,,,,,,,,,,2,trial-cup,1,1,cut-supply,1,3,empty-cup-quiz,1,5,300,21,21,151,21,151,300,546,239,410,61,136,0,0,588,145,0,0,0,0,0,0,0,0.07,7.1905,7.1905,1.82,1.7155,2.2295,,0.2466,,,
empty-cup,1,starter,w-h0l+,planner-one-mistake,300,231,0.77,7.497,0.9183,20.159,0,0,1.707,33.133,0,0,0.07,0.04,0.07,0,1.767,1.713,0.053,1.257,0,0,0,0,0,0.023,0,2,0,0,0,0,0,265,146,146,112,154,146,0,0.7671,0.5509,6.6866,0.5,0,2,trial-cup,1,1,cut-supply,1,3,empty-cup-quiz,1,5,300,7,7,51,7,51,300,826,231,332,69,494,0,0,600,21,0,0,0,0,0,0,0,0.0233,7.2857,7.2857,2.7533,1.4372,7.1594,,0.035,,,
empty-cup,1,starter,w-h+l-,random,300,1,0.0033,8,1,53.104,0,0,1.87,35.297,0,0,0.13,1.207,0.13,0,0.727,0.517,0.21,0.89,0,0,0,0,0,0.003,0,2,0,0,0,0,0,,,,,,,,,,,,,2,trial-cup,1,1,cut-supply,1,3,empty-cup-quiz,1,5,300,1,1,8,1,8,300,2068,1,1,299,2067,0,0,600,39,0,0,0,0,0,0,0,0.0033,8,8,6.8933,1,6.913,,0.065,,,
empty-cup,1,starter,w-h+l-,single-water,300,0,0,8,,58.597,0,0,2,38.967,0,0,0,0,0,0,0.997,0.97,0.027,0,0,0,0,0,0,0,0,2,0,0,0,0,0,,,,,,,,,,,,,2,trial-cup,1,1,cut-supply,1,3,empty-cup-quiz,1,5,300,0,0,0,0,0,300,2168,0,0,300,2168,0,0,600,0,0,0,0,0,0,0,0,0,,,7.2267,,7.2267,,0,,,
empty-cup,1,starter,w-h+l-,legacy-cycle,300,0,0,8,,16.037,0,0,2,39,0,0,0,0,0,0,0.257,0.003,0.253,2.87,0,0,0,0,0,0.907,0,2,0,0,0,0,0,,,,,,,,,,,,,2,trial-cup,1,1,cut-supply,1,3,empty-cup-quiz,1,5,300,272,272,1959,0,0,300,1529,0,0,300,1529,0,0,600,0,0,0,0,0,0,0,0,0.9067,7.2022,,5.0967,,5.0967,,0,,,
empty-cup,1,starter,w-h+l-,greedy,300,257,0.8567,7.373,0.9086,5.767,0,0,1.287,24.947,0,0,0.49,0.107,0.49,0,1.717,1.587,0.13,1.263,0,0,0,0,0,0.007,0,1.99,0,0,0,0,0,,,,,,,,,,,,,2,trial-cup,1,1,cut-supply,1,3,empty-cup-quiz,1,5,300,2,2,14,2,14,300,627,257,526,43,101,0,0,597,147,0,0,0,0,0,0,0,0.0067,7,7,2.09,2.0467,2.3488,,0.2462,,,
empty-cup,1,starter,w-h+l-,planner,300,265,0.8833,7.123,0.8759,21,0,0,1.15,22.297,0,0,0.487,0.037,0.487,0,1.68,1.577,0.103,1.603,0,0,0,0,0,0.007,0,1.957,0,0,0,0,0,,,,,,,,,,,,,2,trial-cup,1,1,cut-supply,1,3,empty-cup-quiz,1,5,300,2,2,15,2,15,300,708,265,459,35,249,0,0,587,146,0,0,0,0,0,0,0,0.0067,7.5,7.5,2.36,1.7321,7.1143,,0.2487,,,
empty-cup,1,starter,w-h+l-,forecast-aware,300,239,0.7967,7.403,0.9064,4.984,0,0,1.323,25.743,0,0,0.483,0,0.483,0,1.68,1.537,0.143,2.287,0,0,0,0,0,0.07,0,1.96,0,0,0,0,0,,,,,,,,,,,,,2,trial-cup,1,1,cut-supply,1,3,empty-cup-quiz,1,5,300,21,21,151,21,151,300,546,239,410,61,136,0,0,588,145,0,0,0,0,0,0,0,0.07,7.1905,7.1905,1.82,1.7155,2.2295,,0.2466,,,
empty-cup,1,starter,w-h+l-,planner-one-mistake,300,231,0.77,7.497,0.9183,20.159,0,0,1.707,33.133,0,0,0.07,0.04,0.07,0,1.767,1.713,0.053,1.257,0,0,0,0,0,0.023,0,2,0,0,0,0,0,265,146,146,112,154,146,0,0.7671,0.5509,6.6866,0.5,0,2,trial-cup,1,1,cut-supply,1,3,empty-cup-quiz,1,5,300,7,7,51,7,51,300,826,231,332,69,494,0,0,600,21,0,0,0,0,0,0,0,0.0233,7.2857,7.2857,2.7533,1.4372,7.1594,,0.035,,,
empty-cup,1,starter,w-h+l0,random,300,1,0.0033,8,1,53.104,0,0,1.87,35.297,0,0,0.13,1.207,0.13,0,0.727,0.517,0.21,0.89,0,0,0,0,0,0.003,0,2,0,0,0,0,0,,,,,,,,,,,,,2,trial-cup,1,1,cut-supply,1,3,empty-cup-quiz,1,5,300,1,1,8,1,8,300,2068,1,1,299,2067,0,0,600,39,0,0,0,0,0,0,0,0.0033,8,8,6.8933,1,6.913,,0.065,,,
empty-cup,1,starter,w-h+l0,single-water,300,0,0,8,,58.597,0,0,2,38.967,0,0,0,0,0,0,0.997,0.97,0.027,0,0,0,0,0,0,0,0,2,0,0,0,0,0,,,,,,,,,,,,,2,trial-cup,1,1,cut-supply,1,3,empty-cup-quiz,1,5,300,0,0,0,0,0,300,2168,0,0,300,2168,0,0,600,0,0,0,0,0,0,0,0,0,,,7.2267,,7.2267,,0,,,
empty-cup,1,starter,w-h+l0,legacy-cycle,300,0,0,8,,16.037,0,0,2,39,0,0,0,0,0,0,0.257,0.003,0.253,2.87,0,0,0,0,0,0.907,0,2,0,0,0,0,0,,,,,,,,,,,,,2,trial-cup,1,1,cut-supply,1,3,empty-cup-quiz,1,5,300,272,272,1959,0,0,300,1529,0,0,300,1529,0,0,600,0,0,0,0,0,0,0,0,0.9067,7.2022,,5.0967,,5.0967,,0,,,
empty-cup,1,starter,w-h+l0,greedy,300,257,0.8567,7.373,0.9086,5.767,0,0,1.287,24.947,0,0,0.49,0.107,0.49,0,1.717,1.587,0.13,1.263,0,0,0,0,0,0.007,0,1.99,0,0,0,0,0,,,,,,,,,,,,,2,trial-cup,1,1,cut-supply,1,3,empty-cup-quiz,1,5,300,2,2,14,2,14,300,627,257,526,43,101,0,0,597,147,0,0,0,0,0,0,0,0.0067,7,7,2.09,2.0467,2.3488,,0.2462,,,
empty-cup,1,starter,w-h+l0,planner,300,265,0.8833,7.123,0.8759,21,0,0,1.15,22.297,0,0,0.487,0.037,0.487,0,1.68,1.577,0.103,1.603,0,0,0,0,0,0.007,0,1.957,0,0,0,0,0,,,,,,,,,,,,,2,trial-cup,1,1,cut-supply,1,3,empty-cup-quiz,1,5,300,2,2,15,2,15,300,708,265,459,35,249,0,0,587,146,0,0,0,0,0,0,0,0.0067,7.5,7.5,2.36,1.7321,7.1143,,0.2487,,,
empty-cup,1,starter,w-h+l0,forecast-aware,300,239,0.7967,7.403,0.9064,4.984,0,0,1.323,25.743,0,0,0.483,0,0.483,0,1.68,1.537,0.143,2.287,0,0,0,0,0,0.07,0,1.96,0,0,0,0,0,,,,,,,,,,,,,2,trial-cup,1,1,cut-supply,1,3,empty-cup-quiz,1,5,300,21,21,151,21,151,300,546,239,410,61,136,0,0,588,145,0,0,0,0,0,0,0,0.07,7.1905,7.1905,1.82,1.7155,2.2295,,0.2466,,,
empty-cup,1,starter,w-h+l0,planner-one-mistake,300,231,0.77,7.497,0.9183,20.159,0,0,1.707,33.133,0,0,0.07,0.04,0.07,0,1.767,1.713,0.053,1.257,0,0,0,0,0,0.023,0,2,0,0,0,0,0,265,146,146,112,154,146,0,0.7671,0.5509,6.6866,0.5,0,2,trial-cup,1,1,cut-supply,1,3,empty-cup-quiz,1,5,300,7,7,51,7,51,300,826,231,332,69,494,0,0,600,21,0,0,0,0,0,0,0,0.0233,7.2857,7.2857,2.7533,1.4372,7.1594,,0.035,,,
empty-cup,1,starter,w-h+l+,random,300,1,0.0033,8,1,53.104,0,0,1.87,35.297,0,0,0.13,1.207,0.13,0,0.727,0.517,0.21,0.89,0,0,0,0,0,0.003,0,2,0,0,0,0,0,,,,,,,,,,,,,2,trial-cup,1,1,cut-supply,1,3,empty-cup-quiz,1,5,300,1,1,8,1,8,300,2068,1,1,299,2067,0,0,600,39,0,0,0,0,0,0,0,0.0033,8,8,6.8933,1,6.913,,0.065,,,
empty-cup,1,starter,w-h+l+,single-water,300,0,0,8,,58.597,0,0,2,38.967,0,0,0,0,0,0,0.997,0.97,0.027,0,0,0,0,0,0,0,0,2,0,0,0,0,0,,,,,,,,,,,,,2,trial-cup,1,1,cut-supply,1,3,empty-cup-quiz,1,5,300,0,0,0,0,0,300,2168,0,0,300,2168,0,0,600,0,0,0,0,0,0,0,0,0,,,7.2267,,7.2267,,0,,,
empty-cup,1,starter,w-h+l+,legacy-cycle,300,0,0,8,,16.037,0,0,2,39,0,0,0,0,0,0,0.257,0.003,0.253,2.87,0,0,0,0,0,0.907,0,2,0,0,0,0,0,,,,,,,,,,,,,2,trial-cup,1,1,cut-supply,1,3,empty-cup-quiz,1,5,300,272,272,1959,0,0,300,1529,0,0,300,1529,0,0,600,0,0,0,0,0,0,0,0,0.9067,7.2022,,5.0967,,5.0967,,0,,,
empty-cup,1,starter,w-h+l+,greedy,300,257,0.8567,7.373,0.9086,5.767,0,0,1.287,24.947,0,0,0.49,0.107,0.49,0,1.717,1.587,0.13,1.263,0,0,0,0,0,0.007,0,1.99,0,0,0,0,0,,,,,,,,,,,,,2,trial-cup,1,1,cut-supply,1,3,empty-cup-quiz,1,5,300,2,2,14,2,14,300,627,257,526,43,101,0,0,597,147,0,0,0,0,0,0,0,0.0067,7,7,2.09,2.0467,2.3488,,0.2462,,,
empty-cup,1,starter,w-h+l+,planner,300,265,0.8833,7.123,0.8759,21,0,0,1.15,22.297,0,0,0.487,0.037,0.487,0,1.68,1.577,0.103,1.603,0,0,0,0,0,0.007,0,1.957,0,0,0,0,0,,,,,,,,,,,,,2,trial-cup,1,1,cut-supply,1,3,empty-cup-quiz,1,5,300,2,2,15,2,15,300,708,265,459,35,249,0,0,587,146,0,0,0,0,0,0,0,0.0067,7.5,7.5,2.36,1.7321,7.1143,,0.2487,,,
empty-cup,1,starter,w-h+l+,forecast-aware,300,239,0.7967,7.403,0.9064,4.984,0,0,1.323,25.743,0,0,0.483,0,0.483,0,1.68,1.537,0.143,2.287,0,0,0,0,0,0.07,0,1.96,0,0,0,0,0,,,,,,,,,,,,,2,trial-cup,1,1,cut-supply,1,3,empty-cup-quiz,1,5,300,21,21,151,21,151,300,546,239,410,61,136,0,0,588,145,0,0,0,0,0,0,0,0.07,7.1905,7.1905,1.82,1.7155,2.2295,,0.2466,,,
empty-cup,1,starter,w-h+l+,planner-one-mistake,300,231,0.77,7.497,0.9183,20.159,0,0,1.707,33.133,0,0,0.07,0.04,0.07,0,1.767,1.713,0.053,1.257,0,0,0,0,0,0.023,0,2,0,0,0,0,0,265,146,146,112,154,146,0,0.7671,0.5509,6.6866,0.5,0,2,trial-cup,1,1,cut-supply,1,3,empty-cup-quiz,1,5,300,7,7,51,7,51,300,826,231,332,69,494,0,0,600,21,0,0,0,0,0,0,0,0.0233,7.2857,7.2857,2.7533,1.4372,7.1594,,0.035,,,
empty-cup,1,starter,w0h-l-,random,300,2,0.0067,8,1,49.336,0,0,1.87,35.497,0,0,0.13,1.207,0.13,0,0.727,0.517,0.21,0.89,0,0,0,0,0,0.003,0,2,0,0,0,0,0,,,,,,,,,,,,,2,trial-cup,1,1,cut-supply,1,3,empty-cup-quiz,1,5,300,1,1,8,1,8,300,2068,2,1,298,2067,0,0,600,39,0,0,0,0,0,0,0,0.0033,8,8,6.8933,0.5,6.9362,,0.065,,,
empty-cup,1,starter,w0h-l-,single-water,300,0,0,8,,43.143,0,0,2,39,0,0,0,0,0,0,0.997,0.97,0.027,0,0,0,0,0,0,0,0,2,0,0,0,0,0,,,,,,,,,,,,,2,trial-cup,1,1,cut-supply,1,3,empty-cup-quiz,1,5,300,0,0,0,0,0,300,2168,0,0,300,2168,0,0,600,0,0,0,0,0,0,0,0,0,,,7.2267,,7.2267,,0,,,
empty-cup,1,starter,w0h-l-,legacy-cycle,300,19,0.0633,8,1,8.534,0,0,2,39,0,0,0,0,0,0,0.257,0.003,0.253,2.87,0,0,0,0,0,0.907,0,2,0,0,0,0,0,,,,,,,,,,,,,2,trial-cup,1,1,cut-supply,1,3,empty-cup-quiz,1,5,300,272,272,1959,19,133,300,1529,19,95,281,1434,0,0,600,0,0,0,0,0,0,0,0,0.9067,7.2022,7,5.0967,5,5.1032,,0,,,
empty-cup,1,starter,w0h-l-,greedy,300,275,0.9167,7.24,0.8964,3.52,0,0,1.15,22.263,0,0,0.55,0.083,0.55,0,1.577,1.393,0.183,1.48,0,0,0,0,0,0.007,0,1.983,0,0,0,0,0,,,,,,,,,,,,,2,trial-cup,1,1,cut-supply,1,3,empty-cup-quiz,1,5,300,2,2,14,2,14,300,598,275,543,25,55,0,0,595,165,0,0,0,0,0,0,0,0.0067,7,7,1.9933,1.9745,2.2,,0.2773,,,
empty-cup,1,starter,w0h-l-,planner,300,297,0.99,6.957,0.8683,18.667,0,0,1.09,21.107,0,0,0.487,0.033,0.487,0,1.6,1.493,0.107,1.623,0,0,0,0,0,0.007,0,1.96,0,0,0,0,0,,,,,,,,,,,,,2,trial-cup,1,1,cut-supply,1,3,empty-cup-quiz,1,5,300,2,2,14,2,14,300,508,297,488,3,20,0,0,588,146,0,0,0,0,0,0,0,0.0067,7,7,1.6933,1.6431,6.6667,,0.2483,,,
empty-cup,1,starter,w0h-l-,forecast-aware,300,290,0.9667,7.207,0.8974,3,0,0,1.237,24.01,0,0,0.483,0,0.483,0,1.63,1.463,0.167,2.197,0,0,0,0,0,0.07,0,1.96,0,0,0,0,0,,,,,,,,,,,,,2,trial-cup,1,1,cut-supply,1,3,empty-cup-quiz,1,5,300,21,21,151,21,151,300,536,290,513,10,23,0,0,588,145,0,0,0,0,0,0,0,0.07,7.1905,7.1905,1.7867,1.769,2.3,,0.2466,,,
empty-cup,1,starter,w0h-l-,planner-one-mistake,300,294,0.98,7.41,0.9247,19.5,0,0,1.687,32.733,0,0,0.067,0.06,0.067,0,1.8,1.77,0.03,1.64,0,0,0,0,0,0.027,0,2,0,0,0,0,0,297,146,146,143,154,146,0,0.9795,0.4916,6.7414,0.5,0,2,trial-cup,1,1,cut-supply,1,3,empty-cup-quiz,1,5,300,8,8,56,8,56,300,474,294,427,6,47,0,0,600,20,0,0,0,0,0,0,0,0.0267,7,7,1.58,1.4524,7.8333,,0.0333,,,
empty-cup,1,starter,w0h-l0,random,300,2,0.0067,8,1,49.336,0,0,1.87,35.497,0,0,0.13,1.207,0.13,0,0.727,0.517,0.21,0.89,0,0,0,0,0,0.003,0,2,0,0,0,0,0,,,,,,,,,,,,,2,trial-cup,1,1,cut-supply,1,3,empty-cup-quiz,1,5,300,1,1,8,1,8,300,2068,2,1,298,2067,0,0,600,39,0,0,0,0,0,0,0,0.0033,8,8,6.8933,0.5,6.9362,,0.065,,,
empty-cup,1,starter,w0h-l0,single-water,300,0,0,8,,43.143,0,0,2,39,0,0,0,0,0,0,0.997,0.97,0.027,0,0,0,0,0,0,0,0,2,0,0,0,0,0,,,,,,,,,,,,,2,trial-cup,1,1,cut-supply,1,3,empty-cup-quiz,1,5,300,0,0,0,0,0,300,2168,0,0,300,2168,0,0,600,0,0,0,0,0,0,0,0,0,,,7.2267,,7.2267,,0,,,
empty-cup,1,starter,w0h-l0,legacy-cycle,300,19,0.0633,8,1,8.534,0,0,2,39,0,0,0,0,0,0,0.257,0.003,0.253,2.87,0,0,0,0,0,0.907,0,2,0,0,0,0,0,,,,,,,,,,,,,2,trial-cup,1,1,cut-supply,1,3,empty-cup-quiz,1,5,300,272,272,1959,19,133,300,1529,19,95,281,1434,0,0,600,0,0,0,0,0,0,0,0,0.9067,7.2022,7,5.0967,5,5.1032,,0,,,
empty-cup,1,starter,w0h-l0,greedy,300,275,0.9167,7.24,0.8964,3.52,0,0,1.15,22.263,0,0,0.55,0.083,0.55,0,1.577,1.393,0.183,1.48,0,0,0,0,0,0.007,0,1.983,0,0,0,0,0,,,,,,,,,,,,,2,trial-cup,1,1,cut-supply,1,3,empty-cup-quiz,1,5,300,2,2,14,2,14,300,598,275,543,25,55,0,0,595,165,0,0,0,0,0,0,0,0.0067,7,7,1.9933,1.9745,2.2,,0.2773,,,
empty-cup,1,starter,w0h-l0,planner,300,297,0.99,6.957,0.8683,18.667,0,0,1.09,21.107,0,0,0.487,0.033,0.487,0,1.6,1.493,0.107,1.623,0,0,0,0,0,0.007,0,1.96,0,0,0,0,0,,,,,,,,,,,,,2,trial-cup,1,1,cut-supply,1,3,empty-cup-quiz,1,5,300,2,2,14,2,14,300,508,297,488,3,20,0,0,588,146,0,0,0,0,0,0,0,0.0067,7,7,1.6933,1.6431,6.6667,,0.2483,,,
empty-cup,1,starter,w0h-l0,forecast-aware,300,290,0.9667,7.207,0.8974,3,0,0,1.237,24.01,0,0,0.483,0,0.483,0,1.63,1.463,0.167,2.197,0,0,0,0,0,0.07,0,1.96,0,0,0,0,0,,,,,,,,,,,,,2,trial-cup,1,1,cut-supply,1,3,empty-cup-quiz,1,5,300,21,21,151,21,151,300,536,290,513,10,23,0,0,588,145,0,0,0,0,0,0,0,0.07,7.1905,7.1905,1.7867,1.769,2.3,,0.2466,,,
empty-cup,1,starter,w0h-l0,planner-one-mistake,300,294,0.98,7.41,0.9247,19.5,0,0,1.687,32.733,0,0,0.067,0.06,0.067,0,1.8,1.77,0.03,1.64,0,0,0,0,0,0.027,0,2,0,0,0,0,0,297,146,146,143,154,146,0,0.9795,0.4916,6.7414,0.5,0,2,trial-cup,1,1,cut-supply,1,3,empty-cup-quiz,1,5,300,8,8,56,8,56,300,474,294,427,6,47,0,0,600,20,0,0,0,0,0,0,0,0.0267,7,7,1.58,1.4524,7.8333,,0.0333,,,
empty-cup,1,starter,w0h-l+,random,300,2,0.0067,8,1,49.336,0,0,1.87,35.497,0,0,0.13,1.207,0.13,0,0.727,0.517,0.21,0.89,0,0,0,0,0,0.003,0,2,0,0,0,0,0,,,,,,,,,,,,,2,trial-cup,1,1,cut-supply,1,3,empty-cup-quiz,1,5,300,1,1,8,1,8,300,2068,2,1,298,2067,0,0,600,39,0,0,0,0,0,0,0,0.0033,8,8,6.8933,0.5,6.9362,,0.065,,,
empty-cup,1,starter,w0h-l+,single-water,300,0,0,8,,43.143,0,0,2,39,0,0,0,0,0,0,0.997,0.97,0.027,0,0,0,0,0,0,0,0,2,0,0,0,0,0,,,,,,,,,,,,,2,trial-cup,1,1,cut-supply,1,3,empty-cup-quiz,1,5,300,0,0,0,0,0,300,2168,0,0,300,2168,0,0,600,0,0,0,0,0,0,0,0,0,,,7.2267,,7.2267,,0,,,
empty-cup,1,starter,w0h-l+,legacy-cycle,300,19,0.0633,8,1,8.534,0,0,2,39,0,0,0,0,0,0,0.257,0.003,0.253,2.87,0,0,0,0,0,0.907,0,2,0,0,0,0,0,,,,,,,,,,,,,2,trial-cup,1,1,cut-supply,1,3,empty-cup-quiz,1,5,300,272,272,1959,19,133,300,1529,19,95,281,1434,0,0,600,0,0,0,0,0,0,0,0,0.9067,7.2022,7,5.0967,5,5.1032,,0,,,
empty-cup,1,starter,w0h-l+,greedy,300,275,0.9167,7.24,0.8964,3.52,0,0,1.15,22.263,0,0,0.55,0.083,0.55,0,1.577,1.393,0.183,1.48,0,0,0,0,0,0.007,0,1.983,0,0,0,0,0,,,,,,,,,,,,,2,trial-cup,1,1,cut-supply,1,3,empty-cup-quiz,1,5,300,2,2,14,2,14,300,598,275,543,25,55,0,0,595,165,0,0,0,0,0,0,0,0.0067,7,7,1.9933,1.9745,2.2,,0.2773,,,
empty-cup,1,starter,w0h-l+,planner,300,297,0.99,6.957,0.8683,18.667,0,0,1.09,21.107,0,0,0.487,0.033,0.487,0,1.6,1.493,0.107,1.623,0,0,0,0,0,0.007,0,1.96,0,0,0,0,0,,,,,,,,,,,,,2,trial-cup,1,1,cut-supply,1,3,empty-cup-quiz,1,5,300,2,2,14,2,14,300,508,297,488,3,20,0,0,588,146,0,0,0,0,0,0,0,0.0067,7,7,1.6933,1.6431,6.6667,,0.2483,,,
empty-cup,1,starter,w0h-l+,forecast-aware,300,290,0.9667,7.207,0.8974,3,0,0,1.237,24.01,0,0,0.483,0,0.483,0,1.63,1.463,0.167,2.197,0,0,0,0,0,0.07,0,1.96,0,0,0,0,0,,,,,,,,,,,,,2,trial-cup,1,1,cut-supply,1,3,empty-cup-quiz,1,5,300,21,21,151,21,151,300,536,290,513,10,23,0,0,588,145,0,0,0,0,0,0,0,0.07,7.1905,7.1905,1.7867,1.769,2.3,,0.2466,,,
empty-cup,1,starter,w0h-l+,planner-one-mistake,300,294,0.98,7.41,0.9247,19.5,0,0,1.687,32.733,0,0,0.067,0.06,0.067,0,1.8,1.77,0.03,1.64,0,0,0,0,0,0.027,0,2,0,0,0,0,0,297,146,146,143,154,146,0,0.9795,0.4916,6.7414,0.5,0,2,trial-cup,1,1,cut-supply,1,3,empty-cup-quiz,1,5,300,8,8,56,8,56,300,474,294,427,6,47,0,0,600,20,0,0,0,0,0,0,0,0.0267,7,7,1.58,1.4524,7.8333,,0.0333,,,
empty-cup,1,starter,w0h0l-,random,300,2,0.0067,8,1,49.336,0,0,1.87,35.497,0,0,0.13,1.207,0.13,0,0.727,0.517,0.21,0.89,0,0,0,0,0,0.003,0,2,0,0,0,0,0,,,,,,,,,,,,,2,trial-cup,1,1,cut-supply,1,3,empty-cup-quiz,1,5,300,1,1,8,1,8,300,2068,2,1,298,2067,0,0,600,39,0,0,0,0,0,0,0,0.0033,8,8,6.8933,0.5,6.9362,,0.065,,,
empty-cup,1,starter,w0h0l-,single-water,300,0,0,8,,43.143,0,0,2,39,0,0,0,0,0,0,0.997,0.97,0.027,0,0,0,0,0,0,0,0,2,0,0,0,0,0,,,,,,,,,,,,,2,trial-cup,1,1,cut-supply,1,3,empty-cup-quiz,1,5,300,0,0,0,0,0,300,2168,0,0,300,2168,0,0,600,0,0,0,0,0,0,0,0,0,,,7.2267,,7.2267,,0,,,
empty-cup,1,starter,w0h0l-,legacy-cycle,300,19,0.0633,8,1,8.534,0,0,2,39,0,0,0,0,0,0,0.257,0.003,0.253,2.87,0,0,0,0,0,0.907,0,2,0,0,0,0,0,,,,,,,,,,,,,2,trial-cup,1,1,cut-supply,1,3,empty-cup-quiz,1,5,300,272,272,1959,19,133,300,1529,19,95,281,1434,0,0,600,0,0,0,0,0,0,0,0,0.9067,7.2022,7,5.0967,5,5.1032,,0,,,
empty-cup,1,starter,w0h0l-,greedy,300,275,0.9167,7.24,0.8964,3.52,0,0,1.15,22.263,0,0,0.55,0.083,0.55,0,1.577,1.393,0.183,1.48,0,0,0,0,0,0.007,0,1.983,0,0,0,0,0,,,,,,,,,,,,,2,trial-cup,1,1,cut-supply,1,3,empty-cup-quiz,1,5,300,2,2,14,2,14,300,598,275,543,25,55,0,0,595,165,0,0,0,0,0,0,0,0.0067,7,7,1.9933,1.9745,2.2,,0.2773,,,
empty-cup,1,starter,w0h0l-,planner,300,297,0.99,6.957,0.8683,18.667,0,0,1.09,21.107,0,0,0.487,0.033,0.487,0,1.6,1.493,0.107,1.623,0,0,0,0,0,0.007,0,1.96,0,0,0,0,0,,,,,,,,,,,,,2,trial-cup,1,1,cut-supply,1,3,empty-cup-quiz,1,5,300,2,2,14,2,14,300,508,297,488,3,20,0,0,588,146,0,0,0,0,0,0,0,0.0067,7,7,1.6933,1.6431,6.6667,,0.2483,,,
empty-cup,1,starter,w0h0l-,forecast-aware,300,290,0.9667,7.207,0.8974,3,0,0,1.237,24.01,0,0,0.483,0,0.483,0,1.63,1.463,0.167,2.197,0,0,0,0,0,0.07,0,1.96,0,0,0,0,0,,,,,,,,,,,,,2,trial-cup,1,1,cut-supply,1,3,empty-cup-quiz,1,5,300,21,21,151,21,151,300,536,290,513,10,23,0,0,588,145,0,0,0,0,0,0,0,0.07,7.1905,7.1905,1.7867,1.769,2.3,,0.2466,,,
empty-cup,1,starter,w0h0l-,planner-one-mistake,300,294,0.98,7.41,0.9247,19.5,0,0,1.687,32.733,0,0,0.067,0.06,0.067,0,1.8,1.77,0.03,1.64,0,0,0,0,0,0.027,0,2,0,0,0,0,0,297,146,146,143,154,146,0,0.9795,0.4916,6.7414,0.5,0,2,trial-cup,1,1,cut-supply,1,3,empty-cup-quiz,1,5,300,8,8,56,8,56,300,474,294,427,6,47,0,0,600,20,0,0,0,0,0,0,0,0.0267,7,7,1.58,1.4524,7.8333,,0.0333,,,
empty-cup,1,starter,w0h0l0,random,300,2,0.0067,8,1,49.336,0,0,1.87,35.497,0,0,0.13,1.207,0.13,0,0.727,0.517,0.21,0.89,0,0,0,0,0,0.003,0,2,0,0,0,0,0,,,,,,,,,,,,,2,trial-cup,1,1,cut-supply,1,3,empty-cup-quiz,1,5,300,1,1,8,1,8,300,2068,2,1,298,2067,0,0,600,39,0,0,0,0,0,0,0,0.0033,8,8,6.8933,0.5,6.9362,,0.065,,,
empty-cup,1,starter,w0h0l0,single-water,300,0,0,8,,43.143,0,0,2,39,0,0,0,0,0,0,0.997,0.97,0.027,0,0,0,0,0,0,0,0,2,0,0,0,0,0,,,,,,,,,,,,,2,trial-cup,1,1,cut-supply,1,3,empty-cup-quiz,1,5,300,0,0,0,0,0,300,2168,0,0,300,2168,0,0,600,0,0,0,0,0,0,0,0,0,,,7.2267,,7.2267,,0,,,
empty-cup,1,starter,w0h0l0,legacy-cycle,300,19,0.0633,8,1,8.534,0,0,2,39,0,0,0,0,0,0,0.257,0.003,0.253,2.87,0,0,0,0,0,0.907,0,2,0,0,0,0,0,,,,,,,,,,,,,2,trial-cup,1,1,cut-supply,1,3,empty-cup-quiz,1,5,300,272,272,1959,19,133,300,1529,19,95,281,1434,0,0,600,0,0,0,0,0,0,0,0,0.9067,7.2022,7,5.0967,5,5.1032,,0,,,
empty-cup,1,starter,w0h0l0,greedy,300,275,0.9167,7.24,0.8964,3.52,0,0,1.15,22.263,0,0,0.55,0.083,0.55,0,1.577,1.393,0.183,1.48,0,0,0,0,0,0.007,0,1.983,0,0,0,0,0,,,,,,,,,,,,,2,trial-cup,1,1,cut-supply,1,3,empty-cup-quiz,1,5,300,2,2,14,2,14,300,598,275,543,25,55,0,0,595,165,0,0,0,0,0,0,0,0.0067,7,7,1.9933,1.9745,2.2,,0.2773,,,
empty-cup,1,starter,w0h0l0,planner,300,297,0.99,6.957,0.8683,18.667,0,0,1.09,21.107,0,0,0.487,0.033,0.487,0,1.6,1.493,0.107,1.623,0,0,0,0,0,0.007,0,1.96,0,0,0,0,0,,,,,,,,,,,,,2,trial-cup,1,1,cut-supply,1,3,empty-cup-quiz,1,5,300,2,2,14,2,14,300,508,297,488,3,20,0,0,588,146,0,0,0,0,0,0,0,0.0067,7,7,1.6933,1.6431,6.6667,,0.2483,,,
empty-cup,1,starter,w0h0l0,forecast-aware,300,290,0.9667,7.207,0.8974,3,0,0,1.237,24.01,0,0,0.483,0,0.483,0,1.63,1.463,0.167,2.197,0,0,0,0,0,0.07,0,1.96,0,0,0,0,0,,,,,,,,,,,,,2,trial-cup,1,1,cut-supply,1,3,empty-cup-quiz,1,5,300,21,21,151,21,151,300,536,290,513,10,23,0,0,588,145,0,0,0,0,0,0,0,0.07,7.1905,7.1905,1.7867,1.769,2.3,,0.2466,,,
empty-cup,1,starter,w0h0l0,planner-one-mistake,300,294,0.98,7.41,0.9247,19.5,0,0,1.687,32.733,0,0,0.067,0.06,0.067,0,1.8,1.77,0.03,1.64,0,0,0,0,0,0.027,0,2,0,0,0,0,0,297,146,146,143,154,146,0,0.9795,0.4916,6.7414,0.5,0,2,trial-cup,1,1,cut-supply,1,3,empty-cup-quiz,1,5,300,8,8,56,8,56,300,474,294,427,6,47,0,0,600,20,0,0,0,0,0,0,0,0.0267,7,7,1.58,1.4524,7.8333,,0.0333,,,
empty-cup,1,starter,w0h0l+,random,300,2,0.0067,8,1,49.336,0,0,1.87,35.497,0,0,0.13,1.207,0.13,0,0.727,0.517,0.21,0.89,0,0,0,0,0,0.003,0,2,0,0,0,0,0,,,,,,,,,,,,,2,trial-cup,1,1,cut-supply,1,3,empty-cup-quiz,1,5,300,1,1,8,1,8,300,2068,2,1,298,2067,0,0,600,39,0,0,0,0,0,0,0,0.0033,8,8,6.8933,0.5,6.9362,,0.065,,,
empty-cup,1,starter,w0h0l+,single-water,300,0,0,8,,43.143,0,0,2,39,0,0,0,0,0,0,0.997,0.97,0.027,0,0,0,0,0,0,0,0,2,0,0,0,0,0,,,,,,,,,,,,,2,trial-cup,1,1,cut-supply,1,3,empty-cup-quiz,1,5,300,0,0,0,0,0,300,2168,0,0,300,2168,0,0,600,0,0,0,0,0,0,0,0,0,,,7.2267,,7.2267,,0,,,
empty-cup,1,starter,w0h0l+,legacy-cycle,300,19,0.0633,8,1,8.534,0,0,2,39,0,0,0,0,0,0,0.257,0.003,0.253,2.87,0,0,0,0,0,0.907,0,2,0,0,0,0,0,,,,,,,,,,,,,2,trial-cup,1,1,cut-supply,1,3,empty-cup-quiz,1,5,300,272,272,1959,19,133,300,1529,19,95,281,1434,0,0,600,0,0,0,0,0,0,0,0,0.9067,7.2022,7,5.0967,5,5.1032,,0,,,
empty-cup,1,starter,w0h0l+,greedy,300,275,0.9167,7.24,0.8964,3.52,0,0,1.15,22.263,0,0,0.55,0.083,0.55,0,1.577,1.393,0.183,1.48,0,0,0,0,0,0.007,0,1.983,0,0,0,0,0,,,,,,,,,,,,,2,trial-cup,1,1,cut-supply,1,3,empty-cup-quiz,1,5,300,2,2,14,2,14,300,598,275,543,25,55,0,0,595,165,0,0,0,0,0,0,0,0.0067,7,7,1.9933,1.9745,2.2,,0.2773,,,
empty-cup,1,starter,w0h0l+,planner,300,297,0.99,6.957,0.8683,18.667,0,0,1.09,21.107,0,0,0.487,0.033,0.487,0,1.6,1.493,0.107,1.623,0,0,0,0,0,0.007,0,1.96,0,0,0,0,0,,,,,,,,,,,,,2,trial-cup,1,1,cut-supply,1,3,empty-cup-quiz,1,5,300,2,2,14,2,14,300,508,297,488,3,20,0,0,588,146,0,0,0,0,0,0,0,0.0067,7,7,1.6933,1.6431,6.6667,,0.2483,,,
empty-cup,1,starter,w0h0l+,forecast-aware,300,290,0.9667,7.207,0.8974,3,0,0,1.237,24.01,0,0,0.483,0,0.483,0,1.63,1.463,0.167,2.197,0,0,0,0,0,0.07,0,1.96,0,0,0,0,0,,,,,,,,,,,,,2,trial-cup,1,1,cut-supply,1,3,empty-cup-quiz,1,5,300,21,21,151,21,151,300,536,290,513,10,23,0,0,588,145,0,0,0,0,0,0,0,0.07,7.1905,7.1905,1.7867,1.769,2.3,,0.2466,,,
empty-cup,1,starter,w0h0l+,planner-one-mistake,300,294,0.98,7.41,0.9247,19.5,0,0,1.687,32.733,0,0,0.067,0.06,0.067,0,1.8,1.77,0.03,1.64,0,0,0,0,0,0.027,0,2,0,0,0,0,0,297,146,146,143,154,146,0,0.9795,0.4916,6.7414,0.5,0,2,trial-cup,1,1,cut-supply,1,3,empty-cup-quiz,1,5,300,8,8,56,8,56,300,474,294,427,6,47,0,0,600,20,0,0,0,0,0,0,0,0.0267,7,7,1.58,1.4524,7.8333,,0.0333,,,
empty-cup,1,starter,w0h+l-,random,300,2,0.0067,8,1,49.336,0,0,1.87,35.497,0,0,0.13,1.207,0.13,0,0.727,0.517,0.21,0.89,0,0,0,0,0,0.003,0,2,0,0,0,0,0,,,,,,,,,,,,,2,trial-cup,1,1,cut-supply,1,3,empty-cup-quiz,1,5,300,1,1,8,1,8,300,2068,2,1,298,2067,0,0,600,39,0,0,0,0,0,0,0,0.0033,8,8,6.8933,0.5,6.9362,,0.065,,,
empty-cup,1,starter,w0h+l-,single-water,300,0,0,8,,43.143,0,0,2,39,0,0,0,0,0,0,0.997,0.97,0.027,0,0,0,0,0,0,0,0,2,0,0,0,0,0,,,,,,,,,,,,,2,trial-cup,1,1,cut-supply,1,3,empty-cup-quiz,1,5,300,0,0,0,0,0,300,2168,0,0,300,2168,0,0,600,0,0,0,0,0,0,0,0,0,,,7.2267,,7.2267,,0,,,
empty-cup,1,starter,w0h+l-,legacy-cycle,300,19,0.0633,8,1,8.534,0,0,2,39,0,0,0,0,0,0,0.257,0.003,0.253,2.87,0,0,0,0,0,0.907,0,2,0,0,0,0,0,,,,,,,,,,,,,2,trial-cup,1,1,cut-supply,1,3,empty-cup-quiz,1,5,300,272,272,1959,19,133,300,1529,19,95,281,1434,0,0,600,0,0,0,0,0,0,0,0,0.9067,7.2022,7,5.0967,5,5.1032,,0,,,
empty-cup,1,starter,w0h+l-,greedy,300,275,0.9167,7.24,0.8964,3.52,0,0,1.15,22.263,0,0,0.55,0.083,0.55,0,1.577,1.393,0.183,1.48,0,0,0,0,0,0.007,0,1.983,0,0,0,0,0,,,,,,,,,,,,,2,trial-cup,1,1,cut-supply,1,3,empty-cup-quiz,1,5,300,2,2,14,2,14,300,598,275,543,25,55,0,0,595,165,0,0,0,0,0,0,0,0.0067,7,7,1.9933,1.9745,2.2,,0.2773,,,
empty-cup,1,starter,w0h+l-,planner,300,297,0.99,6.957,0.8683,18.667,0,0,1.09,21.107,0,0,0.487,0.033,0.487,0,1.6,1.493,0.107,1.623,0,0,0,0,0,0.007,0,1.96,0,0,0,0,0,,,,,,,,,,,,,2,trial-cup,1,1,cut-supply,1,3,empty-cup-quiz,1,5,300,2,2,14,2,14,300,508,297,488,3,20,0,0,588,146,0,0,0,0,0,0,0,0.0067,7,7,1.6933,1.6431,6.6667,,0.2483,,,
empty-cup,1,starter,w0h+l-,forecast-aware,300,290,0.9667,7.207,0.8974,3,0,0,1.237,24.01,0,0,0.483,0,0.483,0,1.63,1.463,0.167,2.197,0,0,0,0,0,0.07,0,1.96,0,0,0,0,0,,,,,,,,,,,,,2,trial-cup,1,1,cut-supply,1,3,empty-cup-quiz,1,5,300,21,21,151,21,151,300,536,290,513,10,23,0,0,588,145,0,0,0,0,0,0,0,0.07,7.1905,7.1905,1.7867,1.769,2.3,,0.2466,,,
empty-cup,1,starter,w0h+l-,planner-one-mistake,300,294,0.98,7.41,0.9247,19.5,0,0,1.687,32.733,0,0,0.067,0.06,0.067,0,1.8,1.77,0.03,1.64,0,0,0,0,0,0.027,0,2,0,0,0,0,0,297,146,146,143,154,146,0,0.9795,0.4916,6.7414,0.5,0,2,trial-cup,1,1,cut-supply,1,3,empty-cup-quiz,1,5,300,8,8,56,8,56,300,474,294,427,6,47,0,0,600,20,0,0,0,0,0,0,0,0.0267,7,7,1.58,1.4524,7.8333,,0.0333,,,
empty-cup,1,starter,w0h+l0,random,300,2,0.0067,8,1,49.336,0,0,1.87,35.497,0,0,0.13,1.207,0.13,0,0.727,0.517,0.21,0.89,0,0,0,0,0,0.003,0,2,0,0,0,0,0,,,,,,,,,,,,,2,trial-cup,1,1,cut-supply,1,3,empty-cup-quiz,1,5,300,1,1,8,1,8,300,2068,2,1,298,2067,0,0,600,39,0,0,0,0,0,0,0,0.0033,8,8,6.8933,0.5,6.9362,,0.065,,,
empty-cup,1,starter,w0h+l0,single-water,300,0,0,8,,43.143,0,0,2,39,0,0,0,0,0,0,0.997,0.97,0.027,0,0,0,0,0,0,0,0,2,0,0,0,0,0,,,,,,,,,,,,,2,trial-cup,1,1,cut-supply,1,3,empty-cup-quiz,1,5,300,0,0,0,0,0,300,2168,0,0,300,2168,0,0,600,0,0,0,0,0,0,0,0,0,,,7.2267,,7.2267,,0,,,
empty-cup,1,starter,w0h+l0,legacy-cycle,300,19,0.0633,8,1,8.534,0,0,2,39,0,0,0,0,0,0,0.257,0.003,0.253,2.87,0,0,0,0,0,0.907,0,2,0,0,0,0,0,,,,,,,,,,,,,2,trial-cup,1,1,cut-supply,1,3,empty-cup-quiz,1,5,300,272,272,1959,19,133,300,1529,19,95,281,1434,0,0,600,0,0,0,0,0,0,0,0,0.9067,7.2022,7,5.0967,5,5.1032,,0,,,
empty-cup,1,starter,w0h+l0,greedy,300,275,0.9167,7.24,0.8964,3.52,0,0,1.15,22.263,0,0,0.55,0.083,0.55,0,1.577,1.393,0.183,1.48,0,0,0,0,0,0.007,0,1.983,0,0,0,0,0,,,,,,,,,,,,,2,trial-cup,1,1,cut-supply,1,3,empty-cup-quiz,1,5,300,2,2,14,2,14,300,598,275,543,25,55,0,0,595,165,0,0,0,0,0,0,0,0.0067,7,7,1.9933,1.9745,2.2,,0.2773,,,
empty-cup,1,starter,w0h+l0,planner,300,297,0.99,6.957,0.8683,18.667,0,0,1.09,21.107,0,0,0.487,0.033,0.487,0,1.6,1.493,0.107,1.623,0,0,0,0,0,0.007,0,1.96,0,0,0,0,0,,,,,,,,,,,,,2,trial-cup,1,1,cut-supply,1,3,empty-cup-quiz,1,5,300,2,2,14,2,14,300,508,297,488,3,20,0,0,588,146,0,0,0,0,0,0,0,0.0067,7,7,1.6933,1.6431,6.6667,,0.2483,,,
empty-cup,1,starter,w0h+l0,forecast-aware,300,290,0.9667,7.207,0.8974,3,0,0,1.237,24.01,0,0,0.483,0,0.483,0,1.63,1.463,0.167,2.197,0,0,0,0,0,0.07,0,1.96,0,0,0,0,0,,,,,,,,,,,,,2,trial-cup,1,1,cut-supply,1,3,empty-cup-quiz,1,5,300,21,21,151,21,151,300,536,290,513,10,23,0,0,588,145,0,0,0,0,0,0,0,0.07,7.1905,7.1905,1.7867,1.769,2.3,,0.2466,,,
empty-cup,1,starter,w0h+l0,planner-one-mistake,300,294,0.98,7.41,0.9247,19.5,0,0,1.687,32.733,0,0,0.067,0.06,0.067,0,1.8,1.77,0.03,1.64,0,0,0,0,0,0.027,0,2,0,0,0,0,0,297,146,146,143,154,146,0,0.9795,0.4916,6.7414,0.5,0,2,trial-cup,1,1,cut-supply,1,3,empty-cup-quiz,1,5,300,8,8,56,8,56,300,474,294,427,6,47,0,0,600,20,0,0,0,0,0,0,0,0.0267,7,7,1.58,1.4524,7.8333,,0.0333,,,
empty-cup,1,starter,w0h+l+,random,300,2,0.0067,8,1,49.336,0,0,1.87,35.497,0,0,0.13,1.207,0.13,0,0.727,0.517,0.21,0.89,0,0,0,0,0,0.003,0,2,0,0,0,0,0,,,,,,,,,,,,,2,trial-cup,1,1,cut-supply,1,3,empty-cup-quiz,1,5,300,1,1,8,1,8,300,2068,2,1,298,2067,0,0,600,39,0,0,0,0,0,0,0,0.0033,8,8,6.8933,0.5,6.9362,,0.065,,,
empty-cup,1,starter,w0h+l+,single-water,300,0,0,8,,43.143,0,0,2,39,0,0,0,0,0,0,0.997,0.97,0.027,0,0,0,0,0,0,0,0,2,0,0,0,0,0,,,,,,,,,,,,,2,trial-cup,1,1,cut-supply,1,3,empty-cup-quiz,1,5,300,0,0,0,0,0,300,2168,0,0,300,2168,0,0,600,0,0,0,0,0,0,0,0,0,,,7.2267,,7.2267,,0,,,
empty-cup,1,starter,w0h+l+,legacy-cycle,300,19,0.0633,8,1,8.534,0,0,2,39,0,0,0,0,0,0,0.257,0.003,0.253,2.87,0,0,0,0,0,0.907,0,2,0,0,0,0,0,,,,,,,,,,,,,2,trial-cup,1,1,cut-supply,1,3,empty-cup-quiz,1,5,300,272,272,1959,19,133,300,1529,19,95,281,1434,0,0,600,0,0,0,0,0,0,0,0,0.9067,7.2022,7,5.0967,5,5.1032,,0,,,
empty-cup,1,starter,w0h+l+,greedy,300,275,0.9167,7.24,0.8964,3.52,0,0,1.15,22.263,0,0,0.55,0.083,0.55,0,1.577,1.393,0.183,1.48,0,0,0,0,0,0.007,0,1.983,0,0,0,0,0,,,,,,,,,,,,,2,trial-cup,1,1,cut-supply,1,3,empty-cup-quiz,1,5,300,2,2,14,2,14,300,598,275,543,25,55,0,0,595,165,0,0,0,0,0,0,0,0.0067,7,7,1.9933,1.9745,2.2,,0.2773,,,
empty-cup,1,starter,w0h+l+,planner,300,297,0.99,6.957,0.8683,18.667,0,0,1.09,21.107,0,0,0.487,0.033,0.487,0,1.6,1.493,0.107,1.623,0,0,0,0,0,0.007,0,1.96,0,0,0,0,0,,,,,,,,,,,,,2,trial-cup,1,1,cut-supply,1,3,empty-cup-quiz,1,5,300,2,2,14,2,14,300,508,297,488,3,20,0,0,588,146,0,0,0,0,0,0,0,0.0067,7,7,1.6933,1.6431,6.6667,,0.2483,,,
empty-cup,1,starter,w0h+l+,forecast-aware,300,290,0.9667,7.207,0.8974,3,0,0,1.237,24.01,0,0,0.483,0,0.483,0,1.63,1.463,0.167,2.197,0,0,0,0,0,0.07,0,1.96,0,0,0,0,0,,,,,,,,,,,,,2,trial-cup,1,1,cut-supply,1,3,empty-cup-quiz,1,5,300,21,21,151,21,151,300,536,290,513,10,23,0,0,588,145,0,0,0,0,0,0,0,0.07,7.1905,7.1905,1.7867,1.769,2.3,,0.2466,,,
empty-cup,1,starter,w0h+l+,planner-one-mistake,300,294,0.98,7.41,0.9247,19.5,0,0,1.687,32.733,0,0,0.067,0.06,0.067,0,1.8,1.77,0.03,1.64,0,0,0,0,0,0.027,0,2,0,0,0,0,0,297,146,146,143,154,146,0,0.9795,0.4916,6.7414,0.5,0,2,trial-cup,1,1,cut-supply,1,3,empty-cup-quiz,1,5,300,8,8,56,8,56,300,474,294,427,6,47,0,0,600,20,0,0,0,0,0,0,0,0.0267,7,7,1.58,1.4524,7.8333,,0.0333,,,
empty-cup,1,starter,w+h-l-,random,300,5,0.0167,8,1,46.132,0,0,1.87,35.59,0,0,0.13,1.207,0.13,0,0.727,0.517,0.21,0.89,0,0,0,0,0,0.003,0,2,0,0,0,0,0,,,,,,,,,,,,,2,trial-cup,1,1,cut-supply,1,3,empty-cup-quiz,1,5,300,1,1,8,1,8,300,2068,5,12,295,2056,0,0,600,39,0,0,0,0,0,0,0,0.0033,8,8,6.8933,2.4,6.9695,,0.065,,,
empty-cup,1,starter,w+h-l-,single-water,300,0,0,8,,29.073,0,0,2,39,0,0,0,0,0,0,0.997,0.97,0.027,0,0,0,0,0,0,0,0,2,0,0,0,0,0,,,,,,,,,,,,,2,trial-cup,1,1,cut-supply,1,3,empty-cup-quiz,1,5,300,0,0,0,0,0,300,2168,0,0,300,2168,0,0,600,0,0,0,0,0,0,0,0,0,,,7.2267,,7.2267,,0,,,
empty-cup,1,starter,w+h-l-,legacy-cycle,300,195,0.65,8,1,11.848,0,0,2,39,0,0,0,0,0,0,0.257,0.003,0.253,2.87,0,0,0,0,0,0.907,0,2,0,0,0,0,0,,,,,,,,,,,,,2,trial-cup,1,1,cut-supply,1,3,empty-cup-quiz,1,5,300,272,272,1959,195,1394,300,1529,195,946,105,583,0,0,600,0,0,0,0,0,0,0,0,0.9067,7.2022,7.1487,5.0967,4.8513,5.5524,,0,,,
empty-cup,1,starter,w+h-l-,greedy,300,295,0.9833,6.777,0.8445,3.2,0,0,0.983,18.973,0,0,0.497,0.09,0.497,0,1.31,1.07,0.24,1.293,0,0,0,0,0,0.01,0,1.983,0,0,0,0,0,,,,,,,,,,,,,2,trial-cup,1,1,cut-supply,1,3,empty-cup-quiz,1,5,300,3,3,21,3,21,300,461,295,445,5,16,0,0,595,149,0,0,0,0,0,0,0,0.01,7,7,1.5367,1.5085,3.2,,0.2504,,,
empty-cup,1,starter,w+h-l-,planner,300,299,0.9967,6.567,0.8202,19,0,0,0.96,18.503,0,0,0.433,0.027,0.433,0,1.523,1.21,0.313,1.38,0,0,0,0,0,0.03,0,1.977,0,0,0,0,0,,,,,,,,,,,,,2,trial-cup,1,1,cut-supply,1,3,empty-cup-quiz,1,5,300,9,9,63,9,63,300,390,299,380,1,10,0,0,593,130,0,0,0,0,0,0,0,0.03,7,7,1.3,1.2709,10,,0.2192,,,
empty-cup,1,starter,w+h-l-,forecast-aware,300,298,0.9933,6.883,0.8595,3.5,0,0,1.103,21.343,0,0,0.483,0,0.483,0,1.6,1.357,0.243,2.087,0,0,0,0,0,0.07,0,1.953,0,0,0,0,0,,,,,,,,,,,,,2,trial-cup,1,1,cut-supply,1,3,empty-cup-quiz,1,5,300,21,21,151,21,151,300,457,298,450,2,7,0,0,586,145,0,0,0,0,0,0,0,0.07,7.1905,7.1905,1.5233,1.5101,3.5,,0.2474,,,
empty-cup,1,starter,w+h-l-,planner-one-mistake,300,299,0.9967,6.863,0.8574,19,0,0,1.47,28.4,0,0,0.047,0.033,0.047,0,1.683,1.443,0.24,1.597,0,0,0,0,0,0.05,0,2,0,0,0,0,0,299,130,130,130,170,130,0,1,0.4348,7.4212,1.5,0,2,trial-cup,1,1,cut-supply,1,3,empty-cup-quiz,1,5,300,15,15,105,15,105,300,295,299,285,1,10,0,0,600,14,0,0,0,0,0,0,0,0.05,7,7,0.9833,0.9532,10,,0.0233,,,
empty-cup,1,starter,w+h-l0,random,300,5,0.0167,8,1,46.132,0,0,1.87,35.59,0,0,0.13,1.207,0.13,0,0.727,0.517,0.21,0.89,0,0,0,0,0,0.003,0,2,0,0,0,0,0,,,,,,,,,,,,,2,trial-cup,1,1,cut-supply,1,3,empty-cup-quiz,1,5,300,1,1,8,1,8,300,2068,5,12,295,2056,0,0,600,39,0,0,0,0,0,0,0,0.0033,8,8,6.8933,2.4,6.9695,,0.065,,,
empty-cup,1,starter,w+h-l0,single-water,300,0,0,8,,29.073,0,0,2,39,0,0,0,0,0,0,0.997,0.97,0.027,0,0,0,0,0,0,0,0,2,0,0,0,0,0,,,,,,,,,,,,,2,trial-cup,1,1,cut-supply,1,3,empty-cup-quiz,1,5,300,0,0,0,0,0,300,2168,0,0,300,2168,0,0,600,0,0,0,0,0,0,0,0,0,,,7.2267,,7.2267,,0,,,
empty-cup,1,starter,w+h-l0,legacy-cycle,300,195,0.65,8,1,11.848,0,0,2,39,0,0,0,0,0,0,0.257,0.003,0.253,2.87,0,0,0,0,0,0.907,0,2,0,0,0,0,0,,,,,,,,,,,,,2,trial-cup,1,1,cut-supply,1,3,empty-cup-quiz,1,5,300,272,272,1959,195,1394,300,1529,195,946,105,583,0,0,600,0,0,0,0,0,0,0,0,0.9067,7.2022,7.1487,5.0967,4.8513,5.5524,,0,,,
empty-cup,1,starter,w+h-l0,greedy,300,295,0.9833,6.777,0.8445,3.2,0,0,0.983,18.973,0,0,0.497,0.09,0.497,0,1.31,1.07,0.24,1.293,0,0,0,0,0,0.01,0,1.983,0,0,0,0,0,,,,,,,,,,,,,2,trial-cup,1,1,cut-supply,1,3,empty-cup-quiz,1,5,300,3,3,21,3,21,300,461,295,445,5,16,0,0,595,149,0,0,0,0,0,0,0,0.01,7,7,1.5367,1.5085,3.2,,0.2504,,,
empty-cup,1,starter,w+h-l0,planner,300,299,0.9967,6.567,0.8202,19,0,0,0.96,18.503,0,0,0.433,0.027,0.433,0,1.523,1.21,0.313,1.38,0,0,0,0,0,0.03,0,1.977,0,0,0,0,0,,,,,,,,,,,,,2,trial-cup,1,1,cut-supply,1,3,empty-cup-quiz,1,5,300,9,9,63,9,63,300,390,299,380,1,10,0,0,593,130,0,0,0,0,0,0,0,0.03,7,7,1.3,1.2709,10,,0.2192,,,
empty-cup,1,starter,w+h-l0,forecast-aware,300,298,0.9933,6.883,0.8595,3.5,0,0,1.103,21.343,0,0,0.483,0,0.483,0,1.6,1.357,0.243,2.087,0,0,0,0,0,0.07,0,1.953,0,0,0,0,0,,,,,,,,,,,,,2,trial-cup,1,1,cut-supply,1,3,empty-cup-quiz,1,5,300,21,21,151,21,151,300,457,298,450,2,7,0,0,586,145,0,0,0,0,0,0,0,0.07,7.1905,7.1905,1.5233,1.5101,3.5,,0.2474,,,
empty-cup,1,starter,w+h-l0,planner-one-mistake,300,299,0.9967,6.863,0.8574,19,0,0,1.47,28.4,0,0,0.047,0.033,0.047,0,1.683,1.443,0.24,1.597,0,0,0,0,0,0.05,0,2,0,0,0,0,0,299,130,130,130,170,130,0,1,0.4348,7.4212,1.5,0,2,trial-cup,1,1,cut-supply,1,3,empty-cup-quiz,1,5,300,15,15,105,15,105,300,295,299,285,1,10,0,0,600,14,0,0,0,0,0,0,0,0.05,7,7,0.9833,0.9532,10,,0.0233,,,
empty-cup,1,starter,w+h-l+,random,300,5,0.0167,8,1,46.132,0,0,1.87,35.59,0,0,0.13,1.207,0.13,0,0.727,0.517,0.21,0.89,0,0,0,0,0,0.003,0,2,0,0,0,0,0,,,,,,,,,,,,,2,trial-cup,1,1,cut-supply,1,3,empty-cup-quiz,1,5,300,1,1,8,1,8,300,2068,5,12,295,2056,0,0,600,39,0,0,0,0,0,0,0,0.0033,8,8,6.8933,2.4,6.9695,,0.065,,,
empty-cup,1,starter,w+h-l+,single-water,300,0,0,8,,29.073,0,0,2,39,0,0,0,0,0,0,0.997,0.97,0.027,0,0,0,0,0,0,0,0,2,0,0,0,0,0,,,,,,,,,,,,,2,trial-cup,1,1,cut-supply,1,3,empty-cup-quiz,1,5,300,0,0,0,0,0,300,2168,0,0,300,2168,0,0,600,0,0,0,0,0,0,0,0,0,,,7.2267,,7.2267,,0,,,
empty-cup,1,starter,w+h-l+,legacy-cycle,300,195,0.65,8,1,11.848,0,0,2,39,0,0,0,0,0,0,0.257,0.003,0.253,2.87,0,0,0,0,0,0.907,0,2,0,0,0,0,0,,,,,,,,,,,,,2,trial-cup,1,1,cut-supply,1,3,empty-cup-quiz,1,5,300,272,272,1959,195,1394,300,1529,195,946,105,583,0,0,600,0,0,0,0,0,0,0,0,0.9067,7.2022,7.1487,5.0967,4.8513,5.5524,,0,,,
empty-cup,1,starter,w+h-l+,greedy,300,295,0.9833,6.777,0.8445,3.2,0,0,0.983,18.973,0,0,0.497,0.09,0.497,0,1.31,1.07,0.24,1.293,0,0,0,0,0,0.01,0,1.983,0,0,0,0,0,,,,,,,,,,,,,2,trial-cup,1,1,cut-supply,1,3,empty-cup-quiz,1,5,300,3,3,21,3,21,300,461,295,445,5,16,0,0,595,149,0,0,0,0,0,0,0,0.01,7,7,1.5367,1.5085,3.2,,0.2504,,,
empty-cup,1,starter,w+h-l+,planner,300,299,0.9967,6.567,0.8202,19,0,0,0.96,18.503,0,0,0.433,0.027,0.433,0,1.523,1.21,0.313,1.38,0,0,0,0,0,0.03,0,1.977,0,0,0,0,0,,,,,,,,,,,,,2,trial-cup,1,1,cut-supply,1,3,empty-cup-quiz,1,5,300,9,9,63,9,63,300,390,299,380,1,10,0,0,593,130,0,0,0,0,0,0,0,0.03,7,7,1.3,1.2709,10,,0.2192,,,
empty-cup,1,starter,w+h-l+,forecast-aware,300,298,0.9933,6.883,0.8595,3.5,0,0,1.103,21.343,0,0,0.483,0,0.483,0,1.6,1.357,0.243,2.087,0,0,0,0,0,0.07,0,1.953,0,0,0,0,0,,,,,,,,,,,,,2,trial-cup,1,1,cut-supply,1,3,empty-cup-quiz,1,5,300,21,21,151,21,151,300,457,298,450,2,7,0,0,586,145,0,0,0,0,0,0,0,0.07,7.1905,7.1905,1.5233,1.5101,3.5,,0.2474,,,
empty-cup,1,starter,w+h-l+,planner-one-mistake,300,299,0.9967,6.863,0.8574,19,0,0,1.47,28.4,0,0,0.047,0.033,0.047,0,1.683,1.443,0.24,1.597,0,0,0,0,0,0.05,0,2,0,0,0,0,0,299,130,130,130,170,130,0,1,0.4348,7.4212,1.5,0,2,trial-cup,1,1,cut-supply,1,3,empty-cup-quiz,1,5,300,15,15,105,15,105,300,295,299,285,1,10,0,0,600,14,0,0,0,0,0,0,0,0.05,7,7,0.9833,0.9532,10,,0.0233,,,
empty-cup,1,starter,w+h0l-,random,300,5,0.0167,8,1,46.132,0,0,1.87,35.59,0,0,0.13,1.207,0.13,0,0.727,0.517,0.21,0.89,0,0,0,0,0,0.003,0,2,0,0,0,0,0,,,,,,,,,,,,,2,trial-cup,1,1,cut-supply,1,3,empty-cup-quiz,1,5,300,1,1,8,1,8,300,2068,5,12,295,2056,0,0,600,39,0,0,0,0,0,0,0,0.0033,8,8,6.8933,2.4,6.9695,,0.065,,,
empty-cup,1,starter,w+h0l-,single-water,300,0,0,8,,29.073,0,0,2,39,0,0,0,0,0,0,0.997,0.97,0.027,0,0,0,0,0,0,0,0,2,0,0,0,0,0,,,,,,,,,,,,,2,trial-cup,1,1,cut-supply,1,3,empty-cup-quiz,1,5,300,0,0,0,0,0,300,2168,0,0,300,2168,0,0,600,0,0,0,0,0,0,0,0,0,,,7.2267,,7.2267,,0,,,
empty-cup,1,starter,w+h0l-,legacy-cycle,300,195,0.65,8,1,11.848,0,0,2,39,0,0,0,0,0,0,0.257,0.003,0.253,2.87,0,0,0,0,0,0.907,0,2,0,0,0,0,0,,,,,,,,,,,,,2,trial-cup,1,1,cut-supply,1,3,empty-cup-quiz,1,5,300,272,272,1959,195,1394,300,1529,195,946,105,583,0,0,600,0,0,0,0,0,0,0,0,0.9067,7.2022,7.1487,5.0967,4.8513,5.5524,,0,,,
empty-cup,1,starter,w+h0l-,greedy,300,295,0.9833,6.777,0.8445,3.2,0,0,0.983,18.973,0,0,0.497,0.09,0.497,0,1.31,1.07,0.24,1.293,0,0,0,0,0,0.01,0,1.983,0,0,0,0,0,,,,,,,,,,,,,2,trial-cup,1,1,cut-supply,1,3,empty-cup-quiz,1,5,300,3,3,21,3,21,300,461,295,445,5,16,0,0,595,149,0,0,0,0,0,0,0,0.01,7,7,1.5367,1.5085,3.2,,0.2504,,,
empty-cup,1,starter,w+h0l-,planner,300,299,0.9967,6.567,0.8202,19,0,0,0.96,18.503,0,0,0.433,0.027,0.433,0,1.523,1.21,0.313,1.38,0,0,0,0,0,0.03,0,1.977,0,0,0,0,0,,,,,,,,,,,,,2,trial-cup,1,1,cut-supply,1,3,empty-cup-quiz,1,5,300,9,9,63,9,63,300,390,299,380,1,10,0,0,593,130,0,0,0,0,0,0,0,0.03,7,7,1.3,1.2709,10,,0.2192,,,
empty-cup,1,starter,w+h0l-,forecast-aware,300,298,0.9933,6.883,0.8595,3.5,0,0,1.103,21.343,0,0,0.483,0,0.483,0,1.6,1.357,0.243,2.087,0,0,0,0,0,0.07,0,1.953,0,0,0,0,0,,,,,,,,,,,,,2,trial-cup,1,1,cut-supply,1,3,empty-cup-quiz,1,5,300,21,21,151,21,151,300,457,298,450,2,7,0,0,586,145,0,0,0,0,0,0,0,0.07,7.1905,7.1905,1.5233,1.5101,3.5,,0.2474,,,
empty-cup,1,starter,w+h0l-,planner-one-mistake,300,299,0.9967,6.863,0.8574,19,0,0,1.47,28.4,0,0,0.047,0.033,0.047,0,1.683,1.443,0.24,1.597,0,0,0,0,0,0.05,0,2,0,0,0,0,0,299,130,130,130,170,130,0,1,0.4348,7.4212,1.5,0,2,trial-cup,1,1,cut-supply,1,3,empty-cup-quiz,1,5,300,15,15,105,15,105,300,295,299,285,1,10,0,0,600,14,0,0,0,0,0,0,0,0.05,7,7,0.9833,0.9532,10,,0.0233,,,
empty-cup,1,starter,w+h0l0,random,300,5,0.0167,8,1,46.132,0,0,1.87,35.59,0,0,0.13,1.207,0.13,0,0.727,0.517,0.21,0.89,0,0,0,0,0,0.003,0,2,0,0,0,0,0,,,,,,,,,,,,,2,trial-cup,1,1,cut-supply,1,3,empty-cup-quiz,1,5,300,1,1,8,1,8,300,2068,5,12,295,2056,0,0,600,39,0,0,0,0,0,0,0,0.0033,8,8,6.8933,2.4,6.9695,,0.065,,,
empty-cup,1,starter,w+h0l0,single-water,300,0,0,8,,29.073,0,0,2,39,0,0,0,0,0,0,0.997,0.97,0.027,0,0,0,0,0,0,0,0,2,0,0,0,0,0,,,,,,,,,,,,,2,trial-cup,1,1,cut-supply,1,3,empty-cup-quiz,1,5,300,0,0,0,0,0,300,2168,0,0,300,2168,0,0,600,0,0,0,0,0,0,0,0,0,,,7.2267,,7.2267,,0,,,
empty-cup,1,starter,w+h0l0,legacy-cycle,300,195,0.65,8,1,11.848,0,0,2,39,0,0,0,0,0,0,0.257,0.003,0.253,2.87,0,0,0,0,0,0.907,0,2,0,0,0,0,0,,,,,,,,,,,,,2,trial-cup,1,1,cut-supply,1,3,empty-cup-quiz,1,5,300,272,272,1959,195,1394,300,1529,195,946,105,583,0,0,600,0,0,0,0,0,0,0,0,0.9067,7.2022,7.1487,5.0967,4.8513,5.5524,,0,,,
empty-cup,1,starter,w+h0l0,greedy,300,295,0.9833,6.777,0.8445,3.2,0,0,0.983,18.973,0,0,0.497,0.09,0.497,0,1.31,1.07,0.24,1.293,0,0,0,0,0,0.01,0,1.983,0,0,0,0,0,,,,,,,,,,,,,2,trial-cup,1,1,cut-supply,1,3,empty-cup-quiz,1,5,300,3,3,21,3,21,300,461,295,445,5,16,0,0,595,149,0,0,0,0,0,0,0,0.01,7,7,1.5367,1.5085,3.2,,0.2504,,,
empty-cup,1,starter,w+h0l0,planner,300,299,0.9967,6.567,0.8202,19,0,0,0.96,18.503,0,0,0.433,0.027,0.433,0,1.523,1.21,0.313,1.38,0,0,0,0,0,0.03,0,1.977,0,0,0,0,0,,,,,,,,,,,,,2,trial-cup,1,1,cut-supply,1,3,empty-cup-quiz,1,5,300,9,9,63,9,63,300,390,299,380,1,10,0,0,593,130,0,0,0,0,0,0,0,0.03,7,7,1.3,1.2709,10,,0.2192,,,
empty-cup,1,starter,w+h0l0,forecast-aware,300,298,0.9933,6.883,0.8595,3.5,0,0,1.103,21.343,0,0,0.483,0,0.483,0,1.6,1.357,0.243,2.087,0,0,0,0,0,0.07,0,1.953,0,0,0,0,0,,,,,,,,,,,,,2,trial-cup,1,1,cut-supply,1,3,empty-cup-quiz,1,5,300,21,21,151,21,151,300,457,298,450,2,7,0,0,586,145,0,0,0,0,0,0,0,0.07,7.1905,7.1905,1.5233,1.5101,3.5,,0.2474,,,
empty-cup,1,starter,w+h0l0,planner-one-mistake,300,299,0.9967,6.863,0.8574,19,0,0,1.47,28.4,0,0,0.047,0.033,0.047,0,1.683,1.443,0.24,1.597,0,0,0,0,0,0.05,0,2,0,0,0,0,0,299,130,130,130,170,130,0,1,0.4348,7.4212,1.5,0,2,trial-cup,1,1,cut-supply,1,3,empty-cup-quiz,1,5,300,15,15,105,15,105,300,295,299,285,1,10,0,0,600,14,0,0,0,0,0,0,0,0.05,7,7,0.9833,0.9532,10,,0.0233,,,
empty-cup,1,starter,w+h0l+,random,300,5,0.0167,8,1,46.132,0,0,1.87,35.59,0,0,0.13,1.207,0.13,0,0.727,0.517,0.21,0.89,0,0,0,0,0,0.003,0,2,0,0,0,0,0,,,,,,,,,,,,,2,trial-cup,1,1,cut-supply,1,3,empty-cup-quiz,1,5,300,1,1,8,1,8,300,2068,5,12,295,2056,0,0,600,39,0,0,0,0,0,0,0,0.0033,8,8,6.8933,2.4,6.9695,,0.065,,,
empty-cup,1,starter,w+h0l+,single-water,300,0,0,8,,29.073,0,0,2,39,0,0,0,0,0,0,0.997,0.97,0.027,0,0,0,0,0,0,0,0,2,0,0,0,0,0,,,,,,,,,,,,,2,trial-cup,1,1,cut-supply,1,3,empty-cup-quiz,1,5,300,0,0,0,0,0,300,2168,0,0,300,2168,0,0,600,0,0,0,0,0,0,0,0,0,,,7.2267,,7.2267,,0,,,
empty-cup,1,starter,w+h0l+,legacy-cycle,300,195,0.65,8,1,11.848,0,0,2,39,0,0,0,0,0,0,0.257,0.003,0.253,2.87,0,0,0,0,0,0.907,0,2,0,0,0,0,0,,,,,,,,,,,,,2,trial-cup,1,1,cut-supply,1,3,empty-cup-quiz,1,5,300,272,272,1959,195,1394,300,1529,195,946,105,583,0,0,600,0,0,0,0,0,0,0,0,0.9067,7.2022,7.1487,5.0967,4.8513,5.5524,,0,,,
empty-cup,1,starter,w+h0l+,greedy,300,295,0.9833,6.777,0.8445,3.2,0,0,0.983,18.973,0,0,0.497,0.09,0.497,0,1.31,1.07,0.24,1.293,0,0,0,0,0,0.01,0,1.983,0,0,0,0,0,,,,,,,,,,,,,2,trial-cup,1,1,cut-supply,1,3,empty-cup-quiz,1,5,300,3,3,21,3,21,300,461,295,445,5,16,0,0,595,149,0,0,0,0,0,0,0,0.01,7,7,1.5367,1.5085,3.2,,0.2504,,,
empty-cup,1,starter,w+h0l+,planner,300,299,0.9967,6.567,0.8202,19,0,0,0.96,18.503,0,0,0.433,0.027,0.433,0,1.523,1.21,0.313,1.38,0,0,0,0,0,0.03,0,1.977,0,0,0,0,0,,,,,,,,,,,,,2,trial-cup,1,1,cut-supply,1,3,empty-cup-quiz,1,5,300,9,9,63,9,63,300,390,299,380,1,10,0,0,593,130,0,0,0,0,0,0,0,0.03,7,7,1.3,1.2709,10,,0.2192,,,
empty-cup,1,starter,w+h0l+,forecast-aware,300,298,0.9933,6.883,0.8595,3.5,0,0,1.103,21.343,0,0,0.483,0,0.483,0,1.6,1.357,0.243,2.087,0,0,0,0,0,0.07,0,1.953,0,0,0,0,0,,,,,,,,,,,,,2,trial-cup,1,1,cut-supply,1,3,empty-cup-quiz,1,5,300,21,21,151,21,151,300,457,298,450,2,7,0,0,586,145,0,0,0,0,0,0,0,0.07,7.1905,7.1905,1.5233,1.5101,3.5,,0.2474,,,
empty-cup,1,starter,w+h0l+,planner-one-mistake,300,299,0.9967,6.863,0.8574,19,0,0,1.47,28.4,0,0,0.047,0.033,0.047,0,1.683,1.443,0.24,1.597,0,0,0,0,0,0.05,0,2,0,0,0,0,0,299,130,130,130,170,130,0,1,0.4348,7.4212,1.5,0,2,trial-cup,1,1,cut-supply,1,3,empty-cup-quiz,1,5,300,15,15,105,15,105,300,295,299,285,1,10,0,0,600,14,0,0,0,0,0,0,0,0.05,7,7,0.9833,0.9532,10,,0.0233,,,
empty-cup,1,starter,w+h+l-,random,300,5,0.0167,8,1,46.132,0,0,1.87,35.59,0,0,0.13,1.207,0.13,0,0.727,0.517,0.21,0.89,0,0,0,0,0,0.003,0,2,0,0,0,0,0,,,,,,,,,,,,,2,trial-cup,1,1,cut-supply,1,3,empty-cup-quiz,1,5,300,1,1,8,1,8,300,2068,5,12,295,2056,0,0,600,39,0,0,0,0,0,0,0,0.0033,8,8,6.8933,2.4,6.9695,,0.065,,,
empty-cup,1,starter,w+h+l-,single-water,300,0,0,8,,29.073,0,0,2,39,0,0,0,0,0,0,0.997,0.97,0.027,0,0,0,0,0,0,0,0,2,0,0,0,0,0,,,,,,,,,,,,,2,trial-cup,1,1,cut-supply,1,3,empty-cup-quiz,1,5,300,0,0,0,0,0,300,2168,0,0,300,2168,0,0,600,0,0,0,0,0,0,0,0,0,,,7.2267,,7.2267,,0,,,
empty-cup,1,starter,w+h+l-,legacy-cycle,300,195,0.65,8,1,11.848,0,0,2,39,0,0,0,0,0,0,0.257,0.003,0.253,2.87,0,0,0,0,0,0.907,0,2,0,0,0,0,0,,,,,,,,,,,,,2,trial-cup,1,1,cut-supply,1,3,empty-cup-quiz,1,5,300,272,272,1959,195,1394,300,1529,195,946,105,583,0,0,600,0,0,0,0,0,0,0,0,0.9067,7.2022,7.1487,5.0967,4.8513,5.5524,,0,,,
empty-cup,1,starter,w+h+l-,greedy,300,295,0.9833,6.777,0.8445,3.2,0,0,0.983,18.973,0,0,0.497,0.09,0.497,0,1.31,1.07,0.24,1.293,0,0,0,0,0,0.01,0,1.983,0,0,0,0,0,,,,,,,,,,,,,2,trial-cup,1,1,cut-supply,1,3,empty-cup-quiz,1,5,300,3,3,21,3,21,300,461,295,445,5,16,0,0,595,149,0,0,0,0,0,0,0,0.01,7,7,1.5367,1.5085,3.2,,0.2504,,,
empty-cup,1,starter,w+h+l-,planner,300,299,0.9967,6.567,0.8202,19,0,0,0.96,18.503,0,0,0.433,0.027,0.433,0,1.523,1.21,0.313,1.38,0,0,0,0,0,0.03,0,1.977,0,0,0,0,0,,,,,,,,,,,,,2,trial-cup,1,1,cut-supply,1,3,empty-cup-quiz,1,5,300,9,9,63,9,63,300,390,299,380,1,10,0,0,593,130,0,0,0,0,0,0,0,0.03,7,7,1.3,1.2709,10,,0.2192,,,
empty-cup,1,starter,w+h+l-,forecast-aware,300,298,0.9933,6.883,0.8595,3.5,0,0,1.103,21.343,0,0,0.483,0,0.483,0,1.6,1.357,0.243,2.087,0,0,0,0,0,0.07,0,1.953,0,0,0,0,0,,,,,,,,,,,,,2,trial-cup,1,1,cut-supply,1,3,empty-cup-quiz,1,5,300,21,21,151,21,151,300,457,298,450,2,7,0,0,586,145,0,0,0,0,0,0,0,0.07,7.1905,7.1905,1.5233,1.5101,3.5,,0.2474,,,
empty-cup,1,starter,w+h+l-,planner-one-mistake,300,299,0.9967,6.863,0.8574,19,0,0,1.47,28.4,0,0,0.047,0.033,0.047,0,1.683,1.443,0.24,1.597,0,0,0,0,0,0.05,0,2,0,0,0,0,0,299,130,130,130,170,130,0,1,0.4348,7.4212,1.5,0,2,trial-cup,1,1,cut-supply,1,3,empty-cup-quiz,1,5,300,15,15,105,15,105,300,295,299,285,1,10,0,0,600,14,0,0,0,0,0,0,0,0.05,7,7,0.9833,0.9532,10,,0.0233,,,
empty-cup,1,starter,w+h+l0,random,300,5,0.0167,8,1,46.132,0,0,1.87,35.59,0,0,0.13,1.207,0.13,0,0.727,0.517,0.21,0.89,0,0,0,0,0,0.003,0,2,0,0,0,0,0,,,,,,,,,,,,,2,trial-cup,1,1,cut-supply,1,3,empty-cup-quiz,1,5,300,1,1,8,1,8,300,2068,5,12,295,2056,0,0,600,39,0,0,0,0,0,0,0,0.0033,8,8,6.8933,2.4,6.9695,,0.065,,,
empty-cup,1,starter,w+h+l0,single-water,300,0,0,8,,29.073,0,0,2,39,0,0,0,0,0,0,0.997,0.97,0.027,0,0,0,0,0,0,0,0,2,0,0,0,0,0,,,,,,,,,,,,,2,trial-cup,1,1,cut-supply,1,3,empty-cup-quiz,1,5,300,0,0,0,0,0,300,2168,0,0,300,2168,0,0,600,0,0,0,0,0,0,0,0,0,,,7.2267,,7.2267,,0,,,
empty-cup,1,starter,w+h+l0,legacy-cycle,300,195,0.65,8,1,11.848,0,0,2,39,0,0,0,0,0,0,0.257,0.003,0.253,2.87,0,0,0,0,0,0.907,0,2,0,0,0,0,0,,,,,,,,,,,,,2,trial-cup,1,1,cut-supply,1,3,empty-cup-quiz,1,5,300,272,272,1959,195,1394,300,1529,195,946,105,583,0,0,600,0,0,0,0,0,0,0,0,0.9067,7.2022,7.1487,5.0967,4.8513,5.5524,,0,,,
empty-cup,1,starter,w+h+l0,greedy,300,295,0.9833,6.777,0.8445,3.2,0,0,0.983,18.973,0,0,0.497,0.09,0.497,0,1.31,1.07,0.24,1.293,0,0,0,0,0,0.01,0,1.983,0,0,0,0,0,,,,,,,,,,,,,2,trial-cup,1,1,cut-supply,1,3,empty-cup-quiz,1,5,300,3,3,21,3,21,300,461,295,445,5,16,0,0,595,149,0,0,0,0,0,0,0,0.01,7,7,1.5367,1.5085,3.2,,0.2504,,,
empty-cup,1,starter,w+h+l0,planner,300,299,0.9967,6.567,0.8202,19,0,0,0.96,18.503,0,0,0.433,0.027,0.433,0,1.523,1.21,0.313,1.38,0,0,0,0,0,0.03,0,1.977,0,0,0,0,0,,,,,,,,,,,,,2,trial-cup,1,1,cut-supply,1,3,empty-cup-quiz,1,5,300,9,9,63,9,63,300,390,299,380,1,10,0,0,593,130,0,0,0,0,0,0,0,0.03,7,7,1.3,1.2709,10,,0.2192,,,
empty-cup,1,starter,w+h+l0,forecast-aware,300,298,0.9933,6.883,0.8595,3.5,0,0,1.103,21.343,0,0,0.483,0,0.483,0,1.6,1.357,0.243,2.087,0,0,0,0,0,0.07,0,1.953,0,0,0,0,0,,,,,,,,,,,,,2,trial-cup,1,1,cut-supply,1,3,empty-cup-quiz,1,5,300,21,21,151,21,151,300,457,298,450,2,7,0,0,586,145,0,0,0,0,0,0,0,0.07,7.1905,7.1905,1.5233,1.5101,3.5,,0.2474,,,
empty-cup,1,starter,w+h+l0,planner-one-mistake,300,299,0.9967,6.863,0.8574,19,0,0,1.47,28.4,0,0,0.047,0.033,0.047,0,1.683,1.443,0.24,1.597,0,0,0,0,0,0.05,0,2,0,0,0,0,0,299,130,130,130,170,130,0,1,0.4348,7.4212,1.5,0,2,trial-cup,1,1,cut-supply,1,3,empty-cup-quiz,1,5,300,15,15,105,15,105,300,295,299,285,1,10,0,0,600,14,0,0,0,0,0,0,0,0.05,7,7,0.9833,0.9532,10,,0.0233,,,
empty-cup,1,starter,w+h+l+,random,300,5,0.0167,8,1,46.132,0,0,1.87,35.59,0,0,0.13,1.207,0.13,0,0.727,0.517,0.21,0.89,0,0,0,0,0,0.003,0,2,0,0,0,0,0,,,,,,,,,,,,,2,trial-cup,1,1,cut-supply,1,3,empty-cup-quiz,1,5,300,1,1,8,1,8,300,2068,5,12,295,2056,0,0,600,39,0,0,0,0,0,0,0,0.0033,8,8,6.8933,2.4,6.9695,,0.065,,,
empty-cup,1,starter,w+h+l+,single-water,300,0,0,8,,29.073,0,0,2,39,0,0,0,0,0,0,0.997,0.97,0.027,0,0,0,0,0,0,0,0,2,0,0,0,0,0,,,,,,,,,,,,,2,trial-cup,1,1,cut-supply,1,3,empty-cup-quiz,1,5,300,0,0,0,0,0,300,2168,0,0,300,2168,0,0,600,0,0,0,0,0,0,0,0,0,,,7.2267,,7.2267,,0,,,
empty-cup,1,starter,w+h+l+,legacy-cycle,300,195,0.65,8,1,11.848,0,0,2,39,0,0,0,0,0,0,0.257,0.003,0.253,2.87,0,0,0,0,0,0.907,0,2,0,0,0,0,0,,,,,,,,,,,,,2,trial-cup,1,1,cut-supply,1,3,empty-cup-quiz,1,5,300,272,272,1959,195,1394,300,1529,195,946,105,583,0,0,600,0,0,0,0,0,0,0,0,0.9067,7.2022,7.1487,5.0967,4.8513,5.5524,,0,,,
empty-cup,1,starter,w+h+l+,greedy,300,295,0.9833,6.777,0.8445,3.2,0,0,0.983,18.973,0,0,0.497,0.09,0.497,0,1.31,1.07,0.24,1.293,0,0,0,0,0,0.01,0,1.983,0,0,0,0,0,,,,,,,,,,,,,2,trial-cup,1,1,cut-supply,1,3,empty-cup-quiz,1,5,300,3,3,21,3,21,300,461,295,445,5,16,0,0,595,149,0,0,0,0,0,0,0,0.01,7,7,1.5367,1.5085,3.2,,0.2504,,,
empty-cup,1,starter,w+h+l+,planner,300,299,0.9967,6.567,0.8202,19,0,0,0.96,18.503,0,0,0.433,0.027,0.433,0,1.523,1.21,0.313,1.38,0,0,0,0,0,0.03,0,1.977,0,0,0,0,0,,,,,,,,,,,,,2,trial-cup,1,1,cut-supply,1,3,empty-cup-quiz,1,5,300,9,9,63,9,63,300,390,299,380,1,10,0,0,593,130,0,0,0,0,0,0,0,0.03,7,7,1.3,1.2709,10,,0.2192,,,
empty-cup,1,starter,w+h+l+,forecast-aware,300,298,0.9933,6.883,0.8595,3.5,0,0,1.103,21.343,0,0,0.483,0,0.483,0,1.6,1.357,0.243,2.087,0,0,0,0,0,0.07,0,1.953,0,0,0,0,0,,,,,,,,,,,,,2,trial-cup,1,1,cut-supply,1,3,empty-cup-quiz,1,5,300,21,21,151,21,151,300,457,298,450,2,7,0,0,586,145,0,0,0,0,0,0,0,0.07,7.1905,7.1905,1.5233,1.5101,3.5,,0.2474,,,
empty-cup,1,starter,w+h+l+,planner-one-mistake,300,299,0.9967,6.863,0.8574,19,0,0,1.47,28.4,0,0,0.047,0.033,0.047,0,1.683,1.443,0.24,1.597,0,0,0,0,0,0.05,0,2,0,0,0,0,0,299,130,130,130,170,130,0,1,0.4348,7.4212,1.5,0,2,trial-cup,1,1,cut-supply,1,3,empty-cup-quiz,1,5,300,15,15,105,15,105,300,295,299,285,1,10,0,0,600,14,0,0,0,0,0,0,0,0.05,7,7,0.9833,0.9532,10,,0.0233,,,
noon-fold,2,starter,w-h-l-,random,300,0,0,9,,72.24,0,0,1.907,40.41,4.817,21.73,0.277,1.197,0.093,0.183,0.567,0.42,0.273,1.043,0,0,0,0,0,0.013,0,2,0,0,0,0,0,,,,,,,,,,,,,2,single-shield,1,1,shift-guard,1,3,crossed-windows,1,5,300,4,4,35,0,0,300,2079,0,0,300,2079,0,0,600,28,0,0,0,0,0,0,0,0.0133,8.75,,6.93,,6.93,,0.0467,,,
noon-fold,2,starter,w-h-l-,single-water,300,0,0,9,,60.027,0,0,2,47.98,5,21.927,0,0,0,0,1,1,0.487,0,0,0,0,0,0,0,0,2,0,0,0,0,0,,,,,,,,,,,,,2,single-shield,1,1,shift-guard,1,3,crossed-windows,1,5,300,0,0,0,0,0,300,2106,0,0,300,2106,0,0,600,0,0,0,0,0,0,0,0,0,,,7.02,,7.02,,0,,,
noon-fold,2,starter,w-h-l-,legacy-cycle,300,0,0,9,,58.75,0,0,2,47.663,5,43.653,0,0,0,0,0.127,0,0.127,2.873,0,0,0,0,0,0.993,0,2,0,0,0,0,0,,,,,,,,,,,,,2,single-shield,1,1,shift-guard,1,3,crossed-windows,1,5,300,298,298,2193,0,0,300,1697,0,0,300,1697,0,0,600,0,0,0,0,0,0,0,0,0.9933,7.3591,,5.6567,,5.6567,,0,,,
noon-fold,2,starter,w-h-l-,greedy,300,238,0.7933,8.08,0.8711,7.919,0,0,1.11,26.087,4.41,1.58,0.583,0.073,0.533,0.05,1.43,1.093,0.333,1.497,0,0,0,0,0,0.03,0,1.963,0,0,0,0,0,,,,,,,,,,,,,2,single-shield,1,1,shift-guard,1,3,crossed-windows,1,5,300,9,9,70,2,17,300,691,238,543,62,148,0,0,589,160,0,0,0,0,0,0,0,0.03,7.7778,8.5,2.3033,2.2815,2.3871,,0.2716,,,
noon-fold,2,starter,w-h-l-,planner,300,248,0.8267,7.983,0.8634,22.538,0,0,1.143,26.807,4.37,1.98,0.493,0.053,0.453,0.04,1.523,1.16,0.363,1.707,0,0,0,0,0,0.007,0,1.96,0,0,0,0,0,,,,,,,,,,,,,2,single-shield,1,1,shift-guard,1,3,crossed-windows,1,5,300,2,2,16,2,16,300,881,248,465,52,416,0,0,588,136,0,0,0,0,0,0,0,0.0067,8,8,2.9367,1.875,8,,0.2313,,,
noon-fold,2,starter,w-h-l-,forecast-aware,300,189,0.63,8.693,0.9459,13.766,0,0,1.443,34.433,3.773,0.66,1.49,0,0.46,1.03,1.43,0.94,0.467,2.897,0,0,0,0,0,0.047,0,2,0,0,0,0,0,,,,,,,,,,,,,2,single-shield,1,1,shift-guard,1,3,crossed-windows,1,5,300,14,14,125,14,125,300,706,189,329,111,377,0,0,600,138,0,0,0,0,0,0,0,0.0467,8.9286,8.9286,2.3533,1.7407,3.3964,,0.23,,,
noon-fold,2,starter,w-h-l-,planner-one-mistake,300,151,0.5033,8.687,0.9308,31.872,0,0,1.403,33.567,4.753,13.147,0.537,0.11,0.49,0.047,1.363,1.043,0.32,2.587,0,0,0,0,0,0.053,0,2,0,0,0,0,0,248,300,248,137,0,4,296,0.5524,1,17.91,7.75,0,2,single-shield,1,1,shift-guard,1,3,crossed-windows,1,5,300,16,16,121,5,43,300,1433,151,244,149,1189,0,0,600,147,0,0,0,0,0,0,0,0.0533,7.5625,8.6,4.7767,1.6159,7.9799,,0.245,,,
noon-fold,2,starter,w-h-l0,random,300,0,0,9,,72.24,0,0,1.907,40.41,4.817,21.73,0.277,1.197,0.093,0.183,0.567,0.42,0.273,1.043,0,0,0,0,0,0.013,0,2,0,0,0,0,0,,,,,,,,,,,,,2,single-shield,1,1,shift-guard,1,3,crossed-windows,1,5,300,4,4,35,0,0,300,2079,0,0,300,2079,0,0,600,28,0,0,0,0,0,0,0,0.0133,8.75,,6.93,,6.93,,0.0467,,,
noon-fold,2,starter,w-h-l0,single-water,300,0,0,9,,60.027,0,0,2,47.98,5,21.927,0,0,0,0,1,1,0.487,0,0,0,0,0,0,0,0,2,0,0,0,0,0,,,,,,,,,,,,,2,single-shield,1,1,shift-guard,1,3,crossed-windows,1,5,300,0,0,0,0,0,300,2106,0,0,300,2106,0,0,600,0,0,0,0,0,0,0,0,0,,,7.02,,7.02,,0,,,
noon-fold,2,starter,w-h-l0,legacy-cycle,300,0,0,9,,58.75,0,0,2,47.663,5,43.653,0,0,0,0,0.127,0,0.127,2.873,0,0,0,0,0,0.993,0,2,0,0,0,0,0,,,,,,,,,,,,,2,single-shield,1,1,shift-guard,1,3,crossed-windows,1,5,300,298,298,2193,0,0,300,1697,0,0,300,1697,0,0,600,0,0,0,0,0,0,0,0,0.9933,7.3591,,5.6567,,5.6567,,0,,,
noon-fold,2,starter,w-h-l0,greedy,300,238,0.7933,8.08,0.8711,7.919,0,0,1.11,26.087,4.41,1.58,0.583,0.073,0.533,0.05,1.43,1.093,0.333,1.497,0,0,0,0,0,0.03,0,1.963,0,0,0,0,0,,,,,,,,,,,,,2,single-shield,1,1,shift-guard,1,3,crossed-windows,1,5,300,9,9,70,2,17,300,691,238,543,62,148,0,0,589,160,0,0,0,0,0,0,0,0.03,7.7778,8.5,2.3033,2.2815,2.3871,,0.2716,,,
noon-fold,2,starter,w-h-l0,planner,300,248,0.8267,7.983,0.8634,22.538,0,0,1.143,26.807,4.37,1.98,0.493,0.053,0.453,0.04,1.523,1.16,0.363,1.707,0,0,0,0,0,0.007,0,1.96,0,0,0,0,0,,,,,,,,,,,,,2,single-shield,1,1,shift-guard,1,3,crossed-windows,1,5,300,2,2,16,2,16,300,881,248,465,52,416,0,0,588,136,0,0,0,0,0,0,0,0.0067,8,8,2.9367,1.875,8,,0.2313,,,
noon-fold,2,starter,w-h-l0,forecast-aware,300,189,0.63,8.693,0.9459,13.766,0,0,1.443,34.433,3.773,0.66,1.49,0,0.46,1.03,1.43,0.94,0.467,2.897,0,0,0,0,0,0.047,0,2,0,0,0,0,0,,,,,,,,,,,,,2,single-shield,1,1,shift-guard,1,3,crossed-windows,1,5,300,14,14,125,14,125,300,706,189,329,111,377,0,0,600,138,0,0,0,0,0,0,0,0.0467,8.9286,8.9286,2.3533,1.7407,3.3964,,0.23,,,
noon-fold,2,starter,w-h-l0,planner-one-mistake,300,151,0.5033,8.687,0.9308,31.872,0,0,1.403,33.567,4.753,13.147,0.537,0.11,0.49,0.047,1.363,1.043,0.32,2.587,0,0,0,0,0,0.053,0,2,0,0,0,0,0,248,300,248,137,0,4,296,0.5524,1,17.91,7.75,0,2,single-shield,1,1,shift-guard,1,3,crossed-windows,1,5,300,16,16,121,5,43,300,1433,151,244,149,1189,0,0,600,147,0,0,0,0,0,0,0,0.0533,7.5625,8.6,4.7767,1.6159,7.9799,,0.245,,,
noon-fold,2,starter,w-h-l+,random,300,0,0,9,,72.24,0,0,1.907,40.41,4.817,21.73,0.277,1.197,0.093,0.183,0.567,0.42,0.273,1.043,0,0,0,0,0,0.013,0,2,0,0,0,0,0,,,,,,,,,,,,,2,single-shield,1,1,shift-guard,1,3,crossed-windows,1,5,300,4,4,35,0,0,300,2079,0,0,300,2079,0,0,600,28,0,0,0,0,0,0,0,0.0133,8.75,,6.93,,6.93,,0.0467,,,
noon-fold,2,starter,w-h-l+,single-water,300,0,0,9,,60.027,0,0,2,47.98,5,21.927,0,0,0,0,1,1,0.487,0,0,0,0,0,0,0,0,2,0,0,0,0,0,,,,,,,,,,,,,2,single-shield,1,1,shift-guard,1,3,crossed-windows,1,5,300,0,0,0,0,0,300,2106,0,0,300,2106,0,0,600,0,0,0,0,0,0,0,0,0,,,7.02,,7.02,,0,,,
noon-fold,2,starter,w-h-l+,legacy-cycle,300,0,0,9,,58.75,0,0,2,47.663,5,43.653,0,0,0,0,0.127,0,0.127,2.873,0,0,0,0,0,0.993,0,2,0,0,0,0,0,,,,,,,,,,,,,2,single-shield,1,1,shift-guard,1,3,crossed-windows,1,5,300,298,298,2193,0,0,300,1697,0,0,300,1697,0,0,600,0,0,0,0,0,0,0,0,0.9933,7.3591,,5.6567,,5.6567,,0,,,
noon-fold,2,starter,w-h-l+,greedy,300,238,0.7933,8.08,0.8711,7.919,0,0,1.11,26.087,4.41,1.58,0.583,0.073,0.533,0.05,1.43,1.093,0.333,1.497,0,0,0,0,0,0.03,0,1.963,0,0,0,0,0,,,,,,,,,,,,,2,single-shield,1,1,shift-guard,1,3,crossed-windows,1,5,300,9,9,70,2,17,300,691,238,543,62,148,0,0,589,160,0,0,0,0,0,0,0,0.03,7.7778,8.5,2.3033,2.2815,2.3871,,0.2716,,,
noon-fold,2,starter,w-h-l+,planner,300,248,0.8267,7.983,0.8634,22.538,0,0,1.143,26.807,4.37,1.98,0.493,0.053,0.453,0.04,1.523,1.16,0.363,1.707,0,0,0,0,0,0.007,0,1.96,0,0,0,0,0,,,,,,,,,,,,,2,single-shield,1,1,shift-guard,1,3,crossed-windows,1,5,300,2,2,16,2,16,300,881,248,465,52,416,0,0,588,136,0,0,0,0,0,0,0,0.0067,8,8,2.9367,1.875,8,,0.2313,,,
noon-fold,2,starter,w-h-l+,forecast-aware,300,189,0.63,8.693,0.9459,13.766,0,0,1.443,34.433,3.773,0.66,1.49,0,0.46,1.03,1.43,0.94,0.467,2.897,0,0,0,0,0,0.047,0,2,0,0,0,0,0,,,,,,,,,,,,,2,single-shield,1,1,shift-guard,1,3,crossed-windows,1,5,300,14,14,125,14,125,300,706,189,329,111,377,0,0,600,138,0,0,0,0,0,0,0,0.0467,8.9286,8.9286,2.3533,1.7407,3.3964,,0.23,,,
noon-fold,2,starter,w-h-l+,planner-one-mistake,300,151,0.5033,8.687,0.9308,31.872,0,0,1.403,33.567,4.753,13.147,0.537,0.11,0.49,0.047,1.363,1.043,0.32,2.587,0,0,0,0,0,0.053,0,2,0,0,0,0,0,248,300,248,137,0,4,296,0.5524,1,17.91,7.75,0,2,single-shield,1,1,shift-guard,1,3,crossed-windows,1,5,300,16,16,121,5,43,300,1433,151,244,149,1189,0,0,600,147,0,0,0,0,0,0,0,0.0533,7.5625,8.6,4.7767,1.6159,7.9799,,0.245,,,
noon-fold,2,starter,w-h0l-,random,300,0,0,9,,69.33,0,0,1.907,41.277,4.817,22.84,0.277,1.197,0.093,0.183,0.567,0.42,0.27,1.043,0,0,0,0,0,0.013,0,2,0,0,0,0,0,,,,,,,,,,,,,2,single-shield,1,1,shift-guard,1,3,crossed-windows,1,5,300,4,4,35,0,0,300,2079,0,0,300,2079,0,0,600,28,0,0,0,0,0,0,0,0.0133,8.75,,6.93,,6.93,,0.0467,,,
noon-fold,2,starter,w-h0l-,single-water,300,0,0,9,,60.027,0,0,2,47.98,5,21.927,0,0,0,0,1,1,0.487,0,0,0,0,0,0,0,0,2,0,0,0,0,0,,,,,,,,,,,,,2,single-shield,1,1,shift-guard,1,3,crossed-windows,1,5,300,0,0,0,0,0,300,2106,0,0,300,2106,0,0,600,0,0,0,0,0,0,0,0,0,,,7.02,,7.02,,0,,,
noon-fold,2,starter,w-h0l-,legacy-cycle,300,0,0,9,,51.873,0,0,2,47.757,5,44.387,0,0,0,0,0.127,0,0.127,2.873,0,0,0,0,0,0.993,0,2,0,0,0,0,0,,,,,,,,,,,,,2,single-shield,1,1,shift-guard,1,3,crossed-windows,1,5,300,298,298,2193,0,0,300,1697,0,0,300,1697,0,0,600,0,0,0,0,0,0,0,0,0.9933,7.3591,,5.6567,,5.6567,,0,,,
noon-fold,2,starter,w-h0l-,greedy,300,269,0.8967,7.797,0.8509,5.742,0,0,1.017,23.66,4.26,0.747,0.55,0.067,0.507,0.043,1.297,0.95,0.357,1.467,0,0,0,0,0,0.003,0,1.917,0,0,0,0,0,,,,,,,,,,,,,2,single-shield,1,1,shift-guard,1,3,crossed-windows,1,5,300,1,1,7,1,7,300,711,269,628,31,83,0,0,575,152,0,0,0,0,0,0,0,0.0033,7,7,2.37,2.3346,2.6774,,0.2643,,,
noon-fold,2,starter,w-h0l-,planner,300,279,0.93,7.67,0.8411,22.286,0,0,1.047,24.293,4.227,2.22,0.42,0.053,0.38,0.04,1.39,1,0.387,2.087,0,0,0,0,0,0.02,0,1.92,0,0,0,0,0,,,,,,,,,,,,,2,single-shield,1,1,shift-guard,1,3,crossed-windows,1,5,300,6,6,44,6,44,300,639,279,473,21,166,0,0,576,114,0,0,0,0,0,0,0,0.02,7.3333,7.3333,2.13,1.6953,7.9048,,0.1979,,,
noon-fold,2,starter,w-h0l-,forecast-aware,300,222,0.74,8.47,0.9204,11.295,0,0,1.363,32.353,3.653,0.66,1.467,0,0.447,1.02,1.38,0.863,0.493,2.813,0,0,0,0,0,0.043,0,1.987,0,0,0,0,0,,,,,,,,,,,,,2,single-shield,1,1,shift-guard,1,3,crossed-windows,1,5,300,13,13,116,13,116,300,673,222,399,78,274,0,0,596,134,0,0,0,0,0,0,0,0.0433,8.9231,8.9231,2.2433,1.7973,3.5128,,0.2248,,,
noon-fold,2,starter,w-h0l-,planner-one-mistake,300,184,0.6133,8.667,0.9396,30.138,0,0,1.383,33.073,4.73,16.137,0.557,0.11,0.507,0.05,1.387,1.073,0.32,2.597,0,0,0,0,0,0.04,0,2,0,0,0,0,0,279,300,279,179,0,4,296,0.6416,1,17.0342,5.75,0,2,single-shield,1,1,shift-guard,1,3,crossed-windows,1,5,300,12,12,98,8,69,300,1220,184,308,116,912,0,0,600,152,0,0,0,0,0,0,0,0.04,8.1667,8.625,4.0667,1.6739,7.8621,,0.2533,,,
noon-fold,2,starter,w-h0l0,random,300,0,0,9,,69.33,0,0,1.907,41.277,4.817,22.84,0.277,1.197,0.093,0.183,0.567,0.42,0.27,1.043,0,0,0,0,0,0.013,0,2,0,0,0,0,0,,,,,,,,,,,,,2,single-shield,1,1,shift-guard,1,3,crossed-windows,1,5,300,4,4,35,0,0,300,2079,0,0,300,2079,0,0,600,28,0,0,0,0,0,0,0,0.0133,8.75,,6.93,,6.93,,0.0467,,,
noon-fold,2,starter,w-h0l0,single-water,300,0,0,9,,60.027,0,0,2,47.98,5,21.927,0,0,0,0,1,1,0.487,0,0,0,0,0,0,0,0,2,0,0,0,0,0,,,,,,,,,,,,,2,single-shield,1,1,shift-guard,1,3,crossed-windows,1,5,300,0,0,0,0,0,300,2106,0,0,300,2106,0,0,600,0,0,0,0,0,0,0,0,0,,,7.02,,7.02,,0,,,
noon-fold,2,starter,w-h0l0,legacy-cycle,300,0,0,9,,51.873,0,0,2,47.757,5,44.387,0,0,0,0,0.127,0,0.127,2.873,0,0,0,0,0,0.993,0,2,0,0,0,0,0,,,,,,,,,,,,,2,single-shield,1,1,shift-guard,1,3,crossed-windows,1,5,300,298,298,2193,0,0,300,1697,0,0,300,1697,0,0,600,0,0,0,0,0,0,0,0,0.9933,7.3591,,5.6567,,5.6567,,0,,,
noon-fold,2,starter,w-h0l0,greedy,300,269,0.8967,7.797,0.8509,5.742,0,0,1.017,23.66,4.26,0.747,0.55,0.067,0.507,0.043,1.297,0.95,0.357,1.467,0,0,0,0,0,0.003,0,1.917,0,0,0,0,0,,,,,,,,,,,,,2,single-shield,1,1,shift-guard,1,3,crossed-windows,1,5,300,1,1,7,1,7,300,711,269,628,31,83,0,0,575,152,0,0,0,0,0,0,0,0.0033,7,7,2.37,2.3346,2.6774,,0.2643,,,
noon-fold,2,starter,w-h0l0,planner,300,279,0.93,7.67,0.8411,22.286,0,0,1.047,24.293,4.227,2.22,0.42,0.053,0.38,0.04,1.39,1,0.387,2.087,0,0,0,0,0,0.02,0,1.92,0,0,0,0,0,,,,,,,,,,,,,2,single-shield,1,1,shift-guard,1,3,crossed-windows,1,5,300,6,6,44,6,44,300,639,279,473,21,166,0,0,576,114,0,0,0,0,0,0,0,0.02,7.3333,7.3333,2.13,1.6953,7.9048,,0.1979,,,
noon-fold,2,starter,w-h0l0,forecast-aware,300,222,0.74,8.47,0.9204,11.295,0,0,1.363,32.353,3.653,0.66,1.467,0,0.447,1.02,1.38,0.863,0.493,2.813,0,0,0,0,0,0.043,0,1.987,0,0,0,0,0,,,,,,,,,,,,,2,single-shield,1,1,shift-guard,1,3,crossed-windows,1,5,300,13,13,116,13,116,300,673,222,399,78,274,0,0,596,134,0,0,0,0,0,0,0,0.0433,8.9231,8.9231,2.2433,1.7973,3.5128,,0.2248,,,
noon-fold,2,starter,w-h0l0,planner-one-mistake,300,184,0.6133,8.667,0.9396,30.138,0,0,1.383,33.073,4.73,16.137,0.557,0.11,0.507,0.05,1.387,1.073,0.32,2.597,0,0,0,0,0,0.04,0,2,0,0,0,0,0,279,300,279,179,0,4,296,0.6416,1,17.0342,5.75,0,2,single-shield,1,1,shift-guard,1,3,crossed-windows,1,5,300,12,12,98,8,69,300,1220,184,308,116,912,0,0,600,152,0,0,0,0,0,0,0,0.04,8.1667,8.625,4.0667,1.6739,7.8621,,0.2533,,,
noon-fold,2,starter,w-h0l+,random,300,0,0,9,,69.33,0,0,1.907,41.277,4.817,22.84,0.277,1.197,0.093,0.183,0.567,0.42,0.27,1.043,0,0,0,0,0,0.013,0,2,0,0,0,0,0,,,,,,,,,,,,,2,single-shield,1,1,shift-guard,1,3,crossed-windows,1,5,300,4,4,35,0,0,300,2079,0,0,300,2079,0,0,600,28,0,0,0,0,0,0,0,0.0133,8.75,,6.93,,6.93,,0.0467,,,
noon-fold,2,starter,w-h0l+,single-water,300,0,0,9,,60.027,0,0,2,47.98,5,21.927,0,0,0,0,1,1,0.487,0,0,0,0,0,0,0,0,2,0,0,0,0,0,,,,,,,,,,,,,2,single-shield,1,1,shift-guard,1,3,crossed-windows,1,5,300,0,0,0,0,0,300,2106,0,0,300,2106,0,0,600,0,0,0,0,0,0,0,0,0,,,7.02,,7.02,,0,,,
noon-fold,2,starter,w-h0l+,legacy-cycle,300,0,0,9,,51.873,0,0,2,47.757,5,44.387,0,0,0,0,0.127,0,0.127,2.873,0,0,0,0,0,0.993,0,2,0,0,0,0,0,,,,,,,,,,,,,2,single-shield,1,1,shift-guard,1,3,crossed-windows,1,5,300,298,298,2193,0,0,300,1697,0,0,300,1697,0,0,600,0,0,0,0,0,0,0,0,0.9933,7.3591,,5.6567,,5.6567,,0,,,
noon-fold,2,starter,w-h0l+,greedy,300,269,0.8967,7.797,0.8509,5.742,0,0,1.017,23.66,4.26,0.747,0.55,0.067,0.507,0.043,1.297,0.95,0.357,1.467,0,0,0,0,0,0.003,0,1.917,0,0,0,0,0,,,,,,,,,,,,,2,single-shield,1,1,shift-guard,1,3,crossed-windows,1,5,300,1,1,7,1,7,300,711,269,628,31,83,0,0,575,152,0,0,0,0,0,0,0,0.0033,7,7,2.37,2.3346,2.6774,,0.2643,,,
noon-fold,2,starter,w-h0l+,planner,300,279,0.93,7.67,0.8411,22.286,0,0,1.047,24.293,4.227,2.22,0.42,0.053,0.38,0.04,1.39,1,0.387,2.087,0,0,0,0,0,0.02,0,1.92,0,0,0,0,0,,,,,,,,,,,,,2,single-shield,1,1,shift-guard,1,3,crossed-windows,1,5,300,6,6,44,6,44,300,639,279,473,21,166,0,0,576,114,0,0,0,0,0,0,0,0.02,7.3333,7.3333,2.13,1.6953,7.9048,,0.1979,,,
noon-fold,2,starter,w-h0l+,forecast-aware,300,222,0.74,8.47,0.9204,11.295,0,0,1.363,32.353,3.653,0.66,1.467,0,0.447,1.02,1.38,0.863,0.493,2.813,0,0,0,0,0,0.043,0,1.987,0,0,0,0,0,,,,,,,,,,,,,2,single-shield,1,1,shift-guard,1,3,crossed-windows,1,5,300,13,13,116,13,116,300,673,222,399,78,274,0,0,596,134,0,0,0,0,0,0,0,0.0433,8.9231,8.9231,2.2433,1.7973,3.5128,,0.2248,,,
noon-fold,2,starter,w-h0l+,planner-one-mistake,300,184,0.6133,8.667,0.9396,30.138,0,0,1.383,33.073,4.73,16.137,0.557,0.11,0.507,0.05,1.387,1.073,0.32,2.597,0,0,0,0,0,0.04,0,2,0,0,0,0,0,279,300,279,179,0,4,296,0.6416,1,17.0342,5.75,0,2,single-shield,1,1,shift-guard,1,3,crossed-windows,1,5,300,12,12,98,8,69,300,1220,184,308,116,912,0,0,600,152,0,0,0,0,0,0,0,0.04,8.1667,8.625,4.0667,1.6739,7.8621,,0.2533,,,
noon-fold,2,starter,w-h+l-,random,300,3,0.01,9,1,67.013,0,0,1.907,41.93,4.817,23.73,0.277,1.197,0.093,0.183,0.567,0.42,0.257,1.043,0,0,0,0,0,0.013,0,2,0,0,0,0,0,,,,,,,,,,,,,2,single-shield,1,1,shift-guard,1,3,crossed-windows,1,5,300,4,4,35,2,18,300,2079,3,5,297,2074,0,0,600,28,0,0,0,0,0,0,0,0.0133,8.75,9,6.93,1.6667,6.9832,,0.0467,,,
noon-fold,2,starter,w-h+l-,single-water,300,0,0,9,,60.027,0,0,2,47.98,5,21.927,0,0,0,0,1,1,0.487,0,0,0,0,0,0,0,0,2,0,0,0,0,0,,,,,,,,,,,,,2,single-shield,1,1,shift-guard,1,3,crossed-windows,1,5,300,0,0,0,0,0,300,2106,0,0,300,2106,0,0,600,0,0,0,0,0,0,0,0,0,,,7.02,,7.02,,0,,,
noon-fold,2,starter,w-h+l-,legacy-cycle,300,0,0,9,,45.657,0,0,2,47.81,5,45.02,0,0,0,0,0.127,0,0.127,2.873,0,0,0,0,0,0.993,0,2,0,0,0,0,0,,,,,,,,,,,,,2,single-shield,1,1,shift-guard,1,3,crossed-windows,1,5,300,298,298,2193,0,0,300,1697,0,0,300,1697,0,0,600,0,0,0,0,0,0,0,0,0.9933,7.3591,,5.6567,,5.6567,,0,,,
noon-fold,2,starter,w-h+l-,greedy,300,291,0.97,7.32,0.8076,7.333,0,0,0.87,19.847,4.02,1.443,0.457,0.087,0.437,0.02,1.117,0.767,0.34,1.437,0,0,0,0,0,0.013,0,1.857,0,0,0,0,0,,,,,,,,,,,,,2,single-shield,1,1,shift-guard,1,3,crossed-windows,1,5,300,4,4,29,4,29,300,628,291,601,9,27,0,0,557,131,0,0,0,0,0,0,0,0.0133,7.25,7.25,2.0933,2.0653,3,,0.2352,,,
noon-fold,2,starter,w-h+l-,planner,300,296,0.9867,7.177,0.7947,24.5,0,0,0.877,19.887,3.943,1.843,0.373,0.037,0.34,0.033,1.183,0.747,0.423,1.89,0,0,0,0,0,0.023,0,1.84,0,0,0,0,0,,,,,,,,,,,,,2,single-shield,1,1,shift-guard,1,3,crossed-windows,1,5,300,7,7,54,7,54,300,484,296,452,4,32,0,0,552,102,0,0,0,0,0,0,0,0.0233,7.7143,7.7143,1.6133,1.527,8,,0.1848,,,
noon-fold,2,starter,w-h+l-,forecast-aware,300,248,0.8267,8.153,0.8862,9.731,0,0,1.247,29.32,3.54,0.66,1.41,0,0.447,0.963,1.26,0.75,0.493,2.687,0,0,0,0,0,0.033,0,1.983,0,0,0,0,0,,,,,,,,,,,,,2,single-shield,1,1,shift-guard,1,3,crossed-windows,1,5,300,10,10,89,10,89,300,696,248,504,52,192,0,0,595,134,0,0,0,0,0,0,0,0.0333,8.9,8.9,2.32,2.0323,3.6923,,0.2252,,,
noon-fold,2,starter,w-h+l-,planner-one-mistake,300,224,0.7467,8.44,0.9167,26.855,0,0,1.337,31.807,4.62,15.527,0.487,0.13,0.457,0.03,1.373,1.097,0.277,1.977,0,0,0,0,0,0.013,0,1.98,0,0,0,0,0,296,300,296,222,0,7,293,0.75,1,17.1975,4.75,0,2,single-shield,1,1,shift-guard,1,3,crossed-windows,1,5,300,4,4,33,3,25,300,981,224,385,76,596,0,0,594,137,0,0,0,0,0,0,0,0.0133,8.25,8.3333,3.27,1.7188,7.8421,,0.2306,,,
noon-fold,2,starter,w-h+l0,random,300,3,0.01,9,1,67.013,0,0,1.907,41.93,4.817,23.73,0.277,1.197,0.093,0.183,0.567,0.42,0.257,1.043,0,0,0,0,0,0.013,0,2,0,0,0,0,0,,,,,,,,,,,,,2,single-shield,1,1,shift-guard,1,3,crossed-windows,1,5,300,4,4,35,2,18,300,2079,3,5,297,2074,0,0,600,28,0,0,0,0,0,0,0,0.0133,8.75,9,6.93,1.6667,6.9832,,0.0467,,,
noon-fold,2,starter,w-h+l0,single-water,300,0,0,9,,60.027,0,0,2,47.98,5,21.927,0,0,0,0,1,1,0.487,0,0,0,0,0,0,0,0,2,0,0,0,0,0,,,,,,,,,,,,,2,single-shield,1,1,shift-guard,1,3,crossed-windows,1,5,300,0,0,0,0,0,300,2106,0,0,300,2106,0,0,600,0,0,0,0,0,0,0,0,0,,,7.02,,7.02,,0,,,
noon-fold,2,starter,w-h+l0,legacy-cycle,300,0,0,9,,45.657,0,0,2,47.81,5,45.02,0,0,0,0,0.127,0,0.127,2.873,0,0,0,0,0,0.993,0,2,0,0,0,0,0,,,,,,,,,,,,,2,single-shield,1,1,shift-guard,1,3,crossed-windows,1,5,300,298,298,2193,0,0,300,1697,0,0,300,1697,0,0,600,0,0,0,0,0,0,0,0,0.9933,7.3591,,5.6567,,5.6567,,0,,,
noon-fold,2,starter,w-h+l0,greedy,300,291,0.97,7.32,0.8076,7.333,0,0,0.87,19.847,4.02,1.443,0.457,0.087,0.437,0.02,1.117,0.767,0.34,1.437,0,0,0,0,0,0.013,0,1.857,0,0,0,0,0,,,,,,,,,,,,,2,single-shield,1,1,shift-guard,1,3,crossed-windows,1,5,300,4,4,29,4,29,300,628,291,601,9,27,0,0,557,131,0,0,0,0,0,0,0,0.0133,7.25,7.25,2.0933,2.0653,3,,0.2352,,,
noon-fold,2,starter,w-h+l0,planner,300,296,0.9867,7.177,0.7947,24.5,0,0,0.877,19.887,3.943,1.843,0.373,0.037,0.34,0.033,1.183,0.747,0.423,1.89,0,0,0,0,0,0.023,0,1.84,0,0,0,0,0,,,,,,,,,,,,,2,single-shield,1,1,shift-guard,1,3,crossed-windows,1,5,300,7,7,54,7,54,300,484,296,452,4,32,0,0,552,102,0,0,0,0,0,0,0,0.0233,7.7143,7.7143,1.6133,1.527,8,,0.1848,,,
noon-fold,2,starter,w-h+l0,forecast-aware,300,248,0.8267,8.153,0.8862,9.731,0,0,1.247,29.32,3.54,0.66,1.41,0,0.447,0.963,1.26,0.75,0.493,2.687,0,0,0,0,0,0.033,0,1.983,0,0,0,0,0,,,,,,,,,,,,,2,single-shield,1,1,shift-guard,1,3,crossed-windows,1,5,300,10,10,89,10,89,300,696,248,504,52,192,0,0,595,134,0,0,0,0,0,0,0,0.0333,8.9,8.9,2.32,2.0323,3.6923,,0.2252,,,
noon-fold,2,starter,w-h+l0,planner-one-mistake,300,224,0.7467,8.44,0.9167,26.855,0,0,1.337,31.807,4.62,15.527,0.487,0.13,0.457,0.03,1.373,1.097,0.277,1.977,0,0,0,0,0,0.013,0,1.98,0,0,0,0,0,296,300,296,222,0,7,293,0.75,1,17.1975,4.75,0,2,single-shield,1,1,shift-guard,1,3,crossed-windows,1,5,300,4,4,33,3,25,300,981,224,385,76,596,0,0,594,137,0,0,0,0,0,0,0,0.0133,8.25,8.3333,3.27,1.7188,7.8421,,0.2306,,,
noon-fold,2,starter,w-h+l+,random,300,3,0.01,9,1,67.013,0,0,1.907,41.93,4.817,23.73,0.277,1.197,0.093,0.183,0.567,0.42,0.257,1.043,0,0,0,0,0,0.013,0,2,0,0,0,0,0,,,,,,,,,,,,,2,single-shield,1,1,shift-guard,1,3,crossed-windows,1,5,300,4,4,35,2,18,300,2079,3,5,297,2074,0,0,600,28,0,0,0,0,0,0,0,0.0133,8.75,9,6.93,1.6667,6.9832,,0.0467,,,
noon-fold,2,starter,w-h+l+,single-water,300,0,0,9,,60.027,0,0,2,47.98,5,21.927,0,0,0,0,1,1,0.487,0,0,0,0,0,0,0,0,2,0,0,0,0,0,,,,,,,,,,,,,2,single-shield,1,1,shift-guard,1,3,crossed-windows,1,5,300,0,0,0,0,0,300,2106,0,0,300,2106,0,0,600,0,0,0,0,0,0,0,0,0,,,7.02,,7.02,,0,,,
noon-fold,2,starter,w-h+l+,legacy-cycle,300,0,0,9,,45.657,0,0,2,47.81,5,45.02,0,0,0,0,0.127,0,0.127,2.873,0,0,0,0,0,0.993,0,2,0,0,0,0,0,,,,,,,,,,,,,2,single-shield,1,1,shift-guard,1,3,crossed-windows,1,5,300,298,298,2193,0,0,300,1697,0,0,300,1697,0,0,600,0,0,0,0,0,0,0,0,0.9933,7.3591,,5.6567,,5.6567,,0,,,
noon-fold,2,starter,w-h+l+,greedy,300,291,0.97,7.32,0.8076,7.333,0,0,0.87,19.847,4.02,1.443,0.457,0.087,0.437,0.02,1.117,0.767,0.34,1.437,0,0,0,0,0,0.013,0,1.857,0,0,0,0,0,,,,,,,,,,,,,2,single-shield,1,1,shift-guard,1,3,crossed-windows,1,5,300,4,4,29,4,29,300,628,291,601,9,27,0,0,557,131,0,0,0,0,0,0,0,0.0133,7.25,7.25,2.0933,2.0653,3,,0.2352,,,
noon-fold,2,starter,w-h+l+,planner,300,296,0.9867,7.177,0.7947,24.5,0,0,0.877,19.887,3.943,1.843,0.373,0.037,0.34,0.033,1.183,0.747,0.423,1.89,0,0,0,0,0,0.023,0,1.84,0,0,0,0,0,,,,,,,,,,,,,2,single-shield,1,1,shift-guard,1,3,crossed-windows,1,5,300,7,7,54,7,54,300,484,296,452,4,32,0,0,552,102,0,0,0,0,0,0,0,0.0233,7.7143,7.7143,1.6133,1.527,8,,0.1848,,,
noon-fold,2,starter,w-h+l+,forecast-aware,300,248,0.8267,8.153,0.8862,9.731,0,0,1.247,29.32,3.54,0.66,1.41,0,0.447,0.963,1.26,0.75,0.493,2.687,0,0,0,0,0,0.033,0,1.983,0,0,0,0,0,,,,,,,,,,,,,2,single-shield,1,1,shift-guard,1,3,crossed-windows,1,5,300,10,10,89,10,89,300,696,248,504,52,192,0,0,595,134,0,0,0,0,0,0,0,0.0333,8.9,8.9,2.32,2.0323,3.6923,,0.2252,,,
noon-fold,2,starter,w-h+l+,planner-one-mistake,300,224,0.7467,8.44,0.9167,26.855,0,0,1.337,31.807,4.62,15.527,0.487,0.13,0.457,0.03,1.373,1.097,0.277,1.977,0,0,0,0,0,0.013,0,1.98,0,0,0,0,0,296,300,296,222,0,7,293,0.75,1,17.1975,4.75,0,2,single-shield,1,1,shift-guard,1,3,crossed-windows,1,5,300,4,4,33,3,25,300,981,224,385,76,596,0,0,594,137,0,0,0,0,0,0,0,0.0133,8.25,8.3333,3.27,1.7188,7.8421,,0.2306,,,
noon-fold,2,starter,w0h-l-,random,300,0,0,9,,72.24,0,0,1.907,40.41,4.817,21.73,0.277,1.197,0.093,0.183,0.567,0.42,0.273,1.043,0,0,0,0,0,0.013,0,2,0,0,0,0,0,,,,,,,,,,,,,2,single-shield,1,1,shift-guard,1,3,crossed-windows,1,5,300,4,4,35,0,0,300,2079,0,0,300,2079,0,0,600,28,0,0,0,0,0,0,0,0.0133,8.75,,6.93,,6.93,,0.0467,,,
noon-fold,2,starter,w0h-l-,single-water,300,0,0,9,,60.027,0,0,2,47.98,5,21.927,0,0,0,0,1,1,0.487,0,0,0,0,0,0,0,0,2,0,0,0,0,0,,,,,,,,,,,,,2,single-shield,1,1,shift-guard,1,3,crossed-windows,1,5,300,0,0,0,0,0,300,2106,0,0,300,2106,0,0,600,0,0,0,0,0,0,0,0,0,,,7.02,,7.02,,0,,,
noon-fold,2,starter,w0h-l-,legacy-cycle,300,0,0,9,,58.75,0,0,2,47.663,5,43.653,0,0,0,0,0.127,0,0.127,2.873,0,0,0,0,0,0.993,0,2,0,0,0,0,0,,,,,,,,,,,,,2,single-shield,1,1,shift-guard,1,3,crossed-windows,1,5,300,298,298,2193,0,0,300,1697,0,0,300,1697,0,0,600,0,0,0,0,0,0,0,0,0.9933,7.3591,,5.6567,,5.6567,,0,,,
noon-fold,2,starter,w0h-l-,greedy,300,238,0.7933,8.08,0.8711,7.919,0,0,1.11,26.087,4.41,1.58,0.583,0.073,0.533,0.05,1.43,1.093,0.333,1.497,0,0,0,0,0,0.03,0,1.963,0,0,0,0,0,,,,,,,,,,,,,2,single-shield,1,1,shift-guard,1,3,crossed-windows,1,5,300,9,9,70,2,17,300,691,238,543,62,148,0,0,589,160,0,0,0,0,0,0,0,0.03,7.7778,8.5,2.3033,2.2815,2.3871,,0.2716,,,
noon-fold,2,starter,w0h-l-,planner,300,248,0.8267,7.983,0.8634,22.538,0,0,1.143,26.807,4.37,1.98,0.493,0.053,0.453,0.04,1.523,1.16,0.363,1.707,0,0,0,0,0,0.007,0,1.96,0,0,0,0,0,,,,,,,,,,,,,2,single-shield,1,1,shift-guard,1,3,crossed-windows,1,5,300,2,2,16,2,16,300,881,248,465,52,416,0,0,588,136,0,0,0,0,0,0,0,0.0067,8,8,2.9367,1.875,8,,0.2313,,,
noon-fold,2,starter,w0h-l-,forecast-aware,300,189,0.63,8.693,0.9459,13.766,0,0,1.443,34.433,3.773,0.66,1.49,0,0.46,1.03,1.43,0.94,0.467,2.897,0,0,0,0,0,0.047,0,2,0,0,0,0,0,,,,,,,,,,,,,2,single-shield,1,1,shift-guard,1,3,crossed-windows,1,5,300,14,14,125,14,125,300,706,189,329,111,377,0,0,600,138,0,0,0,0,0,0,0,0.0467,8.9286,8.9286,2.3533,1.7407,3.3964,,0.23,,,
noon-fold,2,starter,w0h-l-,planner-one-mistake,300,151,0.5033,8.687,0.9308,31.872,0,0,1.403,33.567,4.753,13.147,0.537,0.11,0.49,0.047,1.363,1.043,0.32,2.587,0,0,0,0,0,0.053,0,2,0,0,0,0,0,248,300,248,137,0,4,296,0.5524,1,17.91,7.75,0,2,single-shield,1,1,shift-guard,1,3,crossed-windows,1,5,300,16,16,121,5,43,300,1433,151,244,149,1189,0,0,600,147,0,0,0,0,0,0,0,0.0533,7.5625,8.6,4.7767,1.6159,7.9799,,0.245,,,
noon-fold,2,starter,w0h-l0,random,300,0,0,9,,72.24,0,0,1.907,40.41,4.817,21.73,0.277,1.197,0.093,0.183,0.567,0.42,0.273,1.043,0,0,0,0,0,0.013,0,2,0,0,0,0,0,,,,,,,,,,,,,2,single-shield,1,1,shift-guard,1,3,crossed-windows,1,5,300,4,4,35,0,0,300,2079,0,0,300,2079,0,0,600,28,0,0,0,0,0,0,0,0.0133,8.75,,6.93,,6.93,,0.0467,,,
noon-fold,2,starter,w0h-l0,single-water,300,0,0,9,,60.027,0,0,2,47.98,5,21.927,0,0,0,0,1,1,0.487,0,0,0,0,0,0,0,0,2,0,0,0,0,0,,,,,,,,,,,,,2,single-shield,1,1,shift-guard,1,3,crossed-windows,1,5,300,0,0,0,0,0,300,2106,0,0,300,2106,0,0,600,0,0,0,0,0,0,0,0,0,,,7.02,,7.02,,0,,,
noon-fold,2,starter,w0h-l0,legacy-cycle,300,0,0,9,,58.75,0,0,2,47.663,5,43.653,0,0,0,0,0.127,0,0.127,2.873,0,0,0,0,0,0.993,0,2,0,0,0,0,0,,,,,,,,,,,,,2,single-shield,1,1,shift-guard,1,3,crossed-windows,1,5,300,298,298,2193,0,0,300,1697,0,0,300,1697,0,0,600,0,0,0,0,0,0,0,0,0.9933,7.3591,,5.6567,,5.6567,,0,,,
noon-fold,2,starter,w0h-l0,greedy,300,238,0.7933,8.08,0.8711,7.919,0,0,1.11,26.087,4.41,1.58,0.583,0.073,0.533,0.05,1.43,1.093,0.333,1.497,0,0,0,0,0,0.03,0,1.963,0,0,0,0,0,,,,,,,,,,,,,2,single-shield,1,1,shift-guard,1,3,crossed-windows,1,5,300,9,9,70,2,17,300,691,238,543,62,148,0,0,589,160,0,0,0,0,0,0,0,0.03,7.7778,8.5,2.3033,2.2815,2.3871,,0.2716,,,
noon-fold,2,starter,w0h-l0,planner,300,248,0.8267,7.983,0.8634,22.538,0,0,1.143,26.807,4.37,1.98,0.493,0.053,0.453,0.04,1.523,1.16,0.363,1.707,0,0,0,0,0,0.007,0,1.96,0,0,0,0,0,,,,,,,,,,,,,2,single-shield,1,1,shift-guard,1,3,crossed-windows,1,5,300,2,2,16,2,16,300,881,248,465,52,416,0,0,588,136,0,0,0,0,0,0,0,0.0067,8,8,2.9367,1.875,8,,0.2313,,,
noon-fold,2,starter,w0h-l0,forecast-aware,300,189,0.63,8.693,0.9459,13.766,0,0,1.443,34.433,3.773,0.66,1.49,0,0.46,1.03,1.43,0.94,0.467,2.897,0,0,0,0,0,0.047,0,2,0,0,0,0,0,,,,,,,,,,,,,2,single-shield,1,1,shift-guard,1,3,crossed-windows,1,5,300,14,14,125,14,125,300,706,189,329,111,377,0,0,600,138,0,0,0,0,0,0,0,0.0467,8.9286,8.9286,2.3533,1.7407,3.3964,,0.23,,,
noon-fold,2,starter,w0h-l0,planner-one-mistake,300,151,0.5033,8.687,0.9308,31.872,0,0,1.403,33.567,4.753,13.147,0.537,0.11,0.49,0.047,1.363,1.043,0.32,2.587,0,0,0,0,0,0.053,0,2,0,0,0,0,0,248,300,248,137,0,4,296,0.5524,1,17.91,7.75,0,2,single-shield,1,1,shift-guard,1,3,crossed-windows,1,5,300,16,16,121,5,43,300,1433,151,244,149,1189,0,0,600,147,0,0,0,0,0,0,0,0.0533,7.5625,8.6,4.7767,1.6159,7.9799,,0.245,,,
noon-fold,2,starter,w0h-l+,random,300,0,0,9,,72.24,0,0,1.907,40.41,4.817,21.73,0.277,1.197,0.093,0.183,0.567,0.42,0.273,1.043,0,0,0,0,0,0.013,0,2,0,0,0,0,0,,,,,,,,,,,,,2,single-shield,1,1,shift-guard,1,3,crossed-windows,1,5,300,4,4,35,0,0,300,2079,0,0,300,2079,0,0,600,28,0,0,0,0,0,0,0,0.0133,8.75,,6.93,,6.93,,0.0467,,,
noon-fold,2,starter,w0h-l+,single-water,300,0,0,9,,60.027,0,0,2,47.98,5,21.927,0,0,0,0,1,1,0.487,0,0,0,0,0,0,0,0,2,0,0,0,0,0,,,,,,,,,,,,,2,single-shield,1,1,shift-guard,1,3,crossed-windows,1,5,300,0,0,0,0,0,300,2106,0,0,300,2106,0,0,600,0,0,0,0,0,0,0,0,0,,,7.02,,7.02,,0,,,
noon-fold,2,starter,w0h-l+,legacy-cycle,300,0,0,9,,58.75,0,0,2,47.663,5,43.653,0,0,0,0,0.127,0,0.127,2.873,0,0,0,0,0,0.993,0,2,0,0,0,0,0,,,,,,,,,,,,,2,single-shield,1,1,shift-guard,1,3,crossed-windows,1,5,300,298,298,2193,0,0,300,1697,0,0,300,1697,0,0,600,0,0,0,0,0,0,0,0,0.9933,7.3591,,5.6567,,5.6567,,0,,,
noon-fold,2,starter,w0h-l+,greedy,300,238,0.7933,8.08,0.8711,7.919,0,0,1.11,26.087,4.41,1.58,0.583,0.073,0.533,0.05,1.43,1.093,0.333,1.497,0,0,0,0,0,0.03,0,1.963,0,0,0,0,0,,,,,,,,,,,,,2,single-shield,1,1,shift-guard,1,3,crossed-windows,1,5,300,9,9,70,2,17,300,691,238,543,62,148,0,0,589,160,0,0,0,0,0,0,0,0.03,7.7778,8.5,2.3033,2.2815,2.3871,,0.2716,,,
noon-fold,2,starter,w0h-l+,planner,300,248,0.8267,7.983,0.8634,22.538,0,0,1.143,26.807,4.37,1.98,0.493,0.053,0.453,0.04,1.523,1.16,0.363,1.707,0,0,0,0,0,0.007,0,1.96,0,0,0,0,0,,,,,,,,,,,,,2,single-shield,1,1,shift-guard,1,3,crossed-windows,1,5,300,2,2,16,2,16,300,881,248,465,52,416,0,0,588,136,0,0,0,0,0,0,0,0.0067,8,8,2.9367,1.875,8,,0.2313,,,
noon-fold,2,starter,w0h-l+,forecast-aware,300,189,0.63,8.693,0.9459,13.766,0,0,1.443,34.433,3.773,0.66,1.49,0,0.46,1.03,1.43,0.94,0.467,2.897,0,0,0,0,0,0.047,0,2,0,0,0,0,0,,,,,,,,,,,,,2,single-shield,1,1,shift-guard,1,3,crossed-windows,1,5,300,14,14,125,14,125,300,706,189,329,111,377,0,0,600,138,0,0,0,0,0,0,0,0.0467,8.9286,8.9286,2.3533,1.7407,3.3964,,0.23,,,
noon-fold,2,starter,w0h-l+,planner-one-mistake,300,151,0.5033,8.687,0.9308,31.872,0,0,1.403,33.567,4.753,13.147,0.537,0.11,0.49,0.047,1.363,1.043,0.32,2.587,0,0,0,0,0,0.053,0,2,0,0,0,0,0,248,300,248,137,0,4,296,0.5524,1,17.91,7.75,0,2,single-shield,1,1,shift-guard,1,3,crossed-windows,1,5,300,16,16,121,5,43,300,1433,151,244,149,1189,0,0,600,147,0,0,0,0,0,0,0,0.0533,7.5625,8.6,4.7767,1.6159,7.9799,,0.245,,,
noon-fold,2,starter,w0h0l-,random,300,0,0,9,,69.33,0,0,1.907,41.277,4.817,22.84,0.277,1.197,0.093,0.183,0.567,0.42,0.27,1.043,0,0,0,0,0,0.013,0,2,0,0,0,0,0,,,,,,,,,,,,,2,single-shield,1,1,shift-guard,1,3,crossed-windows,1,5,300,4,4,35,0,0,300,2079,0,0,300,2079,0,0,600,28,0,0,0,0,0,0,0,0.0133,8.75,,6.93,,6.93,,0.0467,,,
noon-fold,2,starter,w0h0l-,single-water,300,0,0,9,,60.027,0,0,2,47.98,5,21.927,0,0,0,0,1,1,0.487,0,0,0,0,0,0,0,0,2,0,0,0,0,0,,,,,,,,,,,,,2,single-shield,1,1,shift-guard,1,3,crossed-windows,1,5,300,0,0,0,0,0,300,2106,0,0,300,2106,0,0,600,0,0,0,0,0,0,0,0,0,,,7.02,,7.02,,0,,,
noon-fold,2,starter,w0h0l-,legacy-cycle,300,0,0,9,,51.873,0,0,2,47.757,5,44.387,0,0,0,0,0.127,0,0.127,2.873,0,0,0,0,0,0.993,0,2,0,0,0,0,0,,,,,,,,,,,,,2,single-shield,1,1,shift-guard,1,3,crossed-windows,1,5,300,298,298,2193,0,0,300,1697,0,0,300,1697,0,0,600,0,0,0,0,0,0,0,0,0.9933,7.3591,,5.6567,,5.6567,,0,,,
noon-fold,2,starter,w0h0l-,greedy,300,269,0.8967,7.797,0.8509,5.742,0,0,1.017,23.66,4.26,0.747,0.55,0.067,0.507,0.043,1.297,0.95,0.357,1.467,0,0,0,0,0,0.003,0,1.917,0,0,0,0,0,,,,,,,,,,,,,2,single-shield,1,1,shift-guard,1,3,crossed-windows,1,5,300,1,1,7,1,7,300,711,269,628,31,83,0,0,575,152,0,0,0,0,0,0,0,0.0033,7,7,2.37,2.3346,2.6774,,0.2643,,,
noon-fold,2,starter,w0h0l-,planner,300,279,0.93,7.67,0.8411,22.286,0,0,1.047,24.293,4.227,2.22,0.42,0.053,0.38,0.04,1.39,1,0.387,2.087,0,0,0,0,0,0.02,0,1.92,0,0,0,0,0,,,,,,,,,,,,,2,single-shield,1,1,shift-guard,1,3,crossed-windows,1,5,300,6,6,44,6,44,300,639,279,473,21,166,0,0,576,114,0,0,0,0,0,0,0,0.02,7.3333,7.3333,2.13,1.6953,7.9048,,0.1979,,,
noon-fold,2,starter,w0h0l-,forecast-aware,300,222,0.74,8.47,0.9204,11.295,0,0,1.363,32.353,3.653,0.66,1.467,0,0.447,1.02,1.38,0.863,0.493,2.813,0,0,0,0,0,0.043,0,1.987,0,0,0,0,0,,,,,,,,,,,,,2,single-shield,1,1,shift-guard,1,3,crossed-windows,1,5,300,13,13,116,13,116,300,673,222,399,78,274,0,0,596,134,0,0,0,0,0,0,0,0.0433,8.9231,8.9231,2.2433,1.7973,3.5128,,0.2248,,,
noon-fold,2,starter,w0h0l-,planner-one-mistake,300,184,0.6133,8.667,0.9396,30.138,0,0,1.383,33.073,4.73,16.137,0.557,0.11,0.507,0.05,1.387,1.073,0.32,2.597,0,0,0,0,0,0.04,0,2,0,0,0,0,0,279,300,279,179,0,4,296,0.6416,1,17.0342,5.75,0,2,single-shield,1,1,shift-guard,1,3,crossed-windows,1,5,300,12,12,98,8,69,300,1220,184,308,116,912,0,0,600,152,0,0,0,0,0,0,0,0.04,8.1667,8.625,4.0667,1.6739,7.8621,,0.2533,,,
noon-fold,2,starter,w0h0l0,random,300,0,0,9,,69.33,0,0,1.907,41.277,4.817,22.84,0.277,1.197,0.093,0.183,0.567,0.42,0.27,1.043,0,0,0,0,0,0.013,0,2,0,0,0,0,0,,,,,,,,,,,,,2,single-shield,1,1,shift-guard,1,3,crossed-windows,1,5,300,4,4,35,0,0,300,2079,0,0,300,2079,0,0,600,28,0,0,0,0,0,0,0,0.0133,8.75,,6.93,,6.93,,0.0467,,,
noon-fold,2,starter,w0h0l0,single-water,300,0,0,9,,60.027,0,0,2,47.98,5,21.927,0,0,0,0,1,1,0.487,0,0,0,0,0,0,0,0,2,0,0,0,0,0,,,,,,,,,,,,,2,single-shield,1,1,shift-guard,1,3,crossed-windows,1,5,300,0,0,0,0,0,300,2106,0,0,300,2106,0,0,600,0,0,0,0,0,0,0,0,0,,,7.02,,7.02,,0,,,
noon-fold,2,starter,w0h0l0,legacy-cycle,300,0,0,9,,51.873,0,0,2,47.757,5,44.387,0,0,0,0,0.127,0,0.127,2.873,0,0,0,0,0,0.993,0,2,0,0,0,0,0,,,,,,,,,,,,,2,single-shield,1,1,shift-guard,1,3,crossed-windows,1,5,300,298,298,2193,0,0,300,1697,0,0,300,1697,0,0,600,0,0,0,0,0,0,0,0,0.9933,7.3591,,5.6567,,5.6567,,0,,,
noon-fold,2,starter,w0h0l0,greedy,300,269,0.8967,7.797,0.8509,5.742,0,0,1.017,23.66,4.26,0.747,0.55,0.067,0.507,0.043,1.297,0.95,0.357,1.467,0,0,0,0,0,0.003,0,1.917,0,0,0,0,0,,,,,,,,,,,,,2,single-shield,1,1,shift-guard,1,3,crossed-windows,1,5,300,1,1,7,1,7,300,711,269,628,31,83,0,0,575,152,0,0,0,0,0,0,0,0.0033,7,7,2.37,2.3346,2.6774,,0.2643,,,
noon-fold,2,starter,w0h0l0,planner,300,279,0.93,7.67,0.8411,22.286,0,0,1.047,24.293,4.227,2.22,0.42,0.053,0.38,0.04,1.39,1,0.387,2.087,0,0,0,0,0,0.02,0,1.92,0,0,0,0,0,,,,,,,,,,,,,2,single-shield,1,1,shift-guard,1,3,crossed-windows,1,5,300,6,6,44,6,44,300,639,279,473,21,166,0,0,576,114,0,0,0,0,0,0,0,0.02,7.3333,7.3333,2.13,1.6953,7.9048,,0.1979,,,
noon-fold,2,starter,w0h0l0,forecast-aware,300,222,0.74,8.47,0.9204,11.295,0,0,1.363,32.353,3.653,0.66,1.467,0,0.447,1.02,1.38,0.863,0.493,2.813,0,0,0,0,0,0.043,0,1.987,0,0,0,0,0,,,,,,,,,,,,,2,single-shield,1,1,shift-guard,1,3,crossed-windows,1,5,300,13,13,116,13,116,300,673,222,399,78,274,0,0,596,134,0,0,0,0,0,0,0,0.0433,8.9231,8.9231,2.2433,1.7973,3.5128,,0.2248,,,
noon-fold,2,starter,w0h0l0,planner-one-mistake,300,184,0.6133,8.667,0.9396,30.138,0,0,1.383,33.073,4.73,16.137,0.557,0.11,0.507,0.05,1.387,1.073,0.32,2.597,0,0,0,0,0,0.04,0,2,0,0,0,0,0,279,300,279,179,0,4,296,0.6416,1,17.0342,5.75,0,2,single-shield,1,1,shift-guard,1,3,crossed-windows,1,5,300,12,12,98,8,69,300,1220,184,308,116,912,0,0,600,152,0,0,0,0,0,0,0,0.04,8.1667,8.625,4.0667,1.6739,7.8621,,0.2533,,,
noon-fold,2,starter,w0h0l+,random,300,0,0,9,,69.33,0,0,1.907,41.277,4.817,22.84,0.277,1.197,0.093,0.183,0.567,0.42,0.27,1.043,0,0,0,0,0,0.013,0,2,0,0,0,0,0,,,,,,,,,,,,,2,single-shield,1,1,shift-guard,1,3,crossed-windows,1,5,300,4,4,35,0,0,300,2079,0,0,300,2079,0,0,600,28,0,0,0,0,0,0,0,0.0133,8.75,,6.93,,6.93,,0.0467,,,
noon-fold,2,starter,w0h0l+,single-water,300,0,0,9,,60.027,0,0,2,47.98,5,21.927,0,0,0,0,1,1,0.487,0,0,0,0,0,0,0,0,2,0,0,0,0,0,,,,,,,,,,,,,2,single-shield,1,1,shift-guard,1,3,crossed-windows,1,5,300,0,0,0,0,0,300,2106,0,0,300,2106,0,0,600,0,0,0,0,0,0,0,0,0,,,7.02,,7.02,,0,,,
noon-fold,2,starter,w0h0l+,legacy-cycle,300,0,0,9,,51.873,0,0,2,47.757,5,44.387,0,0,0,0,0.127,0,0.127,2.873,0,0,0,0,0,0.993,0,2,0,0,0,0,0,,,,,,,,,,,,,2,single-shield,1,1,shift-guard,1,3,crossed-windows,1,5,300,298,298,2193,0,0,300,1697,0,0,300,1697,0,0,600,0,0,0,0,0,0,0,0,0.9933,7.3591,,5.6567,,5.6567,,0,,,
noon-fold,2,starter,w0h0l+,greedy,300,269,0.8967,7.797,0.8509,5.742,0,0,1.017,23.66,4.26,0.747,0.55,0.067,0.507,0.043,1.297,0.95,0.357,1.467,0,0,0,0,0,0.003,0,1.917,0,0,0,0,0,,,,,,,,,,,,,2,single-shield,1,1,shift-guard,1,3,crossed-windows,1,5,300,1,1,7,1,7,300,711,269,628,31,83,0,0,575,152,0,0,0,0,0,0,0,0.0033,7,7,2.37,2.3346,2.6774,,0.2643,,,
noon-fold,2,starter,w0h0l+,planner,300,279,0.93,7.67,0.8411,22.286,0,0,1.047,24.293,4.227,2.22,0.42,0.053,0.38,0.04,1.39,1,0.387,2.087,0,0,0,0,0,0.02,0,1.92,0,0,0,0,0,,,,,,,,,,,,,2,single-shield,1,1,shift-guard,1,3,crossed-windows,1,5,300,6,6,44,6,44,300,639,279,473,21,166,0,0,576,114,0,0,0,0,0,0,0,0.02,7.3333,7.3333,2.13,1.6953,7.9048,,0.1979,,,
noon-fold,2,starter,w0h0l+,forecast-aware,300,222,0.74,8.47,0.9204,11.295,0,0,1.363,32.353,3.653,0.66,1.467,0,0.447,1.02,1.38,0.863,0.493,2.813,0,0,0,0,0,0.043,0,1.987,0,0,0,0,0,,,,,,,,,,,,,2,single-shield,1,1,shift-guard,1,3,crossed-windows,1,5,300,13,13,116,13,116,300,673,222,399,78,274,0,0,596,134,0,0,0,0,0,0,0,0.0433,8.9231,8.9231,2.2433,1.7973,3.5128,,0.2248,,,
noon-fold,2,starter,w0h0l+,planner-one-mistake,300,184,0.6133,8.667,0.9396,30.138,0,0,1.383,33.073,4.73,16.137,0.557,0.11,0.507,0.05,1.387,1.073,0.32,2.597,0,0,0,0,0,0.04,0,2,0,0,0,0,0,279,300,279,179,0,4,296,0.6416,1,17.0342,5.75,0,2,single-shield,1,1,shift-guard,1,3,crossed-windows,1,5,300,12,12,98,8,69,300,1220,184,308,116,912,0,0,600,152,0,0,0,0,0,0,0,0.04,8.1667,8.625,4.0667,1.6739,7.8621,,0.2533,,,
noon-fold,2,starter,w0h+l-,random,300,3,0.01,9,1,67.013,0,0,1.907,41.93,4.817,23.73,0.277,1.197,0.093,0.183,0.567,0.42,0.257,1.043,0,0,0,0,0,0.013,0,2,0,0,0,0,0,,,,,,,,,,,,,2,single-shield,1,1,shift-guard,1,3,crossed-windows,1,5,300,4,4,35,2,18,300,2079,3,5,297,2074,0,0,600,28,0,0,0,0,0,0,0,0.0133,8.75,9,6.93,1.6667,6.9832,,0.0467,,,
noon-fold,2,starter,w0h+l-,single-water,300,0,0,9,,60.027,0,0,2,47.98,5,21.927,0,0,0,0,1,1,0.487,0,0,0,0,0,0,0,0,2,0,0,0,0,0,,,,,,,,,,,,,2,single-shield,1,1,shift-guard,1,3,crossed-windows,1,5,300,0,0,0,0,0,300,2106,0,0,300,2106,0,0,600,0,0,0,0,0,0,0,0,0,,,7.02,,7.02,,0,,,
noon-fold,2,starter,w0h+l-,legacy-cycle,300,0,0,9,,45.657,0,0,2,47.81,5,45.02,0,0,0,0,0.127,0,0.127,2.873,0,0,0,0,0,0.993,0,2,0,0,0,0,0,,,,,,,,,,,,,2,single-shield,1,1,shift-guard,1,3,crossed-windows,1,5,300,298,298,2193,0,0,300,1697,0,0,300,1697,0,0,600,0,0,0,0,0,0,0,0,0.9933,7.3591,,5.6567,,5.6567,,0,,,
noon-fold,2,starter,w0h+l-,greedy,300,291,0.97,7.32,0.8076,7.333,0,0,0.87,19.847,4.02,1.443,0.457,0.087,0.437,0.02,1.117,0.767,0.34,1.437,0,0,0,0,0,0.013,0,1.857,0,0,0,0,0,,,,,,,,,,,,,2,single-shield,1,1,shift-guard,1,3,crossed-windows,1,5,300,4,4,29,4,29,300,628,291,601,9,27,0,0,557,131,0,0,0,0,0,0,0,0.0133,7.25,7.25,2.0933,2.0653,3,,0.2352,,,
noon-fold,2,starter,w0h+l-,planner,300,296,0.9867,7.177,0.7947,24.5,0,0,0.877,19.887,3.943,1.843,0.373,0.037,0.34,0.033,1.183,0.747,0.423,1.89,0,0,0,0,0,0.023,0,1.84,0,0,0,0,0,,,,,,,,,,,,,2,single-shield,1,1,shift-guard,1,3,crossed-windows,1,5,300,7,7,54,7,54,300,484,296,452,4,32,0,0,552,102,0,0,0,0,0,0,0,0.0233,7.7143,7.7143,1.6133,1.527,8,,0.1848,,,
noon-fold,2,starter,w0h+l-,forecast-aware,300,248,0.8267,8.153,0.8862,9.731,0,0,1.247,29.32,3.54,0.66,1.41,0,0.447,0.963,1.26,0.75,0.493,2.687,0,0,0,0,0,0.033,0,1.983,0,0,0,0,0,,,,,,,,,,,,,2,single-shield,1,1,shift-guard,1,3,crossed-windows,1,5,300,10,10,89,10,89,300,696,248,504,52,192,0,0,595,134,0,0,0,0,0,0,0,0.0333,8.9,8.9,2.32,2.0323,3.6923,,0.2252,,,
noon-fold,2,starter,w0h+l-,planner-one-mistake,300,224,0.7467,8.44,0.9167,26.855,0,0,1.337,31.807,4.62,15.527,0.487,0.13,0.457,0.03,1.373,1.097,0.277,1.977,0,0,0,0,0,0.013,0,1.98,0,0,0,0,0,296,300,296,222,0,7,293,0.75,1,17.1975,4.75,0,2,single-shield,1,1,shift-guard,1,3,crossed-windows,1,5,300,4,4,33,3,25,300,981,224,385,76,596,0,0,594,137,0,0,0,0,0,0,0,0.0133,8.25,8.3333,3.27,1.7188,7.8421,,0.2306,,,
noon-fold,2,starter,w0h+l0,random,300,3,0.01,9,1,67.013,0,0,1.907,41.93,4.817,23.73,0.277,1.197,0.093,0.183,0.567,0.42,0.257,1.043,0,0,0,0,0,0.013,0,2,0,0,0,0,0,,,,,,,,,,,,,2,single-shield,1,1,shift-guard,1,3,crossed-windows,1,5,300,4,4,35,2,18,300,2079,3,5,297,2074,0,0,600,28,0,0,0,0,0,0,0,0.0133,8.75,9,6.93,1.6667,6.9832,,0.0467,,,
noon-fold,2,starter,w0h+l0,single-water,300,0,0,9,,60.027,0,0,2,47.98,5,21.927,0,0,0,0,1,1,0.487,0,0,0,0,0,0,0,0,2,0,0,0,0,0,,,,,,,,,,,,,2,single-shield,1,1,shift-guard,1,3,crossed-windows,1,5,300,0,0,0,0,0,300,2106,0,0,300,2106,0,0,600,0,0,0,0,0,0,0,0,0,,,7.02,,7.02,,0,,,
noon-fold,2,starter,w0h+l0,legacy-cycle,300,0,0,9,,45.657,0,0,2,47.81,5,45.02,0,0,0,0,0.127,0,0.127,2.873,0,0,0,0,0,0.993,0,2,0,0,0,0,0,,,,,,,,,,,,,2,single-shield,1,1,shift-guard,1,3,crossed-windows,1,5,300,298,298,2193,0,0,300,1697,0,0,300,1697,0,0,600,0,0,0,0,0,0,0,0,0.9933,7.3591,,5.6567,,5.6567,,0,,,
noon-fold,2,starter,w0h+l0,greedy,300,291,0.97,7.32,0.8076,7.333,0,0,0.87,19.847,4.02,1.443,0.457,0.087,0.437,0.02,1.117,0.767,0.34,1.437,0,0,0,0,0,0.013,0,1.857,0,0,0,0,0,,,,,,,,,,,,,2,single-shield,1,1,shift-guard,1,3,crossed-windows,1,5,300,4,4,29,4,29,300,628,291,601,9,27,0,0,557,131,0,0,0,0,0,0,0,0.0133,7.25,7.25,2.0933,2.0653,3,,0.2352,,,
noon-fold,2,starter,w0h+l0,planner,300,296,0.9867,7.177,0.7947,24.5,0,0,0.877,19.887,3.943,1.843,0.373,0.037,0.34,0.033,1.183,0.747,0.423,1.89,0,0,0,0,0,0.023,0,1.84,0,0,0,0,0,,,,,,,,,,,,,2,single-shield,1,1,shift-guard,1,3,crossed-windows,1,5,300,7,7,54,7,54,300,484,296,452,4,32,0,0,552,102,0,0,0,0,0,0,0,0.0233,7.7143,7.7143,1.6133,1.527,8,,0.1848,,,
noon-fold,2,starter,w0h+l0,forecast-aware,300,248,0.8267,8.153,0.8862,9.731,0,0,1.247,29.32,3.54,0.66,1.41,0,0.447,0.963,1.26,0.75,0.493,2.687,0,0,0,0,0,0.033,0,1.983,0,0,0,0,0,,,,,,,,,,,,,2,single-shield,1,1,shift-guard,1,3,crossed-windows,1,5,300,10,10,89,10,89,300,696,248,504,52,192,0,0,595,134,0,0,0,0,0,0,0,0.0333,8.9,8.9,2.32,2.0323,3.6923,,0.2252,,,
noon-fold,2,starter,w0h+l0,planner-one-mistake,300,224,0.7467,8.44,0.9167,26.855,0,0,1.337,31.807,4.62,15.527,0.487,0.13,0.457,0.03,1.373,1.097,0.277,1.977,0,0,0,0,0,0.013,0,1.98,0,0,0,0,0,296,300,296,222,0,7,293,0.75,1,17.1975,4.75,0,2,single-shield,1,1,shift-guard,1,3,crossed-windows,1,5,300,4,4,33,3,25,300,981,224,385,76,596,0,0,594,137,0,0,0,0,0,0,0,0.0133,8.25,8.3333,3.27,1.7188,7.8421,,0.2306,,,
noon-fold,2,starter,w0h+l+,random,300,3,0.01,9,1,67.013,0,0,1.907,41.93,4.817,23.73,0.277,1.197,0.093,0.183,0.567,0.42,0.257,1.043,0,0,0,0,0,0.013,0,2,0,0,0,0,0,,,,,,,,,,,,,2,single-shield,1,1,shift-guard,1,3,crossed-windows,1,5,300,4,4,35,2,18,300,2079,3,5,297,2074,0,0,600,28,0,0,0,0,0,0,0,0.0133,8.75,9,6.93,1.6667,6.9832,,0.0467,,,
noon-fold,2,starter,w0h+l+,single-water,300,0,0,9,,60.027,0,0,2,47.98,5,21.927,0,0,0,0,1,1,0.487,0,0,0,0,0,0,0,0,2,0,0,0,0,0,,,,,,,,,,,,,2,single-shield,1,1,shift-guard,1,3,crossed-windows,1,5,300,0,0,0,0,0,300,2106,0,0,300,2106,0,0,600,0,0,0,0,0,0,0,0,0,,,7.02,,7.02,,0,,,
noon-fold,2,starter,w0h+l+,legacy-cycle,300,0,0,9,,45.657,0,0,2,47.81,5,45.02,0,0,0,0,0.127,0,0.127,2.873,0,0,0,0,0,0.993,0,2,0,0,0,0,0,,,,,,,,,,,,,2,single-shield,1,1,shift-guard,1,3,crossed-windows,1,5,300,298,298,2193,0,0,300,1697,0,0,300,1697,0,0,600,0,0,0,0,0,0,0,0,0.9933,7.3591,,5.6567,,5.6567,,0,,,
noon-fold,2,starter,w0h+l+,greedy,300,291,0.97,7.32,0.8076,7.333,0,0,0.87,19.847,4.02,1.443,0.457,0.087,0.437,0.02,1.117,0.767,0.34,1.437,0,0,0,0,0,0.013,0,1.857,0,0,0,0,0,,,,,,,,,,,,,2,single-shield,1,1,shift-guard,1,3,crossed-windows,1,5,300,4,4,29,4,29,300,628,291,601,9,27,0,0,557,131,0,0,0,0,0,0,0,0.0133,7.25,7.25,2.0933,2.0653,3,,0.2352,,,
noon-fold,2,starter,w0h+l+,planner,300,296,0.9867,7.177,0.7947,24.5,0,0,0.877,19.887,3.943,1.843,0.373,0.037,0.34,0.033,1.183,0.747,0.423,1.89,0,0,0,0,0,0.023,0,1.84,0,0,0,0,0,,,,,,,,,,,,,2,single-shield,1,1,shift-guard,1,3,crossed-windows,1,5,300,7,7,54,7,54,300,484,296,452,4,32,0,0,552,102,0,0,0,0,0,0,0,0.0233,7.7143,7.7143,1.6133,1.527,8,,0.1848,,,
noon-fold,2,starter,w0h+l+,forecast-aware,300,248,0.8267,8.153,0.8862,9.731,0,0,1.247,29.32,3.54,0.66,1.41,0,0.447,0.963,1.26,0.75,0.493,2.687,0,0,0,0,0,0.033,0,1.983,0,0,0,0,0,,,,,,,,,,,,,2,single-shield,1,1,shift-guard,1,3,crossed-windows,1,5,300,10,10,89,10,89,300,696,248,504,52,192,0,0,595,134,0,0,0,0,0,0,0,0.0333,8.9,8.9,2.32,2.0323,3.6923,,0.2252,,,
noon-fold,2,starter,w0h+l+,planner-one-mistake,300,224,0.7467,8.44,0.9167,26.855,0,0,1.337,31.807,4.62,15.527,0.487,0.13,0.457,0.03,1.373,1.097,0.277,1.977,0,0,0,0,0,0.013,0,1.98,0,0,0,0,0,296,300,296,222,0,7,293,0.75,1,17.1975,4.75,0,2,single-shield,1,1,shift-guard,1,3,crossed-windows,1,5,300,4,4,33,3,25,300,981,224,385,76,596,0,0,594,137,0,0,0,0,0,0,0,0.0133,8.25,8.3333,3.27,1.7188,7.8421,,0.2306,,,
noon-fold,2,starter,w+h-l-,random,300,0,0,9,,72.24,0,0,1.907,40.41,4.817,21.73,0.277,1.197,0.093,0.183,0.567,0.42,0.273,1.043,0,0,0,0,0,0.013,0,2,0,0,0,0,0,,,,,,,,,,,,,2,single-shield,1,1,shift-guard,1,3,crossed-windows,1,5,300,4,4,35,0,0,300,2079,0,0,300,2079,0,0,600,28,0,0,0,0,0,0,0,0.0133,8.75,,6.93,,6.93,,0.0467,,,
noon-fold,2,starter,w+h-l-,single-water,300,0,0,9,,60.027,0,0,2,47.98,5,21.927,0,0,0,0,1,1,0.487,0,0,0,0,0,0,0,0,2,0,0,0,0,0,,,,,,,,,,,,,2,single-shield,1,1,shift-guard,1,3,crossed-windows,1,5,300,0,0,0,0,0,300,2106,0,0,300,2106,0,0,600,0,0,0,0,0,0,0,0,0,,,7.02,,7.02,,0,,,
noon-fold,2,starter,w+h-l-,legacy-cycle,300,0,0,9,,58.75,0,0,2,47.663,5,43.653,0,0,0,0,0.127,0,0.127,2.873,0,0,0,0,0,0.993,0,2,0,0,0,0,0,,,,,,,,,,,,,2,single-shield,1,1,shift-guard,1,3,crossed-windows,1,5,300,298,298,2193,0,0,300,1697,0,0,300,1697,0,0,600,0,0,0,0,0,0,0,0,0.9933,7.3591,,5.6567,,5.6567,,0,,,
noon-fold,2,starter,w+h-l-,greedy,300,238,0.7933,8.08,0.8711,7.919,0,0,1.11,26.087,4.41,1.58,0.583,0.073,0.533,0.05,1.43,1.093,0.333,1.497,0,0,0,0,0,0.03,0,1.963,0,0,0,0,0,,,,,,,,,,,,,2,single-shield,1,1,shift-guard,1,3,crossed-windows,1,5,300,9,9,70,2,17,300,691,238,543,62,148,0,0,589,160,0,0,0,0,0,0,0,0.03,7.7778,8.5,2.3033,2.2815,2.3871,,0.2716,,,
noon-fold,2,starter,w+h-l-,planner,300,248,0.8267,7.983,0.8634,22.538,0,0,1.143,26.807,4.37,1.98,0.493,0.053,0.453,0.04,1.523,1.16,0.363,1.707,0,0,0,0,0,0.007,0,1.96,0,0,0,0,0,,,,,,,,,,,,,2,single-shield,1,1,shift-guard,1,3,crossed-windows,1,5,300,2,2,16,2,16,300,881,248,465,52,416,0,0,588,136,0,0,0,0,0,0,0,0.0067,8,8,2.9367,1.875,8,,0.2313,,,
noon-fold,2,starter,w+h-l-,forecast-aware,300,189,0.63,8.693,0.9459,13.766,0,0,1.443,34.433,3.773,0.66,1.49,0,0.46,1.03,1.43,0.94,0.467,2.897,0,0,0,0,0,0.047,0,2,0,0,0,0,0,,,,,,,,,,,,,2,single-shield,1,1,shift-guard,1,3,crossed-windows,1,5,300,14,14,125,14,125,300,706,189,329,111,377,0,0,600,138,0,0,0,0,0,0,0,0.0467,8.9286,8.9286,2.3533,1.7407,3.3964,,0.23,,,
noon-fold,2,starter,w+h-l-,planner-one-mistake,300,151,0.5033,8.687,0.9308,31.872,0,0,1.403,33.567,4.753,13.147,0.537,0.11,0.49,0.047,1.363,1.043,0.32,2.587,0,0,0,0,0,0.053,0,2,0,0,0,0,0,248,300,248,137,0,4,296,0.5524,1,17.91,7.75,0,2,single-shield,1,1,shift-guard,1,3,crossed-windows,1,5,300,16,16,121,5,43,300,1433,151,244,149,1189,0,0,600,147,0,0,0,0,0,0,0,0.0533,7.5625,8.6,4.7767,1.6159,7.9799,,0.245,,,
noon-fold,2,starter,w+h-l0,random,300,0,0,9,,72.24,0,0,1.907,40.41,4.817,21.73,0.277,1.197,0.093,0.183,0.567,0.42,0.273,1.043,0,0,0,0,0,0.013,0,2,0,0,0,0,0,,,,,,,,,,,,,2,single-shield,1,1,shift-guard,1,3,crossed-windows,1,5,300,4,4,35,0,0,300,2079,0,0,300,2079,0,0,600,28,0,0,0,0,0,0,0,0.0133,8.75,,6.93,,6.93,,0.0467,,,
noon-fold,2,starter,w+h-l0,single-water,300,0,0,9,,60.027,0,0,2,47.98,5,21.927,0,0,0,0,1,1,0.487,0,0,0,0,0,0,0,0,2,0,0,0,0,0,,,,,,,,,,,,,2,single-shield,1,1,shift-guard,1,3,crossed-windows,1,5,300,0,0,0,0,0,300,2106,0,0,300,2106,0,0,600,0,0,0,0,0,0,0,0,0,,,7.02,,7.02,,0,,,
noon-fold,2,starter,w+h-l0,legacy-cycle,300,0,0,9,,58.75,0,0,2,47.663,5,43.653,0,0,0,0,0.127,0,0.127,2.873,0,0,0,0,0,0.993,0,2,0,0,0,0,0,,,,,,,,,,,,,2,single-shield,1,1,shift-guard,1,3,crossed-windows,1,5,300,298,298,2193,0,0,300,1697,0,0,300,1697,0,0,600,0,0,0,0,0,0,0,0,0.9933,7.3591,,5.6567,,5.6567,,0,,,
noon-fold,2,starter,w+h-l0,greedy,300,238,0.7933,8.08,0.8711,7.919,0,0,1.11,26.087,4.41,1.58,0.583,0.073,0.533,0.05,1.43,1.093,0.333,1.497,0,0,0,0,0,0.03,0,1.963,0,0,0,0,0,,,,,,,,,,,,,2,single-shield,1,1,shift-guard,1,3,crossed-windows,1,5,300,9,9,70,2,17,300,691,238,543,62,148,0,0,589,160,0,0,0,0,0,0,0,0.03,7.7778,8.5,2.3033,2.2815,2.3871,,0.2716,,,
noon-fold,2,starter,w+h-l0,planner,300,248,0.8267,7.983,0.8634,22.538,0,0,1.143,26.807,4.37,1.98,0.493,0.053,0.453,0.04,1.523,1.16,0.363,1.707,0,0,0,0,0,0.007,0,1.96,0,0,0,0,0,,,,,,,,,,,,,2,single-shield,1,1,shift-guard,1,3,crossed-windows,1,5,300,2,2,16,2,16,300,881,248,465,52,416,0,0,588,136,0,0,0,0,0,0,0,0.0067,8,8,2.9367,1.875,8,,0.2313,,,
noon-fold,2,starter,w+h-l0,forecast-aware,300,189,0.63,8.693,0.9459,13.766,0,0,1.443,34.433,3.773,0.66,1.49,0,0.46,1.03,1.43,0.94,0.467,2.897,0,0,0,0,0,0.047,0,2,0,0,0,0,0,,,,,,,,,,,,,2,single-shield,1,1,shift-guard,1,3,crossed-windows,1,5,300,14,14,125,14,125,300,706,189,329,111,377,0,0,600,138,0,0,0,0,0,0,0,0.0467,8.9286,8.9286,2.3533,1.7407,3.3964,,0.23,,,
noon-fold,2,starter,w+h-l0,planner-one-mistake,300,151,0.5033,8.687,0.9308,31.872,0,0,1.403,33.567,4.753,13.147,0.537,0.11,0.49,0.047,1.363,1.043,0.32,2.587,0,0,0,0,0,0.053,0,2,0,0,0,0,0,248,300,248,137,0,4,296,0.5524,1,17.91,7.75,0,2,single-shield,1,1,shift-guard,1,3,crossed-windows,1,5,300,16,16,121,5,43,300,1433,151,244,149,1189,0,0,600,147,0,0,0,0,0,0,0,0.0533,7.5625,8.6,4.7767,1.6159,7.9799,,0.245,,,
noon-fold,2,starter,w+h-l+,random,300,0,0,9,,72.24,0,0,1.907,40.41,4.817,21.73,0.277,1.197,0.093,0.183,0.567,0.42,0.273,1.043,0,0,0,0,0,0.013,0,2,0,0,0,0,0,,,,,,,,,,,,,2,single-shield,1,1,shift-guard,1,3,crossed-windows,1,5,300,4,4,35,0,0,300,2079,0,0,300,2079,0,0,600,28,0,0,0,0,0,0,0,0.0133,8.75,,6.93,,6.93,,0.0467,,,
noon-fold,2,starter,w+h-l+,single-water,300,0,0,9,,60.027,0,0,2,47.98,5,21.927,0,0,0,0,1,1,0.487,0,0,0,0,0,0,0,0,2,0,0,0,0,0,,,,,,,,,,,,,2,single-shield,1,1,shift-guard,1,3,crossed-windows,1,5,300,0,0,0,0,0,300,2106,0,0,300,2106,0,0,600,0,0,0,0,0,0,0,0,0,,,7.02,,7.02,,0,,,
noon-fold,2,starter,w+h-l+,legacy-cycle,300,0,0,9,,58.75,0,0,2,47.663,5,43.653,0,0,0,0,0.127,0,0.127,2.873,0,0,0,0,0,0.993,0,2,0,0,0,0,0,,,,,,,,,,,,,2,single-shield,1,1,shift-guard,1,3,crossed-windows,1,5,300,298,298,2193,0,0,300,1697,0,0,300,1697,0,0,600,0,0,0,0,0,0,0,0,0.9933,7.3591,,5.6567,,5.6567,,0,,,
noon-fold,2,starter,w+h-l+,greedy,300,238,0.7933,8.08,0.8711,7.919,0,0,1.11,26.087,4.41,1.58,0.583,0.073,0.533,0.05,1.43,1.093,0.333,1.497,0,0,0,0,0,0.03,0,1.963,0,0,0,0,0,,,,,,,,,,,,,2,single-shield,1,1,shift-guard,1,3,crossed-windows,1,5,300,9,9,70,2,17,300,691,238,543,62,148,0,0,589,160,0,0,0,0,0,0,0,0.03,7.7778,8.5,2.3033,2.2815,2.3871,,0.2716,,,
noon-fold,2,starter,w+h-l+,planner,300,248,0.8267,7.983,0.8634,22.538,0,0,1.143,26.807,4.37,1.98,0.493,0.053,0.453,0.04,1.523,1.16,0.363,1.707,0,0,0,0,0,0.007,0,1.96,0,0,0,0,0,,,,,,,,,,,,,2,single-shield,1,1,shift-guard,1,3,crossed-windows,1,5,300,2,2,16,2,16,300,881,248,465,52,416,0,0,588,136,0,0,0,0,0,0,0,0.0067,8,8,2.9367,1.875,8,,0.2313,,,
noon-fold,2,starter,w+h-l+,forecast-aware,300,189,0.63,8.693,0.9459,13.766,0,0,1.443,34.433,3.773,0.66,1.49,0,0.46,1.03,1.43,0.94,0.467,2.897,0,0,0,0,0,0.047,0,2,0,0,0,0,0,,,,,,,,,,,,,2,single-shield,1,1,shift-guard,1,3,crossed-windows,1,5,300,14,14,125,14,125,300,706,189,329,111,377,0,0,600,138,0,0,0,0,0,0,0,0.0467,8.9286,8.9286,2.3533,1.7407,3.3964,,0.23,,,
noon-fold,2,starter,w+h-l+,planner-one-mistake,300,151,0.5033,8.687,0.9308,31.872,0,0,1.403,33.567,4.753,13.147,0.537,0.11,0.49,0.047,1.363,1.043,0.32,2.587,0,0,0,0,0,0.053,0,2,0,0,0,0,0,248,300,248,137,0,4,296,0.5524,1,17.91,7.75,0,2,single-shield,1,1,shift-guard,1,3,crossed-windows,1,5,300,16,16,121,5,43,300,1433,151,244,149,1189,0,0,600,147,0,0,0,0,0,0,0,0.0533,7.5625,8.6,4.7767,1.6159,7.9799,,0.245,,,
noon-fold,2,starter,w+h0l-,random,300,0,0,9,,69.33,0,0,1.907,41.277,4.817,22.84,0.277,1.197,0.093,0.183,0.567,0.42,0.27,1.043,0,0,0,0,0,0.013,0,2,0,0,0,0,0,,,,,,,,,,,,,2,single-shield,1,1,shift-guard,1,3,crossed-windows,1,5,300,4,4,35,0,0,300,2079,0,0,300,2079,0,0,600,28,0,0,0,0,0,0,0,0.0133,8.75,,6.93,,6.93,,0.0467,,,
noon-fold,2,starter,w+h0l-,single-water,300,0,0,9,,60.027,0,0,2,47.98,5,21.927,0,0,0,0,1,1,0.487,0,0,0,0,0,0,0,0,2,0,0,0,0,0,,,,,,,,,,,,,2,single-shield,1,1,shift-guard,1,3,crossed-windows,1,5,300,0,0,0,0,0,300,2106,0,0,300,2106,0,0,600,0,0,0,0,0,0,0,0,0,,,7.02,,7.02,,0,,,
noon-fold,2,starter,w+h0l-,legacy-cycle,300,0,0,9,,51.873,0,0,2,47.757,5,44.387,0,0,0,0,0.127,0,0.127,2.873,0,0,0,0,0,0.993,0,2,0,0,0,0,0,,,,,,,,,,,,,2,single-shield,1,1,shift-guard,1,3,crossed-windows,1,5,300,298,298,2193,0,0,300,1697,0,0,300,1697,0,0,600,0,0,0,0,0,0,0,0,0.9933,7.3591,,5.6567,,5.6567,,0,,,
noon-fold,2,starter,w+h0l-,greedy,300,269,0.8967,7.797,0.8509,5.742,0,0,1.017,23.66,4.26,0.747,0.55,0.067,0.507,0.043,1.297,0.95,0.357,1.467,0,0,0,0,0,0.003,0,1.917,0,0,0,0,0,,,,,,,,,,,,,2,single-shield,1,1,shift-guard,1,3,crossed-windows,1,5,300,1,1,7,1,7,300,711,269,628,31,83,0,0,575,152,0,0,0,0,0,0,0,0.0033,7,7,2.37,2.3346,2.6774,,0.2643,,,
noon-fold,2,starter,w+h0l-,planner,300,279,0.93,7.67,0.8411,22.286,0,0,1.047,24.293,4.227,2.22,0.42,0.053,0.38,0.04,1.39,1,0.387,2.087,0,0,0,0,0,0.02,0,1.92,0,0,0,0,0,,,,,,,,,,,,,2,single-shield,1,1,shift-guard,1,3,crossed-windows,1,5,300,6,6,44,6,44,300,639,279,473,21,166,0,0,576,114,0,0,0,0,0,0,0,0.02,7.3333,7.3333,2.13,1.6953,7.9048,,0.1979,,,
noon-fold,2,starter,w+h0l-,forecast-aware,300,222,0.74,8.47,0.9204,11.295,0,0,1.363,32.353,3.653,0.66,1.467,0,0.447,1.02,1.38,0.863,0.493,2.813,0,0,0,0,0,0.043,0,1.987,0,0,0,0,0,,,,,,,,,,,,,2,single-shield,1,1,shift-guard,1,3,crossed-windows,1,5,300,13,13,116,13,116,300,673,222,399,78,274,0,0,596,134,0,0,0,0,0,0,0,0.0433,8.9231,8.9231,2.2433,1.7973,3.5128,,0.2248,,,
noon-fold,2,starter,w+h0l-,planner-one-mistake,300,184,0.6133,8.667,0.9396,30.138,0,0,1.383,33.073,4.73,16.137,0.557,0.11,0.507,0.05,1.387,1.073,0.32,2.597,0,0,0,0,0,0.04,0,2,0,0,0,0,0,279,300,279,179,0,4,296,0.6416,1,17.0342,5.75,0,2,single-shield,1,1,shift-guard,1,3,crossed-windows,1,5,300,12,12,98,8,69,300,1220,184,308,116,912,0,0,600,152,0,0,0,0,0,0,0,0.04,8.1667,8.625,4.0667,1.6739,7.8621,,0.2533,,,
noon-fold,2,starter,w+h0l0,random,300,0,0,9,,69.33,0,0,1.907,41.277,4.817,22.84,0.277,1.197,0.093,0.183,0.567,0.42,0.27,1.043,0,0,0,0,0,0.013,0,2,0,0,0,0,0,,,,,,,,,,,,,2,single-shield,1,1,shift-guard,1,3,crossed-windows,1,5,300,4,4,35,0,0,300,2079,0,0,300,2079,0,0,600,28,0,0,0,0,0,0,0,0.0133,8.75,,6.93,,6.93,,0.0467,,,
noon-fold,2,starter,w+h0l0,single-water,300,0,0,9,,60.027,0,0,2,47.98,5,21.927,0,0,0,0,1,1,0.487,0,0,0,0,0,0,0,0,2,0,0,0,0,0,,,,,,,,,,,,,2,single-shield,1,1,shift-guard,1,3,crossed-windows,1,5,300,0,0,0,0,0,300,2106,0,0,300,2106,0,0,600,0,0,0,0,0,0,0,0,0,,,7.02,,7.02,,0,,,
noon-fold,2,starter,w+h0l0,legacy-cycle,300,0,0,9,,51.873,0,0,2,47.757,5,44.387,0,0,0,0,0.127,0,0.127,2.873,0,0,0,0,0,0.993,0,2,0,0,0,0,0,,,,,,,,,,,,,2,single-shield,1,1,shift-guard,1,3,crossed-windows,1,5,300,298,298,2193,0,0,300,1697,0,0,300,1697,0,0,600,0,0,0,0,0,0,0,0,0.9933,7.3591,,5.6567,,5.6567,,0,,,
noon-fold,2,starter,w+h0l0,greedy,300,269,0.8967,7.797,0.8509,5.742,0,0,1.017,23.66,4.26,0.747,0.55,0.067,0.507,0.043,1.297,0.95,0.357,1.467,0,0,0,0,0,0.003,0,1.917,0,0,0,0,0,,,,,,,,,,,,,2,single-shield,1,1,shift-guard,1,3,crossed-windows,1,5,300,1,1,7,1,7,300,711,269,628,31,83,0,0,575,152,0,0,0,0,0,0,0,0.0033,7,7,2.37,2.3346,2.6774,,0.2643,,,
noon-fold,2,starter,w+h0l0,planner,300,279,0.93,7.67,0.8411,22.286,0,0,1.047,24.293,4.227,2.22,0.42,0.053,0.38,0.04,1.39,1,0.387,2.087,0,0,0,0,0,0.02,0,1.92,0,0,0,0,0,,,,,,,,,,,,,2,single-shield,1,1,shift-guard,1,3,crossed-windows,1,5,300,6,6,44,6,44,300,639,279,473,21,166,0,0,576,114,0,0,0,0,0,0,0,0.02,7.3333,7.3333,2.13,1.6953,7.9048,,0.1979,,,
noon-fold,2,starter,w+h0l0,forecast-aware,300,222,0.74,8.47,0.9204,11.295,0,0,1.363,32.353,3.653,0.66,1.467,0,0.447,1.02,1.38,0.863,0.493,2.813,0,0,0,0,0,0.043,0,1.987,0,0,0,0,0,,,,,,,,,,,,,2,single-shield,1,1,shift-guard,1,3,crossed-windows,1,5,300,13,13,116,13,116,300,673,222,399,78,274,0,0,596,134,0,0,0,0,0,0,0,0.0433,8.9231,8.9231,2.2433,1.7973,3.5128,,0.2248,,,
noon-fold,2,starter,w+h0l0,planner-one-mistake,300,184,0.6133,8.667,0.9396,30.138,0,0,1.383,33.073,4.73,16.137,0.557,0.11,0.507,0.05,1.387,1.073,0.32,2.597,0,0,0,0,0,0.04,0,2,0,0,0,0,0,279,300,279,179,0,4,296,0.6416,1,17.0342,5.75,0,2,single-shield,1,1,shift-guard,1,3,crossed-windows,1,5,300,12,12,98,8,69,300,1220,184,308,116,912,0,0,600,152,0,0,0,0,0,0,0,0.04,8.1667,8.625,4.0667,1.6739,7.8621,,0.2533,,,
noon-fold,2,starter,w+h0l+,random,300,0,0,9,,69.33,0,0,1.907,41.277,4.817,22.84,0.277,1.197,0.093,0.183,0.567,0.42,0.27,1.043,0,0,0,0,0,0.013,0,2,0,0,0,0,0,,,,,,,,,,,,,2,single-shield,1,1,shift-guard,1,3,crossed-windows,1,5,300,4,4,35,0,0,300,2079,0,0,300,2079,0,0,600,28,0,0,0,0,0,0,0,0.0133,8.75,,6.93,,6.93,,0.0467,,,
noon-fold,2,starter,w+h0l+,single-water,300,0,0,9,,60.027,0,0,2,47.98,5,21.927,0,0,0,0,1,1,0.487,0,0,0,0,0,0,0,0,2,0,0,0,0,0,,,,,,,,,,,,,2,single-shield,1,1,shift-guard,1,3,crossed-windows,1,5,300,0,0,0,0,0,300,2106,0,0,300,2106,0,0,600,0,0,0,0,0,0,0,0,0,,,7.02,,7.02,,0,,,
noon-fold,2,starter,w+h0l+,legacy-cycle,300,0,0,9,,51.873,0,0,2,47.757,5,44.387,0,0,0,0,0.127,0,0.127,2.873,0,0,0,0,0,0.993,0,2,0,0,0,0,0,,,,,,,,,,,,,2,single-shield,1,1,shift-guard,1,3,crossed-windows,1,5,300,298,298,2193,0,0,300,1697,0,0,300,1697,0,0,600,0,0,0,0,0,0,0,0,0.9933,7.3591,,5.6567,,5.6567,,0,,,
noon-fold,2,starter,w+h0l+,greedy,300,269,0.8967,7.797,0.8509,5.742,0,0,1.017,23.66,4.26,0.747,0.55,0.067,0.507,0.043,1.297,0.95,0.357,1.467,0,0,0,0,0,0.003,0,1.917,0,0,0,0,0,,,,,,,,,,,,,2,single-shield,1,1,shift-guard,1,3,crossed-windows,1,5,300,1,1,7,1,7,300,711,269,628,31,83,0,0,575,152,0,0,0,0,0,0,0,0.0033,7,7,2.37,2.3346,2.6774,,0.2643,,,
noon-fold,2,starter,w+h0l+,planner,300,279,0.93,7.67,0.8411,22.286,0,0,1.047,24.293,4.227,2.22,0.42,0.053,0.38,0.04,1.39,1,0.387,2.087,0,0,0,0,0,0.02,0,1.92,0,0,0,0,0,,,,,,,,,,,,,2,single-shield,1,1,shift-guard,1,3,crossed-windows,1,5,300,6,6,44,6,44,300,639,279,473,21,166,0,0,576,114,0,0,0,0,0,0,0,0.02,7.3333,7.3333,2.13,1.6953,7.9048,,0.1979,,,
noon-fold,2,starter,w+h0l+,forecast-aware,300,222,0.74,8.47,0.9204,11.295,0,0,1.363,32.353,3.653,0.66,1.467,0,0.447,1.02,1.38,0.863,0.493,2.813,0,0,0,0,0,0.043,0,1.987,0,0,0,0,0,,,,,,,,,,,,,2,single-shield,1,1,shift-guard,1,3,crossed-windows,1,5,300,13,13,116,13,116,300,673,222,399,78,274,0,0,596,134,0,0,0,0,0,0,0,0.0433,8.9231,8.9231,2.2433,1.7973,3.5128,,0.2248,,,
noon-fold,2,starter,w+h0l+,planner-one-mistake,300,184,0.6133,8.667,0.9396,30.138,0,0,1.383,33.073,4.73,16.137,0.557,0.11,0.507,0.05,1.387,1.073,0.32,2.597,0,0,0,0,0,0.04,0,2,0,0,0,0,0,279,300,279,179,0,4,296,0.6416,1,17.0342,5.75,0,2,single-shield,1,1,shift-guard,1,3,crossed-windows,1,5,300,12,12,98,8,69,300,1220,184,308,116,912,0,0,600,152,0,0,0,0,0,0,0,0.04,8.1667,8.625,4.0667,1.6739,7.8621,,0.2533,,,
noon-fold,2,starter,w+h+l-,random,300,3,0.01,9,1,67.013,0,0,1.907,41.93,4.817,23.73,0.277,1.197,0.093,0.183,0.567,0.42,0.257,1.043,0,0,0,0,0,0.013,0,2,0,0,0,0,0,,,,,,,,,,,,,2,single-shield,1,1,shift-guard,1,3,crossed-windows,1,5,300,4,4,35,2,18,300,2079,3,5,297,2074,0,0,600,28,0,0,0,0,0,0,0,0.0133,8.75,9,6.93,1.6667,6.9832,,0.0467,,,
noon-fold,2,starter,w+h+l-,single-water,300,0,0,9,,60.027,0,0,2,47.98,5,21.927,0,0,0,0,1,1,0.487,0,0,0,0,0,0,0,0,2,0,0,0,0,0,,,,,,,,,,,,,2,single-shield,1,1,shift-guard,1,3,crossed-windows,1,5,300,0,0,0,0,0,300,2106,0,0,300,2106,0,0,600,0,0,0,0,0,0,0,0,0,,,7.02,,7.02,,0,,,
noon-fold,2,starter,w+h+l-,legacy-cycle,300,0,0,9,,45.657,0,0,2,47.81,5,45.02,0,0,0,0,0.127,0,0.127,2.873,0,0,0,0,0,0.993,0,2,0,0,0,0,0,,,,,,,,,,,,,2,single-shield,1,1,shift-guard,1,3,crossed-windows,1,5,300,298,298,2193,0,0,300,1697,0,0,300,1697,0,0,600,0,0,0,0,0,0,0,0,0.9933,7.3591,,5.6567,,5.6567,,0,,,
noon-fold,2,starter,w+h+l-,greedy,300,291,0.97,7.32,0.8076,7.333,0,0,0.87,19.847,4.02,1.443,0.457,0.087,0.437,0.02,1.117,0.767,0.34,1.437,0,0,0,0,0,0.013,0,1.857,0,0,0,0,0,,,,,,,,,,,,,2,single-shield,1,1,shift-guard,1,3,crossed-windows,1,5,300,4,4,29,4,29,300,628,291,601,9,27,0,0,557,131,0,0,0,0,0,0,0,0.0133,7.25,7.25,2.0933,2.0653,3,,0.2352,,,
noon-fold,2,starter,w+h+l-,planner,300,296,0.9867,7.177,0.7947,24.5,0,0,0.877,19.887,3.943,1.843,0.373,0.037,0.34,0.033,1.183,0.747,0.423,1.89,0,0,0,0,0,0.023,0,1.84,0,0,0,0,0,,,,,,,,,,,,,2,single-shield,1,1,shift-guard,1,3,crossed-windows,1,5,300,7,7,54,7,54,300,484,296,452,4,32,0,0,552,102,0,0,0,0,0,0,0,0.0233,7.7143,7.7143,1.6133,1.527,8,,0.1848,,,
noon-fold,2,starter,w+h+l-,forecast-aware,300,248,0.8267,8.153,0.8862,9.731,0,0,1.247,29.32,3.54,0.66,1.41,0,0.447,0.963,1.26,0.75,0.493,2.687,0,0,0,0,0,0.033,0,1.983,0,0,0,0,0,,,,,,,,,,,,,2,single-shield,1,1,shift-guard,1,3,crossed-windows,1,5,300,10,10,89,10,89,300,696,248,504,52,192,0,0,595,134,0,0,0,0,0,0,0,0.0333,8.9,8.9,2.32,2.0323,3.6923,,0.2252,,,
noon-fold,2,starter,w+h+l-,planner-one-mistake,300,224,0.7467,8.44,0.9167,26.855,0,0,1.337,31.807,4.62,15.527,0.487,0.13,0.457,0.03,1.373,1.097,0.277,1.977,0,0,0,0,0,0.013,0,1.98,0,0,0,0,0,296,300,296,222,0,7,293,0.75,1,17.1975,4.75,0,2,single-shield,1,1,shift-guard,1,3,crossed-windows,1,5,300,4,4,33,3,25,300,981,224,385,76,596,0,0,594,137,0,0,0,0,0,0,0,0.0133,8.25,8.3333,3.27,1.7188,7.8421,,0.2306,,,
noon-fold,2,starter,w+h+l0,random,300,3,0.01,9,1,67.013,0,0,1.907,41.93,4.817,23.73,0.277,1.197,0.093,0.183,0.567,0.42,0.257,1.043,0,0,0,0,0,0.013,0,2,0,0,0,0,0,,,,,,,,,,,,,2,single-shield,1,1,shift-guard,1,3,crossed-windows,1,5,300,4,4,35,2,18,300,2079,3,5,297,2074,0,0,600,28,0,0,0,0,0,0,0,0.0133,8.75,9,6.93,1.6667,6.9832,,0.0467,,,
noon-fold,2,starter,w+h+l0,single-water,300,0,0,9,,60.027,0,0,2,47.98,5,21.927,0,0,0,0,1,1,0.487,0,0,0,0,0,0,0,0,2,0,0,0,0,0,,,,,,,,,,,,,2,single-shield,1,1,shift-guard,1,3,crossed-windows,1,5,300,0,0,0,0,0,300,2106,0,0,300,2106,0,0,600,0,0,0,0,0,0,0,0,0,,,7.02,,7.02,,0,,,
noon-fold,2,starter,w+h+l0,legacy-cycle,300,0,0,9,,45.657,0,0,2,47.81,5,45.02,0,0,0,0,0.127,0,0.127,2.873,0,0,0,0,0,0.993,0,2,0,0,0,0,0,,,,,,,,,,,,,2,single-shield,1,1,shift-guard,1,3,crossed-windows,1,5,300,298,298,2193,0,0,300,1697,0,0,300,1697,0,0,600,0,0,0,0,0,0,0,0,0.9933,7.3591,,5.6567,,5.6567,,0,,,
noon-fold,2,starter,w+h+l0,greedy,300,291,0.97,7.32,0.8076,7.333,0,0,0.87,19.847,4.02,1.443,0.457,0.087,0.437,0.02,1.117,0.767,0.34,1.437,0,0,0,0,0,0.013,0,1.857,0,0,0,0,0,,,,,,,,,,,,,2,single-shield,1,1,shift-guard,1,3,crossed-windows,1,5,300,4,4,29,4,29,300,628,291,601,9,27,0,0,557,131,0,0,0,0,0,0,0,0.0133,7.25,7.25,2.0933,2.0653,3,,0.2352,,,
noon-fold,2,starter,w+h+l0,planner,300,296,0.9867,7.177,0.7947,24.5,0,0,0.877,19.887,3.943,1.843,0.373,0.037,0.34,0.033,1.183,0.747,0.423,1.89,0,0,0,0,0,0.023,0,1.84,0,0,0,0,0,,,,,,,,,,,,,2,single-shield,1,1,shift-guard,1,3,crossed-windows,1,5,300,7,7,54,7,54,300,484,296,452,4,32,0,0,552,102,0,0,0,0,0,0,0,0.0233,7.7143,7.7143,1.6133,1.527,8,,0.1848,,,
noon-fold,2,starter,w+h+l0,forecast-aware,300,248,0.8267,8.153,0.8862,9.731,0,0,1.247,29.32,3.54,0.66,1.41,0,0.447,0.963,1.26,0.75,0.493,2.687,0,0,0,0,0,0.033,0,1.983,0,0,0,0,0,,,,,,,,,,,,,2,single-shield,1,1,shift-guard,1,3,crossed-windows,1,5,300,10,10,89,10,89,300,696,248,504,52,192,0,0,595,134,0,0,0,0,0,0,0,0.0333,8.9,8.9,2.32,2.0323,3.6923,,0.2252,,,
noon-fold,2,starter,w+h+l0,planner-one-mistake,300,224,0.7467,8.44,0.9167,26.855,0,0,1.337,31.807,4.62,15.527,0.487,0.13,0.457,0.03,1.373,1.097,0.277,1.977,0,0,0,0,0,0.013,0,1.98,0,0,0,0,0,296,300,296,222,0,7,293,0.75,1,17.1975,4.75,0,2,single-shield,1,1,shift-guard,1,3,crossed-windows,1,5,300,4,4,33,3,25,300,981,224,385,76,596,0,0,594,137,0,0,0,0,0,0,0,0.0133,8.25,8.3333,3.27,1.7188,7.8421,,0.2306,,,
noon-fold,2,starter,w+h+l+,random,300,3,0.01,9,1,67.013,0,0,1.907,41.93,4.817,23.73,0.277,1.197,0.093,0.183,0.567,0.42,0.257,1.043,0,0,0,0,0,0.013,0,2,0,0,0,0,0,,,,,,,,,,,,,2,single-shield,1,1,shift-guard,1,3,crossed-windows,1,5,300,4,4,35,2,18,300,2079,3,5,297,2074,0,0,600,28,0,0,0,0,0,0,0,0.0133,8.75,9,6.93,1.6667,6.9832,,0.0467,,,
noon-fold,2,starter,w+h+l+,single-water,300,0,0,9,,60.027,0,0,2,47.98,5,21.927,0,0,0,0,1,1,0.487,0,0,0,0,0,0,0,0,2,0,0,0,0,0,,,,,,,,,,,,,2,single-shield,1,1,shift-guard,1,3,crossed-windows,1,5,300,0,0,0,0,0,300,2106,0,0,300,2106,0,0,600,0,0,0,0,0,0,0,0,0,,,7.02,,7.02,,0,,,
noon-fold,2,starter,w+h+l+,legacy-cycle,300,0,0,9,,45.657,0,0,2,47.81,5,45.02,0,0,0,0,0.127,0,0.127,2.873,0,0,0,0,0,0.993,0,2,0,0,0,0,0,,,,,,,,,,,,,2,single-shield,1,1,shift-guard,1,3,crossed-windows,1,5,300,298,298,2193,0,0,300,1697,0,0,300,1697,0,0,600,0,0,0,0,0,0,0,0,0.9933,7.3591,,5.6567,,5.6567,,0,,,
noon-fold,2,starter,w+h+l+,greedy,300,291,0.97,7.32,0.8076,7.333,0,0,0.87,19.847,4.02,1.443,0.457,0.087,0.437,0.02,1.117,0.767,0.34,1.437,0,0,0,0,0,0.013,0,1.857,0,0,0,0,0,,,,,,,,,,,,,2,single-shield,1,1,shift-guard,1,3,crossed-windows,1,5,300,4,4,29,4,29,300,628,291,601,9,27,0,0,557,131,0,0,0,0,0,0,0,0.0133,7.25,7.25,2.0933,2.0653,3,,0.2352,,,
noon-fold,2,starter,w+h+l+,planner,300,296,0.9867,7.177,0.7947,24.5,0,0,0.877,19.887,3.943,1.843,0.373,0.037,0.34,0.033,1.183,0.747,0.423,1.89,0,0,0,0,0,0.023,0,1.84,0,0,0,0,0,,,,,,,,,,,,,2,single-shield,1,1,shift-guard,1,3,crossed-windows,1,5,300,7,7,54,7,54,300,484,296,452,4,32,0,0,552,102,0,0,0,0,0,0,0,0.0233,7.7143,7.7143,1.6133,1.527,8,,0.1848,,,
noon-fold,2,starter,w+h+l+,forecast-aware,300,248,0.8267,8.153,0.8862,9.731,0,0,1.247,29.32,3.54,0.66,1.41,0,0.447,0.963,1.26,0.75,0.493,2.687,0,0,0,0,0,0.033,0,1.983,0,0,0,0,0,,,,,,,,,,,,,2,single-shield,1,1,shift-guard,1,3,crossed-windows,1,5,300,10,10,89,10,89,300,696,248,504,52,192,0,0,595,134,0,0,0,0,0,0,0,0.0333,8.9,8.9,2.32,2.0323,3.6923,,0.2252,,,
noon-fold,2,starter,w+h+l+,planner-one-mistake,300,224,0.7467,8.44,0.9167,26.855,0,0,1.337,31.807,4.62,15.527,0.487,0.13,0.457,0.03,1.373,1.097,0.277,1.977,0,0,0,0,0,0.013,0,1.98,0,0,0,0,0,296,300,296,222,0,7,293,0.75,1,17.1975,4.75,0,2,single-shield,1,1,shift-guard,1,3,crossed-windows,1,5,300,4,4,33,3,25,300,981,224,385,76,596,0,0,594,137,0,0,0,0,0,0,0,0.0133,8.25,8.3333,3.27,1.7188,7.8421,,0.2306,,,
meter-feast,3,tide-siege,w-h-l-,random,300,1,0.0033,10.99,0.7273,80.538,0,0,4.733,79.613,2.897,18.163,0.36,1.387,0.257,0.103,0.85,0.603,0.33,1.287,0.3,0,0,0,0,0.08,2,4.993,0,0,0,0,0,,,,,,,,,,,,,2,ledger-prep,1,1,demand-pulse,1,4,peak-settlement,1,7,300,24,24,240,0,0,300,1932,1,1,299,1931,600,90,1498,77,0,0,0,0,0,0,0,0.08,10,,6.44,1,6.4582,0.15,0.0514,,,
meter-feast,3,tide-siege,w-h-l-,single-water,300,0,0,11,,89.157,0,0,5,92.803,3,11.81,0,0,0,0,1,1,0,0,0,0,0,0,0,0,2,5,0,0,0,0,0,,,,,,,,,,,,,2,ledger-prep,1,1,demand-pulse,1,4,peak-settlement,1,7,300,0,0,0,0,0,300,2207,0,0,300,2207,600,0,1500,0,0,0,0,0,0,0,0,0,,,7.3567,,7.3567,0,0,,,
meter-feast,3,tide-siege,w-h-l-,legacy-cycle,300,0,0,11,,79.203,0,0,5,102.403,3,34.423,0,0,0,0,0.947,0.413,0.533,3.663,0.607,0,0,0,0,1,2,5,0,0,0,0,0,,,,,,,,,,,,,2,ledger-prep,1,1,demand-pulse,1,4,peak-settlement,1,7,300,300,300,2205,0,0,300,2302,0,0,300,2302,600,182,1500,0,0,0,0,0,0,0,0,1,7.35,,7.6733,,7.6733,0.3033,0,,,
meter-feast,3,tide-siege,w-h-l-,greedy,300,184,0.6133,9.993,0.8508,19.069,0,0,2.893,56.66,2.987,4.717,1.113,0.11,1.1,0.013,1.53,1.2,0.37,1.887,0.447,0,0,0,0,0.06,2,4.513,0,0,0,0,0,,,,,,,,,,,,,2,ledger-prep,1,1,demand-pulse,1,4,peak-settlement,1,7,300,18,18,169,11,105,300,344,184,202,116,142,600,134,1354,330,0,0,0,0,0,0,0,0.06,9.3889,9.5455,1.1467,1.0978,1.2241,0.2233,0.2437,,,
meter-feast,3,tide-siege,w-h-l-,planner,300,195,0.65,9.77,0.828,36.343,0,0,2.873,55.86,2.947,4.733,0.95,0.113,0.897,0.053,1.4,1.093,0.353,2.317,0.737,0,0,0,0,0.107,2,4.357,0,0,0,0,0,,,,,,,,,,,,,2,ledger-prep,1,1,demand-pulse,1,4,peak-settlement,1,7,300,32,32,313,24,238,300,997,195,224,105,773,600,221,1307,269,0,0,0,0,0,0,0,0.1067,9.7813,9.9167,3.3233,1.1487,7.3619,0.3683,0.2058,,,
meter-feast,3,tide-siege,w-h-l-,forecast-aware,300,150,0.5,10.3,0.8727,15.913,0,0,2.99,60.007,2.443,4.743,1.867,0,1.31,0.557,1.543,1.01,0.5,2.853,0.663,0,0,0,0,0.19,2,4.697,0,0,0,0,0,,,,,,,,,,,,,2,ledger-prep,1,1,demand-pulse,1,4,peak-settlement,1,7,300,57,57,577,45,451,300,396,150,172,150,224,600,199,1409,393,0,0,0,0,0,0,0,0.19,10.1228,10.0222,1.32,1.1467,1.4933,0.3317,0.2789,,,
meter-feast,3,tide-siege,w-h-l-,planner-one-mistake,300,66,0.22,10.763,0.9022,42.5,0,0,3.647,74.04,2.953,15.13,1.163,0.213,1.117,0.047,1.58,1.287,0.333,2.273,0.6,0,0,0,0,0.1,2,4.913,0,0,0,0,0,195,300,195,55,0,19,281,0.2821,1,15.2042,1,0,2,ledger-prep,1,1,demand-pulse,1,4,peak-settlement,1,7,300,30,30,295,21,215,300,1738,66,35,234,1703,600,180,1474,335,0,0,0,0,0,0,0,0.1,9.8333,10.2381,5.7933,0.5303,7.2778,0.3,0.2273,,,
meter-feast,3,tide-siege,w-h-l0,random,300,1,0.0033,10.99,0.7273,80.538,0,0,4.733,79.613,2.897,18.163,0.36,1.387,0.257,0.103,0.85,0.603,0.33,1.287,0.3,0,0,0,0,0.08,2,4.993,0,0,0,0,0,,,,,,,,,,,,,2,ledger-prep,1,1,demand-pulse,1,4,peak-settlement,1,7,300,24,24,240,0,0,300,1932,1,1,299,1931,600,90,1498,77,0,0,0,0,0,0,0,0.08,10,,6.44,1,6.4582,0.15,0.0514,,,
meter-feast,3,tide-siege,w-h-l0,single-water,300,0,0,11,,89.157,0,0,5,92.803,3,11.81,0,0,0,0,1,1,0,0,0,0,0,0,0,0,2,5,0,0,0,0,0,,,,,,,,,,,,,2,ledger-prep,1,1,demand-pulse,1,4,peak-settlement,1,7,300,0,0,0,0,0,300,2207,0,0,300,2207,600,0,1500,0,0,0,0,0,0,0,0,0,,,7.3567,,7.3567,0,0,,,
meter-feast,3,tide-siege,w-h-l0,legacy-cycle,300,0,0,11,,79.203,0,0,5,102.403,3,34.423,0,0,0,0,0.947,0.413,0.533,3.663,0.607,0,0,0,0,1,2,5,0,0,0,0,0,,,,,,,,,,,,,2,ledger-prep,1,1,demand-pulse,1,4,peak-settlement,1,7,300,300,300,2205,0,0,300,2302,0,0,300,2302,600,182,1500,0,0,0,0,0,0,0,0,1,7.35,,7.6733,,7.6733,0.3033,0,,,
meter-feast,3,tide-siege,w-h-l0,greedy,300,184,0.6133,9.993,0.8508,19.069,0,0,2.893,56.66,2.987,4.717,1.113,0.11,1.1,0.013,1.53,1.2,0.37,1.887,0.447,0,0,0,0,0.06,2,4.513,0,0,0,0,0,,,,,,,,,,,,,2,ledger-prep,1,1,demand-pulse,1,4,peak-settlement,1,7,300,18,18,169,11,105,300,344,184,202,116,142,600,134,1354,330,0,0,0,0,0,0,0,0.06,9.3889,9.5455,1.1467,1.0978,1.2241,0.2233,0.2437,,,
meter-feast,3,tide-siege,w-h-l0,planner,300,195,0.65,9.77,0.828,36.343,0,0,2.873,55.86,2.947,4.733,0.95,0.113,0.897,0.053,1.4,1.093,0.353,2.317,0.737,0,0,0,0,0.107,2,4.357,0,0,0,0,0,,,,,,,,,,,,,2,ledger-prep,1,1,demand-pulse,1,4,peak-settlement,1,7,300,32,32,313,24,238,300,997,195,224,105,773,600,221,1307,269,0,0,0,0,0,0,0,0.1067,9.7813,9.9167,3.3233,1.1487,7.3619,0.3683,0.2058,,,
meter-feast,3,tide-siege,w-h-l0,forecast-aware,300,150,0.5,10.3,0.8727,15.913,0,0,2.99,60.007,2.443,4.743,1.867,0,1.31,0.557,1.543,1.01,0.5,2.853,0.663,0,0,0,0,0.19,2,4.697,0,0,0,0,0,,,,,,,,,,,,,2,ledger-prep,1,1,demand-pulse,1,4,peak-settlement,1,7,300,57,57,577,45,451,300,396,150,172,150,224,600,199,1409,393,0,0,0,0,0,0,0,0.19,10.1228,10.0222,1.32,1.1467,1.4933,0.3317,0.2789,,,
meter-feast,3,tide-siege,w-h-l0,planner-one-mistake,300,66,0.22,10.763,0.9022,42.5,0,0,3.647,74.04,2.953,15.13,1.163,0.213,1.117,0.047,1.58,1.287,0.333,2.273,0.6,0,0,0,0,0.1,2,4.913,0,0,0,0,0,195,300,195,55,0,19,281,0.2821,1,15.2042,1,0,2,ledger-prep,1,1,demand-pulse,1,4,peak-settlement,1,7,300,30,30,295,21,215,300,1738,66,35,234,1703,600,180,1474,335,0,0,0,0,0,0,0,0.1,9.8333,10.2381,5.7933,0.5303,7.2778,0.3,0.2273,,,
meter-feast,3,tide-siege,w-h-l+,random,300,1,0.0033,10.99,0.7273,80.538,0,0,4.733,79.613,2.897,18.163,0.36,1.387,0.257,0.103,0.85,0.603,0.33,1.287,0.3,0,0,0,0,0.08,2,4.993,0,0,0,0,0,,,,,,,,,,,,,2,ledger-prep,1,1,demand-pulse,1,4,peak-settlement,1,7,300,24,24,240,0,0,300,1932,1,1,299,1931,600,90,1498,77,0,0,0,0,0,0,0,0.08,10,,6.44,1,6.4582,0.15,0.0514,,,
meter-feast,3,tide-siege,w-h-l+,single-water,300,0,0,11,,89.157,0,0,5,92.803,3,11.81,0,0,0,0,1,1,0,0,0,0,0,0,0,0,2,5,0,0,0,0,0,,,,,,,,,,,,,2,ledger-prep,1,1,demand-pulse,1,4,peak-settlement,1,7,300,0,0,0,0,0,300,2207,0,0,300,2207,600,0,1500,0,0,0,0,0,0,0,0,0,,,7.3567,,7.3567,0,0,,,
meter-feast,3,tide-siege,w-h-l+,legacy-cycle,300,0,0,11,,79.203,0,0,5,102.403,3,34.423,0,0,0,0,0.947,0.413,0.533,3.663,0.607,0,0,0,0,1,2,5,0,0,0,0,0,,,,,,,,,,,,,2,ledger-prep,1,1,demand-pulse,1,4,peak-settlement,1,7,300,300,300,2205,0,0,300,2302,0,0,300,2302,600,182,1500,0,0,0,0,0,0,0,0,1,7.35,,7.6733,,7.6733,0.3033,0,,,
meter-feast,3,tide-siege,w-h-l+,greedy,300,184,0.6133,9.993,0.8508,19.069,0,0,2.893,56.66,2.987,4.717,1.113,0.11,1.1,0.013,1.53,1.2,0.37,1.887,0.447,0,0,0,0,0.06,2,4.513,0,0,0,0,0,,,,,,,,,,,,,2,ledger-prep,1,1,demand-pulse,1,4,peak-settlement,1,7,300,18,18,169,11,105,300,344,184,202,116,142,600,134,1354,330,0,0,0,0,0,0,0,0.06,9.3889,9.5455,1.1467,1.0978,1.2241,0.2233,0.2437,,,
meter-feast,3,tide-siege,w-h-l+,planner,300,195,0.65,9.77,0.828,36.343,0,0,2.873,55.86,2.947,4.733,0.95,0.113,0.897,0.053,1.4,1.093,0.353,2.317,0.737,0,0,0,0,0.107,2,4.357,0,0,0,0,0,,,,,,,,,,,,,2,ledger-prep,1,1,demand-pulse,1,4,peak-settlement,1,7,300,32,32,313,24,238,300,997,195,224,105,773,600,221,1307,269,0,0,0,0,0,0,0,0.1067,9.7813,9.9167,3.3233,1.1487,7.3619,0.3683,0.2058,,,
meter-feast,3,tide-siege,w-h-l+,forecast-aware,300,150,0.5,10.3,0.8727,15.913,0,0,2.99,60.007,2.443,4.743,1.867,0,1.31,0.557,1.543,1.01,0.5,2.853,0.663,0,0,0,0,0.19,2,4.697,0,0,0,0,0,,,,,,,,,,,,,2,ledger-prep,1,1,demand-pulse,1,4,peak-settlement,1,7,300,57,57,577,45,451,300,396,150,172,150,224,600,199,1409,393,0,0,0,0,0,0,0,0.19,10.1228,10.0222,1.32,1.1467,1.4933,0.3317,0.2789,,,
meter-feast,3,tide-siege,w-h-l+,planner-one-mistake,300,66,0.22,10.763,0.9022,42.5,0,0,3.647,74.04,2.953,15.13,1.163,0.213,1.117,0.047,1.58,1.287,0.333,2.273,0.6,0,0,0,0,0.1,2,4.913,0,0,0,0,0,195,300,195,55,0,19,281,0.2821,1,15.2042,1,0,2,ledger-prep,1,1,demand-pulse,1,4,peak-settlement,1,7,300,30,30,295,21,215,300,1738,66,35,234,1703,600,180,1474,335,0,0,0,0,0,0,0,0.1,9.8333,10.2381,5.7933,0.5303,7.2778,0.3,0.2273,,,
meter-feast,3,tide-siege,w-h0l-,random,300,1,0.0033,10.99,0.7273,79.515,0,0,4.733,80.8,2.897,18.5,0.36,1.387,0.257,0.103,0.85,0.603,0.33,1.287,0.3,0,0,0,0,0.08,2,4.993,0,0,0,0,0,,,,,,,,,,,,,2,ledger-prep,1,1,demand-pulse,1,4,peak-settlement,1,7,300,24,24,240,0,0,300,1932,1,1,299,1931,600,90,1498,77,0,0,0,0,0,0,0,0.08,10,,6.44,1,6.4582,0.15,0.0514,,,
meter-feast,3,tide-siege,w-h0l-,single-water,300,0,0,11,,89.157,0,0,5,92.803,3,11.81,0,0,0,0,1,1,0,0,0,0,0,0,0,0,2,5,0,0,0,0,0,,,,,,,,,,,,,2,ledger-prep,1,1,demand-pulse,1,4,peak-settlement,1,7,300,0,0,0,0,0,300,2207,0,0,300,2207,600,0,1500,0,0,0,0,0,0,0,0,0,,,7.3567,,7.3567,0,0,,,
meter-feast,3,tide-siege,w-h0l-,legacy-cycle,300,0,0,11,,76.337,0,0,5,103.147,3,34.987,0,0,0,0,0.947,0.413,0.533,3.663,0.607,0,0,0,0,1,2,5,0,0,0,0,0,,,,,,,,,,,,,2,ledger-prep,1,1,demand-pulse,1,4,peak-settlement,1,7,300,300,300,2205,0,0,300,2302,0,0,300,2302,600,182,1500,0,0,0,0,0,0,0,0,1,7.35,,7.6733,,7.6733,0.3033,0,,,
meter-feast,3,tide-siege,w-h0l-,greedy,300,225,0.75,9.573,0.8271,18.773,0,0,2.6,49.533,2.98,4.523,1,0.09,0.983,0.017,1.413,1.07,0.383,1.86,0.447,0,0,0,0,0.077,1.997,4.247,0,0,0,0,0,,,,,,,,,,,,,1.997,ledger-prep,1,1,demand-pulse,1,4,peak-settlement,0.9967,7,300,23,23,214,20,187,300,382,225,284,75,98,599,134,1274,295,0,0,0,0,0,0,0,0.0767,9.3043,9.35,1.2733,1.2622,1.3067,0.2237,0.2316,,,
meter-feast,3,tide-siege,w-h0l-,planner,300,219,0.73,9.493,0.8124,36.877,0,0,2.737,52.447,2.93,3.93,0.827,0.107,0.757,0.07,1.373,1.06,0.327,2.027,0.647,0,0,0,0,0.097,2,4.16,0,0,0,0,0,,,,,,,,,,,,,2,ledger-prep,1,1,demand-pulse,1,4,peak-settlement,1,7,300,29,29,289,23,231,300,887,219,288,81,599,600,194,1248,227,0,0,0,0,0,0,0,0.0967,9.9655,10.0435,2.9567,1.3151,7.3951,0.3233,0.1819,,,
meter-feast,3,tide-siege,w-h0l-,forecast-aware,300,187,0.6233,10.063,0.8634,15.478,0,0,2.8,55.393,2.443,4.743,1.82,0,1.263,0.557,1.453,0.973,0.45,2.757,0.663,0,0,0,0,0.177,2,4.56,0,0,0,0,0,,,,,,,,,,,,,2,ledger-prep,1,1,demand-pulse,1,4,peak-settlement,1,7,300,53,53,537,45,451,300,418,187,239,113,179,600,199,1368,379,0,0,0,0,0,0,0,0.1767,10.1321,10.0222,1.3933,1.2781,1.5841,0.3317,0.277,,,
meter-feast,3,tide-siege,w-h0l-,planner-one-mistake,300,93,0.31,10.64,0.8944,40.773,0,0,3.573,72.207,2.94,15.767,1.127,0.173,1.067,0.06,1.65,1.32,0.347,2.513,0.663,0,0,0,0,0.11,2,4.86,0,0,0,0,0,219,300,219,82,0,18,282,0.3744,1,14.8867,1,0,2,ledger-prep,1,1,demand-pulse,1,4,peak-settlement,1,7,300,33,33,315,26,259,300,1567,93,64,207,1503,600,199,1458,320,0,0,0,0,0,0,0,0.11,9.5455,9.9615,5.2233,0.6882,7.2609,0.3317,0.2195,,,
meter-feast,3,tide-siege,w-h0l0,random,300,1,0.0033,10.99,0.7273,79.515,0,0,4.733,80.8,2.897,18.5,0.36,1.387,0.257,0.103,0.85,0.603,0.33,1.287,0.3,0,0,0,0,0.08,2,4.993,0,0,0,0,0,,,,,,,,,,,,,2,ledger-prep,1,1,demand-pulse,1,4,peak-settlement,1,7,300,24,24,240,0,0,300,1932,1,1,299,1931,600,90,1498,77,0,0,0,0,0,0,0,0.08,10,,6.44,1,6.4582,0.15,0.0514,,,
meter-feast,3,tide-siege,w-h0l0,single-water,300,0,0,11,,89.157,0,0,5,92.803,3,11.81,0,0,0,0,1,1,0,0,0,0,0,0,0,0,2,5,0,0,0,0,0,,,,,,,,,,,,,2,ledger-prep,1,1,demand-pulse,1,4,peak-settlement,1,7,300,0,0,0,0,0,300,2207,0,0,300,2207,600,0,1500,0,0,0,0,0,0,0,0,0,,,7.3567,,7.3567,0,0,,,
meter-feast,3,tide-siege,w-h0l0,legacy-cycle,300,0,0,11,,76.337,0,0,5,103.147,3,34.987,0,0,0,0,0.947,0.413,0.533,3.663,0.607,0,0,0,0,1,2,5,0,0,0,0,0,,,,,,,,,,,,,2,ledger-prep,1,1,demand-pulse,1,4,peak-settlement,1,7,300,300,300,2205,0,0,300,2302,0,0,300,2302,600,182,1500,0,0,0,0,0,0,0,0,1,7.35,,7.6733,,7.6733,0.3033,0,,,
meter-feast,3,tide-siege,w-h0l0,greedy,300,225,0.75,9.573,0.8271,18.773,0,0,2.6,49.533,2.98,4.523,1,0.09,0.983,0.017,1.413,1.07,0.383,1.86,0.447,0,0,0,0,0.077,1.997,4.247,0,0,0,0,0,,,,,,,,,,,,,1.997,ledger-prep,1,1,demand-pulse,1,4,peak-settlement,0.9967,7,300,23,23,214,20,187,300,382,225,284,75,98,599,134,1274,295,0,0,0,0,0,0,0,0.0767,9.3043,9.35,1.2733,1.2622,1.3067,0.2237,0.2316,,,
meter-feast,3,tide-siege,w-h0l0,planner,300,219,0.73,9.493,0.8124,36.877,0,0,2.737,52.447,2.93,3.93,0.827,0.107,0.757,0.07,1.373,1.06,0.327,2.027,0.647,0,0,0,0,0.097,2,4.16,0,0,0,0,0,,,,,,,,,,,,,2,ledger-prep,1,1,demand-pulse,1,4,peak-settlement,1,7,300,29,29,289,23,231,300,887,219,288,81,599,600,194,1248,227,0,0,0,0,0,0,0,0.0967,9.9655,10.0435,2.9567,1.3151,7.3951,0.3233,0.1819,,,
meter-feast,3,tide-siege,w-h0l0,forecast-aware,300,187,0.6233,10.063,0.8634,15.478,0,0,2.8,55.393,2.443,4.743,1.82,0,1.263,0.557,1.453,0.973,0.45,2.757,0.663,0,0,0,0,0.177,2,4.56,0,0,0,0,0,,,,,,,,,,,,,2,ledger-prep,1,1,demand-pulse,1,4,peak-settlement,1,7,300,53,53,537,45,451,300,418,187,239,113,179,600,199,1368,379,0,0,0,0,0,0,0,0.1767,10.1321,10.0222,1.3933,1.2781,1.5841,0.3317,0.277,,,
meter-feast,3,tide-siege,w-h0l0,planner-one-mistake,300,93,0.31,10.64,0.8944,40.773,0,0,3.573,72.207,2.94,15.767,1.127,0.173,1.067,0.06,1.65,1.32,0.347,2.513,0.663,0,0,0,0,0.11,2,4.86,0,0,0,0,0,219,300,219,82,0,18,282,0.3744,1,14.8867,1,0,2,ledger-prep,1,1,demand-pulse,1,4,peak-settlement,1,7,300,33,33,315,26,259,300,1567,93,64,207,1503,600,199,1458,320,0,0,0,0,0,0,0,0.11,9.5455,9.9615,5.2233,0.6882,7.2609,0.3317,0.2195,,,
meter-feast,3,tide-siege,w-h0l+,random,300,1,0.0033,10.99,0.7273,79.515,0,0,4.733,80.8,2.897,18.5,0.36,1.387,0.257,0.103,0.85,0.603,0.33,1.287,0.3,0,0,0,0,0.08,2,4.993,0,0,0,0,0,,,,,,,,,,,,,2,ledger-prep,1,1,demand-pulse,1,4,peak-settlement,1,7,300,24,24,240,0,0,300,1932,1,1,299,1931,600,90,1498,77,0,0,0,0,0,0,0,0.08,10,,6.44,1,6.4582,0.15,0.0514,,,
meter-feast,3,tide-siege,w-h0l+,single-water,300,0,0,11,,89.157,0,0,5,92.803,3,11.81,0,0,0,0,1,1,0,0,0,0,0,0,0,0,2,5,0,0,0,0,0,,,,,,,,,,,,,2,ledger-prep,1,1,demand-pulse,1,4,peak-settlement,1,7,300,0,0,0,0,0,300,2207,0,0,300,2207,600,0,1500,0,0,0,0,0,0,0,0,0,,,7.3567,,7.3567,0,0,,,
meter-feast,3,tide-siege,w-h0l+,legacy-cycle,300,0,0,11,,76.337,0,0,5,103.147,3,34.987,0,0,0,0,0.947,0.413,0.533,3.663,0.607,0,0,0,0,1,2,5,0,0,0,0,0,,,,,,,,,,,,,2,ledger-prep,1,1,demand-pulse,1,4,peak-settlement,1,7,300,300,300,2205,0,0,300,2302,0,0,300,2302,600,182,1500,0,0,0,0,0,0,0,0,1,7.35,,7.6733,,7.6733,0.3033,0,,,
meter-feast,3,tide-siege,w-h0l+,greedy,300,225,0.75,9.573,0.8271,18.773,0,0,2.6,49.533,2.98,4.523,1,0.09,0.983,0.017,1.413,1.07,0.383,1.86,0.447,0,0,0,0,0.077,1.997,4.247,0,0,0,0,0,,,,,,,,,,,,,1.997,ledger-prep,1,1,demand-pulse,1,4,peak-settlement,0.9967,7,300,23,23,214,20,187,300,382,225,284,75,98,599,134,1274,295,0,0,0,0,0,0,0,0.0767,9.3043,9.35,1.2733,1.2622,1.3067,0.2237,0.2316,,,
meter-feast,3,tide-siege,w-h0l+,planner,300,219,0.73,9.493,0.8124,36.877,0,0,2.737,52.447,2.93,3.93,0.827,0.107,0.757,0.07,1.373,1.06,0.327,2.027,0.647,0,0,0,0,0.097,2,4.16,0,0,0,0,0,,,,,,,,,,,,,2,ledger-prep,1,1,demand-pulse,1,4,peak-settlement,1,7,300,29,29,289,23,231,300,887,219,288,81,599,600,194,1248,227,0,0,0,0,0,0,0,0.0967,9.9655,10.0435,2.9567,1.3151,7.3951,0.3233,0.1819,,,
meter-feast,3,tide-siege,w-h0l+,forecast-aware,300,187,0.6233,10.063,0.8634,15.478,0,0,2.8,55.393,2.443,4.743,1.82,0,1.263,0.557,1.453,0.973,0.45,2.757,0.663,0,0,0,0,0.177,2,4.56,0,0,0,0,0,,,,,,,,,,,,,2,ledger-prep,1,1,demand-pulse,1,4,peak-settlement,1,7,300,53,53,537,45,451,300,418,187,239,113,179,600,199,1368,379,0,0,0,0,0,0,0,0.1767,10.1321,10.0222,1.3933,1.2781,1.5841,0.3317,0.277,,,
meter-feast,3,tide-siege,w-h0l+,planner-one-mistake,300,93,0.31,10.64,0.8944,40.773,0,0,3.573,72.207,2.94,15.767,1.127,0.173,1.067,0.06,1.65,1.32,0.347,2.513,0.663,0,0,0,0,0.11,2,4.86,0,0,0,0,0,219,300,219,82,0,18,282,0.3744,1,14.8867,1,0,2,ledger-prep,1,1,demand-pulse,1,4,peak-settlement,1,7,300,33,33,315,26,259,300,1567,93,64,207,1503,600,199,1458,320,0,0,0,0,0,0,0,0.11,9.5455,9.9615,5.2233,0.6882,7.2609,0.3317,0.2195,,,
meter-feast,3,tide-siege,w-h+l-,random,300,1,0.0033,10.99,0.7273,78.385,0,0,4.733,81.777,2.897,18.82,0.36,1.387,0.257,0.103,0.85,0.603,0.33,1.287,0.3,0,0,0,0,0.08,2,4.993,0,0,0,0,0,,,,,,,,,,,,,2,ledger-prep,1,1,demand-pulse,1,4,peak-settlement,1,7,300,24,24,240,0,0,300,1932,1,1,299,1931,600,90,1498,77,0,0,0,0,0,0,0,0.08,10,,6.44,1,6.4582,0.15,0.0514,,,
meter-feast,3,tide-siege,w-h+l-,single-water,300,0,0,11,,89.157,0,0,5,92.803,3,11.81,0,0,0,0,1,1,0,0,0,0,0,0,0,0,2,5,0,0,0,0,0,,,,,,,,,,,,,2,ledger-prep,1,1,demand-pulse,1,4,peak-settlement,1,7,300,0,0,0,0,0,300,2207,0,0,300,2207,600,0,1500,0,0,0,0,0,0,0,0,0,,,7.3567,,7.3567,0,0,,,
meter-feast,3,tide-siege,w-h+l-,legacy-cycle,300,0,0,11,,73.69,0,0,5,103.497,3,35.55,0,0,0,0,0.947,0.413,0.533,3.663,0.607,0,0,0,0,1,2,5,0,0,0,0,0,,,,,,,,,,,,,2,ledger-prep,1,1,demand-pulse,1,4,peak-settlement,1,7,300,300,300,2205,0,0,300,2302,0,0,300,2302,600,182,1500,0,0,0,0,0,0,0,0,1,7.35,,7.6733,,7.6733,0.3033,0,,,
meter-feast,3,tide-siege,w-h+l-,greedy,300,251,0.8367,9.083,0.7917,17.98,0,0,2.353,43.253,2.96,3.873,0.793,0.077,0.77,0.023,1.343,1.087,0.317,1.553,0.443,0,0,0,0,0.057,1.983,3.88,0,0,0,0,0,,,,,,,,,,,,,1.987,ledger-prep,1,1,demand-pulse,1,4,peak-settlement,0.9867,7,300,17,17,163,15,145,300,453,251,385,49,68,595,133,1164,231,0,0,0,0,0,0,0,0.0567,9.5882,9.6667,1.51,1.5339,1.3878,0.2235,0.1985,,,
meter-feast,3,tide-siege,w-h+l-,planner,300,258,0.86,8.89,0.777,38.31,0,0,2.31,42.307,2.913,3.64,0.673,0.113,0.607,0.067,1.223,0.967,0.28,1.863,0.64,0,0,0,0,0.077,1.98,3.733,0,0,0,0,0,,,,,,,,,,,,,1.98,ledger-prep,1,1,demand-pulse,1,4,peak-settlement,0.98,7,300,23,23,226,18,179,300,724,258,410,42,314,594,192,1120,182,0,0,0,0,0,0,0,0.0767,9.8261,9.9444,2.4133,1.5891,7.4762,0.3232,0.1625,,,
meter-feast,3,tide-siege,w-h+l-,forecast-aware,300,210,0.7,9.783,0.842,14.811,0,0,2.583,50.273,2.443,4.743,1.77,0,1.213,0.557,1.35,0.92,0.41,2.663,0.663,0,0,0,0,0.143,2,4.37,0,0,0,0,0,,,,,,,,,,,,,2,ledger-prep,1,1,demand-pulse,1,4,peak-settlement,1,7,300,43,43,434,39,390,300,467,210,309,90,158,600,199,1311,364,0,0,0,0,0,0,0,0.1433,10.093,10,1.5567,1.4714,1.7556,0.3317,0.2777,,,
meter-feast,3,tide-siege,w-h+l-,planner-one-mistake,300,131,0.4367,10.38,0.8709,39.817,0,0,3.38,67.533,2.943,15.583,1.057,0.173,1,0.057,1.563,1.27,0.34,2.387,0.663,0,0,0,0,0.083,2,4.73,0,0,0,0,0,258,300,258,122,0,18,282,0.4729,1,15.3575,1,0,2,ledger-prep,1,1,demand-pulse,1,4,peak-settlement,1,7,300,25,25,237,19,188,300,1337,131,102,169,1235,600,199,1419,300,0,0,0,0,0,0,0,0.0833,9.48,9.8947,4.4567,0.7786,7.3077,0.3317,0.2114,,,
meter-feast,3,tide-siege,w-h+l0,random,300,1,0.0033,10.99,0.7273,78.385,0,0,4.733,81.777,2.897,18.82,0.36,1.387,0.257,0.103,0.85,0.603,0.33,1.287,0.3,0,0,0,0,0.08,2,4.993,0,0,0,0,0,,,,,,,,,,,,,2,ledger-prep,1,1,demand-pulse,1,4,peak-settlement,1,7,300,24,24,240,0,0,300,1932,1,1,299,1931,600,90,1498,77,0,0,0,0,0,0,0,0.08,10,,6.44,1,6.4582,0.15,0.0514,,,
meter-feast,3,tide-siege,w-h+l0,single-water,300,0,0,11,,89.157,0,0,5,92.803,3,11.81,0,0,0,0,1,1,0,0,0,0,0,0,0,0,2,5,0,0,0,0,0,,,,,,,,,,,,,2,ledger-prep,1,1,demand-pulse,1,4,peak-settlement,1,7,300,0,0,0,0,0,300,2207,0,0,300,2207,600,0,1500,0,0,0,0,0,0,0,0,0,,,7.3567,,7.3567,0,0,,,
meter-feast,3,tide-siege,w-h+l0,legacy-cycle,300,0,0,11,,73.69,0,0,5,103.497,3,35.55,0,0,0,0,0.947,0.413,0.533,3.663,0.607,0,0,0,0,1,2,5,0,0,0,0,0,,,,,,,,,,,,,2,ledger-prep,1,1,demand-pulse,1,4,peak-settlement,1,7,300,300,300,2205,0,0,300,2302,0,0,300,2302,600,182,1500,0,0,0,0,0,0,0,0,1,7.35,,7.6733,,7.6733,0.3033,0,,,
meter-feast,3,tide-siege,w-h+l0,greedy,300,251,0.8367,9.083,0.7917,17.98,0,0,2.353,43.253,2.96,3.873,0.793,0.077,0.77,0.023,1.343,1.087,0.317,1.553,0.443,0,0,0,0,0.057,1.983,3.88,0,0,0,0,0,,,,,,,,,,,,,1.987,ledger-prep,1,1,demand-pulse,1,4,peak-settlement,0.9867,7,300,17,17,163,15,145,300,453,251,385,49,68,595,133,1164,231,0,0,0,0,0,0,0,0.0567,9.5882,9.6667,1.51,1.5339,1.3878,0.2235,0.1985,,,
meter-feast,3,tide-siege,w-h+l0,planner,300,258,0.86,8.89,0.777,38.31,0,0,2.31,42.307,2.913,3.64,0.673,0.113,0.607,0.067,1.223,0.967,0.28,1.863,0.64,0,0,0,0,0.077,1.98,3.733,0,0,0,0,0,,,,,,,,,,,,,1.98,ledger-prep,1,1,demand-pulse,1,4,peak-settlement,0.98,7,300,23,23,226,18,179,300,724,258,410,42,314,594,192,1120,182,0,0,0,0,0,0,0,0.0767,9.8261,9.9444,2.4133,1.5891,7.4762,0.3232,0.1625,,,
meter-feast,3,tide-siege,w-h+l0,forecast-aware,300,210,0.7,9.783,0.842,14.811,0,0,2.583,50.273,2.443,4.743,1.77,0,1.213,0.557,1.35,0.92,0.41,2.663,0.663,0,0,0,0,0.143,2,4.37,0,0,0,0,0,,,,,,,,,,,,,2,ledger-prep,1,1,demand-pulse,1,4,peak-settlement,1,7,300,43,43,434,39,390,300,467,210,309,90,158,600,199,1311,364,0,0,0,0,0,0,0,0.1433,10.093,10,1.5567,1.4714,1.7556,0.3317,0.2777,,,
meter-feast,3,tide-siege,w-h+l0,planner-one-mistake,300,131,0.4367,10.38,0.8709,39.817,0,0,3.38,67.533,2.943,15.583,1.057,0.173,1,0.057,1.563,1.27,0.34,2.387,0.663,0,0,0,0,0.083,2,4.73,0,0,0,0,0,258,300,258,122,0,18,282,0.4729,1,15.3575,1,0,2,ledger-prep,1,1,demand-pulse,1,4,peak-settlement,1,7,300,25,25,237,19,188,300,1337,131,102,169,1235,600,199,1419,300,0,0,0,0,0,0,0,0.0833,9.48,9.8947,4.4567,0.7786,7.3077,0.3317,0.2114,,,
meter-feast,3,tide-siege,w-h+l+,random,300,1,0.0033,10.99,0.7273,78.385,0,0,4.733,81.777,2.897,18.82,0.36,1.387,0.257,0.103,0.85,0.603,0.33,1.287,0.3,0,0,0,0,0.08,2,4.993,0,0,0,0,0,,,,,,,,,,,,,2,ledger-prep,1,1,demand-pulse,1,4,peak-settlement,1,7,300,24,24,240,0,0,300,1932,1,1,299,1931,600,90,1498,77,0,0,0,0,0,0,0,0.08,10,,6.44,1,6.4582,0.15,0.0514,,,
meter-feast,3,tide-siege,w-h+l+,single-water,300,0,0,11,,89.157,0,0,5,92.803,3,11.81,0,0,0,0,1,1,0,0,0,0,0,0,0,0,2,5,0,0,0,0,0,,,,,,,,,,,,,2,ledger-prep,1,1,demand-pulse,1,4,peak-settlement,1,7,300,0,0,0,0,0,300,2207,0,0,300,2207,600,0,1500,0,0,0,0,0,0,0,0,0,,,7.3567,,7.3567,0,0,,,
meter-feast,3,tide-siege,w-h+l+,legacy-cycle,300,0,0,11,,73.69,0,0,5,103.497,3,35.55,0,0,0,0,0.947,0.413,0.533,3.663,0.607,0,0,0,0,1,2,5,0,0,0,0,0,,,,,,,,,,,,,2,ledger-prep,1,1,demand-pulse,1,4,peak-settlement,1,7,300,300,300,2205,0,0,300,2302,0,0,300,2302,600,182,1500,0,0,0,0,0,0,0,0,1,7.35,,7.6733,,7.6733,0.3033,0,,,
meter-feast,3,tide-siege,w-h+l+,greedy,300,251,0.8367,9.083,0.7917,17.98,0,0,2.353,43.253,2.96,3.873,0.793,0.077,0.77,0.023,1.343,1.087,0.317,1.553,0.443,0,0,0,0,0.057,1.983,3.88,0,0,0,0,0,,,,,,,,,,,,,1.987,ledger-prep,1,1,demand-pulse,1,4,peak-settlement,0.9867,7,300,17,17,163,15,145,300,453,251,385,49,68,595,133,1164,231,0,0,0,0,0,0,0,0.0567,9.5882,9.6667,1.51,1.5339,1.3878,0.2235,0.1985,,,
meter-feast,3,tide-siege,w-h+l+,planner,300,258,0.86,8.89,0.777,38.31,0,0,2.31,42.307,2.913,3.64,0.673,0.113,0.607,0.067,1.223,0.967,0.28,1.863,0.64,0,0,0,0,0.077,1.98,3.733,0,0,0,0,0,,,,,,,,,,,,,1.98,ledger-prep,1,1,demand-pulse,1,4,peak-settlement,0.98,7,300,23,23,226,18,179,300,724,258,410,42,314,594,192,1120,182,0,0,0,0,0,0,0,0.0767,9.8261,9.9444,2.4133,1.5891,7.4762,0.3232,0.1625,,,
meter-feast,3,tide-siege,w-h+l+,forecast-aware,300,210,0.7,9.783,0.842,14.811,0,0,2.583,50.273,2.443,4.743,1.77,0,1.213,0.557,1.35,0.92,0.41,2.663,0.663,0,0,0,0,0.143,2,4.37,0,0,0,0,0,,,,,,,,,,,,,2,ledger-prep,1,1,demand-pulse,1,4,peak-settlement,1,7,300,43,43,434,39,390,300,467,210,309,90,158,600,199,1311,364,0,0,0,0,0,0,0,0.1433,10.093,10,1.5567,1.4714,1.7556,0.3317,0.2777,,,
meter-feast,3,tide-siege,w-h+l+,planner-one-mistake,300,131,0.4367,10.38,0.8709,39.817,0,0,3.38,67.533,2.943,15.583,1.057,0.173,1,0.057,1.563,1.27,0.34,2.387,0.663,0,0,0,0,0.083,2,4.73,0,0,0,0,0,258,300,258,122,0,18,282,0.4729,1,15.3575,1,0,2,ledger-prep,1,1,demand-pulse,1,4,peak-settlement,1,7,300,25,25,237,19,188,300,1337,131,102,169,1235,600,199,1419,300,0,0,0,0,0,0,0,0.0833,9.48,9.8947,4.4567,0.7786,7.3077,0.3317,0.2114,,,
meter-feast,3,tide-siege,w0h-l-,random,300,1,0.0033,10.99,0.7273,79.344,0,0,4.733,80.93,2.897,18.307,0.36,1.387,0.257,0.103,0.85,0.603,0.33,1.287,0.3,0,0,0,0,0.08,2,4.993,0,0,0,0,0,,,,,,,,,,,,,2,ledger-prep,1,1,demand-pulse,1,4,peak-settlement,1,7,300,24,24,240,0,0,300,1932,1,1,299,1931,600,90,1498,77,0,0,0,0,0,0,0,0.08,10,,6.44,1,6.4582,0.15,0.0514,,,
meter-feast,3,tide-siege,w0h-l-,single-water,300,0,0,11,,85.533,0,0,5,98.04,3,11.95,0,0,0,0,1,1,0,0,0,0,0,0,0,0,2,5,0,0,0,0,0,,,,,,,,,,,,,2,ledger-prep,1,1,demand-pulse,1,4,peak-settlement,1,7,300,0,0,0,0,0,300,2207,0,0,300,2207,600,0,1500,0,0,0,0,0,0,0,0,0,,,7.3567,,7.3567,0,0,,,
meter-feast,3,tide-siege,w0h-l-,legacy-cycle,300,0,0,11,,75.98,0,0,5,103.037,3,34.997,0,0,0,0,0.947,0.413,0.533,3.663,0.607,0,0,0,0,1,2,5,0,0,0,0,0,,,,,,,,,,,,,2,ledger-prep,1,1,demand-pulse,1,4,peak-settlement,1,7,300,300,300,2205,0,0,300,2302,0,0,300,2302,600,182,1500,0,0,0,0,0,0,0,0,1,7.35,,7.6733,,7.6733,0.3033,0,,,
meter-feast,3,tide-siege,w0h-l-,greedy,300,214,0.7133,9.663,0.8297,19.256,0,0,2.67,51.133,2.99,4.803,1.01,0.113,1,0.01,1.453,1.137,0.37,1.587,0.373,0,0,0,0,0.07,2,4.3,0,0,0,0,0,,,,,,,,,,,,,2,ledger-prep,1,1,demand-pulse,1,4,peak-settlement,1,7,300,21,21,199,14,131,300,376,214,261,86,115,600,112,1290,300,0,0,0,0,0,0,0,0.07,9.4762,9.3571,1.2533,1.2196,1.3372,0.1867,0.2326,,,
meter-feast,3,tide-siege,w0h-l-,planner,300,243,0.81,9.083,0.7849,34.439,0,0,2.387,44.467,2.957,5.32,0.747,0.15,0.703,0.043,1.22,0.92,0.34,2.557,0.86,0,0,0,0,0.1,2,3.857,0,0,0,0,0,,,,,,,,,,,,,2,ledger-prep,1,1,demand-pulse,1,4,peak-settlement,1,7,300,30,30,284,23,220,300,718,243,308,57,410,600,258,1157,211,0,0,0,0,0,0,0,0.1,9.4667,9.5652,2.3933,1.2675,7.193,0.43,0.1824,,,
meter-feast,3,tide-siege,w0h-l-,forecast-aware,300,182,0.6067,10.1,0.8651,15.678,0,0,2.823,56.007,2.443,4.923,1.84,0,1.283,0.557,1.46,0.967,0.46,2.797,0.663,0,0,0,0,0.17,2,4.573,0,0,0,0,0,,,,,,,,,,,,,2,ledger-prep,1,1,demand-pulse,1,4,peak-settlement,1,7,300,51,51,516,43,430,300,428,182,242,118,186,600,199,1372,385,0,0,0,0,0,0,0,0.17,10.1176,10,1.4267,1.3297,1.5763,0.3317,0.2806,,,
meter-feast,3,tide-siege,w0h-l-,planner-one-mistake,300,94,0.3133,10.6,0.8839,41.597,0,0,3.543,71.5,2.973,14.537,1.083,0.263,1.057,0.027,1.49,1.27,0.267,1.887,0.473,0,0,0,0,0.053,2,4.823,0,0,0,0,0,243,300,243,85,0,24,276,0.3498,1,16.3608,3.25,0,2,ledger-prep,1,1,demand-pulse,1,4,peak-settlement,1,7,300,16,16,165,12,126,300,1545,94,65,206,1480,600,142,1447,317,0,0,0,0,0,0,0,0.0533,10.3125,10.5,5.15,0.6915,7.1845,0.2367,0.2191,,,
meter-feast,3,tide-siege,w0h-l0,random,300,1,0.0033,10.99,0.7273,79.344,0,0,4.733,80.93,2.897,18.307,0.36,1.387,0.257,0.103,0.85,0.603,0.33,1.287,0.3,0,0,0,0,0.08,2,4.993,0,0,0,0,0,,,,,,,,,,,,,2,ledger-prep,1,1,demand-pulse,1,4,peak-settlement,1,7,300,24,24,240,0,0,300,1932,1,1,299,1931,600,90,1498,77,0,0,0,0,0,0,0,0.08,10,,6.44,1,6.4582,0.15,0.0514,,,
meter-feast,3,tide-siege,w0h-l0,single-water,300,0,0,11,,85.533,0,0,5,98.04,3,11.95,0,0,0,0,1,1,0,0,0,0,0,0,0,0,2,5,0,0,0,0,0,,,,,,,,,,,,,2,ledger-prep,1,1,demand-pulse,1,4,peak-settlement,1,7,300,0,0,0,0,0,300,2207,0,0,300,2207,600,0,1500,0,0,0,0,0,0,0,0,0,,,7.3567,,7.3567,0,0,,,
meter-feast,3,tide-siege,w0h-l0,legacy-cycle,300,0,0,11,,75.98,0,0,5,103.037,3,34.997,0,0,0,0,0.947,0.413,0.533,3.663,0.607,0,0,0,0,1,2,5,0,0,0,0,0,,,,,,,,,,,,,2,ledger-prep,1,1,demand-pulse,1,4,peak-settlement,1,7,300,300,300,2205,0,0,300,2302,0,0,300,2302,600,182,1500,0,0,0,0,0,0,0,0,1,7.35,,7.6733,,7.6733,0.3033,0,,,
meter-feast,3,tide-siege,w0h-l0,greedy,300,214,0.7133,9.663,0.8297,19.256,0,0,2.67,51.133,2.99,4.803,1.01,0.113,1,0.01,1.453,1.137,0.37,1.587,0.373,0,0,0,0,0.07,2,4.3,0,0,0,0,0,,,,,,,,,,,,,2,ledger-prep,1,1,demand-pulse,1,4,peak-settlement,1,7,300,21,21,199,14,131,300,376,214,261,86,115,600,112,1290,300,0,0,0,0,0,0,0,0.07,9.4762,9.3571,1.2533,1.2196,1.3372,0.1867,0.2326,,,
meter-feast,3,tide-siege,w0h-l0,planner,300,243,0.81,9.083,0.7849,34.439,0,0,2.387,44.467,2.957,5.32,0.747,0.15,0.703,0.043,1.22,0.92,0.34,2.557,0.86,0,0,0,0,0.1,2,3.857,0,0,0,0,0,,,,,,,,,,,,,2,ledger-prep,1,1,demand-pulse,1,4,peak-settlement,1,7,300,30,30,284,23,220,300,718,243,308,57,410,600,258,1157,211,0,0,0,0,0,0,0,0.1,9.4667,9.5652,2.3933,1.2675,7.193,0.43,0.1824,,,
meter-feast,3,tide-siege,w0h-l0,forecast-aware,300,182,0.6067,10.1,0.8651,15.678,0,0,2.823,56.007,2.443,4.923,1.84,0,1.283,0.557,1.46,0.967,0.46,2.797,0.663,0,0,0,0,0.17,2,4.573,0,0,0,0,0,,,,,,,,,,,,,2,ledger-prep,1,1,demand-pulse,1,4,peak-settlement,1,7,300,51,51,516,43,430,300,428,182,242,118,186,600,199,1372,385,0,0,0,0,0,0,0,0.17,10.1176,10,1.4267,1.3297,1.5763,0.3317,0.2806,,,
meter-feast,3,tide-siege,w0h-l0,planner-one-mistake,300,94,0.3133,10.6,0.8839,41.597,0,0,3.543,71.5,2.973,14.537,1.083,0.263,1.057,0.027,1.49,1.27,0.267,1.887,0.473,0,0,0,0,0.053,2,4.823,0,0,0,0,0,243,300,243,85,0,24,276,0.3498,1,16.3608,3.25,0,2,ledger-prep,1,1,demand-pulse,1,4,peak-settlement,1,7,300,16,16,165,12,126,300,1545,94,65,206,1480,600,142,1447,317,0,0,0,0,0,0,0,0.0533,10.3125,10.5,5.15,0.6915,7.1845,0.2367,0.2191,,,
meter-feast,3,tide-siege,w0h-l+,random,300,1,0.0033,10.99,0.7273,79.344,0,0,4.733,80.93,2.897,18.307,0.36,1.387,0.257,0.103,0.85,0.603,0.33,1.287,0.3,0,0,0,0,0.08,2,4.993,0,0,0,0,0,,,,,,,,,,,,,2,ledger-prep,1,1,demand-pulse,1,4,peak-settlement,1,7,300,24,24,240,0,0,300,1932,1,1,299,1931,600,90,1498,77,0,0,0,0,0,0,0,0.08,10,,6.44,1,6.4582,0.15,0.0514,,,
meter-feast,3,tide-siege,w0h-l+,single-water,300,0,0,11,,85.533,0,0,5,98.04,3,11.95,0,0,0,0,1,1,0,0,0,0,0,0,0,0,2,5,0,0,0,0,0,,,,,,,,,,,,,2,ledger-prep,1,1,demand-pulse,1,4,peak-settlement,1,7,300,0,0,0,0,0,300,2207,0,0,300,2207,600,0,1500,0,0,0,0,0,0,0,0,0,,,7.3567,,7.3567,0,0,,,
meter-feast,3,tide-siege,w0h-l+,legacy-cycle,300,0,0,11,,75.98,0,0,5,103.037,3,34.997,0,0,0,0,0.947,0.413,0.533,3.663,0.607,0,0,0,0,1,2,5,0,0,0,0,0,,,,,,,,,,,,,2,ledger-prep,1,1,demand-pulse,1,4,peak-settlement,1,7,300,300,300,2205,0,0,300,2302,0,0,300,2302,600,182,1500,0,0,0,0,0,0,0,0,1,7.35,,7.6733,,7.6733,0.3033,0,,,
meter-feast,3,tide-siege,w0h-l+,greedy,300,214,0.7133,9.663,0.8297,19.256,0,0,2.67,51.133,2.99,4.803,1.01,0.113,1,0.01,1.453,1.137,0.37,1.587,0.373,0,0,0,0,0.07,2,4.3,0,0,0,0,0,,,,,,,,,,,,,2,ledger-prep,1,1,demand-pulse,1,4,peak-settlement,1,7,300,21,21,199,14,131,300,376,214,261,86,115,600,112,1290,300,0,0,0,0,0,0,0,0.07,9.4762,9.3571,1.2533,1.2196,1.3372,0.1867,0.2326,,,
meter-feast,3,tide-siege,w0h-l+,planner,300,243,0.81,9.083,0.7849,34.439,0,0,2.387,44.467,2.957,5.32,0.747,0.15,0.703,0.043,1.22,0.92,0.34,2.557,0.86,0,0,0,0,0.1,2,3.857,0,0,0,0,0,,,,,,,,,,,,,2,ledger-prep,1,1,demand-pulse,1,4,peak-settlement,1,7,300,30,30,284,23,220,300,718,243,308,57,410,600,258,1157,211,0,0,0,0,0,0,0,0.1,9.4667,9.5652,2.3933,1.2675,7.193,0.43,0.1824,,,
meter-feast,3,tide-siege,w0h-l+,forecast-aware,300,182,0.6067,10.1,0.8651,15.678,0,0,2.823,56.007,2.443,4.923,1.84,0,1.283,0.557,1.46,0.967,0.46,2.797,0.663,0,0,0,0,0.17,2,4.573,0,0,0,0,0,,,,,,,,,,,,,2,ledger-prep,1,1,demand-pulse,1,4,peak-settlement,1,7,300,51,51,516,43,430,300,428,182,242,118,186,600,199,1372,385,0,0,0,0,0,0,0,0.17,10.1176,10,1.4267,1.3297,1.5763,0.3317,0.2806,,,
meter-feast,3,tide-siege,w0h-l+,planner-one-mistake,300,94,0.3133,10.6,0.8839,41.597,0,0,3.543,71.5,2.973,14.537,1.083,0.263,1.057,0.027,1.49,1.27,0.267,1.887,0.473,0,0,0,0,0.053,2,4.823,0,0,0,0,0,243,300,243,85,0,24,276,0.3498,1,16.3608,3.25,0,2,ledger-prep,1,1,demand-pulse,1,4,peak-settlement,1,7,300,16,16,165,12,126,300,1545,94,65,206,1480,600,142,1447,317,0,0,0,0,0,0,0,0.0533,10.3125,10.5,5.15,0.6915,7.1845,0.2367,0.2191,,,
meter-feast,3,tide-siege,w0h0l-,random,300,1,0.0033,10.99,0.7273,78.244,0,0,4.733,82.037,2.897,18.643,0.36,1.387,0.257,0.103,0.85,0.603,0.33,1.287,0.3,0,0,0,0,0.08,2,4.993,0,0,0,0,0,,,,,,,,,,,,,2,ledger-prep,1,1,demand-pulse,1,4,peak-settlement,1,7,300,24,24,240,0,0,300,1932,1,1,299,1931,600,90,1498,77,0,0,0,0,0,0,0,0.08,10,,6.44,1,6.4582,0.15,0.0514,,,
meter-feast,3,tide-siege,w0h0l-,single-water,300,0,0,11,,85.533,0,0,5,98.04,3,11.95,0,0,0,0,1,1,0,0,0,0,0,0,0,0,2,5,0,0,0,0,0,,,,,,,,,,,,,2,ledger-prep,1,1,demand-pulse,1,4,peak-settlement,1,7,300,0,0,0,0,0,300,2207,0,0,300,2207,600,0,1500,0,0,0,0,0,0,0,0,0,,,7.3567,,7.3567,0,0,,,
meter-feast,3,tide-siege,w0h0l-,legacy-cycle,300,0,0,11,,72.67,0,0,5,103.517,3,35.56,0,0,0,0,0.947,0.413,0.533,3.663,0.607,0,0,0,0,1,2,5,0,0,0,0,0,,,,,,,,,,,,,2,ledger-prep,1,1,demand-pulse,1,4,peak-settlement,1,7,300,300,300,2205,0,0,300,2302,0,0,300,2302,600,182,1500,0,0,0,0,0,0,0,0,1,7.35,,7.6733,,7.6733,0.3033,0,,,
meter-feast,3,tide-siege,w0h0l-,greedy,300,244,0.8133,9.257,0.8051,18.196,0,0,2.42,45.08,2.98,4.443,0.867,0.097,0.853,0.013,1.367,1.057,0.363,1.727,0.453,0,0,0,0,0.063,1.993,4.017,0,0,0,0,0,,,,,,,,,,,,,1.997,ledger-prep,1,1,demand-pulse,1,4,peak-settlement,0.9967,7,300,19,19,178,19,178,300,397,244,324,56,73,598,136,1205,256,0,0,0,0,0,0,0,0.0633,9.3684,9.3684,1.3233,1.3279,1.3036,0.2274,0.2124,,,
meter-feast,3,tide-siege,w0h0l-,planner,300,257,0.8567,8.83,0.7697,34.698,0,0,2.233,40.533,2.943,4.727,0.663,0.12,0.607,0.057,1.177,0.897,0.32,2.48,0.86,0,0,0,0,0.067,2,3.677,0,0,0,0,0,,,,,,,,,,,,,2,ledger-prep,1,1,demand-pulse,1,4,peak-settlement,1,7,300,20,20,181,16,142,300,702,257,390,43,312,600,258,1103,182,0,0,0,0,0,0,0,0.0667,9.05,8.875,2.34,1.5175,7.2558,0.43,0.165,,,
meter-feast,3,tide-siege,w0h0l-,forecast-aware,300,211,0.7033,9.81,0.8462,14.865,0,0,2.593,50.5,2.443,4.923,1.78,0,1.223,0.557,1.373,0.92,0.427,2.71,0.663,0,0,0,0,0.14,2,4.387,0,0,0,0,0,,,,,,,,,,,,,2,ledger-prep,1,1,demand-pulse,1,4,peak-settlement,1,7,300,42,42,424,39,391,300,457,211,300,89,157,600,199,1316,367,0,0,0,0,0,0,0,0.14,10.0952,10.0256,1.5233,1.4218,1.764,0.3317,0.2789,,,
meter-feast,3,tide-siege,w0h0l-,planner-one-mistake,300,113,0.3767,10.48,0.8745,40.332,0,0,3.443,69.2,2.953,15.087,1.087,0.25,1.04,0.047,1.547,1.297,0.29,1.953,0.457,0,0,0,0,0.063,2,4.773,0,0,0,0,0,257,300,257,109,0,21,279,0.4241,1,16.65,3,0,2,ledger-prep,1,1,demand-pulse,1,4,peak-settlement,1,7,300,19,19,192,16,165,300,1425,113,76,187,1349,600,137,1432,312,0,0,0,0,0,0,0,0.0633,10.1053,10.3125,4.75,0.6726,7.2139,0.2283,0.2179,,,
meter-feast,3,tide-siege,w0h0l0,random,300,1,0.0033,10.99,0.7273,78.244,0,0,4.733,82.037,2.897,18.643,0.36,1.387,0.257,0.103,0.85,0.603,0.33,1.287,0.3,0,0,0,0,0.08,2,4.993,0,0,0,0,0,,,,,,,,,,,,,2,ledger-prep,1,1,demand-pulse,1,4,peak-settlement,1,7,300,24,24,240,0,0,300,1932,1,1,299,1931,600,90,1498,77,0,0,0,0,0,0,0,0.08,10,,6.44,1,6.4582,0.15,0.0514,,,
meter-feast,3,tide-siege,w0h0l0,single-water,300,0,0,11,,85.533,0,0,5,98.04,3,11.95,0,0,0,0,1,1,0,0,0,0,0,0,0,0,2,5,0,0,0,0,0,,,,,,,,,,,,,2,ledger-prep,1,1,demand-pulse,1,4,peak-settlement,1,7,300,0,0,0,0,0,300,2207,0,0,300,2207,600,0,1500,0,0,0,0,0,0,0,0,0,,,7.3567,,7.3567,0,0,,,
meter-feast,3,tide-siege,w0h0l0,legacy-cycle,300,0,0,11,,72.67,0,0,5,103.517,3,35.56,0,0,0,0,0.947,0.413,0.533,3.663,0.607,0,0,0,0,1,2,5,0,0,0,0,0,,,,,,,,,,,,,2,ledger-prep,1,1,demand-pulse,1,4,peak-settlement,1,7,300,300,300,2205,0,0,300,2302,0,0,300,2302,600,182,1500,0,0,0,0,0,0,0,0,1,7.35,,7.6733,,7.6733,0.3033,0,,,
meter-feast,3,tide-siege,w0h0l0,greedy,300,244,0.8133,9.257,0.8051,18.196,0,0,2.42,45.08,2.98,4.443,0.867,0.097,0.853,0.013,1.367,1.057,0.363,1.727,0.453,0,0,0,0,0.063,1.993,4.017,0,0,0,0,0,,,,,,,,,,,,,1.997,ledger-prep,1,1,demand-pulse,1,4,peak-settlement,0.9967,7,300,19,19,178,19,178,300,397,244,324,56,73,598,136,1205,256,0,0,0,0,0,0,0,0.0633,9.3684,9.3684,1.3233,1.3279,1.3036,0.2274,0.2124,,,
meter-feast,3,tide-siege,w0h0l0,planner,300,257,0.8567,8.83,0.7697,34.698,0,0,2.233,40.533,2.943,4.727,0.663,0.12,0.607,0.057,1.177,0.897,0.32,2.48,0.86,0,0,0,0,0.067,2,3.677,0,0,0,0,0,,,,,,,,,,,,,2,ledger-prep,1,1,demand-pulse,1,4,peak-settlement,1,7,300,20,20,181,16,142,300,702,257,390,43,312,600,258,1103,182,0,0,0,0,0,0,0,0.0667,9.05,8.875,2.34,1.5175,7.2558,0.43,0.165,,,
meter-feast,3,tide-siege,w0h0l0,forecast-aware,300,211,0.7033,9.81,0.8462,14.865,0,0,2.593,50.5,2.443,4.923,1.78,0,1.223,0.557,1.373,0.92,0.427,2.71,0.663,0,0,0,0,0.14,2,4.387,0,0,0,0,0,,,,,,,,,,,,,2,ledger-prep,1,1,demand-pulse,1,4,peak-settlement,1,7,300,42,42,424,39,391,300,457,211,300,89,157,600,199,1316,367,0,0,0,0,0,0,0,0.14,10.0952,10.0256,1.5233,1.4218,1.764,0.3317,0.2789,,,
meter-feast,3,tide-siege,w0h0l0,planner-one-mistake,300,113,0.3767,10.48,0.8745,40.332,0,0,3.443,69.2,2.953,15.087,1.087,0.25,1.04,0.047,1.547,1.297,0.29,1.953,0.457,0,0,0,0,0.063,2,4.773,0,0,0,0,0,257,300,257,109,0,21,279,0.4241,1,16.65,3,0,2,ledger-prep,1,1,demand-pulse,1,4,peak-settlement,1,7,300,19,19,192,16,165,300,1425,113,76,187,1349,600,137,1432,312,0,0,0,0,0,0,0,0.0633,10.1053,10.3125,4.75,0.6726,7.2139,0.2283,0.2179,,,
meter-feast,3,tide-siege,w0h0l+,random,300,1,0.0033,10.99,0.7273,78.244,0,0,4.733,82.037,2.897,18.643,0.36,1.387,0.257,0.103,0.85,0.603,0.33,1.287,0.3,0,0,0,0,0.08,2,4.993,0,0,0,0,0,,,,,,,,,,,,,2,ledger-prep,1,1,demand-pulse,1,4,peak-settlement,1,7,300,24,24,240,0,0,300,1932,1,1,299,1931,600,90,1498,77,0,0,0,0,0,0,0,0.08,10,,6.44,1,6.4582,0.15,0.0514,,,
meter-feast,3,tide-siege,w0h0l+,single-water,300,0,0,11,,85.533,0,0,5,98.04,3,11.95,0,0,0,0,1,1,0,0,0,0,0,0,0,0,2,5,0,0,0,0,0,,,,,,,,,,,,,2,ledger-prep,1,1,demand-pulse,1,4,peak-settlement,1,7,300,0,0,0,0,0,300,2207,0,0,300,2207,600,0,1500,0,0,0,0,0,0,0,0,0,,,7.3567,,7.3567,0,0,,,
meter-feast,3,tide-siege,w0h0l+,legacy-cycle,300,0,0,11,,72.67,0,0,5,103.517,3,35.56,0,0,0,0,0.947,0.413,0.533,3.663,0.607,0,0,0,0,1,2,5,0,0,0,0,0,,,,,,,,,,,,,2,ledger-prep,1,1,demand-pulse,1,4,peak-settlement,1,7,300,300,300,2205,0,0,300,2302,0,0,300,2302,600,182,1500,0,0,0,0,0,0,0,0,1,7.35,,7.6733,,7.6733,0.3033,0,,,
meter-feast,3,tide-siege,w0h0l+,greedy,300,244,0.8133,9.257,0.8051,18.196,0,0,2.42,45.08,2.98,4.443,0.867,0.097,0.853,0.013,1.367,1.057,0.363,1.727,0.453,0,0,0,0,0.063,1.993,4.017,0,0,0,0,0,,,,,,,,,,,,,1.997,ledger-prep,1,1,demand-pulse,1,4,peak-settlement,0.9967,7,300,19,19,178,19,178,300,397,244,324,56,73,598,136,1205,256,0,0,0,0,0,0,0,0.0633,9.3684,9.3684,1.3233,1.3279,1.3036,0.2274,0.2124,,,
meter-feast,3,tide-siege,w0h0l+,planner,300,257,0.8567,8.83,0.7697,34.698,0,0,2.233,40.533,2.943,4.727,0.663,0.12,0.607,0.057,1.177,0.897,0.32,2.48,0.86,0,0,0,0,0.067,2,3.677,0,0,0,0,0,,,,,,,,,,,,,2,ledger-prep,1,1,demand-pulse,1,4,peak-settlement,1,7,300,20,20,181,16,142,300,702,257,390,43,312,600,258,1103,182,0,0,0,0,0,0,0,0.0667,9.05,8.875,2.34,1.5175,7.2558,0.43,0.165,,,
meter-feast,3,tide-siege,w0h0l+,forecast-aware,300,211,0.7033,9.81,0.8462,14.865,0,0,2.593,50.5,2.443,4.923,1.78,0,1.223,0.557,1.373,0.92,0.427,2.71,0.663,0,0,0,0,0.14,2,4.387,0,0,0,0,0,,,,,,,,,,,,,2,ledger-prep,1,1,demand-pulse,1,4,peak-settlement,1,7,300,42,42,424,39,391,300,457,211,300,89,157,600,199,1316,367,0,0,0,0,0,0,0,0.14,10.0952,10.0256,1.5233,1.4218,1.764,0.3317,0.2789,,,
meter-feast,3,tide-siege,w0h0l+,planner-one-mistake,300,113,0.3767,10.48,0.8745,40.332,0,0,3.443,69.2,2.953,15.087,1.087,0.25,1.04,0.047,1.547,1.297,0.29,1.953,0.457,0,0,0,0,0.063,2,4.773,0,0,0,0,0,257,300,257,109,0,21,279,0.4241,1,16.65,3,0,2,ledger-prep,1,1,demand-pulse,1,4,peak-settlement,1,7,300,19,19,192,16,165,300,1425,113,76,187,1349,600,137,1432,312,0,0,0,0,0,0,0,0.0633,10.1053,10.3125,4.75,0.6726,7.2139,0.2283,0.2179,,,
meter-feast,3,tide-siege,w0h+l-,random,300,2,0.0067,10.987,0.8182,77.319,0,0,4.73,82.897,2.897,18.963,0.36,1.387,0.257,0.103,0.85,0.6,0.333,1.287,0.3,0,0,0,0,0.08,2,4.993,0,0,0,0,0,,,,,,,,,,,,,2,ledger-prep,1,1,demand-pulse,1,4,peak-settlement,1,7,300,24,24,240,1,10,300,1931,2,1,298,1930,600,90,1498,77,0,0,0,0,0,0,0,0.08,10,10,6.4367,0.5,6.4765,0.15,0.0514,,,
meter-feast,3,tide-siege,w0h+l-,single-water,300,0,0,11,,85.533,0,0,5,98.04,3,11.95,0,0,0,0,1,1,0,0,0,0,0,0,0,0,2,5,0,0,0,0,0,,,,,,,,,,,,,2,ledger-prep,1,1,demand-pulse,1,4,peak-settlement,1,7,300,0,0,0,0,0,300,2207,0,0,300,2207,600,0,1500,0,0,0,0,0,0,0,0,0,,,7.3567,,7.3567,0,0,,,
meter-feast,3,tide-siege,w0h+l-,legacy-cycle,300,0,0,11,,69.903,0,0,5,103.707,3,36.123,0,0,0,0,0.947,0.413,0.533,3.663,0.607,0,0,0,0,1,2,5,0,0,0,0,0,,,,,,,,,,,,,2,ledger-prep,1,1,demand-pulse,1,4,peak-settlement,1,7,300,300,300,2205,0,0,300,2302,0,0,300,2302,600,182,1500,0,0,0,0,0,0,0,0,1,7.35,,7.6733,,7.6733,0.3033,0,,,
meter-feast,3,tide-siege,w0h+l-,greedy,300,262,0.8733,8.787,0.7696,17,0,0,2.153,38.713,2.957,3.997,0.727,0.093,0.703,0.023,1.25,1.007,0.303,1.543,0.473,0,0,0,0,0.04,1.98,3.66,0,0,0,0,0,,,,,,,,,,,,,1.983,ledger-prep,1,1,demand-pulse,1,4,peak-settlement,0.9833,7,300,12,12,116,11,107,300,465,262,412,38,53,594,142,1098,211,0,0,0,0,0,0,0,0.04,9.6667,9.7273,1.55,1.5725,1.3947,0.2391,0.1922,,,
meter-feast,3,tide-siege,w0h+l-,planner,300,273,0.91,8.483,0.7486,35.667,0,0,2.013,35.32,2.917,4.627,0.573,0.117,0.517,0.057,1.103,0.877,0.26,2.25,0.807,0,0,0,0,0.067,1.973,3.397,0,0,0,0,0,,,,,,,,,,,,,1.98,ledger-prep,1,1,demand-pulse,1,4,peak-settlement,0.98,7,300,20,20,177,20,177,300,662,273,475,27,187,592,242,1019,155,0,0,0,0,0,0,0,0.0667,8.85,8.85,2.2067,1.7399,6.9259,0.4088,0.1521,,,
meter-feast,3,tide-siege,w0h+l-,forecast-aware,300,231,0.77,9.483,0.8209,14.565,0,0,2.367,45.167,2.443,4.923,1.703,0,1.147,0.557,1.257,0.85,0.393,2.577,0.663,0,0,0,0,0.107,2,4.14,0,0,0,0,0,,,,,,,,,,,,,2,ledger-prep,1,1,demand-pulse,1,4,peak-settlement,1,7,300,32,32,324,32,324,300,503,231,364,69,139,600,199,1242,344,0,0,0,0,0,0,0,0.1067,10.125,10.125,1.6767,1.5758,2.0145,0.3317,0.277,,,
meter-feast,3,tide-siege,w0h+l-,planner-one-mistake,300,155,0.5167,10.1,0.8416,39.731,0,0,3.187,62.76,2.947,15.417,0.97,0.203,0.917,0.053,1.523,1.28,0.293,1.873,0.503,0,0,0,0,0.063,2,4.55,0,0,0,0,0,273,300,273,148,0,19,281,0.5421,1,16.2258,2,0,2,ledger-prep,1,1,demand-pulse,1,4,peak-settlement,1,7,300,19,19,190,15,153,300,1207,155,137,145,1070,600,151,1365,275,0,0,0,0,0,0,0,0.0633,10,10.2,4.0233,0.8839,7.3793,0.2517,0.2015,,,
meter-feast,3,tide-siege,w0h+l0,random,300,2,0.0067,10.987,0.8182,77.319,0,0,4.73,82.897,2.897,18.963,0.36,1.387,0.257,0.103,0.85,0.6,0.333,1.287,0.3,0,0,0,0,0.08,2,4.993,0,0,0,0,0,,,,,,,,,,,,,2,ledger-prep,1,1,demand-pulse,1,4,peak-settlement,1,7,300,24,24,240,1,10,300,1931,2,1,298,1930,600,90,1498,77,0,0,0,0,0,0,0,0.08,10,10,6.4367,0.5,6.4765,0.15,0.0514,,,
meter-feast,3,tide-siege,w0h+l0,single-water,300,0,0,11,,85.533,0,0,5,98.04,3,11.95,0,0,0,0,1,1,0,0,0,0,0,0,0,0,2,5,0,0,0,0,0,,,,,,,,,,,,,2,ledger-prep,1,1,demand-pulse,1,4,peak-settlement,1,7,300,0,0,0,0,0,300,2207,0,0,300,2207,600,0,1500,0,0,0,0,0,0,0,0,0,,,7.3567,,7.3567,0,0,,,
meter-feast,3,tide-siege,w0h+l0,legacy-cycle,300,0,0,11,,69.903,0,0,5,103.707,3,36.123,0,0,0,0,0.947,0.413,0.533,3.663,0.607,0,0,0,0,1,2,5,0,0,0,0,0,,,,,,,,,,,,,2,ledger-prep,1,1,demand-pulse,1,4,peak-settlement,1,7,300,300,300,2205,0,0,300,2302,0,0,300,2302,600,182,1500,0,0,0,0,0,0,0,0,1,7.35,,7.6733,,7.6733,0.3033,0,,,
meter-feast,3,tide-siege,w0h+l0,greedy,300,262,0.8733,8.787,0.7696,17,0,0,2.153,38.713,2.957,3.997,0.727,0.093,0.703,0.023,1.25,1.007,0.303,1.543,0.473,0,0,0,0,0.04,1.98,3.66,0,0,0,0,0,,,,,,,,,,,,,1.983,ledger-prep,1,1,demand-pulse,1,4,peak-settlement,0.9833,7,300,12,12,116,11,107,300,465,262,412,38,53,594,142,1098,211,0,0,0,0,0,0,0,0.04,9.6667,9.7273,1.55,1.5725,1.3947,0.2391,0.1922,,,
meter-feast,3,tide-siege,w0h+l0,planner,300,273,0.91,8.483,0.7486,35.667,0,0,2.013,35.32,2.917,4.627,0.573,0.117,0.517,0.057,1.103,0.877,0.26,2.25,0.807,0,0,0,0,0.067,1.973,3.397,0,0,0,0,0,,,,,,,,,,,,,1.98,ledger-prep,1,1,demand-pulse,1,4,peak-settlement,0.98,7,300,20,20,177,20,177,300,662,273,475,27,187,592,242,1019,155,0,0,0,0,0,0,0,0.0667,8.85,8.85,2.2067,1.7399,6.9259,0.4088,0.1521,,,
meter-feast,3,tide-siege,w0h+l0,forecast-aware,300,231,0.77,9.483,0.8209,14.565,0,0,2.367,45.167,2.443,4.923,1.703,0,1.147,0.557,1.257,0.85,0.393,2.577,0.663,0,0,0,0,0.107,2,4.14,0,0,0,0,0,,,,,,,,,,,,,2,ledger-prep,1,1,demand-pulse,1,4,peak-settlement,1,7,300,32,32,324,32,324,300,503,231,364,69,139,600,199,1242,344,0,0,0,0,0,0,0,0.1067,10.125,10.125,1.6767,1.5758,2.0145,0.3317,0.277,,,
meter-feast,3,tide-siege,w0h+l0,planner-one-mistake,300,155,0.5167,10.1,0.8416,39.731,0,0,3.187,62.76,2.947,15.417,0.97,0.203,0.917,0.053,1.523,1.28,0.293,1.873,0.503,0,0,0,0,0.063,2,4.55,0,0,0,0,0,273,300,273,148,0,19,281,0.5421,1,16.2258,2,0,2,ledger-prep,1,1,demand-pulse,1,4,peak-settlement,1,7,300,19,19,190,15,153,300,1207,155,137,145,1070,600,151,1365,275,0,0,0,0,0,0,0,0.0633,10,10.2,4.0233,0.8839,7.3793,0.2517,0.2015,,,
meter-feast,3,tide-siege,w0h+l+,random,300,2,0.0067,10.987,0.8182,77.319,0,0,4.73,82.897,2.897,18.963,0.36,1.387,0.257,0.103,0.85,0.6,0.333,1.287,0.3,0,0,0,0,0.08,2,4.993,0,0,0,0,0,,,,,,,,,,,,,2,ledger-prep,1,1,demand-pulse,1,4,peak-settlement,1,7,300,24,24,240,1,10,300,1931,2,1,298,1930,600,90,1498,77,0,0,0,0,0,0,0,0.08,10,10,6.4367,0.5,6.4765,0.15,0.0514,,,
meter-feast,3,tide-siege,w0h+l+,single-water,300,0,0,11,,85.533,0,0,5,98.04,3,11.95,0,0,0,0,1,1,0,0,0,0,0,0,0,0,2,5,0,0,0,0,0,,,,,,,,,,,,,2,ledger-prep,1,1,demand-pulse,1,4,peak-settlement,1,7,300,0,0,0,0,0,300,2207,0,0,300,2207,600,0,1500,0,0,0,0,0,0,0,0,0,,,7.3567,,7.3567,0,0,,,
meter-feast,3,tide-siege,w0h+l+,legacy-cycle,300,0,0,11,,69.903,0,0,5,103.707,3,36.123,0,0,0,0,0.947,0.413,0.533,3.663,0.607,0,0,0,0,1,2,5,0,0,0,0,0,,,,,,,,,,,,,2,ledger-prep,1,1,demand-pulse,1,4,peak-settlement,1,7,300,300,300,2205,0,0,300,2302,0,0,300,2302,600,182,1500,0,0,0,0,0,0,0,0,1,7.35,,7.6733,,7.6733,0.3033,0,,,
meter-feast,3,tide-siege,w0h+l+,greedy,300,262,0.8733,8.787,0.7696,17,0,0,2.153,38.713,2.957,3.997,0.727,0.093,0.703,0.023,1.25,1.007,0.303,1.543,0.473,0,0,0,0,0.04,1.98,3.66,0,0,0,0,0,,,,,,,,,,,,,1.983,ledger-prep,1,1,demand-pulse,1,4,peak-settlement,0.9833,7,300,12,12,116,11,107,300,465,262,412,38,53,594,142,1098,211,0,0,0,0,0,0,0,0.04,9.6667,9.7273,1.55,1.5725,1.3947,0.2391,0.1922,,,
meter-feast,3,tide-siege,w0h+l+,planner,300,273,0.91,8.483,0.7486,35.667,0,0,2.013,35.32,2.917,4.627,0.573,0.117,0.517,0.057,1.103,0.877,0.26,2.25,0.807,0,0,0,0,0.067,1.973,3.397,0,0,0,0,0,,,,,,,,,,,,,1.98,ledger-prep,1,1,demand-pulse,1,4,peak-settlement,0.98,7,300,20,20,177,20,177,300,662,273,475,27,187,592,242,1019,155,0,0,0,0,0,0,0,0.0667,8.85,8.85,2.2067,1.7399,6.9259,0.4088,0.1521,,,
meter-feast,3,tide-siege,w0h+l+,forecast-aware,300,231,0.77,9.483,0.8209,14.565,0,0,2.367,45.167,2.443,4.923,1.703,0,1.147,0.557,1.257,0.85,0.393,2.577,0.663,0,0,0,0,0.107,2,4.14,0,0,0,0,0,,,,,,,,,,,,,2,ledger-prep,1,1,demand-pulse,1,4,peak-settlement,1,7,300,32,32,324,32,324,300,503,231,364,69,139,600,199,1242,344,0,0,0,0,0,0,0,0.1067,10.125,10.125,1.6767,1.5758,2.0145,0.3317,0.277,,,
meter-feast,3,tide-siege,w0h+l+,planner-one-mistake,300,155,0.5167,10.1,0.8416,39.731,0,0,3.187,62.76,2.947,15.417,0.97,0.203,0.917,0.053,1.523,1.28,0.293,1.873,0.503,0,0,0,0,0.063,2,4.55,0,0,0,0,0,273,300,273,148,0,19,281,0.5421,1,16.2258,2,0,2,ledger-prep,1,1,demand-pulse,1,4,peak-settlement,1,7,300,19,19,190,15,153,300,1207,155,137,145,1070,600,151,1365,275,0,0,0,0,0,0,0,0.0633,10,10.2,4.0233,0.8839,7.3793,0.2517,0.2015,,,
meter-feast,3,tide-siege,w+h-l-,random,300,1,0.0033,10.99,0.7273,78.08,0,0,4.733,82.127,2.897,18.477,0.36,1.387,0.257,0.103,0.85,0.603,0.33,1.287,0.3,0,0,0,0,0.08,2,4.993,0,0,0,0,0,,,,,,,,,,,,,2,ledger-prep,1,1,demand-pulse,1,4,peak-settlement,1,7,300,24,24,240,0,0,300,1932,1,1,299,1931,600,90,1498,77,0,0,0,0,0,0,0,0.08,10,,6.44,1,6.4582,0.15,0.0514,,,
meter-feast,3,tide-siege,w+h-l-,single-water,300,0,0,11,,82.163,0,0,5,100.667,3,12.43,0,0,0,0,1,1,0,0,0,0,0,0,0,0,2,5,0,0,0,0,0,,,,,,,,,,,,,2,ledger-prep,1,1,demand-pulse,1,4,peak-settlement,1,7,300,0,0,0,0,0,300,2207,0,0,300,2207,600,0,1500,0,0,0,0,0,0,0,0,0,,,7.3567,,7.3567,0,0,,,
meter-feast,3,tide-siege,w+h-l-,legacy-cycle,300,0,0,11,,73.243,0,0,5,103.337,3,35.57,0,0,0,0,0.947,0.413,0.533,3.663,0.607,0,0,0,0,1,2,5,0,0,0,0,0,,,,,,,,,,,,,2,ledger-prep,1,1,demand-pulse,1,4,peak-settlement,1,7,300,300,300,2205,0,0,300,2302,0,0,300,2302,600,182,1500,0,0,0,0,0,0,0,0,1,7.35,,7.6733,,7.6733,0.3033,0,,,
meter-feast,3,tide-siege,w+h-l-,greedy,300,247,0.8233,9.1,0.7902,18.925,0,0,2.32,42.667,2.983,4.603,0.837,0.133,0.823,0.013,1.34,1.05,0.34,1.433,0.377,0,0,0,0,0.063,1.997,3.893,0,0,0,0,0,,,,,,,,,,,,,1.997,ledger-prep,1,1,demand-pulse,1,4,peak-settlement,0.9967,7,300,19,19,181,16,152,300,415,247,348,53,67,599,113,1168,247,0,0,0,0,0,0,0,0.0633,9.5263,9.5,1.3833,1.4089,1.2642,0.1886,0.2115,,,
meter-feast,3,tide-siege,w+h-l-,planner,300,275,0.9167,8.637,0.7656,33.44,0,0,2.033,36.013,2.963,5.227,0.657,0.143,0.62,0.037,1.08,0.817,0.3,2.433,0.867,0,0,0,0,0.063,2,3.527,0,0,0,0,0,,,,,,,,,,,,,2,ledger-prep,1,1,demand-pulse,1,4,peak-settlement,1,7,300,19,19,177,16,148,300,578,275,398,25,180,600,260,1058,186,0,0,0,0,0,0,0,0.0633,9.3158,9.25,1.9267,1.4473,7.2,0.4333,0.1758,,,
meter-feast,3,tide-siege,w+h-l-,forecast-aware,300,205,0.6833,9.843,0.8461,15.189,0,0,2.643,51.72,2.443,5.043,1.773,0,1.217,0.557,1.383,0.913,0.443,2.747,0.663,0,0,0,0,0.137,2,4.407,0,0,0,0,0,,,,,,,,,,,,,2,ledger-prep,1,1,demand-pulse,1,4,peak-settlement,1,7,300,41,41,415,37,371,300,449,205,294,95,155,600,199,1322,365,0,0,0,0,0,0,0,0.1367,10.122,10.027,1.4967,1.4341,1.6316,0.3317,0.2761,,,
meter-feast,3,tide-siege,w+h-l-,planner-one-mistake,300,126,0.42,10.337,0.8564,40.23,0,0,3.39,67.647,2.977,14.637,0.977,0.273,0.953,0.023,1.45,1.24,0.263,1.697,0.447,0,0,0,0,0.043,2,4.683,0,0,0,0,0,275,300,275,120,0,25,275,0.4364,1,16.04,2.75,0,2,ledger-prep,1,1,demand-pulse,1,4,peak-settlement,1,7,300,13,13,133,11,114,300,1376,126,112,174,1264,600,134,1405,286,0,0,0,0,0,0,0,0.0433,10.2308,10.3636,4.5867,0.8889,7.2644,0.2233,0.2036,,,
meter-feast,3,tide-siege,w+h-l0,random,300,1,0.0033,10.99,0.7273,78.08,0,0,4.733,82.127,2.897,18.477,0.36,1.387,0.257,0.103,0.85,0.603,0.33,1.287,0.3,0,0,0,0,0.08,2,4.993,0,0,0,0,0,,,,,,,,,,,,,2,ledger-prep,1,1,demand-pulse,1,4,peak-settlement,1,7,300,24,24,240,0,0,300,1932,1,1,299,1931,600,90,1498,77,0,0,0,0,0,0,0,0.08,10,,6.44,1,6.4582,0.15,0.0514,,,
meter-feast,3,tide-siege,w+h-l0,single-water,300,0,0,11,,82.163,0,0,5,100.667,3,12.43,0,0,0,0,1,1,0,0,0,0,0,0,0,0,2,5,0,0,0,0,0,,,,,,,,,,,,,2,ledger-prep,1,1,demand-pulse,1,4,peak-settlement,1,7,300,0,0,0,0,0,300,2207,0,0,300,2207,600,0,1500,0,0,0,0,0,0,0,0,0,,,7.3567,,7.3567,0,0,,,
meter-feast,3,tide-siege,w+h-l0,legacy-cycle,300,0,0,11,,73.243,0,0,5,103.337,3,35.57,0,0,0,0,0.947,0.413,0.533,3.663,0.607,0,0,0,0,1,2,5,0,0,0,0,0,,,,,,,,,,,,,2,ledger-prep,1,1,demand-pulse,1,4,peak-settlement,1,7,300,300,300,2205,0,0,300,2302,0,0,300,2302,600,182,1500,0,0,0,0,0,0,0,0,1,7.35,,7.6733,,7.6733,0.3033,0,,,
meter-feast,3,tide-siege,w+h-l0,greedy,300,247,0.8233,9.1,0.7902,18.925,0,0,2.32,42.667,2.983,4.603,0.837,0.133,0.823,0.013,1.34,1.05,0.34,1.433,0.377,0,0,0,0,0.063,1.997,3.893,0,0,0,0,0,,,,,,,,,,,,,1.997,ledger-prep,1,1,demand-pulse,1,4,peak-settlement,0.9967,7,300,19,19,181,16,152,300,415,247,348,53,67,599,113,1168,247,0,0,0,0,0,0,0,0.0633,9.5263,9.5,1.3833,1.4089,1.2642,0.1886,0.2115,,,
meter-feast,3,tide-siege,w+h-l0,planner,300,275,0.9167,8.637,0.7656,33.44,0,0,2.033,36.013,2.963,5.227,0.657,0.143,0.62,0.037,1.08,0.817,0.3,2.433,0.867,0,0,0,0,0.063,2,3.527,0,0,0,0,0,,,,,,,,,,,,,2,ledger-prep,1,1,demand-pulse,1,4,peak-settlement,1,7,300,19,19,177,16,148,300,578,275,398,25,180,600,260,1058,186,0,0,0,0,0,0,0,0.0633,9.3158,9.25,1.9267,1.4473,7.2,0.4333,0.1758,,,
meter-feast,3,tide-siege,w+h-l0,forecast-aware,300,205,0.6833,9.843,0.8461,15.189,0,0,2.643,51.72,2.443,5.043,1.773,0,1.217,0.557,1.383,0.913,0.443,2.747,0.663,0,0,0,0,0.137,2,4.407,0,0,0,0,0,,,,,,,,,,,,,2,ledger-prep,1,1,demand-pulse,1,4,peak-settlement,1,7,300,41,41,415,37,371,300,449,205,294,95,155,600,199,1322,365,0,0,0,0,0,0,0,0.1367,10.122,10.027,1.4967,1.4341,1.6316,0.3317,0.2761,,,
meter-feast,3,tide-siege,w+h-l0,planner-one-mistake,300,126,0.42,10.337,0.8564,40.23,0,0,3.39,67.647,2.977,14.637,0.977,0.273,0.953,0.023,1.45,1.24,0.263,1.697,0.447,0,0,0,0,0.043,2,4.683,0,0,0,0,0,275,300,275,120,0,25,275,0.4364,1,16.04,2.75,0,2,ledger-prep,1,1,demand-pulse,1,4,peak-settlement,1,7,300,13,13,133,11,114,300,1376,126,112,174,1264,600,134,1405,286,0,0,0,0,0,0,0,0.0433,10.2308,10.3636,4.5867,0.8889,7.2644,0.2233,0.2036,,,
meter-feast,3,tide-siege,w+h-l+,random,300,1,0.0033,10.99,0.7273,78.08,0,0,4.733,82.127,2.897,18.477,0.36,1.387,0.257,0.103,0.85,0.603,0.33,1.287,0.3,0,0,0,0,0.08,2,4.993,0,0,0,0,0,,,,,,,,,,,,,2,ledger-prep,1,1,demand-pulse,1,4,peak-settlement,1,7,300,24,24,240,0,0,300,1932,1,1,299,1931,600,90,1498,77,0,0,0,0,0,0,0,0.08,10,,6.44,1,6.4582,0.15,0.0514,,,
meter-feast,3,tide-siege,w+h-l+,single-water,300,0,0,11,,82.163,0,0,5,100.667,3,12.43,0,0,0,0,1,1,0,0,0,0,0,0,0,0,2,5,0,0,0,0,0,,,,,,,,,,,,,2,ledger-prep,1,1,demand-pulse,1,4,peak-settlement,1,7,300,0,0,0,0,0,300,2207,0,0,300,2207,600,0,1500,0,0,0,0,0,0,0,0,0,,,7.3567,,7.3567,0,0,,,
meter-feast,3,tide-siege,w+h-l+,legacy-cycle,300,0,0,11,,73.243,0,0,5,103.337,3,35.57,0,0,0,0,0.947,0.413,0.533,3.663,0.607,0,0,0,0,1,2,5,0,0,0,0,0,,,,,,,,,,,,,2,ledger-prep,1,1,demand-pulse,1,4,peak-settlement,1,7,300,300,300,2205,0,0,300,2302,0,0,300,2302,600,182,1500,0,0,0,0,0,0,0,0,1,7.35,,7.6733,,7.6733,0.3033,0,,,
meter-feast,3,tide-siege,w+h-l+,greedy,300,247,0.8233,9.1,0.7902,18.925,0,0,2.32,42.667,2.983,4.603,0.837,0.133,0.823,0.013,1.34,1.05,0.34,1.433,0.377,0,0,0,0,0.063,1.997,3.893,0,0,0,0,0,,,,,,,,,,,,,1.997,ledger-prep,1,1,demand-pulse,1,4,peak-settlement,0.9967,7,300,19,19,181,16,152,300,415,247,348,53,67,599,113,1168,247,0,0,0,0,0,0,0,0.0633,9.5263,9.5,1.3833,1.4089,1.2642,0.1886,0.2115,,,
meter-feast,3,tide-siege,w+h-l+,planner,300,275,0.9167,8.637,0.7656,33.44,0,0,2.033,36.013,2.963,5.227,0.657,0.143,0.62,0.037,1.08,0.817,0.3,2.433,0.867,0,0,0,0,0.063,2,3.527,0,0,0,0,0,,,,,,,,,,,,,2,ledger-prep,1,1,demand-pulse,1,4,peak-settlement,1,7,300,19,19,177,16,148,300,578,275,398,25,180,600,260,1058,186,0,0,0,0,0,0,0,0.0633,9.3158,9.25,1.9267,1.4473,7.2,0.4333,0.1758,,,
meter-feast,3,tide-siege,w+h-l+,forecast-aware,300,205,0.6833,9.843,0.8461,15.189,0,0,2.643,51.72,2.443,5.043,1.773,0,1.217,0.557,1.383,0.913,0.443,2.747,0.663,0,0,0,0,0.137,2,4.407,0,0,0,0,0,,,,,,,,,,,,,2,ledger-prep,1,1,demand-pulse,1,4,peak-settlement,1,7,300,41,41,415,37,371,300,449,205,294,95,155,600,199,1322,365,0,0,0,0,0,0,0,0.1367,10.122,10.027,1.4967,1.4341,1.6316,0.3317,0.2761,,,
meter-feast,3,tide-siege,w+h-l+,planner-one-mistake,300,126,0.42,10.337,0.8564,40.23,0,0,3.39,67.647,2.977,14.637,0.977,0.273,0.953,0.023,1.45,1.24,0.263,1.697,0.447,0,0,0,0,0.043,2,4.683,0,0,0,0,0,275,300,275,120,0,25,275,0.4364,1,16.04,2.75,0,2,ledger-prep,1,1,demand-pulse,1,4,peak-settlement,1,7,300,13,13,133,11,114,300,1376,126,112,174,1264,600,134,1405,286,0,0,0,0,0,0,0,0.0433,10.2308,10.3636,4.5867,0.8889,7.2644,0.2233,0.2036,,,
meter-feast,3,tide-siege,w+h0l-,random,300,2,0.0067,10.987,0.8182,77.171,0,0,4.73,83.107,2.897,18.813,0.36,1.387,0.257,0.103,0.85,0.6,0.333,1.287,0.3,0,0,0,0,0.08,2,4.993,0,0,0,0,0,,,,,,,,,,,,,2,ledger-prep,1,1,demand-pulse,1,4,peak-settlement,1,7,300,24,24,240,1,10,300,1931,2,1,298,1930,600,90,1498,77,0,0,0,0,0,0,0,0.08,10,10,6.4367,0.5,6.4765,0.15,0.0514,,,
meter-feast,3,tide-siege,w+h0l-,single-water,300,0,0,11,,82.163,0,0,5,100.667,3,12.43,0,0,0,0,1,1,0,0,0,0,0,0,0,0,2,5,0,0,0,0,0,,,,,,,,,,,,,2,ledger-prep,1,1,demand-pulse,1,4,peak-settlement,1,7,300,0,0,0,0,0,300,2207,0,0,300,2207,600,0,1500,0,0,0,0,0,0,0,0,0,,,7.3567,,7.3567,0,0,,,
meter-feast,3,tide-siege,w+h0l-,legacy-cycle,300,0,0,11,,69.817,0,0,5,103.66,3,36.133,0,0,0,0,0.947,0.413,0.533,3.663,0.607,0,0,0,0,1,2,5,0,0,0,0,0,,,,,,,,,,,,,2,ledger-prep,1,1,demand-pulse,1,4,peak-settlement,1,7,300,300,300,2205,0,0,300,2302,0,0,300,2302,600,182,1500,0,0,0,0,0,0,0,0,1,7.35,,7.6733,,7.6733,0.3033,0,,,
meter-feast,3,tide-siege,w+h0l-,greedy,300,263,0.8767,8.793,0.7712,17.973,0,0,2.173,39.233,2.967,4.24,0.71,0.113,0.7,0.01,1.3,1.003,0.337,1.543,0.443,0,0,0,0,0.06,1.977,3.66,0,0,0,0,0,,,,,,,,,,,,,1.98,ledger-prep,1,1,demand-pulse,1,4,peak-settlement,0.98,7,300,18,18,173,18,173,300,436,263,389,37,47,593,133,1098,210,0,0,0,0,0,0,0,0.06,9.6111,9.6111,1.4533,1.4791,1.2703,0.2243,0.1913,,,
meter-feast,3,tide-siege,w+h0l-,planner,300,284,0.9467,8.34,0.7446,33.938,0,0,1.873,32.46,2.883,4.74,0.607,0.133,0.563,0.043,1.047,0.823,0.257,2.343,0.823,0,0,0,0,0.05,1.927,3.337,0,0,0,0,0,,,,,,,,,,,,,1.927,ledger-prep,1,1,demand-pulse,1,4,peak-settlement,0.9267,7,300,15,15,132,15,132,300,524,284,416,16,108,578,247,1001,169,0,0,0,0,0,0,0,0.05,8.8,8.8,1.7467,1.4648,6.75,0.4273,0.1688,,,
meter-feast,3,tide-siege,w+h0l-,forecast-aware,300,229,0.7633,9.583,0.8313,14.38,0,0,2.447,47,2.443,5.043,1.737,0,1.18,0.557,1.297,0.86,0.417,2.633,0.663,0,0,0,0,0.12,2,4.22,0,0,0,0,0,,,,,,,,,,,,,2,ledger-prep,1,1,demand-pulse,1,4,peak-settlement,1,7,300,36,36,364,36,364,300,468,229,330,71,138,600,199,1266,354,0,0,0,0,0,0,0,0.12,10.1111,10.1111,1.56,1.441,1.9437,0.3317,0.2796,,,
meter-feast,3,tide-siege,w+h0l-,planner-one-mistake,300,152,0.5067,10.07,0.8331,39.223,0,0,3.18,62.76,2.947,14.583,0.95,0.27,0.92,0.03,1.433,1.223,0.27,1.813,0.453,0,0,0,0,0.047,1.977,4.523,0,0,0,0,0,284,297,281,145,3,25,272,0.516,0.9894,16.5475,2.75,2,1.977,ledger-prep,1,1,demand-pulse,1,4,peak-settlement,0.9767,7,300,14,14,142,13,133,300,1228,152,138,148,1090,593,136,1357,276,0,0,0,0,0,0,0,0.0467,10.1429,10.2308,4.0933,0.9079,7.3649,0.2293,0.2034,,,
meter-feast,3,tide-siege,w+h0l0,random,300,2,0.0067,10.987,0.8182,77.171,0,0,4.73,83.107,2.897,18.813,0.36,1.387,0.257,0.103,0.85,0.6,0.333,1.287,0.3,0,0,0,0,0.08,2,4.993,0,0,0,0,0,,,,,,,,,,,,,2,ledger-prep,1,1,demand-pulse,1,4,peak-settlement,1,7,300,24,24,240,1,10,300,1931,2,1,298,1930,600,90,1498,77,0,0,0,0,0,0,0,0.08,10,10,6.4367,0.5,6.4765,0.15,0.0514,,,
meter-feast,3,tide-siege,w+h0l0,single-water,300,0,0,11,,82.163,0,0,5,100.667,3,12.43,0,0,0,0,1,1,0,0,0,0,0,0,0,0,2,5,0,0,0,0,0,,,,,,,,,,,,,2,ledger-prep,1,1,demand-pulse,1,4,peak-settlement,1,7,300,0,0,0,0,0,300,2207,0,0,300,2207,600,0,1500,0,0,0,0,0,0,0,0,0,,,7.3567,,7.3567,0,0,,,
meter-feast,3,tide-siege,w+h0l0,legacy-cycle,300,0,0,11,,69.817,0,0,5,103.66,3,36.133,0,0,0,0,0.947,0.413,0.533,3.663,0.607,0,0,0,0,1,2,5,0,0,0,0,0,,,,,,,,,,,,,2,ledger-prep,1,1,demand-pulse,1,4,peak-settlement,1,7,300,300,300,2205,0,0,300,2302,0,0,300,2302,600,182,1500,0,0,0,0,0,0,0,0,1,7.35,,7.6733,,7.6733,0.3033,0,,,
meter-feast,3,tide-siege,w+h0l0,greedy,300,263,0.8767,8.793,0.7712,17.973,0,0,2.173,39.233,2.967,4.24,0.71,0.113,0.7,0.01,1.3,1.003,0.337,1.543,0.443,0,0,0,0,0.06,1.977,3.66,0,0,0,0,0,,,,,,,,,,,,,1.98,ledger-prep,1,1,demand-pulse,1,4,peak-settlement,0.98,7,300,18,18,173,18,173,300,436,263,389,37,47,593,133,1098,210,0,0,0,0,0,0,0,0.06,9.6111,9.6111,1.4533,1.4791,1.2703,0.2243,0.1913,,,
meter-feast,3,tide-siege,w+h0l0,planner,300,284,0.9467,8.34,0.7446,33.938,0,0,1.873,32.46,2.883,4.74,0.607,0.133,0.563,0.043,1.047,0.823,0.257,2.343,0.823,0,0,0,0,0.05,1.927,3.337,0,0,0,0,0,,,,,,,,,,,,,1.927,ledger-prep,1,1,demand-pulse,1,4,peak-settlement,0.9267,7,300,15,15,132,15,132,300,524,284,416,16,108,578,247,1001,169,0,0,0,0,0,0,0,0.05,8.8,8.8,1.7467,1.4648,6.75,0.4273,0.1688,,,
meter-feast,3,tide-siege,w+h0l0,forecast-aware,300,229,0.7633,9.583,0.8313,14.38,0,0,2.447,47,2.443,5.043,1.737,0,1.18,0.557,1.297,0.86,0.417,2.633,0.663,0,0,0,0,0.12,2,4.22,0,0,0,0,0,,,,,,,,,,,,,2,ledger-prep,1,1,demand-pulse,1,4,peak-settlement,1,7,300,36,36,364,36,364,300,468,229,330,71,138,600,199,1266,354,0,0,0,0,0,0,0,0.12,10.1111,10.1111,1.56,1.441,1.9437,0.3317,0.2796,,,
meter-feast,3,tide-siege,w+h0l0,planner-one-mistake,300,152,0.5067,10.07,0.8331,39.223,0,0,3.18,62.76,2.947,14.583,0.95,0.27,0.92,0.03,1.433,1.223,0.27,1.813,0.453,0,0,0,0,0.047,1.977,4.523,0,0,0,0,0,284,297,281,145,3,25,272,0.516,0.9894,16.5475,2.75,2,1.977,ledger-prep,1,1,demand-pulse,1,4,peak-settlement,0.9767,7,300,14,14,142,13,133,300,1228,152,138,148,1090,593,136,1357,276,0,0,0,0,0,0,0,0.0467,10.1429,10.2308,4.0933,0.9079,7.3649,0.2293,0.2034,,,
meter-feast,3,tide-siege,w+h0l+,random,300,2,0.0067,10.987,0.8182,77.171,0,0,4.73,83.107,2.897,18.813,0.36,1.387,0.257,0.103,0.85,0.6,0.333,1.287,0.3,0,0,0,0,0.08,2,4.993,0,0,0,0,0,,,,,,,,,,,,,2,ledger-prep,1,1,demand-pulse,1,4,peak-settlement,1,7,300,24,24,240,1,10,300,1931,2,1,298,1930,600,90,1498,77,0,0,0,0,0,0,0,0.08,10,10,6.4367,0.5,6.4765,0.15,0.0514,,,
meter-feast,3,tide-siege,w+h0l+,single-water,300,0,0,11,,82.163,0,0,5,100.667,3,12.43,0,0,0,0,1,1,0,0,0,0,0,0,0,0,2,5,0,0,0,0,0,,,,,,,,,,,,,2,ledger-prep,1,1,demand-pulse,1,4,peak-settlement,1,7,300,0,0,0,0,0,300,2207,0,0,300,2207,600,0,1500,0,0,0,0,0,0,0,0,0,,,7.3567,,7.3567,0,0,,,
meter-feast,3,tide-siege,w+h0l+,legacy-cycle,300,0,0,11,,69.817,0,0,5,103.66,3,36.133,0,0,0,0,0.947,0.413,0.533,3.663,0.607,0,0,0,0,1,2,5,0,0,0,0,0,,,,,,,,,,,,,2,ledger-prep,1,1,demand-pulse,1,4,peak-settlement,1,7,300,300,300,2205,0,0,300,2302,0,0,300,2302,600,182,1500,0,0,0,0,0,0,0,0,1,7.35,,7.6733,,7.6733,0.3033,0,,,
meter-feast,3,tide-siege,w+h0l+,greedy,300,263,0.8767,8.793,0.7712,17.973,0,0,2.173,39.233,2.967,4.24,0.71,0.113,0.7,0.01,1.3,1.003,0.337,1.543,0.443,0,0,0,0,0.06,1.977,3.66,0,0,0,0,0,,,,,,,,,,,,,1.98,ledger-prep,1,1,demand-pulse,1,4,peak-settlement,0.98,7,300,18,18,173,18,173,300,436,263,389,37,47,593,133,1098,210,0,0,0,0,0,0,0,0.06,9.6111,9.6111,1.4533,1.4791,1.2703,0.2243,0.1913,,,
meter-feast,3,tide-siege,w+h0l+,planner,300,284,0.9467,8.34,0.7446,33.938,0,0,1.873,32.46,2.883,4.74,0.607,0.133,0.563,0.043,1.047,0.823,0.257,2.343,0.823,0,0,0,0,0.05,1.927,3.337,0,0,0,0,0,,,,,,,,,,,,,1.927,ledger-prep,1,1,demand-pulse,1,4,peak-settlement,0.9267,7,300,15,15,132,15,132,300,524,284,416,16,108,578,247,1001,169,0,0,0,0,0,0,0,0.05,8.8,8.8,1.7467,1.4648,6.75,0.4273,0.1688,,,
meter-feast,3,tide-siege,w+h0l+,forecast-aware,300,229,0.7633,9.583,0.8313,14.38,0,0,2.447,47,2.443,5.043,1.737,0,1.18,0.557,1.297,0.86,0.417,2.633,0.663,0,0,0,0,0.12,2,4.22,0,0,0,0,0,,,,,,,,,,,,,2,ledger-prep,1,1,demand-pulse,1,4,peak-settlement,1,7,300,36,36,364,36,364,300,468,229,330,71,138,600,199,1266,354,0,0,0,0,0,0,0,0.12,10.1111,10.1111,1.56,1.441,1.9437,0.3317,0.2796,,,
meter-feast,3,tide-siege,w+h0l+,planner-one-mistake,300,152,0.5067,10.07,0.8331,39.223,0,0,3.18,62.76,2.947,14.583,0.95,0.27,0.92,0.03,1.433,1.223,0.27,1.813,0.453,0,0,0,0,0.047,1.977,4.523,0,0,0,0,0,284,297,281,145,3,25,272,0.516,0.9894,16.5475,2.75,2,1.977,ledger-prep,1,1,demand-pulse,1,4,peak-settlement,0.9767,7,300,14,14,142,13,133,300,1228,152,138,148,1090,593,136,1357,276,0,0,0,0,0,0,0,0.0467,10.1429,10.2308,4.0933,0.9079,7.3649,0.2293,0.2034,,,
meter-feast,3,tide-siege,w+h+l-,random,300,2,0.0067,10.987,0.8182,75.987,0,0,4.73,84.02,2.897,19.133,0.36,1.387,0.257,0.103,0.85,0.6,0.333,1.287,0.3,0,0,0,0,0.08,2,4.993,0,0,0,0,0,,,,,,,,,,,,,2,ledger-prep,1,1,demand-pulse,1,4,peak-settlement,1,7,300,24,24,240,1,10,300,1931,2,1,298,1930,600,90,1498,77,0,0,0,0,0,0,0,0.08,10,10,6.4367,0.5,6.4765,0.15,0.0514,,,
meter-feast,3,tide-siege,w+h+l-,single-water,300,0,0,11,,82.163,0,0,5,100.667,3,12.43,0,0,0,0,1,1,0,0,0,0,0,0,0,0,2,5,0,0,0,0,0,,,,,,,,,,,,,2,ledger-prep,1,1,demand-pulse,1,4,peak-settlement,1,7,300,0,0,0,0,0,300,2207,0,0,300,2207,600,0,1500,0,0,0,0,0,0,0,0,0,,,7.3567,,7.3567,0,0,,,
meter-feast,3,tide-siege,w+h+l-,legacy-cycle,300,0,0,11,,66.947,0,0,5,103.787,3,36.697,0,0,0,0,0.947,0.413,0.533,3.663,0.607,0,0,0,0,1,2,5,0,0,0,0,0,,,,,,,,,,,,,2,ledger-prep,1,1,demand-pulse,1,4,peak-settlement,1,7,300,300,300,2205,0,0,300,2302,0,0,300,2302,600,182,1500,0,0,0,0,0,0,0,0,1,7.35,,7.6733,,7.6733,0.3033,0,,,
meter-feast,3,tide-siege,w+h+l-,greedy,300,280,0.9333,8.453,0.7519,16.8,0,0,1.953,34.033,2.93,3.947,0.633,0.103,0.617,0.017,1.16,0.943,0.263,1.503,0.49,0,0,0,0,0.037,1.947,3.403,0,0,0,0,0,,,,,,,,,,,,,1.96,ledger-prep,1,1,demand-pulse,1,4,peak-settlement,0.96,7,300,11,11,102,10,93,300,477,280,451,20,26,584,147,1021,185,0,0,0,0,0,0,0,0.0367,9.2727,9.3,1.59,1.6107,1.3,0.2517,0.1812,,,
meter-feast,3,tide-siege,w+h+l-,planner,300,286,0.9533,8.167,0.7298,36.429,0,0,1.783,30.407,2.83,4.393,0.567,0.12,0.513,0.053,1.023,0.843,0.213,2.097,0.767,0,0,0,0,0.03,1.883,3.197,0,0,0,0,0,,,,,,,,,,,,,1.907,ledger-prep,1,1,demand-pulse,1,4,peak-settlement,0.9067,7,300,9,9,78,9,78,300,572,286,473,14,99,565,230,959,154,0,0,0,0,0,0,0,0.03,8.6667,8.6667,1.9067,1.6538,7.0714,0.4071,0.1606,,,
meter-feast,3,tide-siege,w+h+l-,forecast-aware,300,247,0.8233,9.237,0.8053,13.132,0,0,2.217,41.62,2.443,5.043,1.64,0,1.087,0.553,1.183,0.797,0.38,2.507,0.663,0,0,0,0,0.093,1.997,3.967,0,0,0,0,0,,,,,,,,,,,,,1.997,ledger-prep,1,1,demand-pulse,1,4,peak-settlement,0.9967,7,300,28,28,284,28,284,300,505,247,391,53,114,599,199,1190,326,0,0,0,0,0,0,0,0.0933,10.1429,10.1429,1.6833,1.583,2.1509,0.3322,0.2739,,,
meter-feast,3,tide-siege,w+h+l-,planner-one-mistake,300,181,0.6033,9.797,0.8187,37.924,0,0,2.98,57.953,2.927,15.133,0.897,0.227,0.847,0.05,1.46,1.24,0.29,1.78,0.503,0,0,0,0,0.05,1.977,4.353,0,0,0,0,0,286,297,283,171,3,22,275,0.6042,0.9895,16.2915,2,2,1.977,ledger-prep,1,1,demand-pulse,1,4,peak-settlement,0.9767,7,300,15,15,148,12,121,300,1055,181,180,119,875,593,151,1306,254,0,0,0,0,0,0,0,0.05,9.8667,10.0833,3.5167,0.9945,7.3529,0.2546,0.1945,,,
meter-feast,3,tide-siege,w+h+l0,random,300,2,0.0067,10.987,0.8182,75.987,0,0,4.73,84.02,2.897,19.133,0.36,1.387,0.257,0.103,0.85,0.6,0.333,1.287,0.3,0,0,0,0,0.08,2,4.993,0,0,0,0,0,,,,,,,,,,,,,2,ledger-prep,1,1,demand-pulse,1,4,peak-settlement,1,7,300,24,24,240,1,10,300,1931,2,1,298,1930,600,90,1498,77,0,0,0,0,0,0,0,0.08,10,10,6.4367,0.5,6.4765,0.15,0.0514,,,
meter-feast,3,tide-siege,w+h+l0,single-water,300,0,0,11,,82.163,0,0,5,100.667,3,12.43,0,0,0,0,1,1,0,0,0,0,0,0,0,0,2,5,0,0,0,0,0,,,,,,,,,,,,,2,ledger-prep,1,1,demand-pulse,1,4,peak-settlement,1,7,300,0,0,0,0,0,300,2207,0,0,300,2207,600,0,1500,0,0,0,0,0,0,0,0,0,,,7.3567,,7.3567,0,0,,,
meter-feast,3,tide-siege,w+h+l0,legacy-cycle,300,0,0,11,,66.947,0,0,5,103.787,3,36.697,0,0,0,0,0.947,0.413,0.533,3.663,0.607,0,0,0,0,1,2,5,0,0,0,0,0,,,,,,,,,,,,,2,ledger-prep,1,1,demand-pulse,1,4,peak-settlement,1,7,300,300,300,2205,0,0,300,2302,0,0,300,2302,600,182,1500,0,0,0,0,0,0,0,0,1,7.35,,7.6733,,7.6733,0.3033,0,,,
meter-feast,3,tide-siege,w+h+l0,greedy,300,280,0.9333,8.453,0.7519,16.8,0,0,1.953,34.033,2.93,3.947,0.633,0.103,0.617,0.017,1.16,0.943,0.263,1.503,0.49,0,0,0,0,0.037,1.947,3.403,0,0,0,0,0,,,,,,,,,,,,,1.96,ledger-prep,1,1,demand-pulse,1,4,peak-settlement,0.96,7,300,11,11,102,10,93,300,477,280,451,20,26,584,147,1021,185,0,0,0,0,0,0,0,0.0367,9.2727,9.3,1.59,1.6107,1.3,0.2517,0.1812,,,
meter-feast,3,tide-siege,w+h+l0,planner,300,286,0.9533,8.167,0.7298,36.429,0,0,1.783,30.407,2.83,4.393,0.567,0.12,0.513,0.053,1.023,0.843,0.213,2.097,0.767,0,0,0,0,0.03,1.883,3.197,0,0,0,0,0,,,,,,,,,,,,,1.907,ledger-prep,1,1,demand-pulse,1,4,peak-settlement,0.9067,7,300,9,9,78,9,78,300,572,286,473,14,99,565,230,959,154,0,0,0,0,0,0,0,0.03,8.6667,8.6667,1.9067,1.6538,7.0714,0.4071,0.1606,,,
meter-feast,3,tide-siege,w+h+l0,forecast-aware,300,247,0.8233,9.237,0.8053,13.132,0,0,2.217,41.62,2.443,5.043,1.64,0,1.087,0.553,1.183,0.797,0.38,2.507,0.663,0,0,0,0,0.093,1.997,3.967,0,0,0,0,0,,,,,,,,,,,,,1.997,ledger-prep,1,1,demand-pulse,1,4,peak-settlement,0.9967,7,300,28,28,284,28,284,300,505,247,391,53,114,599,199,1190,326,0,0,0,0,0,0,0,0.0933,10.1429,10.1429,1.6833,1.583,2.1509,0.3322,0.2739,,,
meter-feast,3,tide-siege,w+h+l0,planner-one-mistake,300,181,0.6033,9.797,0.8187,37.924,0,0,2.98,57.953,2.927,15.133,0.897,0.227,0.847,0.05,1.46,1.24,0.29,1.78,0.503,0,0,0,0,0.05,1.977,4.353,0,0,0,0,0,286,297,283,171,3,22,275,0.6042,0.9895,16.2915,2,2,1.977,ledger-prep,1,1,demand-pulse,1,4,peak-settlement,0.9767,7,300,15,15,148,12,121,300,1055,181,180,119,875,593,151,1306,254,0,0,0,0,0,0,0,0.05,9.8667,10.0833,3.5167,0.9945,7.3529,0.2546,0.1945,,,
meter-feast,3,tide-siege,w+h+l+,random,300,2,0.0067,10.987,0.8182,75.987,0,0,4.73,84.02,2.897,19.133,0.36,1.387,0.257,0.103,0.85,0.6,0.333,1.287,0.3,0,0,0,0,0.08,2,4.993,0,0,0,0,0,,,,,,,,,,,,,2,ledger-prep,1,1,demand-pulse,1,4,peak-settlement,1,7,300,24,24,240,1,10,300,1931,2,1,298,1930,600,90,1498,77,0,0,0,0,0,0,0,0.08,10,10,6.4367,0.5,6.4765,0.15,0.0514,,,
meter-feast,3,tide-siege,w+h+l+,single-water,300,0,0,11,,82.163,0,0,5,100.667,3,12.43,0,0,0,0,1,1,0,0,0,0,0,0,0,0,2,5,0,0,0,0,0,,,,,,,,,,,,,2,ledger-prep,1,1,demand-pulse,1,4,peak-settlement,1,7,300,0,0,0,0,0,300,2207,0,0,300,2207,600,0,1500,0,0,0,0,0,0,0,0,0,,,7.3567,,7.3567,0,0,,,
meter-feast,3,tide-siege,w+h+l+,legacy-cycle,300,0,0,11,,66.947,0,0,5,103.787,3,36.697,0,0,0,0,0.947,0.413,0.533,3.663,0.607,0,0,0,0,1,2,5,0,0,0,0,0,,,,,,,,,,,,,2,ledger-prep,1,1,demand-pulse,1,4,peak-settlement,1,7,300,300,300,2205,0,0,300,2302,0,0,300,2302,600,182,1500,0,0,0,0,0,0,0,0,1,7.35,,7.6733,,7.6733,0.3033,0,,,
meter-feast,3,tide-siege,w+h+l+,greedy,300,280,0.9333,8.453,0.7519,16.8,0,0,1.953,34.033,2.93,3.947,0.633,0.103,0.617,0.017,1.16,0.943,0.263,1.503,0.49,0,0,0,0,0.037,1.947,3.403,0,0,0,0,0,,,,,,,,,,,,,1.96,ledger-prep,1,1,demand-pulse,1,4,peak-settlement,0.96,7,300,11,11,102,10,93,300,477,280,451,20,26,584,147,1021,185,0,0,0,0,0,0,0,0.0367,9.2727,9.3,1.59,1.6107,1.3,0.2517,0.1812,,,
meter-feast,3,tide-siege,w+h+l+,planner,300,286,0.9533,8.167,0.7298,36.429,0,0,1.783,30.407,2.83,4.393,0.567,0.12,0.513,0.053,1.023,0.843,0.213,2.097,0.767,0,0,0,0,0.03,1.883,3.197,0,0,0,0,0,,,,,,,,,,,,,1.907,ledger-prep,1,1,demand-pulse,1,4,peak-settlement,0.9067,7,300,9,9,78,9,78,300,572,286,473,14,99,565,230,959,154,0,0,0,0,0,0,0,0.03,8.6667,8.6667,1.9067,1.6538,7.0714,0.4071,0.1606,,,
meter-feast,3,tide-siege,w+h+l+,forecast-aware,300,247,0.8233,9.237,0.8053,13.132,0,0,2.217,41.62,2.443,5.043,1.64,0,1.087,0.553,1.183,0.797,0.38,2.507,0.663,0,0,0,0,0.093,1.997,3.967,0,0,0,0,0,,,,,,,,,,,,,1.997,ledger-prep,1,1,demand-pulse,1,4,peak-settlement,0.9967,7,300,28,28,284,28,284,300,505,247,391,53,114,599,199,1190,326,0,0,0,0,0,0,0,0.0933,10.1429,10.1429,1.6833,1.583,2.1509,0.3322,0.2739,,,
meter-feast,3,tide-siege,w+h+l+,planner-one-mistake,300,181,0.6033,9.797,0.8187,37.924,0,0,2.98,57.953,2.927,15.133,0.897,0.227,0.847,0.05,1.46,1.24,0.29,1.78,0.503,0,0,0,0,0.05,1.977,4.353,0,0,0,0,0,286,297,283,171,3,22,275,0.6042,0.9895,16.2915,2,2,1.977,ledger-prep,1,1,demand-pulse,1,4,peak-settlement,0.9767,7,300,15,15,148,12,121,300,1055,181,180,119,875,593,151,1306,254,0,0,0,0,0,0,0,0.05,9.8667,10.0833,3.5167,0.9945,7.3529,0.2546,0.1945,,,
meter-feast,3,smoke-screen,w-h-l-,random,300,0,0,11,,84.047,0,0,4.76,76.437,2.88,17.317,0.36,1.76,0.24,0.12,0.703,0.503,0.273,1.3,0.307,0,0,0,0,0.047,2,5,0,0,0,0,0,,,,,,,,,,,,,2,ledger-prep,1,1,demand-pulse,1,4,peak-settlement,1,7,300,14,14,137,0,0,300,2097,0,0,300,2097,600,92,1500,72,0,0,0,0,0,0,0,0.0467,9.7857,,6.99,,6.99,0.1533,0.048,,,
meter-feast,3,smoke-screen,w-h-l-,single-water,300,0,0,11,,89.423,0,0,5,94.513,3,14.473,0,0,0,0,1,1,0,0,0,0,0,0,0,0,2,5,0,0,0,0,0,,,,,,,,,,,,,2,ledger-prep,1,1,demand-pulse,1,4,peak-settlement,1,7,300,0,0,0,0,0,300,2275,0,0,300,2275,600,0,1500,0,0,0,0,0,0,0,0,0,,,7.5833,,7.5833,0,0,,,
meter-feast,3,smoke-screen,w-h-l-,legacy-cycle,300,0,0,11,,78.02,0,0,5,102.043,3,33.453,0,0,0,0,0.937,0.467,0.47,3.483,0.757,0,0,0,0,1,2,5,0,0,0,0,0,,,,,,,,,,,,,2,ledger-prep,1,1,demand-pulse,1,4,peak-settlement,1,7,300,300,300,2238,0,0,300,2265,0,0,300,2265,600,227,1500,0,0,0,0,0,0,0,0,1,7.46,,7.55,,7.55,0.3783,0,,,
meter-feast,3,smoke-screen,w-h-l-,greedy,300,175,0.5833,10.103,0.8603,15.992,0,0,2.75,53.867,2.973,5.513,1.38,0.1,1.353,0.027,1.473,1.117,0.447,1.933,0.457,0,0,0,0,0.07,2,4.57,0,0,0,0,0,,,,,,,,,,,,,2,ledger-prep,1,1,demand-pulse,1,4,peak-settlement,1,7,300,21,21,198,16,153,300,399,175,186,125,213,600,137,1371,406,0,0,0,0,0,0,0,0.07,9.4286,9.5625,1.33,1.0629,1.704,0.2283,0.2961,,,
meter-feast,3,smoke-screen,w-h-l-,planner,300,198,0.66,9.823,0.8379,33.176,0,0,2.753,53.04,2.927,5.007,1.143,0.123,1.07,0.073,1.477,1.17,0.367,2.467,0.773,0,0,0,0,0.083,2,4.403,0,0,0,0,0,,,,,,,,,,,,,2,ledger-prep,1,1,demand-pulse,1,4,peak-settlement,1,7,300,25,25,237,19,184,300,995,198,241,102,754,600,232,1321,321,0,0,0,0,0,0,0,0.0833,9.48,9.6842,3.3167,1.2172,7.3922,0.3867,0.243,,,
meter-feast,3,smoke-screen,w-h-l-,forecast-aware,300,128,0.4267,10.443,0.8814,18.547,0,0,3.133,63.393,2.203,4.427,2.107,0,1.31,0.797,1.557,1.15,0.41,2.713,0.647,0,0,0,0,0.14,2,4.753,0,0,0,0,0,,,,,,,,,,,,,2,ledger-prep,1,1,demand-pulse,1,4,peak-settlement,1,7,300,42,42,409,36,349,300,424,128,137,172,287,600,194,1426,393,0,0,0,0,0,0,0,0.14,9.7381,9.6944,1.4133,1.0703,1.6686,0.3233,0.2756,,,
meter-feast,3,smoke-screen,w-h-l-,planner-one-mistake,300,52,0.1733,10.863,0.9283,38.238,0,0,3.537,71.633,2.947,16.063,1.38,0.11,1.327,0.053,1.63,1.383,0.313,2.307,0.523,0,0,0,0,0.083,2,4.967,0,0,0,0,0,198,300,198,45,0,5,295,0.2273,1,16.1982,1,1,2,ledger-prep,1,1,demand-pulse,1,4,peak-settlement,1,7,300,25,25,245,16,161,300,1811,52,24,248,1787,600,157,1490,398,0,0,0,0,0,0,0,0.0833,9.8,10.0625,6.0367,0.4615,7.2056,0.2617,0.2671,,,
meter-feast,3,smoke-screen,w-h-l0,random,300,0,0,11,,84.047,0,0,4.76,76.437,2.88,17.317,0.36,1.76,0.24,0.12,0.703,0.503,0.273,1.3,0.307,0,0,0,0,0.047,2,5,0,0,0,0,0,,,,,,,,,,,,,2,ledger-prep,1,1,demand-pulse,1,4,peak-settlement,1,7,300,14,14,137,0,0,300,2097,0,0,300,2097,600,92,1500,72,0,0,0,0,0,0,0,0.0467,9.7857,,6.99,,6.99,0.1533,0.048,,,
meter-feast,3,smoke-screen,w-h-l0,single-water,300,0,0,11,,89.423,0,0,5,94.513,3,14.473,0,0,0,0,1,1,0,0,0,0,0,0,0,0,2,5,0,0,0,0,0,,,,,,,,,,,,,2,ledger-prep,1,1,demand-pulse,1,4,peak-settlement,1,7,300,0,0,0,0,0,300,2275,0,0,300,2275,600,0,1500,0,0,0,0,0,0,0,0,0,,,7.5833,,7.5833,0,0,,,
meter-feast,3,smoke-screen,w-h-l0,legacy-cycle,300,0,0,11,,78.02,0,0,5,102.043,3,33.453,0,0,0,0,0.937,0.467,0.47,3.483,0.757,0,0,0,0,1,2,5,0,0,0,0,0,,,,,,,,,,,,,2,ledger-prep,1,1,demand-pulse,1,4,peak-settlement,1,7,300,300,300,2238,0,0,300,2265,0,0,300,2265,600,227,1500,0,0,0,0,0,0,0,0,1,7.46,,7.55,,7.55,0.3783,0,,,
meter-feast,3,smoke-screen,w-h-l0,greedy,300,175,0.5833,10.103,0.8603,15.992,0,0,2.75,53.867,2.973,5.513,1.38,0.1,1.353,0.027,1.473,1.117,0.447,1.933,0.457,0,0,0,0,0.07,2,4.57,0,0,0,0,0,,,,,,,,,,,,,2,ledger-prep,1,1,demand-pulse,1,4,peak-settlement,1,7,300,21,21,198,16,153,300,399,175,186,125,213,600,137,1371,406,0,0,0,0,0,0,0,0.07,9.4286,9.5625,1.33,1.0629,1.704,0.2283,0.2961,,,
meter-feast,3,smoke-screen,w-h-l0,planner,300,198,0.66,9.823,0.8379,33.176,0,0,2.753,53.04,2.927,5.007,1.143,0.123,1.07,0.073,1.477,1.17,0.367,2.467,0.773,0,0,0,0,0.083,2,4.403,0,0,0,0,0,,,,,,,,,,,,,2,ledger-prep,1,1,demand-pulse,1,4,peak-settlement,1,7,300,25,25,237,19,184,300,995,198,241,102,754,600,232,1321,321,0,0,0,0,0,0,0,0.0833,9.48,9.6842,3.3167,1.2172,7.3922,0.3867,0.243,,,
meter-feast,3,smoke-screen,w-h-l0,forecast-aware,300,128,0.4267,10.443,0.8814,18.547,0,0,3.133,63.393,2.203,4.427,2.107,0,1.31,0.797,1.557,1.15,0.41,2.713,0.647,0,0,0,0,0.14,2,4.753,0,0,0,0,0,,,,,,,,,,,,,2,ledger-prep,1,1,demand-pulse,1,4,peak-settlement,1,7,300,42,42,409,36,349,300,424,128,137,172,287,600,194,1426,393,0,0,0,0,0,0,0,0.14,9.7381,9.6944,1.4133,1.0703,1.6686,0.3233,0.2756,,,
meter-feast,3,smoke-screen,w-h-l0,planner-one-mistake,300,52,0.1733,10.863,0.9283,38.238,0,0,3.537,71.633,2.947,16.063,1.38,0.11,1.327,0.053,1.63,1.383,0.313,2.307,0.523,0,0,0,0,0.083,2,4.967,0,0,0,0,0,198,300,198,45,0,5,295,0.2273,1,16.1982,1,1,2,ledger-prep,1,1,demand-pulse,1,4,peak-settlement,1,7,300,25,25,245,16,161,300,1811,52,24,248,1787,600,157,1490,398,0,0,0,0,0,0,0,0.0833,9.8,10.0625,6.0367,0.4615,7.2056,0.2617,0.2671,,,
meter-feast,3,smoke-screen,w-h-l+,random,300,0,0,11,,84.047,0,0,4.76,76.437,2.88,17.317,0.36,1.76,0.24,0.12,0.703,0.503,0.273,1.3,0.307,0,0,0,0,0.047,2,5,0,0,0,0,0,,,,,,,,,,,,,2,ledger-prep,1,1,demand-pulse,1,4,peak-settlement,1,7,300,14,14,137,0,0,300,2097,0,0,300,2097,600,92,1500,72,0,0,0,0,0,0,0,0.0467,9.7857,,6.99,,6.99,0.1533,0.048,,,
meter-feast,3,smoke-screen,w-h-l+,single-water,300,0,0,11,,89.423,0,0,5,94.513,3,14.473,0,0,0,0,1,1,0,0,0,0,0,0,0,0,2,5,0,0,0,0,0,,,,,,,,,,,,,2,ledger-prep,1,1,demand-pulse,1,4,peak-settlement,1,7,300,0,0,0,0,0,300,2275,0,0,300,2275,600,0,1500,0,0,0,0,0,0,0,0,0,,,7.5833,,7.5833,0,0,,,
meter-feast,3,smoke-screen,w-h-l+,legacy-cycle,300,0,0,11,,78.02,0,0,5,102.043,3,33.453,0,0,0,0,0.937,0.467,0.47,3.483,0.757,0,0,0,0,1,2,5,0,0,0,0,0,,,,,,,,,,,,,2,ledger-prep,1,1,demand-pulse,1,4,peak-settlement,1,7,300,300,300,2238,0,0,300,2265,0,0,300,2265,600,227,1500,0,0,0,0,0,0,0,0,1,7.46,,7.55,,7.55,0.3783,0,,,
meter-feast,3,smoke-screen,w-h-l+,greedy,300,175,0.5833,10.103,0.8603,15.992,0,0,2.75,53.867,2.973,5.513,1.38,0.1,1.353,0.027,1.473,1.117,0.447,1.933,0.457,0,0,0,0,0.07,2,4.57,0,0,0,0,0,,,,,,,,,,,,,2,ledger-prep,1,1,demand-pulse,1,4,peak-settlement,1,7,300,21,21,198,16,153,300,399,175,186,125,213,600,137,1371,406,0,0,0,0,0,0,0,0.07,9.4286,9.5625,1.33,1.0629,1.704,0.2283,0.2961,,,
meter-feast,3,smoke-screen,w-h-l+,planner,300,198,0.66,9.823,0.8379,33.176,0,0,2.753,53.04,2.927,5.007,1.143,0.123,1.07,0.073,1.477,1.17,0.367,2.467,0.773,0,0,0,0,0.083,2,4.403,0,0,0,0,0,,,,,,,,,,,,,2,ledger-prep,1,1,demand-pulse,1,4,peak-settlement,1,7,300,25,25,237,19,184,300,995,198,241,102,754,600,232,1321,321,0,0,0,0,0,0,0,0.0833,9.48,9.6842,3.3167,1.2172,7.3922,0.3867,0.243,,,
meter-feast,3,smoke-screen,w-h-l+,forecast-aware,300,128,0.4267,10.443,0.8814,18.547,0,0,3.133,63.393,2.203,4.427,2.107,0,1.31,0.797,1.557,1.15,0.41,2.713,0.647,0,0,0,0,0.14,2,4.753,0,0,0,0,0,,,,,,,,,,,,,2,ledger-prep,1,1,demand-pulse,1,4,peak-settlement,1,7,300,42,42,409,36,349,300,424,128,137,172,287,600,194,1426,393,0,0,0,0,0,0,0,0.14,9.7381,9.6944,1.4133,1.0703,1.6686,0.3233,0.2756,,,
meter-feast,3,smoke-screen,w-h-l+,planner-one-mistake,300,52,0.1733,10.863,0.9283,38.238,0,0,3.537,71.633,2.947,16.063,1.38,0.11,1.327,0.053,1.63,1.383,0.313,2.307,0.523,0,0,0,0,0.083,2,4.967,0,0,0,0,0,198,300,198,45,0,5,295,0.2273,1,16.1982,1,1,2,ledger-prep,1,1,demand-pulse,1,4,peak-settlement,1,7,300,25,25,245,16,161,300,1811,52,24,248,1787,600,157,1490,398,0,0,0,0,0,0,0,0.0833,9.8,10.0625,6.0367,0.4615,7.2056,0.2617,0.2671,,,
meter-feast,3,smoke-screen,w-h0l-,random,300,0,0,11,,83.357,0,0,4.76,77.56,2.88,17.597,0.36,1.76,0.24,0.12,0.703,0.503,0.27,1.3,0.307,0,0,0,0,0.047,2,5,0,0,0,0,0,,,,,,,,,,,,,2,ledger-prep,1,1,demand-pulse,1,4,peak-settlement,1,7,300,14,14,137,0,0,300,2097,0,0,300,2097,600,92,1500,72,0,0,0,0,0,0,0,0.0467,9.7857,,6.99,,6.99,0.1533,0.048,,,
meter-feast,3,smoke-screen,w-h0l-,single-water,300,0,0,11,,89.423,0,0,5,94.513,3,14.473,0,0,0,0,1,1,0,0,0,0,0,0,0,0,2,5,0,0,0,0,0,,,,,,,,,,,,,2,ledger-prep,1,1,demand-pulse,1,4,peak-settlement,1,7,300,0,0,0,0,0,300,2275,0,0,300,2275,600,0,1500,0,0,0,0,0,0,0,0,0,,,7.5833,,7.5833,0,0,,,
meter-feast,3,smoke-screen,w-h0l-,legacy-cycle,300,0,0,11,,75.307,0,0,5,102.79,3,33.863,0,0,0,0,0.937,0.467,0.47,3.483,0.757,0,0,0,0,1,2,5,0,0,0,0,0,,,,,,,,,,,,,2,ledger-prep,1,1,demand-pulse,1,4,peak-settlement,1,7,300,300,300,2238,0,0,300,2265,0,0,300,2265,600,227,1500,0,0,0,0,0,0,0,0,1,7.46,,7.55,,7.55,0.3783,0,,,
meter-feast,3,smoke-screen,w-h0l-,greedy,300,209,0.6967,9.823,0.8465,14.319,0,0,2.633,50.887,2.967,4.957,1.23,0.113,1.197,0.033,1.427,1.087,0.39,1.947,0.527,0,0,0,0,0.1,2,4.393,0,0,0,0,0,,,,,,,,,,,,,2,ledger-prep,1,1,demand-pulse,1,4,peak-settlement,1,7,300,30,30,288,23,221,300,419,209,283,91,136,600,158,1318,359,0,0,0,0,0,0,0,0.1,9.6,9.6087,1.3967,1.3541,1.4945,0.2633,0.2724,,,
meter-feast,3,smoke-screen,w-h0l-,planner,300,230,0.7667,9.453,0.8166,31.057,0,0,2.553,48.14,2.897,4.67,1.003,0.123,0.9,0.103,1.363,1.06,0.333,2.183,0.713,0,0,0,0,0.097,2,4.14,0,0,0,0,0,,,,,,,,,,,,,2,ledger-prep,1,1,demand-pulse,1,4,peak-settlement,1,7,300,29,29,273,22,210,300,797,230,295,70,502,600,214,1242,270,0,0,0,0,0,0,0,0.0967,9.4138,9.5455,2.6567,1.2826,7.1714,0.3567,0.2174,,,
meter-feast,3,smoke-screen,w-h0l-,forecast-aware,300,164,0.5467,10.247,0.8747,17.904,0,0,2.967,59.293,2.203,4.427,2.08,0,1.283,0.797,1.513,1.107,0.41,2.61,0.647,0,0,0,0,0.133,2,4.657,0,0,0,0,0,,,,,,,,,,,,,2,ledger-prep,1,1,demand-pulse,1,4,peak-settlement,1,7,300,40,40,389,36,349,300,426,164,191,136,235,600,194,1397,385,0,0,0,0,0,0,0,0.1333,9.725,9.6944,1.42,1.1646,1.7279,0.3233,0.2756,,,
meter-feast,3,smoke-screen,w-h0l-,planner-one-mistake,300,98,0.3267,10.68,0.9109,37.248,0,0,3.36,67.607,2.927,16.147,1.393,0.11,1.32,0.073,1.59,1.297,0.33,2.507,0.6,0,0,0,0,0.103,2,4.9,0,0,0,0,0,230,300,230,80,0,5,295,0.3478,1,16.1906,2,1,2,ledger-prep,1,1,demand-pulse,1,4,peak-settlement,1,7,300,31,31,297,23,225,300,1528,98,73,202,1455,600,180,1470,396,0,0,0,0,0,0,0,0.1033,9.5806,9.7826,5.0933,0.7449,7.203,0.3,0.2694,,,
meter-feast,3,smoke-screen,w-h0l0,random,300,0,0,11,,83.357,0,0,4.76,77.56,2.88,17.597,0.36,1.76,0.24,0.12,0.703,0.503,0.27,1.3,0.307,0,0,0,0,0.047,2,5,0,0,0,0,0,,,,,,,,,,,,,2,ledger-prep,1,1,demand-pulse,1,4,peak-settlement,1,7,300,14,14,137,0,0,300,2097,0,0,300,2097,600,92,1500,72,0,0,0,0,0,0,0,0.0467,9.7857,,6.99,,6.99,0.1533,0.048,,,
meter-feast,3,smoke-screen,w-h0l0,single-water,300,0,0,11,,89.423,0,0,5,94.513,3,14.473,0,0,0,0,1,1,0,0,0,0,0,0,0,0,2,5,0,0,0,0,0,,,,,,,,,,,,,2,ledger-prep,1,1,demand-pulse,1,4,peak-settlement,1,7,300,0,0,0,0,0,300,2275,0,0,300,2275,600,0,1500,0,0,0,0,0,0,0,0,0,,,7.5833,,7.5833,0,0,,,
meter-feast,3,smoke-screen,w-h0l0,legacy-cycle,300,0,0,11,,75.307,0,0,5,102.79,3,33.863,0,0,0,0,0.937,0.467,0.47,3.483,0.757,0,0,0,0,1,2,5,0,0,0,0,0,,,,,,,,,,,,,2,ledger-prep,1,1,demand-pulse,1,4,peak-settlement,1,7,300,300,300,2238,0,0,300,2265,0,0,300,2265,600,227,1500,0,0,0,0,0,0,0,0,1,7.46,,7.55,,7.55,0.3783,0,,,
meter-feast,3,smoke-screen,w-h0l0,greedy,300,209,0.6967,9.823,0.8465,14.319,0,0,2.633,50.887,2.967,4.957,1.23,0.113,1.197,0.033,1.427,1.087,0.39,1.947,0.527,0,0,0,0,0.1,2,4.393,0,0,0,0,0,,,,,,,,,,,,,2,ledger-prep,1,1,demand-pulse,1,4,peak-settlement,1,7,300,30,30,288,23,221,300,419,209,283,91,136,600,158,1318,359,0,0,0,0,0,0,0,0.1,9.6,9.6087,1.3967,1.3541,1.4945,0.2633,0.2724,,,
meter-feast,3,smoke-screen,w-h0l0,planner,300,230,0.7667,9.453,0.8166,31.057,0,0,2.553,48.14,2.897,4.67,1.003,0.123,0.9,0.103,1.363,1.06,0.333,2.183,0.713,0,0,0,0,0.097,2,4.14,0,0,0,0,0,,,,,,,,,,,,,2,ledger-prep,1,1,demand-pulse,1,4,peak-settlement,1,7,300,29,29,273,22,210,300,797,230,295,70,502,600,214,1242,270,0,0,0,0,0,0,0,0.0967,9.4138,9.5455,2.6567,1.2826,7.1714,0.3567,0.2174,,,
meter-feast,3,smoke-screen,w-h0l0,forecast-aware,300,164,0.5467,10.247,0.8747,17.904,0,0,2.967,59.293,2.203,4.427,2.08,0,1.283,0.797,1.513,1.107,0.41,2.61,0.647,0,0,0,0,0.133,2,4.657,0,0,0,0,0,,,,,,,,,,,,,2,ledger-prep,1,1,demand-pulse,1,4,peak-settlement,1,7,300,40,40,389,36,349,300,426,164,191,136,235,600,194,1397,385,0,0,0,0,0,0,0,0.1333,9.725,9.6944,1.42,1.1646,1.7279,0.3233,0.2756,,,
meter-feast,3,smoke-screen,w-h0l0,planner-one-mistake,300,98,0.3267,10.68,0.9109,37.248,0,0,3.36,67.607,2.927,16.147,1.393,0.11,1.32,0.073,1.59,1.297,0.33,2.507,0.6,0,0,0,0,0.103,2,4.9,0,0,0,0,0,230,300,230,80,0,5,295,0.3478,1,16.1906,2,1,2,ledger-prep,1,1,demand-pulse,1,4,peak-settlement,1,7,300,31,31,297,23,225,300,1528,98,73,202,1455,600,180,1470,396,0,0,0,0,0,0,0,0.1033,9.5806,9.7826,5.0933,0.7449,7.203,0.3,0.2694,,,
meter-feast,3,smoke-screen,w-h0l+,random,300,0,0,11,,83.357,0,0,4.76,77.56,2.88,17.597,0.36,1.76,0.24,0.12,0.703,0.503,0.27,1.3,0.307,0,0,0,0,0.047,2,5,0,0,0,0,0,,,,,,,,,,,,,2,ledger-prep,1,1,demand-pulse,1,4,peak-settlement,1,7,300,14,14,137,0,0,300,2097,0,0,300,2097,600,92,1500,72,0,0,0,0,0,0,0,0.0467,9.7857,,6.99,,6.99,0.1533,0.048,,,
meter-feast,3,smoke-screen,w-h0l+,single-water,300,0,0,11,,89.423,0,0,5,94.513,3,14.473,0,0,0,0,1,1,0,0,0,0,0,0,0,0,2,5,0,0,0,0,0,,,,,,,,,,,,,2,ledger-prep,1,1,demand-pulse,1,4,peak-settlement,1,7,300,0,0,0,0,0,300,2275,0,0,300,2275,600,0,1500,0,0,0,0,0,0,0,0,0,,,7.5833,,7.5833,0,0,,,
meter-feast,3,smoke-screen,w-h0l+,legacy-cycle,300,0,0,11,,75.307,0,0,5,102.79,3,33.863,0,0,0,0,0.937,0.467,0.47,3.483,0.757,0,0,0,0,1,2,5,0,0,0,0,0,,,,,,,,,,,,,2,ledger-prep,1,1,demand-pulse,1,4,peak-settlement,1,7,300,300,300,2238,0,0,300,2265,0,0,300,2265,600,227,1500,0,0,0,0,0,0,0,0,1,7.46,,7.55,,7.55,0.3783,0,,,
meter-feast,3,smoke-screen,w-h0l+,greedy,300,209,0.6967,9.823,0.8465,14.319,0,0,2.633,50.887,2.967,4.957,1.23,0.113,1.197,0.033,1.427,1.087,0.39,1.947,0.527,0,0,0,0,0.1,2,4.393,0,0,0,0,0,,,,,,,,,,,,,2,ledger-prep,1,1,demand-pulse,1,4,peak-settlement,1,7,300,30,30,288,23,221,300,419,209,283,91,136,600,158,1318,359,0,0,0,0,0,0,0,0.1,9.6,9.6087,1.3967,1.3541,1.4945,0.2633,0.2724,,,
meter-feast,3,smoke-screen,w-h0l+,planner,300,230,0.7667,9.453,0.8166,31.057,0,0,2.553,48.14,2.897,4.67,1.003,0.123,0.9,0.103,1.363,1.06,0.333,2.183,0.713,0,0,0,0,0.097,2,4.14,0,0,0,0,0,,,,,,,,,,,,,2,ledger-prep,1,1,demand-pulse,1,4,peak-settlement,1,7,300,29,29,273,22,210,300,797,230,295,70,502,600,214,1242,270,0,0,0,0,0,0,0,0.0967,9.4138,9.5455,2.6567,1.2826,7.1714,0.3567,0.2174,,,
meter-feast,3,smoke-screen,w-h0l+,forecast-aware,300,164,0.5467,10.247,0.8747,17.904,0,0,2.967,59.293,2.203,4.427,2.08,0,1.283,0.797,1.513,1.107,0.41,2.61,0.647,0,0,0,0,0.133,2,4.657,0,0,0,0,0,,,,,,,,,,,,,2,ledger-prep,1,1,demand-pulse,1,4,peak-settlement,1,7,300,40,40,389,36,349,300,426,164,191,136,235,600,194,1397,385,0,0,0,0,0,0,0,0.1333,9.725,9.6944,1.42,1.1646,1.7279,0.3233,0.2756,,,
meter-feast,3,smoke-screen,w-h0l+,planner-one-mistake,300,98,0.3267,10.68,0.9109,37.248,0,0,3.36,67.607,2.927,16.147,1.393,0.11,1.32,0.073,1.59,1.297,0.33,2.507,0.6,0,0,0,0,0.103,2,4.9,0,0,0,0,0,230,300,230,80,0,5,295,0.3478,1,16.1906,2,1,2,ledger-prep,1,1,demand-pulse,1,4,peak-settlement,1,7,300,31,31,297,23,225,300,1528,98,73,202,1455,600,180,1470,396,0,0,0,0,0,0,0,0.1033,9.5806,9.7826,5.0933,0.7449,7.203,0.3,0.2694,,,
meter-feast,3,smoke-screen,w-h+l-,random,300,0,0,11,,82.593,0,0,4.76,78.83,2.88,17.877,0.36,1.76,0.24,0.12,0.703,0.503,0.27,1.3,0.307,0,0,0,0,0.047,2,5,0,0,0,0,0,,,,,,,,,,,,,2,ledger-prep,1,1,demand-pulse,1,4,peak-settlement,1,7,300,14,14,137,0,0,300,2097,0,0,300,2097,600,92,1500,72,0,0,0,0,0,0,0,0.0467,9.7857,,6.99,,6.99,0.1533,0.048,,,
meter-feast,3,smoke-screen,w-h+l-,single-water,300,0,0,11,,89.423,0,0,5,94.513,3,14.473,0,0,0,0,1,1,0,0,0,0,0,0,0,0,2,5,0,0,0,0,0,,,,,,,,,,,,,2,ledger-prep,1,1,demand-pulse,1,4,peak-settlement,1,7,300,0,0,0,0,0,300,2275,0,0,300,2275,600,0,1500,0,0,0,0,0,0,0,0,0,,,7.5833,,7.5833,0,0,,,
meter-feast,3,smoke-screen,w-h+l-,legacy-cycle,300,0,0,11,,72.783,0,0,5,103.333,3,34.27,0,0,0,0,0.937,0.467,0.47,3.483,0.757,0,0,0,0,1,2,5,0,0,0,0,0,,,,,,,,,,,,,2,ledger-prep,1,1,demand-pulse,1,4,peak-settlement,1,7,300,300,300,2238,0,0,300,2265,0,0,300,2265,600,227,1500,0,0,0,0,0,0,0,0,1,7.46,,7.55,,7.55,0.3783,0,,,
meter-feast,3,smoke-screen,w-h+l-,greedy,300,241,0.8033,9.36,0.8144,16.169,0,0,2.377,44.38,2.943,4.403,1.05,0.133,0.997,0.053,1.363,1.057,0.36,1.62,0.493,0,0,0,0,0.063,1.997,4.07,0,0,0,0,0,,,,,,,,,,,,,1.997,ledger-prep,1,1,demand-pulse,1,4,peak-settlement,0.9967,7,300,19,19,186,16,159,300,464,241,359,59,105,599,148,1221,299,0,0,0,0,0,0,0,0.0633,9.7895,9.9375,1.5467,1.4896,1.7797,0.2471,0.2449,,,
meter-feast,3,smoke-screen,w-h+l-,planner,300,269,0.8967,8.877,0.7847,32.194,0,0,2.19,39.427,2.89,4.63,0.803,0.123,0.697,0.107,1.263,1,0.297,1.883,0.667,0,0,0,0,0.09,1.997,3.72,0,0,0,0,0,,,,,,,,,,,,,1.997,ledger-prep,1,1,demand-pulse,1,4,peak-settlement,0.9967,7,300,27,27,258,26,249,300,636,269,413,31,223,599,200,1116,209,0,0,0,0,0,0,0,0.09,9.5556,9.5769,2.12,1.5353,7.1935,0.3339,0.1873,,,
meter-feast,3,smoke-screen,w-h+l-,forecast-aware,300,188,0.6267,9.967,0.8501,17,0,0,2.77,54.587,2.203,4.427,2,0,1.203,0.797,1.447,1.03,0.423,2.507,0.647,0,0,0,0,0.123,2,4.47,0,0,0,0,0,,,,,,,,,,,,,2,ledger-prep,1,1,demand-pulse,1,4,peak-settlement,1,7,300,37,37,359,33,319,300,459,188,254,112,205,600,194,1341,361,0,0,0,0,0,0,0,0.1233,9.7027,9.6667,1.53,1.3511,1.8304,0.3233,0.2692,,,
meter-feast,3,smoke-screen,w-h+l-,planner-one-mistake,300,139,0.4633,10.487,0.8993,36.205,0,0,3.213,63.933,2.92,16.213,1.353,0.103,1.273,0.08,1.6,1.287,0.357,2.403,0.593,0,0,0,0,0.123,2,4.817,0,0,0,0,0,269,300,269,127,0,4,296,0.4721,1,16.5936,3,1,2,ledger-prep,1,1,demand-pulse,1,4,peak-settlement,1,7,300,37,37,353,28,271,300,1268,139,109,161,1159,600,178,1445,382,0,0,0,0,0,0,0,0.1233,9.5405,9.6786,4.2267,0.7842,7.1988,0.2967,0.2644,,,
meter-feast,3,smoke-screen,w-h+l0,random,300,0,0,11,,82.593,0,0,4.76,78.83,2.88,17.877,0.36,1.76,0.24,0.12,0.703,0.503,0.27,1.3,0.307,0,0,0,0,0.047,2,5,0,0,0,0,0,,,,,,,,,,,,,2,ledger-prep,1,1,demand-pulse,1,4,peak-settlement,1,7,300,14,14,137,0,0,300,2097,0,0,300,2097,600,92,1500,72,0,0,0,0,0,0,0,0.0467,9.7857,,6.99,,6.99,0.1533,0.048,,,
meter-feast,3,smoke-screen,w-h+l0,single-water,300,0,0,11,,89.423,0,0,5,94.513,3,14.473,0,0,0,0,1,1,0,0,0,0,0,0,0,0,2,5,0,0,0,0,0,,,,,,,,,,,,,2,ledger-prep,1,1,demand-pulse,1,4,peak-settlement,1,7,300,0,0,0,0,0,300,2275,0,0,300,2275,600,0,1500,0,0,0,0,0,0,0,0,0,,,7.5833,,7.5833,0,0,,,
meter-feast,3,smoke-screen,w-h+l0,legacy-cycle,300,0,0,11,,72.783,0,0,5,103.333,3,34.27,0,0,0,0,0.937,0.467,0.47,3.483,0.757,0,0,0,0,1,2,5,0,0,0,0,0,,,,,,,,,,,,,2,ledger-prep,1,1,demand-pulse,1,4,peak-settlement,1,7,300,300,300,2238,0,0,300,2265,0,0,300,2265,600,227,1500,0,0,0,0,0,0,0,0,1,7.46,,7.55,,7.55,0.3783,0,,,
meter-feast,3,smoke-screen,w-h+l0,greedy,300,241,0.8033,9.36,0.8144,16.169,0,0,2.377,44.38,2.943,4.403,1.05,0.133,0.997,0.053,1.363,1.057,0.36,1.62,0.493,0,0,0,0,0.063,1.997,4.07,0,0,0,0,0,,,,,,,,,,,,,1.997,ledger-prep,1,1,demand-pulse,1,4,peak-settlement,0.9967,7,300,19,19,186,16,159,300,464,241,359,59,105,599,148,1221,299,0,0,0,0,0,0,0,0.0633,9.7895,9.9375,1.5467,1.4896,1.7797,0.2471,0.2449,,,
meter-feast,3,smoke-screen,w-h+l0,planner,300,269,0.8967,8.877,0.7847,32.194,0,0,2.19,39.427,2.89,4.63,0.803,0.123,0.697,0.107,1.263,1,0.297,1.883,0.667,0,0,0,0,0.09,1.997,3.72,0,0,0,0,0,,,,,,,,,,,,,1.997,ledger-prep,1,1,demand-pulse,1,4,peak-settlement,0.9967,7,300,27,27,258,26,249,300,636,269,413,31,223,599,200,1116,209,0,0,0,0,0,0,0,0.09,9.5556,9.5769,2.12,1.5353,7.1935,0.3339,0.1873,,,
meter-feast,3,smoke-screen,w-h+l0,forecast-aware,300,188,0.6267,9.967,0.8501,17,0,0,2.77,54.587,2.203,4.427,2,0,1.203,0.797,1.447,1.03,0.423,2.507,0.647,0,0,0,0,0.123,2,4.47,0,0,0,0,0,,,,,,,,,,,,,2,ledger-prep,1,1,demand-pulse,1,4,peak-settlement,1,7,300,37,37,359,33,319,300,459,188,254,112,205,600,194,1341,361,0,0,0,0,0,0,0,0.1233,9.7027,9.6667,1.53,1.3511,1.8304,0.3233,0.2692,,,
meter-feast,3,smoke-screen,w-h+l0,planner-one-mistake,300,139,0.4633,10.487,0.8993,36.205,0,0,3.213,63.933,2.92,16.213,1.353,0.103,1.273,0.08,1.6,1.287,0.357,2.403,0.593,0,0,0,0,0.123,2,4.817,0,0,0,0,0,269,300,269,127,0,4,296,0.4721,1,16.5936,3,1,2,ledger-prep,1,1,demand-pulse,1,4,peak-settlement,1,7,300,37,37,353,28,271,300,1268,139,109,161,1159,600,178,1445,382,0,0,0,0,0,0,0,0.1233,9.5405,9.6786,4.2267,0.7842,7.1988,0.2967,0.2644,,,
meter-feast,3,smoke-screen,w-h+l+,random,300,0,0,11,,82.593,0,0,4.76,78.83,2.88,17.877,0.36,1.76,0.24,0.12,0.703,0.503,0.27,1.3,0.307,0,0,0,0,0.047,2,5,0,0,0,0,0,,,,,,,,,,,,,2,ledger-prep,1,1,demand-pulse,1,4,peak-settlement,1,7,300,14,14,137,0,0,300,2097,0,0,300,2097,600,92,1500,72,0,0,0,0,0,0,0,0.0467,9.7857,,6.99,,6.99,0.1533,0.048,,,
meter-feast,3,smoke-screen,w-h+l+,single-water,300,0,0,11,,89.423,0,0,5,94.513,3,14.473,0,0,0,0,1,1,0,0,0,0,0,0,0,0,2,5,0,0,0,0,0,,,,,,,,,,,,,2,ledger-prep,1,1,demand-pulse,1,4,peak-settlement,1,7,300,0,0,0,0,0,300,2275,0,0,300,2275,600,0,1500,0,0,0,0,0,0,0,0,0,,,7.5833,,7.5833,0,0,,,
meter-feast,3,smoke-screen,w-h+l+,legacy-cycle,300,0,0,11,,72.783,0,0,5,103.333,3,34.27,0,0,0,0,0.937,0.467,0.47,3.483,0.757,0,0,0,0,1,2,5,0,0,0,0,0,,,,,,,,,,,,,2,ledger-prep,1,1,demand-pulse,1,4,peak-settlement,1,7,300,300,300,2238,0,0,300,2265,0,0,300,2265,600,227,1500,0,0,0,0,0,0,0,0,1,7.46,,7.55,,7.55,0.3783,0,,,
meter-feast,3,smoke-screen,w-h+l+,greedy,300,241,0.8033,9.36,0.8144,16.169,0,0,2.377,44.38,2.943,4.403,1.05,0.133,0.997,0.053,1.363,1.057,0.36,1.62,0.493,0,0,0,0,0.063,1.997,4.07,0,0,0,0,0,,,,,,,,,,,,,1.997,ledger-prep,1,1,demand-pulse,1,4,peak-settlement,0.9967,7,300,19,19,186,16,159,300,464,241,359,59,105,599,148,1221,299,0,0,0,0,0,0,0,0.0633,9.7895,9.9375,1.5467,1.4896,1.7797,0.2471,0.2449,,,
meter-feast,3,smoke-screen,w-h+l+,planner,300,269,0.8967,8.877,0.7847,32.194,0,0,2.19,39.427,2.89,4.63,0.803,0.123,0.697,0.107,1.263,1,0.297,1.883,0.667,0,0,0,0,0.09,1.997,3.72,0,0,0,0,0,,,,,,,,,,,,,1.997,ledger-prep,1,1,demand-pulse,1,4,peak-settlement,0.9967,7,300,27,27,258,26,249,300,636,269,413,31,223,599,200,1116,209,0,0,0,0,0,0,0,0.09,9.5556,9.5769,2.12,1.5353,7.1935,0.3339,0.1873,,,
meter-feast,3,smoke-screen,w-h+l+,forecast-aware,300,188,0.6267,9.967,0.8501,17,0,0,2.77,54.587,2.203,4.427,2,0,1.203,0.797,1.447,1.03,0.423,2.507,0.647,0,0,0,0,0.123,2,4.47,0,0,0,0,0,,,,,,,,,,,,,2,ledger-prep,1,1,demand-pulse,1,4,peak-settlement,1,7,300,37,37,359,33,319,300,459,188,254,112,205,600,194,1341,361,0,0,0,0,0,0,0,0.1233,9.7027,9.6667,1.53,1.3511,1.8304,0.3233,0.2692,,,
meter-feast,3,smoke-screen,w-h+l+,planner-one-mistake,300,139,0.4633,10.487,0.8993,36.205,0,0,3.213,63.933,2.92,16.213,1.353,0.103,1.273,0.08,1.6,1.287,0.357,2.403,0.593,0,0,0,0,0.123,2,4.817,0,0,0,0,0,269,300,269,127,0,4,296,0.4721,1,16.5936,3,1,2,ledger-prep,1,1,demand-pulse,1,4,peak-settlement,1,7,300,37,37,353,28,271,300,1268,139,109,161,1159,600,178,1445,382,0,0,0,0,0,0,0,0.1233,9.5405,9.6786,4.2267,0.7842,7.1988,0.2967,0.2644,,,
meter-feast,3,smoke-screen,w0h-l-,random,300,0,0,11,,83.123,0,0,4.76,77.933,2.88,17.517,0.36,1.76,0.24,0.12,0.703,0.503,0.273,1.3,0.307,0,0,0,0,0.047,2,5,0,0,0,0,0,,,,,,,,,,,,,2,ledger-prep,1,1,demand-pulse,1,4,peak-settlement,1,7,300,14,14,137,0,0,300,2097,0,0,300,2097,600,92,1500,72,0,0,0,0,0,0,0,0.0467,9.7857,,6.99,,6.99,0.1533,0.048,,,
meter-feast,3,smoke-screen,w0h-l-,single-water,300,0,0,11,,85.06,0,0,5,100.537,3,14.59,0,0,0,0,1,1,0,0,0,0,0,0,0,0,2,5,0,0,0,0,0,,,,,,,,,,,,,2,ledger-prep,1,1,demand-pulse,1,4,peak-settlement,1,7,300,0,0,0,0,0,300,2275,0,0,300,2275,600,0,1500,0,0,0,0,0,0,0,0,0,,,7.5833,,7.5833,0,0,,,
meter-feast,3,smoke-screen,w0h-l-,legacy-cycle,300,0,0,11,,74.743,0,0,5,102.817,3,34.073,0,0,0,0,0.937,0.467,0.47,3.483,0.757,0,0,0,0,1,2,5,0,0,0,0,0,,,,,,,,,,,,,2,ledger-prep,1,1,demand-pulse,1,4,peak-settlement,1,7,300,300,300,2238,0,0,300,2265,0,0,300,2265,600,227,1500,0,0,0,0,0,0,0,0,1,7.46,,7.55,,7.55,0.3783,0,,,
meter-feast,3,smoke-screen,w0h-l-,greedy,300,209,0.6967,9.74,0.8356,15.044,0,0,2.537,48.507,2.977,5.643,1.23,0.113,1.207,0.023,1.38,1.06,0.387,1.857,0.43,0,0,0,0,0.08,2,4.353,0,0,0,0,0,,,,,,,,,,,,,2,ledger-prep,1,1,demand-pulse,1,4,peak-settlement,1,7,300,24,24,224,19,181,300,422,209,260,91,162,600,129,1306,362,0,0,0,0,0,0,0,0.08,9.3333,9.5263,1.4067,1.244,1.7802,0.215,0.2772,,,
meter-feast,3,smoke-screen,w0h-l-,planner,300,241,0.8033,9.29,0.8065,31.695,0,0,2.383,44.333,2.953,5.633,0.957,0.117,0.91,0.047,1.263,0.98,0.343,2.657,0.773,0,0,0,0,0.09,2,4.04,0,0,0,0,0,,,,,,,,,,,,,2,ledger-prep,1,1,demand-pulse,1,4,peak-settlement,1,7,300,27,27,245,23,208,300,727,241,298,59,429,600,232,1212,273,0,0,0,0,0,0,0,0.09,9.0741,9.0435,2.4233,1.2365,7.2712,0.3867,0.2252,,,
meter-feast,3,smoke-screen,w0h-l-,forecast-aware,300,155,0.5167,10.287,0.8745,17.876,0,0,3.013,60.447,2.203,4.543,2.07,0,1.273,0.797,1.517,1.113,0.407,2.65,0.647,0,0,0,0,0.133,2,4.67,0,0,0,0,0,,,,,,,,,,,,,2,ledger-prep,1,1,demand-pulse,1,4,peak-settlement,1,7,300,40,40,389,35,339,300,426,155,177,145,249,600,194,1401,382,0,0,0,0,0,0,0,0.1333,9.725,9.6857,1.42,1.1419,1.7172,0.3233,0.2727,,,
meter-feast,3,smoke-screen,w0h-l-,planner-one-mistake,300,86,0.2867,10.747,0.9197,37.967,0,0,3.397,68.66,2.96,15.99,1.39,0.127,1.35,0.04,1.55,1.337,0.26,1.78,0.417,0,0,0,0,0.067,2,4.9,0,0,0,0,0,241,300,241,75,0,7,293,0.3112,1,17.3562,1,1,2,ledger-prep,1,1,demand-pulse,1,4,peak-settlement,1,7,300,20,20,199,16,160,300,1616,86,49,214,1567,600,125,1470,405,0,0,0,0,0,0,0,0.0667,9.95,10,5.3867,0.5698,7.3224,0.2083,0.2755,,,
meter-feast,3,smoke-screen,w0h-l0,random,300,0,0,11,,83.123,0,0,4.76,77.933,2.88,17.517,0.36,1.76,0.24,0.12,0.703,0.503,0.273,1.3,0.307,0,0,0,0,0.047,2,5,0,0,0,0,0,,,,,,,,,,,,,2,ledger-prep,1,1,demand-pulse,1,4,peak-settlement,1,7,300,14,14,137,0,0,300,2097,0,0,300,2097,600,92,1500,72,0,0,0,0,0,0,0,0.0467,9.7857,,6.99,,6.99,0.1533,0.048,,,
meter-feast,3,smoke-screen,w0h-l0,single-water,300,0,0,11,,85.06,0,0,5,100.537,3,14.59,0,0,0,0,1,1,0,0,0,0,0,0,0,0,2,5,0,0,0,0,0,,,,,,,,,,,,,2,ledger-prep,1,1,demand-pulse,1,4,peak-settlement,1,7,300,0,0,0,0,0,300,2275,0,0,300,2275,600,0,1500,0,0,0,0,0,0,0,0,0,,,7.5833,,7.5833,0,0,,,
meter-feast,3,smoke-screen,w0h-l0,legacy-cycle,300,0,0,11,,74.743,0,0,5,102.817,3,34.073,0,0,0,0,0.937,0.467,0.47,3.483,0.757,0,0,0,0,1,2,5,0,0,0,0,0,,,,,,,,,,,,,2,ledger-prep,1,1,demand-pulse,1,4,peak-settlement,1,7,300,300,300,2238,0,0,300,2265,0,0,300,2265,600,227,1500,0,0,0,0,0,0,0,0,1,7.46,,7.55,,7.55,0.3783,0,,,
meter-feast,3,smoke-screen,w0h-l0,greedy,300,209,0.6967,9.74,0.8356,15.044,0,0,2.537,48.507,2.977,5.643,1.23,0.113,1.207,0.023,1.38,1.06,0.387,1.857,0.43,0,0,0,0,0.08,2,4.353,0,0,0,0,0,,,,,,,,,,,,,2,ledger-prep,1,1,demand-pulse,1,4,peak-settlement,1,7,300,24,24,224,19,181,300,422,209,260,91,162,600,129,1306,362,0,0,0,0,0,0,0,0.08,9.3333,9.5263,1.4067,1.244,1.7802,0.215,0.2772,,,
meter-feast,3,smoke-screen,w0h-l0,planner,300,241,0.8033,9.29,0.8065,31.695,0,0,2.383,44.333,2.953,5.633,0.957,0.117,0.91,0.047,1.263,0.98,0.343,2.657,0.773,0,0,0,0,0.09,2,4.04,0,0,0,0,0,,,,,,,,,,,,,2,ledger-prep,1,1,demand-pulse,1,4,peak-settlement,1,7,300,27,27,245,23,208,300,727,241,298,59,429,600,232,1212,273,0,0,0,0,0,0,0,0.09,9.0741,9.0435,2.4233,1.2365,7.2712,0.3867,0.2252,,,
meter-feast,3,smoke-screen,w0h-l0,forecast-aware,300,155,0.5167,10.287,0.8745,17.876,0,0,3.013,60.447,2.203,4.543,2.07,0,1.273,0.797,1.517,1.113,0.407,2.65,0.647,0,0,0,0,0.133,2,4.67,0,0,0,0,0,,,,,,,,,,,,,2,ledger-prep,1,1,demand-pulse,1,4,peak-settlement,1,7,300,40,40,389,35,339,300,426,155,177,145,249,600,194,1401,382,0,0,0,0,0,0,0,0.1333,9.725,9.6857,1.42,1.1419,1.7172,0.3233,0.2727,,,
meter-feast,3,smoke-screen,w0h-l0,planner-one-mistake,300,86,0.2867,10.747,0.9197,37.967,0,0,3.397,68.66,2.96,15.99,1.39,0.127,1.35,0.04,1.55,1.337,0.26,1.78,0.417,0,0,0,0,0.067,2,4.9,0,0,0,0,0,241,300,241,75,0,7,293,0.3112,1,17.3562,1,1,2,ledger-prep,1,1,demand-pulse,1,4,peak-settlement,1,7,300,20,20,199,16,160,300,1616,86,49,214,1567,600,125,1470,405,0,0,0,0,0,0,0,0.0667,9.95,10,5.3867,0.5698,7.3224,0.2083,0.2755,,,
meter-feast,3,smoke-screen,w0h-l+,random,300,0,0,11,,83.123,0,0,4.76,77.933,2.88,17.517,0.36,1.76,0.24,0.12,0.703,0.503,0.273,1.3,0.307,0,0,0,0,0.047,2,5,0,0,0,0,0,,,,,,,,,,,,,2,ledger-prep,1,1,demand-pulse,1,4,peak-settlement,1,7,300,14,14,137,0,0,300,2097,0,0,300,2097,600,92,1500,72,0,0,0,0,0,0,0,0.0467,9.7857,,6.99,,6.99,0.1533,0.048,,,
meter-feast,3,smoke-screen,w0h-l+,single-water,300,0,0,11,,85.06,0,0,5,100.537,3,14.59,0,0,0,0,1,1,0,0,0,0,0,0,0,0,2,5,0,0,0,0,0,,,,,,,,,,,,,2,ledger-prep,1,1,demand-pulse,1,4,peak-settlement,1,7,300,0,0,0,0,0,300,2275,0,0,300,2275,600,0,1500,0,0,0,0,0,0,0,0,0,,,7.5833,,7.5833,0,0,,,
meter-feast,3,smoke-screen,w0h-l+,legacy-cycle,300,0,0,11,,74.743,0,0,5,102.817,3,34.073,0,0,0,0,0.937,0.467,0.47,3.483,0.757,0,0,0,0,1,2,5,0,0,0,0,0,,,,,,,,,,,,,2,ledger-prep,1,1,demand-pulse,1,4,peak-settlement,1,7,300,300,300,2238,0,0,300,2265,0,0,300,2265,600,227,1500,0,0,0,0,0,0,0,0,1,7.46,,7.55,,7.55,0.3783,0,,,
meter-feast,3,smoke-screen,w0h-l+,greedy,300,209,0.6967,9.74,0.8356,15.044,0,0,2.537,48.507,2.977,5.643,1.23,0.113,1.207,0.023,1.38,1.06,0.387,1.857,0.43,0,0,0,0,0.08,2,4.353,0,0,0,0,0,,,,,,,,,,,,,2,ledger-prep,1,1,demand-pulse,1,4,peak-settlement,1,7,300,24,24,224,19,181,300,422,209,260,91,162,600,129,1306,362,0,0,0,0,0,0,0,0.08,9.3333,9.5263,1.4067,1.244,1.7802,0.215,0.2772,,,
meter-feast,3,smoke-screen,w0h-l+,planner,300,241,0.8033,9.29,0.8065,31.695,0,0,2.383,44.333,2.953,5.633,0.957,0.117,0.91,0.047,1.263,0.98,0.343,2.657,0.773,0,0,0,0,0.09,2,4.04,0,0,0,0,0,,,,,,,,,,,,,2,ledger-prep,1,1,demand-pulse,1,4,peak-settlement,1,7,300,27,27,245,23,208,300,727,241,298,59,429,600,232,1212,273,0,0,0,0,0,0,0,0.09,9.0741,9.0435,2.4233,1.2365,7.2712,0.3867,0.2252,,,
meter-feast,3,smoke-screen,w0h-l+,forecast-aware,300,155,0.5167,10.287,0.8745,17.876,0,0,3.013,60.447,2.203,4.543,2.07,0,1.273,0.797,1.517,1.113,0.407,2.65,0.647,0,0,0,0,0.133,2,4.67,0,0,0,0,0,,,,,,,,,,,,,2,ledger-prep,1,1,demand-pulse,1,4,peak-settlement,1,7,300,40,40,389,35,339,300,426,155,177,145,249,600,194,1401,382,0,0,0,0,0,0,0,0.1333,9.725,9.6857,1.42,1.1419,1.7172,0.3233,0.2727,,,
meter-feast,3,smoke-screen,w0h-l+,planner-one-mistake,300,86,0.2867,10.747,0.9197,37.967,0,0,3.397,68.66,2.96,15.99,1.39,0.127,1.35,0.04,1.55,1.337,0.26,1.78,0.417,0,0,0,0,0.067,2,4.9,0,0,0,0,0,241,300,241,75,0,7,293,0.3112,1,17.3562,1,1,2,ledger-prep,1,1,demand-pulse,1,4,peak-settlement,1,7,300,20,20,199,16,160,300,1616,86,49,214,1567,600,125,1470,405,0,0,0,0,0,0,0,0.0667,9.95,10,5.3867,0.5698,7.3224,0.2083,0.2755,,,
meter-feast,3,smoke-screen,w0h0l-,random,300,0,0,11,,82.393,0,0,4.76,79.017,2.88,17.797,0.36,1.76,0.24,0.12,0.703,0.503,0.27,1.3,0.307,0,0,0,0,0.047,2,5,0,0,0,0,0,,,,,,,,,,,,,2,ledger-prep,1,1,demand-pulse,1,4,peak-settlement,1,7,300,14,14,137,0,0,300,2097,0,0,300,2097,600,92,1500,72,0,0,0,0,0,0,0,0.0467,9.7857,,6.99,,6.99,0.1533,0.048,,,
meter-feast,3,smoke-screen,w0h0l-,single-water,300,0,0,11,,85.06,0,0,5,100.537,3,14.59,0,0,0,0,1,1,0,0,0,0,0,0,0,0,2,5,0,0,0,0,0,,,,,,,,,,,,,2,ledger-prep,1,1,demand-pulse,1,4,peak-settlement,1,7,300,0,0,0,0,0,300,2275,0,0,300,2275,600,0,1500,0,0,0,0,0,0,0,0,0,,,7.5833,,7.5833,0,0,,,
meter-feast,3,smoke-screen,w0h0l-,legacy-cycle,300,0,0,11,,71.673,0,0,5,103.423,3,34.483,0,0,0,0,0.937,0.467,0.47,3.483,0.757,0,0,0,0,1,2,5,0,0,0,0,0,,,,,,,,,,,,,2,ledger-prep,1,1,demand-pulse,1,4,peak-settlement,1,7,300,300,300,2238,0,0,300,2265,0,0,300,2265,600,227,1500,0,0,0,0,0,0,0,0,1,7.46,,7.55,,7.55,0.3783,0,,,
meter-feast,3,smoke-screen,w0h0l-,greedy,300,239,0.7967,9.433,0.8212,16.689,0,0,2.38,44.7,2.973,5.577,1.09,0.12,1.067,0.023,1.343,1.04,0.367,1.857,0.513,0,0,0,0,0.09,1.997,4.14,0,0,0,0,0,,,,,,,,,,,,,2,ledger-prep,1,1,demand-pulse,1,4,peak-settlement,1,7,300,27,27,248,24,224,300,461,239,340,61,121,599,154,1242,320,0,0,0,0,0,0,0,0.09,9.1852,9.3333,1.5367,1.4226,1.9836,0.2571,0.2576,,,
meter-feast,3,smoke-screen,w0h0l-,planner,300,262,0.8733,8.987,0.7904,32.105,0,0,2.24,40.747,2.933,5.553,0.817,0.113,0.75,0.067,1.21,0.95,0.327,2.7,0.81,0,0,0,0,0.107,2,3.81,0,0,0,0,0,,,,,,,,,,,,,2,ledger-prep,1,1,demand-pulse,1,4,peak-settlement,1,7,300,32,32,294,31,285,300,654,262,385,38,269,600,243,1143,225,0,0,0,0,0,0,0,0.1067,9.1875,9.1935,2.18,1.4695,7.0789,0.405,0.1969,,,
meter-feast,3,smoke-screen,w0h0l-,forecast-aware,300,190,0.6333,10,0.8565,17.6,0,0,2.787,54.953,2.203,4.543,2.017,0,1.22,0.797,1.44,1.057,0.39,2.543,0.647,0,0,0,0,0.113,2,4.497,0,0,0,0,0,,,,,,,,,,,,,2,ledger-prep,1,1,demand-pulse,1,4,peak-settlement,1,7,300,34,34,329,30,289,300,464,190,262,110,202,600,194,1349,366,0,0,0,0,0,0,0,0.1133,9.6765,9.6333,1.5467,1.3789,1.8364,0.3233,0.2713,,,
meter-feast,3,smoke-screen,w0h0l-,planner-one-mistake,300,117,0.39,10.607,0.9083,37.153,0,0,3.287,66.147,2.953,16.403,1.367,0.13,1.32,0.047,1.583,1.373,0.257,1.85,0.413,0,0,0,0,0.057,2,4.853,0,0,0,0,0,262,300,262,109,0,5,295,0.416,1,18.0301,1,1,2,ledger-prep,1,1,demand-pulse,1,4,peak-settlement,1,7,300,17,17,168,14,140,300,1405,117,83,183,1322,600,124,1456,396,0,0,0,0,0,0,0,0.0567,9.8824,10,4.6833,0.7094,7.224,0.2067,0.272,,,
meter-feast,3,smoke-screen,w0h0l0,random,300,0,0,11,,82.393,0,0,4.76,79.017,2.88,17.797,0.36,1.76,0.24,0.12,0.703,0.503,0.27,1.3,0.307,0,0,0,0,0.047,2,5,0,0,0,0,0,,,,,,,,,,,,,2,ledger-prep,1,1,demand-pulse,1,4,peak-settlement,1,7,300,14,14,137,0,0,300,2097,0,0,300,2097,600,92,1500,72,0,0,0,0,0,0,0,0.0467,9.7857,,6.99,,6.99,0.1533,0.048,,,
meter-feast,3,smoke-screen,w0h0l0,single-water,300,0,0,11,,85.06,0,0,5,100.537,3,14.59,0,0,0,0,1,1,0,0,0,0,0,0,0,0,2,5,0,0,0,0,0,,,,,,,,,,,,,2,ledger-prep,1,1,demand-pulse,1,4,peak-settlement,1,7,300,0,0,0,0,0,300,2275,0,0,300,2275,600,0,1500,0,0,0,0,0,0,0,0,0,,,7.5833,,7.5833,0,0,,,
meter-feast,3,smoke-screen,w0h0l0,legacy-cycle,300,0,0,11,,71.673,0,0,5,103.423,3,34.483,0,0,0,0,0.937,0.467,0.47,3.483,0.757,0,0,0,0,1,2,5,0,0,0,0,0,,,,,,,,,,,,,2,ledger-prep,1,1,demand-pulse,1,4,peak-settlement,1,7,300,300,300,2238,0,0,300,2265,0,0,300,2265,600,227,1500,0,0,0,0,0,0,0,0,1,7.46,,7.55,,7.55,0.3783,0,,,
meter-feast,3,smoke-screen,w0h0l0,greedy,300,239,0.7967,9.433,0.8212,16.689,0,0,2.38,44.7,2.973,5.577,1.09,0.12,1.067,0.023,1.343,1.04,0.367,1.857,0.513,0,0,0,0,0.09,1.997,4.14,0,0,0,0,0,,,,,,,,,,,,,2,ledger-prep,1,1,demand-pulse,1,4,peak-settlement,1,7,300,27,27,248,24,224,300,461,239,340,61,121,599,154,1242,320,0,0,0,0,0,0,0,0.09,9.1852,9.3333,1.5367,1.4226,1.9836,0.2571,0.2576,,,
meter-feast,3,smoke-screen,w0h0l0,planner,300,262,0.8733,8.987,0.7904,32.105,0,0,2.24,40.747,2.933,5.553,0.817,0.113,0.75,0.067,1.21,0.95,0.327,2.7,0.81,0,0,0,0,0.107,2,3.81,0,0,0,0,0,,,,,,,,,,,,,2,ledger-prep,1,1,demand-pulse,1,4,peak-settlement,1,7,300,32,32,294,31,285,300,654,262,385,38,269,600,243,1143,225,0,0,0,0,0,0,0,0.1067,9.1875,9.1935,2.18,1.4695,7.0789,0.405,0.1969,,,
meter-feast,3,smoke-screen,w0h0l0,forecast-aware,300,190,0.6333,10,0.8565,17.6,0,0,2.787,54.953,2.203,4.543,2.017,0,1.22,0.797,1.44,1.057,0.39,2.543,0.647,0,0,0,0,0.113,2,4.497,0,0,0,0,0,,,,,,,,,,,,,2,ledger-prep,1,1,demand-pulse,1,4,peak-settlement,1,7,300,34,34,329,30,289,300,464,190,262,110,202,600,194,1349,366,0,0,0,0,0,0,0,0.1133,9.6765,9.6333,1.5467,1.3789,1.8364,0.3233,0.2713,,,
meter-feast,3,smoke-screen,w0h0l0,planner-one-mistake,300,117,0.39,10.607,0.9083,37.153,0,0,3.287,66.147,2.953,16.403,1.367,0.13,1.32,0.047,1.583,1.373,0.257,1.85,0.413,0,0,0,0,0.057,2,4.853,0,0,0,0,0,262,300,262,109,0,5,295,0.416,1,18.0301,1,1,2,ledger-prep,1,1,demand-pulse,1,4,peak-settlement,1,7,300,17,17,168,14,140,300,1405,117,83,183,1322,600,124,1456,396,0,0,0,0,0,0,0,0.0567,9.8824,10,4.6833,0.7094,7.224,0.2067,0.272,,,
meter-feast,3,smoke-screen,w0h0l+,random,300,0,0,11,,82.393,0,0,4.76,79.017,2.88,17.797,0.36,1.76,0.24,0.12,0.703,0.503,0.27,1.3,0.307,0,0,0,0,0.047,2,5,0,0,0,0,0,,,,,,,,,,,,,2,ledger-prep,1,1,demand-pulse,1,4,peak-settlement,1,7,300,14,14,137,0,0,300,2097,0,0,300,2097,600,92,1500,72,0,0,0,0,0,0,0,0.0467,9.7857,,6.99,,6.99,0.1533,0.048,,,
meter-feast,3,smoke-screen,w0h0l+,single-water,300,0,0,11,,85.06,0,0,5,100.537,3,14.59,0,0,0,0,1,1,0,0,0,0,0,0,0,0,2,5,0,0,0,0,0,,,,,,,,,,,,,2,ledger-prep,1,1,demand-pulse,1,4,peak-settlement,1,7,300,0,0,0,0,0,300,2275,0,0,300,2275,600,0,1500,0,0,0,0,0,0,0,0,0,,,7.5833,,7.5833,0,0,,,
meter-feast,3,smoke-screen,w0h0l+,legacy-cycle,300,0,0,11,,71.673,0,0,5,103.423,3,34.483,0,0,0,0,0.937,0.467,0.47,3.483,0.757,0,0,0,0,1,2,5,0,0,0,0,0,,,,,,,,,,,,,2,ledger-prep,1,1,demand-pulse,1,4,peak-settlement,1,7,300,300,300,2238,0,0,300,2265,0,0,300,2265,600,227,1500,0,0,0,0,0,0,0,0,1,7.46,,7.55,,7.55,0.3783,0,,,
meter-feast,3,smoke-screen,w0h0l+,greedy,300,239,0.7967,9.433,0.8212,16.689,0,0,2.38,44.7,2.973,5.577,1.09,0.12,1.067,0.023,1.343,1.04,0.367,1.857,0.513,0,0,0,0,0.09,1.997,4.14,0,0,0,0,0,,,,,,,,,,,,,2,ledger-prep,1,1,demand-pulse,1,4,peak-settlement,1,7,300,27,27,248,24,224,300,461,239,340,61,121,599,154,1242,320,0,0,0,0,0,0,0,0.09,9.1852,9.3333,1.5367,1.4226,1.9836,0.2571,0.2576,,,
meter-feast,3,smoke-screen,w0h0l+,planner,300,262,0.8733,8.987,0.7904,32.105,0,0,2.24,40.747,2.933,5.553,0.817,0.113,0.75,0.067,1.21,0.95,0.327,2.7,0.81,0,0,0,0,0.107,2,3.81,0,0,0,0,0,,,,,,,,,,,,,2,ledger-prep,1,1,demand-pulse,1,4,peak-settlement,1,7,300,32,32,294,31,285,300,654,262,385,38,269,600,243,1143,225,0,0,0,0,0,0,0,0.1067,9.1875,9.1935,2.18,1.4695,7.0789,0.405,0.1969,,,
meter-feast,3,smoke-screen,w0h0l+,forecast-aware,300,190,0.6333,10,0.8565,17.6,0,0,2.787,54.953,2.203,4.543,2.017,0,1.22,0.797,1.44,1.057,0.39,2.543,0.647,0,0,0,0,0.113,2,4.497,0,0,0,0,0,,,,,,,,,,,,,2,ledger-prep,1,1,demand-pulse,1,4,peak-settlement,1,7,300,34,34,329,30,289,300,464,190,262,110,202,600,194,1349,366,0,0,0,0,0,0,0,0.1133,9.6765,9.6333,1.5467,1.3789,1.8364,0.3233,0.2713,,,
meter-feast,3,smoke-screen,w0h0l+,planner-one-mistake,300,117,0.39,10.607,0.9083,37.153,0,0,3.287,66.147,2.953,16.403,1.367,0.13,1.32,0.047,1.583,1.373,0.257,1.85,0.413,0,0,0,0,0.057,2,4.853,0,0,0,0,0,262,300,262,109,0,5,295,0.416,1,18.0301,1,1,2,ledger-prep,1,1,demand-pulse,1,4,peak-settlement,1,7,300,17,17,168,14,140,300,1405,117,83,183,1322,600,124,1456,396,0,0,0,0,0,0,0,0.0567,9.8824,10,4.6833,0.7094,7.224,0.2067,0.272,,,
meter-feast,3,smoke-screen,w0h+l-,random,300,0,0,11,,81.563,0,0,4.76,80.223,2.88,18.077,0.36,1.76,0.24,0.12,0.703,0.503,0.27,1.3,0.307,0,0,0,0,0.047,2,5,0,0,0,0,0,,,,,,,,,,,,,2,ledger-prep,1,1,demand-pulse,1,4,peak-settlement,1,7,300,14,14,137,0,0,300,2097,0,0,300,2097,600,92,1500,72,0,0,0,0,0,0,0,0.0467,9.7857,,6.99,,6.99,0.1533,0.048,,,
meter-feast,3,smoke-screen,w0h+l-,single-water,300,0,0,11,,85.06,0,0,5,100.537,3,14.59,0,0,0,0,1,1,0,0,0,0,0,0,0,0,2,5,0,0,0,0,0,,,,,,,,,,,,,2,ledger-prep,1,1,demand-pulse,1,4,peak-settlement,1,7,300,0,0,0,0,0,300,2275,0,0,300,2275,600,0,1500,0,0,0,0,0,0,0,0,0,,,7.5833,,7.5833,0,0,,,
meter-feast,3,smoke-screen,w0h+l-,legacy-cycle,300,0,0,11,,68.913,0,0,5,103.677,3,34.89,0,0,0,0,0.937,0.467,0.47,3.483,0.757,0,0,0,0,1,2,5,0,0,0,0,0,,,,,,,,,,,,,2,ledger-prep,1,1,demand-pulse,1,4,peak-settlement,1,7,300,300,300,2238,0,0,300,2265,0,0,300,2265,600,227,1500,0,0,0,0,0,0,0,0,1,7.46,,7.55,,7.55,0.3783,0,,,
meter-feast,3,smoke-screen,w0h+l-,greedy,300,262,0.8733,9.027,0.7946,15.079,0,0,2.13,38.773,2.963,5.507,0.95,0.117,0.923,0.027,1.263,0.987,0.34,1.72,0.557,0,0,0,0,0.067,1.99,3.83,0,0,0,0,0,,,,,,,,,,,,,1.99,ledger-prep,1,1,demand-pulse,1,4,peak-settlement,0.99,7,300,20,20,183,17,156,300,519,262,457,38,62,597,167,1149,277,0,0,0,0,0,0,0,0.0667,9.15,9.1765,1.73,1.7443,1.6316,0.2797,0.2411,,,
meter-feast,3,smoke-screen,w0h+l-,planner,300,277,0.9233,8.58,0.7617,31.826,0,0,2.003,35.087,2.93,4.613,0.663,0.127,0.597,0.067,1.073,0.897,0.23,2.513,0.773,0,0,0,0,0.07,1.997,3.483,0,0,0,0,0,,,,,,,,,,,,,1.997,ledger-prep,1,1,demand-pulse,1,4,peak-settlement,0.9967,7,300,21,21,184,21,184,300,645,277,482,23,163,599,232,1045,179,0,0,0,0,0,0,0,0.07,8.7619,8.7619,2.15,1.7401,7.087,0.3873,0.1713,,,
meter-feast,3,smoke-screen,w0h+l-,forecast-aware,300,208,0.6933,9.763,0.8378,16,0,0,2.607,50.607,2.203,4.543,1.96,0,1.163,0.797,1.4,0.973,0.433,2.443,0.647,0,0,0,0,0.103,2,4.347,0,0,0,0,0,,,,,,,,,,,,,2,ledger-prep,1,1,demand-pulse,1,4,peak-settlement,1,7,300,31,31,298,29,277,300,467,208,300,92,167,600,194,1304,349,0,0,0,0,0,0,0,0.1033,9.6129,9.5517,1.5567,1.4423,1.8152,0.3233,0.2676,,,
meter-feast,3,smoke-screen,w0h+l-,planner-one-mistake,300,153,0.51,10.237,0.8639,36.156,0,0,3.06,60.353,2.943,16.297,1.233,0.123,1.177,0.057,1.59,1.353,0.29,1.71,0.413,0,0,0,0,0.063,2,4.643,0,0,0,0,0,277,300,277,145,0,4,296,0.5235,1,17.8102,1,1,2,ledger-prep,1,1,demand-pulse,1,4,peak-settlement,1,7,300,19,19,188,16,160,300,1214,153,140,147,1074,600,124,1393,353,0,0,0,0,0,0,0,0.0633,9.8947,10,4.0467,0.915,7.3061,0.2067,0.2534,,,
meter-feast,3,smoke-screen,w0h+l0,random,300,0,0,11,,81.563,0,0,4.76,80.223,2.88,18.077,0.36,1.76,0.24,0.12,0.703,0.503,0.27,1.3,0.307,0,0,0,0,0.047,2,5,0,0,0,0,0,,,,,,,,,,,,,2,ledger-prep,1,1,demand-pulse,1,4,peak-settlement,1,7,300,14,14,137,0,0,300,2097,0,0,300,2097,600,92,1500,72,0,0,0,0,0,0,0,0.0467,9.7857,,6.99,,6.99,0.1533,0.048,,,
meter-feast,3,smoke-screen,w0h+l0,single-water,300,0,0,11,,85.06,0,0,5,100.537,3,14.59,0,0,0,0,1,1,0,0,0,0,0,0,0,0,2,5,0,0,0,0,0,,,,,,,,,,,,,2,ledger-prep,1,1,demand-pulse,1,4,peak-settlement,1,7,300,0,0,0,0,0,300,2275,0,0,300,2275,600,0,1500,0,0,0,0,0,0,0,0,0,,,7.5833,,7.5833,0,0,,,
meter-feast,3,smoke-screen,w0h+l0,legacy-cycle,300,0,0,11,,68.913,0,0,5,103.677,3,34.89,0,0,0,0,0.937,0.467,0.47,3.483,0.757,0,0,0,0,1,2,5,0,0,0,0,0,,,,,,,,,,,,,2,ledger-prep,1,1,demand-pulse,1,4,peak-settlement,1,7,300,300,300,2238,0,0,300,2265,0,0,300,2265,600,227,1500,0,0,0,0,0,0,0,0,1,7.46,,7.55,,7.55,0.3783,0,,,
meter-feast,3,smoke-screen,w0h+l0,greedy,300,262,0.8733,9.027,0.7946,15.079,0,0,2.13,38.773,2.963,5.507,0.95,0.117,0.923,0.027,1.263,0.987,0.34,1.72,0.557,0,0,0,0,0.067,1.99,3.83,0,0,0,0,0,,,,,,,,,,,,,1.99,ledger-prep,1,1,demand-pulse,1,4,peak-settlement,0.99,7,300,20,20,183,17,156,300,519,262,457,38,62,597,167,1149,277,0,0,0,0,0,0,0,0.0667,9.15,9.1765,1.73,1.7443,1.6316,0.2797,0.2411,,,
meter-feast,3,smoke-screen,w0h+l0,planner,300,277,0.9233,8.58,0.7617,31.826,0,0,2.003,35.087,2.93,4.613,0.663,0.127,0.597,0.067,1.073,0.897,0.23,2.513,0.773,0,0,0,0,0.07,1.997,3.483,0,0,0,0,0,,,,,,,,,,,,,1.997,ledger-prep,1,1,demand-pulse,1,4,peak-settlement,0.9967,7,300,21,21,184,21,184,300,645,277,482,23,163,599,232,1045,179,0,0,0,0,0,0,0,0.07,8.7619,8.7619,2.15,1.7401,7.087,0.3873,0.1713,,,
meter-feast,3,smoke-screen,w0h+l0,forecast-aware,300,208,0.6933,9.763,0.8378,16,0,0,2.607,50.607,2.203,4.543,1.96,0,1.163,0.797,1.4,0.973,0.433,2.443,0.647,0,0,0,0,0.103,2,4.347,0,0,0,0,0,,,,,,,,,,,,,2,ledger-prep,1,1,demand-pulse,1,4,peak-settlement,1,7,300,31,31,298,29,277,300,467,208,300,92,167,600,194,1304,349,0,0,0,0,0,0,0,0.1033,9.6129,9.5517,1.5567,1.4423,1.8152,0.3233,0.2676,,,
meter-feast,3,smoke-screen,w0h+l0,planner-one-mistake,300,153,0.51,10.237,0.8639,36.156,0,0,3.06,60.353,2.943,16.297,1.233,0.123,1.177,0.057,1.59,1.353,0.29,1.71,0.413,0,0,0,0,0.063,2,4.643,0,0,0,0,0,277,300,277,145,0,4,296,0.5235,1,17.8102,1,1,2,ledger-prep,1,1,demand-pulse,1,4,peak-settlement,1,7,300,19,19,188,16,160,300,1214,153,140,147,1074,600,124,1393,353,0,0,0,0,0,0,0,0.0633,9.8947,10,4.0467,0.915,7.3061,0.2067,0.2534,,,
meter-feast,3,smoke-screen,w0h+l+,random,300,0,0,11,,81.563,0,0,4.76,80.223,2.88,18.077,0.36,1.76,0.24,0.12,0.703,0.503,0.27,1.3,0.307,0,0,0,0,0.047,2,5,0,0,0,0,0,,,,,,,,,,,,,2,ledger-prep,1,1,demand-pulse,1,4,peak-settlement,1,7,300,14,14,137,0,0,300,2097,0,0,300,2097,600,92,1500,72,0,0,0,0,0,0,0,0.0467,9.7857,,6.99,,6.99,0.1533,0.048,,,
meter-feast,3,smoke-screen,w0h+l+,single-water,300,0,0,11,,85.06,0,0,5,100.537,3,14.59,0,0,0,0,1,1,0,0,0,0,0,0,0,0,2,5,0,0,0,0,0,,,,,,,,,,,,,2,ledger-prep,1,1,demand-pulse,1,4,peak-settlement,1,7,300,0,0,0,0,0,300,2275,0,0,300,2275,600,0,1500,0,0,0,0,0,0,0,0,0,,,7.5833,,7.5833,0,0,,,
meter-feast,3,smoke-screen,w0h+l+,legacy-cycle,300,0,0,11,,68.913,0,0,5,103.677,3,34.89,0,0,0,0,0.937,0.467,0.47,3.483,0.757,0,0,0,0,1,2,5,0,0,0,0,0,,,,,,,,,,,,,2,ledger-prep,1,1,demand-pulse,1,4,peak-settlement,1,7,300,300,300,2238,0,0,300,2265,0,0,300,2265,600,227,1500,0,0,0,0,0,0,0,0,1,7.46,,7.55,,7.55,0.3783,0,,,
meter-feast,3,smoke-screen,w0h+l+,greedy,300,262,0.8733,9.027,0.7946,15.079,0,0,2.13,38.773,2.963,5.507,0.95,0.117,0.923,0.027,1.263,0.987,0.34,1.72,0.557,0,0,0,0,0.067,1.99,3.83,0,0,0,0,0,,,,,,,,,,,,,1.99,ledger-prep,1,1,demand-pulse,1,4,peak-settlement,0.99,7,300,20,20,183,17,156,300,519,262,457,38,62,597,167,1149,277,0,0,0,0,0,0,0,0.0667,9.15,9.1765,1.73,1.7443,1.6316,0.2797,0.2411,,,
meter-feast,3,smoke-screen,w0h+l+,planner,300,277,0.9233,8.58,0.7617,31.826,0,0,2.003,35.087,2.93,4.613,0.663,0.127,0.597,0.067,1.073,0.897,0.23,2.513,0.773,0,0,0,0,0.07,1.997,3.483,0,0,0,0,0,,,,,,,,,,,,,1.997,ledger-prep,1,1,demand-pulse,1,4,peak-settlement,0.9967,7,300,21,21,184,21,184,300,645,277,482,23,163,599,232,1045,179,0,0,0,0,0,0,0,0.07,8.7619,8.7619,2.15,1.7401,7.087,0.3873,0.1713,,,
meter-feast,3,smoke-screen,w0h+l+,forecast-aware,300,208,0.6933,9.763,0.8378,16,0,0,2.607,50.607,2.203,4.543,1.96,0,1.163,0.797,1.4,0.973,0.433,2.443,0.647,0,0,0,0,0.103,2,4.347,0,0,0,0,0,,,,,,,,,,,,,2,ledger-prep,1,1,demand-pulse,1,4,peak-settlement,1,7,300,31,31,298,29,277,300,467,208,300,92,167,600,194,1304,349,0,0,0,0,0,0,0,0.1033,9.6129,9.5517,1.5567,1.4423,1.8152,0.3233,0.2676,,,
meter-feast,3,smoke-screen,w0h+l+,planner-one-mistake,300,153,0.51,10.237,0.8639,36.156,0,0,3.06,60.353,2.943,16.297,1.233,0.123,1.177,0.057,1.59,1.353,0.29,1.71,0.413,0,0,0,0,0.063,2,4.643,0,0,0,0,0,277,300,277,145,0,4,296,0.5235,1,17.8102,1,1,2,ledger-prep,1,1,demand-pulse,1,4,peak-settlement,1,7,300,19,19,188,16,160,300,1214,153,140,147,1074,600,124,1393,353,0,0,0,0,0,0,0,0.0633,9.8947,10,4.0467,0.915,7.3061,0.2067,0.2534,,,
meter-feast,3,smoke-screen,w+h-l-,random,300,0,0,11,,82.103,0,0,4.76,79.297,2.88,17.723,0.36,1.76,0.24,0.12,0.703,0.503,0.273,1.3,0.307,0,0,0,0,0.047,2,5,0,0,0,0,0,,,,,,,,,,,,,2,ledger-prep,1,1,demand-pulse,1,4,peak-settlement,1,7,300,14,14,137,0,0,300,2097,0,0,300,2097,600,92,1500,72,0,0,0,0,0,0,0,0.0467,9.7857,,6.99,,6.99,0.1533,0.048,,,
meter-feast,3,smoke-screen,w+h-l-,single-water,300,0,0,11,,81.547,0,0,5,102.58,3,14.853,0,0,0,0,1,1,0,0,0,0,0,0,0,0,2,5,0,0,0,0,0,,,,,,,,,,,,,2,ledger-prep,1,1,demand-pulse,1,4,peak-settlement,1,7,300,0,0,0,0,0,300,2275,0,0,300,2275,600,0,1500,0,0,0,0,0,0,0,0,0,,,7.5833,,7.5833,0,0,,,
meter-feast,3,smoke-screen,w+h-l-,legacy-cycle,300,0,0,11,,71.96,0,0,5,103.283,3,34.693,0,0,0,0,0.937,0.467,0.47,3.483,0.757,0,0,0,0,1,2,5,0,0,0,0,0,,,,,,,,,,,,,2,ledger-prep,1,1,demand-pulse,1,4,peak-settlement,1,7,300,300,300,2238,0,0,300,2265,0,0,300,2265,600,227,1500,0,0,0,0,0,0,0,0,1,7.46,,7.55,,7.55,0.3783,0,,,
meter-feast,3,smoke-screen,w+h-l-,greedy,300,240,0.8,9.31,0.808,15.533,0,0,2.313,43.173,2.963,5.427,1.037,0.117,1.013,0.023,1.31,1.03,0.333,1.653,0.43,0,0,0,0,0.073,1.987,4.037,0,0,0,0,0,,,,,,,,,,,,,1.99,ledger-prep,1,1,demand-pulse,1,4,peak-settlement,0.99,7,300,22,22,201,19,175,300,439,240,335,60,104,596,129,1211,304,0,0,0,0,0,0,0,0.0733,9.1364,9.2105,1.4633,1.3958,1.7333,0.2164,0.251,,,
meter-feast,3,smoke-screen,w+h-l-,planner,300,260,0.8667,8.927,0.7825,32.925,0,0,2.18,39.5,2.97,5.713,0.79,0.117,0.76,0.03,1.217,0.92,0.35,2.483,0.763,0,0,0,0,0.083,2,3.767,0,0,0,0,0,,,,,,,,,,,,,2,ledger-prep,1,1,demand-pulse,1,4,peak-settlement,1,7,300,25,25,223,24,214,300,664,260,373,40,291,600,229,1130,228,0,0,0,0,0,0,0,0.0833,8.92,8.9167,2.2133,1.4346,7.275,0.3817,0.2018,,,
meter-feast,3,smoke-screen,w+h-l-,forecast-aware,300,177,0.59,10.067,0.8562,17.171,0,0,2.843,56.347,2.203,4.707,2.02,0,1.223,0.797,1.45,1.073,0.383,2.57,0.647,0,0,0,0,0.11,2,4.523,0,0,0,0,0,,,,,,,,,,,,,2,ledger-prep,1,1,demand-pulse,1,4,peak-settlement,1,7,300,33,33,319,29,279,300,457,177,237,123,220,600,194,1357,367,0,0,0,0,0,0,0,0.11,9.6667,9.6207,1.5233,1.339,1.7886,0.3233,0.2704,,,
meter-feast,3,smoke-screen,w+h-l-,planner-one-mistake,300,116,0.3867,10.543,0.8926,36.408,0,0,3.27,65.64,2.957,16.253,1.317,0.143,1.273,0.043,1.527,1.313,0.27,1.573,0.373,0,0,0,0,0.057,2,4.813,0,0,0,0,0,260,300,260,107,0,8,292,0.4115,1,16.9482,1,1,2,ledger-prep,1,1,demand-pulse,1,4,peak-settlement,1,7,300,17,17,169,15,150,300,1436,116,86,184,1350,600,112,1444,382,0,0,0,0,0,0,0,0.0567,9.9412,10,4.7867,0.7414,7.337,0.1867,0.2645,,,
meter-feast,3,smoke-screen,w+h-l0,random,300,0,0,11,,82.103,0,0,4.76,79.297,2.88,17.723,0.36,1.76,0.24,0.12,0.703,0.503,0.273,1.3,0.307,0,0,0,0,0.047,2,5,0,0,0,0,0,,,,,,,,,,,,,2,ledger-prep,1,1,demand-pulse,1,4,peak-settlement,1,7,300,14,14,137,0,0,300,2097,0,0,300,2097,600,92,1500,72,0,0,0,0,0,0,0,0.0467,9.7857,,6.99,,6.99,0.1533,0.048,,,
meter-feast,3,smoke-screen,w+h-l0,single-water,300,0,0,11,,81.547,0,0,5,102.58,3,14.853,0,0,0,0,1,1,0,0,0,0,0,0,0,0,2,5,0,0,0,0,0,,,,,,,,,,,,,2,ledger-prep,1,1,demand-pulse,1,4,peak-settlement,1,7,300,0,0,0,0,0,300,2275,0,0,300,2275,600,0,1500,0,0,0,0,0,0,0,0,0,,,7.5833,,7.5833,0,0,,,
meter-feast,3,smoke-screen,w+h-l0,legacy-cycle,300,0,0,11,,71.96,0,0,5,103.283,3,34.693,0,0,0,0,0.937,0.467,0.47,3.483,0.757,0,0,0,0,1,2,5,0,0,0,0,0,,,,,,,,,,,,,2,ledger-prep,1,1,demand-pulse,1,4,peak-settlement,1,7,300,300,300,2238,0,0,300,2265,0,0,300,2265,600,227,1500,0,0,0,0,0,0,0,0,1,7.46,,7.55,,7.55,0.3783,0,,,
meter-feast,3,smoke-screen,w+h-l0,greedy,300,240,0.8,9.31,0.808,15.533,0,0,2.313,43.173,2.963,5.427,1.037,0.117,1.013,0.023,1.31,1.03,0.333,1.653,0.43,0,0,0,0,0.073,1.987,4.037,0,0,0,0,0,,,,,,,,,,,,,1.99,ledger-prep,1,1,demand-pulse,1,4,peak-settlement,0.99,7,300,22,22,201,19,175,300,439,240,335,60,104,596,129,1211,304,0,0,0,0,0,0,0,0.0733,9.1364,9.2105,1.4633,1.3958,1.7333,0.2164,0.251,,,
meter-feast,3,smoke-screen,w+h-l0,planner,300,260,0.8667,8.927,0.7825,32.925,0,0,2.18,39.5,2.97,5.713,0.79,0.117,0.76,0.03,1.217,0.92,0.35,2.483,0.763,0,0,0,0,0.083,2,3.767,0,0,0,0,0,,,,,,,,,,,,,2,ledger-prep,1,1,demand-pulse,1,4,peak-settlement,1,7,300,25,25,223,24,214,300,664,260,373,40,291,600,229,1130,228,0,0,0,0,0,0,0,0.0833,8.92,8.9167,2.2133,1.4346,7.275,0.3817,0.2018,,,
meter-feast,3,smoke-screen,w+h-l0,forecast-aware,300,177,0.59,10.067,0.8562,17.171,0,0,2.843,56.347,2.203,4.707,2.02,0,1.223,0.797,1.45,1.073,0.383,2.57,0.647,0,0,0,0,0.11,2,4.523,0,0,0,0,0,,,,,,,,,,,,,2,ledger-prep,1,1,demand-pulse,1,4,peak-settlement,1,7,300,33,33,319,29,279,300,457,177,237,123,220,600,194,1357,367,0,0,0,0,0,0,0,0.11,9.6667,9.6207,1.5233,1.339,1.7886,0.3233,0.2704,,,
meter-feast,3,smoke-screen,w+h-l0,planner-one-mistake,300,116,0.3867,10.543,0.8926,36.408,0,0,3.27,65.64,2.957,16.253,1.317,0.143,1.273,0.043,1.527,1.313,0.27,1.573,0.373,0,0,0,0,0.057,2,4.813,0,0,0,0,0,260,300,260,107,0,8,292,0.4115,1,16.9482,1,1,2,ledger-prep,1,1,demand-pulse,1,4,peak-settlement,1,7,300,17,17,169,15,150,300,1436,116,86,184,1350,600,112,1444,382,0,0,0,0,0,0,0,0.0567,9.9412,10,4.7867,0.7414,7.337,0.1867,0.2645,,,
meter-feast,3,smoke-screen,w+h-l+,random,300,0,0,11,,82.103,0,0,4.76,79.297,2.88,17.723,0.36,1.76,0.24,0.12,0.703,0.503,0.273,1.3,0.307,0,0,0,0,0.047,2,5,0,0,0,0,0,,,,,,,,,,,,,2,ledger-prep,1,1,demand-pulse,1,4,peak-settlement,1,7,300,14,14,137,0,0,300,2097,0,0,300,2097,600,92,1500,72,0,0,0,0,0,0,0,0.0467,9.7857,,6.99,,6.99,0.1533,0.048,,,
meter-feast,3,smoke-screen,w+h-l+,single-water,300,0,0,11,,81.547,0,0,5,102.58,3,14.853,0,0,0,0,1,1,0,0,0,0,0,0,0,0,2,5,0,0,0,0,0,,,,,,,,,,,,,2,ledger-prep,1,1,demand-pulse,1,4,peak-settlement,1,7,300,0,0,0,0,0,300,2275,0,0,300,2275,600,0,1500,0,0,0,0,0,0,0,0,0,,,7.5833,,7.5833,0,0,,,
meter-feast,3,smoke-screen,w+h-l+,legacy-cycle,300,0,0,11,,71.96,0,0,5,103.283,3,34.693,0,0,0,0,0.937,0.467,0.47,3.483,0.757,0,0,0,0,1,2,5,0,0,0,0,0,,,,,,,,,,,,,2,ledger-prep,1,1,demand-pulse,1,4,peak-settlement,1,7,300,300,300,2238,0,0,300,2265,0,0,300,2265,600,227,1500,0,0,0,0,0,0,0,0,1,7.46,,7.55,,7.55,0.3783,0,,,
meter-feast,3,smoke-screen,w+h-l+,greedy,300,240,0.8,9.31,0.808,15.533,0,0,2.313,43.173,2.963,5.427,1.037,0.117,1.013,0.023,1.31,1.03,0.333,1.653,0.43,0,0,0,0,0.073,1.987,4.037,0,0,0,0,0,,,,,,,,,,,,,1.99,ledger-prep,1,1,demand-pulse,1,4,peak-settlement,0.99,7,300,22,22,201,19,175,300,439,240,335,60,104,596,129,1211,304,0,0,0,0,0,0,0,0.0733,9.1364,9.2105,1.4633,1.3958,1.7333,0.2164,0.251,,,
meter-feast,3,smoke-screen,w+h-l+,planner,300,260,0.8667,8.927,0.7825,32.925,0,0,2.18,39.5,2.97,5.713,0.79,0.117,0.76,0.03,1.217,0.92,0.35,2.483,0.763,0,0,0,0,0.083,2,3.767,0,0,0,0,0,,,,,,,,,,,,,2,ledger-prep,1,1,demand-pulse,1,4,peak-settlement,1,7,300,25,25,223,24,214,300,664,260,373,40,291,600,229,1130,228,0,0,0,0,0,0,0,0.0833,8.92,8.9167,2.2133,1.4346,7.275,0.3817,0.2018,,,
meter-feast,3,smoke-screen,w+h-l+,forecast-aware,300,177,0.59,10.067,0.8562,17.171,0,0,2.843,56.347,2.203,4.707,2.02,0,1.223,0.797,1.45,1.073,0.383,2.57,0.647,0,0,0,0,0.11,2,4.523,0,0,0,0,0,,,,,,,,,,,,,2,ledger-prep,1,1,demand-pulse,1,4,peak-settlement,1,7,300,33,33,319,29,279,300,457,177,237,123,220,600,194,1357,367,0,0,0,0,0,0,0,0.11,9.6667,9.6207,1.5233,1.339,1.7886,0.3233,0.2704,,,
meter-feast,3,smoke-screen,w+h-l+,planner-one-mistake,300,116,0.3867,10.543,0.8926,36.408,0,0,3.27,65.64,2.957,16.253,1.317,0.143,1.273,0.043,1.527,1.313,0.27,1.573,0.373,0,0,0,0,0.057,2,4.813,0,0,0,0,0,260,300,260,107,0,8,292,0.4115,1,16.9482,1,1,2,ledger-prep,1,1,demand-pulse,1,4,peak-settlement,1,7,300,17,17,169,15,150,300,1436,116,86,184,1350,600,112,1444,382,0,0,0,0,0,0,0,0.0567,9.9412,10,4.7867,0.7414,7.337,0.1867,0.2645,,,
meter-feast,3,smoke-screen,w+h0l-,random,300,0,0,11,,81.33,0,0,4.76,80.34,2.88,18.003,0.36,1.76,0.24,0.12,0.703,0.503,0.27,1.3,0.307,0,0,0,0,0.047,2,5,0,0,0,0,0,,,,,,,,,,,,,2,ledger-prep,1,1,demand-pulse,1,4,peak-settlement,1,7,300,14,14,137,0,0,300,2097,0,0,300,2097,600,92,1500,72,0,0,0,0,0,0,0,0.0467,9.7857,,6.99,,6.99,0.1533,0.048,,,
meter-feast,3,smoke-screen,w+h0l-,single-water,300,0,0,11,,81.547,0,0,5,102.58,3,14.853,0,0,0,0,1,1,0,0,0,0,0,0,0,0,2,5,0,0,0,0,0,,,,,,,,,,,,,2,ledger-prep,1,1,demand-pulse,1,4,peak-settlement,1,7,300,0,0,0,0,0,300,2275,0,0,300,2275,600,0,1500,0,0,0,0,0,0,0,0,0,,,7.5833,,7.5833,0,0,,,
meter-feast,3,smoke-screen,w+h0l-,legacy-cycle,300,0,0,11,,68.713,0,0,5,103.66,3,35.103,0,0,0,0,0.937,0.467,0.47,3.483,0.757,0,0,0,0,1,2,5,0,0,0,0,0,,,,,,,,,,,,,2,ledger-prep,1,1,demand-pulse,1,4,peak-settlement,1,7,300,300,300,2238,0,0,300,2265,0,0,300,2265,600,227,1500,0,0,0,0,0,0,0,0,1,7.46,,7.55,,7.55,0.3783,0,,,
meter-feast,3,smoke-screen,w+h0l-,greedy,300,258,0.86,8.97,0.7854,15.5,0,0,2.097,37.98,2.953,5.28,0.94,0.127,0.917,0.023,1.233,0.97,0.31,1.663,0.49,0,0,0,0,0.063,1.977,3.797,0,0,0,0,0,,,,,,,,,,,,,1.983,ledger-prep,1,1,demand-pulse,1,4,peak-settlement,0.9833,7,300,19,19,166,18,157,300,507,258,433,42,74,593,147,1139,275,0,0,0,0,0,0,0,0.0633,8.7368,8.7222,1.69,1.6783,1.7619,0.2479,0.2414,,,
meter-feast,3,smoke-screen,w+h0l-,planner,300,275,0.9167,8.573,0.7593,34.12,0,0,2.003,35.3,2.937,4.907,0.647,0.127,0.613,0.033,1.137,0.92,0.263,2.47,0.787,0,0,0,0,0.06,1.97,3.49,0,0,0,0,0,,,,,,,,,,,,,1.97,ledger-prep,1,1,demand-pulse,1,4,peak-settlement,0.97,7,300,18,18,159,18,159,300,617,275,437,25,180,591,236,1047,184,0,0,0,0,0,0,0,0.06,8.8333,8.8333,2.0567,1.5891,7.2,0.3993,0.1757,,,
meter-feast,3,smoke-screen,w+h0l-,forecast-aware,300,205,0.6833,9.843,0.8461,16.021,0,0,2.66,51.887,2.203,4.707,1.99,0,1.193,0.797,1.41,0.993,0.423,2.493,0.647,0,0,0,0,0.107,2,4.403,0,0,0,0,0,,,,,,,,,,,,,2,ledger-prep,1,1,demand-pulse,1,4,peak-settlement,1,7,300,32,32,309,31,298,300,472,205,295,95,177,600,194,1321,358,0,0,0,0,0,0,0,0.1067,9.6563,9.6129,1.5733,1.439,1.8632,0.3233,0.271,,,
meter-feast,3,smoke-screen,w+h0l-,planner-one-mistake,300,147,0.49,10.267,0.8639,35.758,0,0,3.053,60.473,2.96,16.51,1.253,0.14,1.217,0.037,1.51,1.3,0.263,1.58,0.357,0,0,0,0,0.047,1.997,4.657,0,0,0,0,0,275,299,274,139,1,6,293,0.5073,0.9964,17.6527,1,1,1.997,ledger-prep,1,1,demand-pulse,1,4,peak-settlement,0.9967,7,300,14,14,138,12,119,300,1242,147,129,153,1113,599,107,1397,365,0,0,0,0,0,0,0,0.0467,9.8571,9.9167,4.14,0.8776,7.2745,0.1786,0.2613,,,
meter-feast,3,smoke-screen,w+h0l0,random,300,0,0,11,,81.33,0,0,4.76,80.34,2.88,18.003,0.36,1.76,0.24,0.12,0.703,0.503,0.27,1.3,0.307,0,0,0,0,0.047,2,5,0,0,0,0,0,,,,,,,,,,,,,2,ledger-prep,1,1,demand-pulse,1,4,peak-settlement,1,7,300,14,14,137,0,0,300,2097,0,0,300,2097,600,92,1500,72,0,0,0,0,0,0,0,0.0467,9.7857,,6.99,,6.99,0.1533,0.048,,,
meter-feast,3,smoke-screen,w+h0l0,single-water,300,0,0,11,,81.547,0,0,5,102.58,3,14.853,0,0,0,0,1,1,0,0,0,0,0,0,0,0,2,5,0,0,0,0,0,,,,,,,,,,,,,2,ledger-prep,1,1,demand-pulse,1,4,peak-settlement,1,7,300,0,0,0,0,0,300,2275,0,0,300,2275,600,0,1500,0,0,0,0,0,0,0,0,0,,,7.5833,,7.5833,0,0,,,
meter-feast,3,smoke-screen,w+h0l0,legacy-cycle,300,0,0,11,,68.713,0,0,5,103.66,3,35.103,0,0,0,0,0.937,0.467,0.47,3.483,0.757,0,0,0,0,1,2,5,0,0,0,0,0,,,,,,,,,,,,,2,ledger-prep,1,1,demand-pulse,1,4,peak-settlement,1,7,300,300,300,2238,0,0,300,2265,0,0,300,2265,600,227,1500,0,0,0,0,0,0,0,0,1,7.46,,7.55,,7.55,0.3783,0,,,
meter-feast,3,smoke-screen,w+h0l0,greedy,300,258,0.86,8.97,0.7854,15.5,0,0,2.097,37.98,2.953,5.28,0.94,0.127,0.917,0.023,1.233,0.97,0.31,1.663,0.49,0,0,0,0,0.063,1.977,3.797,0,0,0,0,0,,,,,,,,,,,,,1.983,ledger-prep,1,1,demand-pulse,1,4,peak-settlement,0.9833,7,300,19,19,166,18,157,300,507,258,433,42,74,593,147,1139,275,0,0,0,0,0,0,0,0.0633,8.7368,8.7222,1.69,1.6783,1.7619,0.2479,0.2414,,,
meter-feast,3,smoke-screen,w+h0l0,planner,300,275,0.9167,8.573,0.7593,34.12,0,0,2.003,35.3,2.937,4.907,0.647,0.127,0.613,0.033,1.137,0.92,0.263,2.47,0.787,0,0,0,0,0.06,1.97,3.49,0,0,0,0,0,,,,,,,,,,,,,1.97,ledger-prep,1,1,demand-pulse,1,4,peak-settlement,0.97,7,300,18,18,159,18,159,300,617,275,437,25,180,591,236,1047,184,0,0,0,0,0,0,0,0.06,8.8333,8.8333,2.0567,1.5891,7.2,0.3993,0.1757,,,
meter-feast,3,smoke-screen,w+h0l0,forecast-aware,300,205,0.6833,9.843,0.8461,16.021,0,0,2.66,51.887,2.203,4.707,1.99,0,1.193,0.797,1.41,0.993,0.423,2.493,0.647,0,0,0,0,0.107,2,4.403,0,0,0,0,0,,,,,,,,,,,,,2,ledger-prep,1,1,demand-pulse,1,4,peak-settlement,1,7,300,32,32,309,31,298,300,472,205,295,95,177,600,194,1321,358,0,0,0,0,0,0,0,0.1067,9.6563,9.6129,1.5733,1.439,1.8632,0.3233,0.271,,,
meter-feast,3,smoke-screen,w+h0l0,planner-one-mistake,300,147,0.49,10.267,0.8639,35.758,0,0,3.053,60.473,2.96,16.51,1.253,0.14,1.217,0.037,1.51,1.3,0.263,1.58,0.357,0,0,0,0,0.047,1.997,4.657,0,0,0,0,0,275,299,274,139,1,6,293,0.5073,0.9964,17.6527,1,1,1.997,ledger-prep,1,1,demand-pulse,1,4,peak-settlement,0.9967,7,300,14,14,138,12,119,300,1242,147,129,153,1113,599,107,1397,365,0,0,0,0,0,0,0,0.0467,9.8571,9.9167,4.14,0.8776,7.2745,0.1786,0.2613,,,
meter-feast,3,smoke-screen,w+h0l+,random,300,0,0,11,,81.33,0,0,4.76,80.34,2.88,18.003,0.36,1.76,0.24,0.12,0.703,0.503,0.27,1.3,0.307,0,0,0,0,0.047,2,5,0,0,0,0,0,,,,,,,,,,,,,2,ledger-prep,1,1,demand-pulse,1,4,peak-settlement,1,7,300,14,14,137,0,0,300,2097,0,0,300,2097,600,92,1500,72,0,0,0,0,0,0,0,0.0467,9.7857,,6.99,,6.99,0.1533,0.048,,,
meter-feast,3,smoke-screen,w+h0l+,single-water,300,0,0,11,,81.547,0,0,5,102.58,3,14.853,0,0,0,0,1,1,0,0,0,0,0,0,0,0,2,5,0,0,0,0,0,,,,,,,,,,,,,2,ledger-prep,1,1,demand-pulse,1,4,peak-settlement,1,7,300,0,0,0,0,0,300,2275,0,0,300,2275,600,0,1500,0,0,0,0,0,0,0,0,0,,,7.5833,,7.5833,0,0,,,
meter-feast,3,smoke-screen,w+h0l+,legacy-cycle,300,0,0,11,,68.713,0,0,5,103.66,3,35.103,0,0,0,0,0.937,0.467,0.47,3.483,0.757,0,0,0,0,1,2,5,0,0,0,0,0,,,,,,,,,,,,,2,ledger-prep,1,1,demand-pulse,1,4,peak-settlement,1,7,300,300,300,2238,0,0,300,2265,0,0,300,2265,600,227,1500,0,0,0,0,0,0,0,0,1,7.46,,7.55,,7.55,0.3783,0,,,
meter-feast,3,smoke-screen,w+h0l+,greedy,300,258,0.86,8.97,0.7854,15.5,0,0,2.097,37.98,2.953,5.28,0.94,0.127,0.917,0.023,1.233,0.97,0.31,1.663,0.49,0,0,0,0,0.063,1.977,3.797,0,0,0,0,0,,,,,,,,,,,,,1.983,ledger-prep,1,1,demand-pulse,1,4,peak-settlement,0.9833,7,300,19,19,166,18,157,300,507,258,433,42,74,593,147,1139,275,0,0,0,0,0,0,0,0.0633,8.7368,8.7222,1.69,1.6783,1.7619,0.2479,0.2414,,,
meter-feast,3,smoke-screen,w+h0l+,planner,300,275,0.9167,8.573,0.7593,34.12,0,0,2.003,35.3,2.937,4.907,0.647,0.127,0.613,0.033,1.137,0.92,0.263,2.47,0.787,0,0,0,0,0.06,1.97,3.49,0,0,0,0,0,,,,,,,,,,,,,1.97,ledger-prep,1,1,demand-pulse,1,4,peak-settlement,0.97,7,300,18,18,159,18,159,300,617,275,437,25,180,591,236,1047,184,0,0,0,0,0,0,0,0.06,8.8333,8.8333,2.0567,1.5891,7.2,0.3993,0.1757,,,
meter-feast,3,smoke-screen,w+h0l+,forecast-aware,300,205,0.6833,9.843,0.8461,16.021,0,0,2.66,51.887,2.203,4.707,1.99,0,1.193,0.797,1.41,0.993,0.423,2.493,0.647,0,0,0,0,0.107,2,4.403,0,0,0,0,0,,,,,,,,,,,,,2,ledger-prep,1,1,demand-pulse,1,4,peak-settlement,1,7,300,32,32,309,31,298,300,472,205,295,95,177,600,194,1321,358,0,0,0,0,0,0,0,0.1067,9.6563,9.6129,1.5733,1.439,1.8632,0.3233,0.271,,,
meter-feast,3,smoke-screen,w+h0l+,planner-one-mistake,300,147,0.49,10.267,0.8639,35.758,0,0,3.053,60.473,2.96,16.51,1.253,0.14,1.217,0.037,1.51,1.3,0.263,1.58,0.357,0,0,0,0,0.047,1.997,4.657,0,0,0,0,0,275,299,274,139,1,6,293,0.5073,0.9964,17.6527,1,1,1.997,ledger-prep,1,1,demand-pulse,1,4,peak-settlement,0.9967,7,300,14,14,138,12,119,300,1242,147,129,153,1113,599,107,1397,365,0,0,0,0,0,0,0,0.0467,9.8571,9.9167,4.14,0.8776,7.2745,0.1786,0.2613,,,
meter-feast,3,smoke-screen,w+h+l-,random,300,0,0,11,,80.453,0,0,4.76,81.497,2.88,18.283,0.36,1.76,0.24,0.12,0.703,0.503,0.27,1.3,0.307,0,0,0,0,0.047,2,5,0,0,0,0,0,,,,,,,,,,,,,2,ledger-prep,1,1,demand-pulse,1,4,peak-settlement,1,7,300,14,14,137,0,0,300,2097,0,0,300,2097,600,92,1500,72,0,0,0,0,0,0,0,0.0467,9.7857,,6.99,,6.99,0.1533,0.048,,,
meter-feast,3,smoke-screen,w+h+l-,single-water,300,0,0,11,,81.547,0,0,5,102.58,3,14.853,0,0,0,0,1,1,0,0,0,0,0,0,0,0,2,5,0,0,0,0,0,,,,,,,,,,,,,2,ledger-prep,1,1,demand-pulse,1,4,peak-settlement,1,7,300,0,0,0,0,0,300,2275,0,0,300,2275,600,0,1500,0,0,0,0,0,0,0,0,0,,,7.5833,,7.5833,0,0,,,
meter-feast,3,smoke-screen,w+h+l-,legacy-cycle,300,0,0,11,,65.777,0,0,5,103.79,3,35.51,0,0,0,0,0.937,0.467,0.47,3.483,0.757,0,0,0,0,1,2,5,0,0,0,0,0,,,,,,,,,,,,,2,ledger-prep,1,1,demand-pulse,1,4,peak-settlement,1,7,300,300,300,2238,0,0,300,2265,0,0,300,2265,600,227,1500,0,0,0,0,0,0,0,0,1,7.46,,7.55,,7.55,0.3783,0,,,
meter-feast,3,smoke-screen,w+h+l-,greedy,300,270,0.9,8.75,0.7727,14.9,0,0,2,35.673,2.957,5.307,0.833,0.13,0.81,0.023,1.17,0.93,0.287,1.693,0.533,0,0,0,0,0.063,1.98,3.62,0,0,0,0,0,,,,,,,,,,,,,1.983,ledger-prep,1,1,demand-pulse,1,4,peak-settlement,0.9833,7,300,19,19,165,17,146,300,545,270,486,30,59,594,160,1086,243,0,0,0,0,0,0,0,0.0633,8.6842,8.5882,1.8167,1.8,1.9667,0.2694,0.2238,,,
meter-feast,3,smoke-screen,w+h+l-,planner,300,280,0.9333,8.383,0.7451,32.35,0,0,1.887,32.433,2.91,4.847,0.607,0.123,0.547,0.06,1.077,0.88,0.257,2.383,0.767,0,0,0,0,0.047,1.97,3.327,0,0,0,0,0,,,,,,,,,,,,,1.97,ledger-prep,1,1,demand-pulse,1,4,peak-settlement,0.97,7,300,14,14,116,13,107,300,619,280,484,20,135,591,230,998,164,0,0,0,0,0,0,0,0.0467,8.2857,8.2308,2.0633,1.7286,6.75,0.3892,0.1643,,,
meter-feast,3,smoke-screen,w+h+l-,forecast-aware,300,224,0.7467,9.573,0.8263,14.974,0,0,2.453,46.973,2.203,4.707,1.93,0,1.133,0.797,1.337,0.923,0.437,2.39,0.647,0,0,0,0,0.08,2,4.217,0,0,0,0,0,,,,,,,,,,,,,2,ledger-prep,1,1,demand-pulse,1,4,peak-settlement,1,7,300,24,24,227,24,227,300,484,224,348,76,136,600,194,1265,340,0,0,0,0,0,0,0,0.08,9.4583,9.4583,1.6133,1.5536,1.7895,0.3233,0.2688,,,
meter-feast,3,smoke-screen,w+h+l-,planner-one-mistake,300,187,0.6233,10.02,0.8571,35.593,0,0,2.883,56.32,2.95,16.233,1.187,0.137,1.14,0.047,1.527,1.317,0.253,1.597,0.35,0,0,0,0,0.05,1.997,4.527,0,0,0,0,0,280,299,279,173,1,4,295,0.6201,0.9964,17.7576,1,1,1.997,ledger-prep,1,1,demand-pulse,1,4,peak-settlement,0.9967,7,300,15,15,150,15,150,300,1004,187,174,113,830,599,105,1358,342,0,0,0,0,0,0,0,0.05,10,10,3.3467,0.9305,7.3451,0.1753,0.2518,,,
meter-feast,3,smoke-screen,w+h+l0,random,300,0,0,11,,80.453,0,0,4.76,81.497,2.88,18.283,0.36,1.76,0.24,0.12,0.703,0.503,0.27,1.3,0.307,0,0,0,0,0.047,2,5,0,0,0,0,0,,,,,,,,,,,,,2,ledger-prep,1,1,demand-pulse,1,4,peak-settlement,1,7,300,14,14,137,0,0,300,2097,0,0,300,2097,600,92,1500,72,0,0,0,0,0,0,0,0.0467,9.7857,,6.99,,6.99,0.1533,0.048,,,
meter-feast,3,smoke-screen,w+h+l0,single-water,300,0,0,11,,81.547,0,0,5,102.58,3,14.853,0,0,0,0,1,1,0,0,0,0,0,0,0,0,2,5,0,0,0,0,0,,,,,,,,,,,,,2,ledger-prep,1,1,demand-pulse,1,4,peak-settlement,1,7,300,0,0,0,0,0,300,2275,0,0,300,2275,600,0,1500,0,0,0,0,0,0,0,0,0,,,7.5833,,7.5833,0,0,,,
meter-feast,3,smoke-screen,w+h+l0,legacy-cycle,300,0,0,11,,65.777,0,0,5,103.79,3,35.51,0,0,0,0,0.937,0.467,0.47,3.483,0.757,0,0,0,0,1,2,5,0,0,0,0,0,,,,,,,,,,,,,2,ledger-prep,1,1,demand-pulse,1,4,peak-settlement,1,7,300,300,300,2238,0,0,300,2265,0,0,300,2265,600,227,1500,0,0,0,0,0,0,0,0,1,7.46,,7.55,,7.55,0.3783,0,,,
meter-feast,3,smoke-screen,w+h+l0,greedy,300,270,0.9,8.75,0.7727,14.9,0,0,2,35.673,2.957,5.307,0.833,0.13,0.81,0.023,1.17,0.93,0.287,1.693,0.533,0,0,0,0,0.063,1.98,3.62,0,0,0,0,0,,,,,,,,,,,,,1.983,ledger-prep,1,1,demand-pulse,1,4,peak-settlement,0.9833,7,300,19,19,165,17,146,300,545,270,486,30,59,594,160,1086,243,0,0,0,0,0,0,0,0.0633,8.6842,8.5882,1.8167,1.8,1.9667,0.2694,0.2238,,,
meter-feast,3,smoke-screen,w+h+l0,planner,300,280,0.9333,8.383,0.7451,32.35,0,0,1.887,32.433,2.91,4.847,0.607,0.123,0.547,0.06,1.077,0.88,0.257,2.383,0.767,0,0,0,0,0.047,1.97,3.327,0,0,0,0,0,,,,,,,,,,,,,1.97,ledger-prep,1,1,demand-pulse,1,4,peak-settlement,0.97,7,300,14,14,116,13,107,300,619,280,484,20,135,591,230,998,164,0,0,0,0,0,0,0,0.0467,8.2857,8.2308,2.0633,1.7286,6.75,0.3892,0.1643,,,
meter-feast,3,smoke-screen,w+h+l0,forecast-aware,300,224,0.7467,9.573,0.8263,14.974,0,0,2.453,46.973,2.203,4.707,1.93,0,1.133,0.797,1.337,0.923,0.437,2.39,0.647,0,0,0,0,0.08,2,4.217,0,0,0,0,0,,,,,,,,,,,,,2,ledger-prep,1,1,demand-pulse,1,4,peak-settlement,1,7,300,24,24,227,24,227,300,484,224,348,76,136,600,194,1265,340,0,0,0,0,0,0,0,0.08,9.4583,9.4583,1.6133,1.5536,1.7895,0.3233,0.2688,,,
meter-feast,3,smoke-screen,w+h+l0,planner-one-mistake,300,187,0.6233,10.02,0.8571,35.593,0,0,2.883,56.32,2.95,16.233,1.187,0.137,1.14,0.047,1.527,1.317,0.253,1.597,0.35,0,0,0,0,0.05,1.997,4.527,0,0,0,0,0,280,299,279,173,1,4,295,0.6201,0.9964,17.7576,1,1,1.997,ledger-prep,1,1,demand-pulse,1,4,peak-settlement,0.9967,7,300,15,15,150,15,150,300,1004,187,174,113,830,599,105,1358,342,0,0,0,0,0,0,0,0.05,10,10,3.3467,0.9305,7.3451,0.1753,0.2518,,,
meter-feast,3,smoke-screen,w+h+l+,random,300,0,0,11,,80.453,0,0,4.76,81.497,2.88,18.283,0.36,1.76,0.24,0.12,0.703,0.503,0.27,1.3,0.307,0,0,0,0,0.047,2,5,0,0,0,0,0,,,,,,,,,,,,,2,ledger-prep,1,1,demand-pulse,1,4,peak-settlement,1,7,300,14,14,137,0,0,300,2097,0,0,300,2097,600,92,1500,72,0,0,0,0,0,0,0,0.0467,9.7857,,6.99,,6.99,0.1533,0.048,,,
meter-feast,3,smoke-screen,w+h+l+,single-water,300,0,0,11,,81.547,0,0,5,102.58,3,14.853,0,0,0,0,1,1,0,0,0,0,0,0,0,0,2,5,0,0,0,0,0,,,,,,,,,,,,,2,ledger-prep,1,1,demand-pulse,1,4,peak-settlement,1,7,300,0,0,0,0,0,300,2275,0,0,300,2275,600,0,1500,0,0,0,0,0,0,0,0,0,,,7.5833,,7.5833,0,0,,,
meter-feast,3,smoke-screen,w+h+l+,legacy-cycle,300,0,0,11,,65.777,0,0,5,103.79,3,35.51,0,0,0,0,0.937,0.467,0.47,3.483,0.757,0,0,0,0,1,2,5,0,0,0,0,0,,,,,,,,,,,,,2,ledger-prep,1,1,demand-pulse,1,4,peak-settlement,1,7,300,300,300,2238,0,0,300,2265,0,0,300,2265,600,227,1500,0,0,0,0,0,0,0,0,1,7.46,,7.55,,7.55,0.3783,0,,,
meter-feast,3,smoke-screen,w+h+l+,greedy,300,270,0.9,8.75,0.7727,14.9,0,0,2,35.673,2.957,5.307,0.833,0.13,0.81,0.023,1.17,0.93,0.287,1.693,0.533,0,0,0,0,0.063,1.98,3.62,0,0,0,0,0,,,,,,,,,,,,,1.983,ledger-prep,1,1,demand-pulse,1,4,peak-settlement,0.9833,7,300,19,19,165,17,146,300,545,270,486,30,59,594,160,1086,243,0,0,0,0,0,0,0,0.0633,8.6842,8.5882,1.8167,1.8,1.9667,0.2694,0.2238,,,
meter-feast,3,smoke-screen,w+h+l+,planner,300,280,0.9333,8.383,0.7451,32.35,0,0,1.887,32.433,2.91,4.847,0.607,0.123,0.547,0.06,1.077,0.88,0.257,2.383,0.767,0,0,0,0,0.047,1.97,3.327,0,0,0,0,0,,,,,,,,,,,,,1.97,ledger-prep,1,1,demand-pulse,1,4,peak-settlement,0.97,7,300,14,14,116,13,107,300,619,280,484,20,135,591,230,998,164,0,0,0,0,0,0,0,0.0467,8.2857,8.2308,2.0633,1.7286,6.75,0.3892,0.1643,,,
meter-feast,3,smoke-screen,w+h+l+,forecast-aware,300,224,0.7467,9.573,0.8263,14.974,0,0,2.453,46.973,2.203,4.707,1.93,0,1.133,0.797,1.337,0.923,0.437,2.39,0.647,0,0,0,0,0.08,2,4.217,0,0,0,0,0,,,,,,,,,,,,,2,ledger-prep,1,1,demand-pulse,1,4,peak-settlement,1,7,300,24,24,227,24,227,300,484,224,348,76,136,600,194,1265,340,0,0,0,0,0,0,0,0.08,9.4583,9.4583,1.6133,1.5536,1.7895,0.3233,0.2688,,,
meter-feast,3,smoke-screen,w+h+l+,planner-one-mistake,300,187,0.6233,10.02,0.8571,35.593,0,0,2.883,56.32,2.95,16.233,1.187,0.137,1.14,0.047,1.527,1.317,0.253,1.597,0.35,0,0,0,0,0.05,1.997,4.527,0,0,0,0,0,280,299,279,173,1,4,295,0.6201,0.9964,17.7576,1,1,1.997,ledger-prep,1,1,demand-pulse,1,4,peak-settlement,0.9967,7,300,15,15,150,15,150,300,1004,187,174,113,830,599,105,1358,342,0,0,0,0,0,0,0,0.05,10,10,3.3467,0.9305,7.3451,0.1753,0.2518,,,
mirror-shade,4,tide-siege,w-h-l-,random,300,0,0,9,,93.713,0,0,3.837,62.573,4.753,24.333,0.41,1.017,0.163,0.247,0.543,0.363,0.247,1.02,0,0,0,0,0,0.033,0,4,3.57,3.57,2.047,0.497,26.443,,,,,,,,,,,,,2,reflection,1,1,borrowed-shadow,1,4,counter-exam,1,7,300,10,10,90,0,0,300,1978,0,0,300,1978,0,0,1200,49,1071,1071,614,149,7933,118,0,0.0333,9,,6.5933,,6.5933,,0.0408,0.5733,0.1391,0
mirror-shade,4,tide-siege,w-h-l-,single-water,300,0,0,9,,100,0,0,4,33.163,5,66.873,0,0,0,0,1,1,0.537,0,0,0,0,0,0,0,0,4,4,4,0,0,0,,,,,,,,,,,,,2,reflection,1,1,borrowed-shadow,1,4,counter-exam,1,7,300,0,0,0,0,0,300,2394,0,0,300,2394,0,0,1200,0,1200,1200,0,0,0,0,0,0,,,7.98,,7.98,,0,0,0,
mirror-shade,4,tide-siege,w-h-l-,legacy-cycle,300,0,0,9,,92.193,0,0,4,80.453,5,42.887,0,0,0,0,0.13,0,0.13,2.657,0,0,0,0,0,0.99,0,4,4,4,3.133,0,36.633,,,,,,,,,,,,,2,reflection,1,1,borrowed-shadow,1,4,counter-exam,1,7,300,297,297,2175,0,0,300,1724,0,0,300,1724,0,0,1200,0,1200,1200,940,0,10990,0,0,0.99,7.3232,,5.7467,,5.7467,,0,0.7833,0,
mirror-shade,4,tide-siege,w-h-l-,greedy,300,164,0.5467,8.61,0.9207,32.11,0,0,2.207,43.007,4.887,2.19,0.987,0.143,0.907,0.08,1.287,0.94,0.377,1.797,0,0,0,0,0,0.013,0,3.613,3.887,3.887,3.753,1.45,56.73,,,,,,,,,,,,,1.997,reflection,1,1,borrowed-shadow,1,4,counter-exam,0.9967,7,300,4,4,34,2,18,300,621,164,295,136,326,0,0,1084,272,1166,1166,1126,435,17019,285,157,0.0133,8.5,9,2.07,1.7988,2.3971,,0.2509,0.9657,0.3731,0.5509
mirror-shade,4,tide-siege,w-h-l-,planner,300,182,0.6067,8.597,0.9261,56.72,0,0,2.397,47.233,4.88,2.057,0.72,0.1,0.63,0.09,1.13,0.757,0.4,2.133,0,0,0,0,0,0.027,0,3.603,3.88,3.88,3.74,1.647,59.37,,,,,,,,,,,,,1.993,reflection,1,1,borrowed-shadow,1,4,counter-exam,0.9933,7,300,8,8,71,7,63,300,1143,182,186,118,957,0,0,1081,189,1164,1164,1122,494,17811,298,181,0.0267,8.875,9,3.81,1.022,8.1102,,0.1748,0.9639,0.4244,0.6074
mirror-shade,4,tide-siege,w-h-l-,forecast-aware,300,90,0.3,8.807,0.9284,39.071,0,0,2.623,52.287,3.687,2.493,2.22,0,0.91,1.31,1.217,0.86,0.367,2.16,0,0,0,0,0,0.017,0,3.807,2.893,2.893,2.663,0.85,40.083,,,,,,,,,,,,,2,reflection,1,1,borrowed-shadow,1,4,counter-exam,1,7,300,5,5,44,5,44,300,586,90,128,210,458,0,0,1142,273,868,868,799,255,12025,196,68,0.0167,8.8,8.8,1.9533,1.4222,2.181,,0.2391,0.9205,0.2938,0.3469
mirror-shade,4,tide-siege,w-h-l-,planner-one-mistake,300,67,0.2233,8.913,0.9569,62.897,0,0,3.063,62.76,4.94,12.17,0.687,0.247,0.627,0.06,1.047,0.753,0.313,2.407,0,0,0,0,0,0.007,0,3.913,3.94,3.94,3.447,1.497,58.043,182,300,182,56,0,20,280,0.3077,1,12.9683,3.5,0,2,reflection,1,1,borrowed-shadow,1,4,counter-exam,1,7,300,2,2,18,2,18,300,1898,67,45,233,1853,0,0,1174,188,1182,1182,1034,449,17413,283,65,0.0067,9,9,6.3267,0.6716,7.9528,,0.1601,0.8748,0.3799,0.2297
mirror-shade,4,tide-siege,w-h-l0,random,300,0,0,9,,93.187,0,0,3.837,63.267,4.753,24.8,0.41,1.017,0.163,0.247,0.543,0.363,0.243,1.02,0,0,0,0,0,0.033,0,4,3.57,3.57,2.047,0.497,26.9,,,,,,,,,,,,,2,reflection,1,1,borrowed-shadow,1,4,counter-exam,1,7,300,10,10,90,0,0,300,1978,0,0,300,1978,0,0,1200,49,1071,1071,614,149,8070,118,0,0.0333,9,,6.5933,,6.5933,,0.0408,0.5733,0.1391,0
mirror-shade,4,tide-siege,w-h-l0,single-water,300,0,0,9,,100,0,0,4,33.163,5,66.873,0,0,0,0,1,1,0.537,0,0,0,0,0,0,0,0,4,4,4,0,0,0,,,,,,,,,,,,,2,reflection,1,1,borrowed-shadow,1,4,counter-exam,1,7,300,0,0,0,0,0,300,2394,0,0,300,2394,0,0,1200,0,1200,1200,0,0,0,0,0,0,,,7.98,,7.98,,0,0,0,
mirror-shade,4,tide-siege,w-h-l0,legacy-cycle,300,0,0,9,,90.53,0,0,4,80.797,5,43.333,0,0,0,0,0.13,0,0.13,2.657,0,0,0,0,0,0.99,0,4,4,4,3.133,0,37.88,,,,,,,,,,,,,2,reflection,1,1,borrowed-shadow,1,4,counter-exam,1,7,300,297,297,2175,0,0,300,1724,0,0,300,1724,0,0,1200,0,1200,1200,940,0,11364,0,0,0.99,7.3232,,5.7467,,5.7467,,0,0.7833,0,
mirror-shade,4,tide-siege,w-h-l0,greedy,300,182,0.6067,8.567,0.9206,31.076,0,0,2.123,41.073,4.88,2.147,0.977,0.127,0.89,0.087,1.293,0.9,0.43,1.79,0,0,0,0,0,0.01,0,3.573,3.88,3.88,3.757,1.453,57.25,,,,,,,,,,,,,1.993,reflection,1,1,borrowed-shadow,1,4,counter-exam,0.9933,7,300,3,3,25,1,9,300,603,182,313,118,290,0,0,1072,267,1164,1164,1127,436,17175,286,174,0.01,8.3333,9,2.01,1.7198,2.4576,,0.2491,0.9682,0.3746,0.6084
mirror-shade,4,tide-siege,w-h-l0,planner,300,196,0.6533,8.56,0.9252,55.077,0,0,2.33,45.633,4.877,2.027,0.707,0.093,0.62,0.087,1.127,0.747,0.407,2.17,0,0,0,0,0,0.027,0,3.573,3.877,3.877,3.733,1.663,60.237,,,,,,,,,,,,,1.987,reflection,1,1,borrowed-shadow,1,4,counter-exam,0.9867,7,300,8,8,71,7,63,300,1028,196,192,104,836,0,0,1072,186,1163,1163,1120,499,18071,298,195,0.0267,8.875,9,3.4267,0.9796,8.0385,,0.1735,0.963,0.4291,0.6544
mirror-shade,4,tide-siege,w-h-l0,forecast-aware,300,94,0.3133,8.787,0.9243,37.85,0,0,2.603,51.827,3.683,2.513,2.21,0,0.9,1.31,1.213,0.853,0.37,2.16,0,0,0,0,0,0.017,0,3.787,2.89,2.89,2.66,0.85,40.44,,,,,,,,,,,,,2,reflection,1,1,borrowed-shadow,1,4,counter-exam,1,7,300,5,5,44,5,44,300,589,94,139,206,450,0,0,1136,270,867,867,798,255,12132,196,71,0.0167,8.8,8.8,1.9633,1.4787,2.1845,,0.2377,0.9204,0.2941,0.3622
mirror-shade,4,tide-siege,w-h-l0,planner-one-mistake,300,82,0.2733,8.88,0.9512,62.5,0,0,3,61.193,4.94,12.977,0.667,0.237,0.607,0.06,1.07,0.747,0.337,2.387,0,0,0,0,0,0.013,0,3.88,3.94,3.94,3.43,1.53,58.95,196,300,196,73,0,19,281,0.3724,1,12.9358,1.25,0,2,reflection,1,1,borrowed-shadow,1,4,counter-exam,1,7,300,4,4,36,4,36,300,1782,82,61,218,1721,0,0,1164,182,1182,1182,1029,459,17685,286,80,0.0133,9,9,5.94,0.7439,7.8945,,0.1564,0.8706,0.3883,0.2797
mirror-shade,4,tide-siege,w-h-l+,random,300,0,0,9,,92.857,0,0,3.837,63.593,4.753,25.057,0.41,1.017,0.163,0.247,0.543,0.363,0.243,1.02,0,0,0,0,0,0.033,0,4,3.57,3.57,2.047,0.497,27.193,,,,,,,,,,,,,2,reflection,1,1,borrowed-shadow,1,4,counter-exam,1,7,300,10,10,90,0,0,300,1978,0,0,300,1978,0,0,1200,49,1071,1071,614,149,8158,118,0,0.0333,9,,6.5933,,6.5933,,0.0408,0.5733,0.1391,0
mirror-shade,4,tide-siege,w-h-l+,single-water,300,0,0,9,,100,0,0,4,33.163,5,66.873,0,0,0,0,1,1,0.537,0,0,0,0,0,0,0,0,4,4,4,0,0,0,,,,,,,,,,,,,2,reflection,1,1,borrowed-shadow,1,4,counter-exam,1,7,300,0,0,0,0,0,300,2394,0,0,300,2394,0,0,1200,0,1200,1200,0,0,0,0,0,0,,,7.98,,7.98,,0,0,0,
mirror-shade,4,tide-siege,w-h-l+,legacy-cycle,300,0,0,9,,89.337,0,0,4,80.913,5,43.383,0,0,0,0,0.13,0,0.13,2.657,0,0,0,0,0,0.99,0,4,4,4,3.133,0,38.29,,,,,,,,,,,,,2,reflection,1,1,borrowed-shadow,1,4,counter-exam,1,7,300,297,297,2175,0,0,300,1724,0,0,300,1724,0,0,1200,0,1200,1200,940,0,11487,0,0,0.99,7.3232,,5.7467,,5.7467,,0,0.7833,0,
mirror-shade,4,tide-siege,w-h-l+,greedy,300,194,0.6467,8.527,0.9187,29.802,0,0,2.06,39.607,4.863,2.1,0.977,0.12,0.883,0.093,1.293,0.9,0.437,1.78,0,0,0,0,0,0.007,0,3.547,3.863,3.863,3.74,1.45,57.363,,,,,,,,,,,,,1.98,reflection,1,1,borrowed-shadow,1,4,counter-exam,0.98,7,300,2,2,16,0,0,300,600,194,329,106,271,0,0,1064,265,1159,1159,1122,435,17209,286,186,0.0067,8,,2,1.6959,2.5566,,0.2491,0.9681,0.3753,0.6503
mirror-shade,4,tide-siege,w-h-l+,planner,300,209,0.6967,8.523,0.924,53.703,0,0,2.257,43.913,4.88,1.957,0.697,0.093,0.617,0.08,1.14,0.75,0.41,2.157,0,0,0,0,0,0.027,0,3.54,3.88,3.88,3.743,1.66,60.883,,,,,,,,,,,,,1.983,reflection,1,1,borrowed-shadow,1,4,counter-exam,0.9833,7,300,8,8,71,8,71,300,950,209,221,91,729,0,0,1062,185,1164,1164,1123,498,18265,298,208,0.0267,8.875,8.875,3.1667,1.0574,8.011,,0.1742,0.9648,0.4278,0.698
mirror-shade,4,tide-siege,w-h-l+,forecast-aware,300,114,0.38,8.707,0.9142,37.484,0,0,2.493,49.347,3.67,2.46,2.18,0,0.873,1.307,1.203,0.83,0.383,2.153,0,0,0,0,0,0.017,0,3.717,2.877,2.877,2.65,0.85,40.787,,,,,,,,,,,,,1.99,reflection,1,1,borrowed-shadow,1,4,counter-exam,0.99,7,300,5,5,44,5,44,300,577,114,162,186,415,0,0,1115,262,863,863,795,255,12236,196,87,0.0167,8.8,8.8,1.9233,1.4211,2.2312,,0.235,0.9212,0.2955,0.4439
mirror-shade,4,tide-siege,w-h-l+,planner-one-mistake,300,88,0.2933,8.867,0.9495,61.561,0,0,2.963,60.34,4.933,13.22,0.677,0.24,0.61,0.067,1.067,0.74,0.34,2.36,0,0,0,0,0,0.013,0,3.867,3.933,3.933,3.42,1.533,59.453,209,300,209,77,0,19,281,0.3684,1,12.8425,1.25,0,2,reflection,1,1,borrowed-shadow,1,4,counter-exam,1,7,300,4,4,36,4,36,300,1739,88,67,212,1672,0,0,1160,183,1180,1180,1026,460,17836,286,85,0.0133,9,9,5.7967,0.7614,7.8868,,0.1578,0.8695,0.3898,0.2972
mirror-shade,4,tide-siege,w-h0l-,random,300,0,0,9,,93.183,0,0,3.837,63.417,4.753,24.62,0.41,1.017,0.163,0.247,0.543,0.363,0.247,1.02,0,0,0,0,0,0.033,0,4,3.57,3.57,2.047,0.497,26.9,,,,,,,,,,,,,2,reflection,1,1,borrowed-shadow,1,4,counter-exam,1,7,300,10,10,90,0,0,300,1978,0,0,300,1978,0,0,1200,49,1071,1071,614,149,8070,118,0,0.0333,9,,6.5933,,6.5933,,0.0408,0.5733,0.1391,0
mirror-shade,4,tide-siege,w-h0l-,single-water,300,0,0,9,,100,0,0,4,33.163,5,66.873,0,0,0,0,1,1,0.537,0,0,0,0,0,0,0,0,4,4,4,0,0,0,,,,,,,,,,,,,2,reflection,1,1,borrowed-shadow,1,4,counter-exam,1,7,300,0,0,0,0,0,300,2394,0,0,300,2394,0,0,1200,0,1200,1200,0,0,0,0,0,0,,,7.98,,7.98,,0,0,0,
mirror-shade,4,tide-siege,w-h0l-,legacy-cycle,300,0,0,9,,90.26,0,0,4,80.88,5,43.567,0,0,0,0,0.13,0,0.13,2.657,0,0,0,0,0,0.99,0,4,4,4,3.133,0,37.537,,,,,,,,,,,,,2,reflection,1,1,borrowed-shadow,1,4,counter-exam,1,7,300,297,297,2175,0,0,300,1724,0,0,300,1724,0,0,1200,0,1200,1200,940,0,11261,0,0,0.99,7.3232,,5.7467,,5.7467,,0,0.7833,0,
mirror-shade,4,tide-siege,w-h0l-,greedy,300,185,0.6167,8.547,0.9183,31,0,0,2.113,40.84,4.867,2.447,0.967,0.13,0.88,0.087,1.25,0.913,0.357,1.887,0,0,0,0,0,0.03,0,3.56,3.867,3.867,3.737,1.44,56.757,,,,,,,,,,,,,1.987,reflection,1,1,borrowed-shadow,1,4,counter-exam,0.9867,7,300,9,9,72,3,25,300,603,185,325,115,278,0,0,1068,264,1160,1160,1121,432,17027,285,177,0.03,8,8.3333,2.01,1.7568,2.4174,,0.2472,0.9664,0.3724,0.6211
mirror-shade,4,tide-siege,w-h0l-,planner,300,203,0.6767,8.547,0.9256,55.99,0,0,2.3,44.907,4.853,1.98,0.723,0.093,0.62,0.103,1.117,0.757,0.387,2.203,0,0,0,0,0,0.023,0,3.567,3.853,3.853,3.717,1.623,59.49,,,,,,,,,,,,,1.98,reflection,1,1,borrowed-shadow,1,4,counter-exam,0.98,7,300,7,7,62,6,54,300,997,203,217,97,780,0,0,1070,186,1156,1156,1115,487,17847,298,202,0.0233,8.8571,9,3.3233,1.069,8.0412,,0.1738,0.9645,0.4213,0.6779
mirror-shade,4,tide-siege,w-h0l-,forecast-aware,300,103,0.3433,8.737,0.9148,37.873,0,0,2.55,50.64,3.67,2.493,2.193,0,0.887,1.307,1.217,0.85,0.377,2.14,0,0,0,0,0,0.017,0,3.747,2.877,2.877,2.65,0.85,40.213,,,,,,,,,,,,,1.99,reflection,1,1,borrowed-shadow,1,4,counter-exam,0.99,7,300,5,5,44,5,44,300,576,103,141,197,435,0,0,1124,266,863,863,795,255,12064,196,80,0.0167,8.8,8.8,1.92,1.3689,2.2081,,0.2367,0.9212,0.2955,0.4082
mirror-shade,4,tide-siege,w-h0l-,planner-one-mistake,300,86,0.2867,8.867,0.9483,62.402,0,0,2.96,60.313,4.94,12.473,0.68,0.233,0.62,0.06,1.067,0.747,0.333,2.463,0,0,0,0,0,0.017,0,3.867,3.94,3.94,3.457,1.51,58.947,203,300,203,73,0,20,280,0.3596,1,13.0733,3.5,0,2,reflection,1,1,borrowed-shadow,1,4,counter-exam,1,7,300,5,5,45,5,45,300,1777,86,63,214,1714,0,0,1160,186,1182,1182,1037,453,17684,285,83,0.0167,9,9,5.9233,0.7326,8.0093,,0.1603,0.8773,0.3832,0.2912
mirror-shade,4,tide-siege,w-h0l0,random,300,0,0,9,,92.627,0,0,3.837,64.073,4.753,25.087,0.41,1.017,0.163,0.247,0.543,0.363,0.243,1.02,0,0,0,0,0,0.033,0,4,3.57,3.57,2.047,0.497,27.357,,,,,,,,,,,,,2,reflection,1,1,borrowed-shadow,1,4,counter-exam,1,7,300,10,10,90,0,0,300,1978,0,0,300,1978,0,0,1200,49,1071,1071,614,149,8207,118,0,0.0333,9,,6.5933,,6.5933,,0.0408,0.5733,0.1391,0
mirror-shade,4,tide-siege,w-h0l0,single-water,300,0,0,9,,100,0,0,4,33.163,5,66.873,0,0,0,0,1,1,0.537,0,0,0,0,0,0,0,0,4,4,4,0,0,0,,,,,,,,,,,,,2,reflection,1,1,borrowed-shadow,1,4,counter-exam,1,7,300,0,0,0,0,0,300,2394,0,0,300,2394,0,0,1200,0,1200,1200,0,0,0,0,0,0,,,7.98,,7.98,,0,0,0,
mirror-shade,4,tide-siege,w-h0l0,legacy-cycle,300,0,0,9,,87.953,0,0,4,81.147,5,44.013,0,0,0,0,0.13,0,0.13,2.657,0,0,0,0,0,0.99,0,4,4,4,3.133,0,38.783,,,,,,,,,,,,,2,reflection,1,1,borrowed-shadow,1,4,counter-exam,1,7,300,297,297,2175,0,0,300,1724,0,0,300,1724,0,0,1200,0,1200,1200,940,0,11635,0,0,0.99,7.3232,,5.7467,,5.7467,,0,0.7833,0,
mirror-shade,4,tide-siege,w-h0l0,greedy,300,196,0.6533,8.487,0.9127,30.231,0,0,2.06,39.647,4.853,2.323,0.937,0.12,0.85,0.087,1.267,0.887,0.407,1.92,0,0,0,0,0,0.02,0,3.513,3.853,3.853,3.733,1.443,57.39,,,,,,,,,,,,,1.973,reflection,1,1,borrowed-shadow,1,4,counter-exam,0.9733,7,300,6,6,47,2,16,300,597,196,338,104,259,0,0,1054,255,1156,1156,1120,433,17217,286,188,0.02,7.8333,8,1.99,1.7245,2.4904,,0.2419,0.9689,0.3746,0.6573
mirror-shade,4,tide-siege,w-h0l0,planner,300,214,0.7133,8.517,0.9247,55.023,0,0,2.25,43.68,4.867,1.927,0.69,0.103,0.607,0.083,1.157,0.763,0.417,2.19,0,0,0,0,0,0.02,0,3.543,3.867,3.867,3.73,1.623,60.35,,,,,,,,,,,,,1.973,reflection,1,1,borrowed-shadow,1,4,counter-exam,0.9733,7,300,6,6,53,6,53,300,923,214,232,86,691,0,0,1063,182,1160,1160,1119,487,18105,298,213,0.02,8.8333,8.8333,3.0767,1.0841,8.0349,,0.1712,0.9647,0.4198,0.7148
mirror-shade,4,tide-siege,w-h0l0,forecast-aware,300,117,0.39,8.673,0.9069,37.284,0,0,2.473,48.907,3.657,2.513,2.17,0,0.863,1.307,1.2,0.82,0.39,2.133,0,0,0,0,0,0.017,0,3.683,2.863,2.863,2.637,0.85,40.547,,,,,,,,,,,,,1.99,reflection,1,1,borrowed-shadow,1,4,counter-exam,0.99,7,300,5,5,44,5,44,300,568,117,163,183,405,0,0,1105,259,859,859,791,255,12164,196,89,0.0167,8.8,8.8,1.8933,1.3932,2.2131,,0.2344,0.9208,0.2969,0.4541
mirror-shade,4,tide-siege,w-h0l0,planner-one-mistake,300,91,0.3033,8.863,0.9499,61.526,0,0,2.96,60.207,4.937,13.133,0.663,0.24,0.6,0.063,1.087,0.76,0.34,2.45,0,0,0,0,0,0.02,0,3.863,3.937,3.937,3.443,1.523,59.603,214,300,214,81,0,17,283,0.3785,1,13.1083,1.25,0,2,reflection,1,1,borrowed-shadow,1,4,counter-exam,1,7,300,6,6,54,6,54,300,1723,91,62,209,1661,0,0,1159,180,1181,1181,1033,457,17881,288,88,0.02,9,9,5.7433,0.6813,7.9474,,0.1553,0.8747,0.387,0.3056
mirror-shade,4,tide-siege,w-h0l+,random,300,0,0,9,,92.283,0,0,3.837,64.383,4.753,25.343,0.41,1.017,0.163,0.247,0.543,0.363,0.243,1.02,0,0,0,0,0,0.033,0,4,3.57,3.57,2.047,0.497,27.65,,,,,,,,,,,,,2,reflection,1,1,borrowed-shadow,1,4,counter-exam,1,7,300,10,10,90,0,0,300,1978,0,0,300,1978,0,0,1200,49,1071,1071,614,149,8295,118,0,0.0333,9,,6.5933,,6.5933,,0.0408,0.5733,0.1391,0
mirror-shade,4,tide-siege,w-h0l+,single-water,300,0,0,9,,100,0,0,4,33.163,5,66.873,0,0,0,0,1,1,0.537,0,0,0,0,0,0,0,0,4,4,4,0,0,0,,,,,,,,,,,,,2,reflection,1,1,borrowed-shadow,1,4,counter-exam,1,7,300,0,0,0,0,0,300,2394,0,0,300,2394,0,0,1200,0,1200,1200,0,0,0,0,0,0,,,7.98,,7.98,,0,0,0,
mirror-shade,4,tide-siege,w-h0l+,legacy-cycle,300,0,0,9,,86.61,0,0,4,81.23,5,44.063,0,0,0,0,0.13,0,0.13,2.657,0,0,0,0,0,0.99,0,4,4,4,3.133,0,39.193,,,,,,,,,,,,,2,reflection,1,1,borrowed-shadow,1,4,counter-exam,1,7,300,297,297,2175,0,0,300,1724,0,0,300,1724,0,0,1200,0,1200,1200,940,0,11758,0,0,0.99,7.3232,,5.7467,,5.7467,,0,0.7833,0,
mirror-shade,4,tide-siege,w-h0l+,greedy,300,206,0.6867,8.433,0.9083,29.532,0,0,1.997,38.267,4.837,2.1,0.937,0.117,0.843,0.093,1.28,0.877,0.437,1.84,0,0,0,0,0,0.01,0,3.477,3.837,3.837,3.717,1.433,57.443,,,,,,,,,,,,,1.957,reflection,1,1,borrowed-shadow,1,4,counter-exam,0.9567,7,300,3,3,25,1,9,300,614,206,367,94,247,0,0,1043,253,1151,1151,1115,430,17233,286,198,0.01,8.3333,9,2.0467,1.7816,2.6277,,0.2426,0.9687,0.3736,0.6923
mirror-shade,4,tide-siege,w-h0l+,planner,300,230,0.7667,8.463,0.9222,54.529,0,0,2.153,41.427,4.867,1.96,0.68,0.103,0.597,0.083,1.177,0.763,0.437,2.177,0,0,0,0,0,0.023,0,3.493,3.867,3.867,3.737,1.623,60.793,,,,,,,,,,,,,1.97,reflection,1,1,borrowed-shadow,1,4,counter-exam,0.97,7,300,7,7,62,7,62,300,835,230,277,70,558,0,0,1048,179,1160,1160,1121,487,18238,298,229,0.0233,8.8571,8.8571,2.7833,1.2043,7.9714,,0.1708,0.9664,0.4198,0.7685
mirror-shade,4,tide-siege,w-h0l+,forecast-aware,300,135,0.45,8.62,0.9062,36.897,0,0,2.383,46.853,3.657,2.45,2.15,0,0.847,1.303,1.19,0.8,0.397,2.127,0,0,0,0,0,0.017,0,3.633,2.863,2.863,2.637,0.85,40.853,,,,,,,,,,,,,1.987,reflection,1,1,borrowed-shadow,1,4,counter-exam,0.9867,7,300,5,5,44,5,44,300,564,135,189,165,375,0,0,1090,254,859,859,791,255,12256,196,107,0.0167,8.8,8.8,1.88,1.4,2.2727,,0.233,0.9208,0.2969,0.5459
mirror-shade,4,tide-siege,w-h0l+,planner-one-mistake,300,105,0.35,8.84,0.9492,60.944,0,0,2.893,58.593,4.937,13.34,0.66,0.24,0.597,0.063,1.083,0.763,0.333,2.457,0,0,0,0,0,0.02,0,3.84,3.937,3.937,3.443,1.527,60.183,230,300,230,93,0,17,283,0.4043,1,13.0417,1.25,0,2,reflection,1,1,borrowed-shadow,1,4,counter-exam,1,7,300,6,6,54,6,54,300,1627,105,80,195,1547,0,0,1152,179,1181,1181,1033,458,18055,288,102,0.02,9,9,5.4233,0.7619,7.9333,,0.1554,0.8747,0.3878,0.3542
mirror-shade,4,tide-siege,w-h+l-,random,300,0,0,9,,92.903,0,0,3.837,63.78,4.753,24.843,0.41,1.017,0.163,0.247,0.543,0.363,0.247,1.02,0,0,0,0,0,0.033,0,4,3.57,3.57,2.047,0.497,27.14,,,,,,,,,,,,,2,reflection,1,1,borrowed-shadow,1,4,counter-exam,1,7,300,10,10,90,0,0,300,1978,0,0,300,1978,0,0,1200,49,1071,1071,614,149,8142,118,0,0.0333,9,,6.5933,,6.5933,,0.0408,0.5733,0.1391,0
mirror-shade,4,tide-siege,w-h+l-,single-water,300,0,0,9,,100,0,0,4,33.163,5,66.873,0,0,0,0,1,1,0.537,0,0,0,0,0,0,0,0,4,4,4,0,0,0,,,,,,,,,,,,,2,reflection,1,1,borrowed-shadow,1,4,counter-exam,1,7,300,0,0,0,0,0,300,2394,0,0,300,2394,0,0,1200,0,1200,1200,0,0,0,0,0,0,,,7.98,,7.98,,0,0,0,
mirror-shade,4,tide-siege,w-h+l-,legacy-cycle,300,0,0,9,,89.383,0,0,4,81.013,5,43.857,0,0,0,0,0.13,0,0.13,2.657,0,0,0,0,0,0.99,0,4,4,4,3.133,0,37.727,,,,,,,,,,,,,2,reflection,1,1,borrowed-shadow,1,4,counter-exam,1,7,300,297,297,2175,0,0,300,1724,0,0,300,1724,0,0,1200,0,1200,1200,940,0,11318,0,0,0.99,7.3232,,5.7467,,5.7467,,0,0.7833,0,
mirror-shade,4,tide-siege,w-h+l-,greedy,300,192,0.64,8.51,0.9149,30.231,0,0,2.08,40.093,4.857,2.423,0.947,0.137,0.86,0.087,1.243,0.877,0.387,1.87,0,0,0,0,0,0.03,0,3.533,3.857,3.857,3.73,1.437,57.027,,,,,,,,,,,,,1.977,reflection,1,1,borrowed-shadow,1,4,counter-exam,0.9767,7,300,9,9,72,4,33,300,594,192,334,108,260,0,0,1060,258,1157,1157,1119,431,17108,285,184,0.03,8,8.25,1.98,1.7396,2.4074,,0.2434,0.9672,0.3725,0.6456
mirror-shade,4,tide-siege,w-h+l-,planner,300,219,0.73,8.497,0.9234,55.049,0,0,2.197,42.52,4.85,1.8,0.73,0.087,0.623,0.107,1.13,0.773,0.373,2.067,0,0,0,0,0,0.027,0,3.513,3.85,3.85,3.74,1.627,60.02,,,,,,,,,,,,,1.983,reflection,1,1,borrowed-shadow,1,4,counter-exam,0.9833,7,300,8,8,69,7,62,300,904,219,257,81,647,0,0,1054,187,1155,1155,1122,488,18006,298,218,0.0267,8.625,8.8571,3.0133,1.1735,7.9877,,0.1774,0.9714,0.4225,0.7315
mirror-shade,4,tide-siege,w-h+l-,forecast-aware,300,114,0.38,8.703,0.9133,37.715,0,0,2.5,49.5,3.67,2.493,2.177,0,0.87,1.307,1.203,0.837,0.377,2.133,0,0,0,0,0,0.017,0,3.713,2.877,2.877,2.65,0.85,40.517,,,,,,,,,,,,,1.99,reflection,1,1,borrowed-shadow,1,4,counter-exam,0.99,7,300,5,5,44,5,44,300,575,114,155,186,420,0,0,1114,261,863,863,795,255,12155,196,90,0.0167,8.8,8.8,1.9167,1.3596,2.2581,,0.2343,0.9212,0.2955,0.4592
mirror-shade,4,tide-siege,w-h+l-,planner-one-mistake,300,98,0.3267,8.863,0.9535,61.772,0,0,2.917,59.207,4.94,12.81,0.68,0.23,0.62,0.06,1.1,0.76,0.353,2.433,0,0,0,0,0,0.027,0,3.863,3.94,3.94,3.45,1.507,59.2,219,300,219,85,0,20,280,0.3881,1,13.3033,3.5,0,2,reflection,1,1,borrowed-shadow,1,4,counter-exam,1,7,300,8,8,68,8,68,300,1689,98,73,202,1616,0,0,1159,186,1182,1182,1035,452,17760,285,95,0.0267,8.5,8.5,5.63,0.7449,8,,0.1605,0.8756,0.3824,0.3333
mirror-shade,4,tide-siege,w-h+l0,random,300,0,0,9,,92.337,0,0,3.837,64.423,4.753,25.31,0.41,1.017,0.163,0.247,0.543,0.363,0.243,1.02,0,0,0,0,0,0.033,0,4,3.57,3.57,2.047,0.497,27.597,,,,,,,,,,,,,2,reflection,1,1,borrowed-shadow,1,4,counter-exam,1,7,300,10,10,90,0,0,300,1978,0,0,300,1978,0,0,1200,49,1071,1071,614,149,8279,118,0,0.0333,9,,6.5933,,6.5933,,0.0408,0.5733,0.1391,0
mirror-shade,4,tide-siege,w-h+l0,single-water,300,0,0,9,,100,0,0,4,33.163,5,66.873,0,0,0,0,1,1,0.537,0,0,0,0,0,0,0,0,4,4,4,0,0,0,,,,,,,,,,,,,2,reflection,1,1,borrowed-shadow,1,4,counter-exam,1,7,300,0,0,0,0,0,300,2394,0,0,300,2394,0,0,1200,0,1200,1200,0,0,0,0,0,0,,,7.98,,7.98,,0,0,0,
mirror-shade,4,tide-siege,w-h+l0,legacy-cycle,300,0,0,9,,86.927,0,0,4,81.247,5,44.303,0,0,0,0,0.13,0,0.13,2.657,0,0,0,0,0,0.99,0,4,4,4,3.133,0,38.973,,,,,,,,,,,,,2,reflection,1,1,borrowed-shadow,1,4,counter-exam,1,7,300,297,297,2175,0,0,300,1724,0,0,300,1724,0,0,1200,0,1200,1200,940,0,11692,0,0,0.99,7.3232,,5.7467,,5.7467,,0,0.7833,0,
mirror-shade,4,tide-siege,w-h+l0,greedy,300,207,0.69,8.403,0.9039,29.387,0,0,1.987,38.06,4.83,2.293,0.917,0.127,0.83,0.087,1.243,0.86,0.403,1.883,0,0,0,0,0,0.023,0,3.45,3.83,3.83,3.707,1.437,57.607,,,,,,,,,,,,,1.953,reflection,1,1,borrowed-shadow,1,4,counter-exam,0.9533,7,300,7,7,56,4,33,300,591,207,355,93,236,0,0,1035,249,1149,1149,1112,431,17282,286,198,0.0233,8,8.25,1.97,1.715,2.5376,,0.2406,0.9678,0.3751,0.6923
mirror-shade,4,tide-siege,w-h+l0,planner,300,235,0.7833,8.383,0.9125,54.631,0,0,2.08,39.88,4.843,1.653,0.68,0.097,0.59,0.09,1.153,0.75,0.42,2.09,0,0,0,0,0,0.023,0,3.423,3.843,3.843,3.743,1.637,61.043,,,,,,,,,,,,,1.96,reflection,1,1,borrowed-shadow,1,4,counter-exam,0.96,7,300,7,7,62,7,62,300,817,235,295,65,522,0,0,1027,177,1153,1153,1123,491,18313,298,234,0.0233,8.8571,8.8571,2.7233,1.2553,8.0308,,0.1723,0.974,0.4258,0.7852
mirror-shade,4,tide-siege,w-h+l0,forecast-aware,300,131,0.4367,8.633,0.9067,37.337,0,0,2.41,47.46,3.657,2.473,2.153,0,0.847,1.307,1.193,0.803,0.397,2.127,0,0,0,0,0,0.017,0,3.643,2.863,2.863,2.637,0.85,40.817,,,,,,,,,,,,,1.99,reflection,1,1,borrowed-shadow,1,4,counter-exam,0.99,7,300,5,5,44,5,44,300,562,131,180,169,382,0,0,1093,254,859,859,791,255,12245,196,103,0.0167,8.8,8.8,1.8733,1.374,2.2604,,0.2324,0.9208,0.2969,0.5255
mirror-shade,4,tide-siege,w-h+l0,planner-one-mistake,300,108,0.36,8.853,0.9547,61.073,0,0,2.89,58.467,4.937,13.287,0.667,0.237,0.603,0.063,1.117,0.78,0.35,2.447,0,0,0,0,0,0.023,0,3.853,3.937,3.937,3.44,1.513,59.833,235,300,235,96,0,17,283,0.4085,1,13.3417,1.25,0,2,reflection,1,1,borrowed-shadow,1,4,counter-exam,1,7,300,7,7,63,7,63,300,1604,108,74,192,1530,0,0,1156,181,1181,1181,1032,454,17950,288,104,0.0233,9,9,5.3467,0.6852,7.9688,,0.1566,0.8738,0.3844,0.3611
mirror-shade,4,tide-siege,w-h+l+,random,300,0,0,9,,91.987,0,0,3.837,64.73,4.753,25.567,0.41,1.017,0.163,0.247,0.543,0.363,0.243,1.02,0,0,0,0,0,0.033,0,4,3.57,3.57,2.047,0.497,27.89,,,,,,,,,,,,,2,reflection,1,1,borrowed-shadow,1,4,counter-exam,1,7,300,10,10,90,0,0,300,1978,0,0,300,1978,0,0,1200,49,1071,1071,614,149,8367,118,0,0.0333,9,,6.5933,,6.5933,,0.0408,0.5733,0.1391,0
mirror-shade,4,tide-siege,w-h+l+,single-water,300,0,0,9,,100,0,0,4,33.163,5,66.873,0,0,0,0,1,1,0.537,0,0,0,0,0,0,0,0,4,4,4,0,0,0,,,,,,,,,,,,,2,reflection,1,1,borrowed-shadow,1,4,counter-exam,1,7,300,0,0,0,0,0,300,2394,0,0,300,2394,0,0,1200,0,1200,1200,0,0,0,0,0,0,,,7.98,,7.98,,0,0,0,
mirror-shade,4,tide-siege,w-h+l+,legacy-cycle,300,0,0,9,,86.213,0,0,4,81.277,5,44.353,0,0,0,0,0.13,0,0.13,2.657,0,0,0,0,0,0.99,0,4,4,4,3.133,0,39.383,,,,,,,,,,,,,2,reflection,1,1,borrowed-shadow,1,4,counter-exam,1,7,300,297,297,2175,0,0,300,1724,0,0,300,1724,0,0,1200,0,1200,1200,940,0,11815,0,0,0.99,7.3232,,5.7467,,5.7467,,0,0.7833,0,
mirror-shade,4,tide-siege,w-h+l+,greedy,300,216,0.72,8.347,0.8992,29.179,0,0,1.93,36.833,4.813,2.5,0.9,0.12,0.807,0.093,1.247,0.863,0.413,1.79,0,0,0,0,0,0.027,0,3.41,3.813,3.813,3.687,1.427,57.547,,,,,,,,,,,,,1.937,reflection,1,1,borrowed-shadow,1,4,counter-exam,0.9367,7,300,8,8,63,4,33,300,598,216,371,84,227,0,0,1023,242,1144,1144,1106,428,17264,286,207,0.0267,7.875,8.25,1.9933,1.7176,2.7024,,0.2366,0.9668,0.3741,0.7238
mirror-shade,4,tide-siege,w-h+l+,planner,300,247,0.8233,8.303,0.906,54.528,0,0,1.987,37.793,4.84,1.687,0.657,0.1,0.57,0.087,1.15,0.727,0.44,2.063,0,0,0,0,0,0.023,0,3.357,3.84,3.84,3.743,1.627,61.377,,,,,,,,,,,,,1.947,reflection,1,1,borrowed-shadow,1,4,counter-exam,0.9467,7,300,7,7,60,6,53,300,756,247,332,53,424,0,0,1007,171,1152,1152,1123,488,18413,298,246,0.0233,8.5714,8.8333,2.52,1.3441,8,,0.1698,0.9748,0.4236,0.8255
mirror-shade,4,tide-siege,w-h+l+,forecast-aware,300,142,0.4733,8.593,0.9045,36.506,0,0,2.35,46.113,3.653,2.45,2.14,0,0.837,1.303,1.187,0.797,0.397,2.127,0,0,0,0,0,0.017,0,3.61,2.86,2.86,2.633,0.85,41.06,,,,,,,,,,,,,1.983,reflection,1,1,borrowed-shadow,1,4,counter-exam,0.9833,7,300,5,5,44,5,44,300,557,142,198,158,359,0,0,1083,251,858,858,790,255,12318,196,113,0.0167,8.8,8.8,1.8567,1.3944,2.2722,,0.2318,0.9207,0.2972,0.5765
mirror-shade,4,tide-siege,w-h+l+,planner-one-mistake,300,122,0.4067,8.83,0.9536,60.331,0,0,2.823,56.853,4.937,13.867,0.663,0.237,0.6,0.063,1.137,0.783,0.367,2.44,0,0,0,0,0,0.037,0,3.83,3.937,3.937,3.44,1.517,60.373,247,300,247,110,0,17,283,0.4453,1,13.275,1.25,0,2,reflection,1,1,borrowed-shadow,1,4,counter-exam,1,7,300,11,11,95,11,95,300,1503,122,95,178,1408,0,0,1149,180,1181,1181,1032,455,18112,288,118,0.0367,8.6364,8.6364,5.01,0.7787,7.9101,,0.1567,0.8738,0.3853,0.4097
mirror-shade,4,tide-siege,w0h-l-,random,300,0,0,9,,93.713,0,0,3.837,62.573,4.753,24.333,0.41,1.017,0.163,0.247,0.543,0.363,0.247,1.02,0,0,0,0,0,0.033,0,4,3.57,3.57,2.047,0.497,26.443,,,,,,,,,,,,,2,reflection,1,1,borrowed-shadow,1,4,counter-exam,1,7,300,10,10,90,0,0,300,1978,0,0,300,1978,0,0,1200,49,1071,1071,614,149,7933,118,0,0.0333,9,,6.5933,,6.5933,,0.0408,0.5733,0.1391,0
mirror-shade,4,tide-siege,w0h-l-,single-water,300,0,0,9,,100,0,0,4,33.163,5,66.873,0,0,0,0,1,1,0.537,0,0,0,0,0,0,0,0,4,4,4,0,0,0,,,,,,,,,,,,,2,reflection,1,1,borrowed-shadow,1,4,counter-exam,1,7,300,0,0,0,0,0,300,2394,0,0,300,2394,0,0,1200,0,1200,1200,0,0,0,0,0,0,,,7.98,,7.98,,0,0,0,
mirror-shade,4,tide-siege,w0h-l-,legacy-cycle,300,0,0,9,,92.193,0,0,4,80.453,5,42.887,0,0,0,0,0.13,0,0.13,2.657,0,0,0,0,0,0.99,0,4,4,4,3.133,0,36.633,,,,,,,,,,,,,2,reflection,1,1,borrowed-shadow,1,4,counter-exam,1,7,300,297,297,2175,0,0,300,1724,0,0,300,1724,0,0,1200,0,1200,1200,940,0,10990,0,0,0.99,7.3232,,5.7467,,5.7467,,0,0.7833,0,
mirror-shade,4,tide-siege,w0h-l-,greedy,300,164,0.5467,8.61,0.9207,32.11,0,0,2.207,43.007,4.887,2.19,0.987,0.143,0.907,0.08,1.287,0.94,0.377,1.797,0,0,0,0,0,0.013,0,3.613,3.887,3.887,3.753,1.45,56.73,,,,,,,,,,,,,1.997,reflection,1,1,borrowed-shadow,1,4,counter-exam,0.9967,7,300,4,4,34,2,18,300,621,164,295,136,326,0,0,1084,272,1166,1166,1126,435,17019,285,157,0.0133,8.5,9,2.07,1.7988,2.3971,,0.2509,0.9657,0.3731,0.5509
mirror-shade,4,tide-siege,w0h-l-,planner,300,182,0.6067,8.597,0.9261,56.72,0,0,2.397,47.233,4.88,2.057,0.72,0.1,0.63,0.09,1.13,0.757,0.4,2.133,0,0,0,0,0,0.027,0,3.603,3.88,3.88,3.74,1.647,59.37,,,,,,,,,,,,,1.993,reflection,1,1,borrowed-shadow,1,4,counter-exam,0.9933,7,300,8,8,71,7,63,300,1143,182,186,118,957,0,0,1081,189,1164,1164,1122,494,17811,298,181,0.0267,8.875,9,3.81,1.022,8.1102,,0.1748,0.9639,0.4244,0.6074
mirror-shade,4,tide-siege,w0h-l-,forecast-aware,300,90,0.3,8.807,0.9284,39.071,0,0,2.623,52.287,3.687,2.493,2.22,0,0.91,1.31,1.217,0.86,0.367,2.16,0,0,0,0,0,0.017,0,3.807,2.893,2.893,2.663,0.85,40.083,,,,,,,,,,,,,2,reflection,1,1,borrowed-shadow,1,4,counter-exam,1,7,300,5,5,44,5,44,300,586,90,128,210,458,0,0,1142,273,868,868,799,255,12025,196,68,0.0167,8.8,8.8,1.9533,1.4222,2.181,,0.2391,0.9205,0.2938,0.3469
mirror-shade,4,tide-siege,w0h-l-,planner-one-mistake,300,67,0.2233,8.913,0.9569,62.897,0,0,3.063,62.76,4.94,12.17,0.687,0.247,0.627,0.06,1.047,0.753,0.313,2.407,0,0,0,0,0,0.007,0,3.913,3.94,3.94,3.447,1.497,58.043,182,300,182,56,0,20,280,0.3077,1,12.9683,3.5,0,2,reflection,1,1,borrowed-shadow,1,4,counter-exam,1,7,300,2,2,18,2,18,300,1898,67,45,233,1853,0,0,1174,188,1182,1182,1034,449,17413,283,65,0.0067,9,9,6.3267,0.6716,7.9528,,0.1601,0.8748,0.3799,0.2297
mirror-shade,4,tide-siege,w0h-l0,random,300,0,0,9,,93.187,0,0,3.837,63.267,4.753,24.8,0.41,1.017,0.163,0.247,0.543,0.363,0.243,1.02,0,0,0,0,0,0.033,0,4,3.57,3.57,2.047,0.497,26.9,,,,,,,,,,,,,2,reflection,1,1,borrowed-shadow,1,4,counter-exam,1,7,300,10,10,90,0,0,300,1978,0,0,300,1978,0,0,1200,49,1071,1071,614,149,8070,118,0,0.0333,9,,6.5933,,6.5933,,0.0408,0.5733,0.1391,0
mirror-shade,4,tide-siege,w0h-l0,single-water,300,0,0,9,,100,0,0,4,33.163,5,66.873,0,0,0,0,1,1,0.537,0,0,0,0,0,0,0,0,4,4,4,0,0,0,,,,,,,,,,,,,2,reflection,1,1,borrowed-shadow,1,4,counter-exam,1,7,300,0,0,0,0,0,300,2394,0,0,300,2394,0,0,1200,0,1200,1200,0,0,0,0,0,0,,,7.98,,7.98,,0,0,0,
mirror-shade,4,tide-siege,w0h-l0,legacy-cycle,300,0,0,9,,90.53,0,0,4,80.797,5,43.333,0,0,0,0,0.13,0,0.13,2.657,0,0,0,0,0,0.99,0,4,4,4,3.133,0,37.88,,,,,,,,,,,,,2,reflection,1,1,borrowed-shadow,1,4,counter-exam,1,7,300,297,297,2175,0,0,300,1724,0,0,300,1724,0,0,1200,0,1200,1200,940,0,11364,0,0,0.99,7.3232,,5.7467,,5.7467,,0,0.7833,0,
mirror-shade,4,tide-siege,w0h-l0,greedy,300,182,0.6067,8.567,0.9206,31.076,0,0,2.123,41.073,4.88,2.147,0.977,0.127,0.89,0.087,1.293,0.9,0.43,1.79,0,0,0,0,0,0.01,0,3.573,3.88,3.88,3.757,1.453,57.25,,,,,,,,,,,,,1.993,reflection,1,1,borrowed-shadow,1,4,counter-exam,0.9933,7,300,3,3,25,1,9,300,603,182,313,118,290,0,0,1072,267,1164,1164,1127,436,17175,286,174,0.01,8.3333,9,2.01,1.7198,2.4576,,0.2491,0.9682,0.3746,0.6084
mirror-shade,4,tide-siege,w0h-l0,planner,300,196,0.6533,8.56,0.9252,55.077,0,0,2.33,45.633,4.877,2.027,0.707,0.093,0.62,0.087,1.127,0.747,0.407,2.17,0,0,0,0,0,0.027,0,3.573,3.877,3.877,3.733,1.663,60.237,,,,,,,,,,,,,1.987,reflection,1,1,borrowed-shadow,1,4,counter-exam,0.9867,7,300,8,8,71,7,63,300,1028,196,192,104,836,0,0,1072,186,1163,1163,1120,499,18071,298,195,0.0267,8.875,9,3.4267,0.9796,8.0385,,0.1735,0.963,0.4291,0.6544
mirror-shade,4,tide-siege,w0h-l0,forecast-aware,300,94,0.3133,8.787,0.9243,37.85,0,0,2.603,51.827,3.683,2.513,2.21,0,0.9,1.31,1.213,0.853,0.37,2.16,0,0,0,0,0,0.017,0,3.787,2.89,2.89,2.66,0.85,40.44,,,,,,,,,,,,,2,reflection,1,1,borrowed-shadow,1,4,counter-exam,1,7,300,5,5,44,5,44,300,589,94,139,206,450,0,0,1136,270,867,867,798,255,12132,196,71,0.0167,8.8,8.8,1.9633,1.4787,2.1845,,0.2377,0.9204,0.2941,0.3622
mirror-shade,4,tide-siege,w0h-l0,planner-one-mistake,300,82,0.2733,8.88,0.9512,62.5,0,0,3,61.193,4.94,12.977,0.667,0.237,0.607,0.06,1.07,0.747,0.337,2.387,0,0,0,0,0,0.013,0,3.88,3.94,3.94,3.43,1.53,58.95,196,300,196,73,0,19,281,0.3724,1,12.9358,1.25,0,2,reflection,1,1,borrowed-shadow,1,4,counter-exam,1,7,300,4,4,36,4,36,300,1782,82,61,218,1721,0,0,1164,182,1182,1182,1029,459,17685,286,80,0.0133,9,9,5.94,0.7439,7.8945,,0.1564,0.8706,0.3883,0.2797
mirror-shade,4,tide-siege,w0h-l+,random,300,0,0,9,,92.857,0,0,3.837,63.593,4.753,25.057,0.41,1.017,0.163,0.247,0.543,0.363,0.243,1.02,0,0,0,0,0,0.033,0,4,3.57,3.57,2.047,0.497,27.193,,,,,,,,,,,,,2,reflection,1,1,borrowed-shadow,1,4,counter-exam,1,7,300,10,10,90,0,0,300,1978,0,0,300,1978,0,0,1200,49,1071,1071,614,149,8158,118,0,0.0333,9,,6.5933,,6.5933,,0.0408,0.5733,0.1391,0
mirror-shade,4,tide-siege,w0h-l+,single-water,300,0,0,9,,100,0,0,4,33.163,5,66.873,0,0,0,0,1,1,0.537,0,0,0,0,0,0,0,0,4,4,4,0,0,0,,,,,,,,,,,,,2,reflection,1,1,borrowed-shadow,1,4,counter-exam,1,7,300,0,0,0,0,0,300,2394,0,0,300,2394,0,0,1200,0,1200,1200,0,0,0,0,0,0,,,7.98,,7.98,,0,0,0,
mirror-shade,4,tide-siege,w0h-l+,legacy-cycle,300,0,0,9,,89.337,0,0,4,80.913,5,43.383,0,0,0,0,0.13,0,0.13,2.657,0,0,0,0,0,0.99,0,4,4,4,3.133,0,38.29,,,,,,,,,,,,,2,reflection,1,1,borrowed-shadow,1,4,counter-exam,1,7,300,297,297,2175,0,0,300,1724,0,0,300,1724,0,0,1200,0,1200,1200,940,0,11487,0,0,0.99,7.3232,,5.7467,,5.7467,,0,0.7833,0,
mirror-shade,4,tide-siege,w0h-l+,greedy,300,194,0.6467,8.527,0.9187,29.802,0,0,2.06,39.607,4.863,2.1,0.977,0.12,0.883,0.093,1.293,0.9,0.437,1.78,0,0,0,0,0,0.007,0,3.547,3.863,3.863,3.74,1.45,57.363,,,,,,,,,,,,,1.98,reflection,1,1,borrowed-shadow,1,4,counter-exam,0.98,7,300,2,2,16,0,0,300,600,194,329,106,271,0,0,1064,265,1159,1159,1122,435,17209,286,186,0.0067,8,,2,1.6959,2.5566,,0.2491,0.9681,0.3753,0.6503
mirror-shade,4,tide-siege,w0h-l+,planner,300,209,0.6967,8.523,0.924,53.703,0,0,2.257,43.913,4.88,1.957,0.697,0.093,0.617,0.08,1.14,0.75,0.41,2.157,0,0,0,0,0,0.027,0,3.54,3.88,3.88,3.743,1.66,60.883,,,,,,,,,,,,,1.983,reflection,1,1,borrowed-shadow,1,4,counter-exam,0.9833,7,300,8,8,71,8,71,300,950,209,221,91,729,0,0,1062,185,1164,1164,1123,498,18265,298,208,0.0267,8.875,8.875,3.1667,1.0574,8.011,,0.1742,0.9648,0.4278,0.698
mirror-shade,4,tide-siege,w0h-l+,forecast-aware,300,114,0.38,8.707,0.9142,37.484,0,0,2.493,49.347,3.67,2.46,2.18,0,0.873,1.307,1.203,0.83,0.383,2.153,0,0,0,0,0,0.017,0,3.717,2.877,2.877,2.65,0.85,40.787,,,,,,,,,,,,,1.99,reflection,1,1,borrowed-shadow,1,4,counter-exam,0.99,7,300,5,5,44,5,44,300,577,114,162,186,415,0,0,1115,262,863,863,795,255,12236,196,87,0.0167,8.8,8.8,1.9233,1.4211,2.2312,,0.235,0.9212,0.2955,0.4439
mirror-shade,4,tide-siege,w0h-l+,planner-one-mistake,300,88,0.2933,8.867,0.9495,61.561,0,0,2.963,60.34,4.933,13.22,0.677,0.24,0.61,0.067,1.067,0.74,0.34,2.36,0,0,0,0,0,0.013,0,3.867,3.933,3.933,3.42,1.533,59.453,209,300,209,77,0,19,281,0.3684,1,12.8425,1.25,0,2,reflection,1,1,borrowed-shadow,1,4,counter-exam,1,7,300,4,4,36,4,36,300,1739,88,67,212,1672,0,0,1160,183,1180,1180,1026,460,17836,286,85,0.0133,9,9,5.7967,0.7614,7.8868,,0.1578,0.8695,0.3898,0.2972
mirror-shade,4,tide-siege,w0h0l-,random,300,0,0,9,,93.183,0,0,3.837,63.417,4.753,24.62,0.41,1.017,0.163,0.247,0.543,0.363,0.247,1.02,0,0,0,0,0,0.033,0,4,3.57,3.57,2.047,0.497,26.9,,,,,,,,,,,,,2,reflection,1,1,borrowed-shadow,1,4,counter-exam,1,7,300,10,10,90,0,0,300,1978,0,0,300,1978,0,0,1200,49,1071,1071,614,149,8070,118,0,0.0333,9,,6.5933,,6.5933,,0.0408,0.5733,0.1391,0
mirror-shade,4,tide-siege,w0h0l-,single-water,300,0,0,9,,100,0,0,4,33.163,5,66.873,0,0,0,0,1,1,0.537,0,0,0,0,0,0,0,0,4,4,4,0,0,0,,,,,,,,,,,,,2,reflection,1,1,borrowed-shadow,1,4,counter-exam,1,7,300,0,0,0,0,0,300,2394,0,0,300,2394,0,0,1200,0,1200,1200,0,0,0,0,0,0,,,7.98,,7.98,,0,0,0,
mirror-shade,4,tide-siege,w0h0l-,legacy-cycle,300,0,0,9,,90.26,0,0,4,80.88,5,43.567,0,0,0,0,0.13,0,0.13,2.657,0,0,0,0,0,0.99,0,4,4,4,3.133,0,37.537,,,,,,,,,,,,,2,reflection,1,1,borrowed-shadow,1,4,counter-exam,1,7,300,297,297,2175,0,0,300,1724,0,0,300,1724,0,0,1200,0,1200,1200,940,0,11261,0,0,0.99,7.3232,,5.7467,,5.7467,,0,0.7833,0,
mirror-shade,4,tide-siege,w0h0l-,greedy,300,185,0.6167,8.547,0.9183,31,0,0,2.113,40.84,4.867,2.447,0.967,0.13,0.88,0.087,1.25,0.913,0.357,1.887,0,0,0,0,0,0.03,0,3.56,3.867,3.867,3.737,1.44,56.757,,,,,,,,,,,,,1.987,reflection,1,1,borrowed-shadow,1,4,counter-exam,0.9867,7,300,9,9,72,3,25,300,603,185,325,115,278,0,0,1068,264,1160,1160,1121,432,17027,285,177,0.03,8,8.3333,2.01,1.7568,2.4174,,0.2472,0.9664,0.3724,0.6211
mirror-shade,4,tide-siege,w0h0l-,planner,300,203,0.6767,8.547,0.9256,55.99,0,0,2.3,44.907,4.853,1.98,0.723,0.093,0.62,0.103,1.117,0.757,0.387,2.203,0,0,0,0,0,0.023,0,3.567,3.853,3.853,3.717,1.623,59.49,,,,,,,,,,,,,1.98,reflection,1,1,borrowed-shadow,1,4,counter-exam,0.98,7,300,7,7,62,6,54,300,997,203,217,97,780,0,0,1070,186,1156,1156,1115,487,17847,298,202,0.0233,8.8571,9,3.3233,1.069,8.0412,,0.1738,0.9645,0.4213,0.6779
mirror-shade,4,tide-siege,w0h0l-,forecast-aware,300,103,0.3433,8.737,0.9148,37.873,0,0,2.55,50.64,3.67,2.493,2.193,0,0.887,1.307,1.217,0.85,0.377,2.14,0,0,0,0,0,0.017,0,3.747,2.877,2.877,2.65,0.85,40.213,,,,,,,,,,,,,1.99,reflection,1,1,borrowed-shadow,1,4,counter-exam,0.99,7,300,5,5,44,5,44,300,576,103,141,197,435,0,0,1124,266,863,863,795,255,12064,196,80,0.0167,8.8,8.8,1.92,1.3689,2.2081,,0.2367,0.9212,0.2955,0.4082
mirror-shade,4,tide-siege,w0h0l-,planner-one-mistake,300,86,0.2867,8.867,0.9483,62.402,0,0,2.96,60.313,4.94,12.473,0.68,0.233,0.62,0.06,1.067,0.747,0.333,2.463,0,0,0,0,0,0.017,0,3.867,3.94,3.94,3.457,1.51,58.947,203,300,203,73,0,20,280,0.3596,1,13.0733,3.5,0,2,reflection,1,1,borrowed-shadow,1,4,counter-exam,1,7,300,5,5,45,5,45,300,1777,86,63,214,1714,0,0,1160,186,1182,1182,1037,453,17684,285,83,0.0167,9,9,5.9233,0.7326,8.0093,,0.1603,0.8773,0.3832,0.2912
mirror-shade,4,tide-siege,w0h0l0,random,300,0,0,9,,92.627,0,0,3.837,64.073,4.753,25.087,0.41,1.017,0.163,0.247,0.543,0.363,0.243,1.02,0,0,0,0,0,0.033,0,4,3.57,3.57,2.047,0.497,27.357,,,,,,,,,,,,,2,reflection,1,1,borrowed-shadow,1,4,counter-exam,1,7,300,10,10,90,0,0,300,1978,0,0,300,1978,0,0,1200,49,1071,1071,614,149,8207,118,0,0.0333,9,,6.5933,,6.5933,,0.0408,0.5733,0.1391,0
mirror-shade,4,tide-siege,w0h0l0,single-water,300,0,0,9,,100,0,0,4,33.163,5,66.873,0,0,0,0,1,1,0.537,0,0,0,0,0,0,0,0,4,4,4,0,0,0,,,,,,,,,,,,,2,reflection,1,1,borrowed-shadow,1,4,counter-exam,1,7,300,0,0,0,0,0,300,2394,0,0,300,2394,0,0,1200,0,1200,1200,0,0,0,0,0,0,,,7.98,,7.98,,0,0,0,
mirror-shade,4,tide-siege,w0h0l0,legacy-cycle,300,0,0,9,,87.953,0,0,4,81.147,5,44.013,0,0,0,0,0.13,0,0.13,2.657,0,0,0,0,0,0.99,0,4,4,4,3.133,0,38.783,,,,,,,,,,,,,2,reflection,1,1,borrowed-shadow,1,4,counter-exam,1,7,300,297,297,2175,0,0,300,1724,0,0,300,1724,0,0,1200,0,1200,1200,940,0,11635,0,0,0.99,7.3232,,5.7467,,5.7467,,0,0.7833,0,
mirror-shade,4,tide-siege,w0h0l0,greedy,300,196,0.6533,8.487,0.9127,30.231,0,0,2.06,39.647,4.853,2.323,0.937,0.12,0.85,0.087,1.267,0.887,0.407,1.92,0,0,0,0,0,0.02,0,3.513,3.853,3.853,3.733,1.443,57.39,,,,,,,,,,,,,1.973,reflection,1,1,borrowed-shadow,1,4,counter-exam,0.9733,7,300,6,6,47,2,16,300,597,196,338,104,259,0,0,1054,255,1156,1156,1120,433,17217,286,188,0.02,7.8333,8,1.99,1.7245,2.4904,,0.2419,0.9689,0.3746,0.6573
mirror-shade,4,tide-siege,w0h0l0,planner,300,214,0.7133,8.517,0.9247,55.023,0,0,2.25,43.68,4.867,1.927,0.69,0.103,0.607,0.083,1.157,0.763,0.417,2.19,0,0,0,0,0,0.02,0,3.543,3.867,3.867,3.73,1.623,60.35,,,,,,,,,,,,,1.973,reflection,1,1,borrowed-shadow,1,4,counter-exam,0.9733,7,300,6,6,53,6,53,300,923,214,232,86,691,0,0,1063,182,1160,1160,1119,487,18105,298,213,0.02,8.8333,8.8333,3.0767,1.0841,8.0349,,0.1712,0.9647,0.4198,0.7148
mirror-shade,4,tide-siege,w0h0l0,forecast-aware,300,117,0.39,8.673,0.9069,37.284,0,0,2.473,48.907,3.657,2.513,2.17,0,0.863,1.307,1.2,0.82,0.39,2.133,0,0,0,0,0,0.017,0,3.683,2.863,2.863,2.637,0.85,40.547,,,,,,,,,,,,,1.99,reflection,1,1,borrowed-shadow,1,4,counter-exam,0.99,7,300,5,5,44,5,44,300,568,117,163,183,405,0,0,1105,259,859,859,791,255,12164,196,89,0.0167,8.8,8.8,1.8933,1.3932,2.2131,,0.2344,0.9208,0.2969,0.4541
mirror-shade,4,tide-siege,w0h0l0,planner-one-mistake,300,91,0.3033,8.863,0.9499,61.526,0,0,2.96,60.207,4.937,13.133,0.663,0.24,0.6,0.063,1.087,0.76,0.34,2.45,0,0,0,0,0,0.02,0,3.863,3.937,3.937,3.443,1.523,59.603,214,300,214,81,0,17,283,0.3785,1,13.1083,1.25,0,2,reflection,1,1,borrowed-shadow,1,4,counter-exam,1,7,300,6,6,54,6,54,300,1723,91,62,209,1661,0,0,1159,180,1181,1181,1033,457,17881,288,88,0.02,9,9,5.7433,0.6813,7.9474,,0.1553,0.8747,0.387,0.3056
mirror-shade,4,tide-siege,w0h0l+,random,300,0,0,9,,92.283,0,0,3.837,64.383,4.753,25.343,0.41,1.017,0.163,0.247,0.543,0.363,0.243,1.02,0,0,0,0,0,0.033,0,4,3.57,3.57,2.047,0.497,27.65,,,,,,,,,,,,,2,reflection,1,1,borrowed-shadow,1,4,counter-exam,1,7,300,10,10,90,0,0,300,1978,0,0,300,1978,0,0,1200,49,1071,1071,614,149,8295,118,0,0.0333,9,,6.5933,,6.5933,,0.0408,0.5733,0.1391,0
mirror-shade,4,tide-siege,w0h0l+,single-water,300,0,0,9,,100,0,0,4,33.163,5,66.873,0,0,0,0,1,1,0.537,0,0,0,0,0,0,0,0,4,4,4,0,0,0,,,,,,,,,,,,,2,reflection,1,1,borrowed-shadow,1,4,counter-exam,1,7,300,0,0,0,0,0,300,2394,0,0,300,2394,0,0,1200,0,1200,1200,0,0,0,0,0,0,,,7.98,,7.98,,0,0,0,
mirror-shade,4,tide-siege,w0h0l+,legacy-cycle,300,0,0,9,,86.61,0,0,4,81.23,5,44.063,0,0,0,0,0.13,0,0.13,2.657,0,0,0,0,0,0.99,0,4,4,4,3.133,0,39.193,,,,,,,,,,,,,2,reflection,1,1,borrowed-shadow,1,4,counter-exam,1,7,300,297,297,2175,0,0,300,1724,0,0,300,1724,0,0,1200,0,1200,1200,940,0,11758,0,0,0.99,7.3232,,5.7467,,5.7467,,0,0.7833,0,
mirror-shade,4,tide-siege,w0h0l+,greedy,300,206,0.6867,8.433,0.9083,29.532,0,0,1.997,38.267,4.837,2.1,0.937,0.117,0.843,0.093,1.28,0.877,0.437,1.84,0,0,0,0,0,0.01,0,3.477,3.837,3.837,3.717,1.433,57.443,,,,,,,,,,,,,1.957,reflection,1,1,borrowed-shadow,1,4,counter-exam,0.9567,7,300,3,3,25,1,9,300,614,206,367,94,247,0,0,1043,253,1151,1151,1115,430,17233,286,198,0.01,8.3333,9,2.0467,1.7816,2.6277,,0.2426,0.9687,0.3736,0.6923
mirror-shade,4,tide-siege,w0h0l+,planner,300,230,0.7667,8.463,0.9222,54.529,0,0,2.153,41.427,4.867,1.96,0.68,0.103,0.597,0.083,1.177,0.763,0.437,2.177,0,0,0,0,0,0.023,0,3.493,3.867,3.867,3.737,1.623,60.793,,,,,,,,,,,,,1.97,reflection,1,1,borrowed-shadow,1,4,counter-exam,0.97,7,300,7,7,62,7,62,300,835,230,277,70,558,0,0,1048,179,1160,1160,1121,487,18238,298,229,0.0233,8.8571,8.8571,2.7833,1.2043,7.9714,,0.1708,0.9664,0.4198,0.7685
mirror-shade,4,tide-siege,w0h0l+,forecast-aware,300,135,0.45,8.62,0.9062,36.897,0,0,2.383,46.853,3.657,2.45,2.15,0,0.847,1.303,1.19,0.8,0.397,2.127,0,0,0,0,0,0.017,0,3.633,2.863,2.863,2.637,0.85,40.853,,,,,,,,,,,,,1.987,reflection,1,1,borrowed-shadow,1,4,counter-exam,0.9867,7,300,5,5,44,5,44,300,564,135,189,165,375,0,0,1090,254,859,859,791,255,12256,196,107,0.0167,8.8,8.8,1.88,1.4,2.2727,,0.233,0.9208,0.2969,0.5459
mirror-shade,4,tide-siege,w0h0l+,planner-one-mistake,300,105,0.35,8.84,0.9492,60.944,0,0,2.893,58.593,4.937,13.34,0.66,0.24,0.597,0.063,1.083,0.763,0.333,2.457,0,0,0,0,0,0.02,0,3.84,3.937,3.937,3.443,1.527,60.183,230,300,230,93,0,17,283,0.4043,1,13.0417,1.25,0,2,reflection,1,1,borrowed-shadow,1,4,counter-exam,1,7,300,6,6,54,6,54,300,1627,105,80,195,1547,0,0,1152,179,1181,1181,1033,458,18055,288,102,0.02,9,9,5.4233,0.7619,7.9333,,0.1554,0.8747,0.3878,0.3542
mirror-shade,4,tide-siege,w0h+l-,random,300,0,0,9,,92.903,0,0,3.837,63.78,4.753,24.843,0.41,1.017,0.163,0.247,0.543,0.363,0.247,1.02,0,0,0,0,0,0.033,0,4,3.57,3.57,2.047,0.497,27.14,,,,,,,,,,,,,2,reflection,1,1,borrowed-shadow,1,4,counter-exam,1,7,300,10,10,90,0,0,300,1978,0,0,300,1978,0,0,1200,49,1071,1071,614,149,8142,118,0,0.0333,9,,6.5933,,6.5933,,0.0408,0.5733,0.1391,0
mirror-shade,4,tide-siege,w0h+l-,single-water,300,0,0,9,,100,0,0,4,33.163,5,66.873,0,0,0,0,1,1,0.537,0,0,0,0,0,0,0,0,4,4,4,0,0,0,,,,,,,,,,,,,2,reflection,1,1,borrowed-shadow,1,4,counter-exam,1,7,300,0,0,0,0,0,300,2394,0,0,300,2394,0,0,1200,0,1200,1200,0,0,0,0,0,0,,,7.98,,7.98,,0,0,0,
mirror-shade,4,tide-siege,w0h+l-,legacy-cycle,300,0,0,9,,89.383,0,0,4,81.013,5,43.857,0,0,0,0,0.13,0,0.13,2.657,0,0,0,0,0,0.99,0,4,4,4,3.133,0,37.727,,,,,,,,,,,,,2,reflection,1,1,borrowed-shadow,1,4,counter-exam,1,7,300,297,297,2175,0,0,300,1724,0,0,300,1724,0,0,1200,0,1200,1200,940,0,11318,0,0,0.99,7.3232,,5.7467,,5.7467,,0,0.7833,0,
mirror-shade,4,tide-siege,w0h+l-,greedy,300,192,0.64,8.51,0.9149,30.231,0,0,2.08,40.093,4.857,2.423,0.947,0.137,0.86,0.087,1.243,0.877,0.387,1.87,0,0,0,0,0,0.03,0,3.533,3.857,3.857,3.73,1.437,57.027,,,,,,,,,,,,,1.977,reflection,1,1,borrowed-shadow,1,4,counter-exam,0.9767,7,300,9,9,72,4,33,300,594,192,334,108,260,0,0,1060,258,1157,1157,1119,431,17108,285,184,0.03,8,8.25,1.98,1.7396,2.4074,,0.2434,0.9672,0.3725,0.6456
mirror-shade,4,tide-siege,w0h+l-,planner,300,219,0.73,8.497,0.9234,55.049,0,0,2.197,42.52,4.85,1.8,0.73,0.087,0.623,0.107,1.13,0.773,0.373,2.067,0,0,0,0,0,0.027,0,3.513,3.85,3.85,3.74,1.627,60.02,,,,,,,,,,,,,1.983,reflection,1,1,borrowed-shadow,1,4,counter-exam,0.9833,7,300,8,8,69,7,62,300,904,219,257,81,647,0,0,1054,187,1155,1155,1122,488,18006,298,218,0.0267,8.625,8.8571,3.0133,1.1735,7.9877,,0.1774,0.9714,0.4225,0.7315
mirror-shade,4,tide-siege,w0h+l-,forecast-aware,300,114,0.38,8.703,0.9133,37.715,0,0,2.5,49.5,3.67,2.493,2.177,0,0.87,1.307,1.203,0.837,0.377,2.133,0,0,0,0,0,0.017,0,3.713,2.877,2.877,2.65,0.85,40.517,,,,,,,,,,,,,1.99,reflection,1,1,borrowed-shadow,1,4,counter-exam,0.99,7,300,5,5,44,5,44,300,575,114,155,186,420,0,0,1114,261,863,863,795,255,12155,196,90,0.0167,8.8,8.8,1.9167,1.3596,2.2581,,0.2343,0.9212,0.2955,0.4592
mirror-shade,4,tide-siege,w0h+l-,planner-one-mistake,300,98,0.3267,8.863,0.9535,61.772,0,0,2.917,59.207,4.94,12.81,0.68,0.23,0.62,0.06,1.1,0.76,0.353,2.433,0,0,0,0,0,0.027,0,3.863,3.94,3.94,3.45,1.507,59.2,219,300,219,85,0,20,280,0.3881,1,13.3033,3.5,0,2,reflection,1,1,borrowed-shadow,1,4,counter-exam,1,7,300,8,8,68,8,68,300,1689,98,73,202,1616,0,0,1159,186,1182,1182,1035,452,17760,285,95,0.0267,8.5,8.5,5.63,0.7449,8,,0.1605,0.8756,0.3824,0.3333
mirror-shade,4,tide-siege,w0h+l0,random,300,0,0,9,,92.337,0,0,3.837,64.423,4.753,25.31,0.41,1.017,0.163,0.247,0.543,0.363,0.243,1.02,0,0,0,0,0,0.033,0,4,3.57,3.57,2.047,0.497,27.597,,,,,,,,,,,,,2,reflection,1,1,borrowed-shadow,1,4,counter-exam,1,7,300,10,10,90,0,0,300,1978,0,0,300,1978,0,0,1200,49,1071,1071,614,149,8279,118,0,0.0333,9,,6.5933,,6.5933,,0.0408,0.5733,0.1391,0
mirror-shade,4,tide-siege,w0h+l0,single-water,300,0,0,9,,100,0,0,4,33.163,5,66.873,0,0,0,0,1,1,0.537,0,0,0,0,0,0,0,0,4,4,4,0,0,0,,,,,,,,,,,,,2,reflection,1,1,borrowed-shadow,1,4,counter-exam,1,7,300,0,0,0,0,0,300,2394,0,0,300,2394,0,0,1200,0,1200,1200,0,0,0,0,0,0,,,7.98,,7.98,,0,0,0,
mirror-shade,4,tide-siege,w0h+l0,legacy-cycle,300,0,0,9,,86.927,0,0,4,81.247,5,44.303,0,0,0,0,0.13,0,0.13,2.657,0,0,0,0,0,0.99,0,4,4,4,3.133,0,38.973,,,,,,,,,,,,,2,reflection,1,1,borrowed-shadow,1,4,counter-exam,1,7,300,297,297,2175,0,0,300,1724,0,0,300,1724,0,0,1200,0,1200,1200,940,0,11692,0,0,0.99,7.3232,,5.7467,,5.7467,,0,0.7833,0,
mirror-shade,4,tide-siege,w0h+l0,greedy,300,207,0.69,8.403,0.9039,29.387,0,0,1.987,38.06,4.83,2.293,0.917,0.127,0.83,0.087,1.243,0.86,0.403,1.883,0,0,0,0,0,0.023,0,3.45,3.83,3.83,3.707,1.437,57.607,,,,,,,,,,,,,1.953,reflection,1,1,borrowed-shadow,1,4,counter-exam,0.9533,7,300,7,7,56,4,33,300,591,207,355,93,236,0,0,1035,249,1149,1149,1112,431,17282,286,198,0.0233,8,8.25,1.97,1.715,2.5376,,0.2406,0.9678,0.3751,0.6923
mirror-shade,4,tide-siege,w0h+l0,planner,300,235,0.7833,8.383,0.9125,54.631,0,0,2.08,39.88,4.843,1.653,0.68,0.097,0.59,0.09,1.153,0.75,0.42,2.09,0,0,0,0,0,0.023,0,3.423,3.843,3.843,3.743,1.637,61.043,,,,,,,,,,,,,1.96,reflection,1,1,borrowed-shadow,1,4,counter-exam,0.96,7,300,7,7,62,7,62,300,817,235,295,65,522,0,0,1027,177,1153,1153,1123,491,18313,298,234,0.0233,8.8571,8.8571,2.7233,1.2553,8.0308,,0.1723,0.974,0.4258,0.7852
mirror-shade,4,tide-siege,w0h+l0,forecast-aware,300,131,0.4367,8.633,0.9067,37.337,0,0,2.41,47.46,3.657,2.473,2.153,0,0.847,1.307,1.193,0.803,0.397,2.127,0,0,0,0,0,0.017,0,3.643,2.863,2.863,2.637,0.85,40.817,,,,,,,,,,,,,1.99,reflection,1,1,borrowed-shadow,1,4,counter-exam,0.99,7,300,5,5,44,5,44,300,562,131,180,169,382,0,0,1093,254,859,859,791,255,12245,196,103,0.0167,8.8,8.8,1.8733,1.374,2.2604,,0.2324,0.9208,0.2969,0.5255
mirror-shade,4,tide-siege,w0h+l0,planner-one-mistake,300,108,0.36,8.853,0.9547,61.073,0,0,2.89,58.467,4.937,13.287,0.667,0.237,0.603,0.063,1.117,0.78,0.35,2.447,0,0,0,0,0,0.023,0,3.853,3.937,3.937,3.44,1.513,59.833,235,300,235,96,0,17,283,0.4085,1,13.3417,1.25,0,2,reflection,1,1,borrowed-shadow,1,4,counter-exam,1,7,300,7,7,63,7,63,300,1604,108,74,192,1530,0,0,1156,181,1181,1181,1032,454,17950,288,104,0.0233,9,9,5.3467,0.6852,7.9688,,0.1566,0.8738,0.3844,0.3611
mirror-shade,4,tide-siege,w0h+l+,random,300,0,0,9,,91.987,0,0,3.837,64.73,4.753,25.567,0.41,1.017,0.163,0.247,0.543,0.363,0.243,1.02,0,0,0,0,0,0.033,0,4,3.57,3.57,2.047,0.497,27.89,,,,,,,,,,,,,2,reflection,1,1,borrowed-shadow,1,4,counter-exam,1,7,300,10,10,90,0,0,300,1978,0,0,300,1978,0,0,1200,49,1071,1071,614,149,8367,118,0,0.0333,9,,6.5933,,6.5933,,0.0408,0.5733,0.1391,0
mirror-shade,4,tide-siege,w0h+l+,single-water,300,0,0,9,,100,0,0,4,33.163,5,66.873,0,0,0,0,1,1,0.537,0,0,0,0,0,0,0,0,4,4,4,0,0,0,,,,,,,,,,,,,2,reflection,1,1,borrowed-shadow,1,4,counter-exam,1,7,300,0,0,0,0,0,300,2394,0,0,300,2394,0,0,1200,0,1200,1200,0,0,0,0,0,0,,,7.98,,7.98,,0,0,0,
mirror-shade,4,tide-siege,w0h+l+,legacy-cycle,300,0,0,9,,86.213,0,0,4,81.277,5,44.353,0,0,0,0,0.13,0,0.13,2.657,0,0,0,0,0,0.99,0,4,4,4,3.133,0,39.383,,,,,,,,,,,,,2,reflection,1,1,borrowed-shadow,1,4,counter-exam,1,7,300,297,297,2175,0,0,300,1724,0,0,300,1724,0,0,1200,0,1200,1200,940,0,11815,0,0,0.99,7.3232,,5.7467,,5.7467,,0,0.7833,0,
mirror-shade,4,tide-siege,w0h+l+,greedy,300,216,0.72,8.347,0.8992,29.179,0,0,1.93,36.833,4.813,2.5,0.9,0.12,0.807,0.093,1.247,0.863,0.413,1.79,0,0,0,0,0,0.027,0,3.41,3.813,3.813,3.687,1.427,57.547,,,,,,,,,,,,,1.937,reflection,1,1,borrowed-shadow,1,4,counter-exam,0.9367,7,300,8,8,63,4,33,300,598,216,371,84,227,0,0,1023,242,1144,1144,1106,428,17264,286,207,0.0267,7.875,8.25,1.9933,1.7176,2.7024,,0.2366,0.9668,0.3741,0.7238
mirror-shade,4,tide-siege,w0h+l+,planner,300,247,0.8233,8.303,0.906,54.528,0,0,1.987,37.793,4.84,1.687,0.657,0.1,0.57,0.087,1.15,0.727,0.44,2.063,0,0,0,0,0,0.023,0,3.357,3.84,3.84,3.743,1.627,61.377,,,,,,,,,,,,,1.947,reflection,1,1,borrowed-shadow,1,4,counter-exam,0.9467,7,300,7,7,60,6,53,300,756,247,332,53,424,0,0,1007,171,1152,1152,1123,488,18413,298,246,0.0233,8.5714,8.8333,2.52,1.3441,8,,0.1698,0.9748,0.4236,0.8255
mirror-shade,4,tide-siege,w0h+l+,forecast-aware,300,142,0.4733,8.593,0.9045,36.506,0,0,2.35,46.113,3.653,2.45,2.14,0,0.837,1.303,1.187,0.797,0.397,2.127,0,0,0,0,0,0.017,0,3.61,2.86,2.86,2.633,0.85,41.06,,,,,,,,,,,,,1.983,reflection,1,1,borrowed-shadow,1,4,counter-exam,0.9833,7,300,5,5,44,5,44,300,557,142,198,158,359,0,0,1083,251,858,858,790,255,12318,196,113,0.0167,8.8,8.8,1.8567,1.3944,2.2722,,0.2318,0.9207,0.2972,0.5765
mirror-shade,4,tide-siege,w0h+l+,planner-one-mistake,300,122,0.4067,8.83,0.9536,60.331,0,0,2.823,56.853,4.937,13.867,0.663,0.237,0.6,0.063,1.137,0.783,0.367,2.44,0,0,0,0,0,0.037,0,3.83,3.937,3.937,3.44,1.517,60.373,247,300,247,110,0,17,283,0.4453,1,13.275,1.25,0,2,reflection,1,1,borrowed-shadow,1,4,counter-exam,1,7,300,11,11,95,11,95,300,1503,122,95,178,1408,0,0,1149,180,1181,1181,1032,455,18112,288,118,0.0367,8.6364,8.6364,5.01,0.7787,7.9101,,0.1567,0.8738,0.3853,0.4097
mirror-shade,4,tide-siege,w+h-l-,random,300,0,0,9,,93.713,0,0,3.837,62.573,4.753,24.333,0.41,1.017,0.163,0.247,0.543,0.363,0.247,1.02,0,0,0,0,0,0.033,0,4,3.57,3.57,2.047,0.497,26.443,,,,,,,,,,,,,2,reflection,1,1,borrowed-shadow,1,4,counter-exam,1,7,300,10,10,90,0,0,300,1978,0,0,300,1978,0,0,1200,49,1071,1071,614,149,7933,118,0,0.0333,9,,6.5933,,6.5933,,0.0408,0.5733,0.1391,0
mirror-shade,4,tide-siege,w+h-l-,single-water,300,0,0,9,,100,0,0,4,33.163,5,66.873,0,0,0,0,1,1,0.537,0,0,0,0,0,0,0,0,4,4,4,0,0,0,,,,,,,,,,,,,2,reflection,1,1,borrowed-shadow,1,4,counter-exam,1,7,300,0,0,0,0,0,300,2394,0,0,300,2394,0,0,1200,0,1200,1200,0,0,0,0,0,0,,,7.98,,7.98,,0,0,0,
mirror-shade,4,tide-siege,w+h-l-,legacy-cycle,300,0,0,9,,92.193,0,0,4,80.453,5,42.887,0,0,0,0,0.13,0,0.13,2.657,0,0,0,0,0,0.99,0,4,4,4,3.133,0,36.633,,,,,,,,,,,,,2,reflection,1,1,borrowed-shadow,1,4,counter-exam,1,7,300,297,297,2175,0,0,300,1724,0,0,300,1724,0,0,1200,0,1200,1200,940,0,10990,0,0,0.99,7.3232,,5.7467,,5.7467,,0,0.7833,0,
mirror-shade,4,tide-siege,w+h-l-,greedy,300,164,0.5467,8.61,0.9207,32.11,0,0,2.207,43.007,4.887,2.19,0.987,0.143,0.907,0.08,1.287,0.94,0.377,1.797,0,0,0,0,0,0.013,0,3.613,3.887,3.887,3.753,1.45,56.73,,,,,,,,,,,,,1.997,reflection,1,1,borrowed-shadow,1,4,counter-exam,0.9967,7,300,4,4,34,2,18,300,621,164,295,136,326,0,0,1084,272,1166,1166,1126,435,17019,285,157,0.0133,8.5,9,2.07,1.7988,2.3971,,0.2509,0.9657,0.3731,0.5509
mirror-shade,4,tide-siege,w+h-l-,planner,300,182,0.6067,8.597,0.9261,56.72,0,0,2.397,47.233,4.88,2.057,0.72,0.1,0.63,0.09,1.13,0.757,0.4,2.133,0,0,0,0,0,0.027,0,3.603,3.88,3.88,3.74,1.647,59.37,,,,,,,,,,,,,1.993,reflection,1,1,borrowed-shadow,1,4,counter-exam,0.9933,7,300,8,8,71,7,63,300,1143,182,186,118,957,0,0,1081,189,1164,1164,1122,494,17811,298,181,0.0267,8.875,9,3.81,1.022,8.1102,,0.1748,0.9639,0.4244,0.6074
mirror-shade,4,tide-siege,w+h-l-,forecast-aware,300,90,0.3,8.807,0.9284,39.071,0,0,2.623,52.287,3.687,2.493,2.22,0,0.91,1.31,1.217,0.86,0.367,2.16,0,0,0,0,0,0.017,0,3.807,2.893,2.893,2.663,0.85,40.083,,,,,,,,,,,,,2,reflection,1,1,borrowed-shadow,1,4,counter-exam,1,7,300,5,5,44,5,44,300,586,90,128,210,458,0,0,1142,273,868,868,799,255,12025,196,68,0.0167,8.8,8.8,1.9533,1.4222,2.181,,0.2391,0.9205,0.2938,0.3469
mirror-shade,4,tide-siege,w+h-l-,planner-one-mistake,300,67,0.2233,8.913,0.9569,62.897,0,0,3.063,62.76,4.94,12.17,0.687,0.247,0.627,0.06,1.047,0.753,0.313,2.407,0,0,0,0,0,0.007,0,3.913,3.94,3.94,3.447,1.497,58.043,182,300,182,56,0,20,280,0.3077,1,12.9683,3.5,0,2,reflection,1,1,borrowed-shadow,1,4,counter-exam,1,7,300,2,2,18,2,18,300,1898,67,45,233,1853,0,0,1174,188,1182,1182,1034,449,17413,283,65,0.0067,9,9,6.3267,0.6716,7.9528,,0.1601,0.8748,0.3799,0.2297
mirror-shade,4,tide-siege,w+h-l0,random,300,0,0,9,,93.187,0,0,3.837,63.267,4.753,24.8,0.41,1.017,0.163,0.247,0.543,0.363,0.243,1.02,0,0,0,0,0,0.033,0,4,3.57,3.57,2.047,0.497,26.9,,,,,,,,,,,,,2,reflection,1,1,borrowed-shadow,1,4,counter-exam,1,7,300,10,10,90,0,0,300,1978,0,0,300,1978,0,0,1200,49,1071,1071,614,149,8070,118,0,0.0333,9,,6.5933,,6.5933,,0.0408,0.5733,0.1391,0
mirror-shade,4,tide-siege,w+h-l0,single-water,300,0,0,9,,100,0,0,4,33.163,5,66.873,0,0,0,0,1,1,0.537,0,0,0,0,0,0,0,0,4,4,4,0,0,0,,,,,,,,,,,,,2,reflection,1,1,borrowed-shadow,1,4,counter-exam,1,7,300,0,0,0,0,0,300,2394,0,0,300,2394,0,0,1200,0,1200,1200,0,0,0,0,0,0,,,7.98,,7.98,,0,0,0,
mirror-shade,4,tide-siege,w+h-l0,legacy-cycle,300,0,0,9,,90.53,0,0,4,80.797,5,43.333,0,0,0,0,0.13,0,0.13,2.657,0,0,0,0,0,0.99,0,4,4,4,3.133,0,37.88,,,,,,,,,,,,,2,reflection,1,1,borrowed-shadow,1,4,counter-exam,1,7,300,297,297,2175,0,0,300,1724,0,0,300,1724,0,0,1200,0,1200,1200,940,0,11364,0,0,0.99,7.3232,,5.7467,,5.7467,,0,0.7833,0,
mirror-shade,4,tide-siege,w+h-l0,greedy,300,182,0.6067,8.567,0.9206,31.076,0,0,2.123,41.073,4.88,2.147,0.977,0.127,0.89,0.087,1.293,0.9,0.43,1.79,0,0,0,0,0,0.01,0,3.573,3.88,3.88,3.757,1.453,57.25,,,,,,,,,,,,,1.993,reflection,1,1,borrowed-shadow,1,4,counter-exam,0.9933,7,300,3,3,25,1,9,300,603,182,313,118,290,0,0,1072,267,1164,1164,1127,436,17175,286,174,0.01,8.3333,9,2.01,1.7198,2.4576,,0.2491,0.9682,0.3746,0.6084
mirror-shade,4,tide-siege,w+h-l0,planner,300,196,0.6533,8.56,0.9252,55.077,0,0,2.33,45.633,4.877,2.027,0.707,0.093,0.62,0.087,1.127,0.747,0.407,2.17,0,0,0,0,0,0.027,0,3.573,3.877,3.877,3.733,1.663,60.237,,,,,,,,,,,,,1.987,reflection,1,1,borrowed-shadow,1,4,counter-exam,0.9867,7,300,8,8,71,7,63,300,1028,196,192,104,836,0,0,1072,186,1163,1163,1120,499,18071,298,195,0.0267,8.875,9,3.4267,0.9796,8.0385,,0.1735,0.963,0.4291,0.6544
mirror-shade,4,tide-siege,w+h-l0,forecast-aware,300,94,0.3133,8.787,0.9243,37.85,0,0,2.603,51.827,3.683,2.513,2.21,0,0.9,1.31,1.213,0.853,0.37,2.16,0,0,0,0,0,0.017,0,3.787,2.89,2.89,2.66,0.85,40.44,,,,,,,,,,,,,2,reflection,1,1,borrowed-shadow,1,4,counter-exam,1,7,300,5,5,44,5,44,300,589,94,139,206,450,0,0,1136,270,867,867,798,255,12132,196,71,0.0167,8.8,8.8,1.9633,1.4787,2.1845,,0.2377,0.9204,0.2941,0.3622
mirror-shade,4,tide-siege,w+h-l0,planner-one-mistake,300,82,0.2733,8.88,0.9512,62.5,0,0,3,61.193,4.94,12.977,0.667,0.237,0.607,0.06,1.07,0.747,0.337,2.387,0,0,0,0,0,0.013,0,3.88,3.94,3.94,3.43,1.53,58.95,196,300,196,73,0,19,281,0.3724,1,12.9358,1.25,0,2,reflection,1,1,borrowed-shadow,1,4,counter-exam,1,7,300,4,4,36,4,36,300,1782,82,61,218,1721,0,0,1164,182,1182,1182,1029,459,17685,286,80,0.0133,9,9,5.94,0.7439,7.8945,,0.1564,0.8706,0.3883,0.2797
mirror-shade,4,tide-siege,w+h-l+,random,300,0,0,9,,92.857,0,0,3.837,63.593,4.753,25.057,0.41,1.017,0.163,0.247,0.543,0.363,0.243,1.02,0,0,0,0,0,0.033,0,4,3.57,3.57,2.047,0.497,27.193,,,,,,,,,,,,,2,reflection,1,1,borrowed-shadow,1,4,counter-exam,1,7,300,10,10,90,0,0,300,1978,0,0,300,1978,0,0,1200,49,1071,1071,614,149,8158,118,0,0.0333,9,,6.5933,,6.5933,,0.0408,0.5733,0.1391,0
mirror-shade,4,tide-siege,w+h-l+,single-water,300,0,0,9,,100,0,0,4,33.163,5,66.873,0,0,0,0,1,1,0.537,0,0,0,0,0,0,0,0,4,4,4,0,0,0,,,,,,,,,,,,,2,reflection,1,1,borrowed-shadow,1,4,counter-exam,1,7,300,0,0,0,0,0,300,2394,0,0,300,2394,0,0,1200,0,1200,1200,0,0,0,0,0,0,,,7.98,,7.98,,0,0,0,
mirror-shade,4,tide-siege,w+h-l+,legacy-cycle,300,0,0,9,,89.337,0,0,4,80.913,5,43.383,0,0,0,0,0.13,0,0.13,2.657,0,0,0,0,0,0.99,0,4,4,4,3.133,0,38.29,,,,,,,,,,,,,2,reflection,1,1,borrowed-shadow,1,4,counter-exam,1,7,300,297,297,2175,0,0,300,1724,0,0,300,1724,0,0,1200,0,1200,1200,940,0,11487,0,0,0.99,7.3232,,5.7467,,5.7467,,0,0.7833,0,
mirror-shade,4,tide-siege,w+h-l+,greedy,300,194,0.6467,8.527,0.9187,29.802,0,0,2.06,39.607,4.863,2.1,0.977,0.12,0.883,0.093,1.293,0.9,0.437,1.78,0,0,0,0,0,0.007,0,3.547,3.863,3.863,3.74,1.45,57.363,,,,,,,,,,,,,1.98,reflection,1,1,borrowed-shadow,1,4,counter-exam,0.98,7,300,2,2,16,0,0,300,600,194,329,106,271,0,0,1064,265,1159,1159,1122,435,17209,286,186,0.0067,8,,2,1.6959,2.5566,,0.2491,0.9681,0.3753,0.6503
mirror-shade,4,tide-siege,w+h-l+,planner,300,209,0.6967,8.523,0.924,53.703,0,0,2.257,43.913,4.88,1.957,0.697,0.093,0.617,0.08,1.14,0.75,0.41,2.157,0,0,0,0,0,0.027,0,3.54,3.88,3.88,3.743,1.66,60.883,,,,,,,,,,,,,1.983,reflection,1,1,borrowed-shadow,1,4,counter-exam,0.9833,7,300,8,8,71,8,71,300,950,209,221,91,729,0,0,1062,185,1164,1164,1123,498,18265,298,208,0.0267,8.875,8.875,3.1667,1.0574,8.011,,0.1742,0.9648,0.4278,0.698
mirror-shade,4,tide-siege,w+h-l+,forecast-aware,300,114,0.38,8.707,0.9142,37.484,0,0,2.493,49.347,3.67,2.46,2.18,0,0.873,1.307,1.203,0.83,0.383,2.153,0,0,0,0,0,0.017,0,3.717,2.877,2.877,2.65,0.85,40.787,,,,,,,,,,,,,1.99,reflection,1,1,borrowed-shadow,1,4,counter-exam,0.99,7,300,5,5,44,5,44,300,577,114,162,186,415,0,0,1115,262,863,863,795,255,12236,196,87,0.0167,8.8,8.8,1.9233,1.4211,2.2312,,0.235,0.9212,0.2955,0.4439
mirror-shade,4,tide-siege,w+h-l+,planner-one-mistake,300,88,0.2933,8.867,0.9495,61.561,0,0,2.963,60.34,4.933,13.22,0.677,0.24,0.61,0.067,1.067,0.74,0.34,2.36,0,0,0,0,0,0.013,0,3.867,3.933,3.933,3.42,1.533,59.453,209,300,209,77,0,19,281,0.3684,1,12.8425,1.25,0,2,reflection,1,1,borrowed-shadow,1,4,counter-exam,1,7,300,4,4,36,4,36,300,1739,88,67,212,1672,0,0,1160,183,1180,1180,1026,460,17836,286,85,0.0133,9,9,5.7967,0.7614,7.8868,,0.1578,0.8695,0.3898,0.2972
mirror-shade,4,tide-siege,w+h0l-,random,300,0,0,9,,93.183,0,0,3.837,63.417,4.753,24.62,0.41,1.017,0.163,0.247,0.543,0.363,0.247,1.02,0,0,0,0,0,0.033,0,4,3.57,3.57,2.047,0.497,26.9,,,,,,,,,,,,,2,reflection,1,1,borrowed-shadow,1,4,counter-exam,1,7,300,10,10,90,0,0,300,1978,0,0,300,1978,0,0,1200,49,1071,1071,614,149,8070,118,0,0.0333,9,,6.5933,,6.5933,,0.0408,0.5733,0.1391,0
mirror-shade,4,tide-siege,w+h0l-,single-water,300,0,0,9,,100,0,0,4,33.163,5,66.873,0,0,0,0,1,1,0.537,0,0,0,0,0,0,0,0,4,4,4,0,0,0,,,,,,,,,,,,,2,reflection,1,1,borrowed-shadow,1,4,counter-exam,1,7,300,0,0,0,0,0,300,2394,0,0,300,2394,0,0,1200,0,1200,1200,0,0,0,0,0,0,,,7.98,,7.98,,0,0,0,
mirror-shade,4,tide-siege,w+h0l-,legacy-cycle,300,0,0,9,,90.26,0,0,4,80.88,5,43.567,0,0,0,0,0.13,0,0.13,2.657,0,0,0,0,0,0.99,0,4,4,4,3.133,0,37.537,,,,,,,,,,,,,2,reflection,1,1,borrowed-shadow,1,4,counter-exam,1,7,300,297,297,2175,0,0,300,1724,0,0,300,1724,0,0,1200,0,1200,1200,940,0,11261,0,0,0.99,7.3232,,5.7467,,5.7467,,0,0.7833,0,
mirror-shade,4,tide-siege,w+h0l-,greedy,300,185,0.6167,8.547,0.9183,31,0,0,2.113,40.84,4.867,2.447,0.967,0.13,0.88,0.087,1.25,0.913,0.357,1.887,0,0,0,0,0,0.03,0,3.56,3.867,3.867,3.737,1.44,56.757,,,,,,,,,,,,,1.987,reflection,1,1,borrowed-shadow,1,4,counter-exam,0.9867,7,300,9,9,72,3,25,300,603,185,325,115,278,0,0,1068,264,1160,1160,1121,432,17027,285,177,0.03,8,8.3333,2.01,1.7568,2.4174,,0.2472,0.9664,0.3724,0.6211
mirror-shade,4,tide-siege,w+h0l-,planner,300,203,0.6767,8.547,0.9256,55.99,0,0,2.3,44.907,4.853,1.98,0.723,0.093,0.62,0.103,1.117,0.757,0.387,2.203,0,0,0,0,0,0.023,0,3.567,3.853,3.853,3.717,1.623,59.49,,,,,,,,,,,,,1.98,reflection,1,1,borrowed-shadow,1,4,counter-exam,0.98,7,300,7,7,62,6,54,300,997,203,217,97,780,0,0,1070,186,1156,1156,1115,487,17847,298,202,0.0233,8.8571,9,3.3233,1.069,8.0412,,0.1738,0.9645,0.4213,0.6779
mirror-shade,4,tide-siege,w+h0l-,forecast-aware,300,103,0.3433,8.737,0.9148,37.873,0,0,2.55,50.64,3.67,2.493,2.193,0,0.887,1.307,1.217,0.85,0.377,2.14,0,0,0,0,0,0.017,0,3.747,2.877,2.877,2.65,0.85,40.213,,,,,,,,,,,,,1.99,reflection,1,1,borrowed-shadow,1,4,counter-exam,0.99,7,300,5,5,44,5,44,300,576,103,141,197,435,0,0,1124,266,863,863,795,255,12064,196,80,0.0167,8.8,8.8,1.92,1.3689,2.2081,,0.2367,0.9212,0.2955,0.4082
mirror-shade,4,tide-siege,w+h0l-,planner-one-mistake,300,86,0.2867,8.867,0.9483,62.402,0,0,2.96,60.313,4.94,12.473,0.68,0.233,0.62,0.06,1.067,0.747,0.333,2.463,0,0,0,0,0,0.017,0,3.867,3.94,3.94,3.457,1.51,58.947,203,300,203,73,0,20,280,0.3596,1,13.0733,3.5,0,2,reflection,1,1,borrowed-shadow,1,4,counter-exam,1,7,300,5,5,45,5,45,300,1777,86,63,214,1714,0,0,1160,186,1182,1182,1037,453,17684,285,83,0.0167,9,9,5.9233,0.7326,8.0093,,0.1603,0.8773,0.3832,0.2912
mirror-shade,4,tide-siege,w+h0l0,random,300,0,0,9,,92.627,0,0,3.837,64.073,4.753,25.087,0.41,1.017,0.163,0.247,0.543,0.363,0.243,1.02,0,0,0,0,0,0.033,0,4,3.57,3.57,2.047,0.497,27.357,,,,,,,,,,,,,2,reflection,1,1,borrowed-shadow,1,4,counter-exam,1,7,300,10,10,90,0,0,300,1978,0,0,300,1978,0,0,1200,49,1071,1071,614,149,8207,118,0,0.0333,9,,6.5933,,6.5933,,0.0408,0.5733,0.1391,0
mirror-shade,4,tide-siege,w+h0l0,single-water,300,0,0,9,,100,0,0,4,33.163,5,66.873,0,0,0,0,1,1,0.537,0,0,0,0,0,0,0,0,4,4,4,0,0,0,,,,,,,,,,,,,2,reflection,1,1,borrowed-shadow,1,4,counter-exam,1,7,300,0,0,0,0,0,300,2394,0,0,300,2394,0,0,1200,0,1200,1200,0,0,0,0,0,0,,,7.98,,7.98,,0,0,0,
mirror-shade,4,tide-siege,w+h0l0,legacy-cycle,300,0,0,9,,87.953,0,0,4,81.147,5,44.013,0,0,0,0,0.13,0,0.13,2.657,0,0,0,0,0,0.99,0,4,4,4,3.133,0,38.783,,,,,,,,,,,,,2,reflection,1,1,borrowed-shadow,1,4,counter-exam,1,7,300,297,297,2175,0,0,300,1724,0,0,300,1724,0,0,1200,0,1200,1200,940,0,11635,0,0,0.99,7.3232,,5.7467,,5.7467,,0,0.7833,0,
mirror-shade,4,tide-siege,w+h0l0,greedy,300,196,0.6533,8.487,0.9127,30.231,0,0,2.06,39.647,4.853,2.323,0.937,0.12,0.85,0.087,1.267,0.887,0.407,1.92,0,0,0,0,0,0.02,0,3.513,3.853,3.853,3.733,1.443,57.39,,,,,,,,,,,,,1.973,reflection,1,1,borrowed-shadow,1,4,counter-exam,0.9733,7,300,6,6,47,2,16,300,597,196,338,104,259,0,0,1054,255,1156,1156,1120,433,17217,286,188,0.02,7.8333,8,1.99,1.7245,2.4904,,0.2419,0.9689,0.3746,0.6573
mirror-shade,4,tide-siege,w+h0l0,planner,300,214,0.7133,8.517,0.9247,55.023,0,0,2.25,43.68,4.867,1.927,0.69,0.103,0.607,0.083,1.157,0.763,0.417,2.19,0,0,0,0,0,0.02,0,3.543,3.867,3.867,3.73,1.623,60.35,,,,,,,,,,,,,1.973,reflection,1,1,borrowed-shadow,1,4,counter-exam,0.9733,7,300,6,6,53,6,53,300,923,214,232,86,691,0,0,1063,182,1160,1160,1119,487,18105,298,213,0.02,8.8333,8.8333,3.0767,1.0841,8.0349,,0.1712,0.9647,0.4198,0.7148
mirror-shade,4,tide-siege,w+h0l0,forecast-aware,300,117,0.39,8.673,0.9069,37.284,0,0,2.473,48.907,3.657,2.513,2.17,0,0.863,1.307,1.2,0.82,0.39,2.133,0,0,0,0,0,0.017,0,3.683,2.863,2.863,2.637,0.85,40.547,,,,,,,,,,,,,1.99,reflection,1,1,borrowed-shadow,1,4,counter-exam,0.99,7,300,5,5,44,5,44,300,568,117,163,183,405,0,0,1105,259,859,859,791,255,12164,196,89,0.0167,8.8,8.8,1.8933,1.3932,2.2131,,0.2344,0.9208,0.2969,0.4541
mirror-shade,4,tide-siege,w+h0l0,planner-one-mistake,300,91,0.3033,8.863,0.9499,61.526,0,0,2.96,60.207,4.937,13.133,0.663,0.24,0.6,0.063,1.087,0.76,0.34,2.45,0,0,0,0,0,0.02,0,3.863,3.937,3.937,3.443,1.523,59.603,214,300,214,81,0,17,283,0.3785,1,13.1083,1.25,0,2,reflection,1,1,borrowed-shadow,1,4,counter-exam,1,7,300,6,6,54,6,54,300,1723,91,62,209,1661,0,0,1159,180,1181,1181,1033,457,17881,288,88,0.02,9,9,5.7433,0.6813,7.9474,,0.1553,0.8747,0.387,0.3056
mirror-shade,4,tide-siege,w+h0l+,random,300,0,0,9,,92.283,0,0,3.837,64.383,4.753,25.343,0.41,1.017,0.163,0.247,0.543,0.363,0.243,1.02,0,0,0,0,0,0.033,0,4,3.57,3.57,2.047,0.497,27.65,,,,,,,,,,,,,2,reflection,1,1,borrowed-shadow,1,4,counter-exam,1,7,300,10,10,90,0,0,300,1978,0,0,300,1978,0,0,1200,49,1071,1071,614,149,8295,118,0,0.0333,9,,6.5933,,6.5933,,0.0408,0.5733,0.1391,0
mirror-shade,4,tide-siege,w+h0l+,single-water,300,0,0,9,,100,0,0,4,33.163,5,66.873,0,0,0,0,1,1,0.537,0,0,0,0,0,0,0,0,4,4,4,0,0,0,,,,,,,,,,,,,2,reflection,1,1,borrowed-shadow,1,4,counter-exam,1,7,300,0,0,0,0,0,300,2394,0,0,300,2394,0,0,1200,0,1200,1200,0,0,0,0,0,0,,,7.98,,7.98,,0,0,0,
mirror-shade,4,tide-siege,w+h0l+,legacy-cycle,300,0,0,9,,86.61,0,0,4,81.23,5,44.063,0,0,0,0,0.13,0,0.13,2.657,0,0,0,0,0,0.99,0,4,4,4,3.133,0,39.193,,,,,,,,,,,,,2,reflection,1,1,borrowed-shadow,1,4,counter-exam,1,7,300,297,297,2175,0,0,300,1724,0,0,300,1724,0,0,1200,0,1200,1200,940,0,11758,0,0,0.99,7.3232,,5.7467,,5.7467,,0,0.7833,0,
mirror-shade,4,tide-siege,w+h0l+,greedy,300,206,0.6867,8.433,0.9083,29.532,0,0,1.997,38.267,4.837,2.1,0.937,0.117,0.843,0.093,1.28,0.877,0.437,1.84,0,0,0,0,0,0.01,0,3.477,3.837,3.837,3.717,1.433,57.443,,,,,,,,,,,,,1.957,reflection,1,1,borrowed-shadow,1,4,counter-exam,0.9567,7,300,3,3,25,1,9,300,614,206,367,94,247,0,0,1043,253,1151,1151,1115,430,17233,286,198,0.01,8.3333,9,2.0467,1.7816,2.6277,,0.2426,0.9687,0.3736,0.6923
mirror-shade,4,tide-siege,w+h0l+,planner,300,230,0.7667,8.463,0.9222,54.529,0,0,2.153,41.427,4.867,1.96,0.68,0.103,0.597,0.083,1.177,0.763,0.437,2.177,0,0,0,0,0,0.023,0,3.493,3.867,3.867,3.737,1.623,60.793,,,,,,,,,,,,,1.97,reflection,1,1,borrowed-shadow,1,4,counter-exam,0.97,7,300,7,7,62,7,62,300,835,230,277,70,558,0,0,1048,179,1160,1160,1121,487,18238,298,229,0.0233,8.8571,8.8571,2.7833,1.2043,7.9714,,0.1708,0.9664,0.4198,0.7685
mirror-shade,4,tide-siege,w+h0l+,forecast-aware,300,135,0.45,8.62,0.9062,36.897,0,0,2.383,46.853,3.657,2.45,2.15,0,0.847,1.303,1.19,0.8,0.397,2.127,0,0,0,0,0,0.017,0,3.633,2.863,2.863,2.637,0.85,40.853,,,,,,,,,,,,,1.987,reflection,1,1,borrowed-shadow,1,4,counter-exam,0.9867,7,300,5,5,44,5,44,300,564,135,189,165,375,0,0,1090,254,859,859,791,255,12256,196,107,0.0167,8.8,8.8,1.88,1.4,2.2727,,0.233,0.9208,0.2969,0.5459
mirror-shade,4,tide-siege,w+h0l+,planner-one-mistake,300,105,0.35,8.84,0.9492,60.944,0,0,2.893,58.593,4.937,13.34,0.66,0.24,0.597,0.063,1.083,0.763,0.333,2.457,0,0,0,0,0,0.02,0,3.84,3.937,3.937,3.443,1.527,60.183,230,300,230,93,0,17,283,0.4043,1,13.0417,1.25,0,2,reflection,1,1,borrowed-shadow,1,4,counter-exam,1,7,300,6,6,54,6,54,300,1627,105,80,195,1547,0,0,1152,179,1181,1181,1033,458,18055,288,102,0.02,9,9,5.4233,0.7619,7.9333,,0.1554,0.8747,0.3878,0.3542
mirror-shade,4,tide-siege,w+h+l-,random,300,0,0,9,,92.903,0,0,3.837,63.78,4.753,24.843,0.41,1.017,0.163,0.247,0.543,0.363,0.247,1.02,0,0,0,0,0,0.033,0,4,3.57,3.57,2.047,0.497,27.14,,,,,,,,,,,,,2,reflection,1,1,borrowed-shadow,1,4,counter-exam,1,7,300,10,10,90,0,0,300,1978,0,0,300,1978,0,0,1200,49,1071,1071,614,149,8142,118,0,0.0333,9,,6.5933,,6.5933,,0.0408,0.5733,0.1391,0
mirror-shade,4,tide-siege,w+h+l-,single-water,300,0,0,9,,100,0,0,4,33.163,5,66.873,0,0,0,0,1,1,0.537,0,0,0,0,0,0,0,0,4,4,4,0,0,0,,,,,,,,,,,,,2,reflection,1,1,borrowed-shadow,1,4,counter-exam,1,7,300,0,0,0,0,0,300,2394,0,0,300,2394,0,0,1200,0,1200,1200,0,0,0,0,0,0,,,7.98,,7.98,,0,0,0,
mirror-shade,4,tide-siege,w+h+l-,legacy-cycle,300,0,0,9,,89.383,0,0,4,81.013,5,43.857,0,0,0,0,0.13,0,0.13,2.657,0,0,0,0,0,0.99,0,4,4,4,3.133,0,37.727,,,,,,,,,,,,,2,reflection,1,1,borrowed-shadow,1,4,counter-exam,1,7,300,297,297,2175,0,0,300,1724,0,0,300,1724,0,0,1200,0,1200,1200,940,0,11318,0,0,0.99,7.3232,,5.7467,,5.7467,,0,0.7833,0,
mirror-shade,4,tide-siege,w+h+l-,greedy,300,192,0.64,8.51,0.9149,30.231,0,0,2.08,40.093,4.857,2.423,0.947,0.137,0.86,0.087,1.243,0.877,0.387,1.87,0,0,0,0,0,0.03,0,3.533,3.857,3.857,3.73,1.437,57.027,,,,,,,,,,,,,1.977,reflection,1,1,borrowed-shadow,1,4,counter-exam,0.9767,7,300,9,9,72,4,33,300,594,192,334,108,260,0,0,1060,258,1157,1157,1119,431,17108,285,184,0.03,8,8.25,1.98,1.7396,2.4074,,0.2434,0.9672,0.3725,0.6456
mirror-shade,4,tide-siege,w+h+l-,planner,300,219,0.73,8.497,0.9234,55.049,0,0,2.197,42.52,4.85,1.8,0.73,0.087,0.623,0.107,1.13,0.773,0.373,2.067,0,0,0,0,0,0.027,0,3.513,3.85,3.85,3.74,1.627,60.02,,,,,,,,,,,,,1.983,reflection,1,1,borrowed-shadow,1,4,counter-exam,0.9833,7,300,8,8,69,7,62,300,904,219,257,81,647,0,0,1054,187,1155,1155,1122,488,18006,298,218,0.0267,8.625,8.8571,3.0133,1.1735,7.9877,,0.1774,0.9714,0.4225,0.7315
mirror-shade,4,tide-siege,w+h+l-,forecast-aware,300,114,0.38,8.703,0.9133,37.715,0,0,2.5,49.5,3.67,2.493,2.177,0,0.87,1.307,1.203,0.837,0.377,2.133,0,0,0,0,0,0.017,0,3.713,2.877,2.877,2.65,0.85,40.517,,,,,,,,,,,,,1.99,reflection,1,1,borrowed-shadow,1,4,counter-exam,0.99,7,300,5,5,44,5,44,300,575,114,155,186,420,0,0,1114,261,863,863,795,255,12155,196,90,0.0167,8.8,8.8,1.9167,1.3596,2.2581,,0.2343,0.9212,0.2955,0.4592
mirror-shade,4,tide-siege,w+h+l-,planner-one-mistake,300,98,0.3267,8.863,0.9535,61.772,0,0,2.917,59.207,4.94,12.81,0.68,0.23,0.62,0.06,1.1,0.76,0.353,2.433,0,0,0,0,0,0.027,0,3.863,3.94,3.94,3.45,1.507,59.2,219,300,219,85,0,20,280,0.3881,1,13.3033,3.5,0,2,reflection,1,1,borrowed-shadow,1,4,counter-exam,1,7,300,8,8,68,8,68,300,1689,98,73,202,1616,0,0,1159,186,1182,1182,1035,452,17760,285,95,0.0267,8.5,8.5,5.63,0.7449,8,,0.1605,0.8756,0.3824,0.3333
mirror-shade,4,tide-siege,w+h+l0,random,300,0,0,9,,92.337,0,0,3.837,64.423,4.753,25.31,0.41,1.017,0.163,0.247,0.543,0.363,0.243,1.02,0,0,0,0,0,0.033,0,4,3.57,3.57,2.047,0.497,27.597,,,,,,,,,,,,,2,reflection,1,1,borrowed-shadow,1,4,counter-exam,1,7,300,10,10,90,0,0,300,1978,0,0,300,1978,0,0,1200,49,1071,1071,614,149,8279,118,0,0.0333,9,,6.5933,,6.5933,,0.0408,0.5733,0.1391,0
mirror-shade,4,tide-siege,w+h+l0,single-water,300,0,0,9,,100,0,0,4,33.163,5,66.873,0,0,0,0,1,1,0.537,0,0,0,0,0,0,0,0,4,4,4,0,0,0,,,,,,,,,,,,,2,reflection,1,1,borrowed-shadow,1,4,counter-exam,1,7,300,0,0,0,0,0,300,2394,0,0,300,2394,0,0,1200,0,1200,1200,0,0,0,0,0,0,,,7.98,,7.98,,0,0,0,
mirror-shade,4,tide-siege,w+h+l0,legacy-cycle,300,0,0,9,,86.927,0,0,4,81.247,5,44.303,0,0,0,0,0.13,0,0.13,2.657,0,0,0,0,0,0.99,0,4,4,4,3.133,0,38.973,,,,,,,,,,,,,2,reflection,1,1,borrowed-shadow,1,4,counter-exam,1,7,300,297,297,2175,0,0,300,1724,0,0,300,1724,0,0,1200,0,1200,1200,940,0,11692,0,0,0.99,7.3232,,5.7467,,5.7467,,0,0.7833,0,
mirror-shade,4,tide-siege,w+h+l0,greedy,300,207,0.69,8.403,0.9039,29.387,0,0,1.987,38.06,4.83,2.293,0.917,0.127,0.83,0.087,1.243,0.86,0.403,1.883,0,0,0,0,0,0.023,0,3.45,3.83,3.83,3.707,1.437,57.607,,,,,,,,,,,,,1.953,reflection,1,1,borrowed-shadow,1,4,counter-exam,0.9533,7,300,7,7,56,4,33,300,591,207,355,93,236,0,0,1035,249,1149,1149,1112,431,17282,286,198,0.0233,8,8.25,1.97,1.715,2.5376,,0.2406,0.9678,0.3751,0.6923
mirror-shade,4,tide-siege,w+h+l0,planner,300,235,0.7833,8.383,0.9125,54.631,0,0,2.08,39.88,4.843,1.653,0.68,0.097,0.59,0.09,1.153,0.75,0.42,2.09,0,0,0,0,0,0.023,0,3.423,3.843,3.843,3.743,1.637,61.043,,,,,,,,,,,,,1.96,reflection,1,1,borrowed-shadow,1,4,counter-exam,0.96,7,300,7,7,62,7,62,300,817,235,295,65,522,0,0,1027,177,1153,1153,1123,491,18313,298,234,0.0233,8.8571,8.8571,2.7233,1.2553,8.0308,,0.1723,0.974,0.4258,0.7852
mirror-shade,4,tide-siege,w+h+l0,forecast-aware,300,131,0.4367,8.633,0.9067,37.337,0,0,2.41,47.46,3.657,2.473,2.153,0,0.847,1.307,1.193,0.803,0.397,2.127,0,0,0,0,0,0.017,0,3.643,2.863,2.863,2.637,0.85,40.817,,,,,,,,,,,,,1.99,reflection,1,1,borrowed-shadow,1,4,counter-exam,0.99,7,300,5,5,44,5,44,300,562,131,180,169,382,0,0,1093,254,859,859,791,255,12245,196,103,0.0167,8.8,8.8,1.8733,1.374,2.2604,,0.2324,0.9208,0.2969,0.5255
mirror-shade,4,tide-siege,w+h+l0,planner-one-mistake,300,108,0.36,8.853,0.9547,61.073,0,0,2.89,58.467,4.937,13.287,0.667,0.237,0.603,0.063,1.117,0.78,0.35,2.447,0,0,0,0,0,0.023,0,3.853,3.937,3.937,3.44,1.513,59.833,235,300,235,96,0,17,283,0.4085,1,13.3417,1.25,0,2,reflection,1,1,borrowed-shadow,1,4,counter-exam,1,7,300,7,7,63,7,63,300,1604,108,74,192,1530,0,0,1156,181,1181,1181,1032,454,17950,288,104,0.0233,9,9,5.3467,0.6852,7.9688,,0.1566,0.8738,0.3844,0.3611
mirror-shade,4,tide-siege,w+h+l+,random,300,0,0,9,,91.987,0,0,3.837,64.73,4.753,25.567,0.41,1.017,0.163,0.247,0.543,0.363,0.243,1.02,0,0,0,0,0,0.033,0,4,3.57,3.57,2.047,0.497,27.89,,,,,,,,,,,,,2,reflection,1,1,borrowed-shadow,1,4,counter-exam,1,7,300,10,10,90,0,0,300,1978,0,0,300,1978,0,0,1200,49,1071,1071,614,149,8367,118,0,0.0333,9,,6.5933,,6.5933,,0.0408,0.5733,0.1391,0
mirror-shade,4,tide-siege,w+h+l+,single-water,300,0,0,9,,100,0,0,4,33.163,5,66.873,0,0,0,0,1,1,0.537,0,0,0,0,0,0,0,0,4,4,4,0,0,0,,,,,,,,,,,,,2,reflection,1,1,borrowed-shadow,1,4,counter-exam,1,7,300,0,0,0,0,0,300,2394,0,0,300,2394,0,0,1200,0,1200,1200,0,0,0,0,0,0,,,7.98,,7.98,,0,0,0,
mirror-shade,4,tide-siege,w+h+l+,legacy-cycle,300,0,0,9,,86.213,0,0,4,81.277,5,44.353,0,0,0,0,0.13,0,0.13,2.657,0,0,0,0,0,0.99,0,4,4,4,3.133,0,39.383,,,,,,,,,,,,,2,reflection,1,1,borrowed-shadow,1,4,counter-exam,1,7,300,297,297,2175,0,0,300,1724,0,0,300,1724,0,0,1200,0,1200,1200,940,0,11815,0,0,0.99,7.3232,,5.7467,,5.7467,,0,0.7833,0,
mirror-shade,4,tide-siege,w+h+l+,greedy,300,216,0.72,8.347,0.8992,29.179,0,0,1.93,36.833,4.813,2.5,0.9,0.12,0.807,0.093,1.247,0.863,0.413,1.79,0,0,0,0,0,0.027,0,3.41,3.813,3.813,3.687,1.427,57.547,,,,,,,,,,,,,1.937,reflection,1,1,borrowed-shadow,1,4,counter-exam,0.9367,7,300,8,8,63,4,33,300,598,216,371,84,227,0,0,1023,242,1144,1144,1106,428,17264,286,207,0.0267,7.875,8.25,1.9933,1.7176,2.7024,,0.2366,0.9668,0.3741,0.7238
mirror-shade,4,tide-siege,w+h+l+,planner,300,247,0.8233,8.303,0.906,54.528,0,0,1.987,37.793,4.84,1.687,0.657,0.1,0.57,0.087,1.15,0.727,0.44,2.063,0,0,0,0,0,0.023,0,3.357,3.84,3.84,3.743,1.627,61.377,,,,,,,,,,,,,1.947,reflection,1,1,borrowed-shadow,1,4,counter-exam,0.9467,7,300,7,7,60,6,53,300,756,247,332,53,424,0,0,1007,171,1152,1152,1123,488,18413,298,246,0.0233,8.5714,8.8333,2.52,1.3441,8,,0.1698,0.9748,0.4236,0.8255
mirror-shade,4,tide-siege,w+h+l+,forecast-aware,300,142,0.4733,8.593,0.9045,36.506,0,0,2.35,46.113,3.653,2.45,2.14,0,0.837,1.303,1.187,0.797,0.397,2.127,0,0,0,0,0,0.017,0,3.61,2.86,2.86,2.633,0.85,41.06,,,,,,,,,,,,,1.983,reflection,1,1,borrowed-shadow,1,4,counter-exam,0.9833,7,300,5,5,44,5,44,300,557,142,198,158,359,0,0,1083,251,858,858,790,255,12318,196,113,0.0167,8.8,8.8,1.8567,1.3944,2.2722,,0.2318,0.9207,0.2972,0.5765
mirror-shade,4,tide-siege,w+h+l+,planner-one-mistake,300,122,0.4067,8.83,0.9536,60.331,0,0,2.823,56.853,4.937,13.867,0.663,0.237,0.6,0.063,1.137,0.783,0.367,2.44,0,0,0,0,0,0.037,0,3.83,3.937,3.937,3.44,1.517,60.373,247,300,247,110,0,17,283,0.4453,1,13.275,1.25,0,2,reflection,1,1,borrowed-shadow,1,4,counter-exam,1,7,300,11,11,95,11,95,300,1503,122,95,178,1408,0,0,1149,180,1181,1181,1032,455,18112,288,118,0.0367,8.6364,8.6364,5.01,0.7787,7.9101,,0.1567,0.8738,0.3853,0.4097
mirror-shade,4,smoke-screen,w-h-l-,random,300,0,0,9,,95.35,0,0,3.8,59.837,4.75,22.64,0.45,1.31,0.2,0.25,0.447,0.27,0.23,1.04,0,0,0,0,0,0.017,0,4,3.563,3.563,2.037,0.39,24.687,,,,,,,,,,,,,2,reflection,1,1,borrowed-shadow,1,4,counter-exam,1,7,300,5,5,43,0,0,300,2115,0,0,300,2115,0,0,1200,60,1069,1069,611,117,7406,102,0,0.0167,8.6,,7.05,,7.05,,0.05,0.5716,0.1094,0
mirror-shade,4,smoke-screen,w-h-l-,single-water,300,0,0,9,,100,0,0,4,30.2,5,78.147,0,0,0,0,1,1,0.817,0,0,0,0,0,0,0,0,4,4,4,0,0,0,,,,,,,,,,,,,2,reflection,1,1,borrowed-shadow,1,4,counter-exam,1,7,300,0,0,0,0,0,300,2109,0,0,300,2109,0,0,1200,0,1200,1200,0,0,0,0,0,0,,,7.03,,7.03,,0,0,0,
mirror-shade,4,smoke-screen,w-h-l-,legacy-cycle,300,0,0,9,,91.78,0,0,4,80.057,5,42.56,0,0,0,0,0.143,0,0.143,2.513,0,0,0,0,0,0.987,0,4,4,4,3.243,0,37.777,,,,,,,,,,,,,2,reflection,1,1,borrowed-shadow,1,4,counter-exam,1,7,300,296,296,2198,0,0,300,1703,0,0,300,1703,0,0,1200,0,1200,1200,973,0,11333,0,0,0.9867,7.4257,,5.6767,,5.6767,,0,0.8108,0,
mirror-shade,4,smoke-screen,w-h-l-,greedy,300,172,0.5733,8.553,0.9134,33.148,0,0,1.94,37.987,4.86,2.717,1.19,0.163,1.093,0.097,1.17,0.687,0.483,1.79,0,0,0,0,0,0.043,0,3.553,3.86,3.86,3.707,1.32,53.003,,,,,,,,,,,,,2,reflection,1,1,borrowed-shadow,1,4,counter-exam,1,7,300,13,13,111,7,60,300,699,172,339,128,360,0,0,1066,328,1158,1158,1112,396,15901,265,157,0.0433,8.5385,8.5714,2.33,1.9709,2.8125,,0.3077,0.9603,0.342,0.5925
mirror-shade,4,smoke-screen,w-h-l-,planner,300,196,0.6533,8.51,0.9167,56.846,0,0,2.147,42.28,4.84,1.577,0.873,0.103,0.767,0.107,1.187,0.763,0.437,2.153,0,0,0,0,0,0.023,0,3.513,3.84,3.84,3.72,1.633,58.43,,,,,,,,,,,,,1.997,reflection,1,1,borrowed-shadow,1,4,counter-exam,0.9967,7,300,7,7,62,7,62,300,1119,196,267,104,852,0,0,1054,230,1152,1152,1116,490,17529,298,195,0.0233,8.8571,8.8571,3.73,1.3622,8.1923,,0.2182,0.9688,0.4253,0.6544
mirror-shade,4,smoke-screen,w-h-l-,forecast-aware,300,78,0.26,8.813,0.9202,42.856,0,0,2.467,49.753,3.477,2.51,2.627,0,1.12,1.507,0.96,0.68,0.31,1.993,0,0,0,0,0,0.01,0,3.813,2.677,2.677,2.44,0.713,34.453,,,,,,,,,,,,,2,reflection,1,1,borrowed-shadow,1,4,counter-exam,1,7,300,3,3,26,1,9,300,758,78,111,222,647,0,0,1144,336,803,803,732,214,10336,176,59,0.01,8.6667,9,2.5267,1.4231,2.9144,,0.2937,0.9116,0.2665,0.3352
mirror-shade,4,smoke-screen,w-h-l-,planner-one-mistake,300,92,0.3067,8.847,0.9444,63.014,0,0,2.74,56.147,4.937,12.613,0.863,0.22,0.8,0.063,1.083,0.777,0.333,2.367,0,0,0,0,0,0.017,0,3.847,3.937,3.937,3.427,1.493,57.057,196,300,196,79,0,8,292,0.4031,1,13.16,3.5,0,2,reflection,1,1,borrowed-shadow,1,4,counter-exam,1,7,300,5,5,44,4,36,300,1794,92,82,208,1712,0,0,1154,240,1181,1181,1028,448,17117,279,87,0.0167,8.8,9,5.98,0.8913,8.2308,,0.208,0.8704,0.3793,0.3118
mirror-shade,4,smoke-screen,w-h-l0,random,300,0,0,9,,94.863,0,0,3.8,60.53,4.75,23.133,0.45,1.31,0.2,0.25,0.447,0.27,0.23,1.04,0,0,0,0,0,0.017,0,4,3.563,3.563,2.037,0.39,25.137,,,,,,,,,,,,,2,reflection,1,1,borrowed-shadow,1,4,counter-exam,1,7,300,5,5,43,0,0,300,2115,0,0,300,2115,0,0,1200,60,1069,1069,611,117,7541,102,0,0.0167,8.6,,7.05,,7.05,,0.05,0.5716,0.1094,0
mirror-shade,4,smoke-screen,w-h-l0,single-water,300,0,0,9,,100,0,0,4,30.2,5,78.147,0,0,0,0,1,1,0.817,0,0,0,0,0,0,0,0,4,4,4,0,0,0,,,,,,,,,,,,,2,reflection,1,1,borrowed-shadow,1,4,counter-exam,1,7,300,0,0,0,0,0,300,2109,0,0,300,2109,0,0,1200,0,1200,1200,0,0,0,0,0,0,,,7.03,,7.03,,0,0,0,
mirror-shade,4,smoke-screen,w-h-l0,legacy-cycle,300,0,0,9,,90.18,0,0,4,80.32,5,43.31,0,0,0,0,0.143,0,0.143,2.513,0,0,0,0,0,0.987,0,4,4,4,3.243,0,38.82,,,,,,,,,,,,,2,reflection,1,1,borrowed-shadow,1,4,counter-exam,1,7,300,296,296,2198,0,0,300,1703,0,0,300,1703,0,0,1200,0,1200,1200,973,0,11646,0,0,0.9867,7.4257,,5.6767,,5.6767,,0,0.8108,0,
mirror-shade,4,smoke-screen,w-h-l0,greedy,300,188,0.6267,8.537,0.9178,32.232,0,0,1.887,36.68,4.877,2.39,1.16,0.17,1.08,0.08,1.167,0.697,0.477,1.84,0,0,0,0,0,0.03,0,3.54,3.877,3.877,3.723,1.307,53.683,,,,,,,,,,,,,1.997,reflection,1,1,borrowed-shadow,1,4,counter-exam,0.9967,7,300,9,9,76,7,59,300,711,188,360,112,351,0,0,1062,324,1163,1163,1117,392,16105,263,170,0.03,8.4444,8.4286,2.37,1.9149,3.1339,,0.3051,0.9604,0.3371,0.6464
mirror-shade,4,smoke-screen,w-h-l0,planner,300,205,0.6833,8.48,0.9154,56.053,0,0,2.097,41.113,4.853,1.763,0.853,0.107,0.763,0.09,1.183,0.76,0.437,2.193,0,0,0,0,0,0.023,0,3.49,3.853,3.853,3.72,1.643,59.03,,,,,,,,,,,,,1.99,reflection,1,1,borrowed-shadow,1,4,counter-exam,0.99,7,300,7,7,60,7,60,300,1061,205,279,95,782,0,0,1047,229,1156,1156,1116,493,17709,298,204,0.0233,8.5714,8.5714,3.5367,1.361,8.2316,,0.2187,0.9654,0.4265,0.6846
mirror-shade,4,smoke-screen,w-h-l0,forecast-aware,300,91,0.3033,8.78,0.9194,42.464,0,0,2.403,48.287,3.477,2.527,2.613,0,1.107,1.507,0.953,0.68,0.303,1.983,0,0,0,0,0,0.01,0,3.78,2.677,2.677,2.44,0.713,34.813,,,,,,,,,,,,,2,reflection,1,1,borrowed-shadow,1,4,counter-exam,1,7,300,3,3,26,1,9,300,750,91,136,209,614,0,0,1134,332,803,803,732,214,10444,176,69,0.01,8.6667,9,2.5,1.4945,2.9378,,0.2928,0.9116,0.2665,0.392
mirror-shade,4,smoke-screen,w-h-l0,planner-one-mistake,300,101,0.3367,8.817,0.9395,62.095,0,0,2.68,54.767,4.937,13.08,0.863,0.213,0.8,0.063,1.07,0.78,0.313,2.353,0,0,0,0,0,0.017,0,3.817,3.937,3.937,3.43,1.497,57.637,205,300,205,89,0,6,294,0.4341,1,13.1383,2.75,0,2,reflection,1,1,borrowed-shadow,1,4,counter-exam,1,7,300,5,5,44,4,36,300,1745,101,106,199,1639,0,0,1145,240,1181,1181,1029,449,17291,279,96,0.0167,8.8,9,5.8167,1.0495,8.2362,,0.2096,0.8713,0.3802,0.3441
mirror-shade,4,smoke-screen,w-h-l+,random,300,0,0,9,,94.6,0,0,3.8,60.913,4.75,23.39,0.45,1.31,0.2,0.25,0.447,0.27,0.23,1.04,0,0,0,0,0,0.017,0,4,3.563,3.563,2.037,0.39,25.437,,,,,,,,,,,,,2,reflection,1,1,borrowed-shadow,1,4,counter-exam,1,7,300,5,5,43,0,0,300,2115,0,0,300,2115,0,0,1200,60,1069,1069,611,117,7631,102,0,0.0167,8.6,,7.05,,7.05,,0.05,0.5716,0.1094,0
mirror-shade,4,smoke-screen,w-h-l+,single-water,300,0,0,9,,100,0,0,4,30.2,5,78.147,0,0,0,0,1,1,0.817,0,0,0,0,0,0,0,0,4,4,4,0,0,0,,,,,,,,,,,,,2,reflection,1,1,borrowed-shadow,1,4,counter-exam,1,7,300,0,0,0,0,0,300,2109,0,0,300,2109,0,0,1200,0,1200,1200,0,0,0,0,0,0,,,7.03,,7.03,,0,0,0,
mirror-shade,4,smoke-screen,w-h-l+,legacy-cycle,300,0,0,9,,89.113,0,0,4,80.467,5,43.417,0,0,0,0,0.143,0,0.143,2.513,0,0,0,0,0,0.987,0,4,4,4,3.243,0,39.183,,,,,,,,,,,,,2,reflection,1,1,borrowed-shadow,1,4,counter-exam,1,7,300,296,296,2198,0,0,300,1703,0,0,300,1703,0,0,1200,0,1200,1200,973,0,11755,0,0,0.9867,7.4257,,5.6767,,5.6767,,0,0.8108,0,
mirror-shade,4,smoke-screen,w-h-l+,greedy,300,198,0.66,8.5,0.9158,31.471,0,0,1.85,35.847,4.873,2.273,1.133,0.173,1.05,0.083,1.163,0.693,0.473,1.793,0,0,0,0,0,0.027,0,3.507,3.873,3.873,3.727,1.317,54.253,,,,,,,,,,,,,1.993,reflection,1,1,borrowed-shadow,1,4,counter-exam,0.9933,7,300,8,8,68,6,51,300,706,198,395,102,311,0,0,1052,315,1162,1162,1118,395,16276,265,180,0.0267,8.5,8.5,2.3533,1.9949,3.049,,0.2994,0.9621,0.3399,0.6792
mirror-shade,4,smoke-screen,w-h-l+,planner,300,230,0.7667,8.397,0.9126,56.043,0,0,1.953,37.753,4.85,1.663,0.833,0.103,0.743,0.09,1.19,0.77,0.427,2.153,0,0,0,0,0,0.023,0,3.413,3.85,3.85,3.733,1.64,59.787,,,,,,,,,,,,,1.983,reflection,1,1,borrowed-shadow,1,4,counter-exam,0.9833,7,300,7,7,60,7,60,300,914,230,329,70,585,0,0,1024,223,1155,1155,1120,492,17936,298,229,0.0233,8.5714,8.5714,3.0467,1.4304,8.3571,,0.2178,0.9697,0.426,0.7685
mirror-shade,4,smoke-screen,w-h-l+,forecast-aware,300,99,0.33,8.75,0.9158,41.871,0,0,2.36,47.327,3.477,2.537,2.6,0,1.097,1.503,0.947,0.677,0.3,1.983,0,0,0,0,0,0.01,0,3.753,2.677,2.677,2.44,0.713,35.087,,,,,,,,,,,,,1.997,reflection,1,1,borrowed-shadow,1,4,counter-exam,0.9967,7,300,3,3,26,1,9,300,751,99,152,201,599,0,0,1126,329,803,803,732,214,10526,176,73,0.01,8.6667,9,2.5033,1.5354,2.9801,,0.2922,0.9116,0.2665,0.4148
mirror-shade,4,smoke-screen,w-h-l+,planner-one-mistake,300,111,0.37,8.797,0.9389,61.556,0,0,2.633,53.627,4.93,13.223,0.863,0.21,0.793,0.07,1.077,0.78,0.32,2.32,0,0,0,0,0,0.017,0,3.797,3.93,3.93,3.427,1.497,58.127,230,300,230,106,0,6,294,0.4609,1,13.0383,2.75,0,2,reflection,1,1,borrowed-shadow,1,4,counter-exam,1,7,300,5,5,44,4,36,300,1685,111,117,189,1568,0,0,1139,238,1179,1179,1028,449,17438,279,106,0.0167,8.8,9,5.6167,1.0541,8.2963,,0.209,0.8719,0.3808,0.3799
mirror-shade,4,smoke-screen,w-h0l-,random,300,0,0,9,,94.893,0,0,3.8,60.533,4.75,22.813,0.45,1.31,0.2,0.25,0.447,0.27,0.23,1.04,0,0,0,0,0,0.017,0,4,3.563,3.563,2.037,0.39,25.11,,,,,,,,,,,,,2,reflection,1,1,borrowed-shadow,1,4,counter-exam,1,7,300,5,5,43,0,0,300,2115,0,0,300,2115,0,0,1200,60,1069,1069,611,117,7533,102,0,0.0167,8.6,,7.05,,7.05,,0.05,0.5716,0.1094,0
mirror-shade,4,smoke-screen,w-h0l-,single-water,300,0,0,9,,100,0,0,4,30.2,5,78.147,0,0,0,0,1,1,0.817,0,0,0,0,0,0,0,0,4,4,4,0,0,0,,,,,,,,,,,,,2,reflection,1,1,borrowed-shadow,1,4,counter-exam,1,7,300,0,0,0,0,0,300,2109,0,0,300,2109,0,0,1200,0,1200,1200,0,0,0,0,0,0,,,7.03,,7.03,,0,0,0,
mirror-shade,4,smoke-screen,w-h0l-,legacy-cycle,300,0,0,9,,89.71,0,0,4,80.463,5,42.943,0,0,0,0,0.143,0,0.143,2.513,0,0,0,0,0,0.987,0,4,4,4,3.243,0,38.867,,,,,,,,,,,,,2,reflection,1,1,borrowed-shadow,1,4,counter-exam,1,7,300,296,296,2198,0,0,300,1703,0,0,300,1703,0,0,1200,0,1200,1200,973,0,11660,0,0,0.9867,7.4257,,5.6767,,5.6767,,0,0.8108,0,
mirror-shade,4,smoke-screen,w-h0l-,greedy,300,184,0.6133,8.523,0.9136,31.914,0,0,1.903,37.08,4.847,2.73,1.173,0.163,1.073,0.1,1.14,0.68,0.453,1.837,0,0,0,0,0,0.047,0,3.527,3.847,3.847,3.7,1.28,53.103,,,,,,,,,,,,,1.997,reflection,1,1,borrowed-shadow,1,4,counter-exam,0.9967,7,300,14,14,119,9,77,300,702,184,366,116,336,0,0,1058,322,1154,1154,1110,384,15931,265,166,0.0467,8.5,8.5556,2.34,1.9891,2.8966,,0.3043,0.9619,0.3328,0.6264
mirror-shade,4,smoke-screen,w-h0l-,planner,300,211,0.7033,8.437,0.911,56.753,0,0,2.03,39.707,4.83,1.683,0.877,0.11,0.773,0.103,1.153,0.74,0.427,2.29,0,0,0,0,0,0.02,0,3.453,3.83,3.83,3.703,1.61,58.1,,,,,,,,,,,,,1.983,reflection,1,1,borrowed-shadow,1,4,counter-exam,0.9833,7,300,6,6,53,6,53,300,1030,211,295,89,735,0,0,1036,232,1149,1149,1111,483,17430,298,210,0.02,8.8333,8.8333,3.4333,1.3981,8.2584,,0.2239,0.9669,0.4204,0.7047
mirror-shade,4,smoke-screen,w-h0l-,forecast-aware,300,91,0.3033,8.76,0.9121,42.081,0,0,2.4,48.267,3.47,2.523,2.603,0,1.1,1.503,0.953,0.663,0.32,1.98,0,0,0,0,0,0.01,0,3.763,2.67,2.67,2.433,0.713,34.577,,,,,,,,,,,,,1.997,reflection,1,1,borrowed-shadow,1,4,counter-exam,0.9967,7,300,3,3,26,1,9,300,750,91,134,209,616,0,0,1129,330,801,801,730,214,10373,176,71,0.01,8.6667,9,2.5,1.4725,2.9474,,0.2923,0.9114,0.2672,0.4034
mirror-shade,4,smoke-screen,w-h0l-,planner-one-mistake,300,99,0.33,8.813,0.9371,62.124,0,0,2.687,54.96,4.933,12.69,0.863,0.22,0.797,0.067,1.067,0.767,0.327,2.353,0,0,0,0,0,0.017,0,3.813,3.933,3.933,3.42,1.507,57.603,211,300,211,88,0,8,292,0.4171,1,13.375,3.5,0,2,reflection,1,1,borrowed-shadow,1,4,counter-exam,1,7,300,5,5,44,4,36,300,1759,99,106,201,1653,0,0,1144,239,1180,1180,1026,452,17281,280,94,0.0167,8.8,9,5.8633,1.0707,8.2239,,0.2089,0.8695,0.3831,0.3357
mirror-shade,4,smoke-screen,w-h0l0,random,300,0,0,9,,94.377,0,0,3.8,61.197,4.75,23.307,0.45,1.31,0.2,0.25,0.447,0.27,0.23,1.04,0,0,0,0,0,0.017,0,4,3.563,3.563,2.037,0.39,25.56,,,,,,,,,,,,,2,reflection,1,1,borrowed-shadow,1,4,counter-exam,1,7,300,5,5,43,0,0,300,2115,0,0,300,2115,0,0,1200,60,1069,1069,611,117,7668,102,0,0.0167,8.6,,7.05,,7.05,,0.05,0.5716,0.1094,0
mirror-shade,4,smoke-screen,w-h0l0,single-water,300,0,0,9,,100,0,0,4,30.2,5,78.147,0,0,0,0,1,1,0.817,0,0,0,0,0,0,0,0,4,4,4,0,0,0,,,,,,,,,,,,,2,reflection,1,1,borrowed-shadow,1,4,counter-exam,1,7,300,0,0,0,0,0,300,2109,0,0,300,2109,0,0,1200,0,1200,1200,0,0,0,0,0,0,,,7.03,,7.03,,0,0,0,
mirror-shade,4,smoke-screen,w-h0l0,legacy-cycle,300,0,0,9,,87.65,0,0,4,80.7,5,43.693,0,0,0,0,0.143,0,0.143,2.513,0,0,0,0,0,0.987,0,4,4,4,3.243,0,39.91,,,,,,,,,,,,,2,reflection,1,1,borrowed-shadow,1,4,counter-exam,1,7,300,296,296,2198,0,0,300,1703,0,0,300,1703,0,0,1200,0,1200,1200,973,0,11973,0,0,0.9867,7.4257,,5.6767,,5.6767,,0,0.8108,0,
mirror-shade,4,smoke-screen,w-h0l0,greedy,300,200,0.6667,8.497,0.9161,31.29,0,0,1.857,35.927,4.853,2.917,1.13,0.16,1.043,0.087,1.17,0.67,0.49,1.92,0,0,0,0,0,0.053,0,3.507,3.853,3.853,3.707,1.287,53.78,,,,,,,,,,,,,1.99,reflection,1,1,borrowed-shadow,1,4,counter-exam,0.99,7,300,16,16,137,11,93,300,693,200,385,100,308,0,0,1052,313,1156,1156,1112,386,16134,265,183,0.0533,8.5625,8.4545,2.31,1.925,3.08,,0.2975,0.9619,0.3339,0.6906
mirror-shade,4,smoke-screen,w-h0l0,planner,300,218,0.7267,8.397,0.9077,55.622,0,0,2,38.947,4.83,1.713,0.843,0.103,0.747,0.097,1.177,0.757,0.43,2.23,0,0,0,0,0,0.02,0,3.42,3.83,3.83,3.71,1.627,58.877,,,,,,,,,,,,,1.977,reflection,1,1,borrowed-shadow,1,4,counter-exam,0.9767,7,300,6,6,51,6,51,300,986,218,305,82,681,0,0,1026,224,1149,1149,1113,488,17663,298,217,0.02,8.5,8.5,3.2867,1.3991,8.3049,,0.2183,0.9687,0.4247,0.7282
mirror-shade,4,smoke-screen,w-h0l0,forecast-aware,300,103,0.3433,8.72,0.9094,41.67,0,0,2.34,46.887,3.463,2.54,2.59,0,1.087,1.503,0.947,0.657,0.32,1.973,0,0,0,0,0,0.01,0,3.723,2.663,2.663,2.427,0.713,34.9,,,,,,,,,,,,,1.997,reflection,1,1,borrowed-shadow,1,4,counter-exam,0.9967,7,300,3,3,26,1,9,300,745,103,156,197,589,0,0,1117,326,799,799,728,214,10470,176,77,0.01,8.6667,9,2.4833,1.5146,2.9898,,0.2919,0.9111,0.2678,0.4375
mirror-shade,4,smoke-screen,w-h0l0,planner-one-mistake,300,108,0.36,8.793,0.9362,61.38,0,0,2.64,53.84,4.933,13.243,0.86,0.22,0.793,0.067,1.087,0.777,0.333,2.33,0,0,0,0,0,0.02,0,3.793,3.933,3.933,3.42,1.503,58.03,218,300,218,97,0,7,293,0.445,1,13.3283,3.5,0,2,reflection,1,1,borrowed-shadow,1,4,counter-exam,1,7,300,6,6,53,5,45,300,1700,108,122,192,1578,0,0,1138,238,1180,1180,1026,451,17409,280,102,0.02,8.8333,9,5.6667,1.1296,8.2188,,0.2091,0.8695,0.3822,0.3643
mirror-shade,4,smoke-screen,w-h0l+,random,300,0,0,9,,94.11,0,0,3.8,61.567,4.75,23.563,0.45,1.31,0.2,0.25,0.447,0.27,0.23,1.04,0,0,0,0,0,0.017,0,4,3.563,3.563,2.037,0.39,25.86,,,,,,,,,,,,,2,reflection,1,1,borrowed-shadow,1,4,counter-exam,1,7,300,5,5,43,0,0,300,2115,0,0,300,2115,0,0,1200,60,1069,1069,611,117,7758,102,0,0.0167,8.6,,7.05,,7.05,,0.05,0.5716,0.1094,0
mirror-shade,4,smoke-screen,w-h0l+,single-water,300,0,0,9,,100,0,0,4,30.2,5,78.147,0,0,0,0,1,1,0.817,0,0,0,0,0,0,0,0,4,4,4,0,0,0,,,,,,,,,,,,,2,reflection,1,1,borrowed-shadow,1,4,counter-exam,1,7,300,0,0,0,0,0,300,2109,0,0,300,2109,0,0,1200,0,1200,1200,0,0,0,0,0,0,,,7.03,,7.03,,0,0,0,
mirror-shade,4,smoke-screen,w-h0l+,legacy-cycle,300,0,0,9,,86.443,0,0,4,80.803,5,43.8,0,0,0,0,0.143,0,0.143,2.513,0,0,0,0,0,0.987,0,4,4,4,3.243,0,40.273,,,,,,,,,,,,,2,reflection,1,1,borrowed-shadow,1,4,counter-exam,1,7,300,296,296,2198,0,0,300,1703,0,0,300,1703,0,0,1200,0,1200,1200,973,0,12082,0,0,0.9867,7.4257,,5.6767,,5.6767,,0,0.8108,0,
mirror-shade,4,smoke-screen,w-h0l+,greedy,300,214,0.7133,8.413,0.9086,30.744,0,0,1.76,33.78,4.84,2.37,1.11,0.153,1.02,0.09,1.093,0.627,0.467,1.827,0,0,0,0,0,0.037,0,3.427,3.84,3.84,3.707,1.297,54.193,,,,,,,,,,,,,1.987,reflection,1,1,borrowed-shadow,1,4,counter-exam,0.9867,7,300,11,11,93,8,67,300,714,214,446,86,268,0,0,1028,306,1152,1152,1112,389,16258,265,194,0.0367,8.4545,8.375,2.38,2.0841,3.1163,,0.2977,0.9653,0.3377,0.7321
mirror-shade,4,smoke-screen,w-h0l+,planner,300,231,0.77,8.333,0.9038,54.855,0,0,1.903,36.753,4.83,1.777,0.833,0.103,0.737,0.097,1.163,0.753,0.417,2.207,0,0,0,0,0,0.023,0,3.357,3.83,3.83,3.713,1.623,59.3,,,,,,,,,,,,,1.977,reflection,1,1,borrowed-shadow,1,4,counter-exam,0.9767,7,300,7,7,60,7,60,300,924,231,351,69,573,0,0,1007,221,1149,1149,1114,487,17790,298,230,0.0233,8.5714,8.5714,3.08,1.5195,8.3043,,0.2195,0.9695,0.4238,0.7718
mirror-shade,4,smoke-screen,w-h0l+,forecast-aware,300,111,0.37,8.69,0.9069,41.265,0,0,2.3,46.007,3.46,2.55,2.58,0,1.077,1.503,0.937,0.65,0.317,1.963,0,0,0,0,0,0.01,0,3.693,2.66,2.66,2.423,0.713,35.137,,,,,,,,,,,,,1.997,reflection,1,1,borrowed-shadow,1,4,counter-exam,0.9967,7,300,3,3,26,1,9,300,751,111,180,189,571,0,0,1108,323,798,798,727,214,10541,176,82,0.01,8.6667,9,2.5033,1.6216,3.0212,,0.2915,0.911,0.2682,0.4659
mirror-shade,4,smoke-screen,w-h0l+,planner-one-mistake,300,122,0.4067,8.783,0.9408,60.848,0,0,2.587,52.487,4.927,13.427,0.863,0.217,0.79,0.073,1.097,0.79,0.33,2.333,0,0,0,0,0,0.02,0,3.783,3.927,3.927,3.413,1.503,58.42,231,300,231,115,0,7,293,0.4978,1,13.2883,3.5,0,2,reflection,1,1,borrowed-shadow,1,4,counter-exam,1,7,300,6,6,53,5,45,300,1603,122,138,178,1465,0,0,1135,237,1178,1178,1024,451,17526,280,115,0.02,8.8333,9,5.3433,1.1311,8.2303,,0.2088,0.8693,0.3829,0.4107
mirror-shade,4,smoke-screen,w-h+l-,random,300,0,0,9,,94.62,0,0,3.8,61.01,4.75,22.957,0.45,1.31,0.2,0.25,0.447,0.27,0.23,1.04,0,0,0,0,0,0.017,0,4,3.563,3.563,2.037,0.39,25.343,,,,,,,,,,,,,2,reflection,1,1,borrowed-shadow,1,4,counter-exam,1,7,300,5,5,43,0,0,300,2115,0,0,300,2115,0,0,1200,60,1069,1069,611,117,7603,102,0,0.0167,8.6,,7.05,,7.05,,0.05,0.5716,0.1094,0
mirror-shade,4,smoke-screen,w-h+l-,single-water,300,0,0,9,,100,0,0,4,30.2,5,78.147,0,0,0,0,1,1,0.817,0,0,0,0,0,0,0,0,4,4,4,0,0,0,,,,,,,,,,,,,2,reflection,1,1,borrowed-shadow,1,4,counter-exam,1,7,300,0,0,0,0,0,300,2109,0,0,300,2109,0,0,1200,0,1200,1200,0,0,0,0,0,0,,,7.03,,7.03,,0,0,0,
mirror-shade,4,smoke-screen,w-h+l-,legacy-cycle,300,0,0,9,,88.903,0,0,4,80.647,5,43.1,0,0,0,0,0.143,0,0.143,2.513,0,0,0,0,0,0.987,0,4,4,4,3.243,0,39.067,,,,,,,,,,,,,2,reflection,1,1,borrowed-shadow,1,4,counter-exam,1,7,300,296,296,2198,0,0,300,1703,0,0,300,1703,0,0,1200,0,1200,1200,973,0,11720,0,0,0.9867,7.4257,,5.6767,,5.6767,,0,0.8108,0,
mirror-shade,4,smoke-screen,w-h+l-,greedy,300,197,0.6567,8.477,0.9114,31.35,0,0,1.84,35.627,4.843,2.677,1.15,0.167,1.053,0.097,1.107,0.683,0.413,1.807,0,0,0,0,0,0.047,0,3.48,3.843,3.843,3.703,1.28,53.507,,,,,,,,,,,,,1.997,reflection,1,1,borrowed-shadow,1,4,counter-exam,0.9967,7,300,14,14,120,11,93,300,708,197,398,103,310,0,0,1044,316,1153,1153,1111,384,16052,265,178,0.0467,8.5714,8.4545,2.36,2.0203,3.0097,,0.3027,0.9636,0.333,0.6717
mirror-shade,4,smoke-screen,w-h+l-,planner,300,223,0.7433,8.33,0.8999,56.312,0,0,1.933,37.553,4.807,1.583,0.857,0.1,0.763,0.093,1.137,0.74,0.403,2.227,0,0,0,0,0,0.013,0,3.357,3.807,3.807,3.677,1.607,58.52,,,,,,,,,,,,,1.973,reflection,1,1,borrowed-shadow,1,4,counter-exam,0.9733,7,300,4,4,32,4,32,300,972,223,333,77,639,0,0,1007,229,1142,1142,1103,482,17556,298,222,0.0133,8,8,3.24,1.4933,8.2987,,0.2274,0.9658,0.4221,0.745
mirror-shade,4,smoke-screen,w-h+l-,forecast-aware,300,102,0.34,8.727,0.9107,42.071,0,0,2.347,47.04,3.463,2.523,2.593,0,1.09,1.503,0.95,0.653,0.327,1.967,0,0,0,0,0,0.01,0,3.73,2.663,2.663,2.427,0.713,34.82,,,,,,,,,,,,,1.997,reflection,1,1,borrowed-shadow,1,4,counter-exam,0.9967,7,300,3,3,26,1,9,300,746,102,153,198,593,0,0,1119,327,799,799,728,214,10446,176,78,0.01,8.6667,9,2.4867,1.5,2.9949,,0.2922,0.9111,0.2678,0.4432
mirror-shade,4,smoke-screen,w-h+l-,planner-one-mistake,300,112,0.3733,8.77,0.9315,61.66,0,0,2.597,52.907,4.937,12.9,0.863,0.21,0.8,0.063,1.087,0.78,0.333,2.253,0,0,0,0,0,0.017,0,3.77,3.937,3.937,3.423,1.507,57.95,223,300,223,102,0,10,290,0.4574,1,13.3925,2.5,0,2,reflection,1,1,borrowed-shadow,1,4,counter-exam,1,7,300,5,5,44,4,36,300,1685,112,138,188,1547,0,0,1131,240,1181,1181,1027,452,17385,281,107,0.0167,8.8,9,5.6167,1.2321,8.2287,,0.2122,0.8696,0.3827,0.3808
mirror-shade,4,smoke-screen,w-h+l0,random,300,0,0,9,,94.103,0,0,3.8,61.663,4.75,23.45,0.45,1.31,0.2,0.25,0.447,0.27,0.23,1.04,0,0,0,0,0,0.017,0,4,3.563,3.563,2.037,0.39,25.793,,,,,,,,,,,,,2,reflection,1,1,borrowed-shadow,1,4,counter-exam,1,7,300,5,5,43,0,0,300,2115,0,0,300,2115,0,0,1200,60,1069,1069,611,117,7738,102,0,0.0167,8.6,,7.05,,7.05,,0.05,0.5716,0.1094,0
mirror-shade,4,smoke-screen,w-h+l0,single-water,300,0,0,9,,100,0,0,4,30.2,5,78.147,0,0,0,0,1,1,0.817,0,0,0,0,0,0,0,0,4,4,4,0,0,0,,,,,,,,,,,,,2,reflection,1,1,borrowed-shadow,1,4,counter-exam,1,7,300,0,0,0,0,0,300,2109,0,0,300,2109,0,0,1200,0,1200,1200,0,0,0,0,0,0,,,7.03,,7.03,,0,0,0,
mirror-shade,4,smoke-screen,w-h+l0,legacy-cycle,300,0,0,9,,86.707,0,0,4,80.843,5,43.85,0,0,0,0,0.143,0,0.143,2.513,0,0,0,0,0,0.987,0,4,4,4,3.243,0,40.11,,,,,,,,,,,,,2,reflection,1,1,borrowed-shadow,1,4,counter-exam,1,7,300,296,296,2198,0,0,300,1703,0,0,300,1703,0,0,1200,0,1200,1200,973,0,12033,0,0,0.9867,7.4257,,5.6767,,5.6767,,0,0.8108,0,
mirror-shade,4,smoke-screen,w-h+l0,greedy,300,212,0.7067,8.43,0.9104,30.75,0,0,1.78,34.22,4.847,2.76,1.107,0.163,1.02,0.087,1.13,0.667,0.453,1.83,0,0,0,0,0,0.053,0,3.443,3.847,3.847,3.713,1.273,54.173,,,,,,,,,,,,,1.987,reflection,1,1,borrowed-shadow,1,4,counter-exam,0.9867,7,300,16,16,137,12,102,300,719,212,441,88,278,0,0,1033,306,1154,1154,1114,382,16252,262,190,0.0533,8.5625,8.5,2.3967,2.0802,3.1591,,0.2962,0.9653,0.331,0.7252
mirror-shade,4,smoke-screen,w-h+l0,planner,300,236,0.7867,8.25,0.8941,55.563,0,0,1.863,35.893,4.793,1.53,0.817,0.097,0.73,0.087,1.147,0.743,0.41,2.213,0,0,0,0,0,0.017,0,3.29,3.793,3.793,3.687,1.61,59.273,,,,,,,,,,,,,1.96,reflection,1,1,borrowed-shadow,1,4,counter-exam,0.96,7,300,5,5,42,5,42,300,896,236,364,64,532,0,0,987,219,1138,1138,1106,483,17782,298,235,0.0167,8.4,8.4,2.9867,1.5424,8.3125,,0.2219,0.9719,0.4244,0.7886
mirror-shade,4,smoke-screen,w-h+l0,forecast-aware,300,109,0.3633,8.697,0.9072,41.387,0,0,2.31,46.227,3.46,2.54,2.58,0,1.077,1.503,0.94,0.65,0.32,1.963,0,0,0,0,0,0.01,0,3.7,2.66,2.66,2.423,0.713,35.117,,,,,,,,,,,,,1.997,reflection,1,1,borrowed-shadow,1,4,counter-exam,0.9967,7,300,3,3,26,1,9,300,747,109,168,191,579,0,0,1110,323,798,798,727,214,10535,176,81,0.01,8.6667,9,2.49,1.5413,3.0314,,0.291,0.911,0.2682,0.4602
mirror-shade,4,smoke-screen,w-h+l0,planner-one-mistake,300,122,0.4067,8.757,0.9335,60.938,0,0,2.567,52.093,4.937,13.28,0.847,0.21,0.783,0.063,1.097,0.797,0.32,2.283,0,0,0,0,0,0.017,0,3.757,3.937,3.937,3.43,1.507,58.55,236,300,236,114,0,9,291,0.4831,1,13.3558,3.5,0,2,reflection,1,1,borrowed-shadow,1,4,counter-exam,1,7,300,5,5,44,4,36,300,1614,122,146,178,1468,0,0,1127,235,1181,1181,1029,452,17565,281,116,0.0167,8.8,9,5.38,1.1967,8.2472,,0.2085,0.8713,0.3827,0.4128
mirror-shade,4,smoke-screen,w-h+l+,random,300,0,0,9,,93.817,0,0,3.8,62.027,4.75,23.707,0.45,1.31,0.2,0.25,0.447,0.27,0.23,1.04,0,0,0,0,0,0.017,0,4,3.563,3.563,2.037,0.39,26.093,,,,,,,,,,,,,2,reflection,1,1,borrowed-shadow,1,4,counter-exam,1,7,300,5,5,43,0,0,300,2115,0,0,300,2115,0,0,1200,60,1069,1069,611,117,7828,102,0,0.0167,8.6,,7.05,,7.05,,0.05,0.5716,0.1094,0
mirror-shade,4,smoke-screen,w-h+l+,single-water,300,0,0,9,,100,0,0,4,30.2,5,78.147,0,0,0,0,1,1,0.817,0,0,0,0,0,0,0,0,4,4,4,0,0,0,,,,,,,,,,,,,2,reflection,1,1,borrowed-shadow,1,4,counter-exam,1,7,300,0,0,0,0,0,300,2109,0,0,300,2109,0,0,1200,0,1200,1200,0,0,0,0,0,0,,,7.03,,7.03,,0,0,0,
mirror-shade,4,smoke-screen,w-h+l+,legacy-cycle,300,0,0,9,,85.977,0,0,4,80.893,5,43.957,0,0,0,0,0.143,0,0.143,2.513,0,0,0,0,0,0.987,0,4,4,4,3.243,0,40.473,,,,,,,,,,,,,2,reflection,1,1,borrowed-shadow,1,4,counter-exam,1,7,300,296,296,2198,0,0,300,1703,0,0,300,1703,0,0,1200,0,1200,1200,973,0,12142,0,0,0.9867,7.4257,,5.6767,,5.6767,,0,0.8108,0,
mirror-shade,4,smoke-screen,w-h+l+,greedy,300,220,0.7333,8.353,0.902,29.825,0,0,1.707,32.627,4.837,2.21,1.09,0.163,1,0.09,1.077,0.63,0.447,1.767,0,0,0,0,0,0.037,0,3.373,3.837,3.837,3.717,1.277,54.45,,,,,,,,,,,,,1.98,reflection,1,1,borrowed-shadow,1,4,counter-exam,0.98,7,300,11,11,93,9,75,300,741,220,491,80,250,0,0,1012,300,1151,1151,1115,383,16335,262,196,0.0367,8.4545,8.3333,2.47,2.2318,3.125,,0.2964,0.9687,0.3328,0.7481
mirror-shade,4,smoke-screen,w-h+l+,planner,300,252,0.84,8.127,0.8845,55.417,0,0,1.723,32.873,4.77,1.813,0.8,0.097,0.713,0.087,1.14,0.697,0.45,2.173,0,0,0,0,0,0.02,0,3.22,3.77,3.77,3.657,1.6,59.45,,,,,,,,,,,,,1.907,reflection,1,1,borrowed-shadow,1,4,counter-exam,0.9067,7,300,6,6,51,6,51,300,774,252,378,48,396,0,0,966,214,1131,1131,1097,480,17835,298,251,0.02,8.5,8.5,2.58,1.5,8.25,,0.2215,0.9699,0.4244,0.8423
mirror-shade,4,smoke-screen,w-h+l+,forecast-aware,300,113,0.3767,8.673,0.9036,40.444,0,0,2.287,45.707,3.45,2.55,2.577,0,1.073,1.503,0.93,0.647,0.313,1.957,0,0,0,0,0,0.01,0,3.68,2.65,2.65,2.413,0.71,35.323,,,,,,,,,,,,,1.993,reflection,1,1,borrowed-shadow,1,4,counter-exam,0.9933,7,300,3,3,26,3,26,300,750,113,186,187,564,0,0,1104,322,795,795,724,213,10597,176,84,0.01,8.6667,8.6667,2.5,1.646,3.016,,0.2917,0.9107,0.2679,0.4773
mirror-shade,4,smoke-screen,w-h+l+,planner-one-mistake,300,133,0.4433,8.747,0.9365,60.341,0,0,2.523,51,4.933,13.463,0.847,0.207,0.78,0.067,1.11,0.8,0.33,2.267,0,0,0,0,0,0.017,0,3.747,3.933,3.933,3.427,1.503,58.91,252,300,252,127,0,9,291,0.504,1,13.3125,3.5,0,2,reflection,1,1,borrowed-shadow,1,4,counter-exam,1,7,300,5,5,44,4,36,300,1540,133,167,167,1373,0,0,1124,234,1180,1180,1028,451,17673,281,126,0.0167,8.8,9,5.1333,1.2556,8.2216,,0.2082,0.8712,0.3822,0.4484
mirror-shade,4,smoke-screen,w0h-l-,random,300,0,0,9,,95.35,0,0,3.8,59.837,4.75,22.64,0.45,1.31,0.2,0.25,0.447,0.27,0.23,1.04,0,0,0,0,0,0.017,0,4,3.563,3.563,2.037,0.39,24.687,,,,,,,,,,,,,2,reflection,1,1,borrowed-shadow,1,4,counter-exam,1,7,300,5,5,43,0,0,300,2115,0,0,300,2115,0,0,1200,60,1069,1069,611,117,7406,102,0,0.0167,8.6,,7.05,,7.05,,0.05,0.5716,0.1094,0
mirror-shade,4,smoke-screen,w0h-l-,single-water,300,0,0,9,,100,0,0,4,30.2,5,78.147,0,0,0,0,1,1,0.817,0,0,0,0,0,0,0,0,4,4,4,0,0,0,,,,,,,,,,,,,2,reflection,1,1,borrowed-shadow,1,4,counter-exam,1,7,300,0,0,0,0,0,300,2109,0,0,300,2109,0,0,1200,0,1200,1200,0,0,0,0,0,0,,,7.03,,7.03,,0,0,0,
mirror-shade,4,smoke-screen,w0h-l-,legacy-cycle,300,0,0,9,,91.78,0,0,4,80.057,5,42.56,0,0,0,0,0.143,0,0.143,2.513,0,0,0,0,0,0.987,0,4,4,4,3.243,0,37.777,,,,,,,,,,,,,2,reflection,1,1,borrowed-shadow,1,4,counter-exam,1,7,300,296,296,2198,0,0,300,1703,0,0,300,1703,0,0,1200,0,1200,1200,973,0,11333,0,0,0.9867,7.4257,,5.6767,,5.6767,,0,0.8108,0,
mirror-shade,4,smoke-screen,w0h-l-,greedy,300,172,0.5733,8.553,0.9134,33.148,0,0,1.94,37.987,4.86,2.717,1.19,0.163,1.093,0.097,1.17,0.687,0.483,1.79,0,0,0,0,0,0.043,0,3.553,3.86,3.86,3.707,1.32,53.003,,,,,,,,,,,,,2,reflection,1,1,borrowed-shadow,1,4,counter-exam,1,7,300,13,13,111,7,60,300,699,172,339,128,360,0,0,1066,328,1158,1158,1112,396,15901,265,157,0.0433,8.5385,8.5714,2.33,1.9709,2.8125,,0.3077,0.9603,0.342,0.5925
mirror-shade,4,smoke-screen,w0h-l-,planner,300,196,0.6533,8.51,0.9167,56.846,0,0,2.147,42.28,4.84,1.577,0.873,0.103,0.767,0.107,1.187,0.763,0.437,2.153,0,0,0,0,0,0.023,0,3.513,3.84,3.84,3.72,1.633,58.43,,,,,,,,,,,,,1.997,reflection,1,1,borrowed-shadow,1,4,counter-exam,0.9967,7,300,7,7,62,7,62,300,1119,196,267,104,852,0,0,1054,230,1152,1152,1116,490,17529,298,195,0.0233,8.8571,8.8571,3.73,1.3622,8.1923,,0.2182,0.9688,0.4253,0.6544
mirror-shade,4,smoke-screen,w0h-l-,forecast-aware,300,78,0.26,8.813,0.9202,42.856,0,0,2.467,49.753,3.477,2.51,2.627,0,1.12,1.507,0.96,0.68,0.31,1.993,0,0,0,0,0,0.01,0,3.813,2.677,2.677,2.44,0.713,34.453,,,,,,,,,,,,,2,reflection,1,1,borrowed-shadow,1,4,counter-exam,1,7,300,3,3,26,1,9,300,758,78,111,222,647,0,0,1144,336,803,803,732,214,10336,176,59,0.01,8.6667,9,2.5267,1.4231,2.9144,,0.2937,0.9116,0.2665,0.3352
mirror-shade,4,smoke-screen,w0h-l-,planner-one-mistake,300,92,0.3067,8.847,0.9444,63.014,0,0,2.74,56.147,4.937,12.613,0.863,0.22,0.8,0.063,1.083,0.777,0.333,2.367,0,0,0,0,0,0.017,0,3.847,3.937,3.937,3.427,1.493,57.057,196,300,196,79,0,8,292,0.4031,1,13.16,3.5,0,2,reflection,1,1,borrowed-shadow,1,4,counter-exam,1,7,300,5,5,44,4,36,300,1794,92,82,208,1712,0,0,1154,240,1181,1181,1028,448,17117,279,87,0.0167,8.8,9,5.98,0.8913,8.2308,,0.208,0.8704,0.3793,0.3118
mirror-shade,4,smoke-screen,w0h-l0,random,300,0,0,9,,94.863,0,0,3.8,60.53,4.75,23.133,0.45,1.31,0.2,0.25,0.447,0.27,0.23,1.04,0,0,0,0,0,0.017,0,4,3.563,3.563,2.037,0.39,25.137,,,,,,,,,,,,,2,reflection,1,1,borrowed-shadow,1,4,counter-exam,1,7,300,5,5,43,0,0,300,2115,0,0,300,2115,0,0,1200,60,1069,1069,611,117,7541,102,0,0.0167,8.6,,7.05,,7.05,,0.05,0.5716,0.1094,0
mirror-shade,4,smoke-screen,w0h-l0,single-water,300,0,0,9,,100,0,0,4,30.2,5,78.147,0,0,0,0,1,1,0.817,0,0,0,0,0,0,0,0,4,4,4,0,0,0,,,,,,,,,,,,,2,reflection,1,1,borrowed-shadow,1,4,counter-exam,1,7,300,0,0,0,0,0,300,2109,0,0,300,2109,0,0,1200,0,1200,1200,0,0,0,0,0,0,,,7.03,,7.03,,0,0,0,
mirror-shade,4,smoke-screen,w0h-l0,legacy-cycle,300,0,0,9,,90.18,0,0,4,80.32,5,43.31,0,0,0,0,0.143,0,0.143,2.513,0,0,0,0,0,0.987,0,4,4,4,3.243,0,38.82,,,,,,,,,,,,,2,reflection,1,1,borrowed-shadow,1,4,counter-exam,1,7,300,296,296,2198,0,0,300,1703,0,0,300,1703,0,0,1200,0,1200,1200,973,0,11646,0,0,0.9867,7.4257,,5.6767,,5.6767,,0,0.8108,0,
mirror-shade,4,smoke-screen,w0h-l0,greedy,300,188,0.6267,8.537,0.9178,32.232,0,0,1.887,36.68,4.877,2.39,1.16,0.17,1.08,0.08,1.167,0.697,0.477,1.84,0,0,0,0,0,0.03,0,3.54,3.877,3.877,3.723,1.307,53.683,,,,,,,,,,,,,1.997,reflection,1,1,borrowed-shadow,1,4,counter-exam,0.9967,7,300,9,9,76,7,59,300,711,188,360,112,351,0,0,1062,324,1163,1163,1117,392,16105,263,170,0.03,8.4444,8.4286,2.37,1.9149,3.1339,,0.3051,0.9604,0.3371,0.6464
mirror-shade,4,smoke-screen,w0h-l0,planner,300,205,0.6833,8.48,0.9154,56.053,0,0,2.097,41.113,4.853,1.763,0.853,0.107,0.763,0.09,1.183,0.76,0.437,2.193,0,0,0,0,0,0.023,0,3.49,3.853,3.853,3.72,1.643,59.03,,,,,,,,,,,,,1.99,reflection,1,1,borrowed-shadow,1,4,counter-exam,0.99,7,300,7,7,60,7,60,300,1061,205,279,95,782,0,0,1047,229,1156,1156,1116,493,17709,298,204,0.0233,8.5714,8.5714,3.5367,1.361,8.2316,,0.2187,0.9654,0.4265,0.6846
mirror-shade,4,smoke-screen,w0h-l0,forecast-aware,300,91,0.3033,8.78,0.9194,42.464,0,0,2.403,48.287,3.477,2.527,2.613,0,1.107,1.507,0.953,0.68,0.303,1.983,0,0,0,0,0,0.01,0,3.78,2.677,2.677,2.44,0.713,34.813,,,,,,,,,,,,,2,reflection,1,1,borrowed-shadow,1,4,counter-exam,1,7,300,3,3,26,1,9,300,750,91,136,209,614,0,0,1134,332,803,803,732,214,10444,176,69,0.01,8.6667,9,2.5,1.4945,2.9378,,0.2928,0.9116,0.2665,0.392
mirror-shade,4,smoke-screen,w0h-l0,planner-one-mistake,300,101,0.3367,8.817,0.9395,62.095,0,0,2.68,54.767,4.937,13.08,0.863,0.213,0.8,0.063,1.07,0.78,0.313,2.353,0,0,0,0,0,0.017,0,3.817,3.937,3.937,3.43,1.497,57.637,205,300,205,89,0,6,294,0.4341,1,13.1383,2.75,0,2,reflection,1,1,borrowed-shadow,1,4,counter-exam,1,7,300,5,5,44,4,36,300,1745,101,106,199,1639,0,0,1145,240,1181,1181,1029,449,17291,279,96,0.0167,8.8,9,5.8167,1.0495,8.2362,,0.2096,0.8713,0.3802,0.3441
mirror-shade,4,smoke-screen,w0h-l+,random,300,0,0,9,,94.6,0,0,3.8,60.913,4.75,23.39,0.45,1.31,0.2,0.25,0.447,0.27,0.23,1.04,0,0,0,0,0,0.017,0,4,3.563,3.563,2.037,0.39,25.437,,,,,,,,,,,,,2,reflection,1,1,borrowed-shadow,1,4,counter-exam,1,7,300,5,5,43,0,0,300,2115,0,0,300,2115,0,0,1200,60,1069,1069,611,117,7631,102,0,0.0167,8.6,,7.05,,7.05,,0.05,0.5716,0.1094,0
mirror-shade,4,smoke-screen,w0h-l+,single-water,300,0,0,9,,100,0,0,4,30.2,5,78.147,0,0,0,0,1,1,0.817,0,0,0,0,0,0,0,0,4,4,4,0,0,0,,,,,,,,,,,,,2,reflection,1,1,borrowed-shadow,1,4,counter-exam,1,7,300,0,0,0,0,0,300,2109,0,0,300,2109,0,0,1200,0,1200,1200,0,0,0,0,0,0,,,7.03,,7.03,,0,0,0,
mirror-shade,4,smoke-screen,w0h-l+,legacy-cycle,300,0,0,9,,89.113,0,0,4,80.467,5,43.417,0,0,0,0,0.143,0,0.143,2.513,0,0,0,0,0,0.987,0,4,4,4,3.243,0,39.183,,,,,,,,,,,,,2,reflection,1,1,borrowed-shadow,1,4,counter-exam,1,7,300,296,296,2198,0,0,300,1703,0,0,300,1703,0,0,1200,0,1200,1200,973,0,11755,0,0,0.9867,7.4257,,5.6767,,5.6767,,0,0.8108,0,
mirror-shade,4,smoke-screen,w0h-l+,greedy,300,198,0.66,8.5,0.9158,31.471,0,0,1.85,35.847,4.873,2.273,1.133,0.173,1.05,0.083,1.163,0.693,0.473,1.793,0,0,0,0,0,0.027,0,3.507,3.873,3.873,3.727,1.317,54.253,,,,,,,,,,,,,1.993,reflection,1,1,borrowed-shadow,1,4,counter-exam,0.9933,7,300,8,8,68,6,51,300,706,198,395,102,311,0,0,1052,315,1162,1162,1118,395,16276,265,180,0.0267,8.5,8.5,2.3533,1.9949,3.049,,0.2994,0.9621,0.3399,0.6792
mirror-shade,4,smoke-screen,w0h-l+,planner,300,230,0.7667,8.397,0.9126,56.043,0,0,1.953,37.753,4.85,1.663,0.833,0.103,0.743,0.09,1.19,0.77,0.427,2.153,0,0,0,0,0,0.023,0,3.413,3.85,3.85,3.733,1.64,59.787,,,,,,,,,,,,,1.983,reflection,1,1,borrowed-shadow,1,4,counter-exam,0.9833,7,300,7,7,60,7,60,300,914,230,329,70,585,0,0,1024,223,1155,1155,1120,492,17936,298,229,0.0233,8.5714,8.5714,3.0467,1.4304,8.3571,,0.2178,0.9697,0.426,0.7685
mirror-shade,4,smoke-screen,w0h-l+,forecast-aware,300,99,0.33,8.75,0.9158,41.871,0,0,2.36,47.327,3.477,2.537,2.6,0,1.097,1.503,0.947,0.677,0.3,1.983,0,0,0,0,0,0.01,0,3.753,2.677,2.677,2.44,0.713,35.087,,,,,,,,,,,,,1.997,reflection,1,1,borrowed-shadow,1,4,counter-exam,0.9967,7,300,3,3,26,1,9,300,751,99,152,201,599,0,0,1126,329,803,803,732,214,10526,176,73,0.01,8.6667,9,2.5033,1.5354,2.9801,,0.2922,0.9116,0.2665,0.4148
mirror-shade,4,smoke-screen,w0h-l+,planner-one-mistake,300,111,0.37,8.797,0.9389,61.556,0,0,2.633,53.627,4.93,13.223,0.863,0.21,0.793,0.07,1.077,0.78,0.32,2.32,0,0,0,0,0,0.017,0,3.797,3.93,3.93,3.427,1.497,58.127,230,300,230,106,0,6,294,0.4609,1,13.0383,2.75,0,2,reflection,1,1,borrowed-shadow,1,4,counter-exam,1,7,300,5,5,44,4,36,300,1685,111,117,189,1568,0,0,1139,238,1179,1179,1028,449,17438,279,106,0.0167,8.8,9,5.6167,1.0541,8.2963,,0.209,0.8719,0.3808,0.3799
mirror-shade,4,smoke-screen,w0h0l-,random,300,0,0,9,,94.893,0,0,3.8,60.533,4.75,22.813,0.45,1.31,0.2,0.25,0.447,0.27,0.23,1.04,0,0,0,0,0,0.017,0,4,3.563,3.563,2.037,0.39,25.11,,,,,,,,,,,,,2,reflection,1,1,borrowed-shadow,1,4,counter-exam,1,7,300,5,5,43,0,0,300,2115,0,0,300,2115,0,0,1200,60,1069,1069,611,117,7533,102,0,0.0167,8.6,,7.05,,7.05,,0.05,0.5716,0.1094,0
mirror-shade,4,smoke-screen,w0h0l-,single-water,300,0,0,9,,100,0,0,4,30.2,5,78.147,0,0,0,0,1,1,0.817,0,0,0,0,0,0,0,0,4,4,4,0,0,0,,,,,,,,,,,,,2,reflection,1,1,borrowed-shadow,1,4,counter-exam,1,7,300,0,0,0,0,0,300,2109,0,0,300,2109,0,0,1200,0,1200,1200,0,0,0,0,0,0,,,7.03,,7.03,,0,0,0,
mirror-shade,4,smoke-screen,w0h0l-,legacy-cycle,300,0,0,9,,89.71,0,0,4,80.463,5,42.943,0,0,0,0,0.143,0,0.143,2.513,0,0,0,0,0,0.987,0,4,4,4,3.243,0,38.867,,,,,,,,,,,,,2,reflection,1,1,borrowed-shadow,1,4,counter-exam,1,7,300,296,296,2198,0,0,300,1703,0,0,300,1703,0,0,1200,0,1200,1200,973,0,11660,0,0,0.9867,7.4257,,5.6767,,5.6767,,0,0.8108,0,
mirror-shade,4,smoke-screen,w0h0l-,greedy,300,184,0.6133,8.523,0.9136,31.914,0,0,1.903,37.08,4.847,2.73,1.173,0.163,1.073,0.1,1.14,0.68,0.453,1.837,0,0,0,0,0,0.047,0,3.527,3.847,3.847,3.7,1.28,53.103,,,,,,,,,,,,,1.997,reflection,1,1,borrowed-shadow,1,4,counter-exam,0.9967,7,300,14,14,119,9,77,300,702,184,366,116,336,0,0,1058,322,1154,1154,1110,384,15931,265,166,0.0467,8.5,8.5556,2.34,1.9891,2.8966,,0.3043,0.9619,0.3328,0.6264
mirror-shade,4,smoke-screen,w0h0l-,planner,300,211,0.7033,8.437,0.911,56.753,0,0,2.03,39.707,4.83,1.683,0.877,0.11,0.773,0.103,1.153,0.74,0.427,2.29,0,0,0,0,0,0.02,0,3.453,3.83,3.83,3.703,1.61,58.1,,,,,,,,,,,,,1.983,reflection,1,1,borrowed-shadow,1,4,counter-exam,0.9833,7,300,6,6,53,6,53,300,1030,211,295,89,735,0,0,1036,232,1149,1149,1111,483,17430,298,210,0.02,8.8333,8.8333,3.4333,1.3981,8.2584,,0.2239,0.9669,0.4204,0.7047
mirror-shade,4,smoke-screen,w0h0l-,forecast-aware,300,91,0.3033,8.76,0.9121,42.081,0,0,2.4,48.267,3.47,2.523,2.603,0,1.1,1.503,0.953,0.663,0.32,1.98,0,0,0,0,0,0.01,0,3.763,2.67,2.67,2.433,0.713,34.577,,,,,,,,,,,,,1.997,reflection,1,1,borrowed-shadow,1,4,counter-exam,0.9967,7,300,3,3,26,1,9,300,750,91,134,209,616,0,0,1129,330,801,801,730,214,10373,176,71,0.01,8.6667,9,2.5,1.4725,2.9474,,0.2923,0.9114,0.2672,0.4034
mirror-shade,4,smoke-screen,w0h0l-,planner-one-mistake,300,99,0.33,8.813,0.9371,62.124,0,0,2.687,54.96,4.933,12.69,0.863,0.22,0.797,0.067,1.067,0.767,0.327,2.353,0,0,0,0,0,0.017,0,3.813,3.933,3.933,3.42,1.507,57.603,211,300,211,88,0,8,292,0.4171,1,13.375,3.5,0,2,reflection,1,1,borrowed-shadow,1,4,counter-exam,1,7,300,5,5,44,4,36,300,1759,99,106,201,1653,0,0,1144,239,1180,1180,1026,452,17281,280,94,0.0167,8.8,9,5.8633,1.0707,8.2239,,0.2089,0.8695,0.3831,0.3357
mirror-shade,4,smoke-screen,w0h0l0,random,300,0,0,9,,94.377,0,0,3.8,61.197,4.75,23.307,0.45,1.31,0.2,0.25,0.447,0.27,0.23,1.04,0,0,0,0,0,0.017,0,4,3.563,3.563,2.037,0.39,25.56,,,,,,,,,,,,,2,reflection,1,1,borrowed-shadow,1,4,counter-exam,1,7,300,5,5,43,0,0,300,2115,0,0,300,2115,0,0,1200,60,1069,1069,611,117,7668,102,0,0.0167,8.6,,7.05,,7.05,,0.05,0.5716,0.1094,0
mirror-shade,4,smoke-screen,w0h0l0,single-water,300,0,0,9,,100,0,0,4,30.2,5,78.147,0,0,0,0,1,1,0.817,0,0,0,0,0,0,0,0,4,4,4,0,0,0,,,,,,,,,,,,,2,reflection,1,1,borrowed-shadow,1,4,counter-exam,1,7,300,0,0,0,0,0,300,2109,0,0,300,2109,0,0,1200,0,1200,1200,0,0,0,0,0,0,,,7.03,,7.03,,0,0,0,
mirror-shade,4,smoke-screen,w0h0l0,legacy-cycle,300,0,0,9,,87.65,0,0,4,80.7,5,43.693,0,0,0,0,0.143,0,0.143,2.513,0,0,0,0,0,0.987,0,4,4,4,3.243,0,39.91,,,,,,,,,,,,,2,reflection,1,1,borrowed-shadow,1,4,counter-exam,1,7,300,296,296,2198,0,0,300,1703,0,0,300,1703,0,0,1200,0,1200,1200,973,0,11973,0,0,0.9867,7.4257,,5.6767,,5.6767,,0,0.8108,0,
mirror-shade,4,smoke-screen,w0h0l0,greedy,300,200,0.6667,8.497,0.9161,31.29,0,0,1.857,35.927,4.853,2.917,1.13,0.16,1.043,0.087,1.17,0.67,0.49,1.92,0,0,0,0,0,0.053,0,3.507,3.853,3.853,3.707,1.287,53.78,,,,,,,,,,,,,1.99,reflection,1,1,borrowed-shadow,1,4,counter-exam,0.99,7,300,16,16,137,11,93,300,693,200,385,100,308,0,0,1052,313,1156,1156,1112,386,16134,265,183,0.0533,8.5625,8.4545,2.31,1.925,3.08,,0.2975,0.9619,0.3339,0.6906
mirror-shade,4,smoke-screen,w0h0l0,planner,300,218,0.7267,8.397,0.9077,55.622,0,0,2,38.947,4.83,1.713,0.843,0.103,0.747,0.097,1.177,0.757,0.43,2.23,0,0,0,0,0,0.02,0,3.42,3.83,3.83,3.71,1.627,58.877,,,,,,,,,,,,,1.977,reflection,1,1,borrowed-shadow,1,4,counter-exam,0.9767,7,300,6,6,51,6,51,300,986,218,305,82,681,0,0,1026,224,1149,1149,1113,488,17663,298,217,0.02,8.5,8.5,3.2867,1.3991,8.3049,,0.2183,0.9687,0.4247,0.7282
mirror-shade,4,smoke-screen,w0h0l0,forecast-aware,300,103,0.3433,8.72,0.9094,41.67,0,0,2.34,46.887,3.463,2.54,2.59,0,1.087,1.503,0.947,0.657,0.32,1.973,0,0,0,0,0,0.01,0,3.723,2.663,2.663,2.427,0.713,34.9,,,,,,,,,,,,,1.997,reflection,1,1,borrowed-shadow,1,4,counter-exam,0.9967,7,300,3,3,26,1,9,300,745,103,156,197,589,0,0,1117,326,799,799,728,214,10470,176,77,0.01,8.6667,9,2.4833,1.5146,2.9898,,0.2919,0.9111,0.2678,0.4375
mirror-shade,4,smoke-screen,w0h0l0,planner-one-mistake,300,108,0.36,8.793,0.9362,61.38,0,0,2.64,53.84,4.933,13.243,0.86,0.22,0.793,0.067,1.087,0.777,0.333,2.33,0,0,0,0,0,0.02,0,3.793,3.933,3.933,3.42,1.503,58.03,218,300,218,97,0,7,293,0.445,1,13.3283,3.5,0,2,reflection,1,1,borrowed-shadow,1,4,counter-exam,1,7,300,6,6,53,5,45,300,1700,108,122,192,1578,0,0,1138,238,1180,1180,1026,451,17409,280,102,0.02,8.8333,9,5.6667,1.1296,8.2188,,0.2091,0.8695,0.3822,0.3643
mirror-shade,4,smoke-screen,w0h0l+,random,300,0,0,9,,94.11,0,0,3.8,61.567,4.75,23.563,0.45,1.31,0.2,0.25,0.447,0.27,0.23,1.04,0,0,0,0,0,0.017,0,4,3.563,3.563,2.037,0.39,25.86,,,,,,,,,,,,,2,reflection,1,1,borrowed-shadow,1,4,counter-exam,1,7,300,5,5,43,0,0,300,2115,0,0,300,2115,0,0,1200,60,1069,1069,611,117,7758,102,0,0.0167,8.6,,7.05,,7.05,,0.05,0.5716,0.1094,0
mirror-shade,4,smoke-screen,w0h0l+,single-water,300,0,0,9,,100,0,0,4,30.2,5,78.147,0,0,0,0,1,1,0.817,0,0,0,0,0,0,0,0,4,4,4,0,0,0,,,,,,,,,,,,,2,reflection,1,1,borrowed-shadow,1,4,counter-exam,1,7,300,0,0,0,0,0,300,2109,0,0,300,2109,0,0,1200,0,1200,1200,0,0,0,0,0,0,,,7.03,,7.03,,0,0,0,
mirror-shade,4,smoke-screen,w0h0l+,legacy-cycle,300,0,0,9,,86.443,0,0,4,80.803,5,43.8,0,0,0,0,0.143,0,0.143,2.513,0,0,0,0,0,0.987,0,4,4,4,3.243,0,40.273,,,,,,,,,,,,,2,reflection,1,1,borrowed-shadow,1,4,counter-exam,1,7,300,296,296,2198,0,0,300,1703,0,0,300,1703,0,0,1200,0,1200,1200,973,0,12082,0,0,0.9867,7.4257,,5.6767,,5.6767,,0,0.8108,0,
mirror-shade,4,smoke-screen,w0h0l+,greedy,300,214,0.7133,8.413,0.9086,30.744,0,0,1.76,33.78,4.84,2.37,1.11,0.153,1.02,0.09,1.093,0.627,0.467,1.827,0,0,0,0,0,0.037,0,3.427,3.84,3.84,3.707,1.297,54.193,,,,,,,,,,,,,1.987,reflection,1,1,borrowed-shadow,1,4,counter-exam,0.9867,7,300,11,11,93,8,67,300,714,214,446,86,268,0,0,1028,306,1152,1152,1112,389,16258,265,194,0.0367,8.4545,8.375,2.38,2.0841,3.1163,,0.2977,0.9653,0.3377,0.7321
mirror-shade,4,smoke-screen,w0h0l+,planner,300,231,0.77,8.333,0.9038,54.855,0,0,1.903,36.753,4.83,1.777,0.833,0.103,0.737,0.097,1.163,0.753,0.417,2.207,0,0,0,0,0,0.023,0,3.357,3.83,3.83,3.713,1.623,59.3,,,,,,,,,,,,,1.977,reflection,1,1,borrowed-shadow,1,4,counter-exam,0.9767,7,300,7,7,60,7,60,300,924,231,351,69,573,0,0,1007,221,1149,1149,1114,487,17790,298,230,0.0233,8.5714,8.5714,3.08,1.5195,8.3043,,0.2195,0.9695,0.4238,0.7718
mirror-shade,4,smoke-screen,w0h0l+,forecast-aware,300,111,0.37,8.69,0.9069,41.265,0,0,2.3,46.007,3.46,2.55,2.58,0,1.077,1.503,0.937,0.65,0.317,1.963,0,0,0,0,0,0.01,0,3.693,2.66,2.66,2.423,0.713,35.137,,,,,,,,,,,,,1.997,reflection,1,1,borrowed-shadow,1,4,counter-exam,0.9967,7,300,3,3,26,1,9,300,751,111,180,189,571,0,0,1108,323,798,798,727,214,10541,176,82,0.01,8.6667,9,2.5033,1.6216,3.0212,,0.2915,0.911,0.2682,0.4659
mirror-shade,4,smoke-screen,w0h0l+,planner-one-mistake,300,122,0.4067,8.783,0.9408,60.848,0,0,2.587,52.487,4.927,13.427,0.863,0.217,0.79,0.073,1.097,0.79,0.33,2.333,0,0,0,0,0,0.02,0,3.783,3.927,3.927,3.413,1.503,58.42,231,300,231,115,0,7,293,0.4978,1,13.2883,3.5,0,2,reflection,1,1,borrowed-shadow,1,4,counter-exam,1,7,300,6,6,53,5,45,300,1603,122,138,178,1465,0,0,1135,237,1178,1178,1024,451,17526,280,115,0.02,8.8333,9,5.3433,1.1311,8.2303,,0.2088,0.8693,0.3829,0.4107
mirror-shade,4,smoke-screen,w0h+l-,random,300,0,0,9,,94.62,0,0,3.8,61.01,4.75,22.957,0.45,1.31,0.2,0.25,0.447,0.27,0.23,1.04,0,0,0,0,0,0.017,0,4,3.563,3.563,2.037,0.39,25.343,,,,,,,,,,,,,2,reflection,1,1,borrowed-shadow,1,4,counter-exam,1,7,300,5,5,43,0,0,300,2115,0,0,300,2115,0,0,1200,60,1069,1069,611,117,7603,102,0,0.0167,8.6,,7.05,,7.05,,0.05,0.5716,0.1094,0
mirror-shade,4,smoke-screen,w0h+l-,single-water,300,0,0,9,,100,0,0,4,30.2,5,78.147,0,0,0,0,1,1,0.817,0,0,0,0,0,0,0,0,4,4,4,0,0,0,,,,,,,,,,,,,2,reflection,1,1,borrowed-shadow,1,4,counter-exam,1,7,300,0,0,0,0,0,300,2109,0,0,300,2109,0,0,1200,0,1200,1200,0,0,0,0,0,0,,,7.03,,7.03,,0,0,0,
mirror-shade,4,smoke-screen,w0h+l-,legacy-cycle,300,0,0,9,,88.903,0,0,4,80.647,5,43.1,0,0,0,0,0.143,0,0.143,2.513,0,0,0,0,0,0.987,0,4,4,4,3.243,0,39.067,,,,,,,,,,,,,2,reflection,1,1,borrowed-shadow,1,4,counter-exam,1,7,300,296,296,2198,0,0,300,1703,0,0,300,1703,0,0,1200,0,1200,1200,973,0,11720,0,0,0.9867,7.4257,,5.6767,,5.6767,,0,0.8108,0,
mirror-shade,4,smoke-screen,w0h+l-,greedy,300,197,0.6567,8.477,0.9114,31.35,0,0,1.84,35.627,4.843,2.677,1.15,0.167,1.053,0.097,1.107,0.683,0.413,1.807,0,0,0,0,0,0.047,0,3.48,3.843,3.843,3.703,1.28,53.507,,,,,,,,,,,,,1.997,reflection,1,1,borrowed-shadow,1,4,counter-exam,0.9967,7,300,14,14,120,11,93,300,708,197,398,103,310,0,0,1044,316,1153,1153,1111,384,16052,265,178,0.0467,8.5714,8.4545,2.36,2.0203,3.0097,,0.3027,0.9636,0.333,0.6717
mirror-shade,4,smoke-screen,w0h+l-,planner,300,223,0.7433,8.33,0.8999,56.312,0,0,1.933,37.553,4.807,1.583,0.857,0.1,0.763,0.093,1.137,0.74,0.403,2.227,0,0,0,0,0,0.013,0,3.357,3.807,3.807,3.677,1.607,58.52,,,,,,,,,,,,,1.973,reflection,1,1,borrowed-shadow,1,4,counter-exam,0.9733,7,300,4,4,32,4,32,300,972,223,333,77,639,0,0,1007,229,1142,1142,1103,482,17556,298,222,0.0133,8,8,3.24,1.4933,8.2987,,0.2274,0.9658,0.4221,0.745
mirror-shade,4,smoke-screen,w0h+l-,forecast-aware,300,102,0.34,8.727,0.9107,42.071,0,0,2.347,47.04,3.463,2.523,2.593,0,1.09,1.503,0.95,0.653,0.327,1.967,0,0,0,0,0,0.01,0,3.73,2.663,2.663,2.427,0.713,34.82,,,,,,,,,,,,,1.997,reflection,1,1,borrowed-shadow,1,4,counter-exam,0.9967,7,300,3,3,26,1,9,300,746,102,153,198,593,0,0,1119,327,799,799,728,214,10446,176,78,0.01,8.6667,9,2.4867,1.5,2.9949,,0.2922,0.9111,0.2678,0.4432
mirror-shade,4,smoke-screen,w0h+l-,planner-one-mistake,300,112,0.3733,8.77,0.9315,61.66,0,0,2.597,52.907,4.937,12.9,0.863,0.21,0.8,0.063,1.087,0.78,0.333,2.253,0,0,0,0,0,0.017,0,3.77,3.937,3.937,3.423,1.507,57.95,223,300,223,102,0,10,290,0.4574,1,13.3925,2.5,0,2,reflection,1,1,borrowed-shadow,1,4,counter-exam,1,7,300,5,5,44,4,36,300,1685,112,138,188,1547,0,0,1131,240,1181,1181,1027,452,17385,281,107,0.0167,8.8,9,5.6167,1.2321,8.2287,,0.2122,0.8696,0.3827,0.3808
mirror-shade,4,smoke-screen,w0h+l0,random,300,0,0,9,,94.103,0,0,3.8,61.663,4.75,23.45,0.45,1.31,0.2,0.25,0.447,0.27,0.23,1.04,0,0,0,0,0,0.017,0,4,3.563,3.563,2.037,0.39,25.793,,,,,,,,,,,,,2,reflection,1,1,borrowed-shadow,1,4,counter-exam,1,7,300,5,5,43,0,0,300,2115,0,0,300,2115,0,0,1200,60,1069,1069,611,117,7738,102,0,0.0167,8.6,,7.05,,7.05,,0.05,0.5716,0.1094,0
mirror-shade,4,smoke-screen,w0h+l0,single-water,300,0,0,9,,100,0,0,4,30.2,5,78.147,0,0,0,0,1,1,0.817,0,0,0,0,0,0,0,0,4,4,4,0,0,0,,,,,,,,,,,,,2,reflection,1,1,borrowed-shadow,1,4,counter-exam,1,7,300,0,0,0,0,0,300,2109,0,0,300,2109,0,0,1200,0,1200,1200,0,0,0,0,0,0,,,7.03,,7.03,,0,0,0,
mirror-shade,4,smoke-screen,w0h+l0,legacy-cycle,300,0,0,9,,86.707,0,0,4,80.843,5,43.85,0,0,0,0,0.143,0,0.143,2.513,0,0,0,0,0,0.987,0,4,4,4,3.243,0,40.11,,,,,,,,,,,,,2,reflection,1,1,borrowed-shadow,1,4,counter-exam,1,7,300,296,296,2198,0,0,300,1703,0,0,300,1703,0,0,1200,0,1200,1200,973,0,12033,0,0,0.9867,7.4257,,5.6767,,5.6767,,0,0.8108,0,
mirror-shade,4,smoke-screen,w0h+l0,greedy,300,212,0.7067,8.43,0.9104,30.75,0,0,1.78,34.22,4.847,2.76,1.107,0.163,1.02,0.087,1.13,0.667,0.453,1.83,0,0,0,0,0,0.053,0,3.443,3.847,3.847,3.713,1.273,54.173,,,,,,,,,,,,,1.987,reflection,1,1,borrowed-shadow,1,4,counter-exam,0.9867,7,300,16,16,137,12,102,300,719,212,441,88,278,0,0,1033,306,1154,1154,1114,382,16252,262,190,0.0533,8.5625,8.5,2.3967,2.0802,3.1591,,0.2962,0.9653,0.331,0.7252
mirror-shade,4,smoke-screen,w0h+l0,planner,300,236,0.7867,8.25,0.8941,55.563,0,0,1.863,35.893,4.793,1.53,0.817,0.097,0.73,0.087,1.147,0.743,0.41,2.213,0,0,0,0,0,0.017,0,3.29,3.793,3.793,3.687,1.61,59.273,,,,,,,,,,,,,1.96,reflection,1,1,borrowed-shadow,1,4,counter-exam,0.96,7,300,5,5,42,5,42,300,896,236,364,64,532,0,0,987,219,1138,1138,1106,483,17782,298,235,0.0167,8.4,8.4,2.9867,1.5424,8.3125,,0.2219,0.9719,0.4244,0.7886
mirror-shade,4,smoke-screen,w0h+l0,forecast-aware,300,109,0.3633,8.697,0.9072,41.387,0,0,2.31,46.227,3.46,2.54,2.58,0,1.077,1.503,0.94,0.65,0.32,1.963,0,0,0,0,0,0.01,0,3.7,2.66,2.66,2.423,0.713,35.117,,,,,,,,,,,,,1.997,reflection,1,1,borrowed-shadow,1,4,counter-exam,0.9967,7,300,3,3,26,1,9,300,747,109,168,191,579,0,0,1110,323,798,798,727,214,10535,176,81,0.01,8.6667,9,2.49,1.5413,3.0314,,0.291,0.911,0.2682,0.4602
mirror-shade,4,smoke-screen,w0h+l0,planner-one-mistake,300,122,0.4067,8.757,0.9335,60.938,0,0,2.567,52.093,4.937,13.28,0.847,0.21,0.783,0.063,1.097,0.797,0.32,2.283,0,0,0,0,0,0.017,0,3.757,3.937,3.937,3.43,1.507,58.55,236,300,236,114,0,9,291,0.4831,1,13.3558,3.5,0,2,reflection,1,1,borrowed-shadow,1,4,counter-exam,1,7,300,5,5,44,4,36,300,1614,122,146,178,1468,0,0,1127,235,1181,1181,1029,452,17565,281,116,0.0167,8.8,9,5.38,1.1967,8.2472,,0.2085,0.8713,0.3827,0.4128
mirror-shade,4,smoke-screen,w0h+l+,random,300,0,0,9,,93.817,0,0,3.8,62.027,4.75,23.707,0.45,1.31,0.2,0.25,0.447,0.27,0.23,1.04,0,0,0,0,0,0.017,0,4,3.563,3.563,2.037,0.39,26.093,,,,,,,,,,,,,2,reflection,1,1,borrowed-shadow,1,4,counter-exam,1,7,300,5,5,43,0,0,300,2115,0,0,300,2115,0,0,1200,60,1069,1069,611,117,7828,102,0,0.0167,8.6,,7.05,,7.05,,0.05,0.5716,0.1094,0
mirror-shade,4,smoke-screen,w0h+l+,single-water,300,0,0,9,,100,0,0,4,30.2,5,78.147,0,0,0,0,1,1,0.817,0,0,0,0,0,0,0,0,4,4,4,0,0,0,,,,,,,,,,,,,2,reflection,1,1,borrowed-shadow,1,4,counter-exam,1,7,300,0,0,0,0,0,300,2109,0,0,300,2109,0,0,1200,0,1200,1200,0,0,0,0,0,0,,,7.03,,7.03,,0,0,0,
mirror-shade,4,smoke-screen,w0h+l+,legacy-cycle,300,0,0,9,,85.977,0,0,4,80.893,5,43.957,0,0,0,0,0.143,0,0.143,2.513,0,0,0,0,0,0.987,0,4,4,4,3.243,0,40.473,,,,,,,,,,,,,2,reflection,1,1,borrowed-shadow,1,4,counter-exam,1,7,300,296,296,2198,0,0,300,1703,0,0,300,1703,0,0,1200,0,1200,1200,973,0,12142,0,0,0.9867,7.4257,,5.6767,,5.6767,,0,0.8108,0,
mirror-shade,4,smoke-screen,w0h+l+,greedy,300,220,0.7333,8.353,0.902,29.825,0,0,1.707,32.627,4.837,2.21,1.09,0.163,1,0.09,1.077,0.63,0.447,1.767,0,0,0,0,0,0.037,0,3.373,3.837,3.837,3.717,1.277,54.45,,,,,,,,,,,,,1.98,reflection,1,1,borrowed-shadow,1,4,counter-exam,0.98,7,300,11,11,93,9,75,300,741,220,491,80,250,0,0,1012,300,1151,1151,1115,383,16335,262,196,0.0367,8.4545,8.3333,2.47,2.2318,3.125,,0.2964,0.9687,0.3328,0.7481
mirror-shade,4,smoke-screen,w0h+l+,planner,300,252,0.84,8.127,0.8845,55.417,0,0,1.723,32.873,4.77,1.813,0.8,0.097,0.713,0.087,1.14,0.697,0.45,2.173,0,0,0,0,0,0.02,0,3.22,3.77,3.77,3.657,1.6,59.45,,,,,,,,,,,,,1.907,reflection,1,1,borrowed-shadow,1,4,counter-exam,0.9067,7,300,6,6,51,6,51,300,774,252,378,48,396,0,0,966,214,1131,1131,1097,480,17835,298,251,0.02,8.5,8.5,2.58,1.5,8.25,,0.2215,0.9699,0.4244,0.8423
mirror-shade,4,smoke-screen,w0h+l+,forecast-aware,300,113,0.3767,8.673,0.9036,40.444,0,0,2.287,45.707,3.45,2.55,2.577,0,1.073,1.503,0.93,0.647,0.313,1.957,0,0,0,0,0,0.01,0,3.68,2.65,2.65,2.413,0.71,35.323,,,,,,,,,,,,,1.993,reflection,1,1,borrowed-shadow,1,4,counter-exam,0.9933,7,300,3,3,26,3,26,300,750,113,186,187,564,0,0,1104,322,795,795,724,213,10597,176,84,0.01,8.6667,8.6667,2.5,1.646,3.016,,0.2917,0.9107,0.2679,0.4773
mirror-shade,4,smoke-screen,w0h+l+,planner-one-mistake,300,133,0.4433,8.747,0.9365,60.341,0,0,2.523,51,4.933,13.463,0.847,0.207,0.78,0.067,1.11,0.8,0.33,2.267,0,0,0,0,0,0.017,0,3.747,3.933,3.933,3.427,1.503,58.91,252,300,252,127,0,9,291,0.504,1,13.3125,3.5,0,2,reflection,1,1,borrowed-shadow,1,4,counter-exam,1,7,300,5,5,44,4,36,300,1540,133,167,167,1373,0,0,1124,234,1180,1180,1028,451,17673,281,126,0.0167,8.8,9,5.1333,1.2556,8.2216,,0.2082,0.8712,0.3822,0.4484
mirror-shade,4,smoke-screen,w+h-l-,random,300,0,0,9,,95.35,0,0,3.8,59.837,4.75,22.64,0.45,1.31,0.2,0.25,0.447,0.27,0.23,1.04,0,0,0,0,0,0.017,0,4,3.563,3.563,2.037,0.39,24.687,,,,,,,,,,,,,2,reflection,1,1,borrowed-shadow,1,4,counter-exam,1,7,300,5,5,43,0,0,300,2115,0,0,300,2115,0,0,1200,60,1069,1069,611,117,7406,102,0,0.0167,8.6,,7.05,,7.05,,0.05,0.5716,0.1094,0
mirror-shade,4,smoke-screen,w+h-l-,single-water,300,0,0,9,,100,0,0,4,30.2,5,78.147,0,0,0,0,1,1,0.817,0,0,0,0,0,0,0,0,4,4,4,0,0,0,,,,,,,,,,,,,2,reflection,1,1,borrowed-shadow,1,4,counter-exam,1,7,300,0,0,0,0,0,300,2109,0,0,300,2109,0,0,1200,0,1200,1200,0,0,0,0,0,0,,,7.03,,7.03,,0,0,0,
mirror-shade,4,smoke-screen,w+h-l-,legacy-cycle,300,0,0,9,,91.78,0,0,4,80.057,5,42.56,0,0,0,0,0.143,0,0.143,2.513,0,0,0,0,0,0.987,0,4,4,4,3.243,0,37.777,,,,,,,,,,,,,2,reflection,1,1,borrowed-shadow,1,4,counter-exam,1,7,300,296,296,2198,0,0,300,1703,0,0,300,1703,0,0,1200,0,1200,1200,973,0,11333,0,0,0.9867,7.4257,,5.6767,,5.6767,,0,0.8108,0,
mirror-shade,4,smoke-screen,w+h-l-,greedy,300,172,0.5733,8.553,0.9134,33.148,0,0,1.94,37.987,4.86,2.717,1.19,0.163,1.093,0.097,1.17,0.687,0.483,1.79,0,0,0,0,0,0.043,0,3.553,3.86,3.86,3.707,1.32,53.003,,,,,,,,,,,,,2,reflection,1,1,borrowed-shadow,1,4,counter-exam,1,7,300,13,13,111,7,60,300,699,172,339,128,360,0,0,1066,328,1158,1158,1112,396,15901,265,157,0.0433,8.5385,8.5714,2.33,1.9709,2.8125,,0.3077,0.9603,0.342,0.5925
mirror-shade,4,smoke-screen,w+h-l-,planner,300,196,0.6533,8.51,0.9167,56.846,0,0,2.147,42.28,4.84,1.577,0.873,0.103,0.767,0.107,1.187,0.763,0.437,2.153,0,0,0,0,0,0.023,0,3.513,3.84,3.84,3.72,1.633,58.43,,,,,,,,,,,,,1.997,reflection,1,1,borrowed-shadow,1,4,counter-exam,0.9967,7,300,7,7,62,7,62,300,1119,196,267,104,852,0,0,1054,230,1152,1152,1116,490,17529,298,195,0.0233,8.8571,8.8571,3.73,1.3622,8.1923,,0.2182,0.9688,0.4253,0.6544
mirror-shade,4,smoke-screen,w+h-l-,forecast-aware,300,78,0.26,8.813,0.9202,42.856,0,0,2.467,49.753,3.477,2.51,2.627,0,1.12,1.507,0.96,0.68,0.31,1.993,0,0,0,0,0,0.01,0,3.813,2.677,2.677,2.44,0.713,34.453,,,,,,,,,,,,,2,reflection,1,1,borrowed-shadow,1,4,counter-exam,1,7,300,3,3,26,1,9,300,758,78,111,222,647,0,0,1144,336,803,803,732,214,10336,176,59,0.01,8.6667,9,2.5267,1.4231,2.9144,,0.2937,0.9116,0.2665,0.3352
mirror-shade,4,smoke-screen,w+h-l-,planner-one-mistake,300,92,0.3067,8.847,0.9444,63.014,0,0,2.74,56.147,4.937,12.613,0.863,0.22,0.8,0.063,1.083,0.777,0.333,2.367,0,0,0,0,0,0.017,0,3.847,3.937,3.937,3.427,1.493,57.057,196,300,196,79,0,8,292,0.4031,1,13.16,3.5,0,2,reflection,1,1,borrowed-shadow,1,4,counter-exam,1,7,300,5,5,44,4,36,300,1794,92,82,208,1712,0,0,1154,240,1181,1181,1028,448,17117,279,87,0.0167,8.8,9,5.98,0.8913,8.2308,,0.208,0.8704,0.3793,0.3118
mirror-shade,4,smoke-screen,w+h-l0,random,300,0,0,9,,94.863,0,0,3.8,60.53,4.75,23.133,0.45,1.31,0.2,0.25,0.447,0.27,0.23,1.04,0,0,0,0,0,0.017,0,4,3.563,3.563,2.037,0.39,25.137,,,,,,,,,,,,,2,reflection,1,1,borrowed-shadow,1,4,counter-exam,1,7,300,5,5,43,0,0,300,2115,0,0,300,2115,0,0,1200,60,1069,1069,611,117,7541,102,0,0.0167,8.6,,7.05,,7.05,,0.05,0.5716,0.1094,0
mirror-shade,4,smoke-screen,w+h-l0,single-water,300,0,0,9,,100,0,0,4,30.2,5,78.147,0,0,0,0,1,1,0.817,0,0,0,0,0,0,0,0,4,4,4,0,0,0,,,,,,,,,,,,,2,reflection,1,1,borrowed-shadow,1,4,counter-exam,1,7,300,0,0,0,0,0,300,2109,0,0,300,2109,0,0,1200,0,1200,1200,0,0,0,0,0,0,,,7.03,,7.03,,0,0,0,
mirror-shade,4,smoke-screen,w+h-l0,legacy-cycle,300,0,0,9,,90.18,0,0,4,80.32,5,43.31,0,0,0,0,0.143,0,0.143,2.513,0,0,0,0,0,0.987,0,4,4,4,3.243,0,38.82,,,,,,,,,,,,,2,reflection,1,1,borrowed-shadow,1,4,counter-exam,1,7,300,296,296,2198,0,0,300,1703,0,0,300,1703,0,0,1200,0,1200,1200,973,0,11646,0,0,0.9867,7.4257,,5.6767,,5.6767,,0,0.8108,0,
mirror-shade,4,smoke-screen,w+h-l0,greedy,300,188,0.6267,8.537,0.9178,32.232,0,0,1.887,36.68,4.877,2.39,1.16,0.17,1.08,0.08,1.167,0.697,0.477,1.84,0,0,0,0,0,0.03,0,3.54,3.877,3.877,3.723,1.307,53.683,,,,,,,,,,,,,1.997,reflection,1,1,borrowed-shadow,1,4,counter-exam,0.9967,7,300,9,9,76,7,59,300,711,188,360,112,351,0,0,1062,324,1163,1163,1117,392,16105,263,170,0.03,8.4444,8.4286,2.37,1.9149,3.1339,,0.3051,0.9604,0.3371,0.6464
mirror-shade,4,smoke-screen,w+h-l0,planner,300,205,0.6833,8.48,0.9154,56.053,0,0,2.097,41.113,4.853,1.763,0.853,0.107,0.763,0.09,1.183,0.76,0.437,2.193,0,0,0,0,0,0.023,0,3.49,3.853,3.853,3.72,1.643,59.03,,,,,,,,,,,,,1.99,reflection,1,1,borrowed-shadow,1,4,counter-exam,0.99,7,300,7,7,60,7,60,300,1061,205,279,95,782,0,0,1047,229,1156,1156,1116,493,17709,298,204,0.0233,8.5714,8.5714,3.5367,1.361,8.2316,,0.2187,0.9654,0.4265,0.6846
mirror-shade,4,smoke-screen,w+h-l0,forecast-aware,300,91,0.3033,8.78,0.9194,42.464,0,0,2.403,48.287,3.477,2.527,2.613,0,1.107,1.507,0.953,0.68,0.303,1.983,0,0,0,0,0,0.01,0,3.78,2.677,2.677,2.44,0.713,34.813,,,,,,,,,,,,,2,reflection,1,1,borrowed-shadow,1,4,counter-exam,1,7,300,3,3,26,1,9,300,750,91,136,209,614,0,0,1134,332,803,803,732,214,10444,176,69,0.01,8.6667,9,2.5,1.4945,2.9378,,0.2928,0.9116,0.2665,0.392
mirror-shade,4,smoke-screen,w+h-l0,planner-one-mistake,300,101,0.3367,8.817,0.9395,62.095,0,0,2.68,54.767,4.937,13.08,0.863,0.213,0.8,0.063,1.07,0.78,0.313,2.353,0,0,0,0,0,0.017,0,3.817,3.937,3.937,3.43,1.497,57.637,205,300,205,89,0,6,294,0.4341,1,13.1383,2.75,0,2,reflection,1,1,borrowed-shadow,1,4,counter-exam,1,7,300,5,5,44,4,36,300,1745,101,106,199,1639,0,0,1145,240,1181,1181,1029,449,17291,279,96,0.0167,8.8,9,5.8167,1.0495,8.2362,,0.2096,0.8713,0.3802,0.3441
mirror-shade,4,smoke-screen,w+h-l+,random,300,0,0,9,,94.6,0,0,3.8,60.913,4.75,23.39,0.45,1.31,0.2,0.25,0.447,0.27,0.23,1.04,0,0,0,0,0,0.017,0,4,3.563,3.563,2.037,0.39,25.437,,,,,,,,,,,,,2,reflection,1,1,borrowed-shadow,1,4,counter-exam,1,7,300,5,5,43,0,0,300,2115,0,0,300,2115,0,0,1200,60,1069,1069,611,117,7631,102,0,0.0167,8.6,,7.05,,7.05,,0.05,0.5716,0.1094,0
mirror-shade,4,smoke-screen,w+h-l+,single-water,300,0,0,9,,100,0,0,4,30.2,5,78.147,0,0,0,0,1,1,0.817,0,0,0,0,0,0,0,0,4,4,4,0,0,0,,,,,,,,,,,,,2,reflection,1,1,borrowed-shadow,1,4,counter-exam,1,7,300,0,0,0,0,0,300,2109,0,0,300,2109,0,0,1200,0,1200,1200,0,0,0,0,0,0,,,7.03,,7.03,,0,0,0,
mirror-shade,4,smoke-screen,w+h-l+,legacy-cycle,300,0,0,9,,89.113,0,0,4,80.467,5,43.417,0,0,0,0,0.143,0,0.143,2.513,0,0,0,0,0,0.987,0,4,4,4,3.243,0,39.183,,,,,,,,,,,,,2,reflection,1,1,borrowed-shadow,1,4,counter-exam,1,7,300,296,296,2198,0,0,300,1703,0,0,300,1703,0,0,1200,0,1200,1200,973,0,11755,0,0,0.9867,7.4257,,5.6767,,5.6767,,0,0.8108,0,
mirror-shade,4,smoke-screen,w+h-l+,greedy,300,198,0.66,8.5,0.9158,31.471,0,0,1.85,35.847,4.873,2.273,1.133,0.173,1.05,0.083,1.163,0.693,0.473,1.793,0,0,0,0,0,0.027,0,3.507,3.873,3.873,3.727,1.317,54.253,,,,,,,,,,,,,1.993,reflection,1,1,borrowed-shadow,1,4,counter-exam,0.9933,7,300,8,8,68,6,51,300,706,198,395,102,311,0,0,1052,315,1162,1162,1118,395,16276,265,180,0.0267,8.5,8.5,2.3533,1.9949,3.049,,0.2994,0.9621,0.3399,0.6792
mirror-shade,4,smoke-screen,w+h-l+,planner,300,230,0.7667,8.397,0.9126,56.043,0,0,1.953,37.753,4.85,1.663,0.833,0.103,0.743,0.09,1.19,0.77,0.427,2.153,0,0,0,0,0,0.023,0,3.413,3.85,3.85,3.733,1.64,59.787,,,,,,,,,,,,,1.983,reflection,1,1,borrowed-shadow,1,4,counter-exam,0.9833,7,300,7,7,60,7,60,300,914,230,329,70,585,0,0,1024,223,1155,1155,1120,492,17936,298,229,0.0233,8.5714,8.5714,3.0467,1.4304,8.3571,,0.2178,0.9697,0.426,0.7685
mirror-shade,4,smoke-screen,w+h-l+,forecast-aware,300,99,0.33,8.75,0.9158,41.871,0,0,2.36,47.327,3.477,2.537,2.6,0,1.097,1.503,0.947,0.677,0.3,1.983,0,0,0,0,0,0.01,0,3.753,2.677,2.677,2.44,0.713,35.087,,,,,,,,,,,,,1.997,reflection,1,1,borrowed-shadow,1,4,counter-exam,0.9967,7,300,3,3,26,1,9,300,751,99,152,201,599,0,0,1126,329,803,803,732,214,10526,176,73,0.01,8.6667,9,2.5033,1.5354,2.9801,,0.2922,0.9116,0.2665,0.4148
mirror-shade,4,smoke-screen,w+h-l+,planner-one-mistake,300,111,0.37,8.797,0.9389,61.556,0,0,2.633,53.627,4.93,13.223,0.863,0.21,0.793,0.07,1.077,0.78,0.32,2.32,0,0,0,0,0,0.017,0,3.797,3.93,3.93,3.427,1.497,58.127,230,300,230,106,0,6,294,0.4609,1,13.0383,2.75,0,2,reflection,1,1,borrowed-shadow,1,4,counter-exam,1,7,300,5,5,44,4,36,300,1685,111,117,189,1568,0,0,1139,238,1179,1179,1028,449,17438,279,106,0.0167,8.8,9,5.6167,1.0541,8.2963,,0.209,0.8719,0.3808,0.3799
mirror-shade,4,smoke-screen,w+h0l-,random,300,0,0,9,,94.893,0,0,3.8,60.533,4.75,22.813,0.45,1.31,0.2,0.25,0.447,0.27,0.23,1.04,0,0,0,0,0,0.017,0,4,3.563,3.563,2.037,0.39,25.11,,,,,,,,,,,,,2,reflection,1,1,borrowed-shadow,1,4,counter-exam,1,7,300,5,5,43,0,0,300,2115,0,0,300,2115,0,0,1200,60,1069,1069,611,117,7533,102,0,0.0167,8.6,,7.05,,7.05,,0.05,0.5716,0.1094,0
mirror-shade,4,smoke-screen,w+h0l-,single-water,300,0,0,9,,100,0,0,4,30.2,5,78.147,0,0,0,0,1,1,0.817,0,0,0,0,0,0,0,0,4,4,4,0,0,0,,,,,,,,,,,,,2,reflection,1,1,borrowed-shadow,1,4,counter-exam,1,7,300,0,0,0,0,0,300,2109,0,0,300,2109,0,0,1200,0,1200,1200,0,0,0,0,0,0,,,7.03,,7.03,,0,0,0,
mirror-shade,4,smoke-screen,w+h0l-,legacy-cycle,300,0,0,9,,89.71,0,0,4,80.463,5,42.943,0,0,0,0,0.143,0,0.143,2.513,0,0,0,0,0,0.987,0,4,4,4,3.243,0,38.867,,,,,,,,,,,,,2,reflection,1,1,borrowed-shadow,1,4,counter-exam,1,7,300,296,296,2198,0,0,300,1703,0,0,300,1703,0,0,1200,0,1200,1200,973,0,11660,0,0,0.9867,7.4257,,5.6767,,5.6767,,0,0.8108,0,
mirror-shade,4,smoke-screen,w+h0l-,greedy,300,184,0.6133,8.523,0.9136,31.914,0,0,1.903,37.08,4.847,2.73,1.173,0.163,1.073,0.1,1.14,0.68,0.453,1.837,0,0,0,0,0,0.047,0,3.527,3.847,3.847,3.7,1.28,53.103,,,,,,,,,,,,,1.997,reflection,1,1,borrowed-shadow,1,4,counter-exam,0.9967,7,300,14,14,119,9,77,300,702,184,366,116,336,0,0,1058,322,1154,1154,1110,384,15931,265,166,0.0467,8.5,8.5556,2.34,1.9891,2.8966,,0.3043,0.9619,0.3328,0.6264
mirror-shade,4,smoke-screen,w+h0l-,planner,300,211,0.7033,8.437,0.911,56.753,0,0,2.03,39.707,4.83,1.683,0.877,0.11,0.773,0.103,1.153,0.74,0.427,2.29,0,0,0,0,0,0.02,0,3.453,3.83,3.83,3.703,1.61,58.1,,,,,,,,,,,,,1.983,reflection,1,1,borrowed-shadow,1,4,counter-exam,0.9833,7,300,6,6,53,6,53,300,1030,211,295,89,735,0,0,1036,232,1149,1149,1111,483,17430,298,210,0.02,8.8333,8.8333,3.4333,1.3981,8.2584,,0.2239,0.9669,0.4204,0.7047
mirror-shade,4,smoke-screen,w+h0l-,forecast-aware,300,91,0.3033,8.76,0.9121,42.081,0,0,2.4,48.267,3.47,2.523,2.603,0,1.1,1.503,0.953,0.663,0.32,1.98,0,0,0,0,0,0.01,0,3.763,2.67,2.67,2.433,0.713,34.577,,,,,,,,,,,,,1.997,reflection,1,1,borrowed-shadow,1,4,counter-exam,0.9967,7,300,3,3,26,1,9,300,750,91,134,209,616,0,0,1129,330,801,801,730,214,10373,176,71,0.01,8.6667,9,2.5,1.4725,2.9474,,0.2923,0.9114,0.2672,0.4034
mirror-shade,4,smoke-screen,w+h0l-,planner-one-mistake,300,99,0.33,8.813,0.9371,62.124,0,0,2.687,54.96,4.933,12.69,0.863,0.22,0.797,0.067,1.067,0.767,0.327,2.353,0,0,0,0,0,0.017,0,3.813,3.933,3.933,3.42,1.507,57.603,211,300,211,88,0,8,292,0.4171,1,13.375,3.5,0,2,reflection,1,1,borrowed-shadow,1,4,counter-exam,1,7,300,5,5,44,4,36,300,1759,99,106,201,1653,0,0,1144,239,1180,1180,1026,452,17281,280,94,0.0167,8.8,9,5.8633,1.0707,8.2239,,0.2089,0.8695,0.3831,0.3357
mirror-shade,4,smoke-screen,w+h0l0,random,300,0,0,9,,94.377,0,0,3.8,61.197,4.75,23.307,0.45,1.31,0.2,0.25,0.447,0.27,0.23,1.04,0,0,0,0,0,0.017,0,4,3.563,3.563,2.037,0.39,25.56,,,,,,,,,,,,,2,reflection,1,1,borrowed-shadow,1,4,counter-exam,1,7,300,5,5,43,0,0,300,2115,0,0,300,2115,0,0,1200,60,1069,1069,611,117,7668,102,0,0.0167,8.6,,7.05,,7.05,,0.05,0.5716,0.1094,0
mirror-shade,4,smoke-screen,w+h0l0,single-water,300,0,0,9,,100,0,0,4,30.2,5,78.147,0,0,0,0,1,1,0.817,0,0,0,0,0,0,0,0,4,4,4,0,0,0,,,,,,,,,,,,,2,reflection,1,1,borrowed-shadow,1,4,counter-exam,1,7,300,0,0,0,0,0,300,2109,0,0,300,2109,0,0,1200,0,1200,1200,0,0,0,0,0,0,,,7.03,,7.03,,0,0,0,
mirror-shade,4,smoke-screen,w+h0l0,legacy-cycle,300,0,0,9,,87.65,0,0,4,80.7,5,43.693,0,0,0,0,0.143,0,0.143,2.513,0,0,0,0,0,0.987,0,4,4,4,3.243,0,39.91,,,,,,,,,,,,,2,reflection,1,1,borrowed-shadow,1,4,counter-exam,1,7,300,296,296,2198,0,0,300,1703,0,0,300,1703,0,0,1200,0,1200,1200,973,0,11973,0,0,0.9867,7.4257,,5.6767,,5.6767,,0,0.8108,0,
mirror-shade,4,smoke-screen,w+h0l0,greedy,300,200,0.6667,8.497,0.9161,31.29,0,0,1.857,35.927,4.853,2.917,1.13,0.16,1.043,0.087,1.17,0.67,0.49,1.92,0,0,0,0,0,0.053,0,3.507,3.853,3.853,3.707,1.287,53.78,,,,,,,,,,,,,1.99,reflection,1,1,borrowed-shadow,1,4,counter-exam,0.99,7,300,16,16,137,11,93,300,693,200,385,100,308,0,0,1052,313,1156,1156,1112,386,16134,265,183,0.0533,8.5625,8.4545,2.31,1.925,3.08,,0.2975,0.9619,0.3339,0.6906
mirror-shade,4,smoke-screen,w+h0l0,planner,300,218,0.7267,8.397,0.9077,55.622,0,0,2,38.947,4.83,1.713,0.843,0.103,0.747,0.097,1.177,0.757,0.43,2.23,0,0,0,0,0,0.02,0,3.42,3.83,3.83,3.71,1.627,58.877,,,,,,,,,,,,,1.977,reflection,1,1,borrowed-shadow,1,4,counter-exam,0.9767,7,300,6,6,51,6,51,300,986,218,305,82,681,0,0,1026,224,1149,1149,1113,488,17663,298,217,0.02,8.5,8.5,3.2867,1.3991,8.3049,,0.2183,0.9687,0.4247,0.7282
mirror-shade,4,smoke-screen,w+h0l0,forecast-aware,300,103,0.3433,8.72,0.9094,41.67,0,0,2.34,46.887,3.463,2.54,2.59,0,1.087,1.503,0.947,0.657,0.32,1.973,0,0,0,0,0,0.01,0,3.723,2.663,2.663,2.427,0.713,34.9,,,,,,,,,,,,,1.997,reflection,1,1,borrowed-shadow,1,4,counter-exam,0.9967,7,300,3,3,26,1,9,300,745,103,156,197,589,0,0,1117,326,799,799,728,214,10470,176,77,0.01,8.6667,9,2.4833,1.5146,2.9898,,0.2919,0.9111,0.2678,0.4375
mirror-shade,4,smoke-screen,w+h0l0,planner-one-mistake,300,108,0.36,8.793,0.9362,61.38,0,0,2.64,53.84,4.933,13.243,0.86,0.22,0.793,0.067,1.087,0.777,0.333,2.33,0,0,0,0,0,0.02,0,3.793,3.933,3.933,3.42,1.503,58.03,218,300,218,97,0,7,293,0.445,1,13.3283,3.5,0,2,reflection,1,1,borrowed-shadow,1,4,counter-exam,1,7,300,6,6,53,5,45,300,1700,108,122,192,1578,0,0,1138,238,1180,1180,1026,451,17409,280,102,0.02,8.8333,9,5.6667,1.1296,8.2188,,0.2091,0.8695,0.3822,0.3643
mirror-shade,4,smoke-screen,w+h0l+,random,300,0,0,9,,94.11,0,0,3.8,61.567,4.75,23.563,0.45,1.31,0.2,0.25,0.447,0.27,0.23,1.04,0,0,0,0,0,0.017,0,4,3.563,3.563,2.037,0.39,25.86,,,,,,,,,,,,,2,reflection,1,1,borrowed-shadow,1,4,counter-exam,1,7,300,5,5,43,0,0,300,2115,0,0,300,2115,0,0,1200,60,1069,1069,611,117,7758,102,0,0.0167,8.6,,7.05,,7.05,,0.05,0.5716,0.1094,0
mirror-shade,4,smoke-screen,w+h0l+,single-water,300,0,0,9,,100,0,0,4,30.2,5,78.147,0,0,0,0,1,1,0.817,0,0,0,0,0,0,0,0,4,4,4,0,0,0,,,,,,,,,,,,,2,reflection,1,1,borrowed-shadow,1,4,counter-exam,1,7,300,0,0,0,0,0,300,2109,0,0,300,2109,0,0,1200,0,1200,1200,0,0,0,0,0,0,,,7.03,,7.03,,0,0,0,
mirror-shade,4,smoke-screen,w+h0l+,legacy-cycle,300,0,0,9,,86.443,0,0,4,80.803,5,43.8,0,0,0,0,0.143,0,0.143,2.513,0,0,0,0,0,0.987,0,4,4,4,3.243,0,40.273,,,,,,,,,,,,,2,reflection,1,1,borrowed-shadow,1,4,counter-exam,1,7,300,296,296,2198,0,0,300,1703,0,0,300,1703,0,0,1200,0,1200,1200,973,0,12082,0,0,0.9867,7.4257,,5.6767,,5.6767,,0,0.8108,0,
mirror-shade,4,smoke-screen,w+h0l+,greedy,300,214,0.7133,8.413,0.9086,30.744,0,0,1.76,33.78,4.84,2.37,1.11,0.153,1.02,0.09,1.093,0.627,0.467,1.827,0,0,0,0,0,0.037,0,3.427,3.84,3.84,3.707,1.297,54.193,,,,,,,,,,,,,1.987,reflection,1,1,borrowed-shadow,1,4,counter-exam,0.9867,7,300,11,11,93,8,67,300,714,214,446,86,268,0,0,1028,306,1152,1152,1112,389,16258,265,194,0.0367,8.4545,8.375,2.38,2.0841,3.1163,,0.2977,0.9653,0.3377,0.7321
mirror-shade,4,smoke-screen,w+h0l+,planner,300,231,0.77,8.333,0.9038,54.855,0,0,1.903,36.753,4.83,1.777,0.833,0.103,0.737,0.097,1.163,0.753,0.417,2.207,0,0,0,0,0,0.023,0,3.357,3.83,3.83,3.713,1.623,59.3,,,,,,,,,,,,,1.977,reflection,1,1,borrowed-shadow,1,4,counter-exam,0.9767,7,300,7,7,60,7,60,300,924,231,351,69,573,0,0,1007,221,1149,1149,1114,487,17790,298,230,0.0233,8.5714,8.5714,3.08,1.5195,8.3043,,0.2195,0.9695,0.4238,0.7718
mirror-shade,4,smoke-screen,w+h0l+,forecast-aware,300,111,0.37,8.69,0.9069,41.265,0,0,2.3,46.007,3.46,2.55,2.58,0,1.077,1.503,0.937,0.65,0.317,1.963,0,0,0,0,0,0.01,0,3.693,2.66,2.66,2.423,0.713,35.137,,,,,,,,,,,,,1.997,reflection,1,1,borrowed-shadow,1,4,counter-exam,0.9967,7,300,3,3,26,1,9,300,751,111,180,189,571,0,0,1108,323,798,798,727,214,10541,176,82,0.01,8.6667,9,2.5033,1.6216,3.0212,,0.2915,0.911,0.2682,0.4659
mirror-shade,4,smoke-screen,w+h0l+,planner-one-mistake,300,122,0.4067,8.783,0.9408,60.848,0,0,2.587,52.487,4.927,13.427,0.863,0.217,0.79,0.073,1.097,0.79,0.33,2.333,0,0,0,0,0,0.02,0,3.783,3.927,3.927,3.413,1.503,58.42,231,300,231,115,0,7,293,0.4978,1,13.2883,3.5,0,2,reflection,1,1,borrowed-shadow,1,4,counter-exam,1,7,300,6,6,53,5,45,300,1603,122,138,178,1465,0,0,1135,237,1178,1178,1024,451,17526,280,115,0.02,8.8333,9,5.3433,1.1311,8.2303,,0.2088,0.8693,0.3829,0.4107
mirror-shade,4,smoke-screen,w+h+l-,random,300,0,0,9,,94.62,0,0,3.8,61.01,4.75,22.957,0.45,1.31,0.2,0.25,0.447,0.27,0.23,1.04,0,0,0,0,0,0.017,0,4,3.563,3.563,2.037,0.39,25.343,,,,,,,,,,,,,2,reflection,1,1,borrowed-shadow,1,4,counter-exam,1,7,300,5,5,43,0,0,300,2115,0,0,300,2115,0,0,1200,60,1069,1069,611,117,7603,102,0,0.0167,8.6,,7.05,,7.05,,0.05,0.5716,0.1094,0
mirror-shade,4,smoke-screen,w+h+l-,single-water,300,0,0,9,,100,0,0,4,30.2,5,78.147,0,0,0,0,1,1,0.817,0,0,0,0,0,0,0,0,4,4,4,0,0,0,,,,,,,,,,,,,2,reflection,1,1,borrowed-shadow,1,4,counter-exam,1,7,300,0,0,0,0,0,300,2109,0,0,300,2109,0,0,1200,0,1200,1200,0,0,0,0,0,0,,,7.03,,7.03,,0,0,0,
mirror-shade,4,smoke-screen,w+h+l-,legacy-cycle,300,0,0,9,,88.903,0,0,4,80.647,5,43.1,0,0,0,0,0.143,0,0.143,2.513,0,0,0,0,0,0.987,0,4,4,4,3.243,0,39.067,,,,,,,,,,,,,2,reflection,1,1,borrowed-shadow,1,4,counter-exam,1,7,300,296,296,2198,0,0,300,1703,0,0,300,1703,0,0,1200,0,1200,1200,973,0,11720,0,0,0.9867,7.4257,,5.6767,,5.6767,,0,0.8108,0,
mirror-shade,4,smoke-screen,w+h+l-,greedy,300,197,0.6567,8.477,0.9114,31.35,0,0,1.84,35.627,4.843,2.677,1.15,0.167,1.053,0.097,1.107,0.683,0.413,1.807,0,0,0,0,0,0.047,0,3.48,3.843,3.843,3.703,1.28,53.507,,,,,,,,,,,,,1.997,reflection,1,1,borrowed-shadow,1,4,counter-exam,0.9967,7,300,14,14,120,11,93,300,708,197,398,103,310,0,0,1044,316,1153,1153,1111,384,16052,265,178,0.0467,8.5714,8.4545,2.36,2.0203,3.0097,,0.3027,0.9636,0.333,0.6717
mirror-shade,4,smoke-screen,w+h+l-,planner,300,223,0.7433,8.33,0.8999,56.312,0,0,1.933,37.553,4.807,1.583,0.857,0.1,0.763,0.093,1.137,0.74,0.403,2.227,0,0,0,0,0,0.013,0,3.357,3.807,3.807,3.677,1.607,58.52,,,,,,,,,,,,,1.973,reflection,1,1,borrowed-shadow,1,4,counter-exam,0.9733,7,300,4,4,32,4,32,300,972,223,333,77,639,0,0,1007,229,1142,1142,1103,482,17556,298,222,0.0133,8,8,3.24,1.4933,8.2987,,0.2274,0.9658,0.4221,0.745
mirror-shade,4,smoke-screen,w+h+l-,forecast-aware,300,102,0.34,8.727,0.9107,42.071,0,0,2.347,47.04,3.463,2.523,2.593,0,1.09,1.503,0.95,0.653,0.327,1.967,0,0,0,0,0,0.01,0,3.73,2.663,2.663,2.427,0.713,34.82,,,,,,,,,,,,,1.997,reflection,1,1,borrowed-shadow,1,4,counter-exam,0.9967,7,300,3,3,26,1,9,300,746,102,153,198,593,0,0,1119,327,799,799,728,214,10446,176,78,0.01,8.6667,9,2.4867,1.5,2.9949,,0.2922,0.9111,0.2678,0.4432
mirror-shade,4,smoke-screen,w+h+l-,planner-one-mistake,300,112,0.3733,8.77,0.9315,61.66,0,0,2.597,52.907,4.937,12.9,0.863,0.21,0.8,0.063,1.087,0.78,0.333,2.253,0,0,0,0,0,0.017,0,3.77,3.937,3.937,3.423,1.507,57.95,223,300,223,102,0,10,290,0.4574,1,13.3925,2.5,0,2,reflection,1,1,borrowed-shadow,1,4,counter-exam,1,7,300,5,5,44,4,36,300,1685,112,138,188,1547,0,0,1131,240,1181,1181,1027,452,17385,281,107,0.0167,8.8,9,5.6167,1.2321,8.2287,,0.2122,0.8696,0.3827,0.3808
mirror-shade,4,smoke-screen,w+h+l0,random,300,0,0,9,,94.103,0,0,3.8,61.663,4.75,23.45,0.45,1.31,0.2,0.25,0.447,0.27,0.23,1.04,0,0,0,0,0,0.017,0,4,3.563,3.563,2.037,0.39,25.793,,,,,,,,,,,,,2,reflection,1,1,borrowed-shadow,1,4,counter-exam,1,7,300,5,5,43,0,0,300,2115,0,0,300,2115,0,0,1200,60,1069,1069,611,117,7738,102,0,0.0167,8.6,,7.05,,7.05,,0.05,0.5716,0.1094,0
mirror-shade,4,smoke-screen,w+h+l0,single-water,300,0,0,9,,100,0,0,4,30.2,5,78.147,0,0,0,0,1,1,0.817,0,0,0,0,0,0,0,0,4,4,4,0,0,0,,,,,,,,,,,,,2,reflection,1,1,borrowed-shadow,1,4,counter-exam,1,7,300,0,0,0,0,0,300,2109,0,0,300,2109,0,0,1200,0,1200,1200,0,0,0,0,0,0,,,7.03,,7.03,,0,0,0,
mirror-shade,4,smoke-screen,w+h+l0,legacy-cycle,300,0,0,9,,86.707,0,0,4,80.843,5,43.85,0,0,0,0,0.143,0,0.143,2.513,0,0,0,0,0,0.987,0,4,4,4,3.243,0,40.11,,,,,,,,,,,,,2,reflection,1,1,borrowed-shadow,1,4,counter-exam,1,7,300,296,296,2198,0,0,300,1703,0,0,300,1703,0,0,1200,0,1200,1200,973,0,12033,0,0,0.9867,7.4257,,5.6767,,5.6767,,0,0.8108,0,
mirror-shade,4,smoke-screen,w+h+l0,greedy,300,212,0.7067,8.43,0.9104,30.75,0,0,1.78,34.22,4.847,2.76,1.107,0.163,1.02,0.087,1.13,0.667,0.453,1.83,0,0,0,0,0,0.053,0,3.443,3.847,3.847,3.713,1.273,54.173,,,,,,,,,,,,,1.987,reflection,1,1,borrowed-shadow,1,4,counter-exam,0.9867,7,300,16,16,137,12,102,300,719,212,441,88,278,0,0,1033,306,1154,1154,1114,382,16252,262,190,0.0533,8.5625,8.5,2.3967,2.0802,3.1591,,0.2962,0.9653,0.331,0.7252
mirror-shade,4,smoke-screen,w+h+l0,planner,300,236,0.7867,8.25,0.8941,55.563,0,0,1.863,35.893,4.793,1.53,0.817,0.097,0.73,0.087,1.147,0.743,0.41,2.213,0,0,0,0,0,0.017,0,3.29,3.793,3.793,3.687,1.61,59.273,,,,,,,,,,,,,1.96,reflection,1,1,borrowed-shadow,1,4,counter-exam,0.96,7,300,5,5,42,5,42,300,896,236,364,64,532,0,0,987,219,1138,1138,1106,483,17782,298,235,0.0167,8.4,8.4,2.9867,1.5424,8.3125,,0.2219,0.9719,0.4244,0.7886
mirror-shade,4,smoke-screen,w+h+l0,forecast-aware,300,109,0.3633,8.697,0.9072,41.387,0,0,2.31,46.227,3.46,2.54,2.58,0,1.077,1.503,0.94,0.65,0.32,1.963,0,0,0,0,0,0.01,0,3.7,2.66,2.66,2.423,0.713,35.117,,,,,,,,,,,,,1.997,reflection,1,1,borrowed-shadow,1,4,counter-exam,0.9967,7,300,3,3,26,1,9,300,747,109,168,191,579,0,0,1110,323,798,798,727,214,10535,176,81,0.01,8.6667,9,2.49,1.5413,3.0314,,0.291,0.911,0.2682,0.4602
mirror-shade,4,smoke-screen,w+h+l0,planner-one-mistake,300,122,0.4067,8.757,0.9335,60.938,0,0,2.567,52.093,4.937,13.28,0.847,0.21,0.783,0.063,1.097,0.797,0.32,2.283,0,0,0,0,0,0.017,0,3.757,3.937,3.937,3.43,1.507,58.55,236,300,236,114,0,9,291,0.4831,1,13.3558,3.5,0,2,reflection,1,1,borrowed-shadow,1,4,counter-exam,1,7,300,5,5,44,4,36,300,1614,122,146,178,1468,0,0,1127,235,1181,1181,1029,452,17565,281,116,0.0167,8.8,9,5.38,1.1967,8.2472,,0.2085,0.8713,0.3827,0.4128
mirror-shade,4,smoke-screen,w+h+l+,random,300,0,0,9,,93.817,0,0,3.8,62.027,4.75,23.707,0.45,1.31,0.2,0.25,0.447,0.27,0.23,1.04,0,0,0,0,0,0.017,0,4,3.563,3.563,2.037,0.39,26.093,,,,,,,,,,,,,2,reflection,1,1,borrowed-shadow,1,4,counter-exam,1,7,300,5,5,43,0,0,300,2115,0,0,300,2115,0,0,1200,60,1069,1069,611,117,7828,102,0,0.0167,8.6,,7.05,,7.05,,0.05,0.5716,0.1094,0
mirror-shade,4,smoke-screen,w+h+l+,single-water,300,0,0,9,,100,0,0,4,30.2,5,78.147,0,0,0,0,1,1,0.817,0,0,0,0,0,0,0,0,4,4,4,0,0,0,,,,,,,,,,,,,2,reflection,1,1,borrowed-shadow,1,4,counter-exam,1,7,300,0,0,0,0,0,300,2109,0,0,300,2109,0,0,1200,0,1200,1200,0,0,0,0,0,0,,,7.03,,7.03,,0,0,0,
mirror-shade,4,smoke-screen,w+h+l+,legacy-cycle,300,0,0,9,,85.977,0,0,4,80.893,5,43.957,0,0,0,0,0.143,0,0.143,2.513,0,0,0,0,0,0.987,0,4,4,4,3.243,0,40.473,,,,,,,,,,,,,2,reflection,1,1,borrowed-shadow,1,4,counter-exam,1,7,300,296,296,2198,0,0,300,1703,0,0,300,1703,0,0,1200,0,1200,1200,973,0,12142,0,0,0.9867,7.4257,,5.6767,,5.6767,,0,0.8108,0,
mirror-shade,4,smoke-screen,w+h+l+,greedy,300,220,0.7333,8.353,0.902,29.825,0,0,1.707,32.627,4.837,2.21,1.09,0.163,1,0.09,1.077,0.63,0.447,1.767,0,0,0,0,0,0.037,0,3.373,3.837,3.837,3.717,1.277,54.45,,,,,,,,,,,,,1.98,reflection,1,1,borrowed-shadow,1,4,counter-exam,0.98,7,300,11,11,93,9,75,300,741,220,491,80,250,0,0,1012,300,1151,1151,1115,383,16335,262,196,0.0367,8.4545,8.3333,2.47,2.2318,3.125,,0.2964,0.9687,0.3328,0.7481
mirror-shade,4,smoke-screen,w+h+l+,planner,300,252,0.84,8.127,0.8845,55.417,0,0,1.723,32.873,4.77,1.813,0.8,0.097,0.713,0.087,1.14,0.697,0.45,2.173,0,0,0,0,0,0.02,0,3.22,3.77,3.77,3.657,1.6,59.45,,,,,,,,,,,,,1.907,reflection,1,1,borrowed-shadow,1,4,counter-exam,0.9067,7,300,6,6,51,6,51,300,774,252,378,48,396,0,0,966,214,1131,1131,1097,480,17835,298,251,0.02,8.5,8.5,2.58,1.5,8.25,,0.2215,0.9699,0.4244,0.8423
mirror-shade,4,smoke-screen,w+h+l+,forecast-aware,300,113,0.3767,8.673,0.9036,40.444,0,0,2.287,45.707,3.45,2.55,2.577,0,1.073,1.503,0.93,0.647,0.313,1.957,0,0,0,0,0,0.01,0,3.68,2.65,2.65,2.413,0.71,35.323,,,,,,,,,,,,,1.993,reflection,1,1,borrowed-shadow,1,4,counter-exam,0.9933,7,300,3,3,26,3,26,300,750,113,186,187,564,0,0,1104,322,795,795,724,213,10597,176,84,0.01,8.6667,8.6667,2.5,1.646,3.016,,0.2917,0.9107,0.2679,0.4773
mirror-shade,4,smoke-screen,w+h+l+,planner-one-mistake,300,133,0.4433,8.747,0.9365,60.341,0,0,2.523,51,4.933,13.463,0.847,0.207,0.78,0.067,1.11,0.8,0.33,2.267,0,0,0,0,0,0.017,0,3.747,3.933,3.933,3.427,1.503,58.91,252,300,252,127,0,9,291,0.504,1,13.3125,3.5,0,2,reflection,1,1,borrowed-shadow,1,4,counter-exam,1,7,300,5,5,44,4,36,300,1540,133,167,167,1373,0,0,1124,234,1180,1180,1028,451,17673,281,126,0.0167,8.8,9,5.1333,1.2556,8.2216,,0.2082,0.8712,0.3822,0.4484
stored-night,5,tide-siege+hollow-ground,w-h-l-,random,300,1,0.0033,8.997,0.8889,82.843,0,0.017,3.743,68.327,2.903,19.53,0.387,1.093,0.25,0.097,1.023,0.76,0.34,1.013,0,0.013,0,0.003,0,0.017,0,3.99,0,0,0,0,0,,,,,,,,,,,,,1.003,county-alert,1,1,overhaul-warning,1,4,last-night,0.0033,9,300,5,5,41,0,0,300,1856,1,1,299,1855,0,0,1197,75,0,0,0,0,0,0,0,0.0167,8.2,,6.1867,1,6.204,,0.0627,,,
stored-night,5,tide-siege+hollow-ground,w-h-l-,single-water,300,0,0,9,,88.937,0,0,4,76.297,3,13.933,0,0,0,0,1.993,1.813,0.18,0,0,0,0,0,0,0,0,4,0,0,0,0,0,,,,,,,,,,,,,1,county-alert,1,1,overhaul-warning,1,4,last-night,0,,300,0,0,0,0,0,300,2398,0,0,300,2398,0,0,1200,0,0,0,0,0,0,0,0,0,,,7.9933,,7.9933,,0,,,
stored-night,5,tide-siege+hollow-ground,w-h-l-,legacy-cycle,300,0,0,9,,76.81,0,0,4,87.787,3,29.507,0,0,0,0,0.787,0.337,0.46,2.4,0,0,0,0,0,0.947,0,4,0,0,0,0,0,,,,,,,,,,,,,1,county-alert,1,1,overhaul-warning,1,4,last-night,0,,300,284,284,2168,0,0,300,1691,0,0,300,1691,0,0,1200,0,0,0,0,0,0,0,0,0.9467,7.6338,,5.6367,,5.6367,,0,,,
stored-night,5,tide-siege+hollow-ground,w-h-l-,greedy,300,202,0.6733,8.233,0.8735,46.224,0,1.103,2.013,46.967,2.813,1.267,0.913,0.183,0.773,0.05,1.7,1.453,0.247,1.87,0,0.913,0.003,0.187,0,0.02,0,2.6,0,0,0,0,0,,,,,,,,,,,,,1.173,county-alert,1,1,overhaul-warning,1,4,last-night,0.1733,8.115,300,6,6,48,5,40,300,370,202,237,98,133,0,0,780,232,0,0,0,0,0,0,0,0.02,8,8,1.2333,1.1733,1.3571,,0.2974,,,
stored-night,5,tide-siege+hollow-ground,w-h-l-,planner,300,170,0.5667,8.31,0.8647,66.015,0,0.997,2.367,56.32,2.74,2.303,0.833,0.2,0.61,0.107,1.757,1.56,0.223,2,0,0.79,0.007,0.2,0,0.01,0,2.787,0,0,0,0,0,,,,,,,,,,,,,1.19,county-alert,1,1,overhaul-warning,1,4,last-night,0.19,8.193,300,3,3,23,2,16,300,1152,170,200,130,952,0,0,836,183,0,0,0,0,0,0,0,0.01,7.6667,8,3.84,1.1765,7.3231,,0.2189,,,
stored-night,5,tide-siege+hollow-ground,w-h-l-,forecast-aware,300,104,0.3467,8.66,0.891,43.352,0,1.103,2.647,65.673,2.35,1.413,1.927,0,0.753,0.577,1.763,1.507,0.337,2.457,0,0.8,0.05,0.253,0,0.03,0,3.18,0,0,0,0,0,,,,,,,,,,,,,1.28,county-alert,1,1,overhaul-warning,1,4,last-night,0.28,8.726,300,9,9,80,5,44,300,430,104,118,196,312,0,0,954,226,0,0,0,0,0,0,0,0.03,8.8889,8.8,1.4333,1.1346,1.5918,,0.2369,,,
stored-night,5,tide-siege+hollow-ground,w-h-l-,planner-one-mistake,300,64,0.2133,8.833,0.9132,64.996,0,0.483,2.82,68.95,2.99,14.093,0.897,0.297,0.823,0.007,2.003,1.79,0.27,1.467,0,0.36,0,0.123,0,0,0,3.52,0,0,0,0,0,170,300,170,46,0,46,254,0.2706,1,12.5492,2,0,1.083,county-alert,1,1,overhaul-warning,1,4,last-night,0.0833,9,300,0,0,0,0,0,300,1777,64,48,236,1729,0,0,1056,247,0,0,0,0,0,0,0,0,,,5.9233,0.75,7.3263,,0.2339,,,
stored-night,5,tide-siege+hollow-ground,w-h-l0,random,300,1,0.0033,8.997,0.8889,82.656,0,0.017,3.743,68.58,2.903,19.583,0.387,1.093,0.25,0.097,1.023,0.76,0.34,1.013,0,0.013,0,0.003,0,0.017,0,3.99,0,0,0,0,0,,,,,,,,,,,,,1.003,county-alert,1,1,overhaul-warning,1,4,last-night,0.0033,9,300,5,5,41,0,0,300,1856,1,1,299,1855,0,0,1197,75,0,0,0,0,0,0,0,0.0167,8.2,,6.1867,1,6.204,,0.0627,,,
stored-night,5,tide-siege+hollow-ground,w-h-l0,single-water,300,0,0,9,,88.937,0,0,4,76.297,3,13.933,0,0,0,0,1.993,1.813,0.18,0,0,0,0,0,0,0,0,4,0,0,0,0,0,,,,,,,,,,,,,1,county-alert,1,1,overhaul-warning,1,4,last-night,0,,300,0,0,0,0,0,300,2398,0,0,300,2398,0,0,1200,0,0,0,0,0,0,0,0,0,,,7.9933,,7.9933,,0,,,
stored-night,5,tide-siege+hollow-ground,w-h-l0,legacy-cycle,300,0,0,9,,76.577,0,0,4,87.79,3,29.507,0,0,0,0,0.787,0.337,0.46,2.4,0,0,0,0,0,0.947,0,4,0,0,0,0,0,,,,,,,,,,,,,1,county-alert,1,1,overhaul-warning,1,4,last-night,0,,300,284,284,2168,0,0,300,1691,0,0,300,1691,0,0,1200,0,0,0,0,0,0,0,0,0.9467,7.6338,,5.6367,,5.6367,,0,,,
stored-night,5,tide-siege+hollow-ground,w-h-l0,greedy,300,205,0.6833,8.217,0.8726,46.032,0,1.127,2.023,47.347,2.79,1.28,0.9,0.183,0.757,0.047,1.697,1.46,0.243,1.773,0,0.927,0.003,0.197,0,0.027,0,2.59,0,0,0,0,0,,,,,,,,,,,,,1.187,county-alert,1,1,overhaul-warning,1,4,last-night,0.1867,8.071,300,8,8,64,8,64,300,367,205,243,95,124,0,0,777,227,0,0,0,0,0,0,0,0.0267,8,8,1.2233,1.1854,1.3053,,0.2921,,,
stored-night,5,tide-siege+hollow-ground,w-h-l0,planner,300,176,0.5867,8.28,0.8636,65.903,0,1.017,2.353,55.753,2.717,2.253,0.8,0.213,0.593,0.107,1.753,1.563,0.22,1.963,0,0.807,0.007,0.203,0,0.01,0,2.753,0,0,0,0,0,,,,,,,,,,,,,1.197,county-alert,1,1,overhaul-warning,1,4,last-night,0.1967,8.136,300,3,3,23,1,8,300,1102,176,196,124,906,0,0,826,178,0,0,0,0,0,0,0,0.01,7.6667,8,3.6733,1.1136,7.3065,,0.2155,,,
stored-night,5,tide-siege+hollow-ground,w-h-l0,forecast-aware,300,105,0.35,8.647,0.8878,42.8,0,1.103,2.653,65.927,2.327,1.38,1.91,0,0.743,0.577,1.757,1.5,0.327,2.443,0,0.8,0.047,0.257,0,0.033,0,3.17,0,0,0,0,0,,,,,,,,,,,,,1.283,county-alert,1,1,overhaul-warning,1,4,last-night,0.2833,8.718,300,10,10,89,5,44,300,430,105,121,195,309,0,0,951,223,0,0,0,0,0,0,0,0.0333,8.9,8.8,1.4333,1.1524,1.5846,,0.2345,,,
stored-night,5,tide-siege+hollow-ground,w-h-l0,planner-one-mistake,300,70,0.2333,8.81,0.9095,64.591,0,0.5,2.793,68.007,2.99,14.163,0.87,0.29,0.8,0.007,1.997,1.773,0.26,1.457,0,0.38,0,0.12,0,0.003,0,3.473,0,0,0,0,0,176,300,176,50,0,46,254,0.2841,1,12.7817,2,0,1.09,county-alert,1,1,overhaul-warning,1,4,last-night,0.09,9,300,1,1,8,1,8,300,1743,70,61,230,1682,0,0,1042,240,0,0,0,0,0,0,0,0.0033,8,8,5.81,0.8714,7.313,,0.2303,,,
stored-night,5,tide-siege+hollow-ground,w-h-l+,random,300,1,0.0033,8.997,0.8889,82.632,0,0.017,3.743,68.613,2.903,19.59,0.387,1.093,0.25,0.097,1.023,0.76,0.34,1.013,0,0.013,0,0.003,0,0.017,0,3.99,0,0,0,0,0,,,,,,,,,,,,,1.003,county-alert,1,1,overhaul-warning,1,4,last-night,0.0033,9,300,5,5,41,0,0,300,1856,1,1,299,1855,0,0,1197,75,0,0,0,0,0,0,0,0.0167,8.2,,6.1867,1,6.204,,0.0627,,,
stored-night,5,tide-siege+hollow-ground,w-h-l+,single-water,300,0,0,9,,88.937,0,0,4,76.297,3,13.933,0,0,0,0,1.993,1.813,0.18,0,0,0,0,0,0,0,0,4,0,0,0,0,0,,,,,,,,,,,,,1,county-alert,1,1,overhaul-warning,1,4,last-night,0,,300,0,0,0,0,0,300,2398,0,0,300,2398,0,0,1200,0,0,0,0,0,0,0,0,0,,,7.9933,,7.9933,,0,,,
stored-night,5,tide-siege+hollow-ground,w-h-l+,legacy-cycle,300,0,0,9,,76.57,0,0,4,87.79,3,29.507,0,0,0,0,0.787,0.337,0.46,2.4,0,0,0,0,0,0.947,0,4,0,0,0,0,0,,,,,,,,,,,,,1,county-alert,1,1,overhaul-warning,1,4,last-night,0,,300,284,284,2168,0,0,300,1691,0,0,300,1691,0,0,1200,0,0,0,0,0,0,0,0,0.9467,7.6338,,5.6367,,5.6367,,0,,,
stored-night,5,tide-siege+hollow-ground,w-h-l+,greedy,300,202,0.6733,8.223,0.8718,46.082,0,1.137,2.047,48.093,2.777,1.28,0.907,0.18,0.767,0.047,1.7,1.453,0.253,1.78,0,0.927,0.003,0.207,0,0.027,0,2.613,0,0,0,0,0,,,,,,,,,,,,,1.197,county-alert,1,1,overhaul-warning,1,4,last-night,0.1967,7.983,300,8,8,64,8,64,300,368,202,241,98,127,0,0,784,230,0,0,0,0,0,0,0,0.0267,8,8,1.2267,1.1931,1.2959,,0.2934,,,
stored-night,5,tide-siege+hollow-ground,w-h-l+,planner,300,175,0.5833,8.283,0.8635,65.968,0,1.02,2.363,56.047,2.71,2.253,0.803,0.21,0.597,0.107,1.757,1.567,0.22,1.96,0,0.807,0.007,0.207,0,0.01,0,2.763,0,0,0,0,0,,,,,,,,,,,,,1.2,county-alert,1,1,overhaul-warning,1,4,last-night,0.2,8.083,300,3,3,23,1,8,300,1111,175,196,125,915,0,0,829,179,0,0,0,0,0,0,0,0.01,7.6667,8,3.7033,1.12,7.32,,0.2159,,,
stored-night,5,tide-siege+hollow-ground,w-h-l+,forecast-aware,300,105,0.35,8.63,0.8825,42.682,0,1.103,2.653,65.927,2.327,1.38,1.903,0,0.743,0.577,1.753,1.483,0.34,2.43,0,0.8,0.047,0.257,0,0.033,0,3.167,0,0,0,0,0,,,,,,,,,,,,,1.28,county-alert,1,1,overhaul-warning,1,4,last-night,0.28,8.714,300,10,10,89,5,44,300,427,105,118,195,309,0,0,950,223,0,0,0,0,0,0,0,0.0333,8.9,8.8,1.4233,1.1238,1.5846,,0.2347,,,
stored-night,5,tide-siege+hollow-ground,w-h-l+,planner-one-mistake,300,70,0.2333,8.81,0.9095,64.513,0,0.503,2.79,67.9,2.99,14.163,0.87,0.29,0.8,0.007,1.993,1.777,0.253,1.443,0,0.383,0,0.12,0,0.003,0,3.47,0,0,0,0,0,175,300,175,49,0,46,254,0.28,1,12.7817,2,0,1.09,county-alert,1,1,overhaul-warning,1,4,last-night,0.09,9,300,1,1,8,1,8,300,1746,70,62,230,1684,0,0,1041,240,0,0,0,0,0,0,0,0.0033,8,8,5.82,0.8857,7.3217,,0.2305,,,
stored-night,5,tide-siege+hollow-ground,w-h0l-,random,300,1,0.0033,8.997,0.8889,82.682,0,0.017,3.743,68.563,2.903,19.597,0.387,1.093,0.25,0.097,1.023,0.76,0.34,1.013,0,0.013,0,0.003,0,0.017,0,3.99,0,0,0,0,0,,,,,,,,,,,,,1.003,county-alert,1,1,overhaul-warning,1,4,last-night,0.0033,9,300,5,5,41,0,0,300,1856,1,1,299,1855,0,0,1197,75,0,0,0,0,0,0,0,0.0167,8.2,,6.1867,1,6.204,,0.0627,,,
stored-night,5,tide-siege+hollow-ground,w-h0l-,single-water,300,0,0,9,,88.937,0,0,4,76.297,3,13.933,0,0,0,0,1.993,1.813,0.18,0,0,0,0,0,0,0,0,4,0,0,0,0,0,,,,,,,,,,,,,1,county-alert,1,1,overhaul-warning,1,4,last-night,0,,300,0,0,0,0,0,300,2398,0,0,300,2398,0,0,1200,0,0,0,0,0,0,0,0,0,,,7.9933,,7.9933,,0,,,
stored-night,5,tide-siege+hollow-ground,w-h0l-,legacy-cycle,300,0,0,9,,76.27,0,0,4,87.913,3,29.507,0,0,0,0,0.787,0.337,0.46,2.4,0,0,0,0,0,0.947,0,4,0,0,0,0,0,,,,,,,,,,,,,1,county-alert,1,1,overhaul-warning,1,4,last-night,0,,300,284,284,2168,0,0,300,1691,0,0,300,1691,0,0,1200,0,0,0,0,0,0,0,0,0.9467,7.6338,,5.6367,,5.6367,,0,,,
stored-night,5,tide-siege+hollow-ground,w-h0l-,greedy,300,205,0.6833,8.207,0.871,46.084,0,1.127,1.997,46.58,2.783,1.467,0.93,0.197,0.783,0.053,1.68,1.423,0.263,1.89,0,0.93,0.003,0.193,0,0.027,0,2.587,0,0,0,0,0,,,,,,,,,,,,,1.18,county-alert,1,1,overhaul-warning,1,4,last-night,0.18,7.926,300,8,8,63,5,39,300,366,205,241,95,125,0,0,776,235,0,0,0,0,0,0,0,0.0267,7.875,7.8,1.22,1.1756,1.3158,,0.3028,,,
stored-night,5,tide-siege+hollow-ground,w-h0l-,planner,300,172,0.5733,8.3,0.8643,65.734,0,1.017,2.363,56.24,2.733,2.223,0.827,0.203,0.61,0.103,1.743,1.543,0.23,2.017,0,0.803,0.007,0.207,0,0.007,0,2.777,0,0,0,0,0,,,,,,,,,,,,,1.193,county-alert,1,1,overhaul-warning,1,4,last-night,0.1933,8.103,300,2,2,15,1,8,300,1138,172,201,128,937,0,0,833,183,0,0,0,0,0,0,0,0.0067,7.5,8,3.7933,1.1686,7.3203,,0.2197,,,
stored-night,5,tide-siege+hollow-ground,w-h0l-,forecast-aware,300,103,0.3433,8.657,0.8889,42.386,0,1.123,2.65,65.847,2.35,1.413,1.927,0,0.747,0.577,1.763,1.5,0.343,2.453,0,0.81,0.053,0.26,0,0.03,0,3.17,0,0,0,0,0,,,,,,,,,,,,,1.287,county-alert,1,1,overhaul-warning,1,4,last-night,0.2867,8.733,300,9,9,80,4,35,300,432,103,120,197,312,0,0,951,224,0,0,0,0,0,0,0,0.03,8.8889,8.75,1.44,1.165,1.5838,,0.2355,,,
stored-night,5,tide-siege+hollow-ground,w-h0l-,planner-one-mistake,300,68,0.2267,8.82,0.9118,64.694,0,0.49,2.803,68.377,2.987,14.13,0.897,0.293,0.823,0.007,1.993,1.787,0.263,1.463,0,0.37,0,0.12,0,0,0,3.507,0,0,0,0,0,172,300,172,46,0,46,254,0.2674,1,12.6792,2,0,1.08,county-alert,1,1,overhaul-warning,1,4,last-night,0.08,9,300,0,0,0,0,0,300,1751,68,51,232,1700,0,0,1052,247,0,0,0,0,0,0,0,0,,,5.8367,0.75,7.3276,,0.2348,,,
stored-night,5,tide-siege+hollow-ground,w-h0l0,random,300,1,0.0033,8.997,0.8889,82.492,0,0.017,3.743,68.817,2.903,19.65,0.387,1.093,0.25,0.097,1.023,0.76,0.34,1.013,0,0.013,0,0.003,0,0.017,0,3.99,0,0,0,0,0,,,,,,,,,,,,,1.003,county-alert,1,1,overhaul-warning,1,4,last-night,0.0033,9,300,5,5,41,0,0,300,1856,1,1,299,1855,0,0,1197,75,0,0,0,0,0,0,0,0.0167,8.2,,6.1867,1,6.204,,0.0627,,,
stored-night,5,tide-siege+hollow-ground,w-h0l0,single-water,300,0,0,9,,88.937,0,0,4,76.297,3,13.933,0,0,0,0,1.993,1.813,0.18,0,0,0,0,0,0,0,0,4,0,0,0,0,0,,,,,,,,,,,,,1,county-alert,1,1,overhaul-warning,1,4,last-night,0,,300,0,0,0,0,0,300,2398,0,0,300,2398,0,0,1200,0,0,0,0,0,0,0,0,0,,,7.9933,,7.9933,,0,,,
stored-night,5,tide-siege+hollow-ground,w-h0l0,legacy-cycle,300,0,0,9,,76.253,0,0,4,87.917,3,29.507,0,0,0,0,0.787,0.337,0.46,2.4,0,0,0,0,0,0.947,0,4,0,0,0,0,0,,,,,,,,,,,,,1,county-alert,1,1,overhaul-warning,1,4,last-night,0,,300,284,284,2168,0,0,300,1691,0,0,300,1691,0,0,1200,0,0,0,0,0,0,0,0,0.9467,7.6338,,5.6367,,5.6367,,0,,,
stored-night,5,tide-siege+hollow-ground,w-h0l0,greedy,300,207,0.69,8.2,0.8712,45.355,0,1.143,2.017,47.173,2.767,1.537,0.913,0.18,0.77,0.05,1.697,1.43,0.273,1.817,0,0.94,0.003,0.2,0,0.037,0,2.593,0,0,0,0,0,,,,,,,,,,,,,1.19,county-alert,1,1,overhaul-warning,1,4,last-night,0.19,7.947,300,11,11,88,9,72,300,362,207,243,93,119,0,0,778,231,0,0,0,0,0,0,0,0.0367,8,8,1.2067,1.1739,1.2796,,0.2969,,,
stored-night,5,tide-siege+hollow-ground,w-h0l0,planner,300,180,0.6,8.26,0.863,65.325,0,1.017,2.333,55.047,2.713,2.253,0.79,0.213,0.593,0.103,1.737,1.543,0.223,1.977,0,0.813,0.007,0.197,0,0.01,0,2.74,0,0,0,0,0,,,,,,,,,,,,,1.187,county-alert,1,1,overhaul-warning,1,4,last-night,0.1867,8.018,300,3,3,23,1,8,300,1077,180,205,120,872,0,0,822,178,0,0,0,0,0,0,0,0.01,7.6667,8,3.59,1.1389,7.2667,,0.2165,,,
stored-night,5,tide-siege+hollow-ground,w-h0l0,forecast-aware,300,107,0.3567,8.643,0.8889,41.938,0,1.12,2.637,65.42,2.327,1.437,1.923,0,0.747,0.577,1.75,1.493,0.33,2.44,0,0.813,0.05,0.257,0,0.033,0,3.157,0,0,0,0,0,,,,,,,,,,,,,1.287,county-alert,1,1,overhaul-warning,1,4,last-night,0.2867,8.721,300,10,10,89,5,44,300,431,107,124,193,307,0,0,947,224,0,0,0,0,0,0,0,0.0333,8.9,8.8,1.4367,1.1589,1.5907,,0.2365,,,
stored-night,5,tide-siege+hollow-ground,w-h0l0,planner-one-mistake,300,76,0.2533,8.793,0.9094,64.29,0,0.5,2.767,67.05,2.987,14.183,0.87,0.287,0.8,0.007,1.983,1.78,0.24,1.46,0,0.39,0,0.11,0,0.003,0,3.457,0,0,0,0,0,180,300,180,54,0,46,254,0.3,1,12.8983,2,0,1.083,county-alert,1,1,overhaul-warning,1,4,last-night,0.0833,9,300,1,1,8,1,8,300,1709,76,70,224,1639,0,0,1037,240,0,0,0,0,0,0,0,0.0033,8,8,5.6967,0.9211,7.317,,0.2314,,,
stored-night,5,tide-siege+hollow-ground,w-h0l+,random,300,1,0.0033,8.997,0.8889,82.468,0,0.017,3.743,68.85,2.903,19.657,0.387,1.093,0.25,0.097,1.023,0.76,0.34,1.013,0,0.013,0,0.003,0,0.017,0,3.99,0,0,0,0,0,,,,,,,,,,,,,1.003,county-alert,1,1,overhaul-warning,1,4,last-night,0.0033,9,300,5,5,41,0,0,300,1856,1,1,299,1855,0,0,1197,75,0,0,0,0,0,0,0,0.0167,8.2,,6.1867,1,6.204,,0.0627,,,
stored-night,5,tide-siege+hollow-ground,w-h0l+,single-water,300,0,0,9,,88.937,0,0,4,76.297,3,13.933,0,0,0,0,1.993,1.813,0.18,0,0,0,0,0,0,0,0,4,0,0,0,0,0,,,,,,,,,,,,,1,county-alert,1,1,overhaul-warning,1,4,last-night,0,,300,0,0,0,0,0,300,2398,0,0,300,2398,0,0,1200,0,0,0,0,0,0,0,0,0,,,7.9933,,7.9933,,0,,,
stored-night,5,tide-siege+hollow-ground,w-h0l+,legacy-cycle,300,0,0,9,,76.253,0,0,4,87.917,3,29.507,0,0,0,0,0.787,0.337,0.46,2.4,0,0,0,0,0,0.947,0,4,0,0,0,0,0,,,,,,,,,,,,,1,county-alert,1,1,overhaul-warning,1,4,last-night,0,,300,284,284,2168,0,0,300,1691,0,0,300,1691,0,0,1200,0,0,0,0,0,0,0,0,0.9467,7.6338,,5.6367,,5.6367,,0,,,
stored-night,5,tide-siege+hollow-ground,w-h0l+,greedy,300,208,0.6933,8.19,0.8702,45.315,0,1.147,2.01,46.973,2.767,1.537,0.913,0.18,0.77,0.05,1.693,1.423,0.277,1.817,0,0.943,0.003,0.2,0,0.037,0,2.587,0,0,0,0,0,,,,,,,,,,,,,1.19,county-alert,1,1,overhaul-warning,1,4,last-night,0.19,7.947,300,11,11,88,9,72,300,359,208,241,92,118,0,0,776,231,0,0,0,0,0,0,0,0.0367,8,8,1.1967,1.1587,1.2826,,0.2977,,,
stored-night,5,tide-siege+hollow-ground,w-h0l+,planner,300,180,0.6,8.26,0.863,65.25,0,1.017,2.333,55.047,2.713,2.253,0.79,0.213,0.593,0.103,1.737,1.543,0.223,1.97,0,0.813,0.007,0.197,0,0.01,0,2.74,0,0,0,0,0,,,,,,,,,,,,,1.187,county-alert,1,1,overhaul-warning,1,4,last-night,0.1867,8.018,300,3,3,23,1,8,300,1077,180,205,120,872,0,0,822,178,0,0,0,0,0,0,0,0.01,7.6667,8,3.59,1.1389,7.2667,,0.2165,,,
stored-night,5,tide-siege+hollow-ground,w-h0l+,forecast-aware,300,108,0.36,8.623,0.8837,41.828,0,1.117,2.63,65.18,2.327,1.437,1.917,0,0.747,0.577,1.743,1.477,0.34,2.423,0,0.813,0.05,0.253,0,0.033,0,3.15,0,0,0,0,0,,,,,,,,,,,,,1.28,county-alert,1,1,overhaul-warning,1,4,last-night,0.28,8.714,300,10,10,89,5,44,300,430,108,124,192,306,0,0,945,224,0,0,0,0,0,0,0,0.0333,8.9,8.8,1.4333,1.1481,1.5938,,0.237,,,
stored-night,5,tide-siege+hollow-ground,w-h0l+,planner-one-mistake,300,76,0.2533,8.793,0.9094,64.205,0,0.503,2.763,66.943,2.987,14.183,0.87,0.287,0.8,0.007,1.98,1.783,0.233,1.447,0,0.393,0,0.11,0,0.003,0,3.453,0,0,0,0,0,180,300,180,54,0,46,254,0.3,1,12.8983,2,0,1.083,county-alert,1,1,overhaul-warning,1,4,last-night,0.0833,9,300,1,1,8,1,8,300,1712,76,71,224,1641,0,0,1036,240,0,0,0,0,0,0,0,0.0033,8,8,5.7067,0.9342,7.3259,,0.2317,,,
stored-night,5,tide-siege+hollow-ground,w-h+l-,random,300,1,0.0033,8.997,0.8889,82.676,0,0.017,3.743,68.57,2.903,19.597,0.387,1.093,0.25,0.097,1.023,0.76,0.34,1.013,0,0.013,0,0.003,0,0.017,0,3.99,0,0,0,0,0,,,,,,,,,,,,,1.003,county-alert,1,1,overhaul-warning,1,4,last-night,0.0033,9,300,5,5,41,0,0,300,1856,1,1,299,1855,0,0,1197,75,0,0,0,0,0,0,0,0.0167,8.2,,6.1867,1,6.204,,0.0627,,,
stored-night,5,tide-siege+hollow-ground,w-h+l-,single-water,300,0,0,9,,88.937,0,0,4,76.297,3,13.933,0,0,0,0,1.993,1.813,0.18,0,0,0,0,0,0,0,0,4,0,0,0,0,0,,,,,,,,,,,,,1,county-alert,1,1,overhaul-warning,1,4,last-night,0,,300,0,0,0,0,0,300,2398,0,0,300,2398,0,0,1200,0,0,0,0,0,0,0,0,0,,,7.9933,,7.9933,,0,,,
stored-night,5,tide-siege+hollow-ground,w-h+l-,legacy-cycle,300,0,0,9,,76.263,0,0,4,87.913,3,29.507,0,0,0,0,0.787,0.337,0.46,2.4,0,0,0,0,0,0.947,0,4,0,0,0,0,0,,,,,,,,,,,,,1,county-alert,1,1,overhaul-warning,1,4,last-night,0,,300,284,284,2168,0,0,300,1691,0,0,300,1691,0,0,1200,0,0,0,0,0,0,0,0,0.9467,7.6338,,5.6367,,5.6367,,0,,,
stored-night,5,tide-siege+hollow-ground,w-h+l-,greedy,300,205,0.6833,8.207,0.871,46.074,0,1.127,1.997,46.58,2.783,1.467,0.93,0.197,0.783,0.053,1.68,1.423,0.263,1.89,0,0.93,0.003,0.193,0,0.027,0,2.587,0,0,0,0,0,,,,,,,,,,,,,1.18,county-alert,1,1,overhaul-warning,1,4,last-night,0.18,7.926,300,8,8,63,5,39,300,366,205,241,95,125,0,0,776,235,0,0,0,0,0,0,0,0.0267,7.875,7.8,1.22,1.1756,1.3158,,0.3028,,,
stored-night,5,tide-siege+hollow-ground,w-h+l-,planner,300,172,0.5733,8.3,0.8643,65.719,0,1.017,2.363,56.24,2.73,2.223,0.83,0.203,0.61,0.107,1.747,1.547,0.23,2.01,0,0.803,0.007,0.207,0,0.007,0,2.777,0,0,0,0,0,,,,,,,,,,,,,1.193,county-alert,1,1,overhaul-warning,1,4,last-night,0.1933,8.103,300,2,2,15,1,8,300,1137,172,201,128,936,0,0,833,183,0,0,0,0,0,0,0,0.0067,7.5,8,3.79,1.1686,7.3125,,0.2197,,,
stored-night,5,tide-siege+hollow-ground,w-h+l-,forecast-aware,300,103,0.3433,8.657,0.8889,42.365,0,1.123,2.65,65.847,2.35,1.413,1.927,0,0.747,0.577,1.763,1.5,0.343,2.453,0,0.81,0.053,0.26,0,0.03,0,3.17,0,0,0,0,0,,,,,,,,,,,,,1.287,county-alert,1,1,overhaul-warning,1,4,last-night,0.2867,8.733,300,9,9,80,4,35,300,432,103,120,197,312,0,0,951,224,0,0,0,0,0,0,0,0.03,8.8889,8.75,1.44,1.165,1.5838,,0.2355,,,
stored-night,5,tide-siege+hollow-ground,w-h+l-,planner-one-mistake,300,68,0.2267,8.82,0.9118,64.677,0,0.49,2.803,68.377,2.987,14.13,0.897,0.293,0.823,0.007,1.997,1.787,0.267,1.463,0,0.37,0,0.12,0,0,0,3.507,0,0,0,0,0,172,300,172,46,0,46,254,0.2674,1,12.6792,2,0,1.08,county-alert,1,1,overhaul-warning,1,4,last-night,0.08,9,300,0,0,0,0,0,300,1751,68,51,232,1700,0,0,1052,247,0,0,0,0,0,0,0,0,,,5.8367,0.75,7.3276,,0.2348,,,
stored-night,5,tide-siege+hollow-ground,w-h+l0,random,300,1,0.0033,8.997,0.8889,82.485,0,0.017,3.743,68.823,2.903,19.65,0.387,1.093,0.25,0.097,1.023,0.76,0.34,1.013,0,0.013,0,0.003,0,0.017,0,3.99,0,0,0,0,0,,,,,,,,,,,,,1.003,county-alert,1,1,overhaul-warning,1,4,last-night,0.0033,9,300,5,5,41,0,0,300,1856,1,1,299,1855,0,0,1197,75,0,0,0,0,0,0,0,0.0167,8.2,,6.1867,1,6.204,,0.0627,,,
stored-night,5,tide-siege+hollow-ground,w-h+l0,single-water,300,0,0,9,,88.937,0,0,4,76.297,3,13.933,0,0,0,0,1.993,1.813,0.18,0,0,0,0,0,0,0,0,4,0,0,0,0,0,,,,,,,,,,,,,1,county-alert,1,1,overhaul-warning,1,4,last-night,0,,300,0,0,0,0,0,300,2398,0,0,300,2398,0,0,1200,0,0,0,0,0,0,0,0,0,,,7.9933,,7.9933,,0,,,
stored-night,5,tide-siege+hollow-ground,w-h+l0,legacy-cycle,300,0,0,9,,76.253,0,0,4,87.917,3,29.507,0,0,0,0,0.787,0.337,0.46,2.4,0,0,0,0,0,0.947,0,4,0,0,0,0,0,,,,,,,,,,,,,1,county-alert,1,1,overhaul-warning,1,4,last-night,0,,300,284,284,2168,0,0,300,1691,0,0,300,1691,0,0,1200,0,0,0,0,0,0,0,0,0.9467,7.6338,,5.6367,,5.6367,,0,,,
stored-night,5,tide-siege+hollow-ground,w-h+l0,greedy,300,207,0.69,8.2,0.8712,45.355,0,1.143,2.017,47.173,2.767,1.537,0.913,0.18,0.77,0.05,1.697,1.43,0.273,1.817,0,0.94,0.003,0.2,0,0.037,0,2.593,0,0,0,0,0,,,,,,,,,,,,,1.19,county-alert,1,1,overhaul-warning,1,4,last-night,0.19,7.947,300,11,11,88,9,72,300,362,207,243,93,119,0,0,778,231,0,0,0,0,0,0,0,0.0367,8,8,1.2067,1.1739,1.2796,,0.2969,,,
stored-night,5,tide-siege+hollow-ground,w-h+l0,planner,300,180,0.6,8.26,0.863,65.3,0,1.017,2.333,55.047,2.71,2.253,0.793,0.213,0.593,0.107,1.743,1.55,0.223,1.97,0,0.813,0.007,0.197,0,0.01,0,2.74,0,0,0,0,0,,,,,,,,,,,,,1.187,county-alert,1,1,overhaul-warning,1,4,last-night,0.1867,8.018,300,3,3,23,1,8,300,1076,180,205,120,871,0,0,822,178,0,0,0,0,0,0,0,0.01,7.6667,8,3.5867,1.1389,7.2583,,0.2165,,,
stored-night,5,tide-siege+hollow-ground,w-h+l0,forecast-aware,300,107,0.3567,8.643,0.8889,41.912,0,1.12,2.637,65.42,2.327,1.437,1.923,0,0.747,0.577,1.75,1.493,0.33,2.44,0,0.813,0.05,0.257,0,0.033,0,3.157,0,0,0,0,0,,,,,,,,,,,,,1.287,county-alert,1,1,overhaul-warning,1,4,last-night,0.2867,8.721,300,10,10,89,5,44,300,431,107,124,193,307,0,0,947,224,0,0,0,0,0,0,0,0.0333,8.9,8.8,1.4367,1.1589,1.5907,,0.2365,,,
stored-night,5,tide-siege+hollow-ground,w-h+l0,planner-one-mistake,300,76,0.2533,8.793,0.9094,64.272,0,0.5,2.767,67.05,2.987,14.183,0.87,0.287,0.8,0.007,1.987,1.78,0.243,1.46,0,0.39,0,0.11,0,0.003,0,3.457,0,0,0,0,0,180,300,180,54,0,46,254,0.3,1,12.8983,2,0,1.083,county-alert,1,1,overhaul-warning,1,4,last-night,0.0833,9,300,1,1,8,1,8,300,1709,76,70,224,1639,0,0,1037,240,0,0,0,0,0,0,0,0.0033,8,8,5.6967,0.9211,7.317,,0.2314,,,
stored-night,5,tide-siege+hollow-ground,w-h+l+,random,300,1,0.0033,8.997,0.8889,82.462,0,0.02,3.743,68.857,2.903,19.657,0.387,1.093,0.25,0.097,1.023,0.76,0.34,1.013,0,0.017,0,0.003,0,0.017,0,3.99,0,0,0,0,0,,,,,,,,,,,,,1.003,county-alert,1,1,overhaul-warning,1,4,last-night,0.0033,9,300,5,5,41,0,0,300,1856,1,1,299,1855,0,0,1197,75,0,0,0,0,0,0,0,0.0167,8.2,,6.1867,1,6.204,,0.0627,,,
stored-night,5,tide-siege+hollow-ground,w-h+l+,single-water,300,0,0,9,,88.937,0,0,4,76.297,3,13.933,0,0,0,0,1.993,1.813,0.18,0,0,0,0,0,0,0,0,4,0,0,0,0,0,,,,,,,,,,,,,1,county-alert,1,1,overhaul-warning,1,4,last-night,0,,300,0,0,0,0,0,300,2398,0,0,300,2398,0,0,1200,0,0,0,0,0,0,0,0,0,,,7.9933,,7.9933,,0,,,
stored-night,5,tide-siege+hollow-ground,w-h+l+,legacy-cycle,300,0,0,9,,76.253,0,0,4,87.917,3,29.507,0,0,0,0,0.787,0.337,0.46,2.4,0,0,0,0,0,0.947,0,4,0,0,0,0,0,,,,,,,,,,,,,1,county-alert,1,1,overhaul-warning,1,4,last-night,0,,300,284,284,2168,0,0,300,1691,0,0,300,1691,0,0,1200,0,0,0,0,0,0,0,0,0.9467,7.6338,,5.6367,,5.6367,,0,,,
stored-night,5,tide-siege+hollow-ground,w-h+l+,greedy,300,208,0.6933,8.19,0.8702,45.315,0,1.147,2.01,46.973,2.767,1.537,0.913,0.18,0.77,0.05,1.693,1.423,0.277,1.817,0,0.943,0.003,0.2,0,0.037,0,2.587,0,0,0,0,0,,,,,,,,,,,,,1.19,county-alert,1,1,overhaul-warning,1,4,last-night,0.19,7.947,300,11,11,88,9,72,300,359,208,241,92,118,0,0,776,231,0,0,0,0,0,0,0,0.0367,8,8,1.1967,1.1587,1.2826,,0.2977,,,
stored-night,5,tide-siege+hollow-ground,w-h+l+,planner,300,181,0.6033,8.257,0.8631,65.294,0,1.017,2.327,54.86,2.71,2.253,0.793,0.213,0.593,0.107,1.743,1.55,0.223,1.963,0,0.813,0.007,0.197,0,0.01,0,2.737,0,0,0,0,0,,,,,,,,,,,,,1.187,county-alert,1,1,overhaul-warning,1,4,last-night,0.1867,8.018,300,3,3,23,2,16,300,1070,181,205,119,865,0,0,821,178,0,0,0,0,0,0,0,0.01,7.6667,8,3.5667,1.1326,7.2689,,0.2168,,,
stored-night,5,tide-siege+hollow-ground,w-h+l+,forecast-aware,300,108,0.36,8.623,0.8837,41.802,0,1.117,2.63,65.18,2.327,1.437,1.917,0,0.747,0.577,1.743,1.477,0.34,2.423,0,0.813,0.05,0.253,0,0.033,0,3.15,0,0,0,0,0,,,,,,,,,,,,,1.28,county-alert,1,1,overhaul-warning,1,4,last-night,0.28,8.714,300,10,10,89,5,44,300,430,108,124,192,306,0,0,945,224,0,0,0,0,0,0,0,0.0333,8.9,8.8,1.4333,1.1481,1.5938,,0.237,,,
stored-night,5,tide-siege+hollow-ground,w-h+l+,planner-one-mistake,300,76,0.2533,8.793,0.9094,64.188,0,0.503,2.763,66.943,2.987,14.183,0.87,0.287,0.8,0.007,1.983,1.783,0.237,1.447,0,0.393,0,0.11,0,0.003,0,3.453,0,0,0,0,0,181,300,181,54,0,46,254,0.2983,1,12.8983,2,0,1.083,county-alert,1,1,overhaul-warning,1,4,last-night,0.0833,9,300,1,1,8,1,8,300,1712,76,71,224,1641,0,0,1036,240,0,0,0,0,0,0,0,0.0033,8,8,5.7067,0.9342,7.3259,,0.2317,,,
stored-night,5,tide-siege+hollow-ground,w0h-l-,random,300,1,0.0033,8.997,0.8889,82.709,0,0.017,3.743,68.51,2.903,19.53,0.387,1.093,0.25,0.097,1.023,0.76,0.34,1.013,0,0.013,0,0.003,0,0.017,0,3.99,0,0,0,0,0,,,,,,,,,,,,,1.003,county-alert,1,1,overhaul-warning,1,4,last-night,0.0033,9,300,5,5,41,0,0,300,1856,1,1,299,1855,0,0,1197,75,0,0,0,0,0,0,0,0.0167,8.2,,6.1867,1,6.204,,0.0627,,,
stored-night,5,tide-siege+hollow-ground,w0h-l-,single-water,300,0,0,9,,88.813,0,0,4,77.06,3,13.933,0,0,0,0,1.993,1.813,0.18,0,0,0,0,0,0,0,0,4,0,0,0,0,0,,,,,,,,,,,,,1,county-alert,1,1,overhaul-warning,1,4,last-night,0,,300,0,0,0,0,0,300,2398,0,0,300,2398,0,0,1200,0,0,0,0,0,0,0,0,0,,,7.9933,,7.9933,,0,,,
stored-night,5,tide-siege+hollow-ground,w0h-l-,legacy-cycle,300,0,0,9,,76.023,0,0,4,88.39,3,29.507,0,0,0,0,0.787,0.337,0.46,2.4,0,0,0,0,0,0.947,0,4,0,0,0,0,0,,,,,,,,,,,,,1,county-alert,1,1,overhaul-warning,1,4,last-night,0,,300,284,284,2168,0,0,300,1691,0,0,300,1691,0,0,1200,0,0,0,0,0,0,0,0,0.9467,7.6338,,5.6367,,5.6367,,0,,,
stored-night,5,tide-siege+hollow-ground,w0h-l-,greedy,300,203,0.6767,8.23,0.8736,45.907,0,1.1,2.007,46.727,2.813,1.267,0.917,0.183,0.773,0.05,1.707,1.46,0.247,1.873,0,0.913,0.003,0.183,0,0.02,0,2.597,0,0,0,0,0,,,,,,,,,,,,,1.17,county-alert,1,1,overhaul-warning,1,4,last-night,0.17,8.098,300,6,6,48,5,40,300,371,203,238,97,133,0,0,779,232,0,0,0,0,0,0,0,0.02,8,8,1.2367,1.1724,1.3711,,0.2978,,,
stored-night,5,tide-siege+hollow-ground,w0h-l-,planner,300,171,0.57,8.307,0.8648,65.884,0,1,2.363,56.213,2.74,2.303,0.833,0.2,0.61,0.107,1.757,1.56,0.223,2,0,0.793,0.007,0.2,0,0.01,0,2.783,0,0,0,0,0,,,,,,,,,,,,,1.19,county-alert,1,1,overhaul-warning,1,4,last-night,0.19,8.193,300,3,3,23,2,16,300,1143,171,200,129,943,0,0,835,183,0,0,0,0,0,0,0,0.01,7.6667,8,3.81,1.1696,7.3101,,0.2192,,,
stored-night,5,tide-siege+hollow-ground,w0h-l-,forecast-aware,300,104,0.3467,8.66,0.891,43.041,0,1.11,2.643,65.567,2.35,1.443,1.93,0,0.753,0.577,1.763,1.507,0.34,2.447,0,0.803,0.053,0.253,0,0.03,0,3.177,0,0,0,0,0,,,,,,,,,,,,,1.283,county-alert,1,1,overhaul-warning,1,4,last-night,0.2833,8.729,300,9,9,80,5,44,300,429,104,118,196,311,0,0,953,226,0,0,0,0,0,0,0,0.03,8.8889,8.8,1.43,1.1346,1.5867,,0.2371,,,
stored-night,5,tide-siege+hollow-ground,w0h-l-,planner-one-mistake,300,63,0.21,8.833,0.9118,64.755,0,0.483,2.823,69.047,2.99,14.103,0.917,0.3,0.823,0.007,1.983,1.773,0.267,1.497,0,0.36,0,0.123,0,0,0,3.523,0,0,0,0,0,171,300,171,45,0,46,254,0.2632,1,12.5492,2,0,1.083,county-alert,1,1,overhaul-warning,1,4,last-night,0.0833,9,300,0,0,0,0,0,300,1781,63,48,237,1733,0,0,1057,247,0,0,0,0,0,0,0,0,,,5.9367,0.7619,7.3122,,0.2337,,,
stored-night,5,tide-siege+hollow-ground,w0h-l0,random,300,1,0.0033,8.997,0.8889,82.518,0,0.017,3.743,68.763,2.903,19.583,0.387,1.093,0.25,0.097,1.023,0.76,0.34,1.013,0,0.013,0,0.003,0,0.017,0,3.99,0,0,0,0,0,,,,,,,,,,,,,1.003,county-alert,1,1,overhaul-warning,1,4,last-night,0.0033,9,300,5,5,41,0,0,300,1856,1,1,299,1855,0,0,1197,75,0,0,0,0,0,0,0,0.0167,8.2,,6.1867,1,6.204,,0.0627,,,
stored-night,5,tide-siege+hollow-ground,w0h-l0,single-water,300,0,0,9,,88.813,0,0,4,77.06,3,13.933,0,0,0,0,1.993,1.813,0.18,0,0,0,0,0,0,0,0,4,0,0,0,0,0,,,,,,,,,,,,,1,county-alert,1,1,overhaul-warning,1,4,last-night,0,,300,0,0,0,0,0,300,2398,0,0,300,2398,0,0,1200,0,0,0,0,0,0,0,0,0,,,7.9933,,7.9933,,0,,,
stored-night,5,tide-siege+hollow-ground,w0h-l0,legacy-cycle,300,0,0,9,,76.007,0,0,4,88.393,3,29.507,0,0,0,0,0.787,0.337,0.46,2.4,0,0,0,0,0,0.947,0,4,0,0,0,0,0,,,,,,,,,,,,,1,county-alert,1,1,overhaul-warning,1,4,last-night,0,,300,284,284,2168,0,0,300,1691,0,0,300,1691,0,0,1200,0,0,0,0,0,0,0,0,0.9467,7.6338,,5.6367,,5.6367,,0,,,
stored-night,5,tide-siege+hollow-ground,w0h-l0,greedy,300,206,0.6867,8.217,0.8732,46.191,0,1.127,2.023,47.347,2.79,1.2,0.903,0.183,0.757,0.047,1.703,1.467,0.243,1.78,0,0.927,0.003,0.197,0,0.023,0,2.59,0,0,0,0,0,,,,,,,,,,,,,1.187,county-alert,1,1,overhaul-warning,1,4,last-night,0.1867,8.071,300,7,7,56,7,56,300,370,206,246,94,124,0,0,777,227,0,0,0,0,0,0,0,0.0233,8,8,1.2333,1.1942,1.3191,,0.2921,,,
stored-night,5,tide-siege+hollow-ground,w0h-l0,planner,300,177,0.59,8.277,0.8638,65.789,0,1.02,2.347,55.553,2.717,2.253,0.8,0.21,0.593,0.107,1.753,1.567,0.217,1.963,0,0.81,0.007,0.203,0,0.01,0,2.747,0,0,0,0,0,,,,,,,,,,,,,1.197,county-alert,1,1,overhaul-warning,1,4,last-night,0.1967,8.136,300,3,3,23,1,8,300,1097,177,198,123,899,0,0,824,178,0,0,0,0,0,0,0,0.01,7.6667,8,3.6567,1.1186,7.3089,,0.216,,,
stored-night,5,tide-siege+hollow-ground,w0h-l0,forecast-aware,300,105,0.35,8.647,0.8878,42.492,0,1.11,2.65,65.82,2.327,1.41,1.917,0,0.743,0.577,1.757,1.5,0.33,2.44,0,0.803,0.05,0.257,0,0.033,0,3.167,0,0,0,0,0,,,,,,,,,,,,,1.283,county-alert,1,1,overhaul-warning,1,4,last-night,0.2833,8.718,300,10,10,89,5,44,300,428,105,121,195,307,0,0,950,223,0,0,0,0,0,0,0,0.0333,8.9,8.8,1.4267,1.1524,1.5744,,0.2347,,,
stored-night,5,tide-siege+hollow-ground,w0h-l0,planner-one-mistake,300,69,0.23,8.81,0.9082,64.381,0,0.497,2.797,68.12,2.99,14.163,0.89,0.293,0.8,0.007,1.98,1.76,0.257,1.483,0,0.377,0,0.12,0,0.003,0,3.477,0,0,0,0,0,177,300,177,49,0,46,254,0.2768,1,12.7817,2,0,1.09,county-alert,1,1,overhaul-warning,1,4,last-night,0.09,9,300,1,1,8,1,8,300,1747,69,61,231,1686,0,0,1043,240,0,0,0,0,0,0,0,0.0033,8,8,5.8233,0.8841,7.2987,,0.2301,,,
stored-night,5,tide-siege+hollow-ground,w0h-l+,random,300,1,0.0033,8.997,0.8889,82.495,0,0.017,3.743,68.797,2.903,19.59,0.387,1.093,0.25,0.097,1.023,0.76,0.34,1.013,0,0.013,0,0.003,0,0.017,0,3.99,0,0,0,0,0,,,,,,,,,,,,,1.003,county-alert,1,1,overhaul-warning,1,4,last-night,0.0033,9,300,5,5,41,0,0,300,1856,1,1,299,1855,0,0,1197,75,0,0,0,0,0,0,0,0.0167,8.2,,6.1867,1,6.204,,0.0627,,,
stored-night,5,tide-siege+hollow-ground,w0h-l+,single-water,300,0,0,9,,88.813,0,0,4,77.06,3,13.933,0,0,0,0,1.993,1.813,0.18,0,0,0,0,0,0,0,0,4,0,0,0,0,0,,,,,,,,,,,,,1,county-alert,1,1,overhaul-warning,1,4,last-night,0,,300,0,0,0,0,0,300,2398,0,0,300,2398,0,0,1200,0,0,0,0,0,0,0,0,0,,,7.9933,,7.9933,,0,,,
stored-night,5,tide-siege+hollow-ground,w0h-l+,legacy-cycle,300,0,0,9,,76.007,0,0,4,88.393,3,29.507,0,0,0,0,0.787,0.337,0.46,2.4,0,0,0,0,0,0.947,0,4,0,0,0,0,0,,,,,,,,,,,,,1,county-alert,1,1,overhaul-warning,1,4,last-night,0,,300,284,284,2168,0,0,300,1691,0,0,300,1691,0,0,1200,0,0,0,0,0,0,0,0,0.9467,7.6338,,5.6367,,5.6367,,0,,,
stored-night,5,tide-siege+hollow-ground,w0h-l+,greedy,300,203,0.6767,8.223,0.8725,46.216,0,1.137,2.047,48.093,2.777,1.2,0.91,0.18,0.767,0.047,1.707,1.46,0.253,1.787,0,0.927,0.003,0.207,0,0.023,0,2.613,0,0,0,0,0,,,,,,,,,,,,,1.197,county-alert,1,1,overhaul-warning,1,4,last-night,0.1967,7.983,300,7,7,56,7,56,300,371,203,244,97,127,0,0,784,230,0,0,0,0,0,0,0,0.0233,8,8,1.2367,1.202,1.3093,,0.2934,,,
stored-night,5,tide-siege+hollow-ground,w0h-l+,planner,300,176,0.5867,8.28,0.8636,65.855,0,1.023,2.357,55.847,2.71,2.253,0.803,0.207,0.597,0.107,1.757,1.57,0.217,1.96,0,0.81,0.007,0.207,0,0.01,0,2.757,0,0,0,0,0,,,,,,,,,,,,,1.2,county-alert,1,1,overhaul-warning,1,4,last-night,0.2,8.083,300,3,3,23,1,8,300,1106,176,198,124,908,0,0,827,179,0,0,0,0,0,0,0,0.01,7.6667,8,3.6867,1.125,7.3226,,0.2164,,,
stored-night,5,tide-siege+hollow-ground,w0h-l+,forecast-aware,300,105,0.35,8.63,0.8825,42.369,0,1.11,2.65,65.82,2.327,1.41,1.91,0,0.743,0.577,1.753,1.483,0.343,2.427,0,0.803,0.05,0.257,0,0.033,0,3.163,0,0,0,0,0,,,,,,,,,,,,,1.28,county-alert,1,1,overhaul-warning,1,4,last-night,0.28,8.714,300,10,10,89,5,44,300,425,105,118,195,307,0,0,949,223,0,0,0,0,0,0,0,0.0333,8.9,8.8,1.4167,1.1238,1.5744,,0.235,,,
stored-night,5,tide-siege+hollow-ground,w0h-l+,planner-one-mistake,300,69,0.23,8.81,0.9082,64.303,0,0.5,2.793,68.013,2.99,14.163,0.89,0.293,0.8,0.007,1.977,1.763,0.25,1.47,0,0.38,0,0.12,0,0.003,0,3.473,0,0,0,0,0,176,300,176,48,0,46,254,0.2727,1,12.7817,2,0,1.09,county-alert,1,1,overhaul-warning,1,4,last-night,0.09,9,300,1,1,8,1,8,300,1750,69,62,231,1688,0,0,1042,240,0,0,0,0,0,0,0,0.0033,8,8,5.8333,0.8986,7.3074,,0.2303,,,
stored-night,5,tide-siege+hollow-ground,w0h0l-,random,300,1,0.0033,8.997,0.8889,82.545,0,0.02,3.743,68.747,2.903,19.597,0.387,1.093,0.25,0.097,1.023,0.76,0.34,1.013,0,0.017,0,0.003,0,0.017,0,3.99,0,0,0,0,0,,,,,,,,,,,,,1.003,county-alert,1,1,overhaul-warning,1,4,last-night,0.0033,9,300,5,5,41,0,0,300,1856,1,1,299,1855,0,0,1197,75,0,0,0,0,0,0,0,0.0167,8.2,,6.1867,1,6.204,,0.0627,,,
stored-night,5,tide-siege+hollow-ground,w0h0l-,single-water,300,0,0,9,,88.813,0,0,4,77.06,3,13.933,0,0,0,0,1.993,1.813,0.18,0,0,0,0,0,0,0,0,4,0,0,0,0,0,,,,,,,,,,,,,1,county-alert,1,1,overhaul-warning,1,4,last-night,0,,300,0,0,0,0,0,300,2398,0,0,300,2398,0,0,1200,0,0,0,0,0,0,0,0,0,,,7.9933,,7.9933,,0,,,
stored-night,5,tide-siege+hollow-ground,w0h0l-,legacy-cycle,300,0,0,9,,75.7,0,0,4,88.517,3,29.507,0,0,0,0,0.787,0.337,0.46,2.4,0,0,0,0,0,0.947,0,4,0,0,0,0,0,,,,,,,,,,,,,1,county-alert,1,1,overhaul-warning,1,4,last-night,0,,300,284,284,2168,0,0,300,1691,0,0,300,1691,0,0,1200,0,0,0,0,0,0,0,0,0.9467,7.6338,,5.6367,,5.6367,,0,,,
stored-night,5,tide-siege+hollow-ground,w0h0l-,greedy,300,205,0.6833,8.203,0.8705,45.768,0,1.127,1.997,46.58,2.783,1.467,0.933,0.197,0.783,0.053,1.687,1.427,0.267,1.893,0,0.93,0.003,0.193,0,0.027,0,2.587,0,0,0,0,0,,,,,,,,,,,,,1.18,county-alert,1,1,overhaul-warning,1,4,last-night,0.18,7.926,300,8,8,63,5,39,300,364,205,239,95,125,0,0,776,235,0,0,0,0,0,0,0,0.0267,7.875,7.8,1.2133,1.1659,1.3158,,0.3028,,,
stored-night,5,tide-siege+hollow-ground,w0h0l-,planner,300,173,0.5767,8.297,0.8645,65.614,0,1.02,2.36,56.133,2.733,2.223,0.827,0.203,0.61,0.103,1.743,1.54,0.233,2.02,0,0.807,0.007,0.207,0,0.007,0,2.773,0,0,0,0,0,,,,,,,,,,,,,1.193,county-alert,1,1,overhaul-warning,1,4,last-night,0.1933,8.103,300,2,2,15,1,8,300,1129,173,201,127,928,0,0,832,183,0,0,0,0,0,0,0,0.0067,7.5,8,3.7633,1.1618,7.3071,,0.22,,,
stored-night,5,tide-siege+hollow-ground,w0h0l-,forecast-aware,300,103,0.3433,8.657,0.8889,42.137,0,1.123,2.65,65.847,2.35,1.413,1.923,0,0.747,0.577,1.763,1.5,0.343,2.447,0,0.81,0.053,0.26,0,0.03,0,3.17,0,0,0,0,0,,,,,,,,,,,,,1.29,county-alert,1,1,overhaul-warning,1,4,last-night,0.29,8.736,300,9,9,80,4,35,300,433,103,120,197,313,0,0,951,224,0,0,0,0,0,0,0,0.03,8.8889,8.75,1.4433,1.165,1.5888,,0.2355,,,
stored-night,5,tide-siege+hollow-ground,w0h0l-,planner-one-mistake,300,68,0.2267,8.82,0.9118,64.414,0,0.487,2.803,68.333,2.987,14.13,0.917,0.293,0.823,0.007,1.973,1.773,0.257,1.49,0,0.37,0,0.117,0,0,0,3.51,0,0,0,0,0,173,300,173,46,0,46,254,0.2659,1,12.6792,2,0,1.08,county-alert,1,1,overhaul-warning,1,4,last-night,0.08,9,300,0,0,0,0,0,300,1748,68,51,232,1697,0,0,1053,247,0,0,0,0,0,0,0,0,,,5.8267,0.75,7.3147,,0.2346,,,
stored-night,5,tide-siege+hollow-ground,w0h0l0,random,300,1,0.0033,8.997,0.8889,82.355,0,0.02,3.743,69,2.903,19.65,0.387,1.093,0.25,0.097,1.023,0.76,0.34,1.013,0,0.017,0,0.003,0,0.017,0,3.99,0,0,0,0,0,,,,,,,,,,,,,1.003,county-alert,1,1,overhaul-warning,1,4,last-night,0.0033,9,300,5,5,41,0,0,300,1856,1,1,299,1855,0,0,1197,75,0,0,0,0,0,0,0,0.0167,8.2,,6.1867,1,6.204,,0.0627,,,
stored-night,5,tide-siege+hollow-ground,w0h0l0,single-water,300,0,0,9,,88.813,0,0,4,77.06,3,13.933,0,0,0,0,1.993,1.813,0.18,0,0,0,0,0,0,0,0,4,0,0,0,0,0,,,,,,,,,,,,,1,county-alert,1,1,overhaul-warning,1,4,last-night,0,,300,0,0,0,0,0,300,2398,0,0,300,2398,0,0,1200,0,0,0,0,0,0,0,0,0,,,7.9933,,7.9933,,0,,,
stored-night,5,tide-siege+hollow-ground,w0h0l0,legacy-cycle,300,0,0,9,,75.69,0,0,4,88.52,3,29.507,0,0,0,0,0.787,0.337,0.46,2.4,0,0,0,0,0,0.947,0,4,0,0,0,0,0,,,,,,,,,,,,,1,county-alert,1,1,overhaul-warning,1,4,last-night,0,,300,284,284,2168,0,0,300,1691,0,0,300,1691,0,0,1200,0,0,0,0,0,0,0,0,0.9467,7.6338,,5.6367,,5.6367,,0,,,
stored-night,5,tide-siege+hollow-ground,w0h0l0,greedy,300,207,0.69,8.2,0.8712,45.075,0,1.143,2.017,47.173,2.767,1.457,0.917,0.18,0.77,0.05,1.7,1.433,0.273,1.823,0,0.94,0.003,0.2,0,0.033,0,2.593,0,0,0,0,0,,,,,,,,,,,,,1.19,county-alert,1,1,overhaul-warning,1,4,last-night,0.19,7.947,300,10,10,80,8,64,300,365,207,246,93,119,0,0,778,231,0,0,0,0,0,0,0,0.0333,8,8,1.2167,1.1884,1.2796,,0.2969,,,
stored-night,5,tide-siege+hollow-ground,w0h0l0,planner,300,181,0.6033,8.257,0.8631,65.185,0,1.02,2.327,54.847,2.713,2.253,0.79,0.21,0.593,0.103,1.737,1.547,0.22,1.977,0,0.817,0.007,0.197,0,0.01,0,2.733,0,0,0,0,0,,,,,,,,,,,,,1.187,county-alert,1,1,overhaul-warning,1,4,last-night,0.1867,8.018,300,3,3,23,1,8,300,1072,181,207,119,865,0,0,820,178,0,0,0,0,0,0,0,0.01,7.6667,8,3.5733,1.1436,7.2689,,0.2171,,,
stored-night,5,tide-siege+hollow-ground,w0h0l0,forecast-aware,300,107,0.3567,8.643,0.8889,41.684,0,1.12,2.637,65.42,2.327,1.437,1.923,0,0.747,0.577,1.75,1.493,0.33,2.44,0,0.813,0.05,0.257,0,0.033,0,3.157,0,0,0,0,0,,,,,,,,,,,,,1.287,county-alert,1,1,overhaul-warning,1,4,last-night,0.2867,8.721,300,10,10,89,5,44,300,431,107,124,193,307,0,0,947,224,0,0,0,0,0,0,0,0.0333,8.9,8.8,1.4367,1.1589,1.5907,,0.2365,,,
stored-night,5,tide-siege+hollow-ground,w0h0l0,planner-one-mistake,300,76,0.2533,8.793,0.9094,64.049,0,0.493,2.767,67.007,2.987,14.183,0.89,0.287,0.8,0.007,1.967,1.767,0.237,1.483,0,0.387,0,0.107,0,0.003,0,3.46,0,0,0,0,0,181,300,181,54,0,46,254,0.2983,1,12.8983,2,0,1.083,county-alert,1,1,overhaul-warning,1,4,last-night,0.0833,9,300,1,1,8,1,8,300,1706,76,70,224,1636,0,0,1038,240,0,0,0,0,0,0,0,0.0033,8,8,5.6867,0.9211,7.3036,,0.2312,,,
stored-night,5,tide-siege+hollow-ground,w0h0l+,random,300,1,0.0033,8.997,0.8889,82.331,0,0.02,3.743,69.033,2.903,19.657,0.387,1.093,0.25,0.097,1.023,0.76,0.34,1.013,0,0.017,0,0.003,0,0.017,0,3.99,0,0,0,0,0,,,,,,,,,,,,,1.003,county-alert,1,1,overhaul-warning,1,4,last-night,0.0033,9,300,5,5,41,0,0,300,1856,1,1,299,1855,0,0,1197,75,0,0,0,0,0,0,0,0.0167,8.2,,6.1867,1,6.204,,0.0627,,,
stored-night,5,tide-siege+hollow-ground,w0h0l+,single-water,300,0,0,9,,88.813,0,0,4,77.06,3,13.933,0,0,0,0,1.993,1.813,0.18,0,0,0,0,0,0,0,0,4,0,0,0,0,0,,,,,,,,,,,,,1,county-alert,1,1,overhaul-warning,1,4,last-night,0,,300,0,0,0,0,0,300,2398,0,0,300,2398,0,0,1200,0,0,0,0,0,0,0,0,0,,,7.9933,,7.9933,,0,,,
stored-night,5,tide-siege+hollow-ground,w0h0l+,legacy-cycle,300,0,0,9,,75.69,0,0,4,88.52,3,29.507,0,0,0,0,0.787,0.337,0.46,2.4,0,0,0,0,0,0.947,0,4,0,0,0,0,0,,,,,,,,,,,,,1,county-alert,1,1,overhaul-warning,1,4,last-night,0,,300,284,284,2168,0,0,300,1691,0,0,300,1691,0,0,1200,0,0,0,0,0,0,0,0,0.9467,7.6338,,5.6367,,5.6367,,0,,,
stored-night,5,tide-siege+hollow-ground,w0h0l+,greedy,300,208,0.6933,8.19,0.8702,45.033,0,1.147,2.01,46.973,2.767,1.457,0.917,0.18,0.77,0.05,1.697,1.427,0.277,1.823,0,0.943,0.003,0.2,0,0.033,0,2.587,0,0,0,0,0,,,,,,,,,,,,,1.19,county-alert,1,1,overhaul-warning,1,4,last-night,0.19,7.947,300,10,10,80,8,64,300,362,208,244,92,118,0,0,776,231,0,0,0,0,0,0,0,0.0333,8,8,1.2067,1.1731,1.2826,,0.2977,,,
stored-night,5,tide-siege+hollow-ground,w0h0l+,planner,300,182,0.6067,8.253,0.8632,65.178,0,1.02,2.32,54.66,2.713,2.253,0.79,0.21,0.593,0.103,1.737,1.547,0.22,1.97,0,0.817,0.007,0.197,0,0.01,0,2.73,0,0,0,0,0,,,,,,,,,,,,,1.187,county-alert,1,1,overhaul-warning,1,4,last-night,0.1867,8.018,300,3,3,23,2,16,300,1066,182,207,118,859,0,0,819,178,0,0,0,0,0,0,0,0.01,7.6667,8,3.5533,1.1374,7.2797,,0.2173,,,
stored-night,5,tide-siege+hollow-ground,w0h0l+,forecast-aware,300,108,0.36,8.623,0.8837,41.573,0,1.117,2.63,65.18,2.327,1.437,1.917,0,0.747,0.577,1.743,1.477,0.34,2.423,0,0.813,0.05,0.253,0,0.033,0,3.15,0,0,0,0,0,,,,,,,,,,,,,1.28,county-alert,1,1,overhaul-warning,1,4,last-night,0.28,8.714,300,10,10,89,5,44,300,430,108,124,192,306,0,0,945,224,0,0,0,0,0,0,0,0.0333,8.9,8.8,1.4333,1.1481,1.5938,,0.237,,,
stored-night,5,tide-siege+hollow-ground,w0h0l+,planner-one-mistake,300,76,0.2533,8.793,0.9094,63.964,0,0.497,2.763,66.9,2.987,14.183,0.89,0.287,0.8,0.007,1.963,1.77,0.23,1.47,0,0.39,0,0.107,0,0.003,0,3.457,0,0,0,0,0,182,300,182,54,0,46,254,0.2967,1,12.8983,2,0,1.083,county-alert,1,1,overhaul-warning,1,4,last-night,0.0833,9,300,1,1,8,1,8,300,1709,76,71,224,1638,0,0,1037,240,0,0,0,0,0,0,0,0.0033,8,8,5.6967,0.9342,7.3125,,0.2314,,,
stored-night,5,tide-siege+hollow-ground,w0h+l-,random,300,1,0.0033,8.997,0.8889,82.538,0,0.02,3.743,68.753,2.903,19.597,0.387,1.093,0.25,0.097,1.023,0.76,0.34,1.013,0,0.017,0,0.003,0,0.017,0,3.99,0,0,0,0,0,,,,,,,,,,,,,1.003,county-alert,1,1,overhaul-warning,1,4,last-night,0.0033,9,300,5,5,41,0,0,300,1856,1,1,299,1855,0,0,1197,75,0,0,0,0,0,0,0,0.0167,8.2,,6.1867,1,6.204,,0.0627,,,
stored-night,5,tide-siege+hollow-ground,w0h+l-,single-water,300,0,0,9,,88.813,0,0,4,77.06,3,13.933,0,0,0,0,1.993,1.813,0.18,0,0,0,0,0,0,0,0,4,0,0,0,0,0,,,,,,,,,,,,,1,county-alert,1,1,overhaul-warning,1,4,last-night,0,,300,0,0,0,0,0,300,2398,0,0,300,2398,0,0,1200,0,0,0,0,0,0,0,0,0,,,7.9933,,7.9933,,0,,,
stored-night,5,tide-siege+hollow-ground,w0h+l-,legacy-cycle,300,0,0,9,,75.7,0,0,4,88.517,3,29.507,0,0,0,0,0.787,0.337,0.46,2.4,0,0,0,0,0,0.947,0,4,0,0,0,0,0,,,,,,,,,,,,,1,county-alert,1,1,overhaul-warning,1,4,last-night,0,,300,284,284,2168,0,0,300,1691,0,0,300,1691,0,0,1200,0,0,0,0,0,0,0,0,0.9467,7.6338,,5.6367,,5.6367,,0,,,
stored-night,5,tide-siege+hollow-ground,w0h+l-,greedy,300,205,0.6833,8.203,0.8705,45.768,0,1.127,1.997,46.58,2.783,1.467,0.933,0.197,0.783,0.053,1.687,1.427,0.267,1.893,0,0.93,0.003,0.193,0,0.027,0,2.587,0,0,0,0,0,,,,,,,,,,,,,1.18,county-alert,1,1,overhaul-warning,1,4,last-night,0.18,7.926,300,8,8,63,5,39,300,364,205,239,95,125,0,0,776,235,0,0,0,0,0,0,0,0.0267,7.875,7.8,1.2133,1.1659,1.3158,,0.3028,,,
stored-night,5,tide-siege+hollow-ground,w0h+l-,planner,300,173,0.5767,8.297,0.8645,65.598,0,1.02,2.36,56.133,2.73,2.223,0.83,0.203,0.61,0.107,1.747,1.543,0.233,2.013,0,0.807,0.007,0.207,0,0.007,0,2.773,0,0,0,0,0,,,,,,,,,,,,,1.193,county-alert,1,1,overhaul-warning,1,4,last-night,0.1933,8.103,300,2,2,15,1,8,300,1128,173,201,127,927,0,0,832,183,0,0,0,0,0,0,0,0.0067,7.5,8,3.76,1.1618,7.2992,,0.22,,,
stored-night,5,tide-siege+hollow-ground,w0h+l-,forecast-aware,300,103,0.3433,8.657,0.8889,42.112,0,1.123,2.65,65.847,2.35,1.413,1.923,0,0.747,0.577,1.763,1.5,0.343,2.447,0,0.81,0.053,0.26,0,0.03,0,3.17,0,0,0,0,0,,,,,,,,,,,,,1.29,county-alert,1,1,overhaul-warning,1,4,last-night,0.29,8.736,300,9,9,80,4,35,300,433,103,120,197,313,0,0,951,224,0,0,0,0,0,0,0,0.03,8.8889,8.75,1.4433,1.165,1.5888,,0.2355,,,
stored-night,5,tide-siege+hollow-ground,w0h+l-,planner-one-mistake,300,68,0.2267,8.82,0.9118,64.397,0,0.487,2.803,68.333,2.987,14.13,0.917,0.293,0.823,0.007,1.977,1.773,0.26,1.49,0,0.37,0,0.117,0,0,0,3.51,0,0,0,0,0,173,300,173,46,0,46,254,0.2659,1,12.6792,2,0,1.08,county-alert,1,1,overhaul-warning,1,4,last-night,0.08,9,300,0,0,0,0,0,300,1748,68,51,232,1697,0,0,1053,247,0,0,0,0,0,0,0,0,,,5.8267,0.75,7.3147,,0.2346,,,
stored-night,5,tide-siege+hollow-ground,w0h+l0,random,300,1,0.0033,8.997,0.8889,82.348,0,0.02,3.743,69.007,2.903,19.65,0.387,1.093,0.25,0.097,1.023,0.76,0.34,1.013,0,0.017,0,0.003,0,0.017,0,3.99,0,0,0,0,0,,,,,,,,,,,,,1.003,county-alert,1,1,overhaul-warning,1,4,last-night,0.0033,9,300,5,5,41,0,0,300,1856,1,1,299,1855,0,0,1197,75,0,0,0,0,0,0,0,0.0167,8.2,,6.1867,1,6.204,,0.0627,,,
stored-night,5,tide-siege+hollow-ground,w0h+l0,single-water,300,0,0,9,,88.813,0,0,4,77.06,3,13.933,0,0,0,0,1.993,1.813,0.18,0,0,0,0,0,0,0,0,4,0,0,0,0,0,,,,,,,,,,,,,1,county-alert,1,1,overhaul-warning,1,4,last-night,0,,300,0,0,0,0,0,300,2398,0,0,300,2398,0,0,1200,0,0,0,0,0,0,0,0,0,,,7.9933,,7.9933,,0,,,
stored-night,5,tide-siege+hollow-ground,w0h+l0,legacy-cycle,300,0,0,9,,75.69,0,0,4,88.52,3,29.507,0,0,0,0,0.787,0.337,0.46,2.4,0,0,0,0,0,0.947,0,4,0,0,0,0,0,,,,,,,,,,,,,1,county-alert,1,1,overhaul-warning,1,4,last-night,0,,300,284,284,2168,0,0,300,1691,0,0,300,1691,0,0,1200,0,0,0,0,0,0,0,0,0.9467,7.6338,,5.6367,,5.6367,,0,,,
stored-night,5,tide-siege+hollow-ground,w0h+l0,greedy,300,207,0.69,8.2,0.8712,45.075,0,1.143,2.017,47.173,2.767,1.457,0.917,0.18,0.77,0.05,1.7,1.433,0.273,1.823,0,0.94,0.003,0.2,0,0.033,0,2.593,0,0,0,0,0,,,,,,,,,,,,,1.19,county-alert,1,1,overhaul-warning,1,4,last-night,0.19,7.947,300,10,10,80,8,64,300,365,207,246,93,119,0,0,778,231,0,0,0,0,0,0,0,0.0333,8,8,1.2167,1.1884,1.2796,,0.2969,,,
stored-night,5,tide-siege+hollow-ground,w0h+l0,planner,300,182,0.6067,8.253,0.8632,65.237,0,1.02,2.32,54.66,2.71,2.253,0.793,0.21,0.593,0.107,1.743,1.553,0.22,1.97,0,0.817,0.007,0.197,0,0.01,0,2.73,0,0,0,0,0,,,,,,,,,,,,,1.187,county-alert,1,1,overhaul-warning,1,4,last-night,0.1867,8.018,300,3,3,23,2,16,300,1065,182,207,118,858,0,0,819,178,0,0,0,0,0,0,0,0.01,7.6667,8,3.55,1.1374,7.2712,,0.2173,,,
stored-night,5,tide-siege+hollow-ground,w0h+l0,forecast-aware,300,107,0.3567,8.643,0.8889,41.658,0,1.12,2.637,65.42,2.327,1.437,1.923,0,0.747,0.577,1.75,1.493,0.33,2.44,0,0.813,0.05,0.257,0,0.033,0,3.157,0,0,0,0,0,,,,,,,,,,,,,1.287,county-alert,1,1,overhaul-warning,1,4,last-night,0.2867,8.721,300,10,10,89,5,44,300,431,107,124,193,307,0,0,947,224,0,0,0,0,0,0,0,0.0333,8.9,8.8,1.4367,1.1589,1.5907,,0.2365,,,
stored-night,5,tide-siege+hollow-ground,w0h+l0,planner-one-mistake,300,76,0.2533,8.793,0.9094,64.031,0,0.493,2.767,67.007,2.987,14.183,0.89,0.287,0.8,0.007,1.97,1.767,0.24,1.483,0,0.387,0,0.107,0,0.003,0,3.46,0,0,0,0,0,182,300,182,54,0,46,254,0.2967,1,12.8983,2,0,1.083,county-alert,1,1,overhaul-warning,1,4,last-night,0.0833,9,300,1,1,8,1,8,300,1706,76,70,224,1636,0,0,1038,240,0,0,0,0,0,0,0,0.0033,8,8,5.6867,0.9211,7.3036,,0.2312,,,
stored-night,5,tide-siege+hollow-ground,w0h+l+,random,300,1,0.0033,8.997,0.8889,82.328,0,0.02,3.743,69.04,2.903,19.657,0.387,1.093,0.25,0.097,1.023,0.76,0.34,1.013,0,0.017,0,0.003,0,0.017,0,3.99,0,0,0,0,0,,,,,,,,,,,,,1.003,county-alert,1,1,overhaul-warning,1,4,last-night,0.0033,9,300,5,5,41,0,0,300,1856,1,1,299,1855,0,0,1197,75,0,0,0,0,0,0,0,0.0167,8.2,,6.1867,1,6.204,,0.0627,,,
stored-night,5,tide-siege+hollow-ground,w0h+l+,single-water,300,0,0,9,,88.813,0,0,4,77.06,3,13.933,0,0,0,0,1.993,1.813,0.18,0,0,0,0,0,0,0,0,4,0,0,0,0,0,,,,,,,,,,,,,1,county-alert,1,1,overhaul-warning,1,4,last-night,0,,300,0,0,0,0,0,300,2398,0,0,300,2398,0,0,1200,0,0,0,0,0,0,0,0,0,,,7.9933,,7.9933,,0,,,
stored-night,5,tide-siege+hollow-ground,w0h+l+,legacy-cycle,300,0,0,9,,75.69,0,0,4,88.52,3,29.507,0,0,0,0,0.787,0.337,0.46,2.4,0,0,0,0,0,0.947,0,4,0,0,0,0,0,,,,,,,,,,,,,1,county-alert,1,1,overhaul-warning,1,4,last-night,0,,300,284,284,2168,0,0,300,1691,0,0,300,1691,0,0,1200,0,0,0,0,0,0,0,0,0.9467,7.6338,,5.6367,,5.6367,,0,,,
stored-night,5,tide-siege+hollow-ground,w0h+l+,greedy,300,208,0.6933,8.19,0.8702,45.011,0,1.147,2.01,46.973,2.767,1.457,0.917,0.18,0.77,0.05,1.697,1.427,0.277,1.823,0,0.943,0.003,0.2,0,0.033,0,2.587,0,0,0,0,0,,,,,,,,,,,,,1.19,county-alert,1,1,overhaul-warning,1,4,last-night,0.19,7.947,300,10,10,80,8,64,300,362,208,244,92,118,0,0,776,231,0,0,0,0,0,0,0,0.0333,8,8,1.2067,1.1731,1.2826,,0.2977,,,
stored-night,5,tide-siege+hollow-ground,w0h+l+,planner,300,182,0.6067,8.253,0.8632,65.161,0,1.02,2.32,54.66,2.71,2.253,0.793,0.21,0.593,0.107,1.743,1.553,0.22,1.963,0,0.817,0.007,0.197,0,0.01,0,2.73,0,0,0,0,0,,,,,,,,,,,,,1.187,county-alert,1,1,overhaul-warning,1,4,last-night,0.1867,8.018,300,3,3,23,2,16,300,1065,182,207,118,858,0,0,819,178,0,0,0,0,0,0,0,0.01,7.6667,8,3.55,1.1374,7.2712,,0.2173,,,
stored-night,5,tide-siege+hollow-ground,w0h+l+,forecast-aware,300,108,0.36,8.623,0.8837,41.552,0,1.117,2.63,65.18,2.327,1.437,1.917,0,0.747,0.577,1.743,1.477,0.34,2.423,0,0.813,0.05,0.253,0,0.033,0,3.15,0,0,0,0,0,,,,,,,,,,,,,1.28,county-alert,1,1,overhaul-warning,1,4,last-night,0.28,8.714,300,10,10,89,5,44,300,430,108,124,192,306,0,0,945,224,0,0,0,0,0,0,0,0.0333,8.9,8.8,1.4333,1.1481,1.5938,,0.237,,,
stored-night,5,tide-siege+hollow-ground,w0h+l+,planner-one-mistake,300,76,0.2533,8.793,0.9094,63.946,0,0.497,2.763,66.9,2.987,14.183,0.89,0.287,0.8,0.007,1.967,1.77,0.233,1.47,0,0.39,0,0.107,0,0.003,0,3.457,0,0,0,0,0,182,300,182,54,0,46,254,0.2967,1,12.8983,2,0,1.083,county-alert,1,1,overhaul-warning,1,4,last-night,0.0833,9,300,1,1,8,1,8,300,1709,76,71,224,1638,0,0,1037,240,0,0,0,0,0,0,0,0.0033,8,8,5.6967,0.9342,7.3125,,0.2314,,,
stored-night,5,tide-siege+hollow-ground,w+h-l-,random,300,1,0.0033,8.997,0.8889,82.666,0,0.017,3.743,68.587,2.903,19.617,0.387,1.093,0.25,0.097,1.023,0.76,0.34,1.013,0,0.013,0,0.003,0,0.017,0,3.99,0,0,0,0,0,,,,,,,,,,,,,1.003,county-alert,1,1,overhaul-warning,1,4,last-night,0.0033,9,300,5,5,41,0,0,300,1856,1,1,299,1855,0,0,1197,75,0,0,0,0,0,0,0,0.0167,8.2,,6.1867,1,6.204,,0.0627,,,
stored-night,5,tide-siege+hollow-ground,w+h-l-,single-water,300,0,0,9,,88.793,0,0,4,77.457,3,13.933,0,0,0,0,1.993,1.813,0.18,0,0,0,0,0,0,0,0,4,0,0,0,0,0,,,,,,,,,,,,,1,county-alert,1,1,overhaul-warning,1,4,last-night,0,,300,0,0,0,0,0,300,2398,0,0,300,2398,0,0,1200,0,0,0,0,0,0,0,0,0,,,7.9933,,7.9933,,0,,,
stored-night,5,tide-siege+hollow-ground,w+h-l-,legacy-cycle,300,0,0,9,,76.017,0,0,4,88.39,3,29.507,0,0,0,0,0.787,0.337,0.46,2.4,0,0,0,0,0,0.947,0,4,0,0,0,0,0,,,,,,,,,,,,,1,county-alert,1,1,overhaul-warning,1,4,last-night,0,,300,284,284,2168,0,0,300,1691,0,0,300,1691,0,0,1200,0,0,0,0,0,0,0,0,0.9467,7.6338,,5.6367,,5.6367,,0,,,
stored-night,5,tide-siege+hollow-ground,w+h-l-,greedy,300,206,0.6867,8.213,0.8727,45.213,0,1.097,1.987,46.1,2.81,1.267,0.923,0.183,0.78,0.05,1.687,1.453,0.233,1.877,0,0.917,0.003,0.177,0,0.023,0,2.593,0,0,0,0,0,,,,,,,,,,,,,1.163,county-alert,1,1,overhaul-warning,1,4,last-night,0.1633,8.041,300,7,7,56,6,48,300,363,206,236,94,127,0,0,778,234,0,0,0,0,0,0,0,0.0233,8,8,1.21,1.1456,1.3511,,0.3008,,,
stored-night,5,tide-siege+hollow-ground,w+h-l-,planner,300,176,0.5867,8.28,0.8636,66.5,0,1.007,2.34,55.52,2.723,2.29,0.823,0.2,0.597,0.107,1.757,1.553,0.227,2.013,0,0.803,0.007,0.197,0,0.01,0,2.75,0,0,0,0,0,,,,,,,,,,,,,1.183,county-alert,1,1,overhaul-warning,1,4,last-night,0.1833,8.2,300,3,3,23,2,16,300,1113,176,202,124,911,0,0,825,179,0,0,0,0,0,0,0,0.01,7.6667,8,3.71,1.1477,7.3468,,0.217,,,
stored-night,5,tide-siege+hollow-ground,w+h-l-,forecast-aware,300,107,0.3567,8.647,0.8899,42.813,0,1.107,2.637,65.327,2.337,1.363,1.92,0,0.75,0.577,1.753,1.5,0.327,2.44,0,0.807,0.05,0.25,0,0.033,0,3.163,0,0,0,0,0,,,,,,,,,,,,,1.277,county-alert,1,1,overhaul-warning,1,4,last-night,0.2767,8.711,300,10,10,89,5,44,300,427,107,121,193,306,0,0,949,225,0,0,0,0,0,0,0,0.0333,8.9,8.8,1.4233,1.1308,1.5855,,0.2371,,,
stored-night,5,tide-siege+hollow-ground,w+h-l-,planner-one-mistake,300,65,0.2167,8.84,0.9179,64.604,0,0.47,2.82,68.833,2.99,14.257,0.92,0.3,0.827,0.007,2.007,1.793,0.27,1.47,0,0.353,0,0.117,0,0,0,3.53,0,0,0,0,0,176,300,176,47,0,46,254,0.267,1,12.4575,2,0,1.08,county-alert,1,1,overhaul-warning,1,4,last-night,0.08,9,300,0,0,0,0,0,300,1769,65,50,235,1719,0,0,1059,248,0,0,0,0,0,0,0,0,,,5.8967,0.7692,7.3149,,0.2342,,,
stored-night,5,tide-siege+hollow-ground,w+h-l0,random,300,1,0.0033,8.997,0.8889,82.475,0,0.017,3.743,68.84,2.903,19.67,0.387,1.093,0.25,0.097,1.023,0.76,0.34,1.013,0,0.013,0,0.003,0,0.017,0,3.99,0,0,0,0,0,,,,,,,,,,,,,1.003,county-alert,1,1,overhaul-warning,1,4,last-night,0.0033,9,300,5,5,41,0,0,300,1856,1,1,299,1855,0,0,1197,75,0,0,0,0,0,0,0,0.0167,8.2,,6.1867,1,6.204,,0.0627,,,
stored-night,5,tide-siege+hollow-ground,w+h-l0,single-water,300,0,0,9,,88.793,0,0,4,77.457,3,13.933,0,0,0,0,1.993,1.813,0.18,0,0,0,0,0,0,0,0,4,0,0,0,0,0,,,,,,,,,,,,,1,county-alert,1,1,overhaul-warning,1,4,last-night,0,,300,0,0,0,0,0,300,2398,0,0,300,2398,0,0,1200,0,0,0,0,0,0,0,0,0,,,7.9933,,7.9933,,0,,,
stored-night,5,tide-siege+hollow-ground,w+h-l0,legacy-cycle,300,0,0,9,,76.007,0,0,4,88.393,3,29.507,0,0,0,0,0.787,0.337,0.46,2.4,0,0,0,0,0,0.947,0,4,0,0,0,0,0,,,,,,,,,,,,,1,county-alert,1,1,overhaul-warning,1,4,last-night,0,,300,284,284,2168,0,0,300,1691,0,0,300,1691,0,0,1200,0,0,0,0,0,0,0,0,0.9467,7.6338,,5.6367,,5.6367,,0,,,
stored-night,5,tide-siege+hollow-ground,w+h-l0,greedy,300,208,0.6933,8.207,0.8729,45.761,0,1.107,2.007,46.773,2.793,1.2,0.907,0.187,0.76,0.047,1.71,1.46,0.257,1.79,0,0.92,0.003,0.183,0,0.027,0,2.59,0,0,0,0,0,,,,,,,,,,,,,1.17,county-alert,1,1,overhaul-warning,1,4,last-night,0.17,8.02,300,8,8,64,7,56,300,361,208,238,92,123,0,0,777,228,0,0,0,0,0,0,0,0.0267,8,8,1.2033,1.1442,1.337,,0.2934,,,
stored-night,5,tide-siege+hollow-ground,w+h-l0,planner,300,180,0.6,8.263,0.8636,66.583,0,1.037,2.327,55.1,2.72,2.347,0.803,0.207,0.587,0.107,1.75,1.553,0.227,1.983,0,0.823,0.007,0.207,0,0.01,0,2.717,0,0,0,0,0,,,,,,,,,,,,,1.193,county-alert,1,1,overhaul-warning,1,4,last-night,0.1933,8.224,300,3,3,23,1,8,300,1085,180,198,120,887,0,0,815,176,0,0,0,0,0,0,0,0.01,7.6667,8,3.6167,1.1,7.3917,,0.216,,,
stored-night,5,tide-siege+hollow-ground,w+h-l0,forecast-aware,300,107,0.3567,8.623,0.8827,42.249,0,1.117,2.64,65.527,2.327,1.393,1.913,0,0.747,0.577,1.743,1.48,0.333,2.427,0,0.81,0.05,0.257,0,0.033,0,3.157,0,0,0,0,0,,,,,,,,,,,,,1.283,county-alert,1,1,overhaul-warning,1,4,last-night,0.2833,8.718,300,10,10,89,5,44,300,425,107,118,193,307,0,0,947,224,0,0,0,0,0,0,0,0.0333,8.9,8.8,1.4167,1.1028,1.5907,,0.2365,,,
stored-night,5,tide-siege+hollow-ground,w+h-l0,planner-one-mistake,300,71,0.2367,8.817,0.9139,64.192,0,0.47,2.787,67.667,2.99,14.433,0.907,0.297,0.813,0.007,2.013,1.797,0.257,1.483,0,0.363,0,0.107,0,0.003,0,3.493,0,0,0,0,0,180,300,180,50,0,46,254,0.2778,1,12.6467,2,0,1.08,county-alert,1,1,overhaul-warning,1,4,last-night,0.08,9,300,1,1,8,1,8,300,1736,71,61,229,1675,0,0,1048,244,0,0,0,0,0,0,0,0.0033,8,8,5.7867,0.8592,7.3144,,0.2328,,,
stored-night,5,tide-siege+hollow-ground,w+h-l+,random,300,1,0.0033,8.997,0.8889,82.452,0,0.017,3.743,68.873,2.903,19.677,0.387,1.093,0.25,0.097,1.023,0.76,0.34,1.013,0,0.013,0,0.003,0,0.017,0,3.99,0,0,0,0,0,,,,,,,,,,,,,1.003,county-alert,1,1,overhaul-warning,1,4,last-night,0.0033,9,300,5,5,41,0,0,300,1856,1,1,299,1855,0,0,1197,75,0,0,0,0,0,0,0,0.0167,8.2,,6.1867,1,6.204,,0.0627,,,
stored-night,5,tide-siege+hollow-ground,w+h-l+,single-water,300,0,0,9,,88.793,0,0,4,77.457,3,13.933,0,0,0,0,1.993,1.813,0.18,0,0,0,0,0,0,0,0,4,0,0,0,0,0,,,,,,,,,,,,,1,county-alert,1,1,overhaul-warning,1,4,last-night,0,,300,0,0,0,0,0,300,2398,0,0,300,2398,0,0,1200,0,0,0,0,0,0,0,0,0,,,7.9933,,7.9933,,0,,,
stored-night,5,tide-siege+hollow-ground,w+h-l+,legacy-cycle,300,0,0,9,,76.007,0,0,4,88.393,3,29.507,0,0,0,0,0.787,0.337,0.46,2.4,0,0,0,0,0,0.947,0,4,0,0,0,0,0,,,,,,,,,,,,,1,county-alert,1,1,overhaul-warning,1,4,last-night,0,,300,284,284,2168,0,0,300,1691,0,0,300,1691,0,0,1200,0,0,0,0,0,0,0,0,0.9467,7.6338,,5.6367,,5.6367,,0,,,
stored-night,5,tide-siege+hollow-ground,w+h-l+,greedy,300,207,0.69,8.21,0.8728,45.914,0,1.117,2.017,47.107,2.787,1.2,0.907,0.183,0.763,0.047,1.71,1.46,0.257,1.797,0,0.923,0.003,0.19,0,0.027,0,2.597,0,0,0,0,0,,,,,,,,,,,,,1.177,county-alert,1,1,overhaul-warning,1,4,last-night,0.1767,7.981,300,8,8,64,7,56,300,363,207,238,93,125,0,0,779,229,0,0,0,0,0,0,0,0.0267,8,8,1.21,1.1498,1.3441,,0.294,,,
stored-night,5,tide-siege+hollow-ground,w+h-l+,planner,300,182,0.6067,8.257,0.8639,66.653,0,1.04,2.313,54.687,2.717,2.347,0.807,0.207,0.59,0.107,1.753,1.557,0.227,1.98,0,0.827,0.007,0.207,0,0.01,0,2.71,0,0,0,0,0,,,,,,,,,,,,,1.193,county-alert,1,1,overhaul-warning,1,4,last-night,0.1933,8.19,300,3,3,23,2,16,300,1075,182,198,118,877,0,0,813,177,0,0,0,0,0,0,0,0.01,7.6667,8,3.5833,1.0879,7.4322,,0.2177,,,
stored-night,5,tide-siege+hollow-ground,w+h-l+,forecast-aware,300,107,0.3567,8.623,0.8827,42.124,0,1.117,2.64,65.527,2.327,1.393,1.913,0,0.747,0.577,1.743,1.48,0.333,2.427,0,0.81,0.05,0.257,0,0.033,0,3.157,0,0,0,0,0,,,,,,,,,,,,,1.283,county-alert,1,1,overhaul-warning,1,4,last-night,0.2833,8.718,300,10,10,89,5,44,300,425,107,118,193,307,0,0,947,224,0,0,0,0,0,0,0,0.0333,8.9,8.8,1.4167,1.1028,1.5907,,0.2365,,,
stored-night,5,tide-siege+hollow-ground,w+h-l+,planner-one-mistake,300,70,0.2333,8.817,0.9127,64.022,0,0.47,2.787,67.667,2.99,14.433,0.907,0.297,0.813,0.007,2.01,1.797,0.253,1.47,0,0.363,0,0.107,0,0.003,0,3.493,0,0,0,0,0,182,300,182,49,0,46,254,0.2692,1,12.6467,2,0,1.08,county-alert,1,1,overhaul-warning,1,4,last-night,0.08,9,300,1,1,8,1,8,300,1744,70,61,230,1683,0,0,1048,244,0,0,0,0,0,0,0,0.0033,8,8,5.8133,0.8714,7.3174,,0.2328,,,
stored-night,5,tide-siege+hollow-ground,w+h0l-,random,300,1,0.0033,8.997,0.8889,82.502,0,0.02,3.743,68.823,2.903,19.683,0.387,1.093,0.25,0.097,1.023,0.76,0.34,1.013,0,0.017,0,0.003,0,0.017,0,3.99,0,0,0,0,0,,,,,,,,,,,,,1.003,county-alert,1,1,overhaul-warning,1,4,last-night,0.0033,9,300,5,5,41,0,0,300,1856,1,1,299,1855,0,0,1197,75,0,0,0,0,0,0,0,0.0167,8.2,,6.1867,1,6.204,,0.0627,,,
stored-night,5,tide-siege+hollow-ground,w+h0l-,single-water,300,0,0,9,,88.793,0,0,4,77.457,3,13.933,0,0,0,0,1.993,1.813,0.18,0,0,0,0,0,0,0,0,4,0,0,0,0,0,,,,,,,,,,,,,1,county-alert,1,1,overhaul-warning,1,4,last-night,0,,300,0,0,0,0,0,300,2398,0,0,300,2398,0,0,1200,0,0,0,0,0,0,0,0,0,,,7.9933,,7.9933,,0,,,
stored-night,5,tide-siege+hollow-ground,w+h0l-,legacy-cycle,300,0,0,9,,75.7,0,0,4,88.517,3,29.507,0,0,0,0,0.787,0.337,0.46,2.4,0,0,0,0,0,0.947,0,4,0,0,0,0,0,,,,,,,,,,,,,1,county-alert,1,1,overhaul-warning,1,4,last-night,0,,300,284,284,2168,0,0,300,1691,0,0,300,1691,0,0,1200,0,0,0,0,0,0,0,0,0.9467,7.6338,,5.6367,,5.6367,,0,,,
stored-night,5,tide-siege+hollow-ground,w+h0l-,greedy,300,209,0.6967,8.18,0.8692,45.275,0,1.12,1.97,45.74,2.787,1.467,0.933,0.197,0.783,0.053,1.663,1.417,0.253,1.903,0,0.933,0.003,0.183,0,0.03,0,2.573,0,0,0,0,0,,,,,,,,,,,,,1.17,county-alert,1,1,overhaul-warning,1,4,last-night,0.17,7.922,300,9,9,71,6,47,300,356,209,237,91,119,0,0,772,235,0,0,0,0,0,0,0,0.03,7.8889,7.8333,1.1867,1.134,1.3077,,0.3044,,,
stored-night,5,tide-siege+hollow-ground,w+h0l-,planner,300,178,0.5933,8.26,0.8614,66.139,0,1.027,2.33,55.267,2.72,2.153,0.817,0.207,0.597,0.103,1.727,1.53,0.223,2.027,0,0.817,0.007,0.203,0,0.007,0,2.733,0,0,0,0,0,,,,,,,,,,,,,1.183,county-alert,1,1,overhaul-warning,1,4,last-night,0.1833,8.127,300,2,2,15,1,8,300,1098,178,202,122,896,0,0,820,179,0,0,0,0,0,0,0,0.0067,7.5,8,3.66,1.1348,7.3443,,0.2183,,,
stored-night,5,tide-siege+hollow-ground,w+h0l-,forecast-aware,300,107,0.3567,8.63,0.8847,41.922,0,1.123,2.633,65.327,2.337,1.36,1.917,0,0.747,0.577,1.747,1.487,0.33,2.443,0,0.817,0.05,0.257,0,0.033,0,3.15,0,0,0,0,0,,,,,,,,,,,,,1.283,county-alert,1,1,overhaul-warning,1,4,last-night,0.2833,8.718,300,10,10,89,4,35,300,429,107,122,193,307,0,0,945,224,0,0,0,0,0,0,0,0.0333,8.9,8.75,1.43,1.1402,1.5907,,0.237,,,
stored-night,5,tide-siege+hollow-ground,w+h0l-,planner-one-mistake,300,69,0.23,8.827,0.9163,64.346,0,0.483,2.803,68.333,2.987,14.273,0.92,0.293,0.827,0.007,1.997,1.793,0.26,1.46,0,0.367,0,0.117,0,0,0,3.513,0,0,0,0,0,178,300,178,48,0,46,254,0.2697,1,12.5642,2,0,1.077,county-alert,1,1,overhaul-warning,1,4,last-night,0.0767,9,300,0,0,0,0,0,300,1741,69,52,231,1689,0,0,1054,248,0,0,0,0,0,0,0,0,,,5.8033,0.7536,7.3117,,0.2353,,,
stored-night,5,tide-siege+hollow-ground,w+h0l0,random,300,1,0.0033,8.997,0.8889,82.311,0,0.02,3.743,69.077,2.903,19.737,0.387,1.093,0.25,0.097,1.023,0.76,0.34,1.013,0,0.017,0,0.003,0,0.017,0,3.99,0,0,0,0,0,,,,,,,,,,,,,1.003,county-alert,1,1,overhaul-warning,1,4,last-night,0.0033,9,300,5,5,41,0,0,300,1856,1,1,299,1855,0,0,1197,75,0,0,0,0,0,0,0,0.0167,8.2,,6.1867,1,6.204,,0.0627,,,
stored-night,5,tide-siege+hollow-ground,w+h0l0,single-water,300,0,0,9,,88.793,0,0,4,77.457,3,13.933,0,0,0,0,1.993,1.813,0.18,0,0,0,0,0,0,0,0,4,0,0,0,0,0,,,,,,,,,,,,,1,county-alert,1,1,overhaul-warning,1,4,last-night,0,,300,0,0,0,0,0,300,2398,0,0,300,2398,0,0,1200,0,0,0,0,0,0,0,0,0,,,7.9933,,7.9933,,0,,,
stored-night,5,tide-siege+hollow-ground,w+h0l0,legacy-cycle,300,0,0,9,,75.69,0,0,4,88.52,3,29.507,0,0,0,0,0.787,0.337,0.46,2.4,0,0,0,0,0,0.947,0,4,0,0,0,0,0,,,,,,,,,,,,,1,county-alert,1,1,overhaul-warning,1,4,last-night,0,,300,284,284,2168,0,0,300,1691,0,0,300,1691,0,0,1200,0,0,0,0,0,0,0,0,0.9467,7.6338,,5.6367,,5.6367,,0,,,
stored-night,5,tide-siege+hollow-ground,w+h0l0,greedy,300,211,0.7033,8.18,0.8705,45.067,0,1.133,1.983,46.187,2.777,1.48,0.917,0.197,0.77,0.05,1.697,1.42,0.283,1.837,0,0.94,0.003,0.19,0,0.037,0,2.57,0,0,0,0,0,,,,,,,,,,,,,1.177,county-alert,1,1,overhaul-warning,1,4,last-night,0.1767,7.981,300,11,11,88,8,64,300,350,211,232,89,118,0,0,771,231,0,0,0,0,0,0,0,0.0367,8,8,1.1667,1.0995,1.3258,,0.2996,,,
stored-night,5,tide-siege+hollow-ground,w+h0l0,planner,300,186,0.62,8.233,0.8626,65.772,0,1.027,2.287,53.74,2.72,2.29,0.797,0.213,0.59,0.103,1.73,1.537,0.223,1.99,0,0.827,0.007,0.193,0,0.01,0,2.697,0,0,0,0,0,,,,,,,,,,,,,1.177,county-alert,1,1,overhaul-warning,1,4,last-night,0.1767,8.113,300,3,3,23,2,16,300,1047,186,209,114,838,0,0,809,177,0,0,0,0,0,0,0,0.01,7.6667,8,3.49,1.1237,7.3509,,0.2188,,,
stored-night,5,tide-siege+hollow-ground,w+h0l0,forecast-aware,300,113,0.3767,8.593,0.88,41.15,0,1.107,2.603,64.18,2.327,1.393,1.907,0,0.743,0.577,1.743,1.47,0.343,2.417,0,0.817,0.05,0.24,0,0.033,0,3.133,0,0,0,0,0,,,,,,,,,,,,,1.27,county-alert,1,1,overhaul-warning,1,4,last-night,0.27,8.716,300,10,10,89,5,44,300,427,113,126,187,301,0,0,940,223,0,0,0,0,0,0,0,0.0333,8.9,8.8,1.4233,1.115,1.6096,,0.2372,,,
stored-night,5,tide-siege+hollow-ground,w+h0l0,planner-one-mistake,300,76,0.2533,8.803,0.9137,64,0,0.48,2.767,67.007,2.987,14.443,0.907,0.29,0.813,0.007,2,1.803,0.237,1.48,0,0.377,0,0.103,0,0.003,0,3.477,0,0,0,0,0,186,300,186,54,0,46,254,0.2903,1,12.74,2,0,1.077,county-alert,1,1,overhaul-warning,1,4,last-night,0.0767,9,300,1,1,8,1,8,300,1706,76,67,224,1639,0,0,1043,244,0,0,0,0,0,0,0,0.0033,8,8,5.6867,0.8816,7.317,,0.2339,,,
stored-night,5,tide-siege+hollow-ground,w+h0l+,random,300,1,0.0033,8.997,0.8889,82.291,0,0.02,3.743,69.11,2.903,19.743,0.387,1.093,0.25,0.097,1.023,0.76,0.34,1.013,0,0.017,0,0.003,0,0.017,0,3.99,0,0,0,0,0,,,,,,,,,,,,,1.003,county-alert,1,1,overhaul-warning,1,4,last-night,0.0033,9,300,5,5,41,0,0,300,1856,1,1,299,1855,0,0,1197,75,0,0,0,0,0,0,0,0.0167,8.2,,6.1867,1,6.204,,0.0627,,,
stored-night,5,tide-siege+hollow-ground,w+h0l+,single-water,300,0,0,9,,88.793,0,0,4,77.457,3,13.933,0,0,0,0,1.993,1.813,0.18,0,0,0,0,0,0,0,0,4,0,0,0,0,0,,,,,,,,,,,,,1,county-alert,1,1,overhaul-warning,1,4,last-night,0,,300,0,0,0,0,0,300,2398,0,0,300,2398,0,0,1200,0,0,0,0,0,0,0,0,0,,,7.9933,,7.9933,,0,,,
stored-night,5,tide-siege+hollow-ground,w+h0l+,legacy-cycle,300,0,0,9,,75.69,0,0,4,88.52,3,29.507,0,0,0,0,0.787,0.337,0.46,2.4,0,0,0,0,0,0.947,0,4,0,0,0,0,0,,,,,,,,,,,,,1,county-alert,1,1,overhaul-warning,1,4,last-night,0,,300,284,284,2168,0,0,300,1691,0,0,300,1691,0,0,1200,0,0,0,0,0,0,0,0,0.9467,7.6338,,5.6367,,5.6367,,0,,,
stored-night,5,tide-siege+hollow-ground,w+h0l+,greedy,300,211,0.7033,8.18,0.8705,44.978,0,1.133,1.983,46.187,2.777,1.48,0.917,0.197,0.77,0.05,1.697,1.42,0.283,1.837,0,0.94,0.003,0.19,0,0.037,0,2.57,0,0,0,0,0,,,,,,,,,,,,,1.177,county-alert,1,1,overhaul-warning,1,4,last-night,0.1767,7.981,300,11,11,88,8,64,300,350,211,232,89,118,0,0,771,231,0,0,0,0,0,0,0,0.0367,8,8,1.1667,1.0995,1.3258,,0.2996,,,
stored-night,5,tide-siege+hollow-ground,w+h0l+,planner,300,188,0.6267,8.23,0.8635,65.759,0,1.027,2.277,53.38,2.72,2.29,0.797,0.213,0.59,0.103,1.73,1.537,0.223,1.983,0,0.83,0.007,0.19,0,0.01,0,2.69,0,0,0,0,0,,,,,,,,,,,,,1.177,county-alert,1,1,overhaul-warning,1,4,last-night,0.1767,8.113,300,3,3,23,2,16,300,1035,188,213,112,822,0,0,807,177,0,0,0,0,0,0,0,0.01,7.6667,8,3.45,1.133,7.3393,,0.2193,,,
stored-night,5,tide-siege+hollow-ground,w+h0l+,forecast-aware,300,114,0.38,8.587,0.8791,41.108,0,1.103,2.6,64.02,2.327,1.423,1.9,0,0.737,0.577,1.743,1.47,0.343,2.41,0,0.817,0.05,0.237,0,0.033,0,3.127,0,0,0,0,0,,,,,,,,,,,,,1.27,county-alert,1,1,overhaul-warning,1,4,last-night,0.27,8.716,300,10,10,89,5,44,300,427,114,129,186,298,0,0,938,221,0,0,0,0,0,0,0,0.0333,8.9,8.8,1.4233,1.1316,1.6022,,0.2356,,,
stored-night,5,tide-siege+hollow-ground,w+h0l+,planner-one-mistake,300,75,0.25,8.803,0.9126,63.822,0,0.48,2.767,67.007,2.987,14.443,0.907,0.29,0.813,0.007,1.997,1.803,0.233,1.467,0,0.377,0,0.103,0,0.003,0,3.477,0,0,0,0,0,188,300,188,54,0,46,254,0.2872,1,12.74,2,0,1.077,county-alert,1,1,overhaul-warning,1,4,last-night,0.0767,9,300,1,1,8,1,8,300,1714,75,67,225,1647,0,0,1043,244,0,0,0,0,0,0,0,0.0033,8,8,5.7133,0.8933,7.32,,0.2339,,,
stored-night,5,tide-siege+hollow-ground,w+h+l-,random,300,1,0.0033,8.997,0.8889,82.495,0,0.02,3.743,68.83,2.903,19.683,0.387,1.093,0.25,0.097,1.023,0.76,0.34,1.013,0,0.017,0,0.003,0,0.017,0,3.99,0,0,0,0,0,,,,,,,,,,,,,1.003,county-alert,1,1,overhaul-warning,1,4,last-night,0.0033,9,300,5,5,41,0,0,300,1856,1,1,299,1855,0,0,1197,75,0,0,0,0,0,0,0,0.0167,8.2,,6.1867,1,6.204,,0.0627,,,
stored-night,5,tide-siege+hollow-ground,w+h+l-,single-water,300,0,0,9,,88.793,0,0,4,77.457,3,13.933,0,0,0,0,1.993,1.813,0.18,0,0,0,0,0,0,0,0,4,0,0,0,0,0,,,,,,,,,,,,,1,county-alert,1,1,overhaul-warning,1,4,last-night,0,,300,0,0,0,0,0,300,2398,0,0,300,2398,0,0,1200,0,0,0,0,0,0,0,0,0,,,7.9933,,7.9933,,0,,,
stored-night,5,tide-siege+hollow-ground,w+h+l-,legacy-cycle,300,0,0,9,,75.7,0,0,4,88.517,3,29.507,0,0,0,0,0.787,0.337,0.46,2.4,0,0,0,0,0,0.947,0,4,0,0,0,0,0,,,,,,,,,,,,,1,county-alert,1,1,overhaul-warning,1,4,last-night,0,,300,284,284,2168,0,0,300,1691,0,0,300,1691,0,0,1200,0,0,0,0,0,0,0,0,0.9467,7.6338,,5.6367,,5.6367,,0,,,
stored-night,5,tide-siege+hollow-ground,w+h+l-,greedy,300,209,0.6967,8.18,0.8692,45.275,0,1.12,1.97,45.74,2.787,1.467,0.933,0.197,0.783,0.053,1.663,1.417,0.253,1.903,0,0.933,0.003,0.183,0,0.03,0,2.573,0,0,0,0,0,,,,,,,,,,,,,1.17,county-alert,1,1,overhaul-warning,1,4,last-night,0.17,7.922,300,9,9,71,6,47,300,356,209,237,91,119,0,0,772,235,0,0,0,0,0,0,0,0.03,7.8889,7.8333,1.1867,1.134,1.3077,,0.3044,,,
stored-night,5,tide-siege+hollow-ground,w+h+l-,planner,300,178,0.5933,8.26,0.8614,66.123,0,1.027,2.33,55.267,2.72,2.153,0.817,0.207,0.597,0.103,1.727,1.53,0.223,2.027,0,0.817,0.007,0.203,0,0.007,0,2.733,0,0,0,0,0,,,,,,,,,,,,,1.183,county-alert,1,1,overhaul-warning,1,4,last-night,0.1833,8.127,300,2,2,15,1,8,300,1098,178,202,122,896,0,0,820,179,0,0,0,0,0,0,0,0.0067,7.5,8,3.66,1.1348,7.3443,,0.2183,,,
stored-night,5,tide-siege+hollow-ground,w+h+l-,forecast-aware,300,107,0.3567,8.63,0.8847,41.896,0,1.123,2.633,65.327,2.337,1.36,1.917,0,0.747,0.577,1.747,1.487,0.33,2.443,0,0.817,0.05,0.257,0,0.033,0,3.15,0,0,0,0,0,,,,,,,,,,,,,1.283,county-alert,1,1,overhaul-warning,1,4,last-night,0.2833,8.718,300,10,10,89,4,35,300,429,107,122,193,307,0,0,945,224,0,0,0,0,0,0,0,0.0333,8.9,8.75,1.43,1.1402,1.5907,,0.237,,,
stored-night,5,tide-siege+hollow-ground,w+h+l-,planner-one-mistake,300,69,0.23,8.827,0.9163,64.329,0,0.483,2.803,68.333,2.987,14.273,0.92,0.293,0.827,0.007,2,1.793,0.263,1.46,0,0.367,0,0.117,0,0,0,3.513,0,0,0,0,0,178,300,178,48,0,46,254,0.2697,1,12.5642,2,0,1.077,county-alert,1,1,overhaul-warning,1,4,last-night,0.0767,9,300,0,0,0,0,0,300,1741,69,52,231,1689,0,0,1054,248,0,0,0,0,0,0,0,0,,,5.8033,0.7536,7.3117,,0.2353,,,
stored-night,5,tide-siege+hollow-ground,w+h+l0,random,300,1,0.0033,8.997,0.8889,82.308,0,0.02,3.743,69.083,2.903,19.737,0.387,1.093,0.25,0.097,1.023,0.76,0.34,1.013,0,0.017,0,0.003,0,0.017,0,3.99,0,0,0,0,0,,,,,,,,,,,,,1.003,county-alert,1,1,overhaul-warning,1,4,last-night,0.0033,9,300,5,5,41,0,0,300,1856,1,1,299,1855,0,0,1197,75,0,0,0,0,0,0,0,0.0167,8.2,,6.1867,1,6.204,,0.0627,,,
stored-night,5,tide-siege+hollow-ground,w+h+l0,single-water,300,0,0,9,,88.793,0,0,4,77.457,3,13.933,0,0,0,0,1.993,1.813,0.18,0,0,0,0,0,0,0,0,4,0,0,0,0,0,,,,,,,,,,,,,1,county-alert,1,1,overhaul-warning,1,4,last-night,0,,300,0,0,0,0,0,300,2398,0,0,300,2398,0,0,1200,0,0,0,0,0,0,0,0,0,,,7.9933,,7.9933,,0,,,
stored-night,5,tide-siege+hollow-ground,w+h+l0,legacy-cycle,300,0,0,9,,75.69,0,0,4,88.52,3,29.507,0,0,0,0,0.787,0.337,0.46,2.4,0,0,0,0,0,0.947,0,4,0,0,0,0,0,,,,,,,,,,,,,1,county-alert,1,1,overhaul-warning,1,4,last-night,0,,300,284,284,2168,0,0,300,1691,0,0,300,1691,0,0,1200,0,0,0,0,0,0,0,0,0.9467,7.6338,,5.6367,,5.6367,,0,,,
stored-night,5,tide-siege+hollow-ground,w+h+l0,greedy,300,211,0.7033,8.18,0.8705,45.045,0,1.133,1.983,46.187,2.777,1.48,0.917,0.197,0.77,0.05,1.697,1.42,0.283,1.837,0,0.94,0.003,0.19,0,0.037,0,2.57,0,0,0,0,0,,,,,,,,,,,,,1.177,county-alert,1,1,overhaul-warning,1,4,last-night,0.1767,7.981,300,11,11,88,8,64,300,350,211,232,89,118,0,0,771,231,0,0,0,0,0,0,0,0.0367,8,8,1.1667,1.0995,1.3258,,0.2996,,,
stored-night,5,tide-siege+hollow-ground,w+h+l0,planner,300,186,0.62,8.233,0.8626,65.763,0,1.027,2.287,53.74,2.72,2.29,0.797,0.213,0.59,0.103,1.733,1.54,0.223,1.99,0,0.827,0.007,0.193,0,0.01,0,2.697,0,0,0,0,0,,,,,,,,,,,,,1.177,county-alert,1,1,overhaul-warning,1,4,last-night,0.1767,8.113,300,3,3,23,2,16,300,1047,186,209,114,838,0,0,809,177,0,0,0,0,0,0,0,0.01,7.6667,8,3.49,1.1237,7.3509,,0.2188,,,
stored-night,5,tide-siege+hollow-ground,w+h+l0,forecast-aware,300,113,0.3767,8.593,0.88,41.128,0,1.107,2.603,64.18,2.327,1.393,1.907,0,0.743,0.577,1.743,1.47,0.343,2.417,0,0.817,0.05,0.24,0,0.033,0,3.133,0,0,0,0,0,,,,,,,,,,,,,1.27,county-alert,1,1,overhaul-warning,1,4,last-night,0.27,8.716,300,10,10,89,5,44,300,427,113,126,187,301,0,0,940,223,0,0,0,0,0,0,0,0.0333,8.9,8.8,1.4233,1.115,1.6096,,0.2372,,,
stored-night,5,tide-siege+hollow-ground,w+h+l0,planner-one-mistake,300,76,0.2533,8.803,0.9137,63.982,0,0.48,2.767,67.007,2.987,14.443,0.907,0.29,0.813,0.007,2.003,1.803,0.24,1.48,0,0.377,0,0.103,0,0.003,0,3.477,0,0,0,0,0,186,300,186,54,0,46,254,0.2903,1,12.74,2,0,1.077,county-alert,1,1,overhaul-warning,1,4,last-night,0.0767,9,300,1,1,8,1,8,300,1706,76,67,224,1639,0,0,1043,244,0,0,0,0,0,0,0,0.0033,8,8,5.6867,0.8816,7.317,,0.2339,,,
stored-night,5,tide-siege+hollow-ground,w+h+l+,random,300,1,0.0033,8.997,0.8889,82.284,0,0.02,3.743,69.117,2.903,19.743,0.387,1.093,0.25,0.097,1.023,0.76,0.34,1.013,0,0.017,0,0.003,0,0.017,0,3.99,0,0,0,0,0,,,,,,,,,,,,,1.003,county-alert,1,1,overhaul-warning,1,4,last-night,0.0033,9,300,5,5,41,0,0,300,1856,1,1,299,1855,0,0,1197,75,0,0,0,0,0,0,0,0.0167,8.2,,6.1867,1,6.204,,0.0627,,,
stored-night,5,tide-siege+hollow-ground,w+h+l+,single-water,300,0,0,9,,88.793,0,0,4,77.457,3,13.933,0,0,0,0,1.993,1.813,0.18,0,0,0,0,0,0,0,0,4,0,0,0,0,0,,,,,,,,,,,,,1,county-alert,1,1,overhaul-warning,1,4,last-night,0,,300,0,0,0,0,0,300,2398,0,0,300,2398,0,0,1200,0,0,0,0,0,0,0,0,0,,,7.9933,,7.9933,,0,,,
stored-night,5,tide-siege+hollow-ground,w+h+l+,legacy-cycle,300,0,0,9,,75.663,0,0,4,88.52,3,29.507,0,0,0,0,0.787,0.337,0.46,2.4,0,0,0,0,0,0.947,0,4,0,0,0,0,0,,,,,,,,,,,,,1,county-alert,1,1,overhaul-warning,1,4,last-night,0,,300,284,284,2168,0,0,300,1691,0,0,300,1691,0,0,1200,0,0,0,0,0,0,0,0,0.9467,7.6338,,5.6367,,5.6367,,0,,,
stored-night,5,tide-siege+hollow-ground,w+h+l+,greedy,300,211,0.7033,8.18,0.8705,44.978,0,1.133,1.983,46.187,2.777,1.48,0.917,0.197,0.77,0.05,1.697,1.42,0.283,1.837,0,0.94,0.003,0.19,0,0.037,0,2.57,0,0,0,0,0,,,,,,,,,,,,,1.177,county-alert,1,1,overhaul-warning,1,4,last-night,0.1767,7.981,300,11,11,88,8,64,300,350,211,232,89,118,0,0,771,231,0,0,0,0,0,0,0,0.0367,8,8,1.1667,1.0995,1.3258,,0.2996,,,
stored-night,5,tide-siege+hollow-ground,w+h+l+,planner,300,188,0.6267,8.23,0.8635,65.75,0,1.027,2.277,53.38,2.72,2.29,0.797,0.213,0.59,0.103,1.733,1.54,0.223,1.983,0,0.83,0.007,0.19,0,0.01,0,2.69,0,0,0,0,0,,,,,,,,,,,,,1.177,county-alert,1,1,overhaul-warning,1,4,last-night,0.1767,8.113,300,3,3,23,2,16,300,1035,188,213,112,822,0,0,807,177,0,0,0,0,0,0,0,0.01,7.6667,8,3.45,1.133,7.3393,,0.2193,,,
stored-night,5,tide-siege+hollow-ground,w+h+l+,forecast-aware,300,114,0.38,8.587,0.8791,41.081,0,1.103,2.6,64.02,2.327,1.423,1.9,0,0.737,0.577,1.743,1.47,0.343,2.41,0,0.817,0.05,0.237,0,0.033,0,3.127,0,0,0,0,0,,,,,,,,,,,,,1.27,county-alert,1,1,overhaul-warning,1,4,last-night,0.27,8.716,300,10,10,89,5,44,300,427,114,129,186,298,0,0,938,221,0,0,0,0,0,0,0,0.0333,8.9,8.8,1.4233,1.1316,1.6022,,0.2356,,,
stored-night,5,tide-siege+hollow-ground,w+h+l+,planner-one-mistake,300,75,0.25,8.803,0.9126,63.804,0,0.48,2.767,67.007,2.987,14.443,0.907,0.29,0.813,0.007,2,1.803,0.237,1.467,0,0.377,0,0.103,0,0.003,0,3.477,0,0,0,0,0,188,300,188,54,0,46,254,0.2872,1,12.74,2,0,1.077,county-alert,1,1,overhaul-warning,1,4,last-night,0.0767,9,300,1,1,8,1,8,300,1714,75,67,225,1647,0,0,1043,244,0,0,0,0,0,0,0,0.0033,8,8,5.7133,0.8933,7.32,,0.2339,,,
stored-night,5,tide-siege+sluice-jam,w-h-l-,random,300,0,0,9,,83.557,0,0.01,3.733,64.947,2.847,19.183,0.497,1.273,0.267,0.153,0.923,0.677,0.34,1.05,0,0.007,0,0.003,0,0.003,0,3.997,0,0,0,0,0,,,,,,,,,,,,,1,county-alert,1,1,overhaul-warning,1,4,last-night,0,,300,1,1,9,0,0,300,1880,0,0,300,1880,0,0,1199,80,0,0,0,0,0,0,0,0.0033,9,,6.2667,,6.2667,,0.0667,,,
stored-night,5,tide-siege+sluice-jam,w-h-l-,single-water,300,0,0,9,,90.803,0,0,4,60.287,3,11.117,0,0,0,0,1.703,1.147,0.557,0,0,0,0,0,0,0,0,4,0,0,0,0,0,,,,,,,,,,,,,1,county-alert,1,1,overhaul-warning,1,4,last-night,0,,300,0,0,0,0,0,300,2551,0,0,300,2551,0,0,1200,0,0,0,0,0,0,0,0,0,,,8.5033,,8.5033,,0,,,
stored-night,5,tide-siege+sluice-jam,w-h-l-,legacy-cycle,300,0,0,9,,78.167,0,0,4,88.493,3,32.473,0,0,0,0,1.177,0.61,0.583,2.417,0,0,0,0,0,0.97,0,4,0,0,0,0,0,,,,,,,,,,,,,1,county-alert,1,1,overhaul-warning,1,4,last-night,0,,300,291,291,2151,0,0,300,1722,0,0,300,1722,0,0,1200,0,0,0,0,0,0,0,0,0.97,7.3918,,5.74,,5.74,,0,,,
stored-night,5,tide-siege+sluice-jam,w-h-l-,greedy,300,199,0.6633,8.237,0.8721,40.851,0,1.117,1.947,45.273,2.883,0.597,0.987,0.21,0.813,0.017,1.713,1.493,0.223,1.787,0,0.94,0,0.177,0,0.023,0,2.583,0,0,0,0,0,,,,,,,,,,,,,1.163,county-alert,1,1,overhaul-warning,1,4,last-night,0.1633,8.469,300,7,7,55,4,31,300,392,199,243,101,149,0,0,775,244,0,0,0,0,0,0,0,0.0233,7.8571,7.75,1.3067,1.2211,1.4752,,0.3148,,,
stored-night,5,tide-siege+sluice-jam,w-h-l-,planner,300,178,0.5933,8.28,0.8652,60.664,0,0.98,2.21,51.893,2.787,0.927,1.033,0.15,0.687,0.07,1.617,1.48,0.153,2.05,0,0.8,0.003,0.177,0,0.03,0,2.74,0,0,0,0,0,,,,,,,,,,,,,1.17,county-alert,1,1,overhaul-warning,1,4,last-night,0.17,8.392,300,9,9,73,9,73,300,1092,178,199,122,893,0,0,822,206,0,0,0,0,0,0,0,0.03,8.1111,8.1111,3.64,1.118,7.3197,,0.2506,,,
stored-night,5,tide-siege+sluice-jam,w-h-l-,forecast-aware,300,70,0.2333,8.81,0.9095,42.361,0,1.207,2.62,66.127,2.3,1.287,2.59,0,0.977,0.643,1.727,1.42,0.403,2.627,0,0.827,0.067,0.313,0,0.033,0,3.313,0,0,0,0,0,,,,,,,,,,,,,1.327,county-alert,1,1,overhaul-warning,1,4,last-night,0.3267,8.786,300,10,10,90,4,36,300,580,70,91,230,489,0,0,994,293,0,0,0,0,0,0,0,0.0333,9,9,1.9333,1.3,2.1261,,0.2948,,,
stored-night,5,tide-siege+sluice-jam,w-h-l-,planner-one-mistake,300,45,0.15,8.897,0.9235,59.898,0,0.467,2.697,65.35,2.997,14.303,1.19,0.327,1.05,0.003,2.077,1.833,0.293,1.153,0,0.34,0.007,0.12,0,0.007,0,3.627,0,0,0,0,0,178,300,178,35,0,26,274,0.1966,1,12.7283,1,0,1.08,county-alert,1,1,overhaul-warning,1,4,last-night,0.08,9,300,2,2,15,1,8,300,1902,45,38,255,1864,0,0,1088,315,0,0,0,0,0,0,0,0.0067,7.5,8,6.34,0.8444,7.3098,,0.2895,,,
stored-night,5,tide-siege+sluice-jam,w-h-l0,random,300,0,0,9,,83.447,0,0.01,3.733,65.097,2.847,19.227,0.497,1.273,0.267,0.153,0.923,0.677,0.34,1.05,0,0.007,0,0.003,0,0.003,0,3.997,0,0,0,0,0,,,,,,,,,,,,,1,county-alert,1,1,overhaul-warning,1,4,last-night,0,,300,1,1,9,0,0,300,1880,0,0,300,1880,0,0,1199,80,0,0,0,0,0,0,0,0.0033,9,,6.2667,,6.2667,,0.0667,,,
stored-night,5,tide-siege+sluice-jam,w-h-l0,single-water,300,0,0,9,,90.803,0,0,4,60.287,3,11.117,0,0,0,0,1.703,1.147,0.557,0,0,0,0,0,0,0,0,4,0,0,0,0,0,,,,,,,,,,,,,1,county-alert,1,1,overhaul-warning,1,4,last-night,0,,300,0,0,0,0,0,300,2551,0,0,300,2551,0,0,1200,0,0,0,0,0,0,0,0,0,,,8.5033,,8.5033,,0,,,
stored-night,5,tide-siege+sluice-jam,w-h-l0,legacy-cycle,300,0,0,9,,78.013,0,0,4,88.507,3,32.487,0,0,0,0,1.177,0.61,0.583,2.417,0,0,0,0,0,0.97,0,4,0,0,0,0,0,,,,,,,,,,,,,1,county-alert,1,1,overhaul-warning,1,4,last-night,0,,300,291,291,2151,0,0,300,1722,0,0,300,1722,0,0,1200,0,0,0,0,0,0,0,0,0.97,7.3918,,5.74,,5.74,,0,,,
stored-night,5,tide-siege+sluice-jam,w-h-l0,greedy,300,201,0.67,8.233,0.8729,42.404,0,1.127,1.98,46.347,2.877,0.52,0.987,0.203,0.817,0.013,1.713,1.507,0.21,1.717,0,0.937,0,0.19,0,0.023,0,2.607,0,0,0,0,0,,,,,,,,,,,,,1.183,county-alert,1,1,overhaul-warning,1,4,last-night,0.1833,8.309,300,7,7,57,5,40,300,372,201,235,99,137,0,0,782,245,0,0,0,0,0,0,0,0.0233,8.1429,8,1.24,1.1692,1.3838,,0.3133,,,
stored-night,5,tide-siege+sluice-jam,w-h-l0,planner,300,188,0.6267,8.243,0.8658,60.857,0,0.983,2.173,50.613,2.773,0.863,1,0.147,0.663,0.07,1.64,1.49,0.17,1.963,0,0.813,0.003,0.167,0,0.033,0,2.687,0,0,0,0,0,,,,,,,,,,,,,1.16,county-alert,1,1,overhaul-warning,1,4,last-night,0.16,8.354,300,10,10,82,9,74,300,1022,188,211,112,811,0,0,806,199,0,0,0,0,0,0,0,0.0333,8.2,8.2222,3.4067,1.1223,7.2411,,0.2469,,,
stored-night,5,tide-siege+sluice-jam,w-h-l0,forecast-aware,300,72,0.24,8.817,0.9151,42.465,0,1.217,2.637,66.78,2.293,1.217,2.573,0,0.967,0.643,1.737,1.433,0.393,2.633,0,0.833,0.06,0.323,0,0.033,0,3.317,0,0,0,0,0,,,,,,,,,,,,,1.347,county-alert,1,1,overhaul-warning,1,4,last-night,0.3467,8.779,300,10,10,90,4,36,300,584,72,102,228,482,0,0,995,290,0,0,0,0,0,0,0,0.0333,9,9,1.9467,1.4167,2.114,,0.2915,,,
stored-night,5,tide-siege+sluice-jam,w-h-l0,planner-one-mistake,300,61,0.2033,8.853,0.9199,60.071,0,0.477,2.63,63.23,2.997,14.177,1.173,0.323,1.027,0.003,2.087,1.85,0.287,1.187,0,0.36,0.007,0.11,0,0.003,0,3.547,0,0,0,0,0,188,300,188,52,0,26,274,0.2766,1,12.775,1.5,0,1.073,county-alert,1,1,overhaul-warning,1,4,last-night,0.0733,9,300,1,1,7,0,0,300,1806,61,53,239,1753,0,0,1064,308,0,0,0,0,0,0,0,0.0033,7,,6.02,0.8689,7.3347,,0.2895,,,
stored-night,5,tide-siege+sluice-jam,w-h-l+,random,300,1,0.0033,8.997,0.8889,83.582,0,0.013,3.727,64.9,2.847,19.233,0.497,1.273,0.267,0.153,0.923,0.677,0.34,1.05,0,0.01,0,0.003,0,0.003,0,3.99,0,0,0,0,0,,,,,,,,,,,,,1,county-alert,1,1,overhaul-warning,1,4,last-night,0,,300,1,1,9,0,0,300,1879,1,1,299,1878,0,0,1197,80,0,0,0,0,0,0,0,0.0033,9,,6.2633,1,6.2809,,0.0668,,,
stored-night,5,tide-siege+sluice-jam,w-h-l+,single-water,300,0,0,9,,90.803,0,0,4,60.287,3,11.117,0,0,0,0,1.703,1.147,0.557,0,0,0,0,0,0,0,0,4,0,0,0,0,0,,,,,,,,,,,,,1,county-alert,1,1,overhaul-warning,1,4,last-night,0,,300,0,0,0,0,0,300,2551,0,0,300,2551,0,0,1200,0,0,0,0,0,0,0,0,0,,,8.5033,,8.5033,,0,,,
stored-night,5,tide-siege+sluice-jam,w-h-l+,legacy-cycle,300,0,0,9,,77.993,0,0,4,88.507,3,32.487,0,0,0,0,1.177,0.61,0.583,2.417,0,0,0,0,0,0.97,0,4,0,0,0,0,0,,,,,,,,,,,,,1,county-alert,1,1,overhaul-warning,1,4,last-night,0,,300,291,291,2151,0,0,300,1722,0,0,300,1722,0,0,1200,0,0,0,0,0,0,0,0,0.97,7.3918,,5.74,,5.74,,0,,,
stored-night,5,tide-siege+sluice-jam,w-h-l+,greedy,300,200,0.6667,8.233,0.8722,41.78,0,1.127,1.98,46.32,2.873,0.52,0.993,0.203,0.82,0.013,1.717,1.51,0.21,1.72,0,0.937,0,0.19,0,0.023,0,2.61,0,0,0,0,0,,,,,,,,,,,,,1.183,county-alert,1,1,overhaul-warning,1,4,last-night,0.1833,8.273,300,7,7,57,5,40,300,370,200,233,100,137,0,0,783,246,0,0,0,0,0,0,0,0.0233,8.1429,8,1.2333,1.165,1.37,,0.3142,,,
stored-night,5,tide-siege+sluice-jam,w-h-l+,planner,300,188,0.6267,8.24,0.8652,60.705,0,0.983,2.173,50.587,2.77,0.863,1,0.147,0.663,0.07,1.64,1.49,0.17,1.96,0,0.813,0.003,0.167,0,0.033,0,2.687,0,0,0,0,0,,,,,,,,,,,,,1.16,county-alert,1,1,overhaul-warning,1,4,last-night,0.16,8.313,300,10,10,82,9,74,300,1024,188,213,112,811,0,0,806,199,0,0,0,0,0,0,0,0.0333,8.2,8.2222,3.4133,1.133,7.2411,,0.2469,,,
stored-night,5,tide-siege+sluice-jam,w-h-l+,forecast-aware,300,72,0.24,8.817,0.9151,42.553,0,1.217,2.64,66.86,2.293,1.217,2.57,0,0.963,0.643,1.737,1.43,0.397,2.633,0,0.833,0.06,0.323,0,0.033,0,3.317,0,0,0,0,0,,,,,,,,,,,,,1.35,county-alert,1,1,overhaul-warning,1,4,last-night,0.35,8.781,300,10,10,90,4,36,300,590,72,102,228,488,0,0,995,289,0,0,0,0,0,0,0,0.0333,9,9,1.9667,1.4167,2.1404,,0.2905,,,
stored-night,5,tide-siege+sluice-jam,w-h-l+,planner-one-mistake,300,61,0.2033,8.853,0.9199,59.979,0,0.483,2.63,63.23,2.997,14.18,1.173,0.323,1.027,0.003,2.087,1.85,0.287,1.187,0,0.367,0.007,0.11,0,0.003,0,3.547,0,0,0,0,0,188,300,188,51,0,26,274,0.2713,1,12.775,1.5,0,1.073,county-alert,1,1,overhaul-warning,1,4,last-night,0.0733,9,300,1,1,7,0,0,300,1806,61,53,239,1753,0,0,1064,308,0,0,0,0,0,0,0,0.0033,7,,6.02,0.8689,7.3347,,0.2895,,,
stored-night,5,tide-siege+sluice-jam,w-h0l-,random,300,0,0,9,,83.387,0,0.01,3.733,65.2,2.847,19.253,0.497,1.273,0.267,0.153,0.923,0.677,0.34,1.05,0,0.007,0,0.003,0,0.003,0,3.997,0,0,0,0,0,,,,,,,,,,,,,1,county-alert,1,1,overhaul-warning,1,4,last-night,0,,300,1,1,9,0,0,300,1880,0,0,300,1880,0,0,1199,80,0,0,0,0,0,0,0,0.0033,9,,6.2667,,6.2667,,0.0667,,,
stored-night,5,tide-siege+sluice-jam,w-h0l-,single-water,300,0,0,9,,90.803,0,0,4,60.287,3,11.117,0,0,0,0,1.703,1.147,0.557,0,0,0,0,0,0,0,0,4,0,0,0,0,0,,,,,,,,,,,,,1,county-alert,1,1,overhaul-warning,1,4,last-night,0,,300,0,0,0,0,0,300,2551,0,0,300,2551,0,0,1200,0,0,0,0,0,0,0,0,0,,,8.5033,,8.5033,,0,,,
stored-night,5,tide-siege+sluice-jam,w-h0l-,legacy-cycle,300,0,0,9,,77.773,0,0,4,88.543,3,32.473,0,0,0,0,1.177,0.61,0.583,2.417,0,0,0,0,0,0.97,0,4,0,0,0,0,0,,,,,,,,,,,,,1,county-alert,1,1,overhaul-warning,1,4,last-night,0,,300,291,291,2151,0,0,300,1722,0,0,300,1722,0,0,1200,0,0,0,0,0,0,0,0,0.97,7.3918,,5.74,,5.74,,0,,,
stored-night,5,tide-siege+sluice-jam,w-h0l-,greedy,300,205,0.6833,8.217,0.8726,40.895,0,1.117,1.927,44.62,2.873,0.6,0.98,0.217,0.807,0.017,1.697,1.48,0.22,1.823,0,0.947,0,0.17,0,0.023,0,2.567,0,0,0,0,0,,,,,,,,,,,,,1.16,county-alert,1,1,overhaul-warning,1,4,last-night,0.16,8.417,300,7,7,55,6,46,300,386,205,242,95,144,0,0,770,242,0,0,0,0,0,0,0,0.0233,7.8571,7.6667,1.2867,1.1805,1.5158,,0.3143,,,
stored-night,5,tide-siege+sluice-jam,w-h0l-,planner,300,186,0.62,8.277,0.8704,61.974,0,1.003,2.193,51.48,2.783,0.927,1.027,0.15,0.677,0.07,1.603,1.477,0.143,2.07,0,0.817,0.003,0.183,0,0.03,0,2.707,0,0,0,0,0,,,,,,,,,,,,,1.167,county-alert,1,1,overhaul-warning,1,4,last-night,0.1667,8.34,300,9,9,73,9,73,300,1047,186,213,114,834,0,0,812,203,0,0,0,0,0,0,0,0.03,8.1111,8.1111,3.49,1.1452,7.3158,,0.25,,,
stored-night,5,tide-siege+sluice-jam,w-h0l-,forecast-aware,300,71,0.2367,8.81,0.9108,41.659,0,1.207,2.627,66.367,2.3,1.24,2.573,0,0.967,0.643,1.737,1.43,0.397,2.63,0,0.827,0.063,0.317,0,0.033,0,3.31,0,0,0,0,0,,,,,,,,,,,,,1.34,county-alert,1,1,overhaul-warning,1,4,last-night,0.34,8.794,300,10,10,90,4,36,300,582,71,97,229,485,0,0,993,290,0,0,0,0,0,0,0,0.0333,9,9,1.94,1.3662,2.1179,,0.292,,,
stored-night,5,tide-siege+sluice-jam,w-h0l-,planner-one-mistake,300,48,0.16,8.887,0.9213,59.675,0,0.46,2.687,64.95,2.997,14.333,1.183,0.327,1.047,0.003,2.08,1.837,0.293,1.15,0,0.34,0.007,0.113,0,0.007,0,3.623,0,0,0,0,0,186,300,186,38,0,26,274,0.2043,1,12.8183,1,0,1.08,county-alert,1,1,overhaul-warning,1,4,last-night,0.08,9,300,2,2,15,1,8,300,1886,48,45,252,1841,0,0,1087,314,0,0,0,0,0,0,0,0.0067,7.5,8,6.2867,0.9375,7.3056,,0.2889,,,
stored-night,5,tide-siege+sluice-jam,w-h0l0,random,300,1,0.0033,8.997,0.8889,83.418,0,0.013,3.727,65.15,2.847,19.297,0.497,1.273,0.267,0.153,0.923,0.677,0.34,1.05,0,0.01,0,0.003,0,0.003,0,3.99,0,0,0,0,0,,,,,,,,,,,,,1,county-alert,1,1,overhaul-warning,1,4,last-night,0,,300,1,1,9,0,0,300,1879,1,1,299,1878,0,0,1197,80,0,0,0,0,0,0,0,0.0033,9,,6.2633,1,6.2809,,0.0668,,,
stored-night,5,tide-siege+sluice-jam,w-h0l0,single-water,300,0,0,9,,90.803,0,0,4,60.287,3,11.117,0,0,0,0,1.703,1.147,0.557,0,0,0,0,0,0,0,0,4,0,0,0,0,0,,,,,,,,,,,,,1,county-alert,1,1,overhaul-warning,1,4,last-night,0,,300,0,0,0,0,0,300,2551,0,0,300,2551,0,0,1200,0,0,0,0,0,0,0,0,0,,,8.5033,,8.5033,,0,,,
stored-night,5,tide-siege+sluice-jam,w-h0l0,legacy-cycle,300,0,0,9,,77.75,0,0,4,88.547,3,32.487,0,0,0,0,1.177,0.61,0.583,2.417,0,0,0,0,0,0.97,0,4,0,0,0,0,0,,,,,,,,,,,,,1,county-alert,1,1,overhaul-warning,1,4,last-night,0,,300,291,291,2151,0,0,300,1722,0,0,300,1722,0,0,1200,0,0,0,0,0,0,0,0,0.97,7.3918,,5.74,,5.74,,0,,,
stored-night,5,tide-siege+sluice-jam,w-h0l0,greedy,300,205,0.6833,8.213,0.8721,42.242,0,1.133,1.96,45.76,2.867,0.603,0.97,0.213,0.807,0.013,1.697,1.483,0.217,1.767,0,0.947,0,0.187,0,0.023,0,2.583,0,0,0,0,0,,,,,,,,,,,,,1.18,county-alert,1,1,overhaul-warning,1,4,last-night,0.18,8.259,300,7,7,56,6,47,300,368,205,232,95,136,0,0,775,242,0,0,0,0,0,0,0,0.0233,8,7.8333,1.2267,1.1317,1.4316,,0.3123,,,
stored-night,5,tide-siege+sluice-jam,w-h0l0,planner,300,194,0.6467,8.23,0.8677,62.047,0,1.003,2.163,50.4,2.77,0.863,0.99,0.15,0.657,0.07,1.63,1.487,0.163,1.97,0,0.827,0.003,0.173,0,0.033,0,2.663,0,0,0,0,0,,,,,,,,,,,,,1.157,county-alert,1,1,overhaul-warning,1,4,last-night,0.1567,8.298,300,10,10,82,9,74,300,984,194,215,106,769,0,0,799,197,0,0,0,0,0,0,0,0.0333,8.2,8.2222,3.28,1.1082,7.2547,,0.2466,,,
stored-night,5,tide-siege+sluice-jam,w-h0l0,forecast-aware,300,79,0.2633,8.76,0.8987,41.109,0,1.2,2.557,64.327,2.293,1.247,2.573,0,0.96,0.643,1.717,1.417,0.39,2.62,0,0.837,0.063,0.3,0,0.033,0,3.253,0,0,0,0,0,,,,,,,,,,,,,1.327,county-alert,1,1,overhaul-warning,1,4,last-night,0.3267,8.867,300,10,10,90,4,36,300,585,79,113,221,472,0,0,976,288,0,0,0,0,0,0,0,0.0333,9,9,1.95,1.4304,2.1357,,0.2951,,,
stored-night,5,tide-siege+sluice-jam,w-h0l0,planner-one-mistake,300,65,0.2167,8.847,0.9214,59.813,0,0.467,2.617,62.67,2.997,14.19,1.17,0.323,1.023,0.003,2.093,1.853,0.29,1.187,0,0.36,0.007,0.1,0,0.003,0,3.543,0,0,0,0,0,194,300,194,56,0,26,274,0.2887,1,12.865,1.5,0,1.073,county-alert,1,1,overhaul-warning,1,4,last-night,0.0733,9,300,1,1,7,0,0,300,1785,65,63,235,1722,0,0,1063,307,0,0,0,0,0,0,0,0.0033,7,,5.95,0.9692,7.3277,,0.2888,,,
stored-night,5,tide-siege+sluice-jam,w-h0l+,random,300,1,0.0033,8.997,0.8889,83.415,0,0.013,3.727,65.153,2.847,19.303,0.497,1.273,0.267,0.153,0.923,0.677,0.34,1.05,0,0.01,0,0.003,0,0.003,0,3.99,0,0,0,0,0,,,,,,,,,,,,,1,county-alert,1,1,overhaul-warning,1,4,last-night,0,,300,1,1,9,0,0,300,1879,1,1,299,1878,0,0,1197,80,0,0,0,0,0,0,0,0.0033,9,,6.2633,1,6.2809,,0.0668,,,
stored-night,5,tide-siege+sluice-jam,w-h0l+,single-water,300,0,0,9,,90.803,0,0,4,60.287,3,11.117,0,0,0,0,1.703,1.147,0.557,0,0,0,0,0,0,0,0,4,0,0,0,0,0,,,,,,,,,,,,,1,county-alert,1,1,overhaul-warning,1,4,last-night,0,,300,0,0,0,0,0,300,2551,0,0,300,2551,0,0,1200,0,0,0,0,0,0,0,0,0,,,8.5033,,8.5033,,0,,,
stored-night,5,tide-siege+sluice-jam,w-h0l+,legacy-cycle,300,0,0,9,,77.75,0,0,4,88.547,3,32.487,0,0,0,0,1.177,0.61,0.583,2.417,0,0,0,0,0,0.97,0,4,0,0,0,0,0,,,,,,,,,,,,,1,county-alert,1,1,overhaul-warning,1,4,last-night,0,,300,291,291,2151,0,0,300,1722,0,0,300,1722,0,0,1200,0,0,0,0,0,0,0,0,0.97,7.3918,,5.74,,5.74,,0,,,
stored-night,5,tide-siege+sluice-jam,w-h0l+,greedy,300,204,0.68,8.213,0.8715,41.771,0,1.133,1.96,45.76,2.867,0.603,0.973,0.213,0.807,0.013,1.697,1.483,0.217,1.763,0,0.947,0,0.187,0,0.023,0,2.583,0,0,0,0,0,,,,,,,,,,,,,1.18,county-alert,1,1,overhaul-warning,1,4,last-night,0.18,8.259,300,7,7,56,6,47,300,367,204,230,96,137,0,0,775,242,0,0,0,0,0,0,0,0.0233,8,7.8333,1.2233,1.1275,1.4271,,0.3123,,,
stored-night,5,tide-siege+sluice-jam,w-h0l+,planner,300,194,0.6467,8.23,0.8677,62.019,0,1.003,2.163,50.4,2.77,0.863,0.987,0.15,0.653,0.07,1.63,1.487,0.163,1.97,0,0.827,0.003,0.173,0,0.033,0,2.66,0,0,0,0,0,,,,,,,,,,,,,1.157,county-alert,1,1,overhaul-warning,1,4,last-night,0.1567,8.298,300,10,10,82,9,74,300,988,194,219,106,769,0,0,798,196,0,0,0,0,0,0,0,0.0333,8.2,8.2222,3.2933,1.1289,7.2547,,0.2456,,,
stored-night,5,tide-siege+sluice-jam,w-h0l+,forecast-aware,300,79,0.2633,8.757,0.8973,41.195,0,1.2,2.56,64.407,2.293,1.247,2.57,0,0.953,0.643,1.717,1.413,0.393,2.62,0,0.837,0.063,0.3,0,0.033,0,3.25,0,0,0,0,0,,,,,,,,,,,,,1.33,county-alert,1,1,overhaul-warning,1,4,last-night,0.33,8.869,300,10,10,90,4,36,300,585,79,109,221,476,0,0,975,286,0,0,0,0,0,0,0,0.0333,9,9,1.95,1.3797,2.1538,,0.2933,,,
stored-night,5,tide-siege+sluice-jam,w-h0l+,planner-one-mistake,300,66,0.22,8.847,0.9226,59.688,0,0.473,2.617,62.67,2.997,14.193,1.17,0.323,1.023,0.003,2.097,1.857,0.29,1.187,0,0.367,0.007,0.1,0,0.007,0,3.543,0,0,0,0,0,194,300,194,56,0,26,274,0.2887,1,12.865,1.5,0,1.073,county-alert,1,1,overhaul-warning,1,4,last-night,0.0733,9,300,2,2,16,1,9,300,1776,66,63,234,1713,0,0,1063,307,0,0,0,0,0,0,0,0.0067,8,9,5.92,0.9545,7.3205,,0.2888,,,
stored-night,5,tide-siege+sluice-jam,w-h+l-,random,300,0,0,9,,83.377,0,0.01,3.733,65.21,2.847,19.253,0.497,1.273,0.267,0.153,0.923,0.677,0.34,1.05,0,0.007,0,0.003,0,0.003,0,3.997,0,0,0,0,0,,,,,,,,,,,,,1,county-alert,1,1,overhaul-warning,1,4,last-night,0,,300,1,1,9,0,0,300,1880,0,0,300,1880,0,0,1199,80,0,0,0,0,0,0,0,0.0033,9,,6.2667,,6.2667,,0.0667,,,
stored-night,5,tide-siege+sluice-jam,w-h+l-,single-water,300,0,0,9,,90.803,0,0,4,60.287,3,11.117,0,0,0,0,1.703,1.147,0.557,0,0,0,0,0,0,0,0,4,0,0,0,0,0,,,,,,,,,,,,,1,county-alert,1,1,overhaul-warning,1,4,last-night,0,,300,0,0,0,0,0,300,2551,0,0,300,2551,0,0,1200,0,0,0,0,0,0,0,0,0,,,8.5033,,8.5033,,0,,,
stored-night,5,tide-siege+sluice-jam,w-h+l-,legacy-cycle,300,0,0,9,,77.753,0,0,4,88.543,3,32.473,0,0,0,0,1.177,0.61,0.583,2.417,0,0,0,0,0,0.97,0,4,0,0,0,0,0,,,,,,,,,,,,,1,county-alert,1,1,overhaul-warning,1,4,last-night,0,,300,291,291,2151,0,0,300,1722,0,0,300,1722,0,0,1200,0,0,0,0,0,0,0,0,0.97,7.3918,,5.74,,5.74,,0,,,
stored-night,5,tide-siege+sluice-jam,w-h+l-,greedy,300,205,0.6833,8.217,0.8726,40.895,0,1.117,1.927,44.62,2.873,0.6,0.98,0.217,0.807,0.017,1.697,1.48,0.22,1.823,0,0.947,0,0.17,0,0.023,0,2.567,0,0,0,0,0,,,,,,,,,,,,,1.16,county-alert,1,1,overhaul-warning,1,4,last-night,0.16,8.417,300,7,7,55,6,46,300,386,205,242,95,144,0,0,770,242,0,0,0,0,0,0,0,0.0233,7.8571,7.6667,1.2867,1.1805,1.5158,,0.3143,,,
stored-night,5,tide-siege+sluice-jam,w-h+l-,planner,300,186,0.62,8.277,0.8704,61.965,0,1.003,2.193,51.48,2.783,0.927,1.027,0.15,0.677,0.07,1.603,1.477,0.143,2.07,0,0.817,0.003,0.183,0,0.03,0,2.707,0,0,0,0,0,,,,,,,,,,,,,1.167,county-alert,1,1,overhaul-warning,1,4,last-night,0.1667,8.34,300,9,9,73,9,73,300,1047,186,213,114,834,0,0,812,203,0,0,0,0,0,0,0,0.03,8.1111,8.1111,3.49,1.1452,7.3158,,0.25,,,
stored-night,5,tide-siege+sluice-jam,w-h+l-,forecast-aware,300,71,0.2367,8.81,0.9108,41.62,0,1.207,2.627,66.367,2.3,1.24,2.573,0,0.967,0.643,1.737,1.43,0.397,2.63,0,0.827,0.063,0.317,0,0.033,0,3.31,0,0,0,0,0,,,,,,,,,,,,,1.34,county-alert,1,1,overhaul-warning,1,4,last-night,0.34,8.794,300,10,10,90,4,36,300,582,71,97,229,485,0,0,993,290,0,0,0,0,0,0,0,0.0333,9,9,1.94,1.3662,2.1179,,0.292,,,
stored-night,5,tide-siege+sluice-jam,w-h+l-,planner-one-mistake,300,49,0.1633,8.887,0.9229,59.625,0,0.457,2.683,64.79,2.997,14.333,1.183,0.327,1.047,0.003,2.083,1.837,0.297,1.15,0,0.34,0.007,0.11,0,0.007,0,3.623,0,0,0,0,0,186,300,186,39,0,26,274,0.2097,1,12.8183,1,0,1.08,county-alert,1,1,overhaul-warning,1,4,last-night,0.08,9,300,2,2,15,1,8,300,1878,49,45,251,1833,0,0,1087,314,0,0,0,0,0,0,0,0.0067,7.5,8,6.26,0.9184,7.3028,,0.2889,,,
stored-night,5,tide-siege+sluice-jam,w-h+l0,random,300,1,0.0033,8.997,0.8889,83.408,0,0.013,3.727,65.16,2.847,19.297,0.497,1.273,0.267,0.153,0.923,0.677,0.34,1.05,0,0.01,0,0.003,0,0.003,0,3.99,0,0,0,0,0,,,,,,,,,,,,,1,county-alert,1,1,overhaul-warning,1,4,last-night,0,,300,1,1,9,0,0,300,1879,1,1,299,1878,0,0,1197,80,0,0,0,0,0,0,0,0.0033,9,,6.2633,1,6.2809,,0.0668,,,
stored-night,5,tide-siege+sluice-jam,w-h+l0,single-water,300,0,0,9,,90.803,0,0,4,60.287,3,11.117,0,0,0,0,1.703,1.147,0.557,0,0,0,0,0,0,0,0,4,0,0,0,0,0,,,,,,,,,,,,,1,county-alert,1,1,overhaul-warning,1,4,last-night,0,,300,0,0,0,0,0,300,2551,0,0,300,2551,0,0,1200,0,0,0,0,0,0,0,0,0,,,8.5033,,8.5033,,0,,,
stored-night,5,tide-siege+sluice-jam,w-h+l0,legacy-cycle,300,0,0,9,,77.75,0,0,4,88.547,3,32.487,0,0,0,0,1.177,0.61,0.583,2.417,0,0,0,0,0,0.97,0,4,0,0,0,0,0,,,,,,,,,,,,,1,county-alert,1,1,overhaul-warning,1,4,last-night,0,,300,291,291,2151,0,0,300,1722,0,0,300,1722,0,0,1200,0,0,0,0,0,0,0,0,0.97,7.3918,,5.74,,5.74,,0,,,
stored-night,5,tide-siege+sluice-jam,w-h+l0,greedy,300,205,0.6833,8.213,0.8721,42.242,0,1.133,1.96,45.76,2.867,0.603,0.97,0.213,0.807,0.013,1.697,1.483,0.217,1.767,0,0.947,0,0.187,0,0.023,0,2.583,0,0,0,0,0,,,,,,,,,,,,,1.18,county-alert,1,1,overhaul-warning,1,4,last-night,0.18,8.259,300,7,7,56,6,47,300,368,205,232,95,136,0,0,775,242,0,0,0,0,0,0,0,0.0233,8,7.8333,1.2267,1.1317,1.4316,,0.3123,,,
stored-night,5,tide-siege+sluice-jam,w-h+l0,planner,300,194,0.6467,8.23,0.8677,62.038,0,1.003,2.163,50.4,2.77,0.863,0.99,0.15,0.657,0.07,1.63,1.487,0.163,1.97,0,0.827,0.003,0.173,0,0.033,0,2.663,0,0,0,0,0,,,,,,,,,,,,,1.157,county-alert,1,1,overhaul-warning,1,4,last-night,0.1567,8.298,300,10,10,82,9,74,300,984,194,215,106,769,0,0,799,197,0,0,0,0,0,0,0,0.0333,8.2,8.2222,3.28,1.1082,7.2547,,0.2466,,,
stored-night,5,tide-siege+sluice-jam,w-h+l0,forecast-aware,300,79,0.2633,8.76,0.8987,41.226,0,1.2,2.56,64.407,2.293,1.247,2.57,0,0.957,0.643,1.717,1.413,0.393,2.62,0,0.837,0.063,0.3,0,0.033,0,3.253,0,0,0,0,0,,,,,,,,,,,,,1.33,county-alert,1,1,overhaul-warning,1,4,last-night,0.33,8.869,300,10,10,90,4,36,300,591,79,113,221,478,0,0,976,287,0,0,0,0,0,0,0,0.0333,9,9,1.97,1.4304,2.1629,,0.2941,,,
stored-night,5,tide-siege+sluice-jam,w-h+l0,planner-one-mistake,300,66,0.22,8.847,0.9226,59.774,0,0.467,2.617,62.67,2.997,14.19,1.17,0.323,1.023,0.003,2.097,1.857,0.29,1.187,0,0.36,0.007,0.1,0,0.007,0,3.543,0,0,0,0,0,194,300,194,56,0,26,274,0.2887,1,12.865,1.5,0,1.073,county-alert,1,1,overhaul-warning,1,4,last-night,0.0733,9,300,2,2,16,1,9,300,1776,66,63,234,1713,0,0,1063,307,0,0,0,0,0,0,0,0.0067,8,9,5.92,0.9545,7.3205,,0.2888,,,
stored-night,5,tide-siege+sluice-jam,w-h+l+,random,300,1,0.0033,8.997,0.8889,83.401,0,0.013,3.727,65.163,2.847,19.303,0.497,1.273,0.267,0.153,0.923,0.677,0.34,1.05,0,0.01,0,0.003,0,0.003,0,3.99,0,0,0,0,0,,,,,,,,,,,,,1,county-alert,1,1,overhaul-warning,1,4,last-night,0,,300,1,1,9,0,0,300,1879,1,1,299,1878,0,0,1197,80,0,0,0,0,0,0,0,0.0033,9,,6.2633,1,6.2809,,0.0668,,,
stored-night,5,tide-siege+sluice-jam,w-h+l+,single-water,300,0,0,9,,90.803,0,0,4,60.287,3,11.117,0,0,0,0,1.703,1.147,0.557,0,0,0,0,0,0,0,0,4,0,0,0,0,0,,,,,,,,,,,,,1,county-alert,1,1,overhaul-warning,1,4,last-night,0,,300,0,0,0,0,0,300,2551,0,0,300,2551,0,0,1200,0,0,0,0,0,0,0,0,0,,,8.5033,,8.5033,,0,,,
stored-night,5,tide-siege+sluice-jam,w-h+l+,legacy-cycle,300,0,0,9,,77.75,0,0,4,88.547,3,32.487,0,0,0,0,1.177,0.61,0.583,2.417,0,0,0,0,0,0.97,0,4,0,0,0,0,0,,,,,,,,,,,,,1,county-alert,1,1,overhaul-warning,1,4,last-night,0,,300,291,291,2151,0,0,300,1722,0,0,300,1722,0,0,1200,0,0,0,0,0,0,0,0,0.97,7.3918,,5.74,,5.74,,0,,,
stored-night,5,tide-siege+sluice-jam,w-h+l+,greedy,300,204,0.68,8.213,0.8715,41.771,0,1.133,1.96,45.76,2.867,0.603,0.973,0.213,0.807,0.013,1.697,1.483,0.217,1.763,0,0.947,0,0.187,0,0.023,0,2.583,0,0,0,0,0,,,,,,,,,,,,,1.18,county-alert,1,1,overhaul-warning,1,4,last-night,0.18,8.259,300,7,7,56,6,47,300,367,204,230,96,137,0,0,775,242,0,0,0,0,0,0,0,0.0233,8,7.8333,1.2233,1.1275,1.4271,,0.3123,,,
stored-night,5,tide-siege+sluice-jam,w-h+l+,planner,300,194,0.6467,8.23,0.8677,62.009,0,1.003,2.163,50.4,2.77,0.863,0.987,0.15,0.653,0.07,1.63,1.487,0.163,1.97,0,0.827,0.003,0.173,0,0.033,0,2.66,0,0,0,0,0,,,,,,,,,,,,,1.157,county-alert,1,1,overhaul-warning,1,4,last-night,0.1567,8.298,300,10,10,82,9,74,300,988,194,219,106,769,0,0,798,196,0,0,0,0,0,0,0,0.0333,8.2,8.2222,3.2933,1.1289,7.2547,,0.2456,,,
stored-night,5,tide-siege+sluice-jam,w-h+l+,forecast-aware,300,79,0.2633,8.757,0.8973,41.149,0,1.2,2.56,64.407,2.293,1.247,2.57,0,0.953,0.643,1.717,1.413,0.393,2.62,0,0.837,0.063,0.3,0,0.033,0,3.25,0,0,0,0,0,,,,,,,,,,,,,1.33,county-alert,1,1,overhaul-warning,1,4,last-night,0.33,8.869,300,10,10,90,4,36,300,585,79,109,221,476,0,0,975,286,0,0,0,0,0,0,0,0.0333,9,9,1.95,1.3797,2.1538,,0.2933,,,
stored-night,5,tide-siege+sluice-jam,w-h+l+,planner-one-mistake,300,66,0.22,8.847,0.9226,59.679,0,0.473,2.617,62.67,2.997,14.193,1.17,0.323,1.023,0.003,2.097,1.857,0.29,1.187,0,0.367,0.007,0.1,0,0.007,0,3.543,0,0,0,0,0,194,300,194,56,0,26,274,0.2887,1,12.865,1.5,0,1.073,county-alert,1,1,overhaul-warning,1,4,last-night,0.0733,9,300,2,2,16,1,9,300,1776,66,63,234,1713,0,0,1063,307,0,0,0,0,0,0,0,0.0067,8,9,5.92,0.9545,7.3205,,0.2888,,,
stored-night,5,tide-siege+sluice-jam,w0h-l-,random,300,0,0,9,,83.477,0,0.01,3.733,65.06,2.847,19.183,0.497,1.273,0.267,0.153,0.923,0.677,0.34,1.05,0,0.007,0,0.003,0,0.003,0,3.997,0,0,0,0,0,,,,,,,,,,,,,1,county-alert,1,1,overhaul-warning,1,4,last-night,0,,300,1,1,9,0,0,300,1880,0,0,300,1880,0,0,1199,80,0,0,0,0,0,0,0,0.0033,9,,6.2667,,6.2667,,0.0667,,,
stored-night,5,tide-siege+sluice-jam,w0h-l-,single-water,300,0,0,9,,90.68,0,0,4,60.437,3,11.117,0,0,0,0,1.703,1.147,0.557,0,0,0,0,0,0,0,0,4,0,0,0,0,0,,,,,,,,,,,,,1,county-alert,1,1,overhaul-warning,1,4,last-night,0,,300,0,0,0,0,0,300,2551,0,0,300,2551,0,0,1200,0,0,0,0,0,0,0,0,0,,,8.5033,,8.5033,,0,,,
stored-night,5,tide-siege+sluice-jam,w0h-l-,legacy-cycle,300,0,0,9,,77.567,0,0,4,89.26,3,32.473,0,0,0,0,1.177,0.61,0.583,2.417,0,0,0,0,0,0.97,0,4,0,0,0,0,0,,,,,,,,,,,,,1,county-alert,1,1,overhaul-warning,1,4,last-night,0,,300,291,291,2151,0,0,300,1722,0,0,300,1722,0,0,1200,0,0,0,0,0,0,0,0,0.97,7.3918,,5.74,,5.74,,0,,,
stored-night,5,tide-siege+sluice-jam,w0h-l-,greedy,300,198,0.66,8.237,0.8715,40.304,0,1.123,1.943,45.193,2.883,0.597,0.99,0.21,0.817,0.017,1.707,1.49,0.22,1.773,0,0.947,0,0.177,0,0.02,0,2.583,0,0,0,0,0,,,,,,,,,,,,,1.163,county-alert,1,1,overhaul-warning,1,4,last-night,0.1633,8.469,300,6,6,46,3,22,300,392,198,240,102,152,0,0,775,245,0,0,0,0,0,0,0,0.02,7.6667,7.3333,1.3067,1.2121,1.4902,,0.3161,,,
stored-night,5,tide-siege+sluice-jam,w0h-l-,planner,300,182,0.6067,8.28,0.8681,61.881,0,1,2.21,52.053,2.787,0.927,1.027,0.15,0.677,0.07,1.623,1.483,0.157,2.053,0,0.81,0.003,0.187,0,0.033,0,2.72,0,0,0,0,0,,,,,,,,,,,,,1.17,county-alert,1,1,overhaul-warning,1,4,last-night,0.17,8.392,300,10,10,82,10,82,300,1070,182,205,118,865,0,0,816,203,0,0,0,0,0,0,0,0.0333,8.2,8.2,3.5667,1.1264,7.3305,,0.2488,,,
stored-night,5,tide-siege+sluice-jam,w0h-l-,forecast-aware,300,72,0.24,8.807,0.9105,42.11,0,1.203,2.61,65.807,2.3,1.287,2.587,0,0.973,0.643,1.73,1.42,0.407,2.623,0,0.827,0.067,0.31,0,0.033,0,3.307,0,0,0,0,0,,,,,,,,,,,,,1.323,county-alert,1,1,overhaul-warning,1,4,last-night,0.3233,8.784,300,10,10,90,4,36,300,583,72,95,228,488,0,0,992,292,0,0,0,0,0,0,0,0.0333,9,9,1.9433,1.3194,2.1404,,0.2944,,,
stored-night,5,tide-siege+sluice-jam,w0h-l-,planner-one-mistake,300,45,0.15,8.897,0.9235,59.569,0,0.45,2.7,65.43,2.993,14.247,1.28,0.323,1.047,0.007,1.987,1.777,0.257,1.227,0,0.327,0.007,0.117,0,0.007,0,3.633,0,0,0,0,0,182,300,182,36,0,26,274,0.1978,1,12.7283,1,0,1.08,county-alert,1,1,overhaul-warning,1,4,last-night,0.08,9,300,2,2,15,1,8,300,1888,45,37,255,1851,0,0,1090,314,0,0,0,0,0,0,0,0.0067,7.5,8,6.2933,0.8222,7.2588,,0.2881,,,
stored-night,5,tide-siege+sluice-jam,w0h-l0,random,300,0,0,9,,83.367,0,0.01,3.733,65.21,2.847,19.227,0.497,1.273,0.267,0.153,0.923,0.677,0.34,1.05,0,0.007,0,0.003,0,0.003,0,3.997,0,0,0,0,0,,,,,,,,,,,,,1,county-alert,1,1,overhaul-warning,1,4,last-night,0,,300,1,1,9,0,0,300,1880,0,0,300,1880,0,0,1199,80,0,0,0,0,0,0,0,0.0033,9,,6.2667,,6.2667,,0.0667,,,
stored-night,5,tide-siege+sluice-jam,w0h-l0,single-water,300,0,0,9,,90.68,0,0,4,60.437,3,11.117,0,0,0,0,1.703,1.147,0.557,0,0,0,0,0,0,0,0,4,0,0,0,0,0,,,,,,,,,,,,,1,county-alert,1,1,overhaul-warning,1,4,last-night,0,,300,0,0,0,0,0,300,2551,0,0,300,2551,0,0,1200,0,0,0,0,0,0,0,0,0,,,8.5033,,8.5033,,0,,,
stored-night,5,tide-siege+sluice-jam,w0h-l0,legacy-cycle,300,0,0,9,,77.543,0,0,4,89.263,3,32.487,0,0,0,0,1.177,0.61,0.583,2.417,0,0,0,0,0,0.97,0,4,0,0,0,0,0,,,,,,,,,,,,,1,county-alert,1,1,overhaul-warning,1,4,last-night,0,,300,291,291,2151,0,0,300,1722,0,0,300,1722,0,0,1200,0,0,0,0,0,0,0,0,0.97,7.3918,,5.74,,5.74,,0,,,
stored-night,5,tide-siege+sluice-jam,w0h-l0,greedy,300,200,0.6667,8.233,0.8722,41.86,0,1.133,1.98,46.347,2.877,0.52,0.987,0.203,0.817,0.013,1.707,1.503,0.207,1.707,0,0.943,0,0.19,0,0.02,0,2.607,0,0,0,0,0,,,,,,,,,,,,,1.183,county-alert,1,1,overhaul-warning,1,4,last-night,0.1833,8.309,300,6,6,48,4,31,300,370,200,232,100,138,0,0,782,245,0,0,0,0,0,0,0,0.02,8,7.75,1.2333,1.16,1.38,,0.3133,,,
stored-night,5,tide-siege+sluice-jam,w0h-l0,planner,300,191,0.6367,8.24,0.8674,62.266,0,1.01,2.173,50.827,2.773,0.863,0.993,0.147,0.653,0.07,1.643,1.493,0.17,1.963,0,0.827,0.003,0.18,0,0.033,0,2.663,0,0,0,0,0,,,,,,,,,,,,,1.16,county-alert,1,1,overhaul-warning,1,4,last-night,0.16,8.354,300,10,10,82,9,74,300,1008,191,216,109,792,0,0,799,196,0,0,0,0,0,0,0,0.0333,8.2,8.2222,3.36,1.1309,7.2661,,0.2453,,,
stored-night,5,tide-siege+sluice-jam,w0h-l0,forecast-aware,300,74,0.2467,8.81,0.9144,42.142,0,1.21,2.627,66.38,2.293,1.217,2.57,0,0.963,0.643,1.737,1.433,0.393,2.633,0,0.833,0.06,0.317,0,0.033,0,3.31,0,0,0,0,0,,,,,,,,,,,,,1.34,county-alert,1,1,overhaul-warning,1,4,last-night,0.34,8.775,300,10,10,90,4,36,300,586,74,107,226,479,0,0,993,289,0,0,0,0,0,0,0,0.0333,9,9,1.9533,1.4459,2.1195,,0.291,,,
stored-night,5,tide-siege+sluice-jam,w0h-l0,planner-one-mistake,300,57,0.19,8.87,0.924,59.342,0,0.457,2.65,63.79,2.993,14.12,1.27,0.32,1.037,0.007,2,1.793,0.253,1.26,0,0.343,0.007,0.107,0,0.003,0,3.583,0,0,0,0,0,191,300,191,49,0,26,274,0.2565,1,12.775,1.5,0,1.073,county-alert,1,1,overhaul-warning,1,4,last-night,0.0733,9,300,1,1,7,0,0,300,1815,57,50,243,1765,0,0,1075,311,0,0,0,0,0,0,0,0.0033,7,,6.05,0.8772,7.2634,,0.2893,,,
stored-night,5,tide-siege+sluice-jam,w0h-l+,random,300,1,0.0033,8.997,0.8889,83.502,0,0.013,3.727,65.013,2.847,19.233,0.497,1.273,0.267,0.153,0.923,0.677,0.34,1.05,0,0.01,0,0.003,0,0.003,0,3.99,0,0,0,0,0,,,,,,,,,,,,,1,county-alert,1,1,overhaul-warning,1,4,last-night,0,,300,1,1,9,0,0,300,1879,1,1,299,1878,0,0,1197,80,0,0,0,0,0,0,0,0.0033,9,,6.2633,1,6.2809,,0.0668,,,
stored-night,5,tide-siege+sluice-jam,w0h-l+,single-water,300,0,0,9,,90.68,0,0,4,60.437,3,11.117,0,0,0,0,1.703,1.147,0.557,0,0,0,0,0,0,0,0,4,0,0,0,0,0,,,,,,,,,,,,,1,county-alert,1,1,overhaul-warning,1,4,last-night,0,,300,0,0,0,0,0,300,2551,0,0,300,2551,0,0,1200,0,0,0,0,0,0,0,0,0,,,8.5033,,8.5033,,0,,,
stored-night,5,tide-siege+sluice-jam,w0h-l+,legacy-cycle,300,0,0,9,,77.543,0,0,4,89.263,3,32.487,0,0,0,0,1.177,0.61,0.583,2.417,0,0,0,0,0,0.97,0,4,0,0,0,0,0,,,,,,,,,,,,,1,county-alert,1,1,overhaul-warning,1,4,last-night,0,,300,291,291,2151,0,0,300,1722,0,0,300,1722,0,0,1200,0,0,0,0,0,0,0,0,0.97,7.3918,,5.74,,5.74,,0,,,
stored-night,5,tide-siege+sluice-jam,w0h-l+,greedy,300,199,0.6633,8.233,0.8716,41.248,0,1.133,1.98,46.32,2.873,0.52,0.993,0.203,0.82,0.013,1.71,1.507,0.207,1.71,0,0.943,0,0.19,0,0.02,0,2.61,0,0,0,0,0,,,,,,,,,,,,,1.183,county-alert,1,1,overhaul-warning,1,4,last-night,0.1833,8.273,300,6,6,48,4,31,300,368,199,230,101,138,0,0,783,246,0,0,0,0,0,0,0,0.02,8,7.75,1.2267,1.1558,1.3663,,0.3142,,,
stored-night,5,tide-siege+sluice-jam,w0h-l+,planner,300,190,0.6333,8.243,0.8673,62.209,0,1.013,2.18,51.04,2.77,0.863,0.993,0.147,0.653,0.07,1.643,1.493,0.17,1.963,0,0.827,0.003,0.183,0,0.033,0,2.667,0,0,0,0,0,,,,,,,,,,,,,1.163,county-alert,1,1,overhaul-warning,1,4,last-night,0.1633,8.327,300,10,10,82,9,74,300,1017,190,219,110,798,0,0,800,196,0,0,0,0,0,0,0,0.0333,8.2,8.2222,3.39,1.1526,7.2545,,0.245,,,
stored-night,5,tide-siege+sluice-jam,w0h-l+,forecast-aware,300,74,0.2467,8.81,0.9144,42.226,0,1.21,2.63,66.46,2.293,1.217,2.567,0,0.96,0.643,1.737,1.43,0.397,2.633,0,0.833,0.06,0.317,0,0.033,0,3.31,0,0,0,0,0,,,,,,,,,,,,,1.343,county-alert,1,1,overhaul-warning,1,4,last-night,0.3433,8.777,300,10,10,90,4,36,300,592,74,107,226,485,0,0,993,288,0,0,0,0,0,0,0,0.0333,9,9,1.9733,1.4459,2.146,,0.29,,,
stored-night,5,tide-siege+sluice-jam,w0h-l+,planner-one-mistake,300,59,0.1967,8.867,0.9247,59.232,0,0.467,2.643,63.59,2.993,14.123,1.27,0.32,1.037,0.007,2.003,1.797,0.253,1.26,0,0.353,0.007,0.107,0,0.007,0,3.577,0,0,0,0,0,190,300,190,48,0,26,274,0.2526,1,12.775,1.5,0,1.073,county-alert,1,1,overhaul-warning,1,4,last-night,0.0733,9,300,2,2,16,1,9,300,1800,59,53,241,1747,0,0,1073,311,0,0,0,0,0,0,0,0.0067,8,9,6,0.8983,7.249,,0.2898,,,
stored-night,5,tide-siege+sluice-jam,w0h0l-,random,300,0,0,9,,83.307,0,0.01,3.733,65.313,2.847,19.253,0.497,1.273,0.267,0.153,0.923,0.677,0.34,1.05,0,0.007,0,0.003,0,0.003,0,3.997,0,0,0,0,0,,,,,,,,,,,,,1,county-alert,1,1,overhaul-warning,1,4,last-night,0,,300,1,1,9,0,0,300,1880,0,0,300,1880,0,0,1199,80,0,0,0,0,0,0,0,0.0033,9,,6.2667,,6.2667,,0.0667,,,
stored-night,5,tide-siege+sluice-jam,w0h0l-,single-water,300,0,0,9,,90.68,0,0,4,60.437,3,11.117,0,0,0,0,1.703,1.147,0.557,0,0,0,0,0,0,0,0,4,0,0,0,0,0,,,,,,,,,,,,,1,county-alert,1,1,overhaul-warning,1,4,last-night,0,,300,0,0,0,0,0,300,2551,0,0,300,2551,0,0,1200,0,0,0,0,0,0,0,0,0,,,8.5033,,8.5033,,0,,,
stored-night,5,tide-siege+sluice-jam,w0h0l-,legacy-cycle,300,0,0,9,,77.303,0,0,4,89.3,3,32.473,0,0,0,0,1.177,0.61,0.583,2.417,0,0,0,0,0,0.97,0,4,0,0,0,0,0,,,,,,,,,,,,,1,county-alert,1,1,overhaul-warning,1,4,last-night,0,,300,291,291,2151,0,0,300,1722,0,0,300,1722,0,0,1200,0,0,0,0,0,0,0,0,0.97,7.3918,,5.74,,5.74,,0,,,
stored-night,5,tide-siege+sluice-jam,w0h0l-,greedy,300,205,0.6833,8.217,0.8726,40.6,0,1.117,1.927,44.62,2.873,0.6,0.98,0.217,0.807,0.017,1.693,1.477,0.22,1.81,0,0.947,0,0.17,0,0.023,0,2.567,0,0,0,0,0,,,,,,,,,,,,,1.16,county-alert,1,1,overhaul-warning,1,4,last-night,0.16,8.417,300,7,7,55,6,46,300,383,205,239,95,144,0,0,770,242,0,0,0,0,0,0,0,0.0233,7.8571,7.6667,1.2767,1.1659,1.5158,,0.3143,,,
stored-night,5,tide-siege+sluice-jam,w0h0l-,planner,300,187,0.6233,8.273,0.8705,61.619,0,1,2.193,51.427,2.783,0.927,1.03,0.15,0.677,0.07,1.61,1.477,0.15,2.077,0,0.817,0.003,0.18,0,0.033,0,2.71,0,0,0,0,0,,,,,,,,,,,,,1.167,county-alert,1,1,overhaul-warning,1,4,last-night,0.1667,8.34,300,10,10,82,10,82,300,1036,187,212,113,824,0,0,813,203,0,0,0,0,0,0,0,0.0333,8.2,8.2,3.4533,1.1337,7.292,,0.2497,,,
stored-night,5,tide-siege+sluice-jam,w0h0l-,forecast-aware,300,73,0.2433,8.803,0.9102,41.339,0,1.203,2.617,65.967,2.3,1.24,2.567,0,0.96,0.643,1.74,1.43,0.4,2.627,0,0.83,0.063,0.31,0,0.033,0,3.3,0,0,0,0,0,,,,,,,,,,,,,1.333,county-alert,1,1,overhaul-warning,1,4,last-night,0.3333,8.79,300,10,10,90,4,36,300,585,73,103,227,482,0,0,990,288,0,0,0,0,0,0,0,0.0333,9,9,1.95,1.411,2.1233,,0.2909,,,
stored-night,5,tide-siege+sluice-jam,w0h0l-,planner-one-mistake,300,47,0.1567,8.887,0.9196,59.285,0,0.443,2.693,65.11,2.993,14.277,1.273,0.323,1.043,0.007,1.983,1.777,0.253,1.223,0,0.327,0.007,0.11,0,0.007,0,3.63,0,0,0,0,0,187,300,187,37,0,26,274,0.1979,1,12.8183,1,0,1.08,county-alert,1,1,overhaul-warning,1,4,last-night,0.08,9,300,2,2,15,1,8,300,1877,47,43,253,1834,0,0,1089,313,0,0,0,0,0,0,0,0.0067,7.5,8,6.2567,0.9149,7.249,,0.2874,,,
stored-night,5,tide-siege+sluice-jam,w0h0l0,random,300,1,0.0033,8.997,0.8889,83.338,0,0.013,3.727,65.263,2.847,19.297,0.497,1.273,0.267,0.153,0.923,0.677,0.34,1.05,0,0.01,0,0.003,0,0.003,0,3.99,0,0,0,0,0,,,,,,,,,,,,,1,county-alert,1,1,overhaul-warning,1,4,last-night,0,,300,1,1,9,0,0,300,1879,1,1,299,1878,0,0,1197,80,0,0,0,0,0,0,0,0.0033,9,,6.2633,1,6.2809,,0.0668,,,
stored-night,5,tide-siege+sluice-jam,w0h0l0,single-water,300,0,0,9,,90.68,0,0,4,60.437,3,11.117,0,0,0,0,1.703,1.147,0.557,0,0,0,0,0,0,0,0,4,0,0,0,0,0,,,,,,,,,,,,,1,county-alert,1,1,overhaul-warning,1,4,last-night,0,,300,0,0,0,0,0,300,2551,0,0,300,2551,0,0,1200,0,0,0,0,0,0,0,0,0,,,8.5033,,8.5033,,0,,,
stored-night,5,tide-siege+sluice-jam,w0h0l0,legacy-cycle,300,0,0,9,,77.3,0,0,4,89.303,3,32.487,0,0,0,0,1.177,0.61,0.583,2.417,0,0,0,0,0,0.97,0,4,0,0,0,0,0,,,,,,,,,,,,,1,county-alert,1,1,overhaul-warning,1,4,last-night,0,,300,291,291,2151,0,0,300,1722,0,0,300,1722,0,0,1200,0,0,0,0,0,0,0,0,0.97,7.3918,,5.74,,5.74,,0,,,
stored-night,5,tide-siege+sluice-jam,w0h0l0,greedy,300,205,0.6833,8.213,0.8721,41.968,0,1.133,1.96,45.76,2.867,0.603,0.97,0.213,0.807,0.013,1.693,1.48,0.217,1.757,0,0.947,0,0.187,0,0.023,0,2.583,0,0,0,0,0,,,,,,,,,,,,,1.18,county-alert,1,1,overhaul-warning,1,4,last-night,0.18,8.259,300,7,7,56,6,47,300,365,205,229,95,136,0,0,775,242,0,0,0,0,0,0,0,0.0233,8,7.8333,1.2167,1.1171,1.4316,,0.3123,,,
stored-night,5,tide-siege+sluice-jam,w0h0l0,planner,300,193,0.6433,8.233,0.8676,61.85,0,1.01,2.17,50.64,2.77,0.863,0.993,0.15,0.657,0.07,1.633,1.487,0.167,1.98,0,0.83,0.003,0.177,0,0.033,0,2.667,0,0,0,0,0,,,,,,,,,,,,,1.16,county-alert,1,1,overhaul-warning,1,4,last-night,0.16,8.313,300,10,10,82,9,74,300,989,193,215,107,774,0,0,800,197,0,0,0,0,0,0,0,0.0333,8.2,8.2222,3.2967,1.114,7.2336,,0.2463,,,
stored-night,5,tide-siege+sluice-jam,w0h0l0,forecast-aware,300,80,0.2667,8.757,0.8986,40.923,0,1.203,2.55,64.14,2.293,1.247,2.577,0,0.96,0.643,1.713,1.417,0.387,2.617,0,0.84,0.063,0.3,0,0.033,0,3.247,0,0,0,0,0,,,,,,,,,,,,,1.323,county-alert,1,1,overhaul-warning,1,4,last-night,0.3233,8.866,300,10,10,90,4,36,300,589,80,115,220,474,0,0,974,288,0,0,0,0,0,0,0,0.0333,9,9,1.9633,1.4375,2.1545,,0.2957,,,
stored-night,5,tide-siege+sluice-jam,w0h0l0,planner-one-mistake,300,61,0.2033,8.863,0.9253,58.983,0,0.447,2.64,63.31,2.993,14.133,1.267,0.32,1.033,0.007,2.003,1.797,0.253,1.26,0,0.343,0.007,0.097,0,0.007,0,3.58,0,0,0,0,0,193,300,193,51,0,26,274,0.2642,1,12.865,1.5,0,1.073,county-alert,1,1,overhaul-warning,1,4,last-night,0.0733,9,300,2,2,16,1,9,300,1790,61,59,239,1731,0,0,1074,310,0,0,0,0,0,0,0,0.0067,8,9,5.9667,0.9672,7.2427,,0.2886,,,
stored-night,5,tide-siege+sluice-jam,w0h0l+,random,300,1,0.0033,8.997,0.8889,83.331,0,0.013,3.727,65.267,2.847,19.303,0.497,1.273,0.267,0.153,0.923,0.677,0.34,1.05,0,0.01,0,0.003,0,0.003,0,3.99,0,0,0,0,0,,,,,,,,,,,,,1,county-alert,1,1,overhaul-warning,1,4,last-night,0,,300,1,1,9,0,0,300,1879,1,1,299,1878,0,0,1197,80,0,0,0,0,0,0,0,0.0033,9,,6.2633,1,6.2809,,0.0668,,,
stored-night,5,tide-siege+sluice-jam,w0h0l+,single-water,300,0,0,9,,90.68,0,0,4,60.437,3,11.117,0,0,0,0,1.703,1.147,0.557,0,0,0,0,0,0,0,0,4,0,0,0,0,0,,,,,,,,,,,,,1,county-alert,1,1,overhaul-warning,1,4,last-night,0,,300,0,0,0,0,0,300,2551,0,0,300,2551,0,0,1200,0,0,0,0,0,0,0,0,0,,,8.5033,,8.5033,,0,,,
stored-night,5,tide-siege+sluice-jam,w0h0l+,legacy-cycle,300,0,0,9,,77.3,0,0,4,89.303,3,32.487,0,0,0,0,1.177,0.61,0.583,2.417,0,0,0,0,0,0.97,0,4,0,0,0,0,0,,,,,,,,,,,,,1,county-alert,1,1,overhaul-warning,1,4,last-night,0,,300,291,291,2151,0,0,300,1722,0,0,300,1722,0,0,1200,0,0,0,0,0,0,0,0,0.97,7.3918,,5.74,,5.74,,0,,,
stored-night,5,tide-siege+sluice-jam,w0h0l+,greedy,300,204,0.68,8.213,0.8715,41.5,0,1.133,1.96,45.76,2.867,0.603,0.973,0.213,0.807,0.013,1.693,1.48,0.217,1.753,0,0.947,0,0.187,0,0.023,0,2.583,0,0,0,0,0,,,,,,,,,,,,,1.18,county-alert,1,1,overhaul-warning,1,4,last-night,0.18,8.259,300,7,7,56,6,47,300,364,204,227,96,137,0,0,775,242,0,0,0,0,0,0,0,0.0233,8,7.8333,1.2133,1.1127,1.4271,,0.3123,,,
stored-night,5,tide-siege+sluice-jam,w0h0l+,planner,300,194,0.6467,8.23,0.8677,61.717,0,1.007,2.163,50.4,2.77,0.863,0.99,0.15,0.653,0.07,1.633,1.487,0.167,1.98,0,0.83,0.003,0.173,0,0.033,0,2.66,0,0,0,0,0,,,,,,,,,,,,,1.157,county-alert,1,1,overhaul-warning,1,4,last-night,0.1567,8.298,300,10,10,82,9,74,300,987,194,219,106,768,0,0,798,196,0,0,0,0,0,0,0,0.0333,8.2,8.2222,3.29,1.1289,7.2453,,0.2456,,,
stored-night,5,tide-siege+sluice-jam,w0h0l+,forecast-aware,300,80,0.2667,8.753,0.8972,41.009,0,1.203,2.553,64.22,2.293,1.247,2.573,0,0.953,0.643,1.713,1.413,0.39,2.617,0,0.84,0.063,0.3,0,0.033,0,3.243,0,0,0,0,0,,,,,,,,,,,,,1.327,county-alert,1,1,overhaul-warning,1,4,last-night,0.3267,8.867,300,10,10,90,4,36,300,589,80,111,220,478,0,0,973,286,0,0,0,0,0,0,0,0.0333,9,9,1.9633,1.3875,2.1727,,0.2939,,,
stored-night,5,tide-siege+sluice-jam,w0h0l+,planner-one-mistake,300,62,0.2067,8.86,0.9247,58.908,0,0.457,2.633,63.11,2.993,14.137,1.267,0.32,1.033,0.007,2.003,1.797,0.253,1.26,0,0.353,0.007,0.097,0,0.007,0,3.573,0,0,0,0,0,194,300,194,51,0,26,274,0.2629,1,12.865,1.5,0,1.073,county-alert,1,1,overhaul-warning,1,4,last-night,0.0733,9,300,2,2,16,1,9,300,1784,62,62,238,1722,0,0,1072,310,0,0,0,0,0,0,0,0.0067,8,9,5.9467,1,7.2353,,0.2892,,,
stored-night,5,tide-siege+sluice-jam,w0h+l-,random,300,0,0,9,,83.297,0,0.01,3.733,65.323,2.847,19.253,0.497,1.273,0.267,0.153,0.923,0.677,0.34,1.05,0,0.007,0,0.003,0,0.003,0,3.997,0,0,0,0,0,,,,,,,,,,,,,1,county-alert,1,1,overhaul-warning,1,4,last-night,0,,300,1,1,9,0,0,300,1880,0,0,300,1880,0,0,1199,80,0,0,0,0,0,0,0,0.0033,9,,6.2667,,6.2667,,0.0667,,,
stored-night,5,tide-siege+sluice-jam,w0h+l-,single-water,300,0,0,9,,90.68,0,0,4,60.437,3,11.117,0,0,0,0,1.703,1.147,0.557,0,0,0,0,0,0,0,0,4,0,0,0,0,0,,,,,,,,,,,,,1,county-alert,1,1,overhaul-warning,1,4,last-night,0,,300,0,0,0,0,0,300,2551,0,0,300,2551,0,0,1200,0,0,0,0,0,0,0,0,0,,,8.5033,,8.5033,,0,,,
stored-night,5,tide-siege+sluice-jam,w0h+l-,legacy-cycle,300,0,0,9,,77.303,0,0,4,89.3,3,32.473,0,0,0,0,1.177,0.61,0.583,2.417,0,0,0,0,0,0.97,0,4,0,0,0,0,0,,,,,,,,,,,,,1,county-alert,1,1,overhaul-warning,1,4,last-night,0,,300,291,291,2151,0,0,300,1722,0,0,300,1722,0,0,1200,0,0,0,0,0,0,0,0,0.97,7.3918,,5.74,,5.74,,0,,,
stored-night,5,tide-siege+sluice-jam,w0h+l-,greedy,300,205,0.6833,8.217,0.8726,40.6,0,1.117,1.927,44.62,2.873,0.6,0.98,0.217,0.807,0.017,1.693,1.477,0.22,1.81,0,0.947,0,0.17,0,0.023,0,2.567,0,0,0,0,0,,,,,,,,,,,,,1.16,county-alert,1,1,overhaul-warning,1,4,last-night,0.16,8.417,300,7,7,55,6,46,300,383,205,239,95,144,0,0,770,242,0,0,0,0,0,0,0,0.0233,7.8571,7.6667,1.2767,1.1659,1.5158,,0.3143,,,
stored-night,5,tide-siege+sluice-jam,w0h+l-,planner,300,187,0.6233,8.273,0.8705,61.611,0,1,2.193,51.427,2.783,0.927,1.03,0.15,0.677,0.07,1.61,1.477,0.15,2.077,0,0.817,0.003,0.18,0,0.033,0,2.71,0,0,0,0,0,,,,,,,,,,,,,1.167,county-alert,1,1,overhaul-warning,1,4,last-night,0.1667,8.34,300,10,10,82,10,82,300,1036,187,212,113,824,0,0,813,203,0,0,0,0,0,0,0,0.0333,8.2,8.2,3.4533,1.1337,7.292,,0.2497,,,
stored-night,5,tide-siege+sluice-jam,w0h+l-,forecast-aware,300,73,0.2433,8.803,0.9102,41.295,0,1.203,2.617,65.967,2.3,1.24,2.567,0,0.96,0.643,1.74,1.43,0.4,2.627,0,0.83,0.063,0.31,0,0.033,0,3.3,0,0,0,0,0,,,,,,,,,,,,,1.333,county-alert,1,1,overhaul-warning,1,4,last-night,0.3333,8.79,300,10,10,90,4,36,300,585,73,103,227,482,0,0,990,288,0,0,0,0,0,0,0,0.0333,9,9,1.95,1.411,2.1233,,0.2909,,,
stored-night,5,tide-siege+sluice-jam,w0h+l-,planner-one-mistake,300,48,0.16,8.887,0.9213,59.238,0,0.44,2.69,64.95,2.993,14.277,1.273,0.323,1.043,0.007,1.987,1.777,0.257,1.223,0,0.327,0.007,0.107,0,0.007,0,3.63,0,0,0,0,0,187,300,187,38,0,26,274,0.2032,1,12.8183,1,0,1.08,county-alert,1,1,overhaul-warning,1,4,last-night,0.08,9,300,2,2,15,1,8,300,1869,48,43,252,1826,0,0,1089,313,0,0,0,0,0,0,0,0.0067,7.5,8,6.23,0.8958,7.246,,0.2874,,,
stored-night,5,tide-siege+sluice-jam,w0h+l0,random,300,1,0.0033,8.997,0.8889,83.324,0,0.013,3.727,65.273,2.847,19.297,0.497,1.273,0.267,0.153,0.923,0.677,0.34,1.05,0,0.01,0,0.003,0,0.003,0,3.99,0,0,0,0,0,,,,,,,,,,,,,1,county-alert,1,1,overhaul-warning,1,4,last-night,0,,300,1,1,9,0,0,300,1879,1,1,299,1878,0,0,1197,80,0,0,0,0,0,0,0,0.0033,9,,6.2633,1,6.2809,,0.0668,,,
stored-night,5,tide-siege+sluice-jam,w0h+l0,single-water,300,0,0,9,,90.68,0,0,4,60.437,3,11.117,0,0,0,0,1.703,1.147,0.557,0,0,0,0,0,0,0,0,4,0,0,0,0,0,,,,,,,,,,,,,1,county-alert,1,1,overhaul-warning,1,4,last-night,0,,300,0,0,0,0,0,300,2551,0,0,300,2551,0,0,1200,0,0,0,0,0,0,0,0,0,,,8.5033,,8.5033,,0,,,
stored-night,5,tide-siege+sluice-jam,w0h+l0,legacy-cycle,300,0,0,9,,77.3,0,0,4,89.303,3,32.487,0,0,0,0,1.177,0.61,0.583,2.417,0,0,0,0,0,0.97,0,4,0,0,0,0,0,,,,,,,,,,,,,1,county-alert,1,1,overhaul-warning,1,4,last-night,0,,300,291,291,2151,0,0,300,1722,0,0,300,1722,0,0,1200,0,0,0,0,0,0,0,0,0.97,7.3918,,5.74,,5.74,,0,,,
stored-night,5,tide-siege+sluice-jam,w0h+l0,greedy,300,205,0.6833,8.213,0.8721,41.968,0,1.133,1.96,45.76,2.867,0.603,0.97,0.213,0.807,0.013,1.693,1.48,0.217,1.757,0,0.947,0,0.187,0,0.023,0,2.583,0,0,0,0,0,,,,,,,,,,,,,1.18,county-alert,1,1,overhaul-warning,1,4,last-night,0.18,8.259,300,7,7,56,6,47,300,365,205,229,95,136,0,0,775,242,0,0,0,0,0,0,0,0.0233,8,7.8333,1.2167,1.1171,1.4316,,0.3123,,,
stored-night,5,tide-siege+sluice-jam,w0h+l0,planner,300,193,0.6433,8.233,0.8676,61.841,0,1.01,2.17,50.64,2.77,0.863,0.993,0.15,0.657,0.07,1.633,1.487,0.167,1.98,0,0.83,0.003,0.177,0,0.033,0,2.667,0,0,0,0,0,,,,,,,,,,,,,1.16,county-alert,1,1,overhaul-warning,1,4,last-night,0.16,8.313,300,10,10,82,9,74,300,989,193,215,107,774,0,0,800,197,0,0,0,0,0,0,0,0.0333,8.2,8.2222,3.2967,1.114,7.2336,,0.2463,,,
stored-night,5,tide-siege+sluice-jam,w0h+l0,forecast-aware,300,80,0.2667,8.757,0.8986,41.041,0,1.203,2.553,64.22,2.293,1.247,2.573,0,0.957,0.643,1.713,1.413,0.39,2.617,0,0.84,0.063,0.3,0,0.033,0,3.247,0,0,0,0,0,,,,,,,,,,,,,1.327,county-alert,1,1,overhaul-warning,1,4,last-night,0.3267,8.867,300,10,10,90,4,36,300,595,80,115,220,480,0,0,974,287,0,0,0,0,0,0,0,0.0333,9,9,1.9833,1.4375,2.1818,,0.2947,,,
stored-night,5,tide-siege+sluice-jam,w0h+l0,planner-one-mistake,300,61,0.2033,8.863,0.9253,58.979,0,0.447,2.64,63.31,2.993,14.133,1.267,0.32,1.033,0.007,2.003,1.797,0.253,1.26,0,0.343,0.007,0.097,0,0.007,0,3.58,0,0,0,0,0,193,300,193,51,0,26,274,0.2642,1,12.865,1.5,0,1.073,county-alert,1,1,overhaul-warning,1,4,last-night,0.0733,9,300,2,2,16,1,9,300,1790,61,59,239,1731,0,0,1074,310,0,0,0,0,0,0,0,0.0067,8,9,5.9667,0.9672,7.2427,,0.2886,,,
stored-night,5,tide-siege+sluice-jam,w0h+l+,random,300,1,0.0033,8.997,0.8889,83.321,0,0.013,3.727,65.277,2.847,19.303,0.497,1.273,0.267,0.153,0.923,0.677,0.34,1.05,0,0.01,0,0.003,0,0.003,0,3.99,0,0,0,0,0,,,,,,,,,,,,,1,county-alert,1,1,overhaul-warning,1,4,last-night,0,,300,1,1,9,0,0,300,1879,1,1,299,1878,0,0,1197,80,0,0,0,0,0,0,0,0.0033,9,,6.2633,1,6.2809,,0.0668,,,
stored-night,5,tide-siege+sluice-jam,w0h+l+,single-water,300,0,0,9,,90.68,0,0,4,60.437,3,11.117,0,0,0,0,1.703,1.147,0.557,0,0,0,0,0,0,0,0,4,0,0,0,0,0,,,,,,,,,,,,,1,county-alert,1,1,overhaul-warning,1,4,last-night,0,,300,0,0,0,0,0,300,2551,0,0,300,2551,0,0,1200,0,0,0,0,0,0,0,0,0,,,8.5033,,8.5033,,0,,,
stored-night,5,tide-siege+sluice-jam,w0h+l+,legacy-cycle,300,0,0,9,,77.3,0,0,4,89.303,3,32.487,0,0,0,0,1.177,0.61,0.583,2.417,0,0,0,0,0,0.97,0,4,0,0,0,0,0,,,,,,,,,,,,,1,county-alert,1,1,overhaul-warning,1,4,last-night,0,,300,291,291,2151,0,0,300,1722,0,0,300,1722,0,0,1200,0,0,0,0,0,0,0,0,0.97,7.3918,,5.74,,5.74,,0,,,
stored-night,5,tide-siege+sluice-jam,w0h+l+,greedy,300,204,0.68,8.213,0.8715,41.5,0,1.133,1.96,45.76,2.867,0.603,0.973,0.213,0.807,0.013,1.693,1.48,0.217,1.753,0,0.947,0,0.187,0,0.023,0,2.583,0,0,0,0,0,,,,,,,,,,,,,1.18,county-alert,1,1,overhaul-warning,1,4,last-night,0.18,8.259,300,7,7,56,6,47,300,364,204,227,96,137,0,0,775,242,0,0,0,0,0,0,0,0.0233,8,7.8333,1.2133,1.1127,1.4271,,0.3123,,,
stored-night,5,tide-siege+sluice-jam,w0h+l+,planner,300,194,0.6467,8.23,0.8677,61.708,0,1.007,2.163,50.4,2.77,0.863,0.99,0.15,0.653,0.07,1.633,1.487,0.167,1.98,0,0.83,0.003,0.173,0,0.033,0,2.66,0,0,0,0,0,,,,,,,,,,,,,1.157,county-alert,1,1,overhaul-warning,1,4,last-night,0.1567,8.298,300,10,10,82,9,74,300,987,194,219,106,768,0,0,798,196,0,0,0,0,0,0,0,0.0333,8.2,8.2222,3.29,1.1289,7.2453,,0.2456,,,
stored-night,5,tide-siege+sluice-jam,w0h+l+,forecast-aware,300,80,0.2667,8.753,0.8972,40.964,0,1.203,2.553,64.22,2.293,1.247,2.573,0,0.953,0.643,1.713,1.413,0.39,2.617,0,0.84,0.063,0.3,0,0.033,0,3.243,0,0,0,0,0,,,,,,,,,,,,,1.327,county-alert,1,1,overhaul-warning,1,4,last-night,0.3267,8.867,300,10,10,90,4,36,300,589,80,111,220,478,0,0,973,286,0,0,0,0,0,0,0,0.0333,9,9,1.9633,1.3875,2.1727,,0.2939,,,
stored-night,5,tide-siege+sluice-jam,w0h+l+,planner-one-mistake,300,62,0.2067,8.86,0.9247,58.903,0,0.457,2.633,63.11,2.993,14.137,1.267,0.32,1.033,0.007,2.003,1.797,0.253,1.26,0,0.353,0.007,0.097,0,0.007,0,3.573,0,0,0,0,0,194,300,194,51,0,26,274,0.2629,1,12.865,1.5,0,1.073,county-alert,1,1,overhaul-warning,1,4,last-night,0.0733,9,300,2,2,16,1,9,300,1784,62,62,238,1722,0,0,1072,310,0,0,0,0,0,0,0,0.0067,8,9,5.9467,1,7.2353,,0.2892,,,
stored-night,5,tide-siege+sluice-jam,w+h-l-,random,300,0,0,9,,83.43,0,0.01,3.733,65.157,2.847,19.273,0.497,1.273,0.267,0.153,0.923,0.677,0.34,1.05,0,0.007,0,0.003,0,0.003,0,3.997,0,0,0,0,0,,,,,,,,,,,,,1,county-alert,1,1,overhaul-warning,1,4,last-night,0,,300,1,1,9,0,0,300,1880,0,0,300,1880,0,0,1199,80,0,0,0,0,0,0,0,0.0033,9,,6.2667,,6.2667,,0.0667,,,
stored-night,5,tide-siege+sluice-jam,w+h-l-,single-water,300,0,0,9,,90.68,0,0,4,60.853,3,11.117,0,0,0,0,1.703,1.147,0.557,0,0,0,0,0,0,0,0,4,0,0,0,0,0,,,,,,,,,,,,,1,county-alert,1,1,overhaul-warning,1,4,last-night,0,,300,0,0,0,0,0,300,2551,0,0,300,2551,0,0,1200,0,0,0,0,0,0,0,0,0,,,8.5033,,8.5033,,0,,,
stored-night,5,tide-siege+sluice-jam,w+h-l-,legacy-cycle,300,0,0,9,,77.547,0,0,4,89.26,3,32.473,0,0,0,0,1.177,0.61,0.583,2.417,0,0,0,0,0,0.97,0,4,0,0,0,0,0,,,,,,,,,,,,,1,county-alert,1,1,overhaul-warning,1,4,last-night,0,,300,291,291,2151,0,0,300,1722,0,0,300,1722,0,0,1200,0,0,0,0,0,0,0,0,0.97,7.3918,,5.74,,5.74,,0,,,
stored-night,5,tide-siege+sluice-jam,w+h-l-,greedy,300,200,0.6667,8.213,0.8689,40.17,0,1.133,1.94,45.173,2.88,0.597,0.983,0.197,0.803,0.017,1.723,1.493,0.233,1.78,0,0.953,0,0.18,0,0.02,0,2.567,0,0,0,0,0,,,,,,,,,,,,,1.167,county-alert,1,1,overhaul-warning,1,4,last-night,0.1667,8.48,300,6,6,46,4,31,300,385,200,240,100,145,0,0,770,241,0,0,0,0,0,0,0,0.02,7.6667,7.75,1.2833,1.2,1.45,,0.313,,,
stored-night,5,tide-siege+sluice-jam,w+h-l-,planner,300,183,0.61,8.27,0.867,61.47,0,1,2.203,51.8,2.783,0.927,1.02,0.147,0.677,0.07,1.63,1.487,0.16,2.033,0,0.813,0.003,0.183,0,0.033,0,2.717,0,0,0,0,0,,,,,,,,,,,,,1.167,county-alert,1,1,overhaul-warning,1,4,last-night,0.1667,8.38,300,10,10,82,10,82,300,1062,183,204,117,858,0,0,815,203,0,0,0,0,0,0,0,0.0333,8.2,8.2,3.54,1.1148,7.3333,,0.2491,,,
stored-night,5,tide-siege+sluice-jam,w+h-l-,forecast-aware,300,75,0.25,8.8,0.9111,42.076,0,1.217,2.61,65.793,2.3,1.28,2.573,0,0.96,0.643,1.74,1.433,0.407,2.61,0,0.837,0.067,0.313,0,0.033,0,3.29,0,0,0,0,0,,,,,,,,,,,,,1.34,county-alert,1,1,overhaul-warning,1,4,last-night,0.34,8.794,300,10,10,90,4,36,300,582,75,104,225,478,0,0,987,288,0,0,0,0,0,0,0,0.0333,9,9,1.94,1.3867,2.1244,,0.2918,,,
stored-night,5,tide-siege+sluice-jam,w+h-l-,planner-one-mistake,300,48,0.16,8.887,0.9213,59.79,0,0.463,2.687,65.19,2.993,14.197,1.273,0.337,1.037,0.007,1.99,1.773,0.26,1.197,0,0.333,0.007,0.123,0,0.007,0,3.603,0,0,0,0,0,183,300,183,39,0,27,273,0.2131,1,12.6733,1,0,1.08,county-alert,1,1,overhaul-warning,1,4,last-night,0.08,9,300,2,2,15,1,8,300,1871,48,40,252,1831,0,0,1081,311,0,0,0,0,0,0,0,0.0067,7.5,8,6.2367,0.8333,7.2659,,0.2877,,,
stored-night,5,tide-siege+sluice-jam,w+h-l0,random,300,0,0,9,,83.32,0,0.01,3.733,65.307,2.847,19.317,0.497,1.273,0.267,0.153,0.923,0.677,0.34,1.05,0,0.007,0,0.003,0,0.003,0,3.997,0,0,0,0,0,,,,,,,,,,,,,1,county-alert,1,1,overhaul-warning,1,4,last-night,0,,300,1,1,9,0,0,300,1880,0,0,300,1880,0,0,1199,80,0,0,0,0,0,0,0,0.0033,9,,6.2667,,6.2667,,0.0667,,,
stored-night,5,tide-siege+sluice-jam,w+h-l0,single-water,300,0,0,9,,90.68,0,0,4,60.853,3,11.117,0,0,0,0,1.703,1.147,0.557,0,0,0,0,0,0,0,0,4,0,0,0,0,0,,,,,,,,,,,,,1,county-alert,1,1,overhaul-warning,1,4,last-night,0,,300,0,0,0,0,0,300,2551,0,0,300,2551,0,0,1200,0,0,0,0,0,0,0,0,0,,,8.5033,,8.5033,,0,,,
stored-night,5,tide-siege+sluice-jam,w+h-l0,legacy-cycle,300,0,0,9,,77.543,0,0,4,89.263,3,32.487,0,0,0,0,1.177,0.61,0.583,2.417,0,0,0,0,0,0.97,0,4,0,0,0,0,0,,,,,,,,,,,,,1,county-alert,1,1,overhaul-warning,1,4,last-night,0,,300,291,291,2151,0,0,300,1722,0,0,300,1722,0,0,1200,0,0,0,0,0,0,0,0,0.97,7.3918,,5.74,,5.74,,0,,,
stored-night,5,tide-siege+sluice-jam,w+h-l0,greedy,300,202,0.6733,8.213,0.8702,40.408,0,1.14,1.947,45.353,2.887,0.52,0.987,0.193,0.803,0.017,1.723,1.507,0.22,1.73,0,0.957,0,0.183,0,0.017,0,2.567,0,0,0,0,0,,,,,,,,,,,,,1.177,county-alert,1,1,overhaul-warning,1,4,last-night,0.1767,8.434,300,5,5,39,3,22,300,371,202,233,98,138,0,0,770,241,0,0,0,0,0,0,0,0.0167,7.8,7.3333,1.2367,1.1535,1.4082,,0.313,,,
stored-night,5,tide-siege+sluice-jam,w+h-l0,planner,300,185,0.6167,8.257,0.8661,61.922,0,1.007,2.203,51.747,2.78,0.98,1.01,0.147,0.66,0.07,1.643,1.493,0.177,1.973,0,0.817,0.007,0.183,0,0.033,0,2.7,0,0,0,0,0,,,,,,,,,,,,,1.17,county-alert,1,1,overhaul-warning,1,4,last-night,0.17,8.431,300,10,10,82,9,74,300,1050,185,207,115,843,0,0,810,198,0,0,0,0,0,0,0,0.0333,8.2,8.2222,3.5,1.1189,7.3304,,0.2444,,,
stored-night,5,tide-siege+sluice-jam,w+h-l0,forecast-aware,300,76,0.2533,8.807,0.9152,41.982,0,1.217,2.623,66.247,2.293,1.257,2.573,0,0.957,0.643,1.737,1.437,0.397,2.623,0,0.837,0.063,0.317,0,0.033,0,3.3,0,0,0,0,0,,,,,,,,,,,,,1.347,county-alert,1,1,overhaul-warning,1,4,last-night,0.3467,8.779,300,10,10,90,4,36,300,584,76,110,224,474,0,0,990,287,0,0,0,0,0,0,0,0.0333,9,9,1.9467,1.4474,2.1161,,0.2899,,,
stored-night,5,tide-siege+sluice-jam,w+h-l0,planner-one-mistake,300,56,0.1867,8.873,0.9246,59.652,0,0.463,2.66,64.257,2.993,14.117,1.267,0.337,1.03,0.007,2,1.783,0.26,1.217,0,0.343,0.007,0.113,0,0.007,0,3.58,0,0,0,0,0,185,300,185,45,0,27,273,0.2432,1,12.77,1.5,0,1.073,county-alert,1,1,overhaul-warning,1,4,last-night,0.0733,9,300,2,2,16,1,9,300,1830,56,53,244,1777,0,0,1074,309,0,0,0,0,0,0,0,0.0067,8,9,6.1,0.9464,7.2828,,0.2877,,,
stored-night,5,tide-siege+sluice-jam,w+h-l+,random,300,1,0.0033,8.997,0.8889,83.452,0,0.013,3.727,65.11,2.847,19.323,0.497,1.273,0.267,0.153,0.923,0.677,0.34,1.05,0,0.01,0,0.003,0,0.003,0,3.99,0,0,0,0,0,,,,,,,,,,,,,1,county-alert,1,1,overhaul-warning,1,4,last-night,0,,300,1,1,9,0,0,300,1879,1,1,299,1878,0,0,1197,80,0,0,0,0,0,0,0,0.0033,9,,6.2633,1,6.2809,,0.0668,,,
stored-night,5,tide-siege+sluice-jam,w+h-l+,single-water,300,0,0,9,,90.68,0,0,4,60.853,3,11.117,0,0,0,0,1.703,1.147,0.557,0,0,0,0,0,0,0,0,4,0,0,0,0,0,,,,,,,,,,,,,1,county-alert,1,1,overhaul-warning,1,4,last-night,0,,300,0,0,0,0,0,300,2551,0,0,300,2551,0,0,1200,0,0,0,0,0,0,0,0,0,,,8.5033,,8.5033,,0,,,
stored-night,5,tide-siege+sluice-jam,w+h-l+,legacy-cycle,300,0,0,9,,77.543,0,0,4,89.263,3,32.487,0,0,0,0,1.177,0.61,0.583,2.417,0,0,0,0,0,0.97,0,4,0,0,0,0,0,,,,,,,,,,,,,1,county-alert,1,1,overhaul-warning,1,4,last-night,0,,300,291,291,2151,0,0,300,1722,0,0,300,1722,0,0,1200,0,0,0,0,0,0,0,0,0.97,7.3918,,5.74,,5.74,,0,,,
stored-night,5,tide-siege+sluice-jam,w+h-l+,greedy,300,201,0.67,8.213,0.8695,39.768,0,1.14,1.947,45.327,2.883,0.52,0.99,0.193,0.807,0.017,1.727,1.51,0.22,1.733,0,0.957,0,0.183,0,0.017,0,2.57,0,0,0,0,0,,,,,,,,,,,,,1.177,county-alert,1,1,overhaul-warning,1,4,last-night,0.1767,8.396,300,5,5,39,3,22,300,370,201,232,99,138,0,0,771,242,0,0,0,0,0,0,0,0.0167,7.8,7.3333,1.2333,1.1542,1.3939,,0.3139,,,
stored-night,5,tide-siege+sluice-jam,w+h-l+,planner,300,184,0.6133,8.26,0.8659,61.853,0,1.01,2.21,51.96,2.777,1.06,1.01,0.147,0.66,0.07,1.647,1.493,0.18,1.977,0,0.817,0.007,0.187,0,0.033,0,2.703,0,0,0,0,0,,,,,,,,,,,,,1.173,county-alert,1,1,overhaul-warning,1,4,last-night,0.1733,8.404,300,10,10,82,9,74,300,1056,184,207,116,849,0,0,811,198,0,0,0,0,0,0,0,0.0333,8.2,8.2222,3.52,1.125,7.319,,0.2441,,,
stored-night,5,tide-siege+sluice-jam,w+h-l+,forecast-aware,300,75,0.25,8.807,0.9141,42.133,0,1.22,2.633,66.567,2.293,1.257,2.57,0,0.95,0.643,1.737,1.433,0.4,2.623,0,0.837,0.063,0.32,0,0.033,0,3.3,0,0,0,0,0,,,,,,,,,,,,,1.353,county-alert,1,1,overhaul-warning,1,4,last-night,0.3533,8.783,300,10,10,90,4,36,300,585,75,105,225,480,0,0,990,285,0,0,0,0,0,0,0,0.0333,9,9,1.95,1.4,2.1333,,0.2879,,,
stored-night,5,tide-siege+sluice-jam,w+h-l+,planner-one-mistake,300,56,0.1867,8.873,0.9246,59.566,0,0.47,2.66,64.257,2.993,14.2,1.267,0.337,1.03,0.007,2,1.783,0.26,1.22,0,0.35,0.007,0.113,0,0.007,0,3.58,0,0,0,0,0,184,300,184,44,0,27,273,0.2391,1,12.77,1.5,0,1.073,county-alert,1,1,overhaul-warning,1,4,last-night,0.0733,9,300,2,2,16,1,9,300,1827,56,50,244,1777,0,0,1074,309,0,0,0,0,0,0,0,0.0067,8,9,6.09,0.8929,7.2828,,0.2877,,,
stored-night,5,tide-siege+sluice-jam,w+h0l-,random,300,0,0,9,,83.26,0,0.01,3.733,65.41,2.847,19.343,0.497,1.273,0.267,0.153,0.923,0.677,0.34,1.05,0,0.007,0,0.003,0,0.003,0,3.997,0,0,0,0,0,,,,,,,,,,,,,1,county-alert,1,1,overhaul-warning,1,4,last-night,0,,300,1,1,9,0,0,300,1880,0,0,300,1880,0,0,1199,80,0,0,0,0,0,0,0,0.0033,9,,6.2667,,6.2667,,0.0667,,,
stored-night,5,tide-siege+sluice-jam,w+h0l-,single-water,300,0,0,9,,90.68,0,0,4,60.853,3,11.117,0,0,0,0,1.703,1.147,0.557,0,0,0,0,0,0,0,0,4,0,0,0,0,0,,,,,,,,,,,,,1,county-alert,1,1,overhaul-warning,1,4,last-night,0,,300,0,0,0,0,0,300,2551,0,0,300,2551,0,0,1200,0,0,0,0,0,0,0,0,0,,,8.5033,,8.5033,,0,,,
stored-night,5,tide-siege+sluice-jam,w+h0l-,legacy-cycle,300,0,0,9,,77.303,0,0,4,89.3,3,32.473,0,0,0,0,1.177,0.61,0.583,2.417,0,0,0,0,0,0.97,0,4,0,0,0,0,0,,,,,,,,,,,,,1,county-alert,1,1,overhaul-warning,1,4,last-night,0,,300,291,291,2151,0,0,300,1722,0,0,300,1722,0,0,1200,0,0,0,0,0,0,0,0,0.97,7.3918,,5.74,,5.74,,0,,,
stored-night,5,tide-siege+sluice-jam,w+h0l-,greedy,300,207,0.69,8.193,0.8701,40.527,0,1.127,1.923,44.6,2.87,0.6,0.97,0.207,0.793,0.017,1.707,1.477,0.233,1.807,0,0.953,0,0.173,0,0.023,0,2.55,0,0,0,0,0,,,,,,,,,,,,,1.163,county-alert,1,1,overhaul-warning,1,4,last-night,0.1633,8.429,300,7,7,55,7,55,300,376,207,239,93,137,0,0,765,238,0,0,0,0,0,0,0,0.0233,7.8571,7.8571,1.2533,1.1546,1.4731,,0.3111,,,
stored-night,5,tide-siege+sluice-jam,w+h0l-,planner,300,191,0.6367,8.25,0.8691,61.817,0,1.01,2.173,50.787,2.78,0.927,1.017,0.147,0.67,0.07,1.617,1.48,0.153,2.053,0,0.83,0.003,0.177,0,0.033,0,2.687,0,0,0,0,0,,,,,,,,,,,,,1.163,county-alert,1,1,overhaul-warning,1,4,last-night,0.1633,8.327,300,10,10,82,10,82,300,1005,191,212,109,793,0,0,806,201,0,0,0,0,0,0,0,0.0333,8.2,8.2,3.35,1.1099,7.2752,,0.2494,,,
stored-night,5,tide-siege+sluice-jam,w+h0l-,forecast-aware,300,75,0.25,8.793,0.9081,41.671,0,1.237,2.617,66.127,2.3,1.28,2.57,0,0.947,0.643,1.737,1.43,0.403,2.613,0,0.847,0.067,0.323,0,0.033,0,3.273,0,0,0,0,0,,,,,,,,,,,,,1.35,county-alert,1,1,overhaul-warning,1,4,last-night,0.35,8.8,300,10,10,90,4,36,300,581,75,103,225,478,0,0,982,284,0,0,0,0,0,0,0,0.0333,9,9,1.9367,1.3733,2.1244,,0.2892,,,
stored-night,5,tide-siege+sluice-jam,w+h0l-,planner-one-mistake,300,51,0.17,8.873,0.9172,59.514,0,0.46,2.67,64.59,2.993,14.217,1.27,0.337,1.037,0.007,1.987,1.773,0.257,1.193,0,0.337,0.007,0.117,0,0.007,0,3.593,0,0,0,0,0,191,300,191,41,0,27,273,0.2147,1,12.7567,1,0,1.077,county-alert,1,1,overhaul-warning,1,4,last-night,0.0767,9,300,2,2,15,1,8,300,1853,51,47,249,1806,0,0,1078,311,0,0,0,0,0,0,0,0.0067,7.5,8,6.1767,0.9216,7.253,,0.2885,,,
stored-night,5,tide-siege+sluice-jam,w+h0l0,random,300,1,0.0033,8.997,0.8889,83.288,0,0.013,3.727,65.36,2.847,19.387,0.497,1.273,0.267,0.153,0.923,0.677,0.34,1.05,0,0.01,0,0.003,0,0.003,0,3.99,0,0,0,0,0,,,,,,,,,,,,,1,county-alert,1,1,overhaul-warning,1,4,last-night,0,,300,1,1,9,0,0,300,1879,1,1,299,1878,0,0,1197,80,0,0,0,0,0,0,0,0.0033,9,,6.2633,1,6.2809,,0.0668,,,
stored-night,5,tide-siege+sluice-jam,w+h0l0,single-water,300,0,0,9,,90.68,0,0,4,60.853,3,11.117,0,0,0,0,1.703,1.147,0.557,0,0,0,0,0,0,0,0,4,0,0,0,0,0,,,,,,,,,,,,,1,county-alert,1,1,overhaul-warning,1,4,last-night,0,,300,0,0,0,0,0,300,2551,0,0,300,2551,0,0,1200,0,0,0,0,0,0,0,0,0,,,8.5033,,8.5033,,0,,,
stored-night,5,tide-siege+sluice-jam,w+h0l0,legacy-cycle,300,0,0,9,,77.3,0,0,4,89.303,3,32.487,0,0,0,0,1.177,0.61,0.583,2.417,0,0,0,0,0,0.97,0,4,0,0,0,0,0,,,,,,,,,,,,,1,county-alert,1,1,overhaul-warning,1,4,last-night,0,,300,291,291,2151,0,0,300,1722,0,0,300,1722,0,0,1200,0,0,0,0,0,0,0,0,0.97,7.3918,,5.74,,5.74,,0,,,
stored-night,5,tide-siege+sluice-jam,w+h0l0,greedy,300,206,0.6867,8.2,0.8706,40.628,0,1.133,1.937,45.06,2.877,0.523,0.973,0.203,0.797,0.017,1.713,1.49,0.227,1.76,0,0.953,0,0.18,0,0.02,0,2.557,0,0,0,0,0,,,,,,,,,,,,,1.173,county-alert,1,1,overhaul-warning,1,4,last-night,0.1733,8.385,300,6,6,48,5,39,300,367,206,230,94,137,0,0,767,239,0,0,0,0,0,0,0,0.02,8,7.8,1.2233,1.1165,1.4574,,0.3116,,,
stored-night,5,tide-siege+sluice-jam,w+h0l0,planner,300,190,0.6333,8.247,0.8678,62.082,0,1.017,2.187,51.173,2.777,0.98,1.01,0.15,0.657,0.07,1.63,1.487,0.17,1.993,0,0.83,0.007,0.18,0,0.033,0,2.683,0,0,0,0,0,,,,,,,,,,,,,1.17,county-alert,1,1,overhaul-warning,1,4,last-night,0.17,8.392,300,10,10,82,9,74,300,1009,190,208,110,801,0,0,805,197,0,0,0,0,0,0,0,0.0333,8.2,8.2222,3.3633,1.0947,7.2818,,0.2447,,,
stored-night,5,tide-siege+sluice-jam,w+h0l0,forecast-aware,300,82,0.2733,8.743,0.8957,41.202,0,1.22,2.553,64.273,2.293,1.26,2.577,0,0.94,0.643,1.713,1.42,0.39,2.607,0,0.847,0.067,0.307,0,0.033,0,3.223,0,0,0,0,0,,,,,,,,,,,,,1.34,county-alert,1,1,overhaul-warning,1,4,last-night,0.34,8.882,300,10,10,90,4,36,300,585,82,114,218,471,0,0,967,282,0,0,0,0,0,0,0,0.0333,9,9,1.95,1.3902,2.1606,,0.2916,,,
stored-night,5,tide-siege+sluice-jam,w+h0l0,planner-one-mistake,300,60,0.2,8.863,0.9241,59.342,0,0.457,2.64,63.497,2.993,14.12,1.267,0.337,1.03,0.007,2,1.783,0.26,1.217,0,0.347,0.007,0.103,0,0.007,0,3.57,0,0,0,0,0,190,300,190,48,0,27,273,0.2526,1,12.8533,1.5,0,1.07,county-alert,1,1,overhaul-warning,1,4,last-night,0.07,9,300,2,2,16,1,9,300,1807,60,63,240,1744,0,0,1071,309,0,0,0,0,0,0,0,0.0067,8,9,6.0233,1.05,7.2667,,0.2885,,,
stored-night,5,tide-siege+sluice-jam,w+h0l+,random,300,1,0.0033,8.997,0.8889,83.284,0,0.013,3.727,65.363,2.847,19.393,0.497,1.273,0.267,0.153,0.923,0.677,0.34,1.05,0,0.01,0,0.003,0,0.003,0,3.99,0,0,0,0,0,,,,,,,,,,,,,1,county-alert,1,1,overhaul-warning,1,4,last-night,0,,300,1,1,9,0,0,300,1879,1,1,299,1878,0,0,1197,80,0,0,0,0,0,0,0,0.0033,9,,6.2633,1,6.2809,,0.0668,,,
stored-night,5,tide-siege+sluice-jam,w+h0l+,single-water,300,0,0,9,,90.68,0,0,4,60.853,3,11.117,0,0,0,0,1.703,1.147,0.557,0,0,0,0,0,0,0,0,4,0,0,0,0,0,,,,,,,,,,,,,1,county-alert,1,1,overhaul-warning,1,4,last-night,0,,300,0,0,0,0,0,300,2551,0,0,300,2551,0,0,1200,0,0,0,0,0,0,0,0,0,,,8.5033,,8.5033,,0,,,
stored-night,5,tide-siege+sluice-jam,w+h0l+,legacy-cycle,300,0,0,9,,77.3,0,0,4,89.303,3,32.487,0,0,0,0,1.177,0.61,0.583,2.417,0,0,0,0,0,0.97,0,4,0,0,0,0,0,,,,,,,,,,,,,1,county-alert,1,1,overhaul-warning,1,4,last-night,0,,300,291,291,2151,0,0,300,1722,0,0,300,1722,0,0,1200,0,0,0,0,0,0,0,0,0.97,7.3918,,5.74,,5.74,,0,,,
stored-night,5,tide-siege+sluice-jam,w+h0l+,greedy,300,205,0.6833,8.2,0.8699,40.147,0,1.133,1.937,45.06,2.877,0.523,0.973,0.203,0.797,0.017,1.713,1.49,0.227,1.757,0,0.953,0,0.18,0,0.02,0,2.557,0,0,0,0,0,,,,,,,,,,,,,1.173,county-alert,1,1,overhaul-warning,1,4,last-night,0.1733,8.385,300,6,6,48,5,39,300,367,205,229,95,138,0,0,767,239,0,0,0,0,0,0,0,0.02,8,7.8,1.2233,1.1171,1.4526,,0.3116,,,
stored-night,5,tide-siege+sluice-jam,w+h0l+,planner,300,191,0.6367,8.243,0.8679,61.936,0,1.013,2.18,50.933,2.777,1.06,1.007,0.15,0.653,0.07,1.633,1.487,0.173,1.997,0,0.83,0.007,0.177,0,0.033,0,2.677,0,0,0,0,0,,,,,,,,,,,,,1.167,county-alert,1,1,overhaul-warning,1,4,last-night,0.1667,8.38,300,10,10,82,9,74,300,1004,191,209,109,795,0,0,803,196,0,0,0,0,0,0,0,0.0333,8.2,8.2222,3.3467,1.0942,7.2936,,0.2441,,,
stored-night,5,tide-siege+sluice-jam,w+h0l+,forecast-aware,300,83,0.2767,8.74,0.8956,41.76,0,1.237,2.557,64.487,2.293,1.29,2.577,0,0.93,0.643,1.717,1.417,0.397,2.607,0,0.853,0.067,0.317,0,0.033,0,3.207,0,0,0,0,0,,,,,,,,,,,,,1.353,county-alert,1,1,overhaul-warning,1,4,last-night,0.3533,8.887,300,10,10,90,4,36,300,589,83,115,217,474,0,0,962,279,0,0,0,0,0,0,0,0.0333,9,9,1.9633,1.3855,2.1843,,0.29,,,
stored-night,5,tide-siege+sluice-jam,w+h0l+,planner-one-mistake,300,60,0.2,8.863,0.9241,59.254,0,0.463,2.64,63.497,2.993,14.203,1.267,0.337,1.03,0.007,2,1.783,0.26,1.22,0,0.353,0.007,0.103,0,0.007,0,3.57,0,0,0,0,0,191,300,191,48,0,27,273,0.2513,1,12.8533,1.5,0,1.07,county-alert,1,1,overhaul-warning,1,4,last-night,0.07,9,300,2,2,16,1,9,300,1804,60,60,240,1744,0,0,1071,309,0,0,0,0,0,0,0,0.0067,8,9,6.0133,1,7.2667,,0.2885,,,
stored-night,5,tide-siege+sluice-jam,w+h+l-,random,300,0,0,9,,83.247,0,0.01,3.733,65.42,2.847,19.343,0.497,1.273,0.267,0.153,0.923,0.677,0.34,1.05,0,0.007,0,0.003,0,0.003,0,3.997,0,0,0,0,0,,,,,,,,,,,,,1,county-alert,1,1,overhaul-warning,1,4,last-night,0,,300,1,1,9,0,0,300,1880,0,0,300,1880,0,0,1199,80,0,0,0,0,0,0,0,0.0033,9,,6.2667,,6.2667,,0.0667,,,
stored-night,5,tide-siege+sluice-jam,w+h+l-,single-water,300,0,0,9,,90.68,0,0,4,60.853,3,11.117,0,0,0,0,1.703,1.147,0.557,0,0,0,0,0,0,0,0,4,0,0,0,0,0,,,,,,,,,,,,,1,county-alert,1,1,overhaul-warning,1,4,last-night,0,,300,0,0,0,0,0,300,2551,0,0,300,2551,0,0,1200,0,0,0,0,0,0,0,0,0,,,8.5033,,8.5033,,0,,,
stored-night,5,tide-siege+sluice-jam,w+h+l-,legacy-cycle,300,0,0,9,,77.303,0,0,4,89.3,3,32.473,0,0,0,0,1.177,0.61,0.583,2.417,0,0,0,0,0,0.97,0,4,0,0,0,0,0,,,,,,,,,,,,,1,county-alert,1,1,overhaul-warning,1,4,last-night,0,,300,291,291,2151,0,0,300,1722,0,0,300,1722,0,0,1200,0,0,0,0,0,0,0,0,0.97,7.3918,,5.74,,5.74,,0,,,
stored-night,5,tide-siege+sluice-jam,w+h+l-,greedy,300,207,0.69,8.193,0.8701,40.527,0,1.127,1.923,44.6,2.87,0.6,0.97,0.207,0.793,0.017,1.707,1.477,0.233,1.807,0,0.953,0,0.173,0,0.023,0,2.55,0,0,0,0,0,,,,,,,,,,,,,1.163,county-alert,1,1,overhaul-warning,1,4,last-night,0.1633,8.429,300,7,7,55,7,55,300,376,207,239,93,137,0,0,765,238,0,0,0,0,0,0,0,0.0233,7.8571,7.8571,1.2533,1.1546,1.4731,,0.3111,,,
stored-night,5,tide-siege+sluice-jam,w+h+l-,planner,300,191,0.6367,8.25,0.8691,61.807,0,1.01,2.173,50.787,2.78,0.927,1.017,0.147,0.67,0.07,1.617,1.48,0.153,2.053,0,0.83,0.003,0.177,0,0.033,0,2.687,0,0,0,0,0,,,,,,,,,,,,,1.163,county-alert,1,1,overhaul-warning,1,4,last-night,0.1633,8.327,300,10,10,82,10,82,300,1005,191,212,109,793,0,0,806,201,0,0,0,0,0,0,0,0.0333,8.2,8.2,3.35,1.1099,7.2752,,0.2494,,,
stored-night,5,tide-siege+sluice-jam,w+h+l-,forecast-aware,300,75,0.25,8.793,0.9081,41.627,0,1.237,2.617,66.127,2.3,1.28,2.57,0,0.947,0.643,1.737,1.43,0.403,2.613,0,0.847,0.067,0.323,0,0.033,0,3.273,0,0,0,0,0,,,,,,,,,,,,,1.35,county-alert,1,1,overhaul-warning,1,4,last-night,0.35,8.8,300,10,10,90,4,36,300,581,75,103,225,478,0,0,982,284,0,0,0,0,0,0,0,0.0333,9,9,1.9367,1.3733,2.1244,,0.2892,,,
stored-night,5,tide-siege+sluice-jam,w+h+l-,planner-one-mistake,300,52,0.1733,8.873,0.9188,59.468,0,0.457,2.667,64.43,2.993,14.217,1.27,0.337,1.037,0.007,1.99,1.773,0.26,1.193,0,0.337,0.007,0.113,0,0.007,0,3.593,0,0,0,0,0,191,300,191,42,0,27,273,0.2199,1,12.7567,1,0,1.077,county-alert,1,1,overhaul-warning,1,4,last-night,0.0767,9,300,2,2,15,1,8,300,1845,52,47,248,1798,0,0,1078,311,0,0,0,0,0,0,0,0.0067,7.5,8,6.15,0.9038,7.25,,0.2885,,,
stored-night,5,tide-siege+sluice-jam,w+h+l0,random,300,1,0.0033,8.997,0.8889,83.278,0,0.013,3.727,65.37,2.847,19.387,0.497,1.273,0.267,0.153,0.923,0.677,0.34,1.05,0,0.01,0,0.003,0,0.003,0,3.99,0,0,0,0,0,,,,,,,,,,,,,1,county-alert,1,1,overhaul-warning,1,4,last-night,0,,300,1,1,9,0,0,300,1879,1,1,299,1878,0,0,1197,80,0,0,0,0,0,0,0,0.0033,9,,6.2633,1,6.2809,,0.0668,,,
stored-night,5,tide-siege+sluice-jam,w+h+l0,single-water,300,0,0,9,,90.68,0,0,4,60.853,3,11.117,0,0,0,0,1.703,1.147,0.557,0,0,0,0,0,0,0,0,4,0,0,0,0,0,,,,,,,,,,,,,1,county-alert,1,1,overhaul-warning,1,4,last-night,0,,300,0,0,0,0,0,300,2551,0,0,300,2551,0,0,1200,0,0,0,0,0,0,0,0,0,,,8.5033,,8.5033,,0,,,
stored-night,5,tide-siege+sluice-jam,w+h+l0,legacy-cycle,300,0,0,9,,77.3,0,0,4,89.303,3,32.487,0,0,0,0,1.177,0.61,0.583,2.417,0,0,0,0,0,0.97,0,4,0,0,0,0,0,,,,,,,,,,,,,1,county-alert,1,1,overhaul-warning,1,4,last-night,0,,300,291,291,2151,0,0,300,1722,0,0,300,1722,0,0,1200,0,0,0,0,0,0,0,0,0.97,7.3918,,5.74,,5.74,,0,,,
stored-night,5,tide-siege+sluice-jam,w+h+l0,greedy,300,206,0.6867,8.2,0.8706,40.628,0,1.133,1.937,45.06,2.877,0.523,0.973,0.203,0.797,0.017,1.713,1.49,0.227,1.76,0,0.953,0,0.18,0,0.02,0,2.557,0,0,0,0,0,,,,,,,,,,,,,1.173,county-alert,1,1,overhaul-warning,1,4,last-night,0.1733,8.385,300,6,6,48,5,39,300,367,206,230,94,137,0,0,767,239,0,0,0,0,0,0,0,0.02,8,7.8,1.2233,1.1165,1.4574,,0.3116,,,
stored-night,5,tide-siege+sluice-jam,w+h+l0,planner,300,190,0.6333,8.247,0.8678,62.073,0,1.017,2.187,51.173,2.777,0.98,1.01,0.15,0.657,0.07,1.63,1.487,0.17,1.993,0,0.83,0.007,0.18,0,0.033,0,2.683,0,0,0,0,0,,,,,,,,,,,,,1.17,county-alert,1,1,overhaul-warning,1,4,last-night,0.17,8.392,300,10,10,82,9,74,300,1009,190,208,110,801,0,0,805,197,0,0,0,0,0,0,0,0.0333,8.2,8.2222,3.3633,1.0947,7.2818,,0.2447,,,
stored-night,5,tide-siege+sluice-jam,w+h+l0,forecast-aware,300,82,0.2733,8.743,0.8957,41.321,0,1.22,2.557,64.353,2.293,1.26,2.573,0,0.937,0.643,1.713,1.417,0.393,2.607,0,0.847,0.067,0.307,0,0.033,0,3.223,0,0,0,0,0,,,,,,,,,,,,,1.343,county-alert,1,1,overhaul-warning,1,4,last-night,0.3433,8.883,300,10,10,90,4,36,300,591,82,114,218,477,0,0,967,281,0,0,0,0,0,0,0,0.0333,9,9,1.97,1.3902,2.1881,,0.2906,,,
stored-night,5,tide-siege+sluice-jam,w+h+l0,planner-one-mistake,300,60,0.2,8.863,0.9241,59.338,0,0.457,2.64,63.497,2.993,14.12,1.267,0.337,1.03,0.007,2,1.783,0.26,1.217,0,0.347,0.007,0.103,0,0.007,0,3.57,0,0,0,0,0,190,300,190,48,0,27,273,0.2526,1,12.8533,1.5,0,1.07,county-alert,1,1,overhaul-warning,1,4,last-night,0.07,9,300,2,2,16,1,9,300,1807,60,63,240,1744,0,0,1071,309,0,0,0,0,0,0,0,0.0067,8,9,6.0233,1.05,7.2667,,0.2885,,,
stored-night,5,tide-siege+sluice-jam,w+h+l+,random,300,1,0.0033,8.997,0.8889,83.274,0,0.013,3.727,65.373,2.847,19.393,0.497,1.273,0.267,0.153,0.923,0.677,0.34,1.05,0,0.01,0,0.003,0,0.003,0,3.99,0,0,0,0,0,,,,,,,,,,,,,1,county-alert,1,1,overhaul-warning,1,4,last-night,0,,300,1,1,9,0,0,300,1879,1,1,299,1878,0,0,1197,80,0,0,0,0,0,0,0,0.0033,9,,6.2633,1,6.2809,,0.0668,,,
stored-night,5,tide-siege+sluice-jam,w+h+l+,single-water,300,0,0,9,,90.68,0,0,4,60.853,3,11.117,0,0,0,0,1.703,1.147,0.557,0,0,0,0,0,0,0,0,4,0,0,0,0,0,,,,,,,,,,,,,1,county-alert,1,1,overhaul-warning,1,4,last-night,0,,300,0,0,0,0,0,300,2551,0,0,300,2551,0,0,1200,0,0,0,0,0,0,0,0,0,,,8.5033,,8.5033,,0,,,
stored-night,5,tide-siege+sluice-jam,w+h+l+,legacy-cycle,300,0,0,9,,77.287,0,0,4,89.303,3,32.487,0,0,0,0,1.177,0.61,0.583,2.417,0,0,0,0,0,0.97,0,4,0,0,0,0,0,,,,,,,,,,,,,1,county-alert,1,1,overhaul-warning,1,4,last-night,0,,300,291,291,2151,0,0,300,1722,0,0,300,1722,0,0,1200,0,0,0,0,0,0,0,0,0.97,7.3918,,5.74,,5.74,,0,,,
stored-night,5,tide-siege+sluice-jam,w+h+l+,greedy,300,205,0.6833,8.2,0.8699,40.147,0,1.133,1.937,45.06,2.877,0.523,0.973,0.203,0.797,0.017,1.713,1.49,0.227,1.757,0,0.953,0,0.18,0,0.02,0,2.557,0,0,0,0,0,,,,,,,,,,,,,1.173,county-alert,1,1,overhaul-warning,1,4,last-night,0.1733,8.385,300,6,6,48,5,39,300,367,205,229,95,138,0,0,767,239,0,0,0,0,0,0,0,0.02,8,7.8,1.2233,1.1171,1.4526,,0.3116,,,
stored-night,5,tide-siege+sluice-jam,w+h+l+,planner,300,191,0.6367,8.243,0.8679,61.927,0,1.013,2.18,50.933,2.777,1.06,1.007,0.15,0.653,0.07,1.633,1.487,0.173,1.997,0,0.83,0.007,0.177,0,0.033,0,2.677,0,0,0,0,0,,,,,,,,,,,,,1.167,county-alert,1,1,overhaul-warning,1,4,last-night,0.1667,8.38,300,10,10,82,9,74,300,1004,191,209,109,795,0,0,803,196,0,0,0,0,0,0,0,0.0333,8.2,8.2222,3.3467,1.0942,7.2936,,0.2441,,,
stored-night,5,tide-siege+sluice-jam,w+h+l+,forecast-aware,300,83,0.2767,8.74,0.8956,41.714,0,1.237,2.557,64.487,2.293,1.29,2.577,0,0.93,0.643,1.717,1.417,0.397,2.607,0,0.853,0.067,0.317,0,0.033,0,3.207,0,0,0,0,0,,,,,,,,,,,,,1.353,county-alert,1,1,overhaul-warning,1,4,last-night,0.3533,8.887,300,10,10,90,4,36,300,589,83,115,217,474,0,0,962,279,0,0,0,0,0,0,0,0.0333,9,9,1.9633,1.3855,2.1843,,0.29,,,
stored-night,5,tide-siege+sluice-jam,w+h+l+,planner-one-mistake,300,60,0.2,8.863,0.9241,59.25,0,0.463,2.64,63.497,2.993,14.203,1.267,0.337,1.03,0.007,2,1.783,0.26,1.22,0,0.353,0.007,0.103,0,0.007,0,3.57,0,0,0,0,0,191,300,191,48,0,27,273,0.2513,1,12.8533,1.5,0,1.07,county-alert,1,1,overhaul-warning,1,4,last-night,0.07,9,300,2,2,16,1,9,300,1804,60,60,240,1744,0,0,1071,309,0,0,0,0,0,0,0,0.0067,8,9,6.0133,1,7.2667,,0.2885,,,
stored-night,5,smoke-screen+hollow-ground,w-h-l-,random,300,0,0,9,,84.603,0,0.037,3.737,66.77,2.85,18.963,0.437,1.283,0.263,0.15,0.913,0.693,0.313,1.09,0,0.02,0,0.017,0,0.027,0,3.983,0,0,0,0,0,,,,,,,,,,,,,1.017,county-alert,1,1,overhaul-warning,1,4,last-night,0.0167,9,300,8,8,69,0,0,300,1955,0,0,300,1955,0,0,1195,79,0,0,0,0,0,0,0,0.0267,8.625,,6.5167,,6.5167,,0.0661,,,
stored-night,5,smoke-screen+hollow-ground,w-h-l-,single-water,300,0,0,9,,86.75,0,0,4,81.66,3,15.2,0,0,0,0,2,1.923,0.077,0,0,0,0,0,0,0,0,4,0,0,0,0,0,,,,,,,,,,,,,1,county-alert,1,1,overhaul-warning,1,4,last-night,0,,300,0,0,0,0,0,300,2126,0,0,300,2126,0,0,1200,0,0,0,0,0,0,0,0,0,,,7.0867,,7.0867,,0,,,
stored-night,5,smoke-screen+hollow-ground,w-h-l-,legacy-cycle,300,0,0,9,,77.8,0,0,4,84.073,3,33.86,0,0,0,0,0.583,0.153,0.43,2.257,0,0,0,0,0,0.953,0,4,0,0,0,0,0,,,,,,,,,,,,,1,county-alert,1,1,overhaul-warning,1,4,last-night,0,,300,286,286,2211,0,0,300,1649,0,0,300,1649,0,0,1200,0,0,0,0,0,0,0,0,0.9533,7.7308,,5.4967,,5.4967,,0,,,
stored-night,5,smoke-screen+hollow-ground,w-h-l-,greedy,300,188,0.6267,8.373,0.8889,46.545,0,1.123,2.087,49.693,2.717,1.183,1.063,0.247,0.843,0.18,1.643,1.457,0.187,1.81,0,0.907,0,0.217,0,0.023,0,2.713,0,0,0,0,0,,,,,,,,,,,,,1.203,county-alert,1,1,overhaul-warning,1,4,last-night,0.2033,8.426,300,7,7,57,3,24,300,390,188,238,112,152,0,0,814,253,0,0,0,0,0,0,0,0.0233,8.1429,8,1.3,1.266,1.3571,,0.3108,,,
stored-night,5,smoke-screen+hollow-ground,w-h-l-,planner,300,179,0.5967,8.353,0.8796,66.479,0,0.987,2.287,54.227,2.56,1.397,1.013,0.257,0.697,0.293,1.81,1.633,0.187,1.74,0,0.8,0,0.187,0,0.027,0,2.803,0,0,0,0,0,,,,,,,,,,,,,1.17,county-alert,1,1,overhaul-warning,1,4,last-night,0.17,8.235,300,8,8,65,7,58,300,1083,179,204,121,879,0,0,841,209,0,0,0,0,0,0,0,0.0267,8.125,8.2857,3.61,1.1397,7.2645,,0.2485,,,
stored-night,5,smoke-screen+hollow-ground,w-h-l-,forecast-aware,300,87,0.29,8.803,0.9246,43.671,0,1.12,2.54,63.867,2.05,1.143,2.45,0,1.017,0.9,1.623,1.303,0.377,2.273,0,0.78,0.04,0.3,0,0.017,0,3.267,0,0,0,0,0,,,,,,,,,,,,,1.273,county-alert,1,1,overhaul-warning,1,4,last-night,0.2733,8.805,300,5,5,45,0,0,300,485,87,89,213,396,0,0,980,305,0,0,0,0,0,0,0,0.0167,9,,1.6167,1.023,1.8592,,0.3112,,,
stored-night,5,smoke-screen+hollow-ground,w-h-l-,planner-one-mistake,300,84,0.28,8.867,0.9471,64.782,0,0.653,2.653,65.09,2.993,12.35,0.99,0.307,0.953,0.007,1.927,1.717,0.223,1.42,0,0.48,0,0.173,0,0.003,0,3.433,0,0,0,0,0,179,300,179,53,0,90,210,0.2961,1,11.8233,1,0,1.097,county-alert,1,1,overhaul-warning,1,4,last-night,0.0967,9,300,1,1,8,0,0,300,1709,84,83,216,1626,0,0,1030,286,0,0,0,0,0,0,0,0.0033,8,,5.6967,0.9881,7.5278,,0.2777,,,
stored-night,5,smoke-screen+hollow-ground,w-h-l0,random,300,0,0,9,,84.447,0,0.037,3.737,67.103,2.85,19.017,0.437,1.283,0.263,0.15,0.913,0.693,0.313,1.09,0,0.02,0,0.017,0,0.027,0,3.983,0,0,0,0,0,,,,,,,,,,,,,1.017,county-alert,1,1,overhaul-warning,1,4,last-night,0.0167,9,300,8,8,69,0,0,300,1955,0,0,300,1955,0,0,1195,79,0,0,0,0,0,0,0,0.0267,8.625,,6.5167,,6.5167,,0.0661,,,
stored-night,5,smoke-screen+hollow-ground,w-h-l0,single-water,300,0,0,9,,86.75,0,0,4,81.66,3,15.2,0,0,0,0,2,1.923,0.077,0,0,0,0,0,0,0,0,4,0,0,0,0,0,,,,,,,,,,,,,1,county-alert,1,1,overhaul-warning,1,4,last-night,0,,300,0,0,0,0,0,300,2126,0,0,300,2126,0,0,1200,0,0,0,0,0,0,0,0,0,,,7.0867,,7.0867,,0,,,
stored-night,5,smoke-screen+hollow-ground,w-h-l0,legacy-cycle,300,0,0,9,,77.523,0,0,4,84.103,3,33.863,0,0,0,0,0.583,0.153,0.43,2.257,0,0,0,0,0,0.953,0,4,0,0,0,0,0,,,,,,,,,,,,,1,county-alert,1,1,overhaul-warning,1,4,last-night,0,,300,286,286,2211,0,0,300,1649,0,0,300,1649,0,0,1200,0,0,0,0,0,0,0,0,0.9533,7.7308,,5.4967,,5.4967,,0,,,
stored-night,5,smoke-screen+hollow-ground,w-h-l0,greedy,300,192,0.64,8.343,0.886,45.546,0,1.117,2.07,49.1,2.713,1.333,1.04,0.237,0.82,0.177,1.65,1.463,0.187,1.72,0,0.907,0,0.21,0,0.027,0,2.683,0,0,0,0,0,,,,,,,,,,,,,1.2,county-alert,1,1,overhaul-warning,1,4,last-night,0.2,8.417,300,8,8,65,5,39,300,384,192,231,108,153,0,0,805,246,0,0,0,0,0,0,0,0.0267,8.125,7.8,1.28,1.2031,1.4167,,0.3056,,,
stored-night,5,smoke-screen+hollow-ground,w-h-l0,planner,300,186,0.62,8.313,0.8769,65.614,0,0.983,2.227,52.21,2.58,1.717,1.01,0.253,0.687,0.293,1.81,1.64,0.18,1.657,0,0.81,0,0.173,0,0.02,0,2.747,0,0,0,0,0,,,,,,,,,,,,,1.16,county-alert,1,1,overhaul-warning,1,4,last-night,0.16,8.313,300,6,6,48,6,48,300,1040,186,204,114,836,0,0,824,206,0,0,0,0,0,0,0,0.02,8,8,3.4667,1.0968,7.3333,,0.25,,,
stored-night,5,smoke-screen+hollow-ground,w-h-l0,forecast-aware,300,89,0.2967,8.797,0.9238,42.967,0,1.15,2.533,63.653,2.043,1.203,2.45,0,1.01,0.9,1.627,1.313,0.377,2.26,0,0.807,0.043,0.3,0,0.017,0,3.257,0,0,0,0,0,,,,,,,,,,,,,1.283,county-alert,1,1,overhaul-warning,1,4,last-night,0.2833,8.8,300,5,5,45,0,0,300,483,89,93,211,390,0,0,977,303,0,0,0,0,0,0,0,0.0167,9,,1.61,1.0449,1.8483,,0.3101,,,
stored-night,5,smoke-screen+hollow-ground,w-h-l0,planner-one-mistake,300,93,0.31,8.84,0.9427,65.077,0,0.687,2.627,64.353,2.993,12.27,0.963,0.307,0.923,0.007,1.917,1.71,0.213,1.423,0,0.507,0,0.18,0,0.007,0,3.37,0,0,0,0,0,186,300,186,60,0,89,211,0.3226,1,11.9583,2,0,1.11,county-alert,1,1,overhaul-warning,1,4,last-night,0.11,9,300,2,2,17,1,9,300,1661,93,95,207,1566,0,0,1011,277,0,0,0,0,0,0,0,0.0067,8.5,9,5.5367,1.0215,7.5652,,0.274,,,
stored-night,5,smoke-screen+hollow-ground,w-h-l+,random,300,0,0,9,,84.423,0,0.037,3.737,67.137,2.85,19.023,0.437,1.283,0.263,0.15,0.913,0.693,0.313,1.09,0,0.02,0,0.017,0,0.027,0,3.983,0,0,0,0,0,,,,,,,,,,,,,1.017,county-alert,1,1,overhaul-warning,1,4,last-night,0.0167,9,300,8,8,69,0,0,300,1955,0,0,300,1955,0,0,1195,79,0,0,0,0,0,0,0,0.0267,8.625,,6.5167,,6.5167,,0.0661,,,
stored-night,5,smoke-screen+hollow-ground,w-h-l+,single-water,300,0,0,9,,86.75,0,0,4,81.66,3,15.2,0,0,0,0,2,1.923,0.077,0,0,0,0,0,0,0,0,4,0,0,0,0,0,,,,,,,,,,,,,1,county-alert,1,1,overhaul-warning,1,4,last-night,0,,300,0,0,0,0,0,300,2126,0,0,300,2126,0,0,1200,0,0,0,0,0,0,0,0,0,,,7.0867,,7.0867,,0,,,
stored-night,5,smoke-screen+hollow-ground,w-h-l+,legacy-cycle,300,0,0,9,,77.523,0,0,4,84.103,3,33.863,0,0,0,0,0.583,0.153,0.43,2.257,0,0,0,0,0,0.953,0,4,0,0,0,0,0,,,,,,,,,,,,,1,county-alert,1,1,overhaul-warning,1,4,last-night,0,,300,286,286,2211,0,0,300,1649,0,0,300,1649,0,0,1200,0,0,0,0,0,0,0,0,0.9533,7.7308,,5.4967,,5.4967,,0,,,
stored-night,5,smoke-screen+hollow-ground,w-h-l+,greedy,300,188,0.6267,8.353,0.8853,45.982,0,1.13,2.103,50.233,2.697,1.333,1.047,0.237,0.83,0.177,1.657,1.463,0.193,1.72,0,0.907,0,0.223,0,0.027,0,2.713,0,0,0,0,0,,,,,,,,,,,,,1.213,county-alert,1,1,overhaul-warning,1,4,last-night,0.2133,8.297,300,8,8,65,5,39,300,385,188,227,112,158,0,0,814,249,0,0,0,0,0,0,0,0.0267,8.125,7.8,1.2833,1.2074,1.4107,,0.3059,,,
stored-night,5,smoke-screen+hollow-ground,w-h-l+,planner,300,182,0.6067,8.333,0.8779,65.932,0,1.003,2.26,53.33,2.567,1.717,1.017,0.253,0.693,0.293,1.81,1.64,0.18,1.667,0,0.813,0,0.19,0,0.02,0,2.77,0,0,0,0,0,,,,,,,,,,,,,1.173,county-alert,1,1,overhaul-warning,1,4,last-night,0.1733,8.212,300,6,6,48,6,48,300,1061,182,196,118,865,0,0,831,208,0,0,0,0,0,0,0,0.02,8,8,3.5367,1.0769,7.3305,,0.2503,,,
stored-night,5,smoke-screen+hollow-ground,w-h-l+,forecast-aware,300,89,0.2967,8.797,0.9238,43.175,0,1.153,2.533,63.693,2.043,1.307,2.453,0,1.01,0.9,1.623,1.31,0.383,2.267,0,0.807,0.043,0.303,0,0.017,0,3.253,0,0,0,0,0,,,,,,,,,,,,,1.293,county-alert,1,1,overhaul-warning,1,4,last-night,0.2933,8.807,300,5,5,45,0,0,300,485,89,93,211,392,0,0,976,303,0,0,0,0,0,0,0,0.0167,9,,1.6167,1.0449,1.8578,,0.3105,,,
stored-night,5,smoke-screen+hollow-ground,w-h-l+,planner-one-mistake,300,95,0.3167,8.84,0.9439,64.995,0,0.683,2.62,64.033,2.993,12.27,0.963,0.307,0.923,0.007,1.917,1.71,0.213,1.427,0,0.51,0,0.173,0,0.007,0,3.37,0,0,0,0,0,182,300,182,60,0,89,211,0.3297,1,11.9583,2,0,1.11,county-alert,1,1,overhaul-warning,1,4,last-night,0.11,9,300,2,2,17,1,9,300,1651,95,98,205,1553,0,0,1011,277,0,0,0,0,0,0,0,0.0067,8.5,9,5.5033,1.0316,7.5756,,0.274,,,
stored-night,5,smoke-screen+hollow-ground,w-h0l-,random,300,0,0,9,,84.44,0,0.037,3.737,67.037,2.85,19.013,0.437,1.283,0.263,0.15,0.913,0.693,0.313,1.09,0,0.02,0,0.017,0,0.027,0,3.983,0,0,0,0,0,,,,,,,,,,,,,1.017,county-alert,1,1,overhaul-warning,1,4,last-night,0.0167,9,300,8,8,69,0,0,300,1955,0,0,300,1955,0,0,1195,79,0,0,0,0,0,0,0,0.0267,8.625,,6.5167,,6.5167,,0.0661,,,
stored-night,5,smoke-screen+hollow-ground,w-h0l-,single-water,300,0,0,9,,86.75,0,0,4,81.66,3,15.2,0,0,0,0,2,1.923,0.077,0,0,0,0,0,0,0,0,4,0,0,0,0,0,,,,,,,,,,,,,1,county-alert,1,1,overhaul-warning,1,4,last-night,0,,300,0,0,0,0,0,300,2126,0,0,300,2126,0,0,1200,0,0,0,0,0,0,0,0,0,,,7.0867,,7.0867,,0,,,
stored-night,5,smoke-screen+hollow-ground,w-h0l-,legacy-cycle,300,0,0,9,,77.287,0,0,4,84.25,3,33.86,0,0,0,0,0.583,0.153,0.43,2.257,0,0,0,0,0,0.953,0,4,0,0,0,0,0,,,,,,,,,,,,,1,county-alert,1,1,overhaul-warning,1,4,last-night,0,,300,286,286,2211,0,0,300,1649,0,0,300,1649,0,0,1200,0,0,0,0,0,0,0,0,0.9533,7.7308,,5.4967,,5.4967,,0,,,
stored-night,5,smoke-screen+hollow-ground,w-h0l-,greedy,300,187,0.6233,8.367,0.8871,46.009,0,1.13,2.103,50.24,2.697,1.03,1.063,0.28,0.843,0.18,1.633,1.463,0.173,1.81,0,0.907,0,0.223,0,0.02,0,2.727,0,0,0,0,0,,,,,,,,,,,,,1.21,county-alert,1,1,overhaul-warning,1,4,last-night,0.21,8.286,300,6,6,49,4,31,300,385,187,237,113,148,0,0,818,253,0,0,0,0,0,0,0,0.02,8.1667,7.75,1.2833,1.2674,1.3097,,0.3093,,,
stored-night,5,smoke-screen+hollow-ground,w-h0l-,planner,300,184,0.6133,8.333,0.8792,66.586,0,0.997,2.273,53.753,2.547,1.403,1.013,0.26,0.697,0.293,1.803,1.627,0.187,1.737,0,0.81,0,0.187,0,0.023,0,2.79,0,0,0,0,0,,,,,,,,,,,,,1.167,county-alert,1,1,overhaul-warning,1,4,last-night,0.1667,8.06,300,7,7,56,6,49,300,1049,184,207,116,842,0,0,837,209,0,0,0,0,0,0,0,0.0233,8,8.1667,3.4967,1.125,7.2586,,0.2497,,,
stored-night,5,smoke-screen+hollow-ground,w-h0l-,forecast-aware,300,88,0.2933,8.803,0.9255,43.599,0,1.137,2.55,64.16,2.05,1.167,2.447,0,1.003,0.9,1.63,1.31,0.387,2.267,0,0.79,0.043,0.303,0,0.017,0,3.26,0,0,0,0,0,,,,,,,,,,,,,1.287,county-alert,1,1,overhaul-warning,1,4,last-night,0.2867,8.814,300,5,5,45,0,0,300,486,88,96,212,390,0,0,978,301,0,0,0,0,0,0,0,0.0167,9,,1.62,1.0909,1.8396,,0.3078,,,
stored-night,5,smoke-screen+hollow-ground,w-h0l-,planner-one-mistake,300,86,0.2867,8.857,0.9444,64.491,0,0.643,2.647,64.813,2.993,12.273,0.983,0.323,0.947,0.007,1.923,1.713,0.223,1.423,0,0.477,0,0.167,0,0,0,3.427,0,0,0,0,0,184,300,184,54,0,90,210,0.2935,1,11.89,1,0,1.09,county-alert,1,1,overhaul-warning,1,4,last-night,0.09,9,300,0,0,0,0,0,300,1697,86,89,214,1608,0,0,1028,284,0,0,0,0,0,0,0,0,,,5.6567,1.0349,7.514,,0.2763,,,
stored-night,5,smoke-screen+hollow-ground,w-h0l0,random,300,0,0,9,,84.273,0,0.037,3.737,67.363,2.85,19.067,0.437,1.283,0.263,0.15,0.913,0.693,0.313,1.09,0,0.02,0,0.017,0,0.027,0,3.983,0,0,0,0,0,,,,,,,,,,,,,1.017,county-alert,1,1,overhaul-warning,1,4,last-night,0.0167,9,300,8,8,69,0,0,300,1955,0,0,300,1955,0,0,1195,79,0,0,0,0,0,0,0,0.0267,8.625,,6.5167,,6.5167,,0.0661,,,
stored-night,5,smoke-screen+hollow-ground,w-h0l0,single-water,300,0,0,9,,86.75,0,0,4,81.66,3,15.2,0,0,0,0,2,1.923,0.077,0,0,0,0,0,0,0,0,4,0,0,0,0,0,,,,,,,,,,,,,1,county-alert,1,1,overhaul-warning,1,4,last-night,0,,300,0,0,0,0,0,300,2126,0,0,300,2126,0,0,1200,0,0,0,0,0,0,0,0,0,,,7.0867,,7.0867,,0,,,
stored-night,5,smoke-screen+hollow-ground,w-h0l0,legacy-cycle,300,0,0,9,,77.283,0,0,4,84.253,3,33.863,0,0,0,0,0.583,0.153,0.43,2.257,0,0,0,0,0,0.953,0,4,0,0,0,0,0,,,,,,,,,,,,,1,county-alert,1,1,overhaul-warning,1,4,last-night,0,,300,286,286,2211,0,0,300,1649,0,0,300,1649,0,0,1200,0,0,0,0,0,0,0,0,0.9533,7.7308,,5.4967,,5.4967,,0,,,
stored-night,5,smoke-screen+hollow-ground,w-h0l0,greedy,300,194,0.6467,8.347,0.8877,45.736,0,1.113,2.077,49.273,2.69,1.18,1.043,0.263,0.82,0.177,1.637,1.453,0.187,1.707,0,0.903,0,0.21,0,0.023,0,2.693,0,0,0,0,0,,,,,,,,,,,,,1.2,county-alert,1,1,overhaul-warning,1,4,last-night,0.2,8.233,300,7,7,57,5,39,300,395,194,249,106,146,0,0,808,246,0,0,0,0,0,0,0,0.0233,8.1429,7.8,1.3167,1.2835,1.3774,,0.3045,,,
stored-night,5,smoke-screen+hollow-ground,w-h0l0,planner,300,191,0.6367,8.293,0.8767,65.505,0,0.987,2.21,51.6,2.567,1.723,1.013,0.26,0.687,0.293,1.8,1.637,0.173,1.65,0,0.817,0,0.17,0,0.02,0,2.733,0,0,0,0,0,,,,,,,,,,,,,1.153,county-alert,1,1,overhaul-warning,1,4,last-night,0.1533,8.109,300,6,6,48,6,48,300,1003,191,207,109,796,0,0,820,206,0,0,0,0,0,0,0,0.02,8,8,3.3433,1.0838,7.3028,,0.2512,,,
stored-night,5,smoke-screen+hollow-ground,w-h0l0,forecast-aware,300,90,0.3,8.787,0.921,42.876,0,1.167,2.533,63.773,2.043,1.25,2.453,0,1,0.9,1.63,1.317,0.383,2.243,0,0.813,0.047,0.307,0,0.017,0,3.24,0,0,0,0,0,,,,,,,,,,,,,1.293,county-alert,1,1,overhaul-warning,1,4,last-night,0.2933,8.83,300,5,5,45,0,0,300,481,90,100,210,381,0,0,972,300,0,0,0,0,0,0,0,0.0167,9,,1.6033,1.1111,1.8143,,0.3086,,,
stored-night,5,smoke-screen+hollow-ground,w-h0l0,planner-one-mistake,300,96,0.32,8.83,0.941,64.578,0,0.677,2.61,63.713,2.993,12.193,0.963,0.32,0.923,0.007,1.913,1.707,0.213,1.417,0,0.507,0,0.17,0,0.003,0,3.363,0,0,0,0,0,191,300,191,62,0,89,211,0.3246,1,12.025,2,0,1.103,county-alert,1,1,overhaul-warning,1,4,last-night,0.1033,9,300,1,1,9,1,9,300,1643,96,102,204,1541,0,0,1009,277,0,0,0,0,0,0,0,0.0033,9,9,5.4767,1.0625,7.5539,,0.2745,,,
stored-night,5,smoke-screen+hollow-ground,w-h0l+,random,300,0,0,9,,84.253,0,0.037,3.737,67.397,2.85,19.073,0.437,1.283,0.263,0.15,0.913,0.693,0.313,1.09,0,0.02,0,0.017,0,0.027,0,3.983,0,0,0,0,0,,,,,,,,,,,,,1.017,county-alert,1,1,overhaul-warning,1,4,last-night,0.0167,9,300,8,8,69,0,0,300,1955,0,0,300,1955,0,0,1195,79,0,0,0,0,0,0,0,0.0267,8.625,,6.5167,,6.5167,,0.0661,,,
stored-night,5,smoke-screen+hollow-ground,w-h0l+,single-water,300,0,0,9,,86.75,0,0,4,81.66,3,15.2,0,0,0,0,2,1.923,0.077,0,0,0,0,0,0,0,0,4,0,0,0,0,0,,,,,,,,,,,,,1,county-alert,1,1,overhaul-warning,1,4,last-night,0,,300,0,0,0,0,0,300,2126,0,0,300,2126,0,0,1200,0,0,0,0,0,0,0,0,0,,,7.0867,,7.0867,,0,,,
stored-night,5,smoke-screen+hollow-ground,w-h0l+,legacy-cycle,300,0,0,9,,77.283,0,0,4,84.253,3,33.863,0,0,0,0,0.583,0.153,0.43,2.257,0,0,0,0,0,0.953,0,4,0,0,0,0,0,,,,,,,,,,,,,1,county-alert,1,1,overhaul-warning,1,4,last-night,0,,300,286,286,2211,0,0,300,1649,0,0,300,1649,0,0,1200,0,0,0,0,0,0,0,0,0.9533,7.7308,,5.4967,,5.4967,,0,,,
stored-night,5,smoke-screen+hollow-ground,w-h0l+,greedy,300,194,0.6467,8.337,0.886,45.679,0,1.113,2.077,49.273,2.69,1.18,1.04,0.263,0.82,0.177,1.637,1.45,0.19,1.707,0,0.903,0,0.21,0,0.023,0,2.693,0,0,0,0,0,,,,,,,,,,,,,1.2,county-alert,1,1,overhaul-warning,1,4,last-night,0.2,8.233,300,7,7,57,5,39,300,393,194,247,106,146,0,0,808,246,0,0,0,0,0,0,0,0.0233,8.1429,7.8,1.31,1.2732,1.3774,,0.3045,,,
stored-night,5,smoke-screen+hollow-ground,w-h0l+,planner,300,192,0.64,8.29,0.8767,65.389,0,0.987,2.207,51.52,2.567,1.723,1.013,0.26,0.687,0.293,1.803,1.637,0.177,1.653,0,0.817,0,0.17,0,0.023,0,2.733,0,0,0,0,0,,,,,,,,,,,,,1.153,county-alert,1,1,overhaul-warning,1,4,last-night,0.1533,8.109,300,7,7,57,7,57,300,990,192,203,108,787,0,0,820,206,0,0,0,0,0,0,0,0.0233,8.1429,8.1429,3.3,1.0573,7.287,,0.2512,,,
stored-night,5,smoke-screen+hollow-ground,w-h0l+,forecast-aware,300,90,0.3,8.787,0.921,43.071,0,1.17,2.533,63.813,2.043,1.353,2.457,0,1,0.9,1.627,1.313,0.39,2.25,0,0.813,0.047,0.31,0,0.017,0,3.237,0,0,0,0,0,,,,,,,,,,,,,1.303,county-alert,1,1,overhaul-warning,1,4,last-night,0.3033,8.835,300,5,5,45,0,0,300,483,90,100,210,383,0,0,971,300,0,0,0,0,0,0,0,0.0167,9,,1.61,1.1111,1.8238,,0.309,,,
stored-night,5,smoke-screen+hollow-ground,w-h0l+,planner-one-mistake,300,98,0.3267,8.83,0.9422,64.49,0,0.673,2.603,63.393,2.993,12.193,0.963,0.32,0.923,0.007,1.913,1.707,0.213,1.42,0,0.51,0,0.163,0,0.003,0,3.363,0,0,0,0,0,192,300,192,64,0,89,211,0.3333,1,12.025,2,0,1.103,county-alert,1,1,overhaul-warning,1,4,last-night,0.1033,9,300,1,1,9,1,9,300,1633,98,105,202,1528,0,0,1009,277,0,0,0,0,0,0,0,0.0033,9,9,5.4433,1.0714,7.5644,,0.2745,,,
stored-night,5,smoke-screen+hollow-ground,w-h+l-,random,300,0,0,9,,84.433,0,0.037,3.737,67.05,2.85,19.017,0.437,1.283,0.263,0.15,0.913,0.693,0.313,1.09,0,0.02,0,0.017,0,0.027,0,3.983,0,0,0,0,0,,,,,,,,,,,,,1.017,county-alert,1,1,overhaul-warning,1,4,last-night,0.0167,9,300,8,8,69,0,0,300,1955,0,0,300,1955,0,0,1195,79,0,0,0,0,0,0,0,0.0267,8.625,,6.5167,,6.5167,,0.0661,,,
stored-night,5,smoke-screen+hollow-ground,w-h+l-,single-water,300,0,0,9,,86.75,0,0,4,81.66,3,15.2,0,0,0,0,2,1.923,0.077,0,0,0,0,0,0,0,0,4,0,0,0,0,0,,,,,,,,,,,,,1,county-alert,1,1,overhaul-warning,1,4,last-night,0,,300,0,0,0,0,0,300,2126,0,0,300,2126,0,0,1200,0,0,0,0,0,0,0,0,0,,,7.0867,,7.0867,,0,,,
stored-night,5,smoke-screen+hollow-ground,w-h+l-,legacy-cycle,300,0,0,9,,77.287,0,0,4,84.25,3,33.86,0,0,0,0,0.583,0.153,0.43,2.257,0,0,0,0,0,0.953,0,4,0,0,0,0,0,,,,,,,,,,,,,1,county-alert,1,1,overhaul-warning,1,4,last-night,0,,300,286,286,2211,0,0,300,1649,0,0,300,1649,0,0,1200,0,0,0,0,0,0,0,0,0.9533,7.7308,,5.4967,,5.4967,,0,,,
stored-night,5,smoke-screen+hollow-ground,w-h+l-,greedy,300,187,0.6233,8.367,0.8871,46.035,0,1.127,2.103,50.24,2.697,1.03,1.063,0.28,0.843,0.18,1.633,1.463,0.173,1.807,0,0.903,0,0.223,0,0.02,0,2.727,0,0,0,0,0,,,,,,,,,,,,,1.21,county-alert,1,1,overhaul-warning,1,4,last-night,0.21,8.286,300,6,6,49,4,31,300,385,187,237,113,148,0,0,818,253,0,0,0,0,0,0,0,0.02,8.1667,7.75,1.2833,1.2674,1.3097,,0.3093,,,
stored-night,5,smoke-screen+hollow-ground,w-h+l-,planner,300,184,0.6133,8.333,0.8792,66.534,0,0.997,2.273,53.753,2.547,1.403,1.013,0.26,0.697,0.293,1.803,1.627,0.187,1.737,0,0.81,0,0.187,0,0.023,0,2.79,0,0,0,0,0,,,,,,,,,,,,,1.167,county-alert,1,1,overhaul-warning,1,4,last-night,0.1667,8.06,300,7,7,56,6,49,300,1049,184,207,116,842,0,0,837,209,0,0,0,0,0,0,0,0.0233,8,8.1667,3.4967,1.125,7.2586,,0.2497,,,
stored-night,5,smoke-screen+hollow-ground,w-h+l-,forecast-aware,300,88,0.2933,8.803,0.9255,43.528,0,1.143,2.55,64.16,2.05,1.167,2.447,0,1.003,0.9,1.63,1.31,0.387,2.267,0,0.797,0.043,0.303,0,0.017,0,3.26,0,0,0,0,0,,,,,,,,,,,,,1.287,county-alert,1,1,overhaul-warning,1,4,last-night,0.2867,8.814,300,5,5,45,0,0,300,486,88,96,212,390,0,0,978,301,0,0,0,0,0,0,0,0.0167,9,,1.62,1.0909,1.8396,,0.3078,,,
stored-night,5,smoke-screen+hollow-ground,w-h+l-,planner-one-mistake,300,87,0.29,8.857,0.9451,64.46,0,0.643,2.647,64.813,2.993,12.273,0.983,0.323,0.947,0.007,1.927,1.717,0.223,1.423,0,0.477,0,0.167,0,0.003,0,3.427,0,0,0,0,0,184,300,184,54,0,90,210,0.2935,1,11.89,1,0,1.09,county-alert,1,1,overhaul-warning,1,4,last-night,0.09,9,300,1,1,9,1,9,300,1688,87,90,213,1598,0,0,1028,284,0,0,0,0,0,0,0,0.0033,9,9,5.6267,1.0345,7.5023,,0.2763,,,
stored-night,5,smoke-screen+hollow-ground,w-h+l0,random,300,0,0,9,,84.27,0,0.037,3.737,67.377,2.85,19.07,0.437,1.283,0.263,0.15,0.913,0.693,0.313,1.09,0,0.02,0,0.017,0,0.027,0,3.983,0,0,0,0,0,,,,,,,,,,,,,1.017,county-alert,1,1,overhaul-warning,1,4,last-night,0.0167,9,300,8,8,69,0,0,300,1955,0,0,300,1955,0,0,1195,79,0,0,0,0,0,0,0,0.0267,8.625,,6.5167,,6.5167,,0.0661,,,
stored-night,5,smoke-screen+hollow-ground,w-h+l0,single-water,300,0,0,9,,86.75,0,0,4,81.66,3,15.2,0,0,0,0,2,1.923,0.077,0,0,0,0,0,0,0,0,4,0,0,0,0,0,,,,,,,,,,,,,1,county-alert,1,1,overhaul-warning,1,4,last-night,0,,300,0,0,0,0,0,300,2126,0,0,300,2126,0,0,1200,0,0,0,0,0,0,0,0,0,,,7.0867,,7.0867,,0,,,
stored-night,5,smoke-screen+hollow-ground,w-h+l0,legacy-cycle,300,0,0,9,,77.283,0,0,4,84.253,3,33.863,0,0,0,0,0.583,0.153,0.43,2.257,0,0,0,0,0,0.953,0,4,0,0,0,0,0,,,,,,,,,,,,,1,county-alert,1,1,overhaul-warning,1,4,last-night,0,,300,286,286,2211,0,0,300,1649,0,0,300,1649,0,0,1200,0,0,0,0,0,0,0,0,0.9533,7.7308,,5.4967,,5.4967,,0,,,
stored-night,5,smoke-screen+hollow-ground,w-h+l0,greedy,300,194,0.6467,8.347,0.8877,45.755,0,1.117,2.077,49.273,2.69,1.18,1.043,0.263,0.82,0.177,1.637,1.453,0.187,1.703,0,0.907,0,0.21,0,0.023,0,2.693,0,0,0,0,0,,,,,,,,,,,,,1.2,county-alert,1,1,overhaul-warning,1,4,last-night,0.2,8.233,300,7,7,57,5,39,300,395,194,249,106,146,0,0,808,246,0,0,0,0,0,0,0,0.0233,8.1429,7.8,1.3167,1.2835,1.3774,,0.3045,,,
stored-night,5,smoke-screen+hollow-ground,w-h+l0,planner,300,192,0.64,8.293,0.8773,65.38,0,0.987,2.207,51.52,2.567,1.723,1.013,0.26,0.687,0.293,1.803,1.637,0.177,1.65,0,0.817,0,0.17,0,0.023,0,2.733,0,0,0,0,0,,,,,,,,,,,,,1.153,county-alert,1,1,overhaul-warning,1,4,last-night,0.1533,8.109,300,7,7,57,7,57,300,994,192,207,108,787,0,0,820,206,0,0,0,0,0,0,0,0.0233,8.1429,8.1429,3.3133,1.0781,7.287,,0.2512,,,
stored-night,5,smoke-screen+hollow-ground,w-h+l0,forecast-aware,300,90,0.3,8.787,0.921,43.005,0,1.17,2.533,63.813,2.043,1.28,2.457,0,1,0.9,1.627,1.313,0.383,2.243,0,0.813,0.047,0.31,0,0.017,0,3.237,0,0,0,0,0,,,,,,,,,,,,,1.297,county-alert,1,1,overhaul-warning,1,4,last-night,0.2967,8.831,300,5,5,45,0,0,300,483,90,100,210,383,0,0,971,300,0,0,0,0,0,0,0,0.0167,9,,1.61,1.1111,1.8238,,0.309,,,
stored-night,5,smoke-screen+hollow-ground,w-h+l0,planner-one-mistake,300,96,0.32,8.83,0.941,64.564,0,0.677,2.61,63.713,2.993,12.193,0.963,0.32,0.923,0.007,1.913,1.707,0.213,1.417,0,0.507,0,0.17,0,0.003,0,3.363,0,0,0,0,0,192,300,192,63,0,89,211,0.3281,1,12.025,2,0,1.103,county-alert,1,1,overhaul-warning,1,4,last-night,0.1033,9,300,1,1,9,1,9,300,1643,96,102,204,1541,0,0,1009,277,0,0,0,0,0,0,0,0.0033,9,9,5.4767,1.0625,7.5539,,0.2745,,,
stored-night,5,smoke-screen+hollow-ground,w-h+l+,random,300,0,0,9,,84.247,0,0.037,3.737,67.41,2.85,19.077,0.437,1.283,0.263,0.15,0.913,0.693,0.313,1.09,0,0.02,0,0.017,0,0.027,0,3.983,0,0,0,0,0,,,,,,,,,,,,,1.017,county-alert,1,1,overhaul-warning,1,4,last-night,0.0167,9,300,8,8,69,0,0,300,1955,0,0,300,1955,0,0,1195,79,0,0,0,0,0,0,0,0.0267,8.625,,6.5167,,6.5167,,0.0661,,,
stored-night,5,smoke-screen+hollow-ground,w-h+l+,single-water,300,0,0,9,,86.75,0,0,4,81.66,3,15.2,0,0,0,0,2,1.923,0.077,0,0,0,0,0,0,0,0,4,0,0,0,0,0,,,,,,,,,,,,,1,county-alert,1,1,overhaul-warning,1,4,last-night,0,,300,0,0,0,0,0,300,2126,0,0,300,2126,0,0,1200,0,0,0,0,0,0,0,0,0,,,7.0867,,7.0867,,0,,,
stored-night,5,smoke-screen+hollow-ground,w-h+l+,legacy-cycle,300,0,0,9,,77.283,0,0,4,84.253,3,33.863,0,0,0,0,0.583,0.153,0.43,2.257,0,0,0,0,0,0.953,0,4,0,0,0,0,0,,,,,,,,,,,,,1,county-alert,1,1,overhaul-warning,1,4,last-night,0,,300,286,286,2211,0,0,300,1649,0,0,300,1649,0,0,1200,0,0,0,0,0,0,0,0,0.9533,7.7308,,5.4967,,5.4967,,0,,,
stored-night,5,smoke-screen+hollow-ground,w-h+l+,greedy,300,194,0.6467,8.337,0.886,45.698,0,1.117,2.077,49.273,2.69,1.18,1.04,0.263,0.82,0.177,1.637,1.45,0.19,1.703,0,0.907,0,0.21,0,0.023,0,2.693,0,0,0,0,0,,,,,,,,,,,,,1.2,county-alert,1,1,overhaul-warning,1,4,last-night,0.2,8.233,300,7,7,57,5,39,300,393,194,247,106,146,0,0,808,246,0,0,0,0,0,0,0,0.0233,8.1429,7.8,1.31,1.2732,1.3774,,0.3045,,,
stored-night,5,smoke-screen+hollow-ground,w-h+l+,planner,300,192,0.64,8.29,0.8767,65.333,0,0.987,2.207,51.52,2.567,1.723,1.013,0.26,0.687,0.293,1.803,1.637,0.177,1.653,0,0.817,0,0.17,0,0.023,0,2.733,0,0,0,0,0,,,,,,,,,,,,,1.153,county-alert,1,1,overhaul-warning,1,4,last-night,0.1533,8.109,300,7,7,57,7,57,300,990,192,203,108,787,0,0,820,206,0,0,0,0,0,0,0,0.0233,8.1429,8.1429,3.3,1.0573,7.287,,0.2512,,,
stored-night,5,smoke-screen+hollow-ground,w-h+l+,forecast-aware,300,90,0.3,8.787,0.921,43.005,0,1.17,2.533,63.813,2.043,1.353,2.457,0,1,0.9,1.627,1.313,0.39,2.25,0,0.813,0.047,0.31,0,0.017,0,3.237,0,0,0,0,0,,,,,,,,,,,,,1.303,county-alert,1,1,overhaul-warning,1,4,last-night,0.3033,8.835,300,5,5,45,0,0,300,483,90,100,210,383,0,0,971,300,0,0,0,0,0,0,0,0.0167,9,,1.61,1.1111,1.8238,,0.309,,,
stored-night,5,smoke-screen+hollow-ground,w-h+l+,planner-one-mistake,300,98,0.3267,8.83,0.9422,64.475,0,0.673,2.603,63.393,2.993,12.193,0.963,0.32,0.923,0.007,1.913,1.707,0.213,1.42,0,0.51,0,0.163,0,0.003,0,3.363,0,0,0,0,0,192,300,192,64,0,89,211,0.3333,1,12.025,2,0,1.103,county-alert,1,1,overhaul-warning,1,4,last-night,0.1033,9,300,1,1,9,1,9,300,1633,98,105,202,1528,0,0,1009,277,0,0,0,0,0,0,0,0.0033,9,9,5.4433,1.0714,7.5644,,0.2745,,,
stored-night,5,smoke-screen+hollow-ground,w0h-l-,random,300,0,0,9,,84.44,0,0.037,3.737,67.09,2.85,18.963,0.437,1.283,0.263,0.15,0.913,0.693,0.313,1.09,0,0.02,0,0.017,0,0.027,0,3.983,0,0,0,0,0,,,,,,,,,,,,,1.017,county-alert,1,1,overhaul-warning,1,4,last-night,0.0167,9,300,8,8,69,0,0,300,1955,0,0,300,1955,0,0,1195,79,0,0,0,0,0,0,0,0.0267,8.625,,6.5167,,6.5167,,0.0661,,,
stored-night,5,smoke-screen+hollow-ground,w0h-l-,single-water,300,0,0,9,,86.513,0,0,4,82.393,3,15.2,0,0,0,0,2,1.923,0.077,0,0,0,0,0,0,0,0,4,0,0,0,0,0,,,,,,,,,,,,,1,county-alert,1,1,overhaul-warning,1,4,last-night,0,,300,0,0,0,0,0,300,2126,0,0,300,2126,0,0,1200,0,0,0,0,0,0,0,0,0,,,7.0867,,7.0867,,0,,,
stored-night,5,smoke-screen+hollow-ground,w0h-l-,legacy-cycle,300,0,0,9,,76.93,0,0,4,84.687,3,33.86,0,0,0,0,0.583,0.153,0.43,2.257,0,0,0,0,0,0.953,0,4,0,0,0,0,0,,,,,,,,,,,,,1,county-alert,1,1,overhaul-warning,1,4,last-night,0,,300,286,286,2211,0,0,300,1649,0,0,300,1649,0,0,1200,0,0,0,0,0,0,0,0,0.9533,7.7308,,5.4967,,5.4967,,0,,,
stored-night,5,smoke-screen+hollow-ground,w0h-l-,greedy,300,192,0.64,8.357,0.8883,45.852,0,1.117,2.06,48.747,2.717,1.103,1.063,0.233,0.84,0.18,1.64,1.457,0.183,1.813,0,0.91,0,0.207,0,0.02,0,2.693,0,0,0,0,0,,,,,,,,,,,,,1.197,county-alert,1,1,overhaul-warning,1,4,last-night,0.1967,8.424,300,6,6,49,2,16,300,396,192,249,108,147,0,0,808,252,0,0,0,0,0,0,0,0.02,8.1667,8,1.32,1.2969,1.3611,,0.3119,,,
stored-night,5,smoke-screen+hollow-ground,w0h-l-,planner,300,182,0.6067,8.343,0.8797,65.992,0,0.973,2.267,53.427,2.56,1.317,1.013,0.247,0.697,0.293,1.81,1.633,0.187,1.743,0,0.8,0,0.173,0,0.02,0,2.793,0,0,0,0,0,,,,,,,,,,,,,1.16,county-alert,1,1,overhaul-warning,1,4,last-night,0.16,8.188,300,6,6,47,5,40,300,1073,182,214,118,859,0,0,838,209,0,0,0,0,0,0,0,0.02,7.8333,8,3.5767,1.1758,7.2797,,0.2494,,,
stored-night,5,smoke-screen+hollow-ground,w0h-l-,forecast-aware,300,91,0.3033,8.79,0.9231,43.416,0,1.117,2.517,63.08,2.05,1.143,2.45,0,1.017,0.9,1.62,1.297,0.38,2.273,0,0.783,0.04,0.293,0,0.017,0,3.25,0,0,0,0,0,,,,,,,,,,,,,1.267,county-alert,1,1,overhaul-warning,1,4,last-night,0.2667,8.8,300,5,5,45,0,0,300,490,91,96,209,394,0,0,975,305,0,0,0,0,0,0,0,0.0167,9,,1.6333,1.0549,1.8852,,0.3128,,,
stored-night,5,smoke-screen+hollow-ground,w0h-l-,planner-one-mistake,300,83,0.2767,8.87,0.9478,64.346,0,0.663,2.653,65.213,2.993,12.35,1.003,0.3,0.96,0.007,1.917,1.717,0.213,1.437,0,0.483,0,0.18,0,0.003,0,3.433,0,0,0,0,0,182,300,182,52,0,90,210,0.2857,1,11.8233,1,0,1.097,county-alert,1,1,overhaul-warning,1,4,last-night,0.0967,9,300,1,1,8,0,0,300,1715,83,85,217,1630,0,0,1030,288,0,0,0,0,0,0,0,0.0033,8,,5.7167,1.0241,7.5115,,0.2796,,,
stored-night,5,smoke-screen+hollow-ground,w0h-l0,random,300,0,0,9,,84.313,0,0.043,3.737,67.457,2.85,19.017,0.437,1.283,0.263,0.15,0.913,0.693,0.313,1.09,0,0.023,0,0.02,0,0.027,0,3.98,0,0,0,0,0,,,,,,,,,,,,,1.02,county-alert,1,1,overhaul-warning,1,4,last-night,0.02,9,300,8,8,69,0,0,300,1955,0,0,300,1955,0,0,1194,79,0,0,0,0,0,0,0,0.0267,8.625,,6.5167,,6.5167,,0.0662,,,
stored-night,5,smoke-screen+hollow-ground,w0h-l0,single-water,300,0,0,9,,86.513,0,0,4,82.393,3,15.2,0,0,0,0,2,1.923,0.077,0,0,0,0,0,0,0,0,4,0,0,0,0,0,,,,,,,,,,,,,1,county-alert,1,1,overhaul-warning,1,4,last-night,0,,300,0,0,0,0,0,300,2126,0,0,300,2126,0,0,1200,0,0,0,0,0,0,0,0,0,,,7.0867,,7.0867,,0,,,
stored-night,5,smoke-screen+hollow-ground,w0h-l0,legacy-cycle,300,0,0,9,,76.927,0,0,4,84.69,3,33.863,0,0,0,0,0.583,0.153,0.43,2.257,0,0,0,0,0,0.953,0,4,0,0,0,0,0,,,,,,,,,,,,,1,county-alert,1,1,overhaul-warning,1,4,last-night,0,,300,286,286,2211,0,0,300,1649,0,0,300,1649,0,0,1200,0,0,0,0,0,0,0,0,0.9533,7.7308,,5.4967,,5.4967,,0,,,
stored-night,5,smoke-screen+hollow-ground,w0h-l0,greedy,300,197,0.6567,8.32,0.8849,44.893,0,1.117,2.033,47.873,2.713,1.253,1.04,0.23,0.82,0.177,1.64,1.46,0.18,1.717,0,0.917,0,0.2,0,0.023,0,2.657,0,0,0,0,0,,,,,,,,,,,,,1.19,county-alert,1,1,overhaul-warning,1,4,last-night,0.19,8.404,300,7,7,57,4,31,300,383,197,238,103,145,0,0,797,246,0,0,0,0,0,0,0,0.0233,8.1429,7.75,1.2767,1.2081,1.4078,,0.3087,,,
stored-night,5,smoke-screen+hollow-ground,w0h-l0,planner,300,191,0.6367,8.3,0.8778,65.018,0,0.97,2.193,50.97,2.58,1.637,1.013,0.243,0.69,0.293,1.81,1.64,0.18,1.66,0,0.813,0,0.157,0,0.017,0,2.73,0,0,0,0,0,,,,,,,,,,,,,1.147,county-alert,1,1,overhaul-warning,1,4,last-night,0.1467,8.25,300,5,5,39,5,39,300,1014,191,213,109,801,0,0,819,207,0,0,0,0,0,0,0,0.0167,7.8,7.8,3.38,1.1152,7.3486,,0.2527,,,
stored-night,5,smoke-screen+hollow-ground,w0h-l0,forecast-aware,300,93,0.31,8.783,0.9223,42.691,0,1.143,2.51,62.827,2.043,1.203,2.45,0,1.01,0.9,1.623,1.31,0.377,2.257,0,0.81,0.043,0.29,0,0.017,0,3.243,0,0,0,0,0,,,,,,,,,,,,,1.273,county-alert,1,1,overhaul-warning,1,4,last-night,0.2733,8.793,300,5,5,45,0,0,300,491,93,102,207,389,0,0,973,303,0,0,0,0,0,0,0,0.0167,9,,1.6367,1.0968,1.8792,,0.3114,,,
stored-night,5,smoke-screen+hollow-ground,w0h-l0,planner-one-mistake,300,93,0.31,8.84,0.9427,64.551,0,0.687,2.623,64.26,2.993,12.27,0.97,0.297,0.927,0.007,1.913,1.713,0.207,1.44,0,0.507,0,0.18,0,0.007,0,3.37,0,0,0,0,0,191,300,191,61,0,89,211,0.3194,1,11.9583,2,0,1.11,county-alert,1,1,overhaul-warning,1,4,last-night,0.11,9,300,2,2,17,1,9,300,1661,93,98,207,1563,0,0,1011,278,0,0,0,0,0,0,0,0.0067,8.5,9,5.5367,1.0538,7.5507,,0.275,,,
stored-night,5,smoke-screen+hollow-ground,w0h-l+,random,300,0,0,9,,84.29,0,0.043,3.737,67.487,2.85,19.023,0.437,1.283,0.263,0.15,0.913,0.693,0.313,1.09,0,0.023,0,0.02,0,0.027,0,3.98,0,0,0,0,0,,,,,,,,,,,,,1.02,county-alert,1,1,overhaul-warning,1,4,last-night,0.02,9,300,8,8,69,0,0,300,1955,0,0,300,1955,0,0,1194,79,0,0,0,0,0,0,0,0.0267,8.625,,6.5167,,6.5167,,0.0662,,,
stored-night,5,smoke-screen+hollow-ground,w0h-l+,single-water,300,0,0,9,,86.513,0,0,4,82.393,3,15.2,0,0,0,0,2,1.923,0.077,0,0,0,0,0,0,0,0,4,0,0,0,0,0,,,,,,,,,,,,,1,county-alert,1,1,overhaul-warning,1,4,last-night,0,,300,0,0,0,0,0,300,2126,0,0,300,2126,0,0,1200,0,0,0,0,0,0,0,0,0,,,7.0867,,7.0867,,0,,,
stored-night,5,smoke-screen+hollow-ground,w0h-l+,legacy-cycle,300,0,0,9,,76.927,0,0,4,84.69,3,33.863,0,0,0,0,0.583,0.153,0.43,2.257,0,0,0,0,0,0.953,0,4,0,0,0,0,0,,,,,,,,,,,,,1,county-alert,1,1,overhaul-warning,1,4,last-night,0,,300,286,286,2211,0,0,300,1649,0,0,300,1649,0,0,1200,0,0,0,0,0,0,0,0,0.9533,7.7308,,5.4967,,5.4967,,0,,,
stored-night,5,smoke-screen+hollow-ground,w0h-l+,greedy,300,193,0.6433,8.333,0.8849,45.346,0,1.13,2.067,49.007,2.697,1.253,1.047,0.23,0.83,0.177,1.647,1.46,0.187,1.717,0,0.917,0,0.213,0,0.023,0,2.687,0,0,0,0,0,,,,,,,,,,,,,1.203,county-alert,1,1,overhaul-warning,1,4,last-night,0.2033,8.279,300,7,7,57,4,31,300,385,193,235,107,150,0,0,806,249,0,0,0,0,0,0,0,0.0233,8.1429,7.75,1.2833,1.2176,1.4019,,0.3089,,,
stored-night,5,smoke-screen+hollow-ground,w0h-l+,planner,300,187,0.6233,8.32,0.8788,65.372,0,0.99,2.227,52.09,2.567,1.637,1.02,0.243,0.697,0.293,1.81,1.64,0.18,1.67,0,0.817,0,0.173,0,0.017,0,2.753,0,0,0,0,0,,,,,,,,,,,,,1.16,county-alert,1,1,overhaul-warning,1,4,last-night,0.16,8.146,300,5,5,39,5,39,300,1035,187,205,113,830,0,0,826,209,0,0,0,0,0,0,0,0.0167,7.8,7.8,3.45,1.0963,7.3451,,0.253,,,
stored-night,5,smoke-screen+hollow-ground,w0h-l+,forecast-aware,300,93,0.31,8.783,0.9223,42.889,0,1.147,2.51,62.867,2.043,1.307,2.453,0,1.01,0.9,1.62,1.307,0.383,2.263,0,0.81,0.043,0.293,0,0.017,0,3.24,0,0,0,0,0,,,,,,,,,,,,,1.283,county-alert,1,1,overhaul-warning,1,4,last-night,0.2833,8.8,300,5,5,45,0,0,300,493,93,102,207,391,0,0,972,303,0,0,0,0,0,0,0,0.0167,9,,1.6433,1.0968,1.8889,,0.3117,,,
stored-night,5,smoke-screen+hollow-ground,w0h-l+,planner-one-mistake,300,94,0.3133,8.84,0.9433,64.476,0,0.687,2.62,64.1,2.993,12.27,0.97,0.3,0.927,0.007,1.913,1.713,0.207,1.443,0,0.51,0,0.177,0,0.007,0,3.37,0,0,0,0,0,187,300,187,60,0,89,211,0.3209,1,11.9583,2,0,1.11,county-alert,1,1,overhaul-warning,1,4,last-night,0.11,9,300,2,2,17,1,9,300,1655,94,98,206,1557,0,0,1011,278,0,0,0,0,0,0,0,0.0067,8.5,9,5.5167,1.0426,7.5583,,0.275,,,
stored-night,5,smoke-screen+hollow-ground,w0h0l-,random,300,0,0,9,,84.27,0,0.037,3.737,67.353,2.85,19.013,0.437,1.283,0.263,0.15,0.913,0.693,0.313,1.09,0,0.02,0,0.017,0,0.027,0,3.983,0,0,0,0,0,,,,,,,,,,,,,1.017,county-alert,1,1,overhaul-warning,1,4,last-night,0.0167,9,300,8,8,69,0,0,300,1955,0,0,300,1955,0,0,1195,79,0,0,0,0,0,0,0,0.0267,8.625,,6.5167,,6.5167,,0.0661,,,
stored-night,5,smoke-screen+hollow-ground,w0h0l-,single-water,300,0,0,9,,86.513,0,0,4,82.393,3,15.2,0,0,0,0,2,1.923,0.077,0,0,0,0,0,0,0,0,4,0,0,0,0,0,,,,,,,,,,,,,1,county-alert,1,1,overhaul-warning,1,4,last-night,0,,300,0,0,0,0,0,300,2126,0,0,300,2126,0,0,1200,0,0,0,0,0,0,0,0,0,,,7.0867,,7.0867,,0,,,
stored-night,5,smoke-screen+hollow-ground,w0h0l-,legacy-cycle,300,0,0,9,,76.69,0,0,4,84.837,3,33.86,0,0,0,0,0.583,0.153,0.43,2.257,0,0,0,0,0,0.953,0,4,0,0,0,0,0,,,,,,,,,,,,,1,county-alert,1,1,overhaul-warning,1,4,last-night,0,,300,286,286,2211,0,0,300,1649,0,0,300,1649,0,0,1200,0,0,0,0,0,0,0,0,0.9533,7.7308,,5.4967,,5.4967,,0,,,
stored-night,5,smoke-screen+hollow-ground,w0h0l-,greedy,300,192,0.64,8.35,0.8872,45.435,0,1.12,2.077,49.24,2.697,1.03,1.063,0.26,0.84,0.18,1.633,1.463,0.173,1.813,0,0.91,0,0.21,0,0.02,0,2.71,0,0,0,0,0,,,,,,,,,,,,,1.203,county-alert,1,1,overhaul-warning,1,4,last-night,0.2033,8.262,300,6,6,49,4,31,300,389,192,249,108,140,0,0,813,252,0,0,0,0,0,0,0,0.02,8.1667,7.75,1.2967,1.2969,1.2963,,0.31,,,
stored-night,5,smoke-screen+hollow-ground,w0h0l-,planner,300,186,0.62,8.327,0.8793,66.395,0,0.993,2.26,53.233,2.547,1.323,1.02,0.253,0.697,0.293,1.803,1.627,0.187,1.747,0,0.813,0,0.18,0,0.02,0,2.78,0,0,0,0,0,,,,,,,,,,,,,1.163,county-alert,1,1,overhaul-warning,1,4,last-night,0.1633,8.041,300,6,6,47,5,40,300,1038,186,209,114,829,0,0,834,209,0,0,0,0,0,0,0,0.02,7.8333,8,3.46,1.1237,7.2719,,0.2506,,,
stored-night,5,smoke-screen+hollow-ground,w0h0l-,forecast-aware,300,92,0.3067,8.79,0.9239,43.337,0,1.133,2.527,63.373,2.05,1.167,2.447,0,1.003,0.9,1.627,1.303,0.39,2.267,0,0.793,0.043,0.297,0,0.017,0,3.243,0,0,0,0,0,,,,,,,,,,,,,1.28,county-alert,1,1,overhaul-warning,1,4,last-night,0.28,8.81,300,5,5,45,0,0,300,491,92,103,208,388,0,0,973,301,0,0,0,0,0,0,0,0.0167,9,,1.6367,1.1196,1.8654,,0.3094,,,
stored-night,5,smoke-screen+hollow-ground,w0h0l-,planner-one-mistake,300,87,0.29,8.86,0.9464,63.967,0,0.65,2.643,64.807,2.993,12.193,0.993,0.31,0.953,0.007,1.913,1.717,0.21,1.433,0,0.48,0,0.17,0,0.003,0,3.427,0,0,0,0,0,186,300,186,54,0,90,210,0.2903,1,11.89,1,0,1.09,county-alert,1,1,overhaul-warning,1,4,last-night,0.09,9,300,1,1,9,1,9,300,1689,87,89,213,1600,0,0,1028,286,0,0,0,0,0,0,0,0.0033,9,9,5.63,1.023,7.5117,,0.2782,,,
stored-night,5,smoke-screen+hollow-ground,w0h0l0,random,300,0,0,9,,84.14,0,0.043,3.737,67.713,2.85,19.067,0.437,1.283,0.263,0.15,0.913,0.693,0.313,1.09,0,0.023,0,0.02,0,0.027,0,3.98,0,0,0,0,0,,,,,,,,,,,,,1.02,county-alert,1,1,overhaul-warning,1,4,last-night,0.02,9,300,8,8,69,0,0,300,1955,0,0,300,1955,0,0,1194,79,0,0,0,0,0,0,0,0.0267,8.625,,6.5167,,6.5167,,0.0662,,,
stored-night,5,smoke-screen+hollow-ground,w0h0l0,single-water,300,0,0,9,,86.513,0,0,4,82.393,3,15.2,0,0,0,0,2,1.923,0.077,0,0,0,0,0,0,0,0,4,0,0,0,0,0,,,,,,,,,,,,,1,county-alert,1,1,overhaul-warning,1,4,last-night,0,,300,0,0,0,0,0,300,2126,0,0,300,2126,0,0,1200,0,0,0,0,0,0,0,0,0,,,7.0867,,7.0867,,0,,,
stored-night,5,smoke-screen+hollow-ground,w0h0l0,legacy-cycle,300,0,0,9,,76.687,0,0,4,84.84,3,33.863,0,0,0,0,0.583,0.153,0.43,2.257,0,0,0,0,0,0.953,0,4,0,0,0,0,0,,,,,,,,,,,,,1,county-alert,1,1,overhaul-warning,1,4,last-night,0,,300,286,286,2211,0,0,300,1649,0,0,300,1649,0,0,1200,0,0,0,0,0,0,0,0,0.9533,7.7308,,5.4967,,5.4967,,0,,,
stored-night,5,smoke-screen+hollow-ground,w0h0l0,greedy,300,200,0.6667,8.327,0.8878,45.12,0,1.11,2.04,47.993,2.69,1.1,1.043,0.253,0.82,0.177,1.63,1.45,0.183,1.71,0,0.913,0,0.197,0,0.02,0,2.67,0,0,0,0,0,,,,,,,,,,,,,1.19,county-alert,1,1,overhaul-warning,1,4,last-night,0.19,8.193,300,6,6,49,4,31,300,393,200,258,100,135,0,0,801,246,0,0,0,0,0,0,0,0.02,8.1667,7.75,1.31,1.29,1.35,,0.3071,,,
stored-night,5,smoke-screen+hollow-ground,w0h0l0,planner,300,195,0.65,8.283,0.8775,65.067,0,0.977,2.183,50.6,2.567,1.643,1.023,0.253,0.69,0.293,1.8,1.637,0.173,1.657,0,0.82,0,0.157,0,0.017,0,2.72,0,0,0,0,0,,,,,,,,,,,,,1.143,county-alert,1,1,overhaul-warning,1,4,last-night,0.1433,8.047,300,5,5,39,5,39,300,983,195,218,105,765,0,0,816,207,0,0,0,0,0,0,0,0.0167,7.8,7.8,3.2767,1.1179,7.2857,,0.2537,,,
stored-night,5,smoke-screen+hollow-ground,w0h0l0,forecast-aware,300,93,0.31,8.773,0.9188,42.546,0,1.163,2.517,63.187,2.043,1.25,2.45,0,0.997,0.9,1.63,1.313,0.387,2.233,0,0.817,0.047,0.3,0,0.02,0,3.227,0,0,0,0,0,,,,,,,,,,,,,1.287,county-alert,1,1,overhaul-warning,1,4,last-night,0.2867,8.826,300,6,6,54,0,0,300,489,93,109,207,380,0,0,968,299,0,0,0,0,0,0,0,0.02,9,,1.63,1.172,1.8357,,0.3089,,,
stored-night,5,smoke-screen+hollow-ground,w0h0l0,planner-one-mistake,300,97,0.3233,8.83,0.9416,64.005,0,0.673,2.603,63.46,2.993,12.193,0.967,0.307,0.927,0.007,1.91,1.71,0.207,1.433,0,0.507,0,0.167,0,0.003,0,3.363,0,0,0,0,0,195,300,195,65,0,89,211,0.3333,1,12.025,2,0,1.103,county-alert,1,1,overhaul-warning,1,4,last-night,0.1033,9,300,1,1,9,1,9,300,1637,97,104,203,1533,0,0,1009,278,0,0,0,0,0,0,0,0.0033,9,9,5.4567,1.0722,7.5517,,0.2755,,,
stored-night,5,smoke-screen+hollow-ground,w0h0l+,random,300,0,0,9,,84.113,0,0.043,3.737,67.743,2.85,19.073,0.437,1.283,0.263,0.15,0.913,0.693,0.313,1.09,0,0.023,0,0.02,0,0.027,0,3.98,0,0,0,0,0,,,,,,,,,,,,,1.02,county-alert,1,1,overhaul-warning,1,4,last-night,0.02,9,300,8,8,69,0,0,300,1955,0,0,300,1955,0,0,1194,79,0,0,0,0,0,0,0,0.0267,8.625,,6.5167,,6.5167,,0.0662,,,
stored-night,5,smoke-screen+hollow-ground,w0h0l+,single-water,300,0,0,9,,86.513,0,0,4,82.393,3,15.2,0,0,0,0,2,1.923,0.077,0,0,0,0,0,0,0,0,4,0,0,0,0,0,,,,,,,,,,,,,1,county-alert,1,1,overhaul-warning,1,4,last-night,0,,300,0,0,0,0,0,300,2126,0,0,300,2126,0,0,1200,0,0,0,0,0,0,0,0,0,,,7.0867,,7.0867,,0,,,
stored-night,5,smoke-screen+hollow-ground,w0h0l+,legacy-cycle,300,0,0,9,,76.687,0,0,4,84.84,3,33.863,0,0,0,0,0.583,0.153,0.43,2.257,0,0,0,0,0,0.953,0,4,0,0,0,0,0,,,,,,,,,,,,,1,county-alert,1,1,overhaul-warning,1,4,last-night,0,,300,286,286,2211,0,0,300,1649,0,0,300,1649,0,0,1200,0,0,0,0,0,0,0,0,0.9533,7.7308,,5.4967,,5.4967,,0,,,
stored-night,5,smoke-screen+hollow-ground,w0h0l+,greedy,300,200,0.6667,8.32,0.8867,45.06,0,1.11,2.04,47.993,2.69,1.1,1.04,0.253,0.82,0.177,1.63,1.447,0.187,1.71,0,0.913,0,0.197,0,0.02,0,2.67,0,0,0,0,0,,,,,,,,,,,,,1.19,county-alert,1,1,overhaul-warning,1,4,last-night,0.19,8.193,300,6,6,49,4,31,300,395,200,260,100,135,0,0,801,246,0,0,0,0,0,0,0,0.02,8.1667,7.75,1.3167,1.3,1.35,,0.3071,,,
stored-night,5,smoke-screen+hollow-ground,w0h0l+,planner,300,195,0.65,8.28,0.8769,65.019,0,0.977,2.183,50.6,2.567,1.643,1.023,0.253,0.69,0.293,1.8,1.637,0.173,1.663,0,0.82,0,0.157,0,0.017,0,2.72,0,0,0,0,0,,,,,,,,,,,,,1.143,county-alert,1,1,overhaul-warning,1,4,last-night,0.1433,8.047,300,5,5,39,5,39,300,979,195,214,105,765,0,0,816,207,0,0,0,0,0,0,0,0.0167,7.8,7.8,3.2633,1.0974,7.2857,,0.2537,,,
stored-night,5,smoke-screen+hollow-ground,w0h0l+,forecast-aware,300,93,0.31,8.773,0.9188,42.754,0,1.167,2.517,63.227,2.043,1.353,2.453,0,0.997,0.9,1.627,1.31,0.393,2.24,0,0.817,0.047,0.303,0,0.02,0,3.223,0,0,0,0,0,,,,,,,,,,,,,1.297,county-alert,1,1,overhaul-warning,1,4,last-night,0.2967,8.831,300,6,6,54,0,0,300,491,93,109,207,382,0,0,967,299,0,0,0,0,0,0,0,0.02,9,,1.6367,1.172,1.8454,,0.3092,,,
stored-night,5,smoke-screen+hollow-ground,w0h0l+,planner-one-mistake,300,98,0.3267,8.83,0.9422,63.926,0,0.673,2.6,63.3,2.993,12.193,0.967,0.307,0.927,0.007,1.91,1.71,0.207,1.433,0,0.51,0,0.163,0,0.003,0,3.363,0,0,0,0,0,195,300,195,65,0,89,211,0.3333,1,12.025,2,0,1.103,county-alert,1,1,overhaul-warning,1,4,last-night,0.1033,9,300,1,1,9,1,9,300,1632,98,105,202,1527,0,0,1009,278,0,0,0,0,0,0,0,0.0033,9,9,5.44,1.0714,7.5594,,0.2755,,,
stored-night,5,smoke-screen+hollow-ground,w0h+l-,random,300,0,0,9,,84.267,0,0.037,3.737,67.367,2.85,19.017,0.437,1.283,0.263,0.15,0.913,0.693,0.313,1.09,0,0.02,0,0.017,0,0.027,0,3.983,0,0,0,0,0,,,,,,,,,,,,,1.017,county-alert,1,1,overhaul-warning,1,4,last-night,0.0167,9,300,8,8,69,0,0,300,1955,0,0,300,1955,0,0,1195,79,0,0,0,0,0,0,0,0.0267,8.625,,6.5167,,6.5167,,0.0661,,,
stored-night,5,smoke-screen+hollow-ground,w0h+l-,single-water,300,0,0,9,,86.513,0,0,4,82.393,3,15.2,0,0,0,0,2,1.923,0.077,0,0,0,0,0,0,0,0,4,0,0,0,0,0,,,,,,,,,,,,,1,county-alert,1,1,overhaul-warning,1,4,last-night,0,,300,0,0,0,0,0,300,2126,0,0,300,2126,0,0,1200,0,0,0,0,0,0,0,0,0,,,7.0867,,7.0867,,0,,,
stored-night,5,smoke-screen+hollow-ground,w0h+l-,legacy-cycle,300,0,0,9,,76.69,0,0,4,84.837,3,33.86,0,0,0,0,0.583,0.153,0.43,2.257,0,0,0,0,0,0.953,0,4,0,0,0,0,0,,,,,,,,,,,,,1,county-alert,1,1,overhaul-warning,1,4,last-night,0,,300,286,286,2211,0,0,300,1649,0,0,300,1649,0,0,1200,0,0,0,0,0,0,0,0,0.9533,7.7308,,5.4967,,5.4967,,0,,,
stored-night,5,smoke-screen+hollow-ground,w0h+l-,greedy,300,192,0.64,8.35,0.8872,45.454,0,1.117,2.077,49.24,2.697,1.03,1.063,0.26,0.84,0.18,1.633,1.463,0.173,1.81,0,0.907,0,0.21,0,0.02,0,2.71,0,0,0,0,0,,,,,,,,,,,,,1.203,county-alert,1,1,overhaul-warning,1,4,last-night,0.2033,8.262,300,6,6,49,4,31,300,389,192,249,108,140,0,0,813,252,0,0,0,0,0,0,0,0.02,8.1667,7.75,1.2967,1.2969,1.2963,,0.31,,,
stored-night,5,smoke-screen+hollow-ground,w0h+l-,planner,300,186,0.62,8.327,0.8793,66.351,0,0.993,2.26,53.233,2.547,1.323,1.02,0.253,0.697,0.293,1.803,1.627,0.187,1.747,0,0.813,0,0.18,0,0.02,0,2.78,0,0,0,0,0,,,,,,,,,,,,,1.163,county-alert,1,1,overhaul-warning,1,4,last-night,0.1633,8.041,300,6,6,47,5,40,300,1038,186,209,114,829,0,0,834,209,0,0,0,0,0,0,0,0.02,7.8333,8,3.46,1.1237,7.2719,,0.2506,,,
stored-night,5,smoke-screen+hollow-ground,w0h+l-,forecast-aware,300,92,0.3067,8.79,0.9239,43.255,0,1.14,2.527,63.373,2.05,1.167,2.447,0,1.003,0.9,1.627,1.303,0.39,2.267,0,0.8,0.043,0.297,0,0.017,0,3.243,0,0,0,0,0,,,,,,,,,,,,,1.28,county-alert,1,1,overhaul-warning,1,4,last-night,0.28,8.81,300,5,5,45,0,0,300,491,92,103,208,388,0,0,973,301,0,0,0,0,0,0,0,0.0167,9,,1.6367,1.1196,1.8654,,0.3094,,,
stored-night,5,smoke-screen+hollow-ground,w0h+l-,planner-one-mistake,300,87,0.29,8.86,0.9464,63.953,0,0.65,2.643,64.807,2.993,12.193,0.993,0.31,0.953,0.007,1.913,1.717,0.21,1.433,0,0.48,0,0.17,0,0.003,0,3.427,0,0,0,0,0,186,300,186,54,0,90,210,0.2903,1,11.89,1,0,1.09,county-alert,1,1,overhaul-warning,1,4,last-night,0.09,9,300,1,1,9,1,9,300,1689,87,89,213,1600,0,0,1028,286,0,0,0,0,0,0,0,0.0033,9,9,5.63,1.023,7.5117,,0.2782,,,
stored-night,5,smoke-screen+hollow-ground,w0h+l0,random,300,0,0,9,,84.133,0,0.043,3.737,67.727,2.85,19.07,0.437,1.283,0.263,0.15,0.913,0.693,0.313,1.09,0,0.023,0,0.02,0,0.027,0,3.98,0,0,0,0,0,,,,,,,,,,,,,1.02,county-alert,1,1,overhaul-warning,1,4,last-night,0.02,9,300,8,8,69,0,0,300,1955,0,0,300,1955,0,0,1194,79,0,0,0,0,0,0,0,0.0267,8.625,,6.5167,,6.5167,,0.0662,,,
stored-night,5,smoke-screen+hollow-ground,w0h+l0,single-water,300,0,0,9,,86.513,0,0,4,82.393,3,15.2,0,0,0,0,2,1.923,0.077,0,0,0,0,0,0,0,0,4,0,0,0,0,0,,,,,,,,,,,,,1,county-alert,1,1,overhaul-warning,1,4,last-night,0,,300,0,0,0,0,0,300,2126,0,0,300,2126,0,0,1200,0,0,0,0,0,0,0,0,0,,,7.0867,,7.0867,,0,,,
stored-night,5,smoke-screen+hollow-ground,w0h+l0,legacy-cycle,300,0,0,9,,76.687,0,0,4,84.84,3,33.863,0,0,0,0,0.583,0.153,0.43,2.257,0,0,0,0,0,0.953,0,4,0,0,0,0,0,,,,,,,,,,,,,1,county-alert,1,1,overhaul-warning,1,4,last-night,0,,300,286,286,2211,0,0,300,1649,0,0,300,1649,0,0,1200,0,0,0,0,0,0,0,0,0.9533,7.7308,,5.4967,,5.4967,,0,,,
stored-night,5,smoke-screen+hollow-ground,w0h+l0,greedy,300,200,0.6667,8.327,0.8878,45.14,0,1.113,2.04,47.993,2.69,1.1,1.043,0.253,0.82,0.177,1.63,1.45,0.183,1.707,0,0.917,0,0.197,0,0.02,0,2.67,0,0,0,0,0,,,,,,,,,,,,,1.19,county-alert,1,1,overhaul-warning,1,4,last-night,0.19,8.193,300,6,6,49,4,31,300,393,200,258,100,135,0,0,801,246,0,0,0,0,0,0,0,0.02,8.1667,7.75,1.31,1.29,1.35,,0.3071,,,
stored-night,5,smoke-screen+hollow-ground,w0h+l0,planner,300,195,0.65,8.283,0.8775,65.019,0,0.977,2.183,50.6,2.567,1.643,1.023,0.253,0.69,0.293,1.8,1.637,0.173,1.657,0,0.82,0,0.157,0,0.017,0,2.72,0,0,0,0,0,,,,,,,,,,,,,1.143,county-alert,1,1,overhaul-warning,1,4,last-night,0.1433,8.047,300,5,5,39,5,39,300,983,195,218,105,765,0,0,816,207,0,0,0,0,0,0,0,0.0167,7.8,7.8,3.2767,1.1179,7.2857,,0.2537,,,
stored-night,5,smoke-screen+hollow-ground,w0h+l0,forecast-aware,300,93,0.31,8.773,0.9188,42.691,0,1.167,2.517,63.227,2.043,1.28,2.453,0,0.997,0.9,1.627,1.31,0.387,2.233,0,0.817,0.047,0.303,0,0.02,0,3.223,0,0,0,0,0,,,,,,,,,,,,,1.29,county-alert,1,1,overhaul-warning,1,4,last-night,0.29,8.828,300,6,6,54,0,0,300,491,93,109,207,382,0,0,967,299,0,0,0,0,0,0,0,0.02,9,,1.6367,1.172,1.8454,,0.3092,,,
stored-night,5,smoke-screen+hollow-ground,w0h+l0,planner-one-mistake,300,97,0.3233,8.83,0.9416,63.99,0,0.673,2.603,63.46,2.993,12.193,0.967,0.307,0.927,0.007,1.91,1.71,0.207,1.433,0,0.507,0,0.167,0,0.003,0,3.363,0,0,0,0,0,195,300,195,65,0,89,211,0.3333,1,12.025,2,0,1.103,county-alert,1,1,overhaul-warning,1,4,last-night,0.1033,9,300,1,1,9,1,9,300,1637,97,104,203,1533,0,0,1009,278,0,0,0,0,0,0,0,0.0033,9,9,5.4567,1.0722,7.5517,,0.2755,,,
stored-night,5,smoke-screen+hollow-ground,w0h+l+,random,300,0,0,9,,84.107,0,0.043,3.737,67.757,2.85,19.077,0.437,1.283,0.263,0.15,0.913,0.693,0.313,1.09,0,0.023,0,0.02,0,0.027,0,3.98,0,0,0,0,0,,,,,,,,,,,,,1.02,county-alert,1,1,overhaul-warning,1,4,last-night,0.02,9,300,8,8,69,0,0,300,1955,0,0,300,1955,0,0,1194,79,0,0,0,0,0,0,0,0.0267,8.625,,6.5167,,6.5167,,0.0662,,,
stored-night,5,smoke-screen+hollow-ground,w0h+l+,single-water,300,0,0,9,,86.513,0,0,4,82.393,3,15.2,0,0,0,0,2,1.923,0.077,0,0,0,0,0,0,0,0,4,0,0,0,0,0,,,,,,,,,,,,,1,county-alert,1,1,overhaul-warning,1,4,last-night,0,,300,0,0,0,0,0,300,2126,0,0,300,2126,0,0,1200,0,0,0,0,0,0,0,0,0,,,7.0867,,7.0867,,0,,,
stored-night,5,smoke-screen+hollow-ground,w0h+l+,legacy-cycle,300,0,0,9,,76.687,0,0,4,84.84,3,33.863,0,0,0,0,0.583,0.153,0.43,2.257,0,0,0,0,0,0.953,0,4,0,0,0,0,0,,,,,,,,,,,,,1,county-alert,1,1,overhaul-warning,1,4,last-night,0,,300,286,286,2211,0,0,300,1649,0,0,300,1649,0,0,1200,0,0,0,0,0,0,0,0,0.9533,7.7308,,5.4967,,5.4967,,0,,,
stored-night,5,smoke-screen+hollow-ground,w0h+l+,greedy,300,200,0.6667,8.32,0.8867,45.09,0,1.113,2.04,47.993,2.69,1.1,1.04,0.253,0.82,0.177,1.63,1.447,0.187,1.707,0,0.917,0,0.197,0,0.02,0,2.67,0,0,0,0,0,,,,,,,,,,,,,1.19,county-alert,1,1,overhaul-warning,1,4,last-night,0.19,8.193,300,6,6,49,4,31,300,395,200,260,100,135,0,0,801,246,0,0,0,0,0,0,0,0.02,8.1667,7.75,1.3167,1.3,1.35,,0.3071,,,
stored-night,5,smoke-screen+hollow-ground,w0h+l+,planner,300,195,0.65,8.28,0.8769,64.971,0,0.977,2.183,50.6,2.567,1.643,1.023,0.253,0.69,0.293,1.8,1.637,0.173,1.663,0,0.82,0,0.157,0,0.017,0,2.72,0,0,0,0,0,,,,,,,,,,,,,1.143,county-alert,1,1,overhaul-warning,1,4,last-night,0.1433,8.047,300,5,5,39,5,39,300,979,195,214,105,765,0,0,816,207,0,0,0,0,0,0,0,0.0167,7.8,7.8,3.2633,1.0974,7.2857,,0.2537,,,
stored-night,5,smoke-screen+hollow-ground,w0h+l+,forecast-aware,300,93,0.31,8.773,0.9188,42.681,0,1.167,2.517,63.227,2.043,1.353,2.453,0,0.997,0.9,1.627,1.31,0.393,2.24,0,0.817,0.047,0.303,0,0.02,0,3.223,0,0,0,0,0,,,,,,,,,,,,,1.297,county-alert,1,1,overhaul-warning,1,4,last-night,0.2967,8.831,300,6,6,54,0,0,300,491,93,109,207,382,0,0,967,299,0,0,0,0,0,0,0,0.02,9,,1.6367,1.172,1.8454,,0.3092,,,
stored-night,5,smoke-screen+hollow-ground,w0h+l+,planner-one-mistake,300,98,0.3267,8.83,0.9422,63.911,0,0.673,2.6,63.3,2.993,12.193,0.967,0.307,0.927,0.007,1.91,1.71,0.207,1.433,0,0.51,0,0.163,0,0.003,0,3.363,0,0,0,0,0,195,300,195,65,0,89,211,0.3333,1,12.025,2,0,1.103,county-alert,1,1,overhaul-warning,1,4,last-night,0.1033,9,300,1,1,9,1,9,300,1632,98,105,202,1527,0,0,1009,278,0,0,0,0,0,0,0,0.0033,9,9,5.44,1.0714,7.5594,,0.2755,,,
stored-night,5,smoke-screen+hollow-ground,w+h-l-,random,300,0,0,9,,84.42,0,0.037,3.737,67.133,2.85,19.03,0.437,1.283,0.263,0.15,0.913,0.693,0.313,1.09,0,0.02,0,0.017,0,0.027,0,3.983,0,0,0,0,0,,,,,,,,,,,,,1.017,county-alert,1,1,overhaul-warning,1,4,last-night,0.0167,9,300,8,8,69,0,0,300,1955,0,0,300,1955,0,0,1195,79,0,0,0,0,0,0,0,0.0267,8.625,,6.5167,,6.5167,,0.0661,,,
stored-night,5,smoke-screen+hollow-ground,w+h-l-,single-water,300,0,0,9,,86.453,0,0,4,82.593,3,15.2,0,0,0,0,2,1.923,0.077,0,0,0,0,0,0,0,0,4,0,0,0,0,0,,,,,,,,,,,,,1,county-alert,1,1,overhaul-warning,1,4,last-night,0,,300,0,0,0,0,0,300,2126,0,0,300,2126,0,0,1200,0,0,0,0,0,0,0,0,0,,,7.0867,,7.0867,,0,,,
stored-night,5,smoke-screen+hollow-ground,w+h-l-,legacy-cycle,300,0,0,9,,76.93,0,0,4,84.687,3,33.86,0,0,0,0,0.583,0.153,0.43,2.257,0,0,0,0,0,0.953,0,4,0,0,0,0,0,,,,,,,,,,,,,1,county-alert,1,1,overhaul-warning,1,4,last-night,0,,300,286,286,2211,0,0,300,1649,0,0,300,1649,0,0,1200,0,0,0,0,0,0,0,0,0.9533,7.7308,,5.4967,,5.4967,,0,,,
stored-night,5,smoke-screen+hollow-ground,w+h-l-,greedy,300,196,0.6533,8.343,0.8883,45.663,0,1.113,2.037,47.92,2.717,1.103,1.053,0.243,0.837,0.173,1.64,1.457,0.183,1.833,0,0.917,0,0.197,0,0.02,0,2.677,0,0,0,0,0,,,,,,,,,,,,,1.183,county-alert,1,1,overhaul-warning,1,4,last-night,0.1833,8.382,300,6,6,49,2,16,300,398,196,254,104,144,0,0,803,251,0,0,0,0,0,0,0,0.02,8.1667,8,1.3267,1.2959,1.3846,,0.3126,,,
stored-night,5,smoke-screen+hollow-ground,w+h-l-,planner,300,186,0.62,8.337,0.8811,66.518,0,0.98,2.253,53.043,2.55,1.317,1.01,0.25,0.693,0.293,1.82,1.637,0.193,1.76,0,0.807,0,0.173,0,0.02,0,2.777,0,0,0,0,0,,,,,,,,,,,,,1.157,county-alert,1,1,overhaul-warning,1,4,last-night,0.1567,8.17,300,6,6,47,5,40,300,1048,186,220,114,828,0,0,833,208,0,0,0,0,0,0,0,0.02,7.8333,8,3.4933,1.1828,7.2632,,0.2497,,,
stored-night,5,smoke-screen+hollow-ground,w+h-l-,forecast-aware,300,94,0.3133,8.79,0.9255,43.398,0,1.127,2.51,62.867,2.047,1.143,2.453,0,1.02,0.9,1.623,1.303,0.377,2.267,0,0.797,0.04,0.29,0,0.017,0,3.253,0,0,0,0,0,,,,,,,,,,,,,1.267,county-alert,1,1,overhaul-warning,1,4,last-night,0.2667,8.788,300,5,5,45,0,0,300,492,94,106,206,386,0,0,976,306,0,0,0,0,0,0,0,0.0167,9,,1.64,1.1277,1.8738,,0.3135,,,
stored-night,5,smoke-screen+hollow-ground,w+h-l-,planner-one-mistake,300,89,0.2967,8.867,0.9501,64.156,0,0.647,2.633,64.333,2.993,12.42,1.003,0.3,0.96,0.007,1.953,1.75,0.217,1.403,0,0.483,0,0.163,0,0.007,0,3.43,0,0,0,0,0,186,300,186,57,0,90,210,0.3065,1,11.7633,1,0,1.093,county-alert,1,1,overhaul-warning,1,4,last-night,0.0933,9,300,2,2,17,1,9,300,1677,89,95,211,1582,0,0,1029,288,0,0,0,0,0,0,0,0.0067,8.5,9,5.59,1.0674,7.4976,,0.2799,,,
stored-night,5,smoke-screen+hollow-ground,w+h-l0,random,300,0,0,9,,84.297,0,0.043,3.737,67.5,2.85,19.083,0.437,1.283,0.263,0.15,0.913,0.693,0.313,1.09,0,0.023,0,0.02,0,0.027,0,3.98,0,0,0,0,0,,,,,,,,,,,,,1.02,county-alert,1,1,overhaul-warning,1,4,last-night,0.02,9,300,8,8,69,0,0,300,1955,0,0,300,1955,0,0,1194,79,0,0,0,0,0,0,0,0.0267,8.625,,6.5167,,6.5167,,0.0662,,,
stored-night,5,smoke-screen+hollow-ground,w+h-l0,single-water,300,0,0,9,,86.453,0,0,4,82.593,3,15.2,0,0,0,0,2,1.923,0.077,0,0,0,0,0,0,0,0,4,0,0,0,0,0,,,,,,,,,,,,,1,county-alert,1,1,overhaul-warning,1,4,last-night,0,,300,0,0,0,0,0,300,2126,0,0,300,2126,0,0,1200,0,0,0,0,0,0,0,0,0,,,7.0867,,7.0867,,0,,,
stored-night,5,smoke-screen+hollow-ground,w+h-l0,legacy-cycle,300,0,0,9,,76.927,0,0,4,84.69,3,33.863,0,0,0,0,0.583,0.153,0.43,2.257,0,0,0,0,0,0.953,0,4,0,0,0,0,0,,,,,,,,,,,,,1,county-alert,1,1,overhaul-warning,1,4,last-night,0,,300,286,286,2211,0,0,300,1649,0,0,300,1649,0,0,1200,0,0,0,0,0,0,0,0,0.9533,7.7308,,5.4967,,5.4967,,0,,,
stored-night,5,smoke-screen+hollow-ground,w+h-l0,greedy,300,199,0.6633,8.307,0.8839,44.366,0,1.117,2.02,47.393,2.717,1.253,1.033,0.243,0.82,0.17,1.653,1.46,0.193,1.747,0,0.923,0,0.193,0,0.023,0,2.65,0,0,0,0,0,,,,,,,,,,,,,1.18,county-alert,1,1,overhaul-warning,1,4,last-night,0.18,8.37,300,7,7,57,4,31,300,380,199,240,101,140,0,0,795,246,0,0,0,0,0,0,0,0.0233,8.1429,7.75,1.2667,1.206,1.3861,,0.3094,,,
stored-night,5,smoke-screen+hollow-ground,w+h-l0,planner,300,195,0.65,8.297,0.8798,65.467,0,0.977,2.183,50.69,2.567,1.557,1.01,0.247,0.69,0.293,1.833,1.65,0.193,1.677,0,0.82,0,0.157,0,0.017,0,2.72,0,0,0,0,0,,,,,,,,,,,,,1.143,county-alert,1,1,overhaul-warning,1,4,last-night,0.1433,8.209,300,5,5,39,5,39,300,987,195,218,105,769,0,0,816,207,0,0,0,0,0,0,0,0.0167,7.8,7.8,3.29,1.1179,7.3238,,0.2537,,,
stored-night,5,smoke-screen+hollow-ground,w+h-l0,forecast-aware,300,96,0.32,8.78,0.9236,42.721,0,1.14,2.507,62.667,2.043,1.203,2.443,0,1.003,0.9,1.627,1.31,0.38,2.25,0,0.81,0.043,0.287,0,0.017,0,3.24,0,0,0,0,0,,,,,,,,,,,,,1.273,county-alert,1,1,overhaul-warning,1,4,last-night,0.2733,8.793,300,5,5,45,0,0,300,494,96,118,204,376,0,0,972,301,0,0,0,0,0,0,0,0.0167,9,,1.6467,1.2292,1.8431,,0.3097,,,
stored-night,5,smoke-screen+hollow-ground,w+h-l0,planner-one-mistake,300,96,0.32,8.833,0.9421,63.971,0,0.663,2.607,63.42,2.993,12.373,0.97,0.297,0.927,0.007,1.947,1.743,0.21,1.413,0,0.503,0,0.16,0,0.007,0,3.373,0,0,0,0,0,195,300,195,63,0,89,211,0.3231,1,11.9492,2,0,1.107,county-alert,1,1,overhaul-warning,1,4,last-night,0.1067,9,300,2,2,17,1,9,300,1640,96,101,204,1539,0,0,1012,278,0,0,0,0,0,0,0,0.0067,8.5,9,5.4667,1.0521,7.5441,,0.2747,,,
stored-night,5,smoke-screen+hollow-ground,w+h-l+,random,300,0,0,9,,84.27,0,0.043,3.737,67.53,2.85,19.09,0.437,1.283,0.263,0.15,0.913,0.693,0.313,1.09,0,0.023,0,0.02,0,0.027,0,3.98,0,0,0,0,0,,,,,,,,,,,,,1.02,county-alert,1,1,overhaul-warning,1,4,last-night,0.02,9,300,8,8,69,0,0,300,1955,0,0,300,1955,0,0,1194,79,0,0,0,0,0,0,0,0.0267,8.625,,6.5167,,6.5167,,0.0662,,,
stored-night,5,smoke-screen+hollow-ground,w+h-l+,single-water,300,0,0,9,,86.453,0,0,4,82.593,3,15.2,0,0,0,0,2,1.923,0.077,0,0,0,0,0,0,0,0,4,0,0,0,0,0,,,,,,,,,,,,,1,county-alert,1,1,overhaul-warning,1,4,last-night,0,,300,0,0,0,0,0,300,2126,0,0,300,2126,0,0,1200,0,0,0,0,0,0,0,0,0,,,7.0867,,7.0867,,0,,,
stored-night,5,smoke-screen+hollow-ground,w+h-l+,legacy-cycle,300,0,0,9,,76.927,0,0,4,84.69,3,33.863,0,0,0,0,0.583,0.153,0.43,2.257,0,0,0,0,0,0.953,0,4,0,0,0,0,0,,,,,,,,,,,,,1,county-alert,1,1,overhaul-warning,1,4,last-night,0,,300,286,286,2211,0,0,300,1649,0,0,300,1649,0,0,1200,0,0,0,0,0,0,0,0,0.9533,7.7308,,5.4967,,5.4967,,0,,,
stored-night,5,smoke-screen+hollow-ground,w+h-l+,greedy,300,196,0.6533,8.317,0.8838,44.712,0,1.127,2.043,48.207,2.703,1.253,1.043,0.243,0.83,0.17,1.66,1.463,0.197,1.75,0,0.923,0,0.203,0,0.023,0,2.673,0,0,0,0,0,,,,,,,,,,,,,1.19,county-alert,1,1,overhaul-warning,1,4,last-night,0.19,8.263,300,7,7,57,4,31,300,380,196,237,104,143,0,0,802,249,0,0,0,0,0,0,0,0.0233,8.1429,7.75,1.2667,1.2092,1.375,,0.3105,,,
stored-night,5,smoke-screen+hollow-ground,w+h-l+,planner,300,192,0.64,8.31,0.8802,65.704,0,0.987,2.207,51.437,2.557,1.557,1.017,0.247,0.697,0.293,1.833,1.647,0.197,1.68,0,0.82,0,0.167,0,0.017,0,2.74,0,0,0,0,0,,,,,,,,,,,,,1.153,county-alert,1,1,overhaul-warning,1,4,last-night,0.1533,8.13,300,5,5,39,5,39,300,1001,192,210,108,791,0,0,822,209,0,0,0,0,0,0,0,0.0167,7.8,7.8,3.3367,1.0938,7.3241,,0.2543,,,
stored-night,5,smoke-screen+hollow-ground,w+h-l+,forecast-aware,300,96,0.32,8.78,0.9236,42.936,0,1.143,2.507,62.707,2.043,1.307,2.447,0,1.003,0.9,1.623,1.307,0.387,2.257,0,0.81,0.043,0.29,0,0.017,0,3.237,0,0,0,0,0,,,,,,,,,,,,,1.283,county-alert,1,1,overhaul-warning,1,4,last-night,0.2833,8.8,300,5,5,45,0,0,300,496,96,118,204,378,0,0,971,301,0,0,0,0,0,0,0,0.0167,9,,1.6533,1.2292,1.8529,,0.31,,,
stored-night,5,smoke-screen+hollow-ground,w+h-l+,planner-one-mistake,300,97,0.3233,8.833,0.9427,63.882,0,0.663,2.603,63.26,2.993,12.373,0.97,0.3,0.927,0.007,1.947,1.743,0.21,1.417,0,0.507,0,0.157,0,0.007,0,3.373,0,0,0,0,0,192,300,192,62,0,89,211,0.3229,1,11.9492,2,0,1.107,county-alert,1,1,overhaul-warning,1,4,last-night,0.1067,9,300,2,2,17,1,9,300,1634,97,101,203,1533,0,0,1012,278,0,0,0,0,0,0,0,0.0067,8.5,9,5.4467,1.0412,7.5517,,0.2747,,,
stored-night,5,smoke-screen+hollow-ground,w+h0l-,random,300,0,0,9,,84.253,0,0.037,3.737,67.397,2.85,19.08,0.437,1.283,0.263,0.15,0.913,0.693,0.313,1.09,0,0.02,0,0.017,0,0.027,0,3.983,0,0,0,0,0,,,,,,,,,,,,,1.017,county-alert,1,1,overhaul-warning,1,4,last-night,0.0167,9,300,8,8,69,0,0,300,1955,0,0,300,1955,0,0,1195,79,0,0,0,0,0,0,0,0.0267,8.625,,6.5167,,6.5167,,0.0661,,,
stored-night,5,smoke-screen+hollow-ground,w+h0l-,single-water,300,0,0,9,,86.453,0,0,4,82.593,3,15.2,0,0,0,0,2,1.923,0.077,0,0,0,0,0,0,0,0,4,0,0,0,0,0,,,,,,,,,,,,,1,county-alert,1,1,overhaul-warning,1,4,last-night,0,,300,0,0,0,0,0,300,2126,0,0,300,2126,0,0,1200,0,0,0,0,0,0,0,0,0,,,7.0867,,7.0867,,0,,,
stored-night,5,smoke-screen+hollow-ground,w+h0l-,legacy-cycle,300,0,0,9,,76.69,0,0,4,84.837,3,33.86,0,0,0,0,0.583,0.153,0.43,2.257,0,0,0,0,0,0.953,0,4,0,0,0,0,0,,,,,,,,,,,,,1,county-alert,1,1,overhaul-warning,1,4,last-night,0,,300,286,286,2211,0,0,300,1649,0,0,300,1649,0,0,1200,0,0,0,0,0,0,0,0,0.9533,7.7308,,5.4967,,5.4967,,0,,,
stored-night,5,smoke-screen+hollow-ground,w+h0l-,greedy,300,198,0.66,8.327,0.8866,45.029,0,1.11,2.037,47.853,2.7,1.03,1.057,0.27,0.837,0.173,1.627,1.463,0.167,1.83,0,0.917,0,0.193,0,0.02,0,2.683,0,0,0,0,0,,,,,,,,,,,,,1.183,county-alert,1,1,overhaul-warning,1,4,last-night,0.1833,8.218,300,6,6,49,4,31,300,390,198,258,102,132,0,0,805,251,0,0,0,0,0,0,0,0.02,8.1667,7.75,1.3,1.303,1.2941,,0.3118,,,
stored-night,5,smoke-screen+hollow-ground,w+h0l-,planner,300,190,0.6333,8.31,0.8789,66,0,0.99,2.233,52.327,2.54,1.32,1.01,0.257,0.687,0.293,1.813,1.633,0.19,1.763,0,0.82,0,0.17,0,0.02,0,2.753,0,0,0,0,0,,,,,,,,,,,,,1.153,county-alert,1,1,overhaul-warning,1,4,last-night,0.1533,8.022,300,6,6,47,5,40,300,1015,190,218,110,797,0,0,826,206,0,0,0,0,0,0,0,0.02,7.8333,8,3.3833,1.1474,7.2455,,0.2494,,,
stored-night,5,smoke-screen+hollow-ground,w+h0l-,forecast-aware,300,94,0.3133,8.787,0.9243,43.18,0,1.143,2.52,63.16,2.047,1.167,2.447,0,1,0.9,1.627,1.31,0.383,2.26,0,0.807,0.043,0.293,0,0.017,0,3.24,0,0,0,0,0,,,,,,,,,,,,,1.28,county-alert,1,1,overhaul-warning,1,4,last-night,0.28,8.798,300,5,5,45,0,0,300,496,94,112,206,384,0,0,972,300,0,0,0,0,0,0,0,0.0167,9,,1.6533,1.1915,1.8641,,0.3086,,,
stored-night,5,smoke-screen+hollow-ground,w+h0l-,planner-one-mistake,300,91,0.3033,8.863,0.9499,63.66,0,0.633,2.627,64.007,2.993,12.263,0.997,0.31,0.957,0.007,1.947,1.747,0.213,1.4,0,0.48,0,0.153,0,0.003,0,3.43,0,0,0,0,0,190,300,190,57,0,90,210,0.3,1,11.8267,1,0,1.09,county-alert,1,1,overhaul-warning,1,4,last-night,0.09,9,300,1,1,9,1,9,300,1666,91,97,209,1569,0,0,1029,287,0,0,0,0,0,0,0,0.0033,9,9,5.5533,1.0659,7.5072,,0.2789,,,
stored-night,5,smoke-screen+hollow-ground,w+h0l0,random,300,0,0,9,,84.12,0,0.043,3.737,67.757,2.85,19.133,0.437,1.283,0.263,0.15,0.913,0.693,0.313,1.09,0,0.023,0,0.02,0,0.027,0,3.98,0,0,0,0,0,,,,,,,,,,,,,1.02,county-alert,1,1,overhaul-warning,1,4,last-night,0.02,9,300,8,8,69,0,0,300,1955,0,0,300,1955,0,0,1194,79,0,0,0,0,0,0,0,0.0267,8.625,,6.5167,,6.5167,,0.0662,,,
stored-night,5,smoke-screen+hollow-ground,w+h0l0,single-water,300,0,0,9,,86.453,0,0,4,82.593,3,15.2,0,0,0,0,2,1.923,0.077,0,0,0,0,0,0,0,0,4,0,0,0,0,0,,,,,,,,,,,,,1,county-alert,1,1,overhaul-warning,1,4,last-night,0,,300,0,0,0,0,0,300,2126,0,0,300,2126,0,0,1200,0,0,0,0,0,0,0,0,0,,,7.0867,,7.0867,,0,,,
stored-night,5,smoke-screen+hollow-ground,w+h0l0,legacy-cycle,300,0,0,9,,76.687,0,0,4,84.84,3,33.863,0,0,0,0,0.583,0.153,0.43,2.257,0,0,0,0,0,0.953,0,4,0,0,0,0,0,,,,,,,,,,,,,1,county-alert,1,1,overhaul-warning,1,4,last-night,0,,300,286,286,2211,0,0,300,1649,0,0,300,1649,0,0,1200,0,0,0,0,0,0,0,0,0.9533,7.7308,,5.4967,,5.4967,,0,,,
stored-night,5,smoke-screen+hollow-ground,w+h0l0,greedy,300,203,0.6767,8.31,0.8867,44.577,0,1.107,2.02,47.273,2.697,1.1,1.033,0.273,0.82,0.17,1.65,1.45,0.203,1.75,0,0.92,0,0.187,0,0.02,0,2.66,0,0,0,0,0,,,,,,,,,,,,,1.18,county-alert,1,1,overhaul-warning,1,4,last-night,0.18,8.185,300,6,6,49,4,31,300,385,203,256,97,129,0,0,798,246,0,0,0,0,0,0,0,0.02,8.1667,7.75,1.2833,1.2611,1.3299,,0.3083,,,
stored-night,5,smoke-screen+hollow-ground,w+h0l0,planner,300,199,0.6633,8.273,0.8783,64.851,0,0.987,2.16,49.88,2.557,1.56,1.017,0.257,0.687,0.293,1.823,1.647,0.187,1.677,0,0.833,0,0.153,0,0.017,0,2.697,0,0,0,0,0,,,,,,,,,,,,,1.14,county-alert,1,1,overhaul-warning,1,4,last-night,0.14,8.048,300,5,5,39,5,39,300,958,199,223,101,735,0,0,809,206,0,0,0,0,0,0,0,0.0167,7.8,7.8,3.1933,1.1206,7.2772,,0.2546,,,
stored-night,5,smoke-screen+hollow-ground,w+h0l0,forecast-aware,300,97,0.3233,8.767,0.9198,42.33,0,1.157,2.5,62.547,2.043,1.25,2.443,0,0.99,0.9,1.627,1.31,0.387,2.233,0,0.82,0.047,0.29,0,0.02,0,3.217,0,0,0,0,0,,,,,,,,,,,,,1.28,county-alert,1,1,overhaul-warning,1,4,last-night,0.28,8.821,300,6,6,54,0,0,300,492,97,124,203,368,0,0,965,297,0,0,0,0,0,0,0,0.02,9,,1.64,1.2784,1.8128,,0.3078,,,
stored-night,5,smoke-screen+hollow-ground,w+h0l0,planner-one-mistake,300,99,0.33,8.83,0.9428,63.493,0,0.653,2.593,62.86,2.993,12.297,0.967,0.307,0.927,0.007,1.943,1.743,0.207,1.407,0,0.503,0,0.15,0,0.003,0,3.37,0,0,0,0,0,199,300,199,65,0,89,211,0.3266,1,12.0125,2,0,1.103,county-alert,1,1,overhaul-warning,1,4,last-night,0.1033,9,300,1,1,9,1,9,300,1623,99,106,201,1517,0,0,1011,278,0,0,0,0,0,0,0,0.0033,9,9,5.41,1.0707,7.5473,,0.275,,,
stored-night,5,smoke-screen+hollow-ground,w+h0l+,random,300,0,0,9,,84.093,0,0.043,3.737,67.787,2.85,19.14,0.437,1.283,0.263,0.15,0.913,0.693,0.313,1.09,0,0.023,0,0.02,0,0.027,0,3.98,0,0,0,0,0,,,,,,,,,,,,,1.02,county-alert,1,1,overhaul-warning,1,4,last-night,0.02,9,300,8,8,69,0,0,300,1955,0,0,300,1955,0,0,1194,79,0,0,0,0,0,0,0,0.0267,8.625,,6.5167,,6.5167,,0.0662,,,
stored-night,5,smoke-screen+hollow-ground,w+h0l+,single-water,300,0,0,9,,86.453,0,0,4,82.593,3,15.2,0,0,0,0,2,1.923,0.077,0,0,0,0,0,0,0,0,4,0,0,0,0,0,,,,,,,,,,,,,1,county-alert,1,1,overhaul-warning,1,4,last-night,0,,300,0,0,0,0,0,300,2126,0,0,300,2126,0,0,1200,0,0,0,0,0,0,0,0,0,,,7.0867,,7.0867,,0,,,
stored-night,5,smoke-screen+hollow-ground,w+h0l+,legacy-cycle,300,0,0,9,,76.687,0,0,4,84.84,3,33.863,0,0,0,0,0.583,0.153,0.43,2.257,0,0,0,0,0,0.953,0,4,0,0,0,0,0,,,,,,,,,,,,,1,county-alert,1,1,overhaul-warning,1,4,last-night,0,,300,286,286,2211,0,0,300,1649,0,0,300,1649,0,0,1200,0,0,0,0,0,0,0,0,0.9533,7.7308,,5.4967,,5.4967,,0,,,
stored-night,5,smoke-screen+hollow-ground,w+h0l+,greedy,300,203,0.6767,8.307,0.8862,44.536,0,1.107,2.02,47.273,2.697,1.1,1.033,0.273,0.82,0.17,1.65,1.45,0.203,1.75,0,0.92,0,0.187,0,0.02,0,2.66,0,0,0,0,0,,,,,,,,,,,,,1.18,county-alert,1,1,overhaul-warning,1,4,last-night,0.18,8.185,300,6,6,49,4,31,300,387,203,258,97,129,0,0,798,246,0,0,0,0,0,0,0,0.02,8.1667,7.75,1.29,1.2709,1.3299,,0.3083,,,
stored-night,5,smoke-screen+hollow-ground,w+h0l+,planner,300,199,0.6633,8.27,0.8777,64.99,0,0.987,2.16,49.88,2.557,1.56,1.017,0.257,0.687,0.293,1.823,1.643,0.19,1.677,0,0.833,0,0.153,0,0.017,0,2.697,0,0,0,0,0,,,,,,,,,,,,,1.14,county-alert,1,1,overhaul-warning,1,4,last-night,0.14,8.048,300,5,5,39,5,39,300,954,199,219,101,735,0,0,809,206,0,0,0,0,0,0,0,0.0167,7.8,7.8,3.18,1.1005,7.2772,,0.2546,,,
stored-night,5,smoke-screen+hollow-ground,w+h0l+,forecast-aware,300,96,0.32,8.767,0.919,42.686,0,1.17,2.507,62.867,2.043,1.353,2.447,0,0.987,0.9,1.623,1.307,0.393,2.237,0,0.823,0.047,0.3,0,0.02,0,3.21,0,0,0,0,0,,,,,,,,,,,,,1.297,county-alert,1,1,overhaul-warning,1,4,last-night,0.2967,8.831,300,6,6,54,0,0,300,494,96,124,204,370,0,0,963,296,0,0,0,0,0,0,0,0.02,9,,1.6467,1.2917,1.8137,,0.3074,,,
stored-night,5,smoke-screen+hollow-ground,w+h0l+,planner-one-mistake,300,100,0.3333,8.83,0.9433,63.4,0,0.653,2.59,62.7,2.993,12.297,0.967,0.307,0.927,0.007,1.943,1.743,0.207,1.407,0,0.507,0,0.147,0,0.003,0,3.37,0,0,0,0,0,199,300,199,65,0,89,211,0.3266,1,12.0125,2,0,1.103,county-alert,1,1,overhaul-warning,1,4,last-night,0.1033,9,300,1,1,9,1,9,300,1618,100,107,200,1511,0,0,1011,278,0,0,0,0,0,0,0,0.0033,9,9,5.3933,1.07,7.555,,0.275,,,
stored-night,5,smoke-screen+hollow-ground,w+h+l-,random,300,0,0,9,,84.247,0,0.037,3.737,67.41,2.85,19.083,0.437,1.283,0.263,0.15,0.913,0.693,0.313,1.09,0,0.02,0,0.017,0,0.027,0,3.983,0,0,0,0,0,,,,,,,,,,,,,1.017,county-alert,1,1,overhaul-warning,1,4,last-night,0.0167,9,300,8,8,69,0,0,300,1955,0,0,300,1955,0,0,1195,79,0,0,0,0,0,0,0,0.0267,8.625,,6.5167,,6.5167,,0.0661,,,
stored-night,5,smoke-screen+hollow-ground,w+h+l-,single-water,300,0,0,9,,86.453,0,0,4,82.593,3,15.2,0,0,0,0,2,1.923,0.077,0,0,0,0,0,0,0,0,4,0,0,0,0,0,,,,,,,,,,,,,1,county-alert,1,1,overhaul-warning,1,4,last-night,0,,300,0,0,0,0,0,300,2126,0,0,300,2126,0,0,1200,0,0,0,0,0,0,0,0,0,,,7.0867,,7.0867,,0,,,
stored-night,5,smoke-screen+hollow-ground,w+h+l-,legacy-cycle,300,0,0,9,,76.69,0,0,4,84.837,3,33.86,0,0,0,0,0.583,0.153,0.43,2.257,0,0,0,0,0,0.953,0,4,0,0,0,0,0,,,,,,,,,,,,,1,county-alert,1,1,overhaul-warning,1,4,last-night,0,,300,286,286,2211,0,0,300,1649,0,0,300,1649,0,0,1200,0,0,0,0,0,0,0,0,0.9533,7.7308,,5.4967,,5.4967,,0,,,
stored-night,5,smoke-screen+hollow-ground,w+h+l-,greedy,300,198,0.66,8.327,0.8866,45.049,0,1.107,2.037,47.853,2.7,1.03,1.057,0.27,0.837,0.173,1.627,1.463,0.167,1.827,0,0.913,0,0.193,0,0.02,0,2.683,0,0,0,0,0,,,,,,,,,,,,,1.183,county-alert,1,1,overhaul-warning,1,4,last-night,0.1833,8.218,300,6,6,49,4,31,300,390,198,258,102,132,0,0,805,251,0,0,0,0,0,0,0,0.02,8.1667,7.75,1.3,1.303,1.2941,,0.3118,,,
stored-night,5,smoke-screen+hollow-ground,w+h+l-,planner,300,190,0.6333,8.31,0.8789,65.955,0,0.99,2.233,52.327,2.54,1.32,1.013,0.257,0.687,0.293,1.813,1.633,0.19,1.763,0,0.82,0,0.17,0,0.02,0,2.753,0,0,0,0,0,,,,,,,,,,,,,1.153,county-alert,1,1,overhaul-warning,1,4,last-night,0.1533,8.022,300,6,6,47,5,40,300,1014,190,217,110,797,0,0,826,206,0,0,0,0,0,0,0,0.02,7.8333,8,3.38,1.1421,7.2455,,0.2494,,,
stored-night,5,smoke-screen+hollow-ground,w+h+l-,forecast-aware,300,94,0.3133,8.787,0.9243,43.112,0,1.147,2.52,63.16,2.047,1.167,2.447,0,1,0.9,1.627,1.31,0.383,2.26,0,0.81,0.043,0.293,0,0.017,0,3.24,0,0,0,0,0,,,,,,,,,,,,,1.28,county-alert,1,1,overhaul-warning,1,4,last-night,0.28,8.798,300,5,5,45,0,0,300,496,94,112,206,384,0,0,972,300,0,0,0,0,0,0,0,0.0167,9,,1.6533,1.1915,1.8641,,0.3086,,,
stored-night,5,smoke-screen+hollow-ground,w+h+l-,planner-one-mistake,300,91,0.3033,8.863,0.9499,63.646,0,0.633,2.627,64.007,2.993,12.263,0.997,0.31,0.957,0.007,1.947,1.747,0.213,1.4,0,0.48,0,0.153,0,0.003,0,3.43,0,0,0,0,0,190,300,190,57,0,90,210,0.3,1,11.8267,1,0,1.09,county-alert,1,1,overhaul-warning,1,4,last-night,0.09,9,300,1,1,9,1,9,300,1666,91,97,209,1569,0,0,1029,287,0,0,0,0,0,0,0,0.0033,9,9,5.5533,1.0659,7.5072,,0.2789,,,
stored-night,5,smoke-screen+hollow-ground,w+h+l0,random,300,0,0,9,,84.113,0,0.043,3.737,67.77,2.85,19.137,0.437,1.283,0.263,0.15,0.913,0.693,0.313,1.09,0,0.023,0,0.02,0,0.027,0,3.98,0,0,0,0,0,,,,,,,,,,,,,1.02,county-alert,1,1,overhaul-warning,1,4,last-night,0.02,9,300,8,8,69,0,0,300,1955,0,0,300,1955,0,0,1194,79,0,0,0,0,0,0,0,0.0267,8.625,,6.5167,,6.5167,,0.0662,,,
stored-night,5,smoke-screen+hollow-ground,w+h+l0,single-water,300,0,0,9,,86.453,0,0,4,82.593,3,15.2,0,0,0,0,2,1.923,0.077,0,0,0,0,0,0,0,0,4,0,0,0,0,0,,,,,,,,,,,,,1,county-alert,1,1,overhaul-warning,1,4,last-night,0,,300,0,0,0,0,0,300,2126,0,0,300,2126,0,0,1200,0,0,0,0,0,0,0,0,0,,,7.0867,,7.0867,,0,,,
stored-night,5,smoke-screen+hollow-ground,w+h+l0,legacy-cycle,300,0,0,9,,76.687,0,0,4,84.84,3,33.863,0,0,0,0,0.583,0.153,0.43,2.257,0,0,0,0,0,0.953,0,4,0,0,0,0,0,,,,,,,,,,,,,1,county-alert,1,1,overhaul-warning,1,4,last-night,0,,300,286,286,2211,0,0,300,1649,0,0,300,1649,0,0,1200,0,0,0,0,0,0,0,0,0.9533,7.7308,,5.4967,,5.4967,,0,,,
stored-night,5,smoke-screen+hollow-ground,w+h+l0,greedy,300,203,0.6767,8.31,0.8867,44.608,0,1.11,2.02,47.273,2.697,1.1,1.033,0.273,0.82,0.17,1.65,1.45,0.203,1.747,0,0.923,0,0.187,0,0.02,0,2.66,0,0,0,0,0,,,,,,,,,,,,,1.18,county-alert,1,1,overhaul-warning,1,4,last-night,0.18,8.185,300,6,6,49,4,31,300,385,203,256,97,129,0,0,798,246,0,0,0,0,0,0,0,0.02,8.1667,7.75,1.2833,1.2611,1.3299,,0.3083,,,
stored-night,5,smoke-screen+hollow-ground,w+h+l0,planner,300,199,0.6633,8.273,0.8783,64.802,0,0.987,2.16,49.88,2.557,1.56,1.02,0.257,0.687,0.293,1.823,1.647,0.187,1.677,0,0.833,0,0.153,0,0.017,0,2.697,0,0,0,0,0,,,,,,,,,,,,,1.14,county-alert,1,1,overhaul-warning,1,4,last-night,0.14,8.048,300,5,5,39,5,39,300,957,199,222,101,735,0,0,809,206,0,0,0,0,0,0,0,0.0167,7.8,7.8,3.19,1.1156,7.2772,,0.2546,,,
stored-night,5,smoke-screen+hollow-ground,w+h+l0,forecast-aware,300,97,0.3233,8.767,0.9198,42.473,0,1.16,2.5,62.587,2.043,1.28,2.447,0,0.99,0.9,1.623,1.307,0.387,2.233,0,0.82,0.047,0.293,0,0.02,0,3.213,0,0,0,0,0,,,,,,,,,,,,,1.283,county-alert,1,1,overhaul-warning,1,4,last-night,0.2833,8.824,300,6,6,54,0,0,300,494,97,124,203,370,0,0,964,297,0,0,0,0,0,0,0,0.02,9,,1.6467,1.2784,1.8227,,0.3081,,,
stored-night,5,smoke-screen+hollow-ground,w+h+l0,planner-one-mistake,300,99,0.33,8.83,0.9428,63.478,0,0.653,2.593,62.86,2.993,12.297,0.967,0.307,0.927,0.007,1.943,1.743,0.207,1.407,0,0.503,0,0.15,0,0.003,0,3.37,0,0,0,0,0,199,300,199,65,0,89,211,0.3266,1,12.0125,2,0,1.103,county-alert,1,1,overhaul-warning,1,4,last-night,0.1033,9,300,1,1,9,1,9,300,1623,99,106,201,1517,0,0,1011,278,0,0,0,0,0,0,0,0.0033,9,9,5.41,1.0707,7.5473,,0.275,,,
stored-night,5,smoke-screen+hollow-ground,w+h+l+,random,300,0,0,9,,84.093,0,0.043,3.737,67.8,2.85,19.143,0.437,1.283,0.263,0.15,0.913,0.693,0.313,1.09,0,0.023,0,0.02,0,0.027,0,3.98,0,0,0,0,0,,,,,,,,,,,,,1.02,county-alert,1,1,overhaul-warning,1,4,last-night,0.02,9,300,8,8,69,0,0,300,1955,0,0,300,1955,0,0,1194,79,0,0,0,0,0,0,0,0.0267,8.625,,6.5167,,6.5167,,0.0662,,,
stored-night,5,smoke-screen+hollow-ground,w+h+l+,single-water,300,0,0,9,,86.453,0,0,4,82.593,3,15.2,0,0,0,0,2,1.923,0.077,0,0,0,0,0,0,0,0,4,0,0,0,0,0,,,,,,,,,,,,,1,county-alert,1,1,overhaul-warning,1,4,last-night,0,,300,0,0,0,0,0,300,2126,0,0,300,2126,0,0,1200,0,0,0,0,0,0,0,0,0,,,7.0867,,7.0867,,0,,,
stored-night,5,smoke-screen+hollow-ground,w+h+l+,legacy-cycle,300,0,0,9,,76.667,0,0,4,84.84,3,33.863,0,0,0,0,0.583,0.153,0.43,2.257,0,0,0,0,0,0.953,0,4,0,0,0,0,0,,,,,,,,,,,,,1,county-alert,1,1,overhaul-warning,1,4,last-night,0,,300,286,286,2211,0,0,300,1649,0,0,300,1649,0,0,1200,0,0,0,0,0,0,0,0,0.9533,7.7308,,5.4967,,5.4967,,0,,,
stored-night,5,smoke-screen+hollow-ground,w+h+l+,greedy,300,203,0.6767,8.307,0.8862,44.567,0,1.11,2.02,47.273,2.697,1.1,1.033,0.273,0.82,0.17,1.65,1.45,0.203,1.747,0,0.923,0,0.187,0,0.02,0,2.66,0,0,0,0,0,,,,,,,,,,,,,1.18,county-alert,1,1,overhaul-warning,1,4,last-night,0.18,8.185,300,6,6,49,4,31,300,387,203,258,97,129,0,0,798,246,0,0,0,0,0,0,0,0.02,8.1667,7.75,1.29,1.2709,1.3299,,0.3083,,,
stored-night,5,smoke-screen+hollow-ground,w+h+l+,planner,300,199,0.6633,8.27,0.8777,64.941,0,0.987,2.16,49.88,2.557,1.56,1.02,0.257,0.687,0.293,1.823,1.643,0.19,1.677,0,0.833,0,0.153,0,0.017,0,2.697,0,0,0,0,0,,,,,,,,,,,,,1.14,county-alert,1,1,overhaul-warning,1,4,last-night,0.14,8.048,300,5,5,39,5,39,300,953,199,218,101,735,0,0,809,206,0,0,0,0,0,0,0,0.0167,7.8,7.8,3.1767,1.0955,7.2772,,0.2546,,,
stored-night,5,smoke-screen+hollow-ground,w+h+l+,forecast-aware,300,96,0.32,8.767,0.919,42.618,0,1.17,2.507,62.867,2.043,1.353,2.447,0,0.987,0.9,1.623,1.307,0.393,2.237,0,0.823,0.047,0.3,0,0.02,0,3.21,0,0,0,0,0,,,,,,,,,,,,,1.297,county-alert,1,1,overhaul-warning,1,4,last-night,0.2967,8.831,300,6,6,54,0,0,300,494,96,124,204,370,0,0,963,296,0,0,0,0,0,0,0,0.02,9,,1.6467,1.2917,1.8137,,0.3074,,,
stored-night,5,smoke-screen+hollow-ground,w+h+l+,planner-one-mistake,300,100,0.3333,8.83,0.9433,63.385,0,0.653,2.59,62.7,2.993,12.297,0.967,0.307,0.927,0.007,1.943,1.743,0.207,1.407,0,0.507,0,0.147,0,0.003,0,3.37,0,0,0,0,0,199,300,199,65,0,89,211,0.3266,1,12.0125,2,0,1.103,county-alert,1,1,overhaul-warning,1,4,last-night,0.1033,9,300,1,1,9,1,9,300,1618,100,107,200,1511,0,0,1011,278,0,0,0,0,0,0,0,0.0033,9,9,5.3933,1.07,7.555,,0.275,,,
stored-night,5,smoke-screen+sluice-jam,w-h-l-,random,300,0,0,9,,84.37,0,0.017,3.697,61.437,2.79,17.93,0.577,1.583,0.307,0.207,0.853,0.647,0.317,0.993,0,0.01,0,0.007,0,0.003,0,3.997,0,0,0,0,0,,,,,,,,,,,,,1.003,county-alert,1,1,overhaul-warning,1,4,last-night,0.0033,7,300,1,1,9,0,0,300,1946,0,0,300,1946,0,0,1199,92,0,0,0,0,0,0,0,0.0033,9,,6.4867,,6.4867,,0.0767,,,
stored-night,5,smoke-screen+sluice-jam,w-h-l-,single-water,300,0,0,9,,86.69,0,0,4,74.087,3,12.463,0,0,0,0,1.997,1.697,0.3,0,0,0,0,0,0,0,0,4,0,0,0,0,0,,,,,,,,,,,,,1,county-alert,1,1,overhaul-warning,1,4,last-night,0,,300,0,0,0,0,0,300,2193,0,0,300,2193,0,0,1200,0,0,0,0,0,0,0,0,0,,,7.31,,7.31,,0,,,
stored-night,5,smoke-screen+sluice-jam,w-h-l-,legacy-cycle,300,0,0,9,,79.797,0,0,4,87.283,3,33.687,0,0,0,0,0.843,0.31,0.533,2.407,0,0,0,0,0,0.967,0,4,0,0,0,0,0,,,,,,,,,,,,,1,county-alert,1,1,overhaul-warning,1,4,last-night,0,,300,290,290,2140,0,0,300,1756,0,0,300,1756,0,0,1200,0,0,0,0,0,0,0,0,0.9667,7.3793,,5.8533,,5.8533,,0,,,
stored-night,5,smoke-screen+sluice-jam,w-h-l-,greedy,300,183,0.61,8.33,0.878,42.222,0,1.183,2.007,48.107,2.817,0.793,1.08,0.247,0.917,0.067,1.753,1.52,0.227,1.677,0,0.947,0,0.237,0,0.037,0,2.69,0,0,0,0,0,,,,,,,,,,,,,1.217,county-alert,1,1,overhaul-warning,1,4,last-night,0.2167,8.569,300,11,11,86,8,61,300,407,183,214,117,193,0,0,807,275,0,0,0,0,0,0,0,0.0367,7.8182,7.625,1.3567,1.1694,1.6496,,0.3408,,,
stored-night,5,smoke-screen+sluice-jam,w-h-l-,planner,300,215,0.7167,8.203,0.8765,60.929,0,1.06,2.02,45.72,2.723,0.573,1.003,0.173,0.7,0.14,1.807,1.657,0.157,1.89,0,0.89,0.01,0.16,0,0.03,0,2.577,0,0,0,0,0,,,,,,,,,,,,,1.167,county-alert,1,1,overhaul-warning,1,4,last-night,0.1667,8.28,300,9,9,74,8,67,300,876,215,241,85,635,0,0,773,210,0,0,0,0,0,0,0,0.03,8.2222,8.375,2.92,1.1209,7.4706,,0.2717,,,
stored-night,5,smoke-screen+sluice-jam,w-h-l-,forecast-aware,300,49,0.1633,8.903,0.9342,42.47,0,1.293,2.597,66.667,2.04,1.067,3.067,0,1.133,0.917,1.687,1.407,0.36,2.757,0,0.847,0.07,0.377,0,0.02,0,3.367,0,0,0,0,0,,,,,,,,,,,,,1.35,county-alert,1,1,overhaul-warning,1,4,last-night,0.35,8.819,300,6,6,54,3,27,300,566,49,59,251,507,0,0,1010,340,0,0,0,0,0,0,0,0.02,9,9,1.8867,1.2041,2.0199,,0.3366,,,
stored-night,5,smoke-screen+sluice-jam,w-h-l-,planner-one-mistake,300,84,0.28,8.867,0.9471,60.718,0,0.743,2.51,60.947,3,12.9,1.19,0.283,1.093,0,2.02,1.767,0.267,1.36,0,0.547,0,0.197,0,0.013,0,3.407,0,0,0,0,0,215,300,215,65,0,48,252,0.3023,1,13.0075,3,0,1.13,county-alert,1,1,overhaul-warning,1,4,last-night,0.13,9,300,4,4,30,1,8,300,1699,84,84,216,1615,0,0,1022,328,0,0,0,0,0,0,0,0.0133,7.5,8,5.6633,1,7.4769,,0.3209,,,
stored-night,5,smoke-screen+sluice-jam,w-h-l0,random,300,0,0,9,,84.237,0,0.017,3.697,61.59,2.79,17.973,0.577,1.583,0.307,0.207,0.853,0.647,0.317,0.993,0,0.01,0,0.007,0,0.003,0,3.997,0,0,0,0,0,,,,,,,,,,,,,1.003,county-alert,1,1,overhaul-warning,1,4,last-night,0.0033,7,300,1,1,9,0,0,300,1946,0,0,300,1946,0,0,1199,92,0,0,0,0,0,0,0,0.0033,9,,6.4867,,6.4867,,0.0767,,,
stored-night,5,smoke-screen+sluice-jam,w-h-l0,single-water,300,0,0,9,,86.69,0,0,4,74.087,3,12.463,0,0,0,0,1.997,1.697,0.3,0,0,0,0,0,0,0,0,4,0,0,0,0,0,,,,,,,,,,,,,1,county-alert,1,1,overhaul-warning,1,4,last-night,0,,300,0,0,0,0,0,300,2193,0,0,300,2193,0,0,1200,0,0,0,0,0,0,0,0,0,,,7.31,,7.31,,0,,,
stored-night,5,smoke-screen+sluice-jam,w-h-l0,legacy-cycle,300,0,0,9,,79.653,0,0,4,87.303,3,33.69,0,0,0,0,0.843,0.31,0.533,2.407,0,0,0,0,0,0.967,0,4,0,0,0,0,0,,,,,,,,,,,,,1,county-alert,1,1,overhaul-warning,1,4,last-night,0,,300,290,290,2140,0,0,300,1756,0,0,300,1756,0,0,1200,0,0,0,0,0,0,0,0,0.9667,7.3793,,5.8533,,5.8533,,0,,,
stored-night,5,smoke-screen+sluice-jam,w-h-l0,greedy,300,192,0.64,8.297,0.8779,41.537,0,1.177,1.953,46.3,2.837,0.87,1.05,0.267,0.883,0.067,1.743,1.497,0.24,1.557,0,0.957,0,0.22,0,0.043,0,2.623,0,0,0,0,0,,,,,,,,,,,,,1.2,county-alert,1,1,overhaul-warning,1,4,last-night,0.2,8.7,300,13,13,105,9,71,300,398,192,221,108,177,0,0,787,265,0,0,0,0,0,0,0,0.0433,8.0769,7.8889,1.3267,1.151,1.6389,,0.3367,,,
stored-night,5,smoke-screen+sluice-jam,w-h-l0,planner,300,215,0.7167,8.197,0.8755,60.259,0,1.043,2.023,45.613,2.72,0.493,0.983,0.163,0.7,0.14,1.827,1.667,0.167,1.71,0,0.883,0.01,0.15,0,0.02,0,2.59,0,0,0,0,0,,,,,,,,,,,,,1.157,county-alert,1,1,overhaul-warning,1,4,last-night,0.1567,8.234,300,6,6,50,5,43,300,889,215,257,85,632,0,0,777,210,0,0,0,0,0,0,0,0.02,8.3333,8.6,2.9633,1.1953,7.4353,,0.2703,,,
stored-night,5,smoke-screen+sluice-jam,w-h-l0,forecast-aware,300,54,0.18,8.897,0.9362,42.427,0,1.317,2.58,66.293,2.037,1.1,3.06,0,1.127,0.917,1.687,1.403,0.357,2.753,0,0.86,0.073,0.383,0,0.02,0,3.347,0,0,0,0,0,,,,,,,,,,,,,1.363,county-alert,1,1,overhaul-warning,1,4,last-night,0.3633,8.826,300,6,6,54,3,27,300,568,54,63,246,505,0,0,1004,338,0,0,0,0,0,0,0,0.02,9,9,1.8933,1.1667,2.0528,,0.3367,,,
stored-night,5,smoke-screen+sluice-jam,w-h-l0,planner-one-mistake,300,84,0.28,8.85,0.9405,60.505,0,0.767,2.503,60.907,3,13.08,1.197,0.277,1.09,0,1.997,1.747,0.257,1.37,0,0.56,0,0.207,0,0.013,0,3.387,0,0,0,0,0,215,300,215,65,0,48,252,0.3023,1,13.1742,3,0,1.137,county-alert,1,1,overhaul-warning,1,4,last-night,0.1367,9,300,4,4,29,0,0,300,1706,84,87,216,1619,0,0,1016,327,0,0,0,0,0,0,0,0.0133,7.25,,5.6867,1.0357,7.4954,,0.3219,,,
stored-night,5,smoke-screen+sluice-jam,w-h-l+,random,300,0,0,9,,84.22,0,0.017,3.697,61.593,2.79,17.987,0.577,1.583,0.307,0.207,0.853,0.647,0.317,0.993,0,0.01,0,0.007,0,0.003,0,3.997,0,0,0,0,0,,,,,,,,,,,,,1.003,county-alert,1,1,overhaul-warning,1,4,last-night,0.0033,7,300,1,1,9,0,0,300,1946,0,0,300,1946,0,0,1199,92,0,0,0,0,0,0,0,0.0033,9,,6.4867,,6.4867,,0.0767,,,
stored-night,5,smoke-screen+sluice-jam,w-h-l+,single-water,300,0,0,9,,86.69,0,0,4,74.087,3,12.463,0,0,0,0,1.997,1.697,0.3,0,0,0,0,0,0,0,0,4,0,0,0,0,0,,,,,,,,,,,,,1,county-alert,1,1,overhaul-warning,1,4,last-night,0,,300,0,0,0,0,0,300,2193,0,0,300,2193,0,0,1200,0,0,0,0,0,0,0,0,0,,,7.31,,7.31,,0,,,
stored-night,5,smoke-screen+sluice-jam,w-h-l+,legacy-cycle,300,0,0,9,,79.653,0,0,4,87.303,3,33.69,0,0,0,0,0.843,0.31,0.533,2.407,0,0,0,0,0,0.967,0,4,0,0,0,0,0,,,,,,,,,,,,,1,county-alert,1,1,overhaul-warning,1,4,last-night,0,,300,290,290,2140,0,0,300,1756,0,0,300,1756,0,0,1200,0,0,0,0,0,0,0,0,0.9667,7.3793,,5.8533,,5.8533,,0,,,
stored-night,5,smoke-screen+sluice-jam,w-h-l+,greedy,300,193,0.6433,8.283,0.8762,41.439,0,1.173,1.947,46.06,2.837,0.87,1.047,0.263,0.88,0.067,1.74,1.493,0.24,1.553,0,0.957,0,0.217,0,0.043,0,2.617,0,0,0,0,0,,,,,,,,,,,,,1.197,county-alert,1,1,overhaul-warning,1,4,last-night,0.1967,8.712,300,13,13,105,9,71,300,399,193,223,107,176,0,0,785,264,0,0,0,0,0,0,0,0.0433,8.0769,7.8889,1.33,1.1554,1.6449,,0.3363,,,
stored-night,5,smoke-screen+sluice-jam,w-h-l+,planner,300,214,0.7133,8.2,0.8754,60.523,0,1.047,2.03,45.893,2.717,0.493,0.983,0.163,0.7,0.14,1.827,1.667,0.167,1.713,0,0.883,0.01,0.153,0,0.02,0,2.593,0,0,0,0,0,,,,,,,,,,,,,1.16,county-alert,1,1,overhaul-warning,1,4,last-night,0.16,8.208,300,6,6,50,5,43,300,898,214,257,86,641,0,0,778,210,0,0,0,0,0,0,0,0.02,8.3333,8.6,2.9933,1.2009,7.4535,,0.2699,,,
stored-night,5,smoke-screen+sluice-jam,w-h-l+,forecast-aware,300,54,0.18,8.897,0.9362,42.354,0,1.317,2.58,66.293,2.037,1.1,3.06,0,1.127,0.917,1.687,1.403,0.357,2.753,0,0.86,0.073,0.383,0,0.02,0,3.347,0,0,0,0,0,,,,,,,,,,,,,1.363,county-alert,1,1,overhaul-warning,1,4,last-night,0.3633,8.826,300,6,6,54,3,27,300,568,54,63,246,505,0,0,1004,338,0,0,0,0,0,0,0,0.02,9,9,1.8933,1.1667,2.0528,,0.3367,,,
stored-night,5,smoke-screen+sluice-jam,w-h-l+,planner-one-mistake,300,84,0.28,8.85,0.9405,60.486,0,0.777,2.503,60.96,3,13.08,1.197,0.277,1.09,0,1.997,1.747,0.257,1.37,0,0.567,0,0.21,0,0.013,0,3.383,0,0,0,0,0,214,300,214,65,0,48,252,0.3037,1,13.1742,3,0,1.137,county-alert,1,1,overhaul-warning,1,4,last-night,0.1367,9,300,4,4,29,0,0,300,1706,84,87,216,1619,0,0,1015,327,0,0,0,0,0,0,0,0.0133,7.25,,5.6867,1.0357,7.4954,,0.3222,,,
stored-night,5,smoke-screen+sluice-jam,w-h0l-,random,300,0,0,9,,84.25,0,0.017,3.697,61.713,2.79,17.997,0.577,1.583,0.307,0.207,0.853,0.647,0.317,0.993,0,0.01,0,0.007,0,0.003,0,3.997,0,0,0,0,0,,,,,,,,,,,,,1.003,county-alert,1,1,overhaul-warning,1,4,last-night,0.0033,7,300,1,1,9,0,0,300,1946,0,0,300,1946,0,0,1199,92,0,0,0,0,0,0,0,0.0033,9,,6.4867,,6.4867,,0.0767,,,
stored-night,5,smoke-screen+sluice-jam,w-h0l-,single-water,300,0,0,9,,86.69,0,0,4,74.087,3,12.463,0,0,0,0,1.997,1.697,0.3,0,0,0,0,0,0,0,0,4,0,0,0,0,0,,,,,,,,,,,,,1,county-alert,1,1,overhaul-warning,1,4,last-night,0,,300,0,0,0,0,0,300,2193,0,0,300,2193,0,0,1200,0,0,0,0,0,0,0,0,0,,,7.31,,7.31,,0,,,
stored-night,5,smoke-screen+sluice-jam,w-h0l-,legacy-cycle,300,0,0,9,,79.357,0,0,4,87.417,3,33.687,0,0,0,0,0.843,0.31,0.533,2.407,0,0,0,0,0,0.967,0,4,0,0,0,0,0,,,,,,,,,,,,,1,county-alert,1,1,overhaul-warning,1,4,last-night,0,,300,290,290,2140,0,0,300,1756,0,0,300,1756,0,0,1200,0,0,0,0,0,0,0,0,0.9667,7.3793,,5.8533,,5.8533,,0,,,
stored-night,5,smoke-screen+sluice-jam,w-h0l-,greedy,300,190,0.6333,8.31,0.8789,42.009,0,1.167,1.987,47.213,2.813,0.877,1.063,0.277,0.9,0.067,1.757,1.517,0.233,1.64,0,0.95,0,0.217,0,0.04,0,2.677,0,0,0,0,0,,,,,,,,,,,,,1.207,county-alert,1,1,overhaul-warning,1,4,last-night,0.2067,8.532,300,12,12,94,10,77,300,393,190,219,110,174,0,0,803,270,0,0,0,0,0,0,0,0.04,7.8333,7.7,1.31,1.1526,1.5818,,0.3362,,,
stored-night,5,smoke-screen+sluice-jam,w-h0l-,planner,300,221,0.7367,8.18,0.8763,62.089,0,1.067,1.997,45.093,2.72,0.573,0.99,0.167,0.697,0.14,1.803,1.64,0.167,1.883,0,0.903,0.007,0.157,0,0.027,0,2.55,0,0,0,0,0,,,,,,,,,,,,,1.16,county-alert,1,1,overhaul-warning,1,4,last-night,0.16,8.208,300,8,8,65,7,58,300,849,221,261,79,588,0,0,765,209,0,0,0,0,0,0,0,0.0267,8.125,8.2857,2.83,1.181,7.443,,0.2732,,,
stored-night,5,smoke-screen+sluice-jam,w-h0l-,forecast-aware,300,56,0.1867,8.89,0.9345,42.533,0,1.29,2.58,66.107,2.04,1.037,3.047,0,1.117,0.917,1.683,1.4,0.36,2.75,0,0.853,0.067,0.37,0,0.02,0,3.343,0,0,0,0,0,,,,,,,,,,,,,1.34,county-alert,1,1,overhaul-warning,1,4,last-night,0.34,8.814,300,6,6,54,3,27,300,568,56,74,244,494,0,0,1003,335,0,0,0,0,0,0,0,0.02,9,9,1.8933,1.3214,2.0246,,0.334,,,
stored-night,5,smoke-screen+sluice-jam,w-h0l-,planner-one-mistake,300,84,0.28,8.867,0.9471,60.37,0,0.753,2.51,61,3,12.847,1.19,0.293,1.093,0,2.013,1.767,0.26,1.347,0,0.553,0,0.2,0,0.013,0,3.403,0,0,0,0,0,221,300,221,65,0,48,252,0.2941,1,13.0742,3,0,1.13,county-alert,1,1,overhaul-warning,1,4,last-night,0.13,9,300,4,4,30,1,8,300,1699,84,83,216,1616,0,0,1021,328,0,0,0,0,0,0,0,0.0133,7.5,8,5.6633,0.9881,7.4815,,0.3213,,,
stored-night,5,smoke-screen+sluice-jam,w-h0l0,random,300,0,0,9,,84.117,0,0.017,3.697,61.867,2.79,18.04,0.577,1.583,0.307,0.207,0.853,0.647,0.317,0.993,0,0.01,0,0.007,0,0.003,0,3.997,0,0,0,0,0,,,,,,,,,,,,,1.003,county-alert,1,1,overhaul-warning,1,4,last-night,0.0033,7,300,1,1,9,0,0,300,1946,0,0,300,1946,0,0,1199,92,0,0,0,0,0,0,0,0.0033,9,,6.4867,,6.4867,,0.0767,,,
stored-night,5,smoke-screen+sluice-jam,w-h0l0,single-water,300,0,0,9,,86.69,0,0,4,74.087,3,12.463,0,0,0,0,1.997,1.697,0.3,0,0,0,0,0,0,0,0,4,0,0,0,0,0,,,,,,,,,,,,,1,county-alert,1,1,overhaul-warning,1,4,last-night,0,,300,0,0,0,0,0,300,2193,0,0,300,2193,0,0,1200,0,0,0,0,0,0,0,0,0,,,7.31,,7.31,,0,,,
stored-night,5,smoke-screen+sluice-jam,w-h0l0,legacy-cycle,300,0,0,9,,79.357,0,0,4,87.427,3,33.69,0,0,0,0,0.843,0.31,0.533,2.407,0,0,0,0,0,0.967,0,4,0,0,0,0,0,,,,,,,,,,,,,1,county-alert,1,1,overhaul-warning,1,4,last-night,0,,300,290,290,2140,0,0,300,1756,0,0,300,1756,0,0,1200,0,0,0,0,0,0,0,0,0.9667,7.3793,,5.8533,,5.8533,,0,,,
stored-night,5,smoke-screen+sluice-jam,w-h0l0,greedy,300,197,0.6567,8.28,0.8782,41.883,0,1.18,1.947,46.02,2.827,0.95,1.047,0.27,0.873,0.067,1.747,1.497,0.243,1.52,0,0.963,0,0.217,0,0.047,0,2.613,0,0,0,0,0,,,,,,,,,,,,,1.2,county-alert,1,1,overhaul-warning,1,4,last-night,0.2,8.65,300,14,14,113,11,87,300,383,197,218,103,165,0,0,784,262,0,0,0,0,0,0,0,0.0467,8.0714,7.9091,1.2767,1.1066,1.6019,,0.3342,,,
stored-night,5,smoke-screen+sluice-jam,w-h0l0,planner,300,220,0.7333,8.183,0.8763,61.488,0,1.053,2.007,45.227,2.717,0.573,0.973,0.16,0.697,0.14,1.823,1.65,0.177,1.703,0,0.897,0.007,0.15,0,0.023,0,2.567,0,0,0,0,0,,,,,,,,,,,,,1.153,county-alert,1,1,overhaul-warning,1,4,last-night,0.1533,8.174,300,7,7,57,6,50,300,860,220,269,80,591,0,0,770,209,0,0,0,0,0,0,0,0.0233,8.1429,8.3333,2.8667,1.2227,7.3875,,0.2714,,,
stored-night,5,smoke-screen+sluice-jam,w-h0l0,forecast-aware,300,64,0.2133,8.86,0.9271,42.5,0,1.307,2.53,64.773,2.037,1.07,3.05,0,1.113,0.917,1.667,1.387,0.35,2.743,0,0.867,0.07,0.37,0,0.02,0,3.3,0,0,0,0,0,,,,,,,,,,,,,1.343,county-alert,1,1,overhaul-warning,1,4,last-night,0.3433,8.854,300,6,6,54,3,27,300,572,64,80,236,492,0,0,990,334,0,0,0,0,0,0,0,0.02,9,9,1.9067,1.25,2.0847,,0.3374,,,
stored-night,5,smoke-screen+sluice-jam,w-h0l0,planner-one-mistake,300,90,0.3,8.85,0.9444,59.981,0,0.753,2.48,59.92,3,13.023,1.197,0.283,1.09,0,1.997,1.747,0.257,1.363,0,0.563,0,0.19,0,0.013,0,3.38,0,0,0,0,0,220,300,220,69,0,48,252,0.3136,1,13.2408,3,0,1.133,county-alert,1,1,overhaul-warning,1,4,last-night,0.1333,9,300,4,4,29,0,0,300,1673,90,99,210,1574,0,0,1014,327,0,0,0,0,0,0,0,0.0133,7.25,,5.5767,1.1,7.4952,,0.3225,,,
stored-night,5,smoke-screen+sluice-jam,w-h0l+,random,300,0,0,9,,84.1,0,0.017,3.697,61.87,2.79,18.053,0.577,1.583,0.307,0.207,0.853,0.647,0.317,0.993,0,0.01,0,0.007,0,0.003,0,3.997,0,0,0,0,0,,,,,,,,,,,,,1.003,county-alert,1,1,overhaul-warning,1,4,last-night,0.0033,7,300,1,1,9,0,0,300,1946,0,0,300,1946,0,0,1199,92,0,0,0,0,0,0,0,0.0033,9,,6.4867,,6.4867,,0.0767,,,
stored-night,5,smoke-screen+sluice-jam,w-h0l+,single-water,300,0,0,9,,86.69,0,0,4,74.087,3,12.463,0,0,0,0,1.997,1.697,0.3,0,0,0,0,0,0,0,0,4,0,0,0,0,0,,,,,,,,,,,,,1,county-alert,1,1,overhaul-warning,1,4,last-night,0,,300,0,0,0,0,0,300,2193,0,0,300,2193,0,0,1200,0,0,0,0,0,0,0,0,0,,,7.31,,7.31,,0,,,
stored-night,5,smoke-screen+sluice-jam,w-h0l+,legacy-cycle,300,0,0,9,,79.357,0,0,4,87.427,3,33.69,0,0,0,0,0.843,0.31,0.533,2.407,0,0,0,0,0,0.967,0,4,0,0,0,0,0,,,,,,,,,,,,,1,county-alert,1,1,overhaul-warning,1,4,last-night,0,,300,290,290,2140,0,0,300,1756,0,0,300,1756,0,0,1200,0,0,0,0,0,0,0,0,0.9667,7.3793,,5.8533,,5.8533,,0,,,
stored-night,5,smoke-screen+sluice-jam,w-h0l+,greedy,300,197,0.6567,8.277,0.8776,41.864,0,1.18,1.947,46.02,2.827,0.95,1.047,0.267,0.873,0.067,1.747,1.493,0.247,1.52,0,0.963,0,0.217,0,0.047,0,2.613,0,0,0,0,0,,,,,,,,,,,,,1.2,county-alert,1,1,overhaul-warning,1,4,last-night,0.2,8.65,300,14,14,113,11,87,300,386,197,221,103,165,0,0,784,262,0,0,0,0,0,0,0,0.0467,8.0714,7.9091,1.2867,1.1218,1.6019,,0.3342,,,
stored-night,5,smoke-screen+sluice-jam,w-h0l+,planner,300,220,0.7333,8.183,0.8763,61.45,0,1.053,2.007,45.227,2.717,0.573,0.97,0.16,0.693,0.14,1.823,1.65,0.177,1.703,0,0.897,0.007,0.15,0,0.023,0,2.563,0,0,0,0,0,,,,,,,,,,,,,1.153,county-alert,1,1,overhaul-warning,1,4,last-night,0.1533,8.174,300,7,7,57,6,50,300,861,220,270,80,591,0,0,769,208,0,0,0,0,0,0,0,0.0233,8.1429,8.3333,2.87,1.2273,7.3875,,0.2705,,,
stored-night,5,smoke-screen+sluice-jam,w-h0l+,forecast-aware,300,65,0.2167,8.857,0.9265,42.366,0,1.303,2.523,64.533,2.037,1.07,3.05,0,1.113,0.917,1.667,1.387,0.35,2.743,0,0.867,0.07,0.367,0,0.02,0,3.297,0,0,0,0,0,,,,,,,,,,,,,1.34,county-alert,1,1,overhaul-warning,1,4,last-night,0.34,8.853,300,6,6,54,3,27,300,571,65,81,235,490,0,0,989,334,0,0,0,0,0,0,0,0.02,9,9,1.9033,1.2462,2.0851,,0.3377,,,
stored-night,5,smoke-screen+sluice-jam,w-h0l+,planner-one-mistake,300,91,0.3033,8.85,0.9451,59.981,0,0.76,2.477,59.813,3,13.103,1.197,0.283,1.09,0,2,1.747,0.26,1.367,0,0.57,0,0.19,0,0.013,0,3.377,0,0,0,0,0,220,300,220,70,0,48,252,0.3182,1,13.2408,3,0,1.133,county-alert,1,1,overhaul-warning,1,4,last-night,0.1333,9,300,4,4,29,0,0,300,1665,91,101,209,1564,0,0,1013,327,0,0,0,0,0,0,0,0.0133,7.25,,5.55,1.1099,7.4833,,0.3228,,,
stored-night,5,smoke-screen+sluice-jam,w-h+l-,random,300,0,0,9,,84.243,0,0.017,3.697,61.723,2.79,17.997,0.577,1.583,0.307,0.207,0.853,0.647,0.317,0.993,0,0.01,0,0.007,0,0.003,0,3.997,0,0,0,0,0,,,,,,,,,,,,,1.003,county-alert,1,1,overhaul-warning,1,4,last-night,0.0033,7,300,1,1,9,0,0,300,1946,0,0,300,1946,0,0,1199,92,0,0,0,0,0,0,0,0.0033,9,,6.4867,,6.4867,,0.0767,,,
stored-night,5,smoke-screen+sluice-jam,w-h+l-,single-water,300,0,0,9,,86.69,0,0,4,74.087,3,12.463,0,0,0,0,1.997,1.697,0.3,0,0,0,0,0,0,0,0,4,0,0,0,0,0,,,,,,,,,,,,,1,county-alert,1,1,overhaul-warning,1,4,last-night,0,,300,0,0,0,0,0,300,2193,0,0,300,2193,0,0,1200,0,0,0,0,0,0,0,0,0,,,7.31,,7.31,,0,,,
stored-night,5,smoke-screen+sluice-jam,w-h+l-,legacy-cycle,300,0,0,9,,79.357,0,0,4,87.417,3,33.687,0,0,0,0,0.843,0.31,0.533,2.407,0,0,0,0,0,0.967,0,4,0,0,0,0,0,,,,,,,,,,,,,1,county-alert,1,1,overhaul-warning,1,4,last-night,0,,300,290,290,2140,0,0,300,1756,0,0,300,1756,0,0,1200,0,0,0,0,0,0,0,0,0.9667,7.3793,,5.8533,,5.8533,,0,,,
stored-night,5,smoke-screen+sluice-jam,w-h+l-,greedy,300,190,0.6333,8.31,0.8789,42,0,1.167,1.987,47.213,2.813,0.877,1.063,0.277,0.9,0.067,1.757,1.517,0.233,1.64,0,0.95,0,0.217,0,0.04,0,2.677,0,0,0,0,0,,,,,,,,,,,,,1.207,county-alert,1,1,overhaul-warning,1,4,last-night,0.2067,8.532,300,12,12,94,10,77,300,393,190,219,110,174,0,0,803,270,0,0,0,0,0,0,0,0.04,7.8333,7.7,1.31,1.1526,1.5818,,0.3362,,,
stored-night,5,smoke-screen+sluice-jam,w-h+l-,planner,300,221,0.7367,8.18,0.8763,62.089,0,1.067,1.997,45.093,2.72,0.573,0.99,0.167,0.697,0.14,1.803,1.64,0.167,1.883,0,0.903,0.007,0.157,0,0.027,0,2.55,0,0,0,0,0,,,,,,,,,,,,,1.16,county-alert,1,1,overhaul-warning,1,4,last-night,0.16,8.208,300,8,8,65,7,58,300,849,221,261,79,588,0,0,765,209,0,0,0,0,0,0,0,0.0267,8.125,8.2857,2.83,1.181,7.443,,0.2732,,,
stored-night,5,smoke-screen+sluice-jam,w-h+l-,forecast-aware,300,57,0.19,8.883,0.9318,42.42,0,1.29,2.577,65.867,2.04,1.03,3.037,0,1.107,0.917,1.68,1.393,0.36,2.753,0,0.857,0.07,0.363,0,0.02,0,3.337,0,0,0,0,0,,,,,,,,,,,,,1.34,county-alert,1,1,overhaul-warning,1,4,last-night,0.34,8.814,300,6,6,54,3,27,300,577,57,77,243,500,0,0,1001,332,0,0,0,0,0,0,0,0.02,9,9,1.9233,1.3509,2.0576,,0.3317,,,
stored-night,5,smoke-screen+sluice-jam,w-h+l-,planner-one-mistake,300,85,0.2833,8.867,0.9477,60.307,0,0.75,2.507,60.84,3,12.847,1.19,0.293,1.093,0,2.017,1.767,0.263,1.347,0,0.553,0,0.197,0,0.013,0,3.403,0,0,0,0,0,221,300,221,66,0,48,252,0.2986,1,13.0742,3,0,1.13,county-alert,1,1,overhaul-warning,1,4,last-night,0.13,9,300,4,4,30,1,8,300,1691,85,83,215,1608,0,0,1021,328,0,0,0,0,0,0,0,0.0133,7.5,8,5.6367,0.9765,7.4791,,0.3213,,,
stored-night,5,smoke-screen+sluice-jam,w-h+l0,random,300,0,0,9,,84.11,0,0.017,3.697,61.877,2.79,18.04,0.577,1.583,0.307,0.207,0.853,0.647,0.317,0.993,0,0.01,0,0.007,0,0.003,0,3.997,0,0,0,0,0,,,,,,,,,,,,,1.003,county-alert,1,1,overhaul-warning,1,4,last-night,0.0033,7,300,1,1,9,0,0,300,1946,0,0,300,1946,0,0,1199,92,0,0,0,0,0,0,0,0.0033,9,,6.4867,,6.4867,,0.0767,,,
stored-night,5,smoke-screen+sluice-jam,w-h+l0,single-water,300,0,0,9,,86.69,0,0,4,74.087,3,12.463,0,0,0,0,1.997,1.697,0.3,0,0,0,0,0,0,0,0,4,0,0,0,0,0,,,,,,,,,,,,,1,county-alert,1,1,overhaul-warning,1,4,last-night,0,,300,0,0,0,0,0,300,2193,0,0,300,2193,0,0,1200,0,0,0,0,0,0,0,0,0,,,7.31,,7.31,,0,,,
stored-night,5,smoke-screen+sluice-jam,w-h+l0,legacy-cycle,300,0,0,9,,79.357,0,0,4,87.427,3,33.69,0,0,0,0,0.843,0.31,0.533,2.407,0,0,0,0,0,0.967,0,4,0,0,0,0,0,,,,,,,,,,,,,1,county-alert,1,1,overhaul-warning,1,4,last-night,0,,300,290,290,2140,0,0,300,1756,0,0,300,1756,0,0,1200,0,0,0,0,0,0,0,0,0.9667,7.3793,,5.8533,,5.8533,,0,,,
stored-night,5,smoke-screen+sluice-jam,w-h+l0,greedy,300,197,0.6567,8.28,0.8782,41.874,0,1.18,1.947,46.02,2.827,0.95,1.047,0.27,0.873,0.067,1.747,1.497,0.243,1.52,0,0.963,0,0.217,0,0.047,0,2.613,0,0,0,0,0,,,,,,,,,,,,,1.2,county-alert,1,1,overhaul-warning,1,4,last-night,0.2,8.65,300,14,14,113,11,87,300,383,197,218,103,165,0,0,784,262,0,0,0,0,0,0,0,0.0467,8.0714,7.9091,1.2767,1.1066,1.6019,,0.3342,,,
stored-night,5,smoke-screen+sluice-jam,w-h+l0,planner,300,220,0.7333,8.183,0.8763,61.463,0,1.053,2.007,45.227,2.717,0.573,0.973,0.16,0.697,0.14,1.823,1.65,0.177,1.703,0,0.897,0.007,0.15,0,0.023,0,2.567,0,0,0,0,0,,,,,,,,,,,,,1.153,county-alert,1,1,overhaul-warning,1,4,last-night,0.1533,8.174,300,7,7,57,6,50,300,860,220,269,80,591,0,0,770,209,0,0,0,0,0,0,0,0.0233,8.1429,8.3333,2.8667,1.2227,7.3875,,0.2714,,,
stored-night,5,smoke-screen+sluice-jam,w-h+l0,forecast-aware,300,66,0.22,8.853,0.9259,42.355,0,1.3,2.52,64.373,2.037,1.07,3.047,0,1.11,0.917,1.663,1.383,0.35,2.743,0,0.867,0.07,0.363,0,0.02,0,3.293,0,0,0,0,0,,,,,,,,,,,,,1.337,county-alert,1,1,overhaul-warning,1,4,last-night,0.3367,8.851,300,6,6,54,3,27,300,574,66,84,234,490,0,0,988,333,0,0,0,0,0,0,0,0.02,9,9,1.9133,1.2727,2.094,,0.337,,,
stored-night,5,smoke-screen+sluice-jam,w-h+l0,planner-one-mistake,300,90,0.3,8.85,0.9444,59.967,0,0.753,2.48,59.92,3,13.023,1.197,0.283,1.09,0,1.997,1.747,0.257,1.363,0,0.563,0,0.19,0,0.013,0,3.38,0,0,0,0,0,220,300,220,69,0,48,252,0.3136,1,13.2408,3,0,1.133,county-alert,1,1,overhaul-warning,1,4,last-night,0.1333,9,300,4,4,29,0,0,300,1673,90,99,210,1574,0,0,1014,327,0,0,0,0,0,0,0,0.0133,7.25,,5.5767,1.1,7.4952,,0.3225,,,
stored-night,5,smoke-screen+sluice-jam,w-h+l+,random,300,0,0,9,,84.093,0,0.017,3.697,61.88,2.79,18.053,0.577,1.583,0.307,0.207,0.853,0.647,0.317,0.993,0,0.01,0,0.007,0,0.003,0,3.997,0,0,0,0,0,,,,,,,,,,,,,1.003,county-alert,1,1,overhaul-warning,1,4,last-night,0.0033,7,300,1,1,9,0,0,300,1946,0,0,300,1946,0,0,1199,92,0,0,0,0,0,0,0,0.0033,9,,6.4867,,6.4867,,0.0767,,,
stored-night,5,smoke-screen+sluice-jam,w-h+l+,single-water,300,0,0,9,,86.69,0,0,4,74.087,3,12.463,0,0,0,0,1.997,1.697,0.3,0,0,0,0,0,0,0,0,4,0,0,0,0,0,,,,,,,,,,,,,1,county-alert,1,1,overhaul-warning,1,4,last-night,0,,300,0,0,0,0,0,300,2193,0,0,300,2193,0,0,1200,0,0,0,0,0,0,0,0,0,,,7.31,,7.31,,0,,,
stored-night,5,smoke-screen+sluice-jam,w-h+l+,legacy-cycle,300,0,0,9,,79.357,0,0,4,87.427,3,33.69,0,0,0,0,0.843,0.31,0.533,2.407,0,0,0,0,0,0.967,0,4,0,0,0,0,0,,,,,,,,,,,,,1,county-alert,1,1,overhaul-warning,1,4,last-night,0,,300,290,290,2140,0,0,300,1756,0,0,300,1756,0,0,1200,0,0,0,0,0,0,0,0,0.9667,7.3793,,5.8533,,5.8533,,0,,,
stored-night,5,smoke-screen+sluice-jam,w-h+l+,greedy,300,198,0.66,8.277,0.8782,42.029,0,1.18,1.943,45.94,2.827,1.03,1.047,0.267,0.873,0.067,1.743,1.493,0.243,1.517,0,0.963,0,0.217,0,0.05,0,2.613,0,0,0,0,0,,,,,,,,,,,,,1.2,county-alert,1,1,overhaul-warning,1,4,last-night,0.2,8.65,300,15,15,120,12,96,300,385,198,222,102,163,0,0,784,262,0,0,0,0,0,0,0,0.05,8,8,1.2833,1.1212,1.598,,0.3342,,,
stored-night,5,smoke-screen+sluice-jam,w-h+l+,planner,300,220,0.7333,8.183,0.8763,61.425,0,1.053,2.007,45.227,2.717,0.573,0.97,0.16,0.693,0.14,1.823,1.65,0.177,1.703,0,0.897,0.007,0.15,0,0.023,0,2.563,0,0,0,0,0,,,,,,,,,,,,,1.153,county-alert,1,1,overhaul-warning,1,4,last-night,0.1533,8.174,300,7,7,57,6,50,300,861,220,270,80,591,0,0,769,208,0,0,0,0,0,0,0,0.0233,8.1429,8.3333,2.87,1.2273,7.3875,,0.2705,,,
stored-night,5,smoke-screen+sluice-jam,w-h+l+,forecast-aware,300,67,0.2233,8.85,0.9254,42.215,0,1.297,2.513,64.133,2.037,1.07,3.047,0,1.11,0.917,1.663,1.383,0.35,2.743,0,0.867,0.07,0.36,0,0.02,0,3.29,0,0,0,0,0,,,,,,,,,,,,,1.333,county-alert,1,1,overhaul-warning,1,4,last-night,0.3333,8.85,300,6,6,54,3,27,300,573,67,85,233,488,0,0,987,333,0,0,0,0,0,0,0,0.02,9,9,1.91,1.2687,2.0944,,0.3374,,,
stored-night,5,smoke-screen+sluice-jam,w-h+l+,planner-one-mistake,300,91,0.3033,8.85,0.9451,59.962,0,0.76,2.477,59.813,3,13.103,1.197,0.283,1.09,0,2,1.747,0.26,1.367,0,0.57,0,0.19,0,0.013,0,3.377,0,0,0,0,0,220,300,220,70,0,48,252,0.3182,1,13.2408,3,0,1.133,county-alert,1,1,overhaul-warning,1,4,last-night,0.1333,9,300,4,4,29,0,0,300,1665,91,101,209,1564,0,0,1013,327,0,0,0,0,0,0,0,0.0133,7.25,,5.55,1.1099,7.4833,,0.3228,,,
stored-night,5,smoke-screen+sluice-jam,w0h-l-,random,300,0,0,9,,84.247,0,0.017,3.697,61.663,2.79,17.93,0.577,1.583,0.307,0.207,0.853,0.647,0.317,0.993,0,0.01,0,0.007,0,0.003,0,3.997,0,0,0,0,0,,,,,,,,,,,,,1.003,county-alert,1,1,overhaul-warning,1,4,last-night,0.0033,7,300,1,1,9,0,0,300,1946,0,0,300,1946,0,0,1199,92,0,0,0,0,0,0,0,0.0033,9,,6.4867,,6.4867,,0.0767,,,
stored-night,5,smoke-screen+sluice-jam,w0h-l-,single-water,300,0,0,9,,86.583,0,0,4,74.867,3,12.463,0,0,0,0,1.997,1.697,0.3,0,0,0,0,0,0,0,0,4,0,0,0,0,0,,,,,,,,,,,,,1,county-alert,1,1,overhaul-warning,1,4,last-night,0,,300,0,0,0,0,0,300,2193,0,0,300,2193,0,0,1200,0,0,0,0,0,0,0,0,0,,,7.31,,7.31,,0,,,
stored-night,5,smoke-screen+sluice-jam,w0h-l-,legacy-cycle,300,0,0,9,,79.117,0,0,4,88.027,3,33.687,0,0,0,0,0.843,0.31,0.533,2.407,0,0,0,0,0,0.967,0,4,0,0,0,0,0,,,,,,,,,,,,,1,county-alert,1,1,overhaul-warning,1,4,last-night,0,,300,290,290,2140,0,0,300,1756,0,0,300,1756,0,0,1200,0,0,0,0,0,0,0,0,0.9667,7.3793,,5.8533,,5.8533,,0,,,
stored-night,5,smoke-screen+sluice-jam,w0h-l-,greedy,300,186,0.62,8.323,0.8787,42.263,0,1.183,1.99,47.587,2.817,0.873,1.083,0.237,0.917,0.067,1.75,1.517,0.227,1.65,0,0.95,0,0.233,0,0.04,0,2.677,0,0,0,0,0,,,,,,,,,,,,,1.213,county-alert,1,1,overhaul-warning,1,4,last-night,0.2133,8.563,300,12,12,93,9,68,300,412,186,219,114,193,0,0,803,275,0,0,0,0,0,0,0,0.04,7.75,7.5556,1.3733,1.1774,1.693,,0.3425,,,
stored-night,5,smoke-screen+sluice-jam,w0h-l-,planner,300,215,0.7167,8.2,0.876,60.6,0,1.063,2.02,45.733,2.723,0.653,1,0.167,0.697,0.14,1.803,1.657,0.153,1.89,0,0.893,0.01,0.16,0,0.03,0,2.573,0,0,0,0,0,,,,,,,,,,,,,1.163,county-alert,1,1,overhaul-warning,1,4,last-night,0.1633,8.265,300,9,9,73,8,66,300,878,215,242,85,636,0,0,772,209,0,0,0,0,0,0,0,0.03,8.1111,8.25,2.9267,1.1256,7.4824,,0.2707,,,
stored-night,5,smoke-screen+sluice-jam,w0h-l-,forecast-aware,300,51,0.17,8.9,0.9346,42.498,0,1.297,2.593,66.587,2.04,1.037,3.06,0,1.13,0.917,1.683,1.407,0.353,2.753,0,0.853,0.067,0.377,0,0.02,0,3.36,0,0,0,0,0,,,,,,,,,,,,,1.35,county-alert,1,1,overhaul-warning,1,4,last-night,0.35,8.819,300,6,6,54,3,27,300,574,51,64,249,510,0,0,1008,339,0,0,0,0,0,0,0,0.02,9,9,1.9133,1.2549,2.0482,,0.3363,,,
stored-night,5,smoke-screen+sluice-jam,w0h-l-,planner-one-mistake,300,84,0.28,8.867,0.9471,60.593,0,0.74,2.52,61.107,3,12.9,1.237,0.277,1.09,0,1.967,1.733,0.247,1.407,0,0.547,0,0.193,0,0.013,0,3.417,0,0,0,0,0,215,300,215,65,0,48,252,0.3023,1,13.0075,3,0,1.13,county-alert,1,1,overhaul-warning,1,4,last-night,0.13,9,300,4,4,30,1,8,300,1702,84,81,216,1621,0,0,1025,327,0,0,0,0,0,0,0,0.0133,7.5,8,5.6733,0.9643,7.5046,,0.319,,,
stored-night,5,smoke-screen+sluice-jam,w0h-l0,random,300,0,0,9,,84.113,0,0.017,3.697,61.817,2.79,17.973,0.577,1.583,0.307,0.207,0.853,0.647,0.317,0.993,0,0.01,0,0.007,0,0.003,0,3.997,0,0,0,0,0,,,,,,,,,,,,,1.003,county-alert,1,1,overhaul-warning,1,4,last-night,0.0033,7,300,1,1,9,0,0,300,1946,0,0,300,1946,0,0,1199,92,0,0,0,0,0,0,0,0.0033,9,,6.4867,,6.4867,,0.0767,,,
stored-night,5,smoke-screen+sluice-jam,w0h-l0,single-water,300,0,0,9,,86.583,0,0,4,74.867,3,12.463,0,0,0,0,1.997,1.697,0.3,0,0,0,0,0,0,0,0,4,0,0,0,0,0,,,,,,,,,,,,,1,county-alert,1,1,overhaul-warning,1,4,last-night,0,,300,0,0,0,0,0,300,2193,0,0,300,2193,0,0,1200,0,0,0,0,0,0,0,0,0,,,7.31,,7.31,,0,,,
stored-night,5,smoke-screen+sluice-jam,w0h-l0,legacy-cycle,300,0,0,9,,79.117,0,0,4,88.037,3,33.69,0,0,0,0,0.843,0.31,0.533,2.407,0,0,0,0,0,0.967,0,4,0,0,0,0,0,,,,,,,,,,,,,1,county-alert,1,1,overhaul-warning,1,4,last-night,0,,300,290,290,2140,0,0,300,1756,0,0,300,1756,0,0,1200,0,0,0,0,0,0,0,0,0.9667,7.3793,,5.8533,,5.8533,,0,,,
stored-night,5,smoke-screen+sluice-jam,w0h-l0,greedy,300,193,0.6433,8.293,0.878,41.514,0,1.18,1.95,46.22,2.837,0.95,1.06,0.25,0.883,0.067,1.743,1.5,0.237,1.537,0,0.96,0,0.22,0,0.047,0,2.62,0,0,0,0,0,,,,,,,,,,,,,1.2,county-alert,1,1,overhaul-warning,1,4,last-night,0.2,8.7,300,14,14,112,10,78,300,404,193,225,107,179,0,0,786,265,0,0,0,0,0,0,0,0.0467,8,7.8,1.3467,1.1658,1.6729,,0.3372,,,
stored-night,5,smoke-screen+sluice-jam,w0h-l0,planner,300,216,0.72,8.193,0.8755,59.845,0,1.043,2.017,45.373,2.72,0.493,0.983,0.157,0.7,0.14,1.827,1.667,0.167,1.707,0,0.887,0.01,0.147,0,0.02,0,2.587,0,0,0,0,0,,,,,,,,,,,,,1.153,county-alert,1,1,overhaul-warning,1,4,last-night,0.1533,8.217,300,6,6,50,5,43,300,885,216,259,84,626,0,0,776,210,0,0,0,0,0,0,0,0.02,8.3333,8.6,2.95,1.1991,7.4524,,0.2706,,,
stored-night,5,smoke-screen+sluice-jam,w0h-l0,forecast-aware,300,59,0.1967,8.887,0.936,42.216,0,1.307,2.56,65.493,2.037,1.1,3.057,0,1.12,0.917,1.683,1.403,0.353,2.757,0,0.863,0.073,0.37,0,0.02,0,3.333,0,0,0,0,0,,,,,,,,,,,,,1.353,county-alert,1,1,overhaul-warning,1,4,last-night,0.3533,8.821,300,6,6,54,3,27,300,572,59,72,241,500,0,0,1000,336,0,0,0,0,0,0,0,0.02,9,9,1.9067,1.2203,2.0747,,0.336,,,
stored-night,5,smoke-screen+sluice-jam,w0h-l0,planner-one-mistake,300,83,0.2767,8.857,0.9424,60.318,0,0.757,2.517,61.173,3,13.08,1.25,0.27,1.093,0,1.94,1.717,0.23,1.413,0,0.553,0,0.203,0,0.013,0,3.407,0,0,0,0,0,216,300,216,65,0,48,252,0.3009,1,13.1742,3,0,1.137,county-alert,1,1,overhaul-warning,1,4,last-night,0.1367,9,300,4,4,29,0,0,300,1714,83,83,217,1631,0,0,1022,328,0,0,0,0,0,0,0,0.0133,7.25,,5.7133,1,7.5161,,0.3209,,,
stored-night,5,smoke-screen+sluice-jam,w0h-l+,random,300,0,0,9,,84.097,0,0.017,3.697,61.82,2.79,17.987,0.577,1.583,0.307,0.207,0.853,0.647,0.317,0.993,0,0.01,0,0.007,0,0.003,0,3.997,0,0,0,0,0,,,,,,,,,,,,,1.003,county-alert,1,1,overhaul-warning,1,4,last-night,0.0033,7,300,1,1,9,0,0,300,1946,0,0,300,1946,0,0,1199,92,0,0,0,0,0,0,0,0.0033,9,,6.4867,,6.4867,,0.0767,,,
stored-night,5,smoke-screen+sluice-jam,w0h-l+,single-water,300,0,0,9,,86.583,0,0,4,74.867,3,12.463,0,0,0,0,1.997,1.697,0.3,0,0,0,0,0,0,0,0,4,0,0,0,0,0,,,,,,,,,,,,,1,county-alert,1,1,overhaul-warning,1,4,last-night,0,,300,0,0,0,0,0,300,2193,0,0,300,2193,0,0,1200,0,0,0,0,0,0,0,0,0,,,7.31,,7.31,,0,,,
stored-night,5,smoke-screen+sluice-jam,w0h-l+,legacy-cycle,300,0,0,9,,79.117,0,0,4,88.037,3,33.69,0,0,0,0,0.843,0.31,0.533,2.407,0,0,0,0,0,0.967,0,4,0,0,0,0,0,,,,,,,,,,,,,1,county-alert,1,1,overhaul-warning,1,4,last-night,0,,300,290,290,2140,0,0,300,1756,0,0,300,1756,0,0,1200,0,0,0,0,0,0,0,0,0.9667,7.3793,,5.8533,,5.8533,,0,,,
stored-night,5,smoke-screen+sluice-jam,w0h-l+,greedy,300,194,0.6467,8.283,0.8769,41.406,0,1.177,1.943,45.98,2.837,0.95,1.057,0.247,0.88,0.067,1.74,1.497,0.237,1.533,0,0.96,0,0.217,0,0.047,0,2.613,0,0,0,0,0,,,,,,,,,,,,,1.197,county-alert,1,1,overhaul-warning,1,4,last-night,0.1967,8.712,300,14,14,112,10,78,300,403,194,225,106,178,0,0,784,264,0,0,0,0,0,0,0,0.0467,8,7.8,1.3433,1.1598,1.6792,,0.3367,,,
stored-night,5,smoke-screen+sluice-jam,w0h-l+,planner,300,215,0.7167,8.197,0.8755,60.118,0,1.047,2.023,45.653,2.717,0.493,0.983,0.157,0.7,0.14,1.827,1.667,0.167,1.71,0,0.887,0.01,0.15,0,0.02,0,2.59,0,0,0,0,0,,,,,,,,,,,,,1.157,county-alert,1,1,overhaul-warning,1,4,last-night,0.1567,8.191,300,6,6,50,5,43,300,894,215,259,85,635,0,0,777,210,0,0,0,0,0,0,0,0.02,8.3333,8.6,2.98,1.2047,7.4706,,0.2703,,,
stored-night,5,smoke-screen+sluice-jam,w0h-l+,forecast-aware,300,59,0.1967,8.887,0.936,42.141,0,1.307,2.56,65.493,2.037,1.1,3.057,0,1.12,0.917,1.683,1.403,0.353,2.757,0,0.863,0.073,0.37,0,0.02,0,3.333,0,0,0,0,0,,,,,,,,,,,,,1.353,county-alert,1,1,overhaul-warning,1,4,last-night,0.3533,8.821,300,6,6,54,3,27,300,572,59,72,241,500,0,0,1000,336,0,0,0,0,0,0,0,0.02,9,9,1.9067,1.2203,2.0747,,0.336,,,
stored-night,5,smoke-screen+sluice-jam,w0h-l+,planner-one-mistake,300,83,0.2767,8.857,0.9424,60.304,0,0.767,2.517,61.227,3,13.08,1.25,0.27,1.093,0,1.94,1.717,0.23,1.413,0,0.56,0,0.207,0,0.013,0,3.403,0,0,0,0,0,215,300,215,65,0,48,252,0.3023,1,13.1742,3,0,1.137,county-alert,1,1,overhaul-warning,1,4,last-night,0.1367,9,300,4,4,29,0,0,300,1717,83,86,217,1631,0,0,1021,328,0,0,0,0,0,0,0,0.0133,7.25,,5.7233,1.0361,7.5161,,0.3213,,,
stored-night,5,smoke-screen+sluice-jam,w0h0l-,random,300,0,0,9,,84.123,0,0.017,3.697,61.937,2.79,17.997,0.577,1.583,0.307,0.207,0.853,0.647,0.317,0.993,0,0.01,0,0.007,0,0.003,0,3.997,0,0,0,0,0,,,,,,,,,,,,,1.003,county-alert,1,1,overhaul-warning,1,4,last-night,0.0033,7,300,1,1,9,0,0,300,1946,0,0,300,1946,0,0,1199,92,0,0,0,0,0,0,0,0.0033,9,,6.4867,,6.4867,,0.0767,,,
stored-night,5,smoke-screen+sluice-jam,w0h0l-,single-water,300,0,0,9,,86.583,0,0,4,74.867,3,12.463,0,0,0,0,1.997,1.697,0.3,0,0,0,0,0,0,0,0,4,0,0,0,0,0,,,,,,,,,,,,,1,county-alert,1,1,overhaul-warning,1,4,last-night,0,,300,0,0,0,0,0,300,2193,0,0,300,2193,0,0,1200,0,0,0,0,0,0,0,0,0,,,7.31,,7.31,,0,,,
stored-night,5,smoke-screen+sluice-jam,w0h0l-,legacy-cycle,300,0,0,9,,78.817,0,0,4,88.147,3,33.687,0,0,0,0,0.843,0.31,0.533,2.407,0,0,0,0,0,0.967,0,4,0,0,0,0,0,,,,,,,,,,,,,1,county-alert,1,1,overhaul-warning,1,4,last-night,0,,300,290,290,2140,0,0,300,1756,0,0,300,1756,0,0,1200,0,0,0,0,0,0,0,0,0.9667,7.3793,,5.8533,,5.8533,,0,,,
stored-night,5,smoke-screen+sluice-jam,w0h0l-,greedy,300,193,0.6433,8.303,0.8797,42.075,0,1.167,1.97,46.693,2.813,0.957,1.067,0.267,0.9,0.067,1.757,1.513,0.237,1.617,0,0.953,0,0.213,0,0.043,0,2.663,0,0,0,0,0,,,,,,,,,,,,,1.203,county-alert,1,1,overhaul-warning,1,4,last-night,0.2033,8.525,300,13,13,101,11,84,300,401,193,227,107,174,0,0,799,270,0,0,0,0,0,0,0,0.0433,7.7692,7.6364,1.3367,1.1762,1.6262,,0.3379,,,
stored-night,5,smoke-screen+sluice-jam,w0h0l-,planner,300,221,0.7367,8.18,0.8763,61.886,0,1.07,2,45.187,2.72,0.573,0.99,0.163,0.693,0.14,1.8,1.64,0.163,1.88,0,0.907,0.007,0.157,0,0.027,0,2.55,0,0,0,0,0,,,,,,,,,,,,,1.16,county-alert,1,1,overhaul-warning,1,4,last-night,0.16,8.208,300,8,8,65,7,58,300,850,221,261,79,589,0,0,765,208,0,0,0,0,0,0,0,0.0267,8.125,8.2857,2.8333,1.181,7.4557,,0.2719,,,
stored-night,5,smoke-screen+sluice-jam,w0h0l-,forecast-aware,300,57,0.19,8.887,0.9337,42.432,0,1.29,2.577,66.027,2.04,1.007,3.043,0,1.117,0.917,1.68,1.4,0.353,2.743,0,0.857,0.063,0.37,0,0.02,0,3.34,0,0,0,0,0,,,,,,,,,,,,,1.34,county-alert,1,1,overhaul-warning,1,4,last-night,0.34,8.814,300,6,6,54,3,27,300,575,57,77,243,498,0,0,1002,335,0,0,0,0,0,0,0,0.02,9,9,1.9167,1.3509,2.0494,,0.3343,,,
stored-night,5,smoke-screen+sluice-jam,w0h0l-,planner-one-mistake,300,84,0.28,8.867,0.9471,60.269,0,0.75,2.52,61.16,3,12.847,1.237,0.29,1.09,0,1.96,1.733,0.24,1.4,0,0.553,0,0.197,0,0.013,0,3.413,0,0,0,0,0,221,300,221,66,0,48,252,0.2986,1,13.0742,3,0,1.13,county-alert,1,1,overhaul-warning,1,4,last-night,0.13,9,300,4,4,30,1,8,300,1701,84,80,216,1621,0,0,1024,327,0,0,0,0,0,0,0,0.0133,7.5,8,5.67,0.9524,7.5046,,0.3193,,,
stored-night,5,smoke-screen+sluice-jam,w0h0l0,random,300,0,0,9,,83.99,0,0.017,3.697,62.09,2.79,18.04,0.577,1.583,0.307,0.207,0.853,0.647,0.317,0.993,0,0.01,0,0.007,0,0.003,0,3.997,0,0,0,0,0,,,,,,,,,,,,,1.003,county-alert,1,1,overhaul-warning,1,4,last-night,0.0033,7,300,1,1,9,0,0,300,1946,0,0,300,1946,0,0,1199,92,0,0,0,0,0,0,0,0.0033,9,,6.4867,,6.4867,,0.0767,,,
stored-night,5,smoke-screen+sluice-jam,w0h0l0,single-water,300,0,0,9,,86.583,0,0,4,74.867,3,12.463,0,0,0,0,1.997,1.697,0.3,0,0,0,0,0,0,0,0,4,0,0,0,0,0,,,,,,,,,,,,,1,county-alert,1,1,overhaul-warning,1,4,last-night,0,,300,0,0,0,0,0,300,2193,0,0,300,2193,0,0,1200,0,0,0,0,0,0,0,0,0,,,7.31,,7.31,,0,,,
stored-night,5,smoke-screen+sluice-jam,w0h0l0,legacy-cycle,300,0,0,9,,78.817,0,0,4,88.157,3,33.69,0,0,0,0,0.843,0.31,0.533,2.407,0,0,0,0,0,0.967,0,4,0,0,0,0,0,,,,,,,,,,,,,1,county-alert,1,1,overhaul-warning,1,4,last-night,0,,300,290,290,2140,0,0,300,1756,0,0,300,1756,0,0,1200,0,0,0,0,0,0,0,0,0.9667,7.3793,,5.8533,,5.8533,,0,,,
stored-night,5,smoke-screen+sluice-jam,w0h0l0,greedy,300,198,0.66,8.28,0.8788,41.853,0,1.183,1.943,45.94,2.827,1.03,1.057,0.257,0.873,0.067,1.75,1.5,0.243,1.507,0,0.967,0,0.217,0,0.05,0,2.61,0,0,0,0,0,,,,,,,,,,,,,1.2,county-alert,1,1,overhaul-warning,1,4,last-night,0.2,8.65,300,15,15,120,12,94,300,389,198,222,102,167,0,0,783,262,0,0,0,0,0,0,0,0.05,8,7.8333,1.2967,1.1212,1.6373,,0.3346,,,
stored-night,5,smoke-screen+sluice-jam,w0h0l0,planner,300,220,0.7333,8.183,0.8763,61.238,0,1.057,2.007,45.227,2.717,0.573,0.977,0.157,0.697,0.14,1.823,1.65,0.177,1.7,0,0.9,0.007,0.15,0,0.023,0,2.567,0,0,0,0,0,,,,,,,,,,,,,1.153,county-alert,1,1,overhaul-warning,1,4,last-night,0.1533,8.174,300,7,7,57,6,50,300,860,220,268,80,592,0,0,770,209,0,0,0,0,0,0,0,0.0233,8.1429,8.3333,2.8667,1.2182,7.4,,0.2714,,,
stored-night,5,smoke-screen+sluice-jam,w0h0l0,forecast-aware,300,69,0.23,8.847,0.9259,42.121,0,1.29,2.503,63.733,2.037,1.07,3.05,0,1.11,0.917,1.66,1.387,0.343,2.743,0,0.867,0.07,0.353,0,0.02,0,3.287,0,0,0,0,0,,,,,,,,,,,,,1.33,county-alert,1,1,overhaul-warning,1,4,last-night,0.33,8.848,300,6,6,54,3,27,300,577,69,89,231,488,0,0,986,333,0,0,0,0,0,0,0,0.02,9,9,1.9233,1.2899,2.1126,,0.3377,,,
stored-night,5,smoke-screen+sluice-jam,w0h0l0,planner-one-mistake,300,89,0.2967,8.857,0.9463,59.81,0,0.743,2.493,60.187,3,13.023,1.25,0.28,1.093,0,1.94,1.717,0.23,1.41,0,0.557,0,0.187,0,0.013,0,3.4,0,0,0,0,0,220,300,220,69,0,48,252,0.3136,1,13.2408,3,0,1.133,county-alert,1,1,overhaul-warning,1,4,last-night,0.1333,9,300,4,4,29,0,0,300,1680,89,95,211,1585,0,0,1020,328,0,0,0,0,0,0,0,0.0133,7.25,,5.6,1.0674,7.5118,,0.3216,,,
stored-night,5,smoke-screen+sluice-jam,w0h0l+,random,300,0,0,9,,83.973,0,0.017,3.697,62.093,2.79,18.053,0.577,1.583,0.307,0.207,0.853,0.647,0.317,0.993,0,0.01,0,0.007,0,0.003,0,3.997,0,0,0,0,0,,,,,,,,,,,,,1.003,county-alert,1,1,overhaul-warning,1,4,last-night,0.0033,7,300,1,1,9,0,0,300,1946,0,0,300,1946,0,0,1199,92,0,0,0,0,0,0,0,0.0033,9,,6.4867,,6.4867,,0.0767,,,
stored-night,5,smoke-screen+sluice-jam,w0h0l+,single-water,300,0,0,9,,86.583,0,0,4,74.867,3,12.463,0,0,0,0,1.997,1.697,0.3,0,0,0,0,0,0,0,0,4,0,0,0,0,0,,,,,,,,,,,,,1,county-alert,1,1,overhaul-warning,1,4,last-night,0,,300,0,0,0,0,0,300,2193,0,0,300,2193,0,0,1200,0,0,0,0,0,0,0,0,0,,,7.31,,7.31,,0,,,
stored-night,5,smoke-screen+sluice-jam,w0h0l+,legacy-cycle,300,0,0,9,,78.817,0,0,4,88.157,3,33.69,0,0,0,0,0.843,0.31,0.533,2.407,0,0,0,0,0,0.967,0,4,0,0,0,0,0,,,,,,,,,,,,,1,county-alert,1,1,overhaul-warning,1,4,last-night,0,,300,290,290,2140,0,0,300,1756,0,0,300,1756,0,0,1200,0,0,0,0,0,0,0,0,0.9667,7.3793,,5.8533,,5.8533,,0,,,
stored-night,5,smoke-screen+sluice-jam,w0h0l+,greedy,300,199,0.6633,8.277,0.8788,42.01,0,1.183,1.94,45.86,2.827,1.11,1.057,0.253,0.873,0.067,1.747,1.497,0.243,1.503,0,0.967,0,0.217,0,0.053,0,2.61,0,0,0,0,0,,,,,,,,,,,,,1.2,county-alert,1,1,overhaul-warning,1,4,last-night,0.2,8.65,300,16,16,127,13,103,300,388,199,223,101,165,0,0,783,262,0,0,0,0,0,0,0,0.0533,7.9375,7.9231,1.2933,1.1206,1.6337,,0.3346,,,
stored-night,5,smoke-screen+sluice-jam,w0h0l+,planner,300,220,0.7333,8.183,0.8763,61.2,0,1.057,2.007,45.227,2.717,0.573,0.973,0.157,0.693,0.14,1.823,1.65,0.177,1.7,0,0.9,0.007,0.15,0,0.023,0,2.563,0,0,0,0,0,,,,,,,,,,,,,1.153,county-alert,1,1,overhaul-warning,1,4,last-night,0.1533,8.174,300,7,7,57,6,50,300,861,220,269,80,592,0,0,769,208,0,0,0,0,0,0,0,0.0233,8.1429,8.3333,2.87,1.2227,7.4,,0.2705,,,
stored-night,5,smoke-screen+sluice-jam,w0h0l+,forecast-aware,300,70,0.2333,8.843,0.9254,41.978,0,1.287,2.497,63.493,2.037,1.07,3.05,0,1.11,0.917,1.66,1.387,0.343,2.743,0,0.867,0.07,0.35,0,0.02,0,3.283,0,0,0,0,0,,,,,,,,,,,,,1.327,county-alert,1,1,overhaul-warning,1,4,last-night,0.3267,8.847,300,6,6,54,3,27,300,576,70,90,230,486,0,0,985,333,0,0,0,0,0,0,0,0.02,9,9,1.92,1.2857,2.113,,0.3381,,,
stored-night,5,smoke-screen+sluice-jam,w0h0l+,planner-one-mistake,300,91,0.3033,8.857,0.9475,59.761,0,0.747,2.487,59.92,3,13.103,1.25,0.28,1.093,0,1.943,1.717,0.233,1.42,0,0.563,0,0.183,0,0.013,0,3.397,0,0,0,0,0,220,300,220,71,0,48,252,0.3227,1,13.2408,3,0,1.133,county-alert,1,1,overhaul-warning,1,4,last-night,0.1333,9,300,4,4,29,0,0,300,1670,91,102,209,1568,0,0,1019,328,0,0,0,0,0,0,0,0.0133,7.25,,5.5667,1.1209,7.5024,,0.3219,,,
stored-night,5,smoke-screen+sluice-jam,w0h+l-,random,300,0,0,9,,84.117,0,0.017,3.697,61.947,2.79,17.997,0.577,1.583,0.307,0.207,0.853,0.647,0.317,0.993,0,0.01,0,0.007,0,0.003,0,3.997,0,0,0,0,0,,,,,,,,,,,,,1.003,county-alert,1,1,overhaul-warning,1,4,last-night,0.0033,7,300,1,1,9,0,0,300,1946,0,0,300,1946,0,0,1199,92,0,0,0,0,0,0,0,0.0033,9,,6.4867,,6.4867,,0.0767,,,
stored-night,5,smoke-screen+sluice-jam,w0h+l-,single-water,300,0,0,9,,86.583,0,0,4,74.867,3,12.463,0,0,0,0,1.997,1.697,0.3,0,0,0,0,0,0,0,0,4,0,0,0,0,0,,,,,,,,,,,,,1,county-alert,1,1,overhaul-warning,1,4,last-night,0,,300,0,0,0,0,0,300,2193,0,0,300,2193,0,0,1200,0,0,0,0,0,0,0,0,0,,,7.31,,7.31,,0,,,
stored-night,5,smoke-screen+sluice-jam,w0h+l-,legacy-cycle,300,0,0,9,,78.817,0,0,4,88.147,3,33.687,0,0,0,0,0.843,0.31,0.533,2.407,0,0,0,0,0,0.967,0,4,0,0,0,0,0,,,,,,,,,,,,,1,county-alert,1,1,overhaul-warning,1,4,last-night,0,,300,290,290,2140,0,0,300,1756,0,0,300,1756,0,0,1200,0,0,0,0,0,0,0,0,0.9667,7.3793,,5.8533,,5.8533,,0,,,
stored-night,5,smoke-screen+sluice-jam,w0h+l-,greedy,300,193,0.6433,8.303,0.8797,42.056,0,1.167,1.97,46.693,2.813,0.957,1.067,0.267,0.9,0.067,1.757,1.513,0.237,1.617,0,0.953,0,0.213,0,0.043,0,2.663,0,0,0,0,0,,,,,,,,,,,,,1.203,county-alert,1,1,overhaul-warning,1,4,last-night,0.2033,8.525,300,13,13,101,11,84,300,401,193,227,107,174,0,0,799,270,0,0,0,0,0,0,0,0.0433,7.7692,7.6364,1.3367,1.1762,1.6262,,0.3379,,,
stored-night,5,smoke-screen+sluice-jam,w0h+l-,planner,300,221,0.7367,8.18,0.8763,61.886,0,1.07,2,45.187,2.72,0.573,0.99,0.163,0.693,0.14,1.8,1.64,0.163,1.88,0,0.907,0.007,0.157,0,0.027,0,2.55,0,0,0,0,0,,,,,,,,,,,,,1.16,county-alert,1,1,overhaul-warning,1,4,last-night,0.16,8.208,300,8,8,65,7,58,300,850,221,261,79,589,0,0,765,208,0,0,0,0,0,0,0,0.0267,8.125,8.2857,2.8333,1.181,7.4557,,0.2719,,,
stored-night,5,smoke-screen+sluice-jam,w0h+l-,forecast-aware,300,58,0.1933,8.88,0.931,42.318,0,1.29,2.573,65.787,2.04,1,3.033,0,1.107,0.917,1.677,1.393,0.353,2.747,0,0.86,0.067,0.363,0,0.02,0,3.333,0,0,0,0,0,,,,,,,,,,,,,1.34,county-alert,1,1,overhaul-warning,1,4,last-night,0.34,8.814,300,6,6,54,3,27,300,584,58,80,242,504,0,0,1000,332,0,0,0,0,0,0,0,0.02,9,9,1.9467,1.3793,2.0826,,0.332,,,
stored-night,5,smoke-screen+sluice-jam,w0h+l-,planner-one-mistake,300,85,0.2833,8.867,0.9477,60.214,0,0.747,2.517,61,3,12.847,1.237,0.29,1.09,0,1.963,1.733,0.243,1.4,0,0.553,0,0.193,0,0.013,0,3.413,0,0,0,0,0,221,300,221,67,0,48,252,0.3032,1,13.0742,3,0,1.13,county-alert,1,1,overhaul-warning,1,4,last-night,0.13,9,300,4,4,30,1,8,300,1693,85,80,215,1613,0,0,1024,327,0,0,0,0,0,0,0,0.0133,7.5,8,5.6433,0.9412,7.5023,,0.3193,,,
stored-night,5,smoke-screen+sluice-jam,w0h+l0,random,300,0,0,9,,83.983,0,0.017,3.697,62.1,2.79,18.04,0.577,1.583,0.307,0.207,0.853,0.647,0.317,0.993,0,0.01,0,0.007,0,0.003,0,3.997,0,0,0,0,0,,,,,,,,,,,,,1.003,county-alert,1,1,overhaul-warning,1,4,last-night,0.0033,7,300,1,1,9,0,0,300,1946,0,0,300,1946,0,0,1199,92,0,0,0,0,0,0,0,0.0033,9,,6.4867,,6.4867,,0.0767,,,
stored-night,5,smoke-screen+sluice-jam,w0h+l0,single-water,300,0,0,9,,86.583,0,0,4,74.867,3,12.463,0,0,0,0,1.997,1.697,0.3,0,0,0,0,0,0,0,0,4,0,0,0,0,0,,,,,,,,,,,,,1,county-alert,1,1,overhaul-warning,1,4,last-night,0,,300,0,0,0,0,0,300,2193,0,0,300,2193,0,0,1200,0,0,0,0,0,0,0,0,0,,,7.31,,7.31,,0,,,
stored-night,5,smoke-screen+sluice-jam,w0h+l0,legacy-cycle,300,0,0,9,,78.817,0,0,4,88.157,3,33.69,0,0,0,0,0.843,0.31,0.533,2.407,0,0,0,0,0,0.967,0,4,0,0,0,0,0,,,,,,,,,,,,,1,county-alert,1,1,overhaul-warning,1,4,last-night,0,,300,290,290,2140,0,0,300,1756,0,0,300,1756,0,0,1200,0,0,0,0,0,0,0,0,0.9667,7.3793,,5.8533,,5.8533,,0,,,
stored-night,5,smoke-screen+sluice-jam,w0h+l0,greedy,300,199,0.6633,8.28,0.8794,42.02,0,1.183,1.94,45.86,2.827,1.11,1.057,0.257,0.873,0.067,1.747,1.5,0.24,1.503,0,0.967,0,0.217,0,0.053,0,2.61,0,0,0,0,0,,,,,,,,,,,,,1.2,county-alert,1,1,overhaul-warning,1,4,last-night,0.2,8.65,300,16,16,127,13,103,300,388,199,223,101,165,0,0,783,262,0,0,0,0,0,0,0,0.0533,7.9375,7.9231,1.2933,1.1206,1.6337,,0.3346,,,
stored-night,5,smoke-screen+sluice-jam,w0h+l0,planner,300,220,0.7333,8.183,0.8763,61.213,0,1.057,2.007,45.227,2.717,0.573,0.977,0.157,0.697,0.14,1.823,1.65,0.177,1.7,0,0.9,0.007,0.15,0,0.023,0,2.567,0,0,0,0,0,,,,,,,,,,,,,1.153,county-alert,1,1,overhaul-warning,1,4,last-night,0.1533,8.174,300,7,7,57,6,50,300,860,220,268,80,592,0,0,770,209,0,0,0,0,0,0,0,0.0233,8.1429,8.3333,2.8667,1.2182,7.4,,0.2714,,,
stored-night,5,smoke-screen+sluice-jam,w0h+l0,forecast-aware,300,71,0.2367,8.84,0.9249,41.965,0,1.283,2.493,63.333,2.037,1.07,3.047,0,1.107,0.917,1.657,1.383,0.343,2.743,0,0.867,0.07,0.347,0,0.02,0,3.28,0,0,0,0,0,,,,,,,,,,,,,1.323,county-alert,1,1,overhaul-warning,1,4,last-night,0.3233,8.845,300,6,6,54,3,27,300,579,71,93,229,486,0,0,984,332,0,0,0,0,0,0,0,0.02,9,9,1.93,1.3099,2.1223,,0.3374,,,
stored-night,5,smoke-screen+sluice-jam,w0h+l0,planner-one-mistake,300,89,0.2967,8.857,0.9463,59.796,0,0.743,2.493,60.187,3,13.023,1.25,0.28,1.093,0,1.94,1.717,0.23,1.41,0,0.557,0,0.187,0,0.013,0,3.4,0,0,0,0,0,220,300,220,69,0,48,252,0.3136,1,13.2408,3,0,1.133,county-alert,1,1,overhaul-warning,1,4,last-night,0.1333,9,300,4,4,29,0,0,300,1680,89,95,211,1585,0,0,1020,328,0,0,0,0,0,0,0,0.0133,7.25,,5.6,1.0674,7.5118,,0.3216,,,
stored-night,5,smoke-screen+sluice-jam,w0h+l+,random,300,0,0,9,,83.967,0,0.017,3.697,62.103,2.79,18.053,0.577,1.583,0.307,0.207,0.853,0.647,0.317,0.993,0,0.01,0,0.007,0,0.003,0,3.997,0,0,0,0,0,,,,,,,,,,,,,1.003,county-alert,1,1,overhaul-warning,1,4,last-night,0.0033,7,300,1,1,9,0,0,300,1946,0,0,300,1946,0,0,1199,92,0,0,0,0,0,0,0,0.0033,9,,6.4867,,6.4867,,0.0767,,,
stored-night,5,smoke-screen+sluice-jam,w0h+l+,single-water,300,0,0,9,,86.583,0,0,4,74.867,3,12.463,0,0,0,0,1.997,1.697,0.3,0,0,0,0,0,0,0,0,4,0,0,0,0,0,,,,,,,,,,,,,1,county-alert,1,1,overhaul-warning,1,4,last-night,0,,300,0,0,0,0,0,300,2193,0,0,300,2193,0,0,1200,0,0,0,0,0,0,0,0,0,,,7.31,,7.31,,0,,,
stored-night,5,smoke-screen+sluice-jam,w0h+l+,legacy-cycle,300,0,0,9,,78.817,0,0,4,88.157,3,33.69,0,0,0,0,0.843,0.31,0.533,2.407,0,0,0,0,0,0.967,0,4,0,0,0,0,0,,,,,,,,,,,,,1,county-alert,1,1,overhaul-warning,1,4,last-night,0,,300,290,290,2140,0,0,300,1756,0,0,300,1756,0,0,1200,0,0,0,0,0,0,0,0,0.9667,7.3793,,5.8533,,5.8533,,0,,,
stored-night,5,smoke-screen+sluice-jam,w0h+l+,greedy,300,199,0.6633,8.27,0.8777,42.01,0,1.18,1.94,45.86,2.827,1.19,1.053,0.25,0.87,0.067,1.747,1.497,0.243,1.503,0,0.963,0,0.217,0,0.057,0,2.61,0,0,0,0,0,,,,,,,,,,,,,1.2,county-alert,1,1,overhaul-warning,1,4,last-night,0.2,8.65,300,17,17,134,14,110,300,387,199,222,101,165,0,0,783,261,0,0,0,0,0,0,0,0.0567,7.8824,7.8571,1.29,1.1156,1.6337,,0.3333,,,
stored-night,5,smoke-screen+sluice-jam,w0h+l+,planner,300,220,0.7333,8.183,0.8763,61.175,0,1.057,2.007,45.227,2.717,0.573,0.973,0.157,0.693,0.14,1.823,1.65,0.177,1.7,0,0.9,0.007,0.15,0,0.023,0,2.563,0,0,0,0,0,,,,,,,,,,,,,1.153,county-alert,1,1,overhaul-warning,1,4,last-night,0.1533,8.174,300,7,7,57,6,50,300,861,220,269,80,592,0,0,769,208,0,0,0,0,0,0,0,0.0233,8.1429,8.3333,2.87,1.2227,7.4,,0.2705,,,
stored-night,5,smoke-screen+sluice-jam,w0h+l+,forecast-aware,300,72,0.24,8.837,0.9244,41.82,0,1.28,2.487,63.093,2.037,1.07,3.047,0,1.107,0.917,1.657,1.383,0.343,2.743,0,0.867,0.07,0.343,0,0.02,0,3.277,0,0,0,0,0,,,,,,,,,,,,,1.32,county-alert,1,1,overhaul-warning,1,4,last-night,0.32,8.844,300,6,6,54,3,27,300,578,72,94,228,484,0,0,983,332,0,0,0,0,0,0,0,0.02,9,9,1.9267,1.3056,2.1228,,0.3377,,,
stored-night,5,smoke-screen+sluice-jam,w0h+l+,planner-one-mistake,300,91,0.3033,8.857,0.9475,59.751,0,0.747,2.487,59.92,3,13.103,1.25,0.28,1.093,0,1.943,1.717,0.233,1.42,0,0.563,0,0.183,0,0.013,0,3.397,0,0,0,0,0,220,300,220,71,0,48,252,0.3227,1,13.2408,3,0,1.133,county-alert,1,1,overhaul-warning,1,4,last-night,0.1333,9,300,4,4,29,0,0,300,1670,91,102,209,1568,0,0,1019,328,0,0,0,0,0,0,0,0.0133,7.25,,5.5667,1.1209,7.5024,,0.3219,,,
stored-night,5,smoke-screen+sluice-jam,w+h-l-,random,300,0,0,9,,84.233,0,0.017,3.697,61.7,2.79,17.98,0.577,1.583,0.307,0.207,0.853,0.647,0.317,0.993,0,0.01,0,0.007,0,0.003,0,3.997,0,0,0,0,0,,,,,,,,,,,,,1.003,county-alert,1,1,overhaul-warning,1,4,last-night,0.0033,7,300,1,1,9,0,0,300,1946,0,0,300,1946,0,0,1199,92,0,0,0,0,0,0,0,0.0033,9,,6.4867,,6.4867,,0.0767,,,
stored-night,5,smoke-screen+sluice-jam,w+h-l-,single-water,300,0,0,9,,86.503,0,0,4,75.123,3,12.463,0,0,0,0,1.997,1.697,0.3,0,0,0,0,0,0,0,0,4,0,0,0,0,0,,,,,,,,,,,,,1,county-alert,1,1,overhaul-warning,1,4,last-night,0,,300,0,0,0,0,0,300,2193,0,0,300,2193,0,0,1200,0,0,0,0,0,0,0,0,0,,,7.31,,7.31,,0,,,
stored-night,5,smoke-screen+sluice-jam,w+h-l-,legacy-cycle,300,0,0,9,,79.117,0,0,4,88.027,3,33.687,0,0,0,0,0.843,0.31,0.533,2.407,0,0,0,0,0,0.967,0,4,0,0,0,0,0,,,,,,,,,,,,,1,county-alert,1,1,overhaul-warning,1,4,last-night,0,,300,290,290,2140,0,0,300,1756,0,0,300,1756,0,0,1200,0,0,0,0,0,0,0,0,0.9667,7.3793,,5.8533,,5.8533,,0,,,
stored-night,5,smoke-screen+sluice-jam,w+h-l-,greedy,300,189,0.63,8.317,0.8795,42.207,0,1.18,1.977,47.093,2.82,0.873,1.077,0.24,0.91,0.067,1.747,1.513,0.227,1.647,0,0.95,0,0.23,0,0.04,0,2.66,0,0,0,0,0,,,,,,,,,,,,,1.21,county-alert,1,1,overhaul-warning,1,4,last-night,0.21,8.587,300,12,12,93,9,68,300,411,189,225,111,186,0,0,798,273,0,0,0,0,0,0,0,0.04,7.75,7.5556,1.37,1.1905,1.6757,,0.3421,,,
stored-night,5,smoke-screen+sluice-jam,w+h-l-,planner,300,219,0.73,8.18,0.8752,60.543,0,1.053,2,44.997,2.723,0.687,0.993,0.17,0.687,0.14,1.797,1.647,0.16,1.893,0,0.893,0.01,0.15,0,0.03,0,2.553,0,0,0,0,0,,,,,,,,,,,,,1.153,county-alert,1,1,overhaul-warning,1,4,last-night,0.1533,8.217,300,9,9,73,8,66,300,858,219,253,81,605,0,0,766,206,0,0,0,0,0,0,0,0.03,8.1111,8.25,2.86,1.1553,7.4691,,0.2689,,,
stored-night,5,smoke-screen+sluice-jam,w+h-l-,forecast-aware,300,53,0.1767,8.897,0.935,42.668,0,1.307,2.59,66.453,2.04,1.06,3.06,0,1.117,0.917,1.683,1.4,0.357,2.753,0,0.857,0.073,0.377,0,0.02,0,3.347,0,0,0,0,0,,,,,,,,,,,,,1.353,county-alert,1,1,overhaul-warning,1,4,last-night,0.3533,8.821,300,6,6,54,3,27,300,581,53,67,247,514,0,0,1004,335,0,0,0,0,0,0,0,0.02,9,9,1.9367,1.2642,2.081,,0.3337,,,
stored-night,5,smoke-screen+sluice-jam,w+h-l-,planner-one-mistake,300,87,0.29,8.863,0.9476,60.249,0,0.737,2.5,60.413,3,12.907,1.24,0.28,1.097,0,1.97,1.737,0.247,1.41,0,0.55,0,0.187,0,0.013,0,3.41,0,0,0,0,0,219,300,219,67,0,48,252,0.3059,1,13.0142,3,0,1.123,county-alert,1,1,overhaul-warning,1,4,last-night,0.1233,9,300,4,4,30,1,8,300,1687,87,88,213,1599,0,0,1023,329,0,0,0,0,0,0,0,0.0133,7.5,8,5.6233,1.0115,7.507,,0.3216,,,
stored-night,5,smoke-screen+sluice-jam,w+h-l0,random,300,0,0,9,,84.1,0,0.017,3.697,61.853,2.79,18.023,0.577,1.583,0.307,0.207,0.853,0.647,0.317,0.993,0,0.01,0,0.007,0,0.003,0,3.997,0,0,0,0,0,,,,,,,,,,,,,1.003,county-alert,1,1,overhaul-warning,1,4,last-night,0.0033,7,300,1,1,9,0,0,300,1946,0,0,300,1946,0,0,1199,92,0,0,0,0,0,0,0,0.0033,9,,6.4867,,6.4867,,0.0767,,,
stored-night,5,smoke-screen+sluice-jam,w+h-l0,single-water,300,0,0,9,,86.503,0,0,4,75.123,3,12.463,0,0,0,0,1.997,1.697,0.3,0,0,0,0,0,0,0,0,4,0,0,0,0,0,,,,,,,,,,,,,1,county-alert,1,1,overhaul-warning,1,4,last-night,0,,300,0,0,0,0,0,300,2193,0,0,300,2193,0,0,1200,0,0,0,0,0,0,0,0,0,,,7.31,,7.31,,0,,,
stored-night,5,smoke-screen+sluice-jam,w+h-l0,legacy-cycle,300,0,0,9,,79.117,0,0,4,88.037,3,33.69,0,0,0,0,0.843,0.31,0.533,2.407,0,0,0,0,0,0.967,0,4,0,0,0,0,0,,,,,,,,,,,,,1,county-alert,1,1,overhaul-warning,1,4,last-night,0,,300,290,290,2140,0,0,300,1756,0,0,300,1756,0,0,1200,0,0,0,0,0,0,0,0,0.9667,7.3793,,5.8533,,5.8533,,0,,,
stored-night,5,smoke-screen+sluice-jam,w+h-l0,greedy,300,198,0.66,8.277,0.8782,41.725,0,1.18,1.933,45.62,2.84,0.95,1.05,0.25,0.873,0.067,1.75,1.503,0.24,1.53,0,0.963,0,0.217,0,0.047,0,2.597,0,0,0,0,0,,,,,,,,,,,,,1.197,county-alert,1,1,overhaul-warning,1,4,last-night,0.1967,8.729,300,14,14,112,10,78,300,402,198,231,102,171,0,0,779,262,0,0,0,0,0,0,0,0.0467,8,7.8,1.34,1.1667,1.6765,,0.3363,,,
stored-night,5,smoke-screen+sluice-jam,w+h-l0,planner,300,219,0.73,8.173,0.8742,60.049,0,1.043,2.003,44.917,2.72,0.527,0.973,0.16,0.687,0.14,1.827,1.66,0.177,1.733,0,0.89,0.01,0.143,0,0.02,0,2.563,0,0,0,0,0,,,,,,,,,,,,,1.15,county-alert,1,1,overhaul-warning,1,4,last-night,0.15,8.2,300,6,6,50,5,43,300,874,219,268,81,606,0,0,769,206,0,0,0,0,0,0,0,0.02,8.3333,8.6,2.9133,1.2237,7.4815,,0.2679,,,
stored-night,5,smoke-screen+sluice-jam,w+h-l0,forecast-aware,300,61,0.2033,8.883,0.9362,42.423,0,1.313,2.557,65.467,2.037,1.1,3.057,0,1.113,0.917,1.68,1.4,0.353,2.753,0,0.867,0.073,0.373,0,0.02,0,3.323,0,0,0,0,0,,,,,,,,,,,,,1.35,county-alert,1,1,overhaul-warning,1,4,last-night,0.35,8.819,300,6,6,54,3,27,300,574,61,78,239,496,0,0,997,334,0,0,0,0,0,0,0,0.02,9,9,1.9133,1.2787,2.0753,,0.335,,,
stored-night,5,smoke-screen+sluice-jam,w+h-l0,planner-one-mistake,300,88,0.2933,8.85,0.9432,60.057,0,0.75,2.49,60.24,3,13.087,1.25,0.273,1.097,0,1.953,1.723,0.237,1.42,0,0.557,0,0.193,0,0.013,0,3.393,0,0,0,0,0,219,300,219,68,0,48,252,0.3105,1,13.1475,3,0,1.127,county-alert,1,1,overhaul-warning,1,4,last-night,0.1267,9,300,4,4,29,0,0,300,1686,88,91,212,1595,0,0,1018,329,0,0,0,0,0,0,0,0.0133,7.25,,5.62,1.0341,7.5236,,0.3232,,,
stored-night,5,smoke-screen+sluice-jam,w+h-l+,random,300,0,0,9,,84.083,0,0.017,3.697,61.857,2.79,18.037,0.577,1.583,0.307,0.207,0.853,0.647,0.317,0.993,0,0.01,0,0.007,0,0.003,0,3.997,0,0,0,0,0,,,,,,,,,,,,,1.003,county-alert,1,1,overhaul-warning,1,4,last-night,0.0033,7,300,1,1,9,0,0,300,1946,0,0,300,1946,0,0,1199,92,0,0,0,0,0,0,0,0.0033,9,,6.4867,,6.4867,,0.0767,,,
stored-night,5,smoke-screen+sluice-jam,w+h-l+,single-water,300,0,0,9,,86.503,0,0,4,75.123,3,12.463,0,0,0,0,1.997,1.697,0.3,0,0,0,0,0,0,0,0,4,0,0,0,0,0,,,,,,,,,,,,,1,county-alert,1,1,overhaul-warning,1,4,last-night,0,,300,0,0,0,0,0,300,2193,0,0,300,2193,0,0,1200,0,0,0,0,0,0,0,0,0,,,7.31,,7.31,,0,,,
stored-night,5,smoke-screen+sluice-jam,w+h-l+,legacy-cycle,300,0,0,9,,79.117,0,0,4,88.037,3,33.69,0,0,0,0,0.843,0.31,0.533,2.407,0,0,0,0,0,0.967,0,4,0,0,0,0,0,,,,,,,,,,,,,1,county-alert,1,1,overhaul-warning,1,4,last-night,0,,300,290,290,2140,0,0,300,1756,0,0,300,1756,0,0,1200,0,0,0,0,0,0,0,0,0.9667,7.3793,,5.8533,,5.8533,,0,,,
stored-night,5,smoke-screen+sluice-jam,w+h-l+,greedy,300,200,0.6667,8.27,0.8783,41.78,0,1.177,1.923,45.3,2.84,0.95,1.047,0.25,0.87,0.067,1.747,1.503,0.237,1.527,0,0.963,0,0.213,0,0.047,0,2.59,0,0,0,0,0,,,,,,,,,,,,,1.193,county-alert,1,1,overhaul-warning,1,4,last-night,0.1933,8.741,300,14,14,112,11,87,300,401,200,232,100,169,0,0,777,261,0,0,0,0,0,0,0,0.0467,8,7.9091,1.3367,1.16,1.69,,0.3359,,,
stored-night,5,smoke-screen+sluice-jam,w+h-l+,planner,300,219,0.73,8.173,0.8742,60.025,0,1.043,2.003,44.917,2.72,0.527,0.97,0.163,0.683,0.14,1.827,1.66,0.177,1.733,0,0.89,0.01,0.143,0,0.02,0,2.56,0,0,0,0,0,,,,,,,,,,,,,1.15,county-alert,1,1,overhaul-warning,1,4,last-night,0.15,8.2,300,6,6,50,5,43,300,874,219,268,81,606,0,0,768,205,0,0,0,0,0,0,0,0.02,8.3333,8.6,2.9133,1.2237,7.4815,,0.2669,,,
stored-night,5,smoke-screen+sluice-jam,w+h-l+,forecast-aware,300,61,0.2033,8.883,0.9362,42.343,0,1.313,2.557,65.467,2.037,1.1,3.057,0,1.113,0.917,1.68,1.4,0.353,2.753,0,0.867,0.073,0.373,0,0.02,0,3.323,0,0,0,0,0,,,,,,,,,,,,,1.35,county-alert,1,1,overhaul-warning,1,4,last-night,0.35,8.819,300,6,6,54,3,27,300,574,61,78,239,496,0,0,997,334,0,0,0,0,0,0,0,0.02,9,9,1.9133,1.2787,2.0753,,0.335,,,
stored-night,5,smoke-screen+sluice-jam,w+h-l+,planner-one-mistake,300,88,0.2933,8.85,0.9432,59.962,0,0.757,2.49,60.24,3,13.087,1.25,0.273,1.097,0,1.953,1.723,0.237,1.42,0,0.563,0,0.193,0,0.013,0,3.393,0,0,0,0,0,219,300,219,68,0,48,252,0.3105,1,13.1475,3,0,1.127,county-alert,1,1,overhaul-warning,1,4,last-night,0.1267,9,300,4,4,29,0,0,300,1689,88,94,212,1595,0,0,1018,329,0,0,0,0,0,0,0,0.0133,7.25,,5.63,1.0682,7.5236,,0.3232,,,
stored-night,5,smoke-screen+sluice-jam,w+h0l-,random,300,0,0,9,,84.11,0,0.017,3.697,61.973,2.79,18.047,0.577,1.583,0.307,0.207,0.853,0.647,0.317,0.993,0,0.01,0,0.007,0,0.003,0,3.997,0,0,0,0,0,,,,,,,,,,,,,1.003,county-alert,1,1,overhaul-warning,1,4,last-night,0.0033,7,300,1,1,9,0,0,300,1946,0,0,300,1946,0,0,1199,92,0,0,0,0,0,0,0,0.0033,9,,6.4867,,6.4867,,0.0767,,,
stored-night,5,smoke-screen+sluice-jam,w+h0l-,single-water,300,0,0,9,,86.503,0,0,4,75.123,3,12.463,0,0,0,0,1.997,1.697,0.3,0,0,0,0,0,0,0,0,4,0,0,0,0,0,,,,,,,,,,,,,1,county-alert,1,1,overhaul-warning,1,4,last-night,0,,300,0,0,0,0,0,300,2193,0,0,300,2193,0,0,1200,0,0,0,0,0,0,0,0,0,,,7.31,,7.31,,0,,,
stored-night,5,smoke-screen+sluice-jam,w+h0l-,legacy-cycle,300,0,0,9,,78.817,0,0,4,88.147,3,33.687,0,0,0,0,0.843,0.31,0.533,2.407,0,0,0,0,0,0.967,0,4,0,0,0,0,0,,,,,,,,,,,,,1,county-alert,1,1,overhaul-warning,1,4,last-night,0,,300,290,290,2140,0,0,300,1756,0,0,300,1756,0,0,1200,0,0,0,0,0,0,0,0,0.9667,7.3793,,5.8533,,5.8533,,0,,,
stored-night,5,smoke-screen+sluice-jam,w+h0l-,greedy,300,197,0.6567,8.293,0.8804,42.049,0,1.163,1.95,46,2.817,0.957,1.06,0.267,0.893,0.067,1.75,1.507,0.237,1.61,0,0.953,0,0.21,0,0.043,0,2.64,0,0,0,0,0,,,,,,,,,,,,,1.2,county-alert,1,1,overhaul-warning,1,4,last-night,0.2,8.55,300,13,13,101,11,84,300,400,197,230,103,170,0,0,792,268,0,0,0,0,0,0,0,0.0433,7.7692,7.6364,1.3333,1.1675,1.6505,,0.3384,,,
stored-night,5,smoke-screen+sluice-jam,w+h0l-,planner,300,226,0.7533,8.15,0.8746,60.973,0,1.057,1.967,43.93,2.723,0.607,0.977,0.167,0.677,0.14,1.793,1.63,0.17,1.883,0,0.91,0.007,0.14,0,0.027,0,2.517,0,0,0,0,0,,,,,,,,,,,,,1.143,county-alert,1,1,overhaul-warning,1,4,last-night,0.1433,8.163,300,8,8,65,7,58,300,824,226,274,74,550,0,0,755,203,0,0,0,0,0,0,0,0.0267,8.125,8.2857,2.7467,1.2124,7.4324,,0.2689,,,
stored-night,5,smoke-screen+sluice-jam,w+h0l-,forecast-aware,300,60,0.2,8.877,0.9315,42.413,0,1.29,2.563,65.467,2.04,1.03,3.043,0,1.103,0.917,1.673,1.393,0.35,2.743,0,0.857,0.07,0.363,0,0.02,0,3.32,0,0,0,0,0,,,,,,,,,,,,,1.337,county-alert,1,1,overhaul-warning,1,4,last-night,0.3367,8.812,300,6,6,54,3,27,300,583,60,83,240,500,0,0,996,331,0,0,0,0,0,0,0,0.02,9,9,1.9433,1.3833,2.0833,,0.3323,,,
stored-night,5,smoke-screen+sluice-jam,w+h0l-,planner-one-mistake,300,88,0.2933,8.863,0.9482,59.943,0,0.75,2.497,60.347,3,12.85,1.24,0.293,1.097,0,1.967,1.737,0.243,1.407,0,0.56,0,0.19,0,0.013,0,3.403,0,0,0,0,0,226,300,226,69,0,48,252,0.3053,1,13.0775,3,0,1.127,county-alert,1,1,overhaul-warning,1,4,last-night,0.1267,9,300,4,4,30,1,8,300,1678,88,88,212,1590,0,0,1021,329,0,0,0,0,0,0,0,0.0133,7.5,8,5.5933,1,7.5,,0.3222,,,
stored-night,5,smoke-screen+sluice-jam,w+h0l0,random,300,0,0,9,,83.977,0,0.017,3.697,62.127,2.79,18.09,0.577,1.583,0.307,0.207,0.853,0.647,0.317,0.993,0,0.01,0,0.007,0,0.003,0,3.997,0,0,0,0,0,,,,,,,,,,,,,1.003,county-alert,1,1,overhaul-warning,1,4,last-night,0.0033,7,300,1,1,9,0,0,300,1946,0,0,300,1946,0,0,1199,92,0,0,0,0,0,0,0,0.0033,9,,6.4867,,6.4867,,0.0767,,,
stored-night,5,smoke-screen+sluice-jam,w+h0l0,single-water,300,0,0,9,,86.503,0,0,4,75.123,3,12.463,0,0,0,0,1.997,1.697,0.3,0,0,0,0,0,0,0,0,4,0,0,0,0,0,,,,,,,,,,,,,1,county-alert,1,1,overhaul-warning,1,4,last-night,0,,300,0,0,0,0,0,300,2193,0,0,300,2193,0,0,1200,0,0,0,0,0,0,0,0,0,,,7.31,,7.31,,0,,,
stored-night,5,smoke-screen+sluice-jam,w+h0l0,legacy-cycle,300,0,0,9,,78.817,0,0,4,88.157,3,33.69,0,0,0,0,0.843,0.31,0.533,2.407,0,0,0,0,0,0.967,0,4,0,0,0,0,0,,,,,,,,,,,,,1,county-alert,1,1,overhaul-warning,1,4,last-night,0,,300,290,290,2140,0,0,300,1756,0,0,300,1756,0,0,1200,0,0,0,0,0,0,0,0,0.9667,7.3793,,5.8533,,5.8533,,0,,,
stored-night,5,smoke-screen+sluice-jam,w+h0l0,greedy,300,205,0.6833,8.26,0.8797,42.158,0,1.173,1.917,44.967,2.833,1.11,1.043,0.253,0.86,0.067,1.753,1.503,0.243,1.493,0,0.967,0,0.207,0,0.053,0,2.583,0,0,0,0,0,,,,,,,,,,,,,1.193,county-alert,1,1,overhaul-warning,1,4,last-night,0.1933,8.69,300,16,16,127,13,103,300,390,205,230,95,160,0,0,775,258,0,0,0,0,0,0,0,0.0533,7.9375,7.9231,1.3,1.122,1.6842,,0.3329,,,
stored-night,5,smoke-screen+sluice-jam,w+h0l0,planner,300,224,0.7467,8.153,0.874,60.618,0,1.053,1.98,44.25,2.72,0.607,0.96,0.163,0.677,0.14,1.823,1.643,0.187,1.73,0,0.907,0.007,0.14,0,0.023,0,2.53,0,0,0,0,0,,,,,,,,,,,,,1.143,county-alert,1,1,overhaul-warning,1,4,last-night,0.1433,8.163,300,7,7,57,6,50,300,842,224,278,76,564,0,0,759,203,0,0,0,0,0,0,0,0.0233,8.1429,8.3333,2.8067,1.2411,7.4211,,0.2675,,,
stored-night,5,smoke-screen+sluice-jam,w+h0l0,forecast-aware,300,71,0.2367,8.84,0.9249,41.917,0,1.283,2.497,63.413,2.037,1.07,3.043,0,1.103,0.917,1.66,1.383,0.347,2.743,0,0.867,0.07,0.347,0,0.02,0,3.28,0,0,0,0,0,,,,,,,,,,,,,1.323,county-alert,1,1,overhaul-warning,1,4,last-night,0.3233,8.845,300,6,6,54,3,27,300,577,71,96,229,481,0,0,984,331,0,0,0,0,0,0,0,0.02,9,9,1.9233,1.3521,2.1004,,0.3364,,,
stored-night,5,smoke-screen+sluice-jam,w+h0l0,planner-one-mistake,300,95,0.3167,8.85,0.9474,59.541,0,0.74,2.463,59.133,3,13.027,1.25,0.283,1.097,0,1.957,1.723,0.24,1.417,0,0.563,0,0.177,0,0.013,0,3.383,0,0,0,0,0,224,300,224,73,0,48,252,0.3259,1,13.2108,3,0,1.127,county-alert,1,1,overhaul-warning,1,4,last-night,0.1267,9,300,4,4,29,0,0,300,1644,95,104,205,1540,0,0,1015,329,0,0,0,0,0,0,0,0.0133,7.25,,5.48,1.0947,7.5122,,0.3241,,,
stored-night,5,smoke-screen+sluice-jam,w+h0l+,random,300,0,0,9,,83.96,0,0.017,3.697,62.13,2.79,18.103,0.577,1.583,0.307,0.207,0.853,0.647,0.317,0.993,0,0.01,0,0.007,0,0.003,0,3.997,0,0,0,0,0,,,,,,,,,,,,,1.003,county-alert,1,1,overhaul-warning,1,4,last-night,0.0033,7,300,1,1,9,0,0,300,1946,0,0,300,1946,0,0,1199,92,0,0,0,0,0,0,0,0.0033,9,,6.4867,,6.4867,,0.0767,,,
stored-night,5,smoke-screen+sluice-jam,w+h0l+,single-water,300,0,0,9,,86.503,0,0,4,75.123,3,12.463,0,0,0,0,1.997,1.697,0.3,0,0,0,0,0,0,0,0,4,0,0,0,0,0,,,,,,,,,,,,,1,county-alert,1,1,overhaul-warning,1,4,last-night,0,,300,0,0,0,0,0,300,2193,0,0,300,2193,0,0,1200,0,0,0,0,0,0,0,0,0,,,7.31,,7.31,,0,,,
stored-night,5,smoke-screen+sluice-jam,w+h0l+,legacy-cycle,300,0,0,9,,78.817,0,0,4,88.157,3,33.69,0,0,0,0,0.843,0.31,0.533,2.407,0,0,0,0,0,0.967,0,4,0,0,0,0,0,,,,,,,,,,,,,1,county-alert,1,1,overhaul-warning,1,4,last-night,0,,300,290,290,2140,0,0,300,1756,0,0,300,1756,0,0,1200,0,0,0,0,0,0,0,0,0.9667,7.3793,,5.8533,,5.8533,,0,,,
stored-night,5,smoke-screen+sluice-jam,w+h0l+,greedy,300,205,0.6833,8.253,0.8786,42.147,0,1.17,1.917,44.967,2.833,1.19,1.04,0.25,0.857,0.067,1.753,1.503,0.243,1.493,0,0.963,0,0.207,0,0.057,0,2.583,0,0,0,0,0,,,,,,,,,,,,,1.193,county-alert,1,1,overhaul-warning,1,4,last-night,0.1933,8.69,300,17,17,134,14,110,300,389,205,229,95,160,0,0,775,257,0,0,0,0,0,0,0,0.0567,7.8824,7.8571,1.2967,1.1171,1.6842,,0.3316,,,
stored-night,5,smoke-screen+sluice-jam,w+h0l+,planner,300,224,0.7467,8.153,0.874,60.592,0,1.053,1.98,44.25,2.72,0.607,0.957,0.163,0.673,0.14,1.823,1.643,0.187,1.73,0,0.907,0.007,0.14,0,0.023,0,2.527,0,0,0,0,0,,,,,,,,,,,,,1.143,county-alert,1,1,overhaul-warning,1,4,last-night,0.1433,8.163,300,7,7,57,6,50,300,843,224,279,76,564,0,0,758,202,0,0,0,0,0,0,0,0.0233,8.1429,8.3333,2.81,1.2455,7.4211,,0.2665,,,
stored-night,5,smoke-screen+sluice-jam,w+h0l+,forecast-aware,300,72,0.24,8.837,0.9244,41.772,0,1.28,2.49,63.173,2.037,1.07,3.043,0,1.103,0.917,1.66,1.383,0.347,2.743,0,0.867,0.07,0.343,0,0.02,0,3.277,0,0,0,0,0,,,,,,,,,,,,,1.32,county-alert,1,1,overhaul-warning,1,4,last-night,0.32,8.844,300,6,6,54,3,27,300,576,72,97,228,479,0,0,983,331,0,0,0,0,0,0,0,0.02,9,9,1.92,1.3472,2.1009,,0.3367,,,
stored-night,5,smoke-screen+sluice-jam,w+h0l+,planner-one-mistake,300,96,0.32,8.85,0.9479,59.466,0,0.743,2.46,58.973,3,13.107,1.25,0.283,1.097,0,1.957,1.723,0.24,1.427,0,0.57,0,0.173,0,0.013,0,3.383,0,0,0,0,0,224,300,224,74,0,48,252,0.3304,1,13.2108,3,0,1.127,county-alert,1,1,overhaul-warning,1,4,last-night,0.1267,9,300,4,4,29,0,0,300,1642,96,110,204,1532,0,0,1015,329,0,0,0,0,0,0,0,0.0133,7.25,,5.4733,1.1458,7.5098,,0.3241,,,
stored-night,5,smoke-screen+sluice-jam,w+h+l-,random,300,0,0,9,,84.103,0,0.017,3.697,61.983,2.79,18.047,0.577,1.583,0.307,0.207,0.853,0.647,0.317,0.993,0,0.01,0,0.007,0,0.003,0,3.997,0,0,0,0,0,,,,,,,,,,,,,1.003,county-alert,1,1,overhaul-warning,1,4,last-night,0.0033,7,300,1,1,9,0,0,300,1946,0,0,300,1946,0,0,1199,92,0,0,0,0,0,0,0,0.0033,9,,6.4867,,6.4867,,0.0767,,,
stored-night,5,smoke-screen+sluice-jam,w+h+l-,single-water,300,0,0,9,,86.503,0,0,4,75.123,3,12.463,0,0,0,0,1.997,1.697,0.3,0,0,0,0,0,0,0,0,4,0,0,0,0,0,,,,,,,,,,,,,1,county-alert,1,1,overhaul-warning,1,4,last-night,0,,300,0,0,0,0,0,300,2193,0,0,300,2193,0,0,1200,0,0,0,0,0,0,0,0,0,,,7.31,,7.31,,0,,,
stored-night,5,smoke-screen+sluice-jam,w+h+l-,legacy-cycle,300,0,0,9,,78.817,0,0,4,88.147,3,33.687,0,0,0,0,0.843,0.31,0.533,2.407,0,0,0,0,0,0.967,0,4,0,0,0,0,0,,,,,,,,,,,,,1,county-alert,1,1,overhaul-warning,1,4,last-night,0,,300,290,290,2140,0,0,300,1756,0,0,300,1756,0,0,1200,0,0,0,0,0,0,0,0,0.9667,7.3793,,5.8533,,5.8533,,0,,,
stored-night,5,smoke-screen+sluice-jam,w+h+l-,greedy,300,197,0.6567,8.293,0.8804,42.039,0,1.163,1.95,46,2.817,1.037,1.06,0.267,0.893,0.067,1.747,1.507,0.233,1.607,0,0.953,0,0.21,0,0.047,0,2.64,0,0,0,0,0,,,,,,,,,,,,,1.2,county-alert,1,1,overhaul-warning,1,4,last-night,0.2,8.55,300,14,14,108,11,84,300,399,197,230,103,169,0,0,792,268,0,0,0,0,0,0,0,0.0467,7.7143,7.6364,1.33,1.1675,1.6408,,0.3384,,,
stored-night,5,smoke-screen+sluice-jam,w+h+l-,planner,300,226,0.7533,8.15,0.8746,60.973,0,1.057,1.967,43.93,2.723,0.607,0.977,0.167,0.677,0.14,1.793,1.63,0.17,1.883,0,0.91,0.007,0.14,0,0.027,0,2.517,0,0,0,0,0,,,,,,,,,,,,,1.143,county-alert,1,1,overhaul-warning,1,4,last-night,0.1433,8.163,300,8,8,65,7,58,300,824,226,274,74,550,0,0,755,203,0,0,0,0,0,0,0,0.0267,8.125,8.2857,2.7467,1.2124,7.4324,,0.2689,,,
stored-night,5,smoke-screen+sluice-jam,w+h+l-,forecast-aware,300,62,0.2067,8.87,0.9301,42.265,0,1.287,2.553,65.067,2.04,1.03,3.04,0,1.1,0.917,1.67,1.39,0.35,2.743,0,0.86,0.07,0.357,0,0.02,0,3.313,0,0,0,0,0,,,,,,,,,,,,,1.33,county-alert,1,1,overhaul-warning,1,4,last-night,0.33,8.808,300,6,6,54,3,27,300,585,62,87,238,498,0,0,994,330,0,0,0,0,0,0,0,0.02,9,9,1.95,1.4032,2.0924,,0.332,,,
stored-night,5,smoke-screen+sluice-jam,w+h+l-,planner-one-mistake,300,89,0.2967,8.863,0.9488,59.886,0,0.747,2.493,60.187,3,12.85,1.24,0.293,1.097,0,1.97,1.737,0.247,1.407,0,0.56,0,0.187,0,0.013,0,3.403,0,0,0,0,0,226,300,226,70,0,48,252,0.3097,1,13.0775,3,0,1.127,county-alert,1,1,overhaul-warning,1,4,last-night,0.1267,9,300,4,4,30,1,8,300,1670,89,88,211,1582,0,0,1021,329,0,0,0,0,0,0,0,0.0133,7.5,8,5.5667,0.9888,7.4976,,0.3222,,,
stored-night,5,smoke-screen+sluice-jam,w+h+l0,random,300,0,0,9,,83.97,0,0.017,3.697,62.137,2.79,18.09,0.577,1.583,0.307,0.207,0.853,0.647,0.317,0.993,0,0.01,0,0.007,0,0.003,0,3.997,0,0,0,0,0,,,,,,,,,,,,,1.003,county-alert,1,1,overhaul-warning,1,4,last-night,0.0033,7,300,1,1,9,0,0,300,1946,0,0,300,1946,0,0,1199,92,0,0,0,0,0,0,0,0.0033,9,,6.4867,,6.4867,,0.0767,,,
stored-night,5,smoke-screen+sluice-jam,w+h+l0,single-water,300,0,0,9,,86.503,0,0,4,75.123,3,12.463,0,0,0,0,1.997,1.697,0.3,0,0,0,0,0,0,0,0,4,0,0,0,0,0,,,,,,,,,,,,,1,county-alert,1,1,overhaul-warning,1,4,last-night,0,,300,0,0,0,0,0,300,2193,0,0,300,2193,0,0,1200,0,0,0,0,0,0,0,0,0,,,7.31,,7.31,,0,,,
stored-night,5,smoke-screen+sluice-jam,w+h+l0,legacy-cycle,300,0,0,9,,78.817,0,0,4,88.157,3,33.69,0,0,0,0,0.843,0.31,0.533,2.407,0,0,0,0,0,0.967,0,4,0,0,0,0,0,,,,,,,,,,,,,1,county-alert,1,1,overhaul-warning,1,4,last-night,0,,300,290,290,2140,0,0,300,1756,0,0,300,1756,0,0,1200,0,0,0,0,0,0,0,0,0.9667,7.3793,,5.8533,,5.8533,,0,,,
stored-night,5,smoke-screen+sluice-jam,w+h+l0,greedy,300,205,0.6833,8.253,0.8786,42.158,0,1.17,1.917,44.967,2.833,1.19,1.04,0.25,0.857,0.067,1.753,1.503,0.243,1.493,0,0.963,0,0.207,0,0.057,0,2.583,0,0,0,0,0,,,,,,,,,,,,,1.193,county-alert,1,1,overhaul-warning,1,4,last-night,0.1933,8.69,300,17,17,134,14,110,300,389,205,229,95,160,0,0,775,257,0,0,0,0,0,0,0,0.0567,7.8824,7.8571,1.2967,1.1171,1.6842,,0.3316,,,
stored-night,5,smoke-screen+sluice-jam,w+h+l0,planner,300,224,0.7467,8.153,0.874,60.592,0,1.053,1.98,44.25,2.72,0.607,0.96,0.163,0.677,0.14,1.823,1.643,0.187,1.73,0,0.907,0.007,0.14,0,0.023,0,2.53,0,0,0,0,0,,,,,,,,,,,,,1.143,county-alert,1,1,overhaul-warning,1,4,last-night,0.1433,8.163,300,7,7,57,6,50,300,842,224,278,76,564,0,0,759,203,0,0,0,0,0,0,0,0.0233,8.1429,8.3333,2.8067,1.2411,7.4211,,0.2675,,,
stored-night,5,smoke-screen+sluice-jam,w+h+l0,forecast-aware,300,73,0.2433,8.833,0.9239,41.758,0,1.277,2.487,63.013,2.037,1.07,3.04,0,1.1,0.917,1.657,1.38,0.347,2.743,0,0.867,0.07,0.34,0,0.02,0,3.273,0,0,0,0,0,,,,,,,,,,,,,1.317,county-alert,1,1,overhaul-warning,1,4,last-night,0.3167,8.842,300,6,6,54,3,27,300,579,73,100,227,479,0,0,982,330,0,0,0,0,0,0,0,0.02,9,9,1.93,1.3699,2.1101,,0.336,,,
stored-night,5,smoke-screen+sluice-jam,w+h+l0,planner-one-mistake,300,95,0.3167,8.85,0.9474,59.532,0,0.74,2.463,59.133,3,13.027,1.25,0.283,1.097,0,1.957,1.723,0.24,1.417,0,0.563,0,0.177,0,0.013,0,3.383,0,0,0,0,0,224,300,224,73,0,48,252,0.3259,1,13.2108,3,0,1.127,county-alert,1,1,overhaul-warning,1,4,last-night,0.1267,9,300,4,4,29,0,0,300,1644,95,104,205,1540,0,0,1015,329,0,0,0,0,0,0,0,0.0133,7.25,,5.48,1.0947,7.5122,,0.3241,,,
stored-night,5,smoke-screen+sluice-jam,w+h+l+,random,300,0,0,9,,83.953,0,0.017,3.697,62.14,2.79,18.103,0.577,1.583,0.307,0.207,0.853,0.647,0.317,0.993,0,0.01,0,0.007,0,0.003,0,3.997,0,0,0,0,0,,,,,,,,,,,,,1.003,county-alert,1,1,overhaul-warning,1,4,last-night,0.0033,7,300,1,1,9,0,0,300,1946,0,0,300,1946,0,0,1199,92,0,0,0,0,0,0,0,0.0033,9,,6.4867,,6.4867,,0.0767,,,
stored-night,5,smoke-screen+sluice-jam,w+h+l+,single-water,300,0,0,9,,86.503,0,0,4,75.123,3,12.463,0,0,0,0,1.997,1.697,0.3,0,0,0,0,0,0,0,0,4,0,0,0,0,0,,,,,,,,,,,,,1,county-alert,1,1,overhaul-warning,1,4,last-night,0,,300,0,0,0,0,0,300,2193,0,0,300,2193,0,0,1200,0,0,0,0,0,0,0,0,0,,,7.31,,7.31,,0,,,
stored-night,5,smoke-screen+sluice-jam,w+h+l+,legacy-cycle,300,0,0,9,,78.813,0,0,4,88.157,3,33.69,0,0,0,0,0.843,0.31,0.533,2.407,0,0,0,0,0,0.967,0,4,0,0,0,0,0,,,,,,,,,,,,,1,county-alert,1,1,overhaul-warning,1,4,last-night,0,,300,290,290,2140,0,0,300,1756,0,0,300,1756,0,0,1200,0,0,0,0,0,0,0,0,0.9667,7.3793,,5.8533,,5.8533,,0,,,
stored-night,5,smoke-screen+sluice-jam,w+h+l+,greedy,300,205,0.6833,8.253,0.8786,42.147,0,1.17,1.917,44.967,2.833,1.19,1.04,0.25,0.857,0.067,1.753,1.503,0.243,1.493,0,0.963,0,0.207,0,0.057,0,2.583,0,0,0,0,0,,,,,,,,,,,,,1.193,county-alert,1,1,overhaul-warning,1,4,last-night,0.1933,8.69,300,17,17,134,14,110,300,389,205,229,95,160,0,0,775,257,0,0,0,0,0,0,0,0.0567,7.8824,7.8571,1.2967,1.1171,1.6842,,0.3316,,,
stored-night,5,smoke-screen+sluice-jam,w+h+l+,planner,300,224,0.7467,8.153,0.874,60.566,0,1.053,1.98,44.25,2.72,0.607,0.957,0.163,0.673,0.14,1.823,1.643,0.187,1.73,0,0.907,0.007,0.14,0,0.023,0,2.527,0,0,0,0,0,,,,,,,,,,,,,1.143,county-alert,1,1,overhaul-warning,1,4,last-night,0.1433,8.163,300,7,7,57,6,50,300,843,224,279,76,564,0,0,758,202,0,0,0,0,0,0,0,0.0233,8.1429,8.3333,2.81,1.2455,7.4211,,0.2665,,,
stored-night,5,smoke-screen+sluice-jam,w+h+l+,forecast-aware,300,74,0.2467,8.83,0.9234,41.611,0,1.273,2.48,62.773,2.037,1.07,3.04,0,1.1,0.917,1.657,1.38,0.347,2.743,0,0.867,0.07,0.337,0,0.02,0,3.27,0,0,0,0,0,,,,,,,,,,,,,1.313,county-alert,1,1,overhaul-warning,1,4,last-night,0.3133,8.84,300,6,6,54,3,27,300,578,74,101,226,477,0,0,981,330,0,0,0,0,0,0,0,0.02,9,9,1.9267,1.3649,2.1106,,0.3364,,,
stored-night,5,smoke-screen+sluice-jam,w+h+l+,planner-one-mistake,300,96,0.32,8.85,0.9479,59.456,0,0.743,2.46,58.973,3,13.107,1.25,0.283,1.097,0,1.957,1.723,0.24,1.427,0,0.57,0,0.173,0,0.013,0,3.383,0,0,0,0,0,224,300,224,74,0,48,252,0.3304,1,13.2108,3,0,1.127,county-alert,1,1,overhaul-warning,1,4,last-night,0.1267,9,300,4,4,29,0,0,300,1642,96,110,204,1532,0,0,1015,329,0,0,0,0,0,0,0,0.0133,7.25,,5.4733,1.1458,7.5098,,0.3241,,,
