level,sequence,deck,scenario,strategy,games,wins,win_rate,avg_end_turn,avg_winning_turn_budget_used,avg_core_remaining_on_loss,illegal_choices,avg_phase_changes,city_repairs,city_repair_amount,shields_raised,shield_absorbed,interrupts,interrupts_failed,repairs_interrupted,shields_interrupted,breaches_opened,breaches_used,breaches_wasted,combos,pulse_refunds,overhaul_started,overhaul_stopped,overhaul_completed,missed_actions,ultimate_uses,pulse_windows,repair_windows,mirror_baits,mirror_followup_windows,mirror_switch_hits,mirror_switch_breaches,mirror_switch_core_damage,planner_baseline_wins,mistakes_injected,eligible_mistake_games,recoveries_after_mistake,no_eligible_mistake_games,missed_interrupt_mistakes,walked_into_shield_mistakes,recovery_rate,eligible_mistake_coverage,avg_finite_score_delta,min_finite_score_delta,mistakes_skipping_a_winning_move,avg_level_phase_changes,act_1_id,act_1_reach_rate,act_1_avg_entry_turn,act_2_id,act_2_reach_rate,act_2_avg_entry_turn,act_3_id,act_3_reach_rate,act_3_avg_entry_turn,diagnostic_games,diagnostic_ultimate_uses,diagnostic_ultimate_games,diagnostic_first_ultimate_turn_sum,diagnostic_winning_ultimate_games,diagnostic_winning_first_ultimate_turn_sum,diagnostic_terminal_games,diagnostic_terminal_malice_sum,diagnostic_terminal_wins,diagnostic_terminal_malice_wins_sum,diagnostic_terminal_losses,diagnostic_terminal_malice_losses_sum,diagnostic_pulse_windows,diagnostic_pulse_refunds,diagnostic_repair_windows,diagnostic_repairs_interrupted,diagnostic_mirror_baits,diagnostic_mirror_followup_windows,diagnostic_mirror_switch_hits,diagnostic_mirror_switch_breaches,diagnostic_mirror_switch_core_damage,diagnostic_mirror_breach_games,diagnostic_mirror_breach_wins,diagnostic_ultimate_use_rate,diagnostic_avg_first_ultimate_turn,diagnostic_avg_winning_first_ultimate_turn,diagnostic_avg_terminal_malice,diagnostic_avg_terminal_malice_wins,diagnostic_avg_terminal_malice_losses,diagnostic_pulse_combo_use_rate,diagnostic_repair_interrupt_rate,diagnostic_mirror_switch_hit_rate,diagnostic_mirror_switch_breach_rate,diagnostic_mirror_breach_win_rate
stored-night,5,tide-siege+hollow-ground,w-h-l-,random,300,1,0.0033,8.997,0.8889,82.843,0,0.017,3.743,68.327,2.903,19.53,0.387,1.093,0.25,0.097,1.023,0.76,0.34,1.013,0,0.013,0,0.003,0,0.017,0,3.99,0,0,0,0,0,,,,,,,,,,,,,1.003,county-alert,1,1,overhaul-warning,1,4,last-night,0.0033,9,300,5,5,41,0,0,300,1856,1,1,299,1855,0,0,1197,75,0,0,0,0,0,0,0,0.0167,8.2,,6.1867,1,6.204,,0.0627,,,
stored-night,5,tide-siege+hollow-ground,w-h-l-,single-water,300,0,0,9,,88.937,0,0,4,76.297,3,13.933,0,0,0,0,1.993,1.813,0.18,0,0,0,0,0,0,0,0,4,0,0,0,0,0,,,,,,,,,,,,,1,county-alert,1,1,overhaul-warning,1,4,last-night,0,,300,0,0,0,0,0,300,2398,0,0,300,2398,0,0,1200,0,0,0,0,0,0,0,0,0,,,7.9933,,7.9933,,0,,,
stored-night,5,tide-siege+hollow-ground,w-h-l-,legacy-cycle,300,0,0,9,,76.81,0,0,4,87.787,3,29.507,0,0,0,0,0.787,0.337,0.46,2.4,0,0,0,0,0,0.947,0,4,0,0,0,0,0,,,,,,,,,,,,,1,county-alert,1,1,overhaul-warning,1,4,last-night,0,,300,284,284,2168,0,0,300,1691,0,0,300,1691,0,0,1200,0,0,0,0,0,0,0,0,0.9467,7.6338,,5.6367,,5.6367,,0,,,
stored-night,5,tide-siege+hollow-ground,w-h-l-,greedy,300,202,0.6733,8.233,0.8735,46.224,0,1.103,2.013,46.967,2.813,1.267,0.913,0.183,0.773,0.05,1.7,1.453,0.247,1.87,0,0.913,0.003,0.187,0,0.02,0,2.6,0,0,0,0,0,,,,,,,,,,,,,1.173,county-alert,1,1,overhaul-warning,1,4,last-night,0.1733,8.115,300,6,6,48,5,40,300,370,202,237,98,133,0,0,780,232,0,0,0,0,0,0,0,0.02,8,8,1.2333,1.1733,1.3571,,0.2974,,,
stored-night,5,tide-siege+hollow-ground,w-h-l-,planner,300,170,0.5667,8.31,0.8647,66.015,0,0.997,2.367,56.32,2.74,2.303,0.833,0.2,0.61,0.107,1.757,1.56,0.223,2,0,0.79,0.007,0.2,0,0.01,0,2.787,0,0,0,0,0,,,,,,,,,,,,,1.19,county-alert,1,1,overhaul-warning,1,4,last-night,0.19,8.193,300,3,3,23,2,16,300,1152,170,200,130,952,0,0,836,183,0,0,0,0,0,0,0,0.01,7.6667,8,3.84,1.1765,7.3231,,0.2189,,,
stored-night,5,tide-siege+hollow-ground,w-h-l-,forecast-aware,300,104,0.3467,8.66,0.891,43.352,0,1.103,2.647,65.673,2.35,1.413,1.927,0,0.753,0.577,1.763,1.507,0.337,2.457,0,0.8,0.05,0.253,0,0.03,0,3.18,0,0,0,0,0,,,,,,,,,,,,,1.28,county-alert,1,1,overhaul-warning,1,4,last-night,0.28,8.726,300,9,9,80,5,44,300,430,104,118,196,312,0,0,954,226,0,0,0,0,0,0,0,0.03,8.8889,8.8,1.4333,1.1346,1.5918,,0.2369,,,
stored-night,5,tide-siege+hollow-ground,w-h-l-,planner-one-mistake,300,64,0.2133,8.833,0.9132,64.996,0,0.483,2.82,68.95,2.99,14.093,0.897,0.297,0.823,0.007,2.003,1.79,0.27,1.467,0,0.36,0,0.123,0,0,0,3.52,0,0,0,0,0,170,300,170,46,0,46,254,0.2706,1,12.5492,2,0,1.083,county-alert,1,1,overhaul-warning,1,4,last-night,0.0833,9,300,0,0,0,0,0,300,1777,64,48,236,1729,0,0,1056,247,0,0,0,0,0,0,0,0,,,5.9233,0.75,7.3263,,0.2339,,,
stored-night,5,tide-siege+hollow-ground,w-h-l0,random,300,1,0.0033,8.997,0.8889,82.656,0,0.017,3.743,68.58,2.903,19.583,0.387,1.093,0.25,0.097,1.023,0.76,0.34,1.013,0,0.013,0,0.003,0,0.017,0,3.99,0,0,0,0,0,,,,,,,,,,,,,1.003,county-alert,1,1,overhaul-warning,1,4,last-night,0.0033,9,300,5,5,41,0,0,300,1856,1,1,299,1855,0,0,1197,75,0,0,0,0,0,0,0,0.0167,8.2,,6.1867,1,6.204,,0.0627,,,
stored-night,5,tide-siege+hollow-ground,w-h-l0,single-water,300,0,0,9,,88.937,0,0,4,76.297,3,13.933,0,0,0,0,1.993,1.813,0.18,0,0,0,0,0,0,0,0,4,0,0,0,0,0,,,,,,,,,,,,,1,county-alert,1,1,overhaul-warning,1,4,last-night,0,,300,0,0,0,0,0,300,2398,0,0,300,2398,0,0,1200,0,0,0,0,0,0,0,0,0,,,7.9933,,7.9933,,0,,,
stored-night,5,tide-siege+hollow-ground,w-h-l0,legacy-cycle,300,0,0,9,,76.577,0,0,4,87.79,3,29.507,0,0,0,0,0.787,0.337,0.46,2.4,0,0,0,0,0,0.947,0,4,0,0,0,0,0,,,,,,,,,,,,,1,county-alert,1,1,overhaul-warning,1,4,last-night,0,,300,284,284,2168,0,0,300,1691,0,0,300,1691,0,0,1200,0,0,0,0,0,0,0,0,0.9467,7.6338,,5.6367,,5.6367,,0,,,
stored-night,5,tide-siege+hollow-ground,w-h-l0,greedy,300,205,0.6833,8.217,0.8726,46.032,0,1.127,2.023,47.347,2.79,1.28,0.9,0.183,0.757,0.047,1.697,1.46,0.243,1.773,0,0.927,0.003,0.197,0,0.027,0,2.59,0,0,0,0,0,,,,,,,,,,,,,1.187,county-alert,1,1,overhaul-warning,1,4,last-night,0.1867,8.071,300,8,8,64,8,64,300,367,205,243,95,124,0,0,777,227,0,0,0,0,0,0,0,0.0267,8,8,1.2233,1.1854,1.3053,,0.2921,,,
stored-night,5,tide-siege+hollow-ground,w-h-l0,planner,300,176,0.5867,8.28,0.8636,65.903,0,1.017,2.353,55.753,2.717,2.253,0.8,0.213,0.593,0.107,1.753,1.563,0.22,1.963,0,0.807,0.007,0.203,0,0.01,0,2.753,0,0,0,0,0,,,,,,,,,,,,,1.197,county-alert,1,1,overhaul-warning,1,4,last-night,0.1967,8.136,300,3,3,23,1,8,300,1102,176,196,124,906,0,0,826,178,0,0,0,0,0,0,0,0.01,7.6667,8,3.6733,1.1136,7.3065,,0.2155,,,
stored-night,5,tide-siege+hollow-ground,w-h-l0,forecast-aware,300,105,0.35,8.647,0.8878,42.8,0,1.103,2.653,65.927,2.327,1.38,1.91,0,0.743,0.577,1.757,1.5,0.327,2.443,0,0.8,0.047,0.257,0,0.033,0,3.17,0,0,0,0,0,,,,,,,,,,,,,1.283,county-alert,1,1,overhaul-warning,1,4,last-night,0.2833,8.718,300,10,10,89,5,44,300,430,105,121,195,309,0,0,951,223,0,0,0,0,0,0,0,0.0333,8.9,8.8,1.4333,1.1524,1.5846,,0.2345,,,
stored-night,5,tide-siege+hollow-ground,w-h-l0,planner-one-mistake,300,70,0.2333,8.81,0.9095,64.591,0,0.5,2.793,68.007,2.99,14.163,0.87,0.29,0.8,0.007,1.997,1.773,0.26,1.457,0,0.38,0,0.12,0,0.003,0,3.473,0,0,0,0,0,176,300,176,50,0,46,254,0.2841,1,12.7817,2,0,1.09,county-alert,1,1,overhaul-warning,1,4,last-night,0.09,9,300,1,1,8,1,8,300,1743,70,61,230,1682,0,0,1042,240,0,0,0,0,0,0,0,0.0033,8,8,5.81,0.8714,7.313,,0.2303,,,
stored-night,5,tide-siege+hollow-ground,w-h-l+,random,300,1,0.0033,8.997,0.8889,82.632,0,0.017,3.743,68.613,2.903,19.59,0.387,1.093,0.25,0.097,1.023,0.76,0.34,1.013,0,0.013,0,0.003,0,0.017,0,3.99,0,0,0,0,0,,,,,,,,,,,,,1.003,county-alert,1,1,overhaul-warning,1,4,last-night,0.0033,9,300,5,5,41,0,0,300,1856,1,1,299,1855,0,0,1197,75,0,0,0,0,0,0,0,0.0167,8.2,,6.1867,1,6.204,,0.0627,,,
stored-night,5,tide-siege+hollow-ground,w-h-l+,single-water,300,0,0,9,,88.937,0,0,4,76.297,3,13.933,0,0,0,0,1.993,1.813,0.18,0,0,0,0,0,0,0,0,4,0,0,0,0,0,,,,,,,,,,,,,1,county-alert,1,1,overhaul-warning,1,4,last-night,0,,300,0,0,0,0,0,300,2398,0,0,300,2398,0,0,1200,0,0,0,0,0,0,0,0,0,,,7.9933,,7.9933,,0,,,
stored-night,5,tide-siege+hollow-ground,w-h-l+,legacy-cycle,300,0,0,9,,76.57,0,0,4,87.79,3,29.507,0,0,0,0,0.787,0.337,0.46,2.4,0,0,0,0,0,0.947,0,4,0,0,0,0,0,,,,,,,,,,,,,1,county-alert,1,1,overhaul-warning,1,4,last-night,0,,300,284,284,2168,0,0,300,1691,0,0,300,1691,0,0,1200,0,0,0,0,0,0,0,0,0.9467,7.6338,,5.6367,,5.6367,,0,,,
stored-night,5,tide-siege+hollow-ground,w-h-l+,greedy,300,202,0.6733,8.223,0.8718,46.082,0,1.137,2.047,48.093,2.777,1.28,0.907,0.18,0.767,0.047,1.7,1.453,0.253,1.78,0,0.927,0.003,0.207,0,0.027,0,2.613,0,0,0,0,0,,,,,,,,,,,,,1.197,county-alert,1,1,overhaul-warning,1,4,last-night,0.1967,7.983,300,8,8,64,8,64,300,368,202,241,98,127,0,0,784,230,0,0,0,0,0,0,0,0.0267,8,8,1.2267,1.1931,1.2959,,0.2934,,,
stored-night,5,tide-siege+hollow-ground,w-h-l+,planner,300,175,0.5833,8.283,0.8635,65.968,0,1.02,2.363,56.047,2.71,2.253,0.803,0.21,0.597,0.107,1.757,1.567,0.22,1.96,0,0.807,0.007,0.207,0,0.01,0,2.763,0,0,0,0,0,,,,,,,,,,,,,1.2,county-alert,1,1,overhaul-warning,1,4,last-night,0.2,8.083,300,3,3,23,1,8,300,1111,175,196,125,915,0,0,829,179,0,0,0,0,0,0,0,0.01,7.6667,8,3.7033,1.12,7.32,,0.2159,,,
stored-night,5,tide-siege+hollow-ground,w-h-l+,forecast-aware,300,105,0.35,8.63,0.8825,42.682,0,1.103,2.653,65.927,2.327,1.38,1.903,0,0.743,0.577,1.753,1.483,0.34,2.43,0,0.8,0.047,0.257,0,0.033,0,3.167,0,0,0,0,0,,,,,,,,,,,,,1.28,county-alert,1,1,overhaul-warning,1,4,last-night,0.28,8.714,300,10,10,89,5,44,300,427,105,118,195,309,0,0,950,223,0,0,0,0,0,0,0,0.0333,8.9,8.8,1.4233,1.1238,1.5846,,0.2347,,,
stored-night,5,tide-siege+hollow-ground,w-h-l+,planner-one-mistake,300,70,0.2333,8.81,0.9095,64.513,0,0.503,2.79,67.9,2.99,14.163,0.87,0.29,0.8,0.007,1.993,1.777,0.253,1.443,0,0.383,0,0.12,0,0.003,0,3.47,0,0,0,0,0,175,300,175,49,0,46,254,0.28,1,12.7817,2,0,1.09,county-alert,1,1,overhaul-warning,1,4,last-night,0.09,9,300,1,1,8,1,8,300,1746,70,62,230,1684,0,0,1041,240,0,0,0,0,0,0,0,0.0033,8,8,5.82,0.8857,7.3217,,0.2305,,,
stored-night,5,tide-siege+hollow-ground,w-h0l-,random,300,1,0.0033,8.997,0.8889,82.682,0,0.017,3.743,68.563,2.903,19.597,0.387,1.093,0.25,0.097,1.023,0.76,0.34,1.013,0,0.013,0,0.003,0,0.017,0,3.99,0,0,0,0,0,,,,,,,,,,,,,1.003,county-alert,1,1,overhaul-warning,1,4,last-night,0.0033,9,300,5,5,41,0,0,300,1856,1,1,299,1855,0,0,1197,75,0,0,0,0,0,0,0,0.0167,8.2,,6.1867,1,6.204,,0.0627,,,
stored-night,5,tide-siege+hollow-ground,w-h0l-,single-water,300,0,0,9,,88.937,0,0,4,76.297,3,13.933,0,0,0,0,1.993,1.813,0.18,0,0,0,0,0,0,0,0,4,0,0,0,0,0,,,,,,,,,,,,,1,county-alert,1,1,overhaul-warning,1,4,last-night,0,,300,0,0,0,0,0,300,2398,0,0,300,2398,0,0,1200,0,0,0,0,0,0,0,0,0,,,7.9933,,7.9933,,0,,,
stored-night,5,tide-siege+hollow-ground,w-h0l-,legacy-cycle,300,0,0,9,,76.27,0,0,4,87.913,3,29.507,0,0,0,0,0.787,0.337,0.46,2.4,0,0,0,0,0,0.947,0,4,0,0,0,0,0,,,,,,,,,,,,,1,county-alert,1,1,overhaul-warning,1,4,last-night,0,,300,284,284,2168,0,0,300,1691,0,0,300,1691,0,0,1200,0,0,0,0,0,0,0,0,0.9467,7.6338,,5.6367,,5.6367,,0,,,
stored-night,5,tide-siege+hollow-ground,w-h0l-,greedy,300,205,0.6833,8.207,0.871,46.084,0,1.127,1.997,46.58,2.783,1.467,0.93,0.197,0.783,0.053,1.68,1.423,0.263,1.89,0,0.93,0.003,0.193,0,0.027,0,2.587,0,0,0,0,0,,,,,,,,,,,,,1.18,county-alert,1,1,overhaul-warning,1,4,last-night,0.18,7.926,300,8,8,63,5,39,300,366,205,241,95,125,0,0,776,235,0,0,0,0,0,0,0,0.0267,7.875,7.8,1.22,1.1756,1.3158,,0.3028,,,
stored-night,5,tide-siege+hollow-ground,w-h0l-,planner,300,172,0.5733,8.3,0.8643,65.734,0,1.017,2.363,56.24,2.733,2.223,0.827,0.203,0.61,0.103,1.743,1.543,0.23,2.017,0,0.803,0.007,0.207,0,0.007,0,2.777,0,0,0,0,0,,,,,,,,,,,,,1.193,county-alert,1,1,overhaul-warning,1,4,last-night,0.1933,8.103,300,2,2,15,1,8,300,1138,172,201,128,937,0,0,833,183,0,0,0,0,0,0,0,0.0067,7.5,8,3.7933,1.1686,7.3203,,0.2197,,,
stored-night,5,tide-siege+hollow-ground,w-h0l-,forecast-aware,300,103,0.3433,8.657,0.8889,42.386,0,1.123,2.65,65.847,2.35,1.413,1.927,0,0.747,0.577,1.763,1.5,0.343,2.453,0,0.81,0.053,0.26,0,0.03,0,3.17,0,0,0,0,0,,,,,,,,,,,,,1.287,county-alert,1,1,overhaul-warning,1,4,last-night,0.2867,8.733,300,9,9,80,4,35,300,432,103,120,197,312,0,0,951,224,0,0,0,0,0,0,0,0.03,8.8889,8.75,1.44,1.165,1.5838,,0.2355,,,
stored-night,5,tide-siege+hollow-ground,w-h0l-,planner-one-mistake,300,68,0.2267,8.82,0.9118,64.694,0,0.49,2.803,68.377,2.987,14.13,0.897,0.293,0.823,0.007,1.993,1.787,0.263,1.463,0,0.37,0,0.12,0,0,0,3.507,0,0,0,0,0,172,300,172,46,0,46,254,0.2674,1,12.6792,2,0,1.08,county-alert,1,1,overhaul-warning,1,4,last-night,0.08,9,300,0,0,0,0,0,300,1751,68,51,232,1700,0,0,1052,247,0,0,0,0,0,0,0,0,,,5.8367,0.75,7.3276,,0.2348,,,
stored-night,5,tide-siege+hollow-ground,w-h0l0,random,300,1,0.0033,8.997,0.8889,82.492,0,0.017,3.743,68.817,2.903,19.65,0.387,1.093,0.25,0.097,1.023,0.76,0.34,1.013,0,0.013,0,0.003,0,0.017,0,3.99,0,0,0,0,0,,,,,,,,,,,,,1.003,county-alert,1,1,overhaul-warning,1,4,last-night,0.0033,9,300,5,5,41,0,0,300,1856,1,1,299,1855,0,0,1197,75,0,0,0,0,0,0,0,0.0167,8.2,,6.1867,1,6.204,,0.0627,,,
stored-night,5,tide-siege+hollow-ground,w-h0l0,single-water,300,0,0,9,,88.937,0,0,4,76.297,3,13.933,0,0,0,0,1.993,1.813,0.18,0,0,0,0,0,0,0,0,4,0,0,0,0,0,,,,,,,,,,,,,1,county-alert,1,1,overhaul-warning,1,4,last-night,0,,300,0,0,0,0,0,300,2398,0,0,300,2398,0,0,1200,0,0,0,0,0,0,0,0,0,,,7.9933,,7.9933,,0,,,
stored-night,5,tide-siege+hollow-ground,w-h0l0,legacy-cycle,300,0,0,9,,76.253,0,0,4,87.917,3,29.507,0,0,0,0,0.787,0.337,0.46,2.4,0,0,0,0,0,0.947,0,4,0,0,0,0,0,,,,,,,,,,,,,1,county-alert,1,1,overhaul-warning,1,4,last-night,0,,300,284,284,2168,0,0,300,1691,0,0,300,1691,0,0,1200,0,0,0,0,0,0,0,0,0.9467,7.6338,,5.6367,,5.6367,,0,,,
stored-night,5,tide-siege+hollow-ground,w-h0l0,greedy,300,207,0.69,8.2,0.8712,45.355,0,1.143,2.017,47.173,2.767,1.537,0.913,0.18,0.77,0.05,1.697,1.43,0.273,1.817,0,0.94,0.003,0.2,0,0.037,0,2.593,0,0,0,0,0,,,,,,,,,,,,,1.19,county-alert,1,1,overhaul-warning,1,4,last-night,0.19,7.947,300,11,11,88,9,72,300,362,207,243,93,119,0,0,778,231,0,0,0,0,0,0,0,0.0367,8,8,1.2067,1.1739,1.2796,,0.2969,,,
stored-night,5,tide-siege+hollow-ground,w-h0l0,planner,300,180,0.6,8.26,0.863,65.325,0,1.017,2.333,55.047,2.713,2.253,0.79,0.213,0.593,0.103,1.737,1.543,0.223,1.977,0,0.813,0.007,0.197,0,0.01,0,2.74,0,0,0,0,0,,,,,,,,,,,,,1.187,county-alert,1,1,overhaul-warning,1,4,last-night,0.1867,8.018,300,3,3,23,1,8,300,1077,180,205,120,872,0,0,822,178,0,0,0,0,0,0,0,0.01,7.6667,8,3.59,1.1389,7.2667,,0.2165,,,
stored-night,5,tide-siege+hollow-ground,w-h0l0,forecast-aware,300,107,0.3567,8.643,0.8889,41.938,0,1.12,2.637,65.42,2.327,1.437,1.923,0,0.747,0.577,1.75,1.493,0.33,2.44,0,0.813,0.05,0.257,0,0.033,0,3.157,0,0,0,0,0,,,,,,,,,,,,,1.287,county-alert,1,1,overhaul-warning,1,4,last-night,0.2867,8.721,300,10,10,89,5,44,300,431,107,124,193,307,0,0,947,224,0,0,0,0,0,0,0,0.0333,8.9,8.8,1.4367,1.1589,1.5907,,0.2365,,,
stored-night,5,tide-siege+hollow-ground,w-h0l0,planner-one-mistake,300,76,0.2533,8.793,0.9094,64.29,0,0.5,2.767,67.05,2.987,14.183,0.87,0.287,0.8,0.007,1.983,1.78,0.24,1.46,0,0.39,0,0.11,0,0.003,0,3.457,0,0,0,0,0,180,300,180,54,0,46,254,0.3,1,12.8983,2,0,1.083,county-alert,1,1,overhaul-warning,1,4,last-night,0.0833,9,300,1,1,8,1,8,300,1709,76,70,224,1639,0,0,1037,240,0,0,0,0,0,0,0,0.0033,8,8,5.6967,0.9211,7.317,,0.2314,,,
stored-night,5,tide-siege+hollow-ground,w-h0l+,random,300,1,0.0033,8.997,0.8889,82.468,0,0.017,3.743,68.85,2.903,19.657,0.387,1.093,0.25,0.097,1.023,0.76,0.34,1.013,0,0.013,0,0.003,0,0.017,0,3.99,0,0,0,0,0,,,,,,,,,,,,,1.003,county-alert,1,1,overhaul-warning,1,4,last-night,0.0033,9,300,5,5,41,0,0,300,1856,1,1,299,1855,0,0,1197,75,0,0,0,0,0,0,0,0.0167,8.2,,6.1867,1,6.204,,0.0627,,,
stored-night,5,tide-siege+hollow-ground,w-h0l+,single-water,300,0,0,9,,88.937,0,0,4,76.297,3,13.933,0,0,0,0,1.993,1.813,0.18,0,0,0,0,0,0,0,0,4,0,0,0,0,0,,,,,,,,,,,,,1,county-alert,1,1,overhaul-warning,1,4,last-night,0,,300,0,0,0,0,0,300,2398,0,0,300,2398,0,0,1200,0,0,0,0,0,0,0,0,0,,,7.9933,,7.9933,,0,,,
stored-night,5,tide-siege+hollow-ground,w-h0l+,legacy-cycle,300,0,0,9,,76.253,0,0,4,87.917,3,29.507,0,0,0,0,0.787,0.337,0.46,2.4,0,0,0,0,0,0.947,0,4,0,0,0,0,0,,,,,,,,,,,,,1,county-alert,1,1,overhaul-warning,1,4,last-night,0,,300,284,284,2168,0,0,300,1691,0,0,300,1691,0,0,1200,0,0,0,0,0,0,0,0,0.9467,7.6338,,5.6367,,5.6367,,0,,,
stored-night,5,tide-siege+hollow-ground,w-h0l+,greedy,300,208,0.6933,8.19,0.8702,45.315,0,1.147,2.01,46.973,2.767,1.537,0.913,0.18,0.77,0.05,1.693,1.423,0.277,1.817,0,0.943,0.003,0.2,0,0.037,0,2.587,0,0,0,0,0,,,,,,,,,,,,,1.19,county-alert,1,1,overhaul-warning,1,4,last-night,0.19,7.947,300,11,11,88,9,72,300,359,208,241,92,118,0,0,776,231,0,0,0,0,0,0,0,0.0367,8,8,1.1967,1.1587,1.2826,,0.2977,,,
stored-night,5,tide-siege+hollow-ground,w-h0l+,planner,300,180,0.6,8.26,0.863,65.25,0,1.017,2.333,55.047,2.713,2.253,0.79,0.213,0.593,0.103,1.737,1.543,0.223,1.97,0,0.813,0.007,0.197,0,0.01,0,2.74,0,0,0,0,0,,,,,,,,,,,,,1.187,county-alert,1,1,overhaul-warning,1,4,last-night,0.1867,8.018,300,3,3,23,1,8,300,1077,180,205,120,872,0,0,822,178,0,0,0,0,0,0,0,0.01,7.6667,8,3.59,1.1389,7.2667,,0.2165,,,
stored-night,5,tide-siege+hollow-ground,w-h0l+,forecast-aware,300,108,0.36,8.623,0.8837,41.828,0,1.117,2.63,65.18,2.327,1.437,1.917,0,0.747,0.577,1.743,1.477,0.34,2.423,0,0.813,0.05,0.253,0,0.033,0,3.15,0,0,0,0,0,,,,,,,,,,,,,1.28,county-alert,1,1,overhaul-warning,1,4,last-night,0.28,8.714,300,10,10,89,5,44,300,430,108,124,192,306,0,0,945,224,0,0,0,0,0,0,0,0.0333,8.9,8.8,1.4333,1.1481,1.5938,,0.237,,,
stored-night,5,tide-siege+hollow-ground,w-h0l+,planner-one-mistake,300,76,0.2533,8.793,0.9094,64.205,0,0.503,2.763,66.943,2.987,14.183,0.87,0.287,0.8,0.007,1.98,1.783,0.233,1.447,0,0.393,0,0.11,0,0.003,0,3.453,0,0,0,0,0,180,300,180,54,0,46,254,0.3,1,12.8983,2,0,1.083,county-alert,1,1,overhaul-warning,1,4,last-night,0.0833,9,300,1,1,8,1,8,300,1712,76,71,224,1641,0,0,1036,240,0,0,0,0,0,0,0,0.0033,8,8,5.7067,0.9342,7.3259,,0.2317,,,
stored-night,5,tide-siege+hollow-ground,w-h+l-,random,300,1,0.0033,8.997,0.8889,82.676,0,0.017,3.743,68.57,2.903,19.597,0.387,1.093,0.25,0.097,1.023,0.76,0.34,1.013,0,0.013,0,0.003,0,0.017,0,3.99,0,0,0,0,0,,,,,,,,,,,,,1.003,county-alert,1,1,overhaul-warning,1,4,last-night,0.0033,9,300,5,5,41,0,0,300,1856,1,1,299,1855,0,0,1197,75,0,0,0,0,0,0,0,0.0167,8.2,,6.1867,1,6.204,,0.0627,,,
stored-night,5,tide-siege+hollow-ground,w-h+l-,single-water,300,0,0,9,,88.937,0,0,4,76.297,3,13.933,0,0,0,0,1.993,1.813,0.18,0,0,0,0,0,0,0,0,4,0,0,0,0,0,,,,,,,,,,,,,1,county-alert,1,1,overhaul-warning,1,4,last-night,0,,300,0,0,0,0,0,300,2398,0,0,300,2398,0,0,1200,0,0,0,0,0,0,0,0,0,,,7.9933,,7.9933,,0,,,
stored-night,5,tide-siege+hollow-ground,w-h+l-,legacy-cycle,300,0,0,9,,76.263,0,0,4,87.913,3,29.507,0,0,0,0,0.787,0.337,0.46,2.4,0,0,0,0,0,0.947,0,4,0,0,0,0,0,,,,,,,,,,,,,1,county-alert,1,1,overhaul-warning,1,4,last-night,0,,300,284,284,2168,0,0,300,1691,0,0,300,1691,0,0,1200,0,0,0,0,0,0,0,0,0.9467,7.6338,,5.6367,,5.6367,,0,,,
stored-night,5,tide-siege+hollow-ground,w-h+l-,greedy,300,205,0.6833,8.207,0.871,46.074,0,1.127,1.997,46.58,2.783,1.467,0.93,0.197,0.783,0.053,1.68,1.423,0.263,1.89,0,0.93,0.003,0.193,0,0.027,0,2.587,0,0,0,0,0,,,,,,,,,,,,,1.18,county-alert,1,1,overhaul-warning,1,4,last-night,0.18,7.926,300,8,8,63,5,39,300,366,205,241,95,125,0,0,776,235,0,0,0,0,0,0,0,0.0267,7.875,7.8,1.22,1.1756,1.3158,,0.3028,,,
stored-night,5,tide-siege+hollow-ground,w-h+l-,planner,300,172,0.5733,8.3,0.8643,65.719,0,1.017,2.363,56.24,2.73,2.223,0.83,0.203,0.61,0.107,1.747,1.547,0.23,2.01,0,0.803,0.007,0.207,0,0.007,0,2.777,0,0,0,0,0,,,,,,,,,,,,,1.193,county-alert,1,1,overhaul-warning,1,4,last-night,0.1933,8.103,300,2,2,15,1,8,300,1137,172,201,128,936,0,0,833,183,0,0,0,0,0,0,0,0.0067,7.5,8,3.79,1.1686,7.3125,,0.2197,,,
stored-night,5,tide-siege+hollow-ground,w-h+l-,forecast-aware,300,103,0.3433,8.657,0.8889,42.365,0,1.123,2.65,65.847,2.35,1.413,1.927,0,0.747,0.577,1.763,1.5,0.343,2.453,0,0.81,0.053,0.26,0,0.03,0,3.17,0,0,0,0,0,,,,,,,,,,,,,1.287,county-alert,1,1,overhaul-warning,1,4,last-night,0.2867,8.733,300,9,9,80,4,35,300,432,103,120,197,312,0,0,951,224,0,0,0,0,0,0,0,0.03,8.8889,8.75,1.44,1.165,1.5838,,0.2355,,,
stored-night,5,tide-siege+hollow-ground,w-h+l-,planner-one-mistake,300,68,0.2267,8.82,0.9118,64.677,0,0.49,2.803,68.377,2.987,14.13,0.897,0.293,0.823,0.007,1.997,1.787,0.267,1.463,0,0.37,0,0.12,0,0,0,3.507,0,0,0,0,0,172,300,172,46,0,46,254,0.2674,1,12.6792,2,0,1.08,county-alert,1,1,overhaul-warning,1,4,last-night,0.08,9,300,0,0,0,0,0,300,1751,68,51,232,1700,0,0,1052,247,0,0,0,0,0,0,0,0,,,5.8367,0.75,7.3276,,0.2348,,,
stored-night,5,tide-siege+hollow-ground,w-h+l0,random,300,1,0.0033,8.997,0.8889,82.485,0,0.017,3.743,68.823,2.903,19.65,0.387,1.093,0.25,0.097,1.023,0.76,0.34,1.013,0,0.013,0,0.003,0,0.017,0,3.99,0,0,0,0,0,,,,,,,,,,,,,1.003,county-alert,1,1,overhaul-warning,1,4,last-night,0.0033,9,300,5,5,41,0,0,300,1856,1,1,299,1855,0,0,1197,75,0,0,0,0,0,0,0,0.0167,8.2,,6.1867,1,6.204,,0.0627,,,
stored-night,5,tide-siege+hollow-ground,w-h+l0,single-water,300,0,0,9,,88.937,0,0,4,76.297,3,13.933,0,0,0,0,1.993,1.813,0.18,0,0,0,0,0,0,0,0,4,0,0,0,0,0,,,,,,,,,,,,,1,county-alert,1,1,overhaul-warning,1,4,last-night,0,,300,0,0,0,0,0,300,2398,0,0,300,2398,0,0,1200,0,0,0,0,0,0,0,0,0,,,7.9933,,7.9933,,0,,,
stored-night,5,tide-siege+hollow-ground,w-h+l0,legacy-cycle,300,0,0,9,,76.253,0,0,4,87.917,3,29.507,0,0,0,0,0.787,0.337,0.46,2.4,0,0,0,0,0,0.947,0,4,0,0,0,0,0,,,,,,,,,,,,,1,county-alert,1,1,overhaul-warning,1,4,last-night,0,,300,284,284,2168,0,0,300,1691,0,0,300,1691,0,0,1200,0,0,0,0,0,0,0,0,0.9467,7.6338,,5.6367,,5.6367,,0,,,
stored-night,5,tide-siege+hollow-ground,w-h+l0,greedy,300,207,0.69,8.2,0.8712,45.355,0,1.143,2.017,47.173,2.767,1.537,0.913,0.18,0.77,0.05,1.697,1.43,0.273,1.817,0,0.94,0.003,0.2,0,0.037,0,2.593,0,0,0,0,0,,,,,,,,,,,,,1.19,county-alert,1,1,overhaul-warning,1,4,last-night,0.19,7.947,300,11,11,88,9,72,300,362,207,243,93,119,0,0,778,231,0,0,0,0,0,0,0,0.0367,8,8,1.2067,1.1739,1.2796,,0.2969,,,
stored-night,5,tide-siege+hollow-ground,w-h+l0,planner,300,180,0.6,8.26,0.863,65.3,0,1.017,2.333,55.047,2.71,2.253,0.793,0.213,0.593,0.107,1.743,1.55,0.223,1.97,0,0.813,0.007,0.197,0,0.01,0,2.74,0,0,0,0,0,,,,,,,,,,,,,1.187,county-alert,1,1,overhaul-warning,1,4,last-night,0.1867,8.018,300,3,3,23,1,8,300,1076,180,205,120,871,0,0,822,178,0,0,0,0,0,0,0,0.01,7.6667,8,3.5867,1.1389,7.2583,,0.2165,,,
stored-night,5,tide-siege+hollow-ground,w-h+l0,forecast-aware,300,107,0.3567,8.643,0.8889,41.912,0,1.12,2.637,65.42,2.327,1.437,1.923,0,0.747,0.577,1.75,1.493,0.33,2.44,0,0.813,0.05,0.257,0,0.033,0,3.157,0,0,0,0,0,,,,,,,,,,,,,1.287,county-alert,1,1,overhaul-warning,1,4,last-night,0.2867,8.721,300,10,10,89,5,44,300,431,107,124,193,307,0,0,947,224,0,0,0,0,0,0,0,0.0333,8.9,8.8,1.4367,1.1589,1.5907,,0.2365,,,
stored-night,5,tide-siege+hollow-ground,w-h+l0,planner-one-mistake,300,76,0.2533,8.793,0.9094,64.272,0,0.5,2.767,67.05,2.987,14.183,0.87,0.287,0.8,0.007,1.987,1.78,0.243,1.46,0,0.39,0,0.11,0,0.003,0,3.457,0,0,0,0,0,180,300,180,54,0,46,254,0.3,1,12.8983,2,0,1.083,county-alert,1,1,overhaul-warning,1,4,last-night,0.0833,9,300,1,1,8,1,8,300,1709,76,70,224,1639,0,0,1037,240,0,0,0,0,0,0,0,0.0033,8,8,5.6967,0.9211,7.317,,0.2314,,,
stored-night,5,tide-siege+hollow-ground,w-h+l+,random,300,1,0.0033,8.997,0.8889,82.462,0,0.02,3.743,68.857,2.903,19.657,0.387,1.093,0.25,0.097,1.023,0.76,0.34,1.013,0,0.017,0,0.003,0,0.017,0,3.99,0,0,0,0,0,,,,,,,,,,,,,1.003,county-alert,1,1,overhaul-warning,1,4,last-night,0.0033,9,300,5,5,41,0,0,300,1856,1,1,299,1855,0,0,1197,75,0,0,0,0,0,0,0,0.0167,8.2,,6.1867,1,6.204,,0.0627,,,
stored-night,5,tide-siege+hollow-ground,w-h+l+,single-water,300,0,0,9,,88.937,0,0,4,76.297,3,13.933,0,0,0,0,1.993,1.813,0.18,0,0,0,0,0,0,0,0,4,0,0,0,0,0,,,,,,,,,,,,,1,county-alert,1,1,overhaul-warning,1,4,last-night,0,,300,0,0,0,0,0,300,2398,0,0,300,2398,0,0,1200,0,0,0,0,0,0,0,0,0,,,7.9933,,7.9933,,0,,,
stored-night,5,tide-siege+hollow-ground,w-h+l+,legacy-cycle,300,0,0,9,,76.253,0,0,4,87.917,3,29.507,0,0,0,0,0.787,0.337,0.46,2.4,0,0,0,0,0,0.947,0,4,0,0,0,0,0,,,,,,,,,,,,,1,county-alert,1,1,overhaul-warning,1,4,last-night,0,,300,284,284,2168,0,0,300,1691,0,0,300,1691,0,0,1200,0,0,0,0,0,0,0,0,0.9467,7.6338,,5.6367,,5.6367,,0,,,
stored-night,5,tide-siege+hollow-ground,w-h+l+,greedy,300,208,0.6933,8.19,0.8702,45.315,0,1.147,2.01,46.973,2.767,1.537,0.913,0.18,0.77,0.05,1.693,1.423,0.277,1.817,0,0.943,0.003,0.2,0,0.037,0,2.587,0,0,0,0,0,,,,,,,,,,,,,1.19,county-alert,1,1,overhaul-warning,1,4,last-night,0.19,7.947,300,11,11,88,9,72,300,359,208,241,92,118,0,0,776,231,0,0,0,0,0,0,0,0.0367,8,8,1.1967,1.1587,1.2826,,0.2977,,,
stored-night,5,tide-siege+hollow-ground,w-h+l+,planner,300,181,0.6033,8.257,0.8631,65.294,0,1.017,2.327,54.86,2.71,2.253,0.793,0.213,0.593,0.107,1.743,1.55,0.223,1.963,0,0.813,0.007,0.197,0,0.01,0,2.737,0,0,0,0,0,,,,,,,,,,,,,1.187,county-alert,1,1,overhaul-warning,1,4,last-night,0.1867,8.018,300,3,3,23,2,16,300,1070,181,205,119,865,0,0,821,178,0,0,0,0,0,0,0,0.01,7.6667,8,3.5667,1.1326,7.2689,,0.2168,,,
stored-night,5,tide-siege+hollow-ground,w-h+l+,forecast-aware,300,108,0.36,8.623,0.8837,41.802,0,1.117,2.63,65.18,2.327,1.437,1.917,0,0.747,0.577,1.743,1.477,0.34,2.423,0,0.813,0.05,0.253,0,0.033,0,3.15,0,0,0,0,0,,,,,,,,,,,,,1.28,county-alert,1,1,overhaul-warning,1,4,last-night,0.28,8.714,300,10,10,89,5,44,300,430,108,124,192,306,0,0,945,224,0,0,0,0,0,0,0,0.0333,8.9,8.8,1.4333,1.1481,1.5938,,0.237,,,
stored-night,5,tide-siege+hollow-ground,w-h+l+,planner-one-mistake,300,76,0.2533,8.793,0.9094,64.188,0,0.503,2.763,66.943,2.987,14.183,0.87,0.287,0.8,0.007,1.983,1.783,0.237,1.447,0,0.393,0,0.11,0,0.003,0,3.453,0,0,0,0,0,181,300,181,54,0,46,254,0.2983,1,12.8983,2,0,1.083,county-alert,1,1,overhaul-warning,1,4,last-night,0.0833,9,300,1,1,8,1,8,300,1712,76,71,224,1641,0,0,1036,240,0,0,0,0,0,0,0,0.0033,8,8,5.7067,0.9342,7.3259,,0.2317,,,
stored-night,5,tide-siege+hollow-ground,w0h-l-,random,300,1,0.0033,8.997,0.8889,82.709,0,0.017,3.743,68.51,2.903,19.53,0.387,1.093,0.25,0.097,1.023,0.76,0.34,1.013,0,0.013,0,0.003,0,0.017,0,3.99,0,0,0,0,0,,,,,,,,,,,,,1.003,county-alert,1,1,overhaul-warning,1,4,last-night,0.0033,9,300,5,5,41,0,0,300,1856,1,1,299,1855,0,0,1197,75,0,0,0,0,0,0,0,0.0167,8.2,,6.1867,1,6.204,,0.0627,,,
stored-night,5,tide-siege+hollow-ground,w0h-l-,single-water,300,0,0,9,,88.813,0,0,4,77.06,3,13.933,0,0,0,0,1.993,1.813,0.18,0,0,0,0,0,0,0,0,4,0,0,0,0,0,,,,,,,,,,,,,1,county-alert,1,1,overhaul-warning,1,4,last-night,0,,300,0,0,0,0,0,300,2398,0,0,300,2398,0,0,1200,0,0,0,0,0,0,0,0,0,,,7.9933,,7.9933,,0,,,
stored-night,5,tide-siege+hollow-ground,w0h-l-,legacy-cycle,300,0,0,9,,76.023,0,0,4,88.39,3,29.507,0,0,0,0,0.787,0.337,0.46,2.4,0,0,0,0,0,0.947,0,4,0,0,0,0,0,,,,,,,,,,,,,1,county-alert,1,1,overhaul-warning,1,4,last-night,0,,300,284,284,2168,0,0,300,1691,0,0,300,1691,0,0,1200,0,0,0,0,0,0,0,0,0.9467,7.6338,,5.6367,,5.6367,,0,,,
stored-night,5,tide-siege+hollow-ground,w0h-l-,greedy,300,203,0.6767,8.23,0.8736,45.907,0,1.1,2.007,46.727,2.813,1.267,0.917,0.183,0.773,0.05,1.707,1.46,0.247,1.873,0,0.913,0.003,0.183,0,0.02,0,2.597,0,0,0,0,0,,,,,,,,,,,,,1.17,county-alert,1,1,overhaul-warning,1,4,last-night,0.17,8.098,300,6,6,48,5,40,300,371,203,238,97,133,0,0,779,232,0,0,0,0,0,0,0,0.02,8,8,1.2367,1.1724,1.3711,,0.2978,,,
stored-night,5,tide-siege+hollow-ground,w0h-l-,planner,300,171,0.57,8.307,0.8648,65.884,0,1,2.363,56.213,2.74,2.303,0.833,0.2,0.61,0.107,1.757,1.56,0.223,2,0,0.793,0.007,0.2,0,0.01,0,2.783,0,0,0,0,0,,,,,,,,,,,,,1.19,county-alert,1,1,overhaul-warning,1,4,last-night,0.19,8.193,300,3,3,23,2,16,300,1143,171,200,129,943,0,0,835,183,0,0,0,0,0,0,0,0.01,7.6667,8,3.81,1.1696,7.3101,,0.2192,,,
stored-night,5,tide-siege+hollow-ground,w0h-l-,forecast-aware,300,104,0.3467,8.66,0.891,43.041,0,1.11,2.643,65.567,2.35,1.443,1.93,0,0.753,0.577,1.763,1.507,0.34,2.447,0,0.803,0.053,0.253,0,0.03,0,3.177,0,0,0,0,0,,,,,,,,,,,,,1.283,county-alert,1,1,overhaul-warning,1,4,last-night,0.2833,8.729,300,9,9,80,5,44,300,429,104,118,196,311,0,0,953,226,0,0,0,0,0,0,0,0.03,8.8889,8.8,1.43,1.1346,1.5867,,0.2371,,,
stored-night,5,tide-siege+hollow-ground,w0h-l-,planner-one-mistake,300,63,0.21,8.833,0.9118,64.755,0,0.483,2.823,69.047,2.99,14.103,0.917,0.3,0.823,0.007,1.983,1.773,0.267,1.497,0,0.36,0,0.123,0,0,0,3.523,0,0,0,0,0,171,300,171,45,0,46,254,0.2632,1,12.5492,2,0,1.083,county-alert,1,1,overhaul-warning,1,4,last-night,0.0833,9,300,0,0,0,0,0,300,1781,63,48,237,1733,0,0,1057,247,0,0,0,0,0,0,0,0,,,5.9367,0.7619,7.3122,,0.2337,,,
stored-night,5,tide-siege+hollow-ground,w0h-l0,random,300,1,0.0033,8.997,0.8889,82.518,0,0.017,3.743,68.763,2.903,19.583,0.387,1.093,0.25,0.097,1.023,0.76,0.34,1.013,0,0.013,0,0.003,0,0.017,0,3.99,0,0,0,0,0,,,,,,,,,,,,,1.003,county-alert,1,1,overhaul-warning,1,4,last-night,0.0033,9,300,5,5,41,0,0,300,1856,1,1,299,1855,0,0,1197,75,0,0,0,0,0,0,0,0.0167,8.2,,6.1867,1,6.204,,0.0627,,,
stored-night,5,tide-siege+hollow-ground,w0h-l0,single-water,300,0,0,9,,88.813,0,0,4,77.06,3,13.933,0,0,0,0,1.993,1.813,0.18,0,0,0,0,0,0,0,0,4,0,0,0,0,0,,,,,,,,,,,,,1,county-alert,1,1,overhaul-warning,1,4,last-night,0,,300,0,0,0,0,0,300,2398,0,0,300,2398,0,0,1200,0,0,0,0,0,0,0,0,0,,,7.9933,,7.9933,,0,,,
stored-night,5,tide-siege+hollow-ground,w0h-l0,legacy-cycle,300,0,0,9,,76.007,0,0,4,88.393,3,29.507,0,0,0,0,0.787,0.337,0.46,2.4,0,0,0,0,0,0.947,0,4,0,0,0,0,0,,,,,,,,,,,,,1,county-alert,1,1,overhaul-warning,1,4,last-night,0,,300,284,284,2168,0,0,300,1691,0,0,300,1691,0,0,1200,0,0,0,0,0,0,0,0,0.9467,7.6338,,5.6367,,5.6367,,0,,,
stored-night,5,tide-siege+hollow-ground,w0h-l0,greedy,300,206,0.6867,8.217,0.8732,46.191,0,1.127,2.023,47.347,2.79,1.2,0.903,0.183,0.757,0.047,1.703,1.467,0.243,1.78,0,0.927,0.003,0.197,0,0.023,0,2.59,0,0,0,0,0,,,,,,,,,,,,,1.187,county-alert,1,1,overhaul-warning,1,4,last-night,0.1867,8.071,300,7,7,56,7,56,300,370,206,246,94,124,0,0,777,227,0,0,0,0,0,0,0,0.0233,8,8,1.2333,1.1942,1.3191,,0.2921,,,
stored-night,5,tide-siege+hollow-ground,w0h-l0,planner,300,177,0.59,8.277,0.8638,65.789,0,1.02,2.347,55.553,2.717,2.253,0.8,0.21,0.593,0.107,1.753,1.567,0.217,1.963,0,0.81,0.007,0.203,0,0.01,0,2.747,0,0,0,0,0,,,,,,,,,,,,,1.197,county-alert,1,1,overhaul-warning,1,4,last-night,0.1967,8.136,300,3,3,23,1,8,300,1097,177,198,123,899,0,0,824,178,0,0,0,0,0,0,0,0.01,7.6667,8,3.6567,1.1186,7.3089,,0.216,,,
stored-night,5,tide-siege+hollow-ground,w0h-l0,forecast-aware,300,105,0.35,8.647,0.8878,42.492,0,1.11,2.65,65.82,2.327,1.41,1.917,0,0.743,0.577,1.757,1.5,0.33,2.44,0,0.803,0.05,0.257,0,0.033,0,3.167,0,0,0,0,0,,,,,,,,,,,,,1.283,county-alert,1,1,overhaul-warning,1,4,last-night,0.2833,8.718,300,10,10,89,5,44,300,428,105,121,195,307,0,0,950,223,0,0,0,0,0,0,0,0.0333,8.9,8.8,1.4267,1.1524,1.5744,,0.2347,,,
stored-night,5,tide-siege+hollow-ground,w0h-l0,planner-one-mistake,300,69,0.23,8.81,0.9082,64.381,0,0.497,2.797,68.12,2.99,14.163,0.89,0.293,0.8,0.007,1.98,1.76,0.257,1.483,0,0.377,0,0.12,0,0.003,0,3.477,0,0,0,0,0,177,300,177,49,0,46,254,0.2768,1,12.7817,2,0,1.09,county-alert,1,1,overhaul-warning,1,4,last-night,0.09,9,300,1,1,8,1,8,300,1747,69,61,231,1686,0,0,1043,240,0,0,0,0,0,0,0,0.0033,8,8,5.8233,0.8841,7.2987,,0.2301,,,
stored-night,5,tide-siege+hollow-ground,w0h-l+,random,300,1,0.0033,8.997,0.8889,82.495,0,0.017,3.743,68.797,2.903,19.59,0.387,1.093,0.25,0.097,1.023,0.76,0.34,1.013,0,0.013,0,0.003,0,0.017,0,3.99,0,0,0,0,0,,,,,,,,,,,,,1.003,county-alert,1,1,overhaul-warning,1,4,last-night,0.0033,9,300,5,5,41,0,0,300,1856,1,1,299,1855,0,0,1197,75,0,0,0,0,0,0,0,0.0167,8.2,,6.1867,1,6.204,,0.0627,,,
stored-night,5,tide-siege+hollow-ground,w0h-l+,single-water,300,0,0,9,,88.813,0,0,4,77.06,3,13.933,0,0,0,0,1.993,1.813,0.18,0,0,0,0,0,0,0,0,4,0,0,0,0,0,,,,,,,,,,,,,1,county-alert,1,1,overhaul-warning,1,4,last-night,0,,300,0,0,0,0,0,300,2398,0,0,300,2398,0,0,1200,0,0,0,0,0,0,0,0,0,,,7.9933,,7.9933,,0,,,
stored-night,5,tide-siege+hollow-ground,w0h-l+,legacy-cycle,300,0,0,9,,76.007,0,0,4,88.393,3,29.507,0,0,0,0,0.787,0.337,0.46,2.4,0,0,0,0,0,0.947,0,4,0,0,0,0,0,,,,,,,,,,,,,1,county-alert,1,1,overhaul-warning,1,4,last-night,0,,300,284,284,2168,0,0,300,1691,0,0,300,1691,0,0,1200,0,0,0,0,0,0,0,0,0.9467,7.6338,,5.6367,,5.6367,,0,,,
stored-night,5,tide-siege+hollow-ground,w0h-l+,greedy,300,203,0.6767,8.223,0.8725,46.216,0,1.137,2.047,48.093,2.777,1.2,0.91,0.18,0.767,0.047,1.707,1.46,0.253,1.787,0,0.927,0.003,0.207,0,0.023,0,2.613,0,0,0,0,0,,,,,,,,,,,,,1.197,county-alert,1,1,overhaul-warning,1,4,last-night,0.1967,7.983,300,7,7,56,7,56,300,371,203,244,97,127,0,0,784,230,0,0,0,0,0,0,0,0.0233,8,8,1.2367,1.202,1.3093,,0.2934,,,
stored-night,5,tide-siege+hollow-ground,w0h-l+,planner,300,176,0.5867,8.28,0.8636,65.855,0,1.023,2.357,55.847,2.71,2.253,0.803,0.207,0.597,0.107,1.757,1.57,0.217,1.96,0,0.81,0.007,0.207,0,0.01,0,2.757,0,0,0,0,0,,,,,,,,,,,,,1.2,county-alert,1,1,overhaul-warning,1,4,last-night,0.2,8.083,300,3,3,23,1,8,300,1106,176,198,124,908,0,0,827,179,0,0,0,0,0,0,0,0.01,7.6667,8,3.6867,1.125,7.3226,,0.2164,,,
stored-night,5,tide-siege+hollow-ground,w0h-l+,forecast-aware,300,105,0.35,8.63,0.8825,42.369,0,1.11,2.65,65.82,2.327,1.41,1.91,0,0.743,0.577,1.753,1.483,0.343,2.427,0,0.803,0.05,0.257,0,0.033,0,3.163,0,0,0,0,0,,,,,,,,,,,,,1.28,county-alert,1,1,overhaul-warning,1,4,last-night,0.28,8.714,300,10,10,89,5,44,300,425,105,118,195,307,0,0,949,223,0,0,0,0,0,0,0,0.0333,8.9,8.8,1.4167,1.1238,1.5744,,0.235,,,
stored-night,5,tide-siege+hollow-ground,w0h-l+,planner-one-mistake,300,69,0.23,8.81,0.9082,64.303,0,0.5,2.793,68.013,2.99,14.163,0.89,0.293,0.8,0.007,1.977,1.763,0.25,1.47,0,0.38,0,0.12,0,0.003,0,3.473,0,0,0,0,0,176,300,176,48,0,46,254,0.2727,1,12.7817,2,0,1.09,county-alert,1,1,overhaul-warning,1,4,last-night,0.09,9,300,1,1,8,1,8,300,1750,69,62,231,1688,0,0,1042,240,0,0,0,0,0,0,0,0.0033,8,8,5.8333,0.8986,7.3074,,0.2303,,,
stored-night,5,tide-siege+hollow-ground,w0h0l-,random,300,1,0.0033,8.997,0.8889,82.545,0,0.02,3.743,68.747,2.903,19.597,0.387,1.093,0.25,0.097,1.023,0.76,0.34,1.013,0,0.017,0,0.003,0,0.017,0,3.99,0,0,0,0,0,,,,,,,,,,,,,1.003,county-alert,1,1,overhaul-warning,1,4,last-night,0.0033,9,300,5,5,41,0,0,300,1856,1,1,299,1855,0,0,1197,75,0,0,0,0,0,0,0,0.0167,8.2,,6.1867,1,6.204,,0.0627,,,
stored-night,5,tide-siege+hollow-ground,w0h0l-,single-water,300,0,0,9,,88.813,0,0,4,77.06,3,13.933,0,0,0,0,1.993,1.813,0.18,0,0,0,0,0,0,0,0,4,0,0,0,0,0,,,,,,,,,,,,,1,county-alert,1,1,overhaul-warning,1,4,last-night,0,,300,0,0,0,0,0,300,2398,0,0,300,2398,0,0,1200,0,0,0,0,0,0,0,0,0,,,7.9933,,7.9933,,0,,,
stored-night,5,tide-siege+hollow-ground,w0h0l-,legacy-cycle,300,0,0,9,,75.7,0,0,4,88.517,3,29.507,0,0,0,0,0.787,0.337,0.46,2.4,0,0,0,0,0,0.947,0,4,0,0,0,0,0,,,,,,,,,,,,,1,county-alert,1,1,overhaul-warning,1,4,last-night,0,,300,284,284,2168,0,0,300,1691,0,0,300,1691,0,0,1200,0,0,0,0,0,0,0,0,0.9467,7.6338,,5.6367,,5.6367,,0,,,
stored-night,5,tide-siege+hollow-ground,w0h0l-,greedy,300,205,0.6833,8.203,0.8705,45.768,0,1.127,1.997,46.58,2.783,1.467,0.933,0.197,0.783,0.053,1.687,1.427,0.267,1.893,0,0.93,0.003,0.193,0,0.027,0,2.587,0,0,0,0,0,,,,,,,,,,,,,1.18,county-alert,1,1,overhaul-warning,1,4,last-night,0.18,7.926,300,8,8,63,5,39,300,364,205,239,95,125,0,0,776,235,0,0,0,0,0,0,0,0.0267,7.875,7.8,1.2133,1.1659,1.3158,,0.3028,,,
stored-night,5,tide-siege+hollow-ground,w0h0l-,planner,300,173,0.5767,8.297,0.8645,65.614,0,1.02,2.36,56.133,2.733,2.223,0.827,0.203,0.61,0.103,1.743,1.54,0.233,2.02,0,0.807,0.007,0.207,0,0.007,0,2.773,0,0,0,0,0,,,,,,,,,,,,,1.193,county-alert,1,1,overhaul-warning,1,4,last-night,0.1933,8.103,300,2,2,15,1,8,300,1129,173,201,127,928,0,0,832,183,0,0,0,0,0,0,0,0.0067,7.5,8,3.7633,1.1618,7.3071,,0.22,,,
stored-night,5,tide-siege+hollow-ground,w0h0l-,forecast-aware,300,103,0.3433,8.657,0.8889,42.137,0,1.123,2.65,65.847,2.35,1.413,1.923,0,0.747,0.577,1.763,1.5,0.343,2.447,0,0.81,0.053,0.26,0,0.03,0,3.17,0,0,0,0,0,,,,,,,,,,,,,1.29,county-alert,1,1,overhaul-warning,1,4,last-night,0.29,8.736,300,9,9,80,4,35,300,433,103,120,197,313,0,0,951,224,0,0,0,0,0,0,0,0.03,8.8889,8.75,1.4433,1.165,1.5888,,0.2355,,,
stored-night,5,tide-siege+hollow-ground,w0h0l-,planner-one-mistake,300,68,0.2267,8.82,0.9118,64.414,0,0.487,2.803,68.333,2.987,14.13,0.917,0.293,0.823,0.007,1.973,1.773,0.257,1.49,0,0.37,0,0.117,0,0,0,3.51,0,0,0,0,0,173,300,173,46,0,46,254,0.2659,1,12.6792,2,0,1.08,county-alert,1,1,overhaul-warning,1,4,last-night,0.08,9,300,0,0,0,0,0,300,1748,68,51,232,1697,0,0,1053,247,0,0,0,0,0,0,0,0,,,5.8267,0.75,7.3147,,0.2346,,,
stored-night,5,tide-siege+hollow-ground,w0h0l0,random,300,1,0.0033,8.997,0.8889,82.355,0,0.02,3.743,69,2.903,19.65,0.387,1.093,0.25,0.097,1.023,0.76,0.34,1.013,0,0.017,0,0.003,0,0.017,0,3.99,0,0,0,0,0,,,,,,,,,,,,,1.003,county-alert,1,1,overhaul-warning,1,4,last-night,0.0033,9,300,5,5,41,0,0,300,1856,1,1,299,1855,0,0,1197,75,0,0,0,0,0,0,0,0.0167,8.2,,6.1867,1,6.204,,0.0627,,,
stored-night,5,tide-siege+hollow-ground,w0h0l0,single-water,300,0,0,9,,88.813,0,0,4,77.06,3,13.933,0,0,0,0,1.993,1.813,0.18,0,0,0,0,0,0,0,0,4,0,0,0,0,0,,,,,,,,,,,,,1,county-alert,1,1,overhaul-warning,1,4,last-night,0,,300,0,0,0,0,0,300,2398,0,0,300,2398,0,0,1200,0,0,0,0,0,0,0,0,0,,,7.9933,,7.9933,,0,,,
stored-night,5,tide-siege+hollow-ground,w0h0l0,legacy-cycle,300,0,0,9,,75.69,0,0,4,88.52,3,29.507,0,0,0,0,0.787,0.337,0.46,2.4,0,0,0,0,0,0.947,0,4,0,0,0,0,0,,,,,,,,,,,,,1,county-alert,1,1,overhaul-warning,1,4,last-night,0,,300,284,284,2168,0,0,300,1691,0,0,300,1691,0,0,1200,0,0,0,0,0,0,0,0,0.9467,7.6338,,5.6367,,5.6367,,0,,,
stored-night,5,tide-siege+hollow-ground,w0h0l0,greedy,300,207,0.69,8.2,0.8712,45.075,0,1.143,2.017,47.173,2.767,1.457,0.917,0.18,0.77,0.05,1.7,1.433,0.273,1.823,0,0.94,0.003,0.2,0,0.033,0,2.593,0,0,0,0,0,,,,,,,,,,,,,1.19,county-alert,1,1,overhaul-warning,1,4,last-night,0.19,7.947,300,10,10,80,8,64,300,365,207,246,93,119,0,0,778,231,0,0,0,0,0,0,0,0.0333,8,8,1.2167,1.1884,1.2796,,0.2969,,,
stored-night,5,tide-siege+hollow-ground,w0h0l0,planner,300,181,0.6033,8.257,0.8631,65.185,0,1.02,2.327,54.847,2.713,2.253,0.79,0.21,0.593,0.103,1.737,1.547,0.22,1.977,0,0.817,0.007,0.197,0,0.01,0,2.733,0,0,0,0,0,,,,,,,,,,,,,1.187,county-alert,1,1,overhaul-warning,1,4,last-night,0.1867,8.018,300,3,3,23,1,8,300,1072,181,207,119,865,0,0,820,178,0,0,0,0,0,0,0,0.01,7.6667,8,3.5733,1.1436,7.2689,,0.2171,,,
stored-night,5,tide-siege+hollow-ground,w0h0l0,forecast-aware,300,107,0.3567,8.643,0.8889,41.684,0,1.12,2.637,65.42,2.327,1.437,1.923,0,0.747,0.577,1.75,1.493,0.33,2.44,0,0.813,0.05,0.257,0,0.033,0,3.157,0,0,0,0,0,,,,,,,,,,,,,1.287,county-alert,1,1,overhaul-warning,1,4,last-night,0.2867,8.721,300,10,10,89,5,44,300,431,107,124,193,307,0,0,947,224,0,0,0,0,0,0,0,0.0333,8.9,8.8,1.4367,1.1589,1.5907,,0.2365,,,
stored-night,5,tide-siege+hollow-ground,w0h0l0,planner-one-mistake,300,76,0.2533,8.793,0.9094,64.049,0,0.493,2.767,67.007,2.987,14.183,0.89,0.287,0.8,0.007,1.967,1.767,0.237,1.483,0,0.387,0,0.107,0,0.003,0,3.46,0,0,0,0,0,181,300,181,54,0,46,254,0.2983,1,12.8983,2,0,1.083,county-alert,1,1,overhaul-warning,1,4,last-night,0.0833,9,300,1,1,8,1,8,300,1706,76,70,224,1636,0,0,1038,240,0,0,0,0,0,0,0,0.0033,8,8,5.6867,0.9211,7.3036,,0.2312,,,
stored-night,5,tide-siege+hollow-ground,w0h0l+,random,300,1,0.0033,8.997,0.8889,82.331,0,0.02,3.743,69.033,2.903,19.657,0.387,1.093,0.25,0.097,1.023,0.76,0.34,1.013,0,0.017,0,0.003,0,0.017,0,3.99,0,0,0,0,0,,,,,,,,,,,,,1.003,county-alert,1,1,overhaul-warning,1,4,last-night,0.0033,9,300,5,5,41,0,0,300,1856,1,1,299,1855,0,0,1197,75,0,0,0,0,0,0,0,0.0167,8.2,,6.1867,1,6.204,,0.0627,,,
stored-night,5,tide-siege+hollow-ground,w0h0l+,single-water,300,0,0,9,,88.813,0,0,4,77.06,3,13.933,0,0,0,0,1.993,1.813,0.18,0,0,0,0,0,0,0,0,4,0,0,0,0,0,,,,,,,,,,,,,1,county-alert,1,1,overhaul-warning,1,4,last-night,0,,300,0,0,0,0,0,300,2398,0,0,300,2398,0,0,1200,0,0,0,0,0,0,0,0,0,,,7.9933,,7.9933,,0,,,
stored-night,5,tide-siege+hollow-ground,w0h0l+,legacy-cycle,300,0,0,9,,75.69,0,0,4,88.52,3,29.507,0,0,0,0,0.787,0.337,0.46,2.4,0,0,0,0,0,0.947,0,4,0,0,0,0,0,,,,,,,,,,,,,1,county-alert,1,1,overhaul-warning,1,4,last-night,0,,300,284,284,2168,0,0,300,1691,0,0,300,1691,0,0,1200,0,0,0,0,0,0,0,0,0.9467,7.6338,,5.6367,,5.6367,,0,,,
stored-night,5,tide-siege+hollow-ground,w0h0l+,greedy,300,208,0.6933,8.19,0.8702,45.033,0,1.147,2.01,46.973,2.767,1.457,0.917,0.18,0.77,0.05,1.697,1.427,0.277,1.823,0,0.943,0.003,0.2,0,0.033,0,2.587,0,0,0,0,0,,,,,,,,,,,,,1.19,county-alert,1,1,overhaul-warning,1,4,last-night,0.19,7.947,300,10,10,80,8,64,300,362,208,244,92,118,0,0,776,231,0,0,0,0,0,0,0,0.0333,8,8,1.2067,1.1731,1.2826,,0.2977,,,
stored-night,5,tide-siege+hollow-ground,w0h0l+,planner,300,182,0.6067,8.253,0.8632,65.178,0,1.02,2.32,54.66,2.713,2.253,0.79,0.21,0.593,0.103,1.737,1.547,0.22,1.97,0,0.817,0.007,0.197,0,0.01,0,2.73,0,0,0,0,0,,,,,,,,,,,,,1.187,county-alert,1,1,overhaul-warning,1,4,last-night,0.1867,8.018,300,3,3,23,2,16,300,1066,182,207,118,859,0,0,819,178,0,0,0,0,0,0,0,0.01,7.6667,8,3.5533,1.1374,7.2797,,0.2173,,,
stored-night,5,tide-siege+hollow-ground,w0h0l+,forecast-aware,300,108,0.36,8.623,0.8837,41.573,0,1.117,2.63,65.18,2.327,1.437,1.917,0,0.747,0.577,1.743,1.477,0.34,2.423,0,0.813,0.05,0.253,0,0.033,0,3.15,0,0,0,0,0,,,,,,,,,,,,,1.28,county-alert,1,1,overhaul-warning,1,4,last-night,0.28,8.714,300,10,10,89,5,44,300,430,108,124,192,306,0,0,945,224,0,0,0,0,0,0,0,0.0333,8.9,8.8,1.4333,1.1481,1.5938,,0.237,,,
stored-night,5,tide-siege+hollow-ground,w0h0l+,planner-one-mistake,300,76,0.2533,8.793,0.9094,63.964,0,0.497,2.763,66.9,2.987,14.183,0.89,0.287,0.8,0.007,1.963,1.77,0.23,1.47,0,0.39,0,0.107,0,0.003,0,3.457,0,0,0,0,0,182,300,182,54,0,46,254,0.2967,1,12.8983,2,0,1.083,county-alert,1,1,overhaul-warning,1,4,last-night,0.0833,9,300,1,1,8,1,8,300,1709,76,71,224,1638,0,0,1037,240,0,0,0,0,0,0,0,0.0033,8,8,5.6967,0.9342,7.3125,,0.2314,,,
stored-night,5,tide-siege+hollow-ground,w0h+l-,random,300,1,0.0033,8.997,0.8889,82.538,0,0.02,3.743,68.753,2.903,19.597,0.387,1.093,0.25,0.097,1.023,0.76,0.34,1.013,0,0.017,0,0.003,0,0.017,0,3.99,0,0,0,0,0,,,,,,,,,,,,,1.003,county-alert,1,1,overhaul-warning,1,4,last-night,0.0033,9,300,5,5,41,0,0,300,1856,1,1,299,1855,0,0,1197,75,0,0,0,0,0,0,0,0.0167,8.2,,6.1867,1,6.204,,0.0627,,,
stored-night,5,tide-siege+hollow-ground,w0h+l-,single-water,300,0,0,9,,88.813,0,0,4,77.06,3,13.933,0,0,0,0,1.993,1.813,0.18,0,0,0,0,0,0,0,0,4,0,0,0,0,0,,,,,,,,,,,,,1,county-alert,1,1,overhaul-warning,1,4,last-night,0,,300,0,0,0,0,0,300,2398,0,0,300,2398,0,0,1200,0,0,0,0,0,0,0,0,0,,,7.9933,,7.9933,,0,,,
stored-night,5,tide-siege+hollow-ground,w0h+l-,legacy-cycle,300,0,0,9,,75.7,0,0,4,88.517,3,29.507,0,0,0,0,0.787,0.337,0.46,2.4,0,0,0,0,0,0.947,0,4,0,0,0,0,0,,,,,,,,,,,,,1,county-alert,1,1,overhaul-warning,1,4,last-night,0,,300,284,284,2168,0,0,300,1691,0,0,300,1691,0,0,1200,0,0,0,0,0,0,0,0,0.9467,7.6338,,5.6367,,5.6367,,0,,,
stored-night,5,tide-siege+hollow-ground,w0h+l-,greedy,300,205,0.6833,8.203,0.8705,45.768,0,1.127,1.997,46.58,2.783,1.467,0.933,0.197,0.783,0.053,1.687,1.427,0.267,1.893,0,0.93,0.003,0.193,0,0.027,0,2.587,0,0,0,0,0,,,,,,,,,,,,,1.18,county-alert,1,1,overhaul-warning,1,4,last-night,0.18,7.926,300,8,8,63,5,39,300,364,205,239,95,125,0,0,776,235,0,0,0,0,0,0,0,0.0267,7.875,7.8,1.2133,1.1659,1.3158,,0.3028,,,
stored-night,5,tide-siege+hollow-ground,w0h+l-,planner,300,173,0.5767,8.297,0.8645,65.598,0,1.02,2.36,56.133,2.73,2.223,0.83,0.203,0.61,0.107,1.747,1.543,0.233,2.013,0,0.807,0.007,0.207,0,0.007,0,2.773,0,0,0,0,0,,,,,,,,,,,,,1.193,county-alert,1,1,overhaul-warning,1,4,last-night,0.1933,8.103,300,2,2,15,1,8,300,1128,173,201,127,927,0,0,832,183,0,0,0,0,0,0,0,0.0067,7.5,8,3.76,1.1618,7.2992,,0.22,,,
stored-night,5,tide-siege+hollow-ground,w0h+l-,forecast-aware,300,103,0.3433,8.657,0.8889,42.112,0,1.123,2.65,65.847,2.35,1.413,1.923,0,0.747,0.577,1.763,1.5,0.343,2.447,0,0.81,0.053,0.26,0,0.03,0,3.17,0,0,0,0,0,,,,,,,,,,,,,1.29,county-alert,1,1,overhaul-warning,1,4,last-night,0.29,8.736,300,9,9,80,4,35,300,433,103,120,197,313,0,0,951,224,0,0,0,0,0,0,0,0.03,8.8889,8.75,1.4433,1.165,1.5888,,0.2355,,,
stored-night,5,tide-siege+hollow-ground,w0h+l-,planner-one-mistake,300,68,0.2267,8.82,0.9118,64.397,0,0.487,2.803,68.333,2.987,14.13,0.917,0.293,0.823,0.007,1.977,1.773,0.26,1.49,0,0.37,0,0.117,0,0,0,3.51,0,0,0,0,0,173,300,173,46,0,46,254,0.2659,1,12.6792,2,0,1.08,county-alert,1,1,overhaul-warning,1,4,last-night,0.08,9,300,0,0,0,0,0,300,1748,68,51,232,1697,0,0,1053,247,0,0,0,0,0,0,0,0,,,5.8267,0.75,7.3147,,0.2346,,,
stored-night,5,tide-siege+hollow-ground,w0h+l0,random,300,1,0.0033,8.997,0.8889,82.348,0,0.02,3.743,69.007,2.903,19.65,0.387,1.093,0.25,0.097,1.023,0.76,0.34,1.013,0,0.017,0,0.003,0,0.017,0,3.99,0,0,0,0,0,,,,,,,,,,,,,1.003,county-alert,1,1,overhaul-warning,1,4,last-night,0.0033,9,300,5,5,41,0,0,300,1856,1,1,299,1855,0,0,1197,75,0,0,0,0,0,0,0,0.0167,8.2,,6.1867,1,6.204,,0.0627,,,
stored-night,5,tide-siege+hollow-ground,w0h+l0,single-water,300,0,0,9,,88.813,0,0,4,77.06,3,13.933,0,0,0,0,1.993,1.813,0.18,0,0,0,0,0,0,0,0,4,0,0,0,0,0,,,,,,,,,,,,,1,county-alert,1,1,overhaul-warning,1,4,last-night,0,,300,0,0,0,0,0,300,2398,0,0,300,2398,0,0,1200,0,0,0,0,0,0,0,0,0,,,7.9933,,7.9933,,0,,,
stored-night,5,tide-siege+hollow-ground,w0h+l0,legacy-cycle,300,0,0,9,,75.69,0,0,4,88.52,3,29.507,0,0,0,0,0.787,0.337,0.46,2.4,0,0,0,0,0,0.947,0,4,0,0,0,0,0,,,,,,,,,,,,,1,county-alert,1,1,overhaul-warning,1,4,last-night,0,,300,284,284,2168,0,0,300,1691,0,0,300,1691,0,0,1200,0,0,0,0,0,0,0,0,0.9467,7.6338,,5.6367,,5.6367,,0,,,
stored-night,5,tide-siege+hollow-ground,w0h+l0,greedy,300,207,0.69,8.2,0.8712,45.075,0,1.143,2.017,47.173,2.767,1.457,0.917,0.18,0.77,0.05,1.7,1.433,0.273,1.823,0,0.94,0.003,0.2,0,0.033,0,2.593,0,0,0,0,0,,,,,,,,,,,,,1.19,county-alert,1,1,overhaul-warning,1,4,last-night,0.19,7.947,300,10,10,80,8,64,300,365,207,246,93,119,0,0,778,231,0,0,0,0,0,0,0,0.0333,8,8,1.2167,1.1884,1.2796,,0.2969,,,
stored-night,5,tide-siege+hollow-ground,w0h+l0,planner,300,182,0.6067,8.253,0.8632,65.237,0,1.02,2.32,54.66,2.71,2.253,0.793,0.21,0.593,0.107,1.743,1.553,0.22,1.97,0,0.817,0.007,0.197,0,0.01,0,2.73,0,0,0,0,0,,,,,,,,,,,,,1.187,county-alert,1,1,overhaul-warning,1,4,last-night,0.1867,8.018,300,3,3,23,2,16,300,1065,182,207,118,858,0,0,819,178,0,0,0,0,0,0,0,0.01,7.6667,8,3.55,1.1374,7.2712,,0.2173,,,
stored-night,5,tide-siege+hollow-ground,w0h+l0,forecast-aware,300,107,0.3567,8.643,0.8889,41.658,0,1.12,2.637,65.42,2.327,1.437,1.923,0,0.747,0.577,1.75,1.493,0.33,2.44,0,0.813,0.05,0.257,0,0.033,0,3.157,0,0,0,0,0,,,,,,,,,,,,,1.287,county-alert,1,1,overhaul-warning,1,4,last-night,0.2867,8.721,300,10,10,89,5,44,300,431,107,124,193,307,0,0,947,224,0,0,0,0,0,0,0,0.0333,8.9,8.8,1.4367,1.1589,1.5907,,0.2365,,,
stored-night,5,tide-siege+hollow-ground,w0h+l0,planner-one-mistake,300,76,0.2533,8.793,0.9094,64.031,0,0.493,2.767,67.007,2.987,14.183,0.89,0.287,0.8,0.007,1.97,1.767,0.24,1.483,0,0.387,0,0.107,0,0.003,0,3.46,0,0,0,0,0,182,300,182,54,0,46,254,0.2967,1,12.8983,2,0,1.083,county-alert,1,1,overhaul-warning,1,4,last-night,0.0833,9,300,1,1,8,1,8,300,1706,76,70,224,1636,0,0,1038,240,0,0,0,0,0,0,0,0.0033,8,8,5.6867,0.9211,7.3036,,0.2312,,,
stored-night,5,tide-siege+hollow-ground,w0h+l+,random,300,1,0.0033,8.997,0.8889,82.328,0,0.02,3.743,69.04,2.903,19.657,0.387,1.093,0.25,0.097,1.023,0.76,0.34,1.013,0,0.017,0,0.003,0,0.017,0,3.99,0,0,0,0,0,,,,,,,,,,,,,1.003,county-alert,1,1,overhaul-warning,1,4,last-night,0.0033,9,300,5,5,41,0,0,300,1856,1,1,299,1855,0,0,1197,75,0,0,0,0,0,0,0,0.0167,8.2,,6.1867,1,6.204,,0.0627,,,
stored-night,5,tide-siege+hollow-ground,w0h+l+,single-water,300,0,0,9,,88.813,0,0,4,77.06,3,13.933,0,0,0,0,1.993,1.813,0.18,0,0,0,0,0,0,0,0,4,0,0,0,0,0,,,,,,,,,,,,,1,county-alert,1,1,overhaul-warning,1,4,last-night,0,,300,0,0,0,0,0,300,2398,0,0,300,2398,0,0,1200,0,0,0,0,0,0,0,0,0,,,7.9933,,7.9933,,0,,,
stored-night,5,tide-siege+hollow-ground,w0h+l+,legacy-cycle,300,0,0,9,,75.69,0,0,4,88.52,3,29.507,0,0,0,0,0.787,0.337,0.46,2.4,0,0,0,0,0,0.947,0,4,0,0,0,0,0,,,,,,,,,,,,,1,county-alert,1,1,overhaul-warning,1,4,last-night,0,,300,284,284,2168,0,0,300,1691,0,0,300,1691,0,0,1200,0,0,0,0,0,0,0,0,0.9467,7.6338,,5.6367,,5.6367,,0,,,
stored-night,5,tide-siege+hollow-ground,w0h+l+,greedy,300,208,0.6933,8.19,0.8702,45.011,0,1.147,2.01,46.973,2.767,1.457,0.917,0.18,0.77,0.05,1.697,1.427,0.277,1.823,0,0.943,0.003,0.2,0,0.033,0,2.587,0,0,0,0,0,,,,,,,,,,,,,1.19,county-alert,1,1,overhaul-warning,1,4,last-night,0.19,7.947,300,10,10,80,8,64,300,362,208,244,92,118,0,0,776,231,0,0,0,0,0,0,0,0.0333,8,8,1.2067,1.1731,1.2826,,0.2977,,,
stored-night,5,tide-siege+hollow-ground,w0h+l+,planner,300,182,0.6067,8.253,0.8632,65.161,0,1.02,2.32,54.66,2.71,2.253,0.793,0.21,0.593,0.107,1.743,1.553,0.22,1.963,0,0.817,0.007,0.197,0,0.01,0,2.73,0,0,0,0,0,,,,,,,,,,,,,1.187,county-alert,1,1,overhaul-warning,1,4,last-night,0.1867,8.018,300,3,3,23,2,16,300,1065,182,207,118,858,0,0,819,178,0,0,0,0,0,0,0,0.01,7.6667,8,3.55,1.1374,7.2712,,0.2173,,,
stored-night,5,tide-siege+hollow-ground,w0h+l+,forecast-aware,300,108,0.36,8.623,0.8837,41.552,0,1.117,2.63,65.18,2.327,1.437,1.917,0,0.747,0.577,1.743,1.477,0.34,2.423,0,0.813,0.05,0.253,0,0.033,0,3.15,0,0,0,0,0,,,,,,,,,,,,,1.28,county-alert,1,1,overhaul-warning,1,4,last-night,0.28,8.714,300,10,10,89,5,44,300,430,108,124,192,306,0,0,945,224,0,0,0,0,0,0,0,0.0333,8.9,8.8,1.4333,1.1481,1.5938,,0.237,,,
stored-night,5,tide-siege+hollow-ground,w0h+l+,planner-one-mistake,300,76,0.2533,8.793,0.9094,63.946,0,0.497,2.763,66.9,2.987,14.183,0.89,0.287,0.8,0.007,1.967,1.77,0.233,1.47,0,0.39,0,0.107,0,0.003,0,3.457,0,0,0,0,0,182,300,182,54,0,46,254,0.2967,1,12.8983,2,0,1.083,county-alert,1,1,overhaul-warning,1,4,last-night,0.0833,9,300,1,1,8,1,8,300,1709,76,71,224,1638,0,0,1037,240,0,0,0,0,0,0,0,0.0033,8,8,5.6967,0.9342,7.3125,,0.2314,,,
stored-night,5,tide-siege+hollow-ground,w+h-l-,random,300,1,0.0033,8.997,0.8889,82.666,0,0.017,3.743,68.587,2.903,19.617,0.387,1.093,0.25,0.097,1.023,0.76,0.34,1.013,0,0.013,0,0.003,0,0.017,0,3.99,0,0,0,0,0,,,,,,,,,,,,,1.003,county-alert,1,1,overhaul-warning,1,4,last-night,0.0033,9,300,5,5,41,0,0,300,1856,1,1,299,1855,0,0,1197,75,0,0,0,0,0,0,0,0.0167,8.2,,6.1867,1,6.204,,0.0627,,,
stored-night,5,tide-siege+hollow-ground,w+h-l-,single-water,300,0,0,9,,88.793,0,0,4,77.457,3,13.933,0,0,0,0,1.993,1.813,0.18,0,0,0,0,0,0,0,0,4,0,0,0,0,0,,,,,,,,,,,,,1,county-alert,1,1,overhaul-warning,1,4,last-night,0,,300,0,0,0,0,0,300,2398,0,0,300,2398,0,0,1200,0,0,0,0,0,0,0,0,0,,,7.9933,,7.9933,,0,,,
stored-night,5,tide-siege+hollow-ground,w+h-l-,legacy-cycle,300,0,0,9,,76.017,0,0,4,88.39,3,29.507,0,0,0,0,0.787,0.337,0.46,2.4,0,0,0,0,0,0.947,0,4,0,0,0,0,0,,,,,,,,,,,,,1,county-alert,1,1,overhaul-warning,1,4,last-night,0,,300,284,284,2168,0,0,300,1691,0,0,300,1691,0,0,1200,0,0,0,0,0,0,0,0,0.9467,7.6338,,5.6367,,5.6367,,0,,,
stored-night,5,tide-siege+hollow-ground,w+h-l-,greedy,300,206,0.6867,8.213,0.8727,45.213,0,1.097,1.987,46.1,2.81,1.267,0.923,0.183,0.78,0.05,1.687,1.453,0.233,1.877,0,0.917,0.003,0.177,0,0.023,0,2.593,0,0,0,0,0,,,,,,,,,,,,,1.163,county-alert,1,1,overhaul-warning,1,4,last-night,0.1633,8.041,300,7,7,56,6,48,300,363,206,236,94,127,0,0,778,234,0,0,0,0,0,0,0,0.0233,8,8,1.21,1.1456,1.3511,,0.3008,,,
stored-night,5,tide-siege+hollow-ground,w+h-l-,planner,300,176,0.5867,8.28,0.8636,66.5,0,1.007,2.34,55.52,2.723,2.29,0.823,0.2,0.597,0.107,1.757,1.553,0.227,2.013,0,0.803,0.007,0.197,0,0.01,0,2.75,0,0,0,0,0,,,,,,,,,,,,,1.183,county-alert,1,1,overhaul-warning,1,4,last-night,0.1833,8.2,300,3,3,23,2,16,300,1113,176,202,124,911,0,0,825,179,0,0,0,0,0,0,0,0.01,7.6667,8,3.71,1.1477,7.3468,,0.217,,,
stored-night,5,tide-siege+hollow-ground,w+h-l-,forecast-aware,300,107,0.3567,8.647,0.8899,42.813,0,1.107,2.637,65.327,2.337,1.363,1.92,0,0.75,0.577,1.753,1.5,0.327,2.44,0,0.807,0.05,0.25,0,0.033,0,3.163,0,0,0,0,0,,,,,,,,,,,,,1.277,county-alert,1,1,overhaul-warning,1,4,last-night,0.2767,8.711,300,10,10,89,5,44,300,427,107,121,193,306,0,0,949,225,0,0,0,0,0,0,0,0.0333,8.9,8.8,1.4233,1.1308,1.5855,,0.2371,,,
stored-night,5,tide-siege+hollow-ground,w+h-l-,planner-one-mistake,300,65,0.2167,8.84,0.9179,64.604,0,0.47,2.82,68.833,2.99,14.257,0.92,0.3,0.827,0.007,2.007,1.793,0.27,1.47,0,0.353,0,0.117,0,0,0,3.53,0,0,0,0,0,176,300,176,47,0,46,254,0.267,1,12.4575,2,0,1.08,county-alert,1,1,overhaul-warning,1,4,last-night,0.08,9,300,0,0,0,0,0,300,1769,65,50,235,1719,0,0,1059,248,0,0,0,0,0,0,0,0,,,5.8967,0.7692,7.3149,,0.2342,,,
stored-night,5,tide-siege+hollow-ground,w+h-l0,random,300,1,0.0033,8.997,0.8889,82.475,0,0.017,3.743,68.84,2.903,19.67,0.387,1.093,0.25,0.097,1.023,0.76,0.34,1.013,0,0.013,0,0.003,0,0.017,0,3.99,0,0,0,0,0,,,,,,,,,,,,,1.003,county-alert,1,1,overhaul-warning,1,4,last-night,0.0033,9,300,5,5,41,0,0,300,1856,1,1,299,1855,0,0,1197,75,0,0,0,0,0,0,0,0.0167,8.2,,6.1867,1,6.204,,0.0627,,,
stored-night,5,tide-siege+hollow-ground,w+h-l0,single-water,300,0,0,9,,88.793,0,0,4,77.457,3,13.933,0,0,0,0,1.993,1.813,0.18,0,0,0,0,0,0,0,0,4,0,0,0,0,0,,,,,,,,,,,,,1,county-alert,1,1,overhaul-warning,1,4,last-night,0,,300,0,0,0,0,0,300,2398,0,0,300,2398,0,0,1200,0,0,0,0,0,0,0,0,0,,,7.9933,,7.9933,,0,,,
stored-night,5,tide-siege+hollow-ground,w+h-l0,legacy-cycle,300,0,0,9,,76.007,0,0,4,88.393,3,29.507,0,0,0,0,0.787,0.337,0.46,2.4,0,0,0,0,0,0.947,0,4,0,0,0,0,0,,,,,,,,,,,,,1,county-alert,1,1,overhaul-warning,1,4,last-night,0,,300,284,284,2168,0,0,300,1691,0,0,300,1691,0,0,1200,0,0,0,0,0,0,0,0,0.9467,7.6338,,5.6367,,5.6367,,0,,,
stored-night,5,tide-siege+hollow-ground,w+h-l0,greedy,300,208,0.6933,8.207,0.8729,45.761,0,1.107,2.007,46.773,2.793,1.2,0.907,0.187,0.76,0.047,1.71,1.46,0.257,1.79,0,0.92,0.003,0.183,0,0.027,0,2.59,0,0,0,0,0,,,,,,,,,,,,,1.17,county-alert,1,1,overhaul-warning,1,4,last-night,0.17,8.02,300,8,8,64,7,56,300,361,208,238,92,123,0,0,777,228,0,0,0,0,0,0,0,0.0267,8,8,1.2033,1.1442,1.337,,0.2934,,,
stored-night,5,tide-siege+hollow-ground,w+h-l0,planner,300,180,0.6,8.263,0.8636,66.583,0,1.037,2.327,55.1,2.72,2.347,0.803,0.207,0.587,0.107,1.75,1.553,0.227,1.983,0,0.823,0.007,0.207,0,0.01,0,2.717,0,0,0,0,0,,,,,,,,,,,,,1.193,county-alert,1,1,overhaul-warning,1,4,last-night,0.1933,8.224,300,3,3,23,1,8,300,1085,180,198,120,887,0,0,815,176,0,0,0,0,0,0,0,0.01,7.6667,8,3.6167,1.1,7.3917,,0.216,,,
stored-night,5,tide-siege+hollow-ground,w+h-l0,forecast-aware,300,107,0.3567,8.623,0.8827,42.249,0,1.117,2.64,65.527,2.327,1.393,1.913,0,0.747,0.577,1.743,1.48,0.333,2.427,0,0.81,0.05,0.257,0,0.033,0,3.157,0,0,0,0,0,,,,,,,,,,,,,1.283,county-alert,1,1,overhaul-warning,1,4,last-night,0.2833,8.718,300,10,10,89,5,44,300,425,107,118,193,307,0,0,947,224,0,0,0,0,0,0,0,0.0333,8.9,8.8,1.4167,1.1028,1.5907,,0.2365,,,
stored-night,5,tide-siege+hollow-ground,w+h-l0,planner-one-mistake,300,71,0.2367,8.817,0.9139,64.192,0,0.47,2.787,67.667,2.99,14.433,0.907,0.297,0.813,0.007,2.013,1.797,0.257,1.483,0,0.363,0,0.107,0,0.003,0,3.493,0,0,0,0,0,180,300,180,50,0,46,254,0.2778,1,12.6467,2,0,1.08,county-alert,1,1,overhaul-warning,1,4,last-night,0.08,9,300,1,1,8,1,8,300,1736,71,61,229,1675,0,0,1048,244,0,0,0,0,0,0,0,0.0033,8,8,5.7867,0.8592,7.3144,,0.2328,,,
stored-night,5,tide-siege+hollow-ground,w+h-l+,random,300,1,0.0033,8.997,0.8889,82.452,0,0.017,3.743,68.873,2.903,19.677,0.387,1.093,0.25,0.097,1.023,0.76,0.34,1.013,0,0.013,0,0.003,0,0.017,0,3.99,0,0,0,0,0,,,,,,,,,,,,,1.003,county-alert,1,1,overhaul-warning,1,4,last-night,0.0033,9,300,5,5,41,0,0,300,1856,1,1,299,1855,0,0,1197,75,0,0,0,0,0,0,0,0.0167,8.2,,6.1867,1,6.204,,0.0627,,,
stored-night,5,tide-siege+hollow-ground,w+h-l+,single-water,300,0,0,9,,88.793,0,0,4,77.457,3,13.933,0,0,0,0,1.993,1.813,0.18,0,0,0,0,0,0,0,0,4,0,0,0,0,0,,,,,,,,,,,,,1,county-alert,1,1,overhaul-warning,1,4,last-night,0,,300,0,0,0,0,0,300,2398,0,0,300,2398,0,0,1200,0,0,0,0,0,0,0,0,0,,,7.9933,,7.9933,,0,,,
stored-night,5,tide-siege+hollow-ground,w+h-l+,legacy-cycle,300,0,0,9,,76.007,0,0,4,88.393,3,29.507,0,0,0,0,0.787,0.337,0.46,2.4,0,0,0,0,0,0.947,0,4,0,0,0,0,0,,,,,,,,,,,,,1,county-alert,1,1,overhaul-warning,1,4,last-night,0,,300,284,284,2168,0,0,300,1691,0,0,300,1691,0,0,1200,0,0,0,0,0,0,0,0,0.9467,7.6338,,5.6367,,5.6367,,0,,,
stored-night,5,tide-siege+hollow-ground,w+h-l+,greedy,300,207,0.69,8.21,0.8728,45.914,0,1.117,2.017,47.107,2.787,1.2,0.907,0.183,0.763,0.047,1.71,1.46,0.257,1.797,0,0.923,0.003,0.19,0,0.027,0,2.597,0,0,0,0,0,,,,,,,,,,,,,1.177,county-alert,1,1,overhaul-warning,1,4,last-night,0.1767,7.981,300,8,8,64,7,56,300,363,207,238,93,125,0,0,779,229,0,0,0,0,0,0,0,0.0267,8,8,1.21,1.1498,1.3441,,0.294,,,
stored-night,5,tide-siege+hollow-ground,w+h-l+,planner,300,182,0.6067,8.257,0.8639,66.653,0,1.04,2.313,54.687,2.717,2.347,0.807,0.207,0.59,0.107,1.753,1.557,0.227,1.98,0,0.827,0.007,0.207,0,0.01,0,2.71,0,0,0,0,0,,,,,,,,,,,,,1.193,county-alert,1,1,overhaul-warning,1,4,last-night,0.1933,8.19,300,3,3,23,2,16,300,1075,182,198,118,877,0,0,813,177,0,0,0,0,0,0,0,0.01,7.6667,8,3.5833,1.0879,7.4322,,0.2177,,,
stored-night,5,tide-siege+hollow-ground,w+h-l+,forecast-aware,300,107,0.3567,8.623,0.8827,42.124,0,1.117,2.64,65.527,2.327,1.393,1.913,0,0.747,0.577,1.743,1.48,0.333,2.427,0,0.81,0.05,0.257,0,0.033,0,3.157,0,0,0,0,0,,,,,,,,,,,,,1.283,county-alert,1,1,overhaul-warning,1,4,last-night,0.2833,8.718,300,10,10,89,5,44,300,425,107,118,193,307,0,0,947,224,0,0,0,0,0,0,0,0.0333,8.9,8.8,1.4167,1.1028,1.5907,,0.2365,,,
stored-night,5,tide-siege+hollow-ground,w+h-l+,planner-one-mistake,300,70,0.2333,8.817,0.9127,64.022,0,0.47,2.787,67.667,2.99,14.433,0.907,0.297,0.813,0.007,2.01,1.797,0.253,1.47,0,0.363,0,0.107,0,0.003,0,3.493,0,0,0,0,0,182,300,182,49,0,46,254,0.2692,1,12.6467,2,0,1.08,county-alert,1,1,overhaul-warning,1,4,last-night,0.08,9,300,1,1,8,1,8,300,1744,70,61,230,1683,0,0,1048,244,0,0,0,0,0,0,0,0.0033,8,8,5.8133,0.8714,7.3174,,0.2328,,,
stored-night,5,tide-siege+hollow-ground,w+h0l-,random,300,1,0.0033,8.997,0.8889,82.502,0,0.02,3.743,68.823,2.903,19.683,0.387,1.093,0.25,0.097,1.023,0.76,0.34,1.013,0,0.017,0,0.003,0,0.017,0,3.99,0,0,0,0,0,,,,,,,,,,,,,1.003,county-alert,1,1,overhaul-warning,1,4,last-night,0.0033,9,300,5,5,41,0,0,300,1856,1,1,299,1855,0,0,1197,75,0,0,0,0,0,0,0,0.0167,8.2,,6.1867,1,6.204,,0.0627,,,
stored-night,5,tide-siege+hollow-ground,w+h0l-,single-water,300,0,0,9,,88.793,0,0,4,77.457,3,13.933,0,0,0,0,1.993,1.813,0.18,0,0,0,0,0,0,0,0,4,0,0,0,0,0,,,,,,,,,,,,,1,county-alert,1,1,overhaul-warning,1,4,last-night,0,,300,0,0,0,0,0,300,2398,0,0,300,2398,0,0,1200,0,0,0,0,0,0,0,0,0,,,7.9933,,7.9933,,0,,,
stored-night,5,tide-siege+hollow-ground,w+h0l-,legacy-cycle,300,0,0,9,,75.7,0,0,4,88.517,3,29.507,0,0,0,0,0.787,0.337,0.46,2.4,0,0,0,0,0,0.947,0,4,0,0,0,0,0,,,,,,,,,,,,,1,county-alert,1,1,overhaul-warning,1,4,last-night,0,,300,284,284,2168,0,0,300,1691,0,0,300,1691,0,0,1200,0,0,0,0,0,0,0,0,0.9467,7.6338,,5.6367,,5.6367,,0,,,
stored-night,5,tide-siege+hollow-ground,w+h0l-,greedy,300,209,0.6967,8.18,0.8692,45.275,0,1.12,1.97,45.74,2.787,1.467,0.933,0.197,0.783,0.053,1.663,1.417,0.253,1.903,0,0.933,0.003,0.183,0,0.03,0,2.573,0,0,0,0,0,,,,,,,,,,,,,1.17,county-alert,1,1,overhaul-warning,1,4,last-night,0.17,7.922,300,9,9,71,6,47,300,356,209,237,91,119,0,0,772,235,0,0,0,0,0,0,0,0.03,7.8889,7.8333,1.1867,1.134,1.3077,,0.3044,,,
stored-night,5,tide-siege+hollow-ground,w+h0l-,planner,300,178,0.5933,8.26,0.8614,66.139,0,1.027,2.33,55.267,2.72,2.153,0.817,0.207,0.597,0.103,1.727,1.53,0.223,2.027,0,0.817,0.007,0.203,0,0.007,0,2.733,0,0,0,0,0,,,,,,,,,,,,,1.183,county-alert,1,1,overhaul-warning,1,4,last-night,0.1833,8.127,300,2,2,15,1,8,300,1098,178,202,122,896,0,0,820,179,0,0,0,0,0,0,0,0.0067,7.5,8,3.66,1.1348,7.3443,,0.2183,,,
stored-night,5,tide-siege+hollow-ground,w+h0l-,forecast-aware,300,107,0.3567,8.63,0.8847,41.922,0,1.123,2.633,65.327,2.337,1.36,1.917,0,0.747,0.577,1.747,1.487,0.33,2.443,0,0.817,0.05,0.257,0,0.033,0,3.15,0,0,0,0,0,,,,,,,,,,,,,1.283,county-alert,1,1,overhaul-warning,1,4,last-night,0.2833,8.718,300,10,10,89,4,35,300,429,107,122,193,307,0,0,945,224,0,0,0,0,0,0,0,0.0333,8.9,8.75,1.43,1.1402,1.5907,,0.237,,,
stored-night,5,tide-siege+hollow-ground,w+h0l-,planner-one-mistake,300,69,0.23,8.827,0.9163,64.346,0,0.483,2.803,68.333,2.987,14.273,0.92,0.293,0.827,0.007,1.997,1.793,0.26,1.46,0,0.367,0,0.117,0,0,0,3.513,0,0,0,0,0,178,300,178,48,0,46,254,0.2697,1,12.5642,2,0,1.077,county-alert,1,1,overhaul-warning,1,4,last-night,0.0767,9,300,0,0,0,0,0,300,1741,69,52,231,1689,0,0,1054,248,0,0,0,0,0,0,0,0,,,5.8033,0.7536,7.3117,,0.2353,,,
stored-night,5,tide-siege+hollow-ground,w+h0l0,random,300,1,0.0033,8.997,0.8889,82.311,0,0.02,3.743,69.077,2.903,19.737,0.387,1.093,0.25,0.097,1.023,0.76,0.34,1.013,0,0.017,0,0.003,0,0.017,0,3.99,0,0,0,0,0,,,,,,,,,,,,,1.003,county-alert,1,1,overhaul-warning,1,4,last-night,0.0033,9,300,5,5,41,0,0,300,1856,1,1,299,1855,0,0,1197,75,0,0,0,0,0,0,0,0.0167,8.2,,6.1867,1,6.204,,0.0627,,,
stored-night,5,tide-siege+hollow-ground,w+h0l0,single-water,300,0,0,9,,88.793,0,0,4,77.457,3,13.933,0,0,0,0,1.993,1.813,0.18,0,0,0,0,0,0,0,0,4,0,0,0,0,0,,,,,,,,,,,,,1,county-alert,1,1,overhaul-warning,1,4,last-night,0,,300,0,0,0,0,0,300,2398,0,0,300,2398,0,0,1200,0,0,0,0,0,0,0,0,0,,,7.9933,,7.9933,,0,,,
stored-night,5,tide-siege+hollow-ground,w+h0l0,legacy-cycle,300,0,0,9,,75.69,0,0,4,88.52,3,29.507,0,0,0,0,0.787,0.337,0.46,2.4,0,0,0,0,0,0.947,0,4,0,0,0,0,0,,,,,,,,,,,,,1,county-alert,1,1,overhaul-warning,1,4,last-night,0,,300,284,284,2168,0,0,300,1691,0,0,300,1691,0,0,1200,0,0,0,0,0,0,0,0,0.9467,7.6338,,5.6367,,5.6367,,0,,,
stored-night,5,tide-siege+hollow-ground,w+h0l0,greedy,300,211,0.7033,8.18,0.8705,45.067,0,1.133,1.983,46.187,2.777,1.48,0.917,0.197,0.77,0.05,1.697,1.42,0.283,1.837,0,0.94,0.003,0.19,0,0.037,0,2.57,0,0,0,0,0,,,,,,,,,,,,,1.177,county-alert,1,1,overhaul-warning,1,4,last-night,0.1767,7.981,300,11,11,88,8,64,300,350,211,232,89,118,0,0,771,231,0,0,0,0,0,0,0,0.0367,8,8,1.1667,1.0995,1.3258,,0.2996,,,
stored-night,5,tide-siege+hollow-ground,w+h0l0,planner,300,186,0.62,8.233,0.8626,65.772,0,1.027,2.287,53.74,2.72,2.29,0.797,0.213,0.59,0.103,1.73,1.537,0.223,1.99,0,0.827,0.007,0.193,0,0.01,0,2.697,0,0,0,0,0,,,,,,,,,,,,,1.177,county-alert,1,1,overhaul-warning,1,4,last-night,0.1767,8.113,300,3,3,23,2,16,300,1047,186,209,114,838,0,0,809,177,0,0,0,0,0,0,0,0.01,7.6667,8,3.49,1.1237,7.3509,,0.2188,,,
stored-night,5,tide-siege+hollow-ground,w+h0l0,forecast-aware,300,113,0.3767,8.593,0.88,41.15,0,1.107,2.603,64.18,2.327,1.393,1.907,0,0.743,0.577,1.743,1.47,0.343,2.417,0,0.817,0.05,0.24,0,0.033,0,3.133,0,0,0,0,0,,,,,,,,,,,,,1.27,county-alert,1,1,overhaul-warning,1,4,last-night,0.27,8.716,300,10,10,89,5,44,300,427,113,126,187,301,0,0,940,223,0,0,0,0,0,0,0,0.0333,8.9,8.8,1.4233,1.115,1.6096,,0.2372,,,
stored-night,5,tide-siege+hollow-ground,w+h0l0,planner-one-mistake,300,76,0.2533,8.803,0.9137,64,0,0.48,2.767,67.007,2.987,14.443,0.907,0.29,0.813,0.007,2,1.803,0.237,1.48,0,0.377,0,0.103,0,0.003,0,3.477,0,0,0,0,0,186,300,186,54,0,46,254,0.2903,1,12.74,2,0,1.077,county-alert,1,1,overhaul-warning,1,4,last-night,0.0767,9,300,1,1,8,1,8,300,1706,76,67,224,1639,0,0,1043,244,0,0,0,0,0,0,0,0.0033,8,8,5.6867,0.8816,7.317,,0.2339,,,
stored-night,5,tide-siege+hollow-ground,w+h0l+,random,300,1,0.0033,8.997,0.8889,82.291,0,0.02,3.743,69.11,2.903,19.743,0.387,1.093,0.25,0.097,1.023,0.76,0.34,1.013,0,0.017,0,0.003,0,0.017,0,3.99,0,0,0,0,0,,,,,,,,,,,,,1.003,county-alert,1,1,overhaul-warning,1,4,last-night,0.0033,9,300,5,5,41,0,0,300,1856,1,1,299,1855,0,0,1197,75,0,0,0,0,0,0,0,0.0167,8.2,,6.1867,1,6.204,,0.0627,,,
stored-night,5,tide-siege+hollow-ground,w+h0l+,single-water,300,0,0,9,,88.793,0,0,4,77.457,3,13.933,0,0,0,0,1.993,1.813,0.18,0,0,0,0,0,0,0,0,4,0,0,0,0,0,,,,,,,,,,,,,1,county-alert,1,1,overhaul-warning,1,4,last-night,0,,300,0,0,0,0,0,300,2398,0,0,300,2398,0,0,1200,0,0,0,0,0,0,0,0,0,,,7.9933,,7.9933,,0,,,
stored-night,5,tide-siege+hollow-ground,w+h0l+,legacy-cycle,300,0,0,9,,75.69,0,0,4,88.52,3,29.507,0,0,0,0,0.787,0.337,0.46,2.4,0,0,0,0,0,0.947,0,4,0,0,0,0,0,,,,,,,,,,,,,1,county-alert,1,1,overhaul-warning,1,4,last-night,0,,300,284,284,2168,0,0,300,1691,0,0,300,1691,0,0,1200,0,0,0,0,0,0,0,0,0.9467,7.6338,,5.6367,,5.6367,,0,,,
stored-night,5,tide-siege+hollow-ground,w+h0l+,greedy,300,211,0.7033,8.18,0.8705,44.978,0,1.133,1.983,46.187,2.777,1.48,0.917,0.197,0.77,0.05,1.697,1.42,0.283,1.837,0,0.94,0.003,0.19,0,0.037,0,2.57,0,0,0,0,0,,,,,,,,,,,,,1.177,county-alert,1,1,overhaul-warning,1,4,last-night,0.1767,7.981,300,11,11,88,8,64,300,350,211,232,89,118,0,0,771,231,0,0,0,0,0,0,0,0.0367,8,8,1.1667,1.0995,1.3258,,0.2996,,,
stored-night,5,tide-siege+hollow-ground,w+h0l+,planner,300,188,0.6267,8.23,0.8635,65.759,0,1.027,2.277,53.38,2.72,2.29,0.797,0.213,0.59,0.103,1.73,1.537,0.223,1.983,0,0.83,0.007,0.19,0,0.01,0,2.69,0,0,0,0,0,,,,,,,,,,,,,1.177,county-alert,1,1,overhaul-warning,1,4,last-night,0.1767,8.113,300,3,3,23,2,16,300,1035,188,213,112,822,0,0,807,177,0,0,0,0,0,0,0,0.01,7.6667,8,3.45,1.133,7.3393,,0.2193,,,
stored-night,5,tide-siege+hollow-ground,w+h0l+,forecast-aware,300,114,0.38,8.587,0.8791,41.108,0,1.103,2.6,64.02,2.327,1.423,1.9,0,0.737,0.577,1.743,1.47,0.343,2.41,0,0.817,0.05,0.237,0,0.033,0,3.127,0,0,0,0,0,,,,,,,,,,,,,1.27,county-alert,1,1,overhaul-warning,1,4,last-night,0.27,8.716,300,10,10,89,5,44,300,427,114,129,186,298,0,0,938,221,0,0,0,0,0,0,0,0.0333,8.9,8.8,1.4233,1.1316,1.6022,,0.2356,,,
stored-night,5,tide-siege+hollow-ground,w+h0l+,planner-one-mistake,300,75,0.25,8.803,0.9126,63.822,0,0.48,2.767,67.007,2.987,14.443,0.907,0.29,0.813,0.007,1.997,1.803,0.233,1.467,0,0.377,0,0.103,0,0.003,0,3.477,0,0,0,0,0,188,300,188,54,0,46,254,0.2872,1,12.74,2,0,1.077,county-alert,1,1,overhaul-warning,1,4,last-night,0.0767,9,300,1,1,8,1,8,300,1714,75,67,225,1647,0,0,1043,244,0,0,0,0,0,0,0,0.0033,8,8,5.7133,0.8933,7.32,,0.2339,,,
stored-night,5,tide-siege+hollow-ground,w+h+l-,random,300,1,0.0033,8.997,0.8889,82.495,0,0.02,3.743,68.83,2.903,19.683,0.387,1.093,0.25,0.097,1.023,0.76,0.34,1.013,0,0.017,0,0.003,0,0.017,0,3.99,0,0,0,0,0,,,,,,,,,,,,,1.003,county-alert,1,1,overhaul-warning,1,4,last-night,0.0033,9,300,5,5,41,0,0,300,1856,1,1,299,1855,0,0,1197,75,0,0,0,0,0,0,0,0.0167,8.2,,6.1867,1,6.204,,0.0627,,,
stored-night,5,tide-siege+hollow-ground,w+h+l-,single-water,300,0,0,9,,88.793,0,0,4,77.457,3,13.933,0,0,0,0,1.993,1.813,0.18,0,0,0,0,0,0,0,0,4,0,0,0,0,0,,,,,,,,,,,,,1,county-alert,1,1,overhaul-warning,1,4,last-night,0,,300,0,0,0,0,0,300,2398,0,0,300,2398,0,0,1200,0,0,0,0,0,0,0,0,0,,,7.9933,,7.9933,,0,,,
stored-night,5,tide-siege+hollow-ground,w+h+l-,legacy-cycle,300,0,0,9,,75.7,0,0,4,88.517,3,29.507,0,0,0,0,0.787,0.337,0.46,2.4,0,0,0,0,0,0.947,0,4,0,0,0,0,0,,,,,,,,,,,,,1,county-alert,1,1,overhaul-warning,1,4,last-night,0,,300,284,284,2168,0,0,300,1691,0,0,300,1691,0,0,1200,0,0,0,0,0,0,0,0,0.9467,7.6338,,5.6367,,5.6367,,0,,,
stored-night,5,tide-siege+hollow-ground,w+h+l-,greedy,300,209,0.6967,8.18,0.8692,45.275,0,1.12,1.97,45.74,2.787,1.467,0.933,0.197,0.783,0.053,1.663,1.417,0.253,1.903,0,0.933,0.003,0.183,0,0.03,0,2.573,0,0,0,0,0,,,,,,,,,,,,,1.17,county-alert,1,1,overhaul-warning,1,4,last-night,0.17,7.922,300,9,9,71,6,47,300,356,209,237,91,119,0,0,772,235,0,0,0,0,0,0,0,0.03,7.8889,7.8333,1.1867,1.134,1.3077,,0.3044,,,
stored-night,5,tide-siege+hollow-ground,w+h+l-,planner,300,178,0.5933,8.26,0.8614,66.123,0,1.027,2.33,55.267,2.72,2.153,0.817,0.207,0.597,0.103,1.727,1.53,0.223,2.027,0,0.817,0.007,0.203,0,0.007,0,2.733,0,0,0,0,0,,,,,,,,,,,,,1.183,county-alert,1,1,overhaul-warning,1,4,last-night,0.1833,8.127,300,2,2,15,1,8,300,1098,178,202,122,896,0,0,820,179,0,0,0,0,0,0,0,0.0067,7.5,8,3.66,1.1348,7.3443,,0.2183,,,
stored-night,5,tide-siege+hollow-ground,w+h+l-,forecast-aware,300,107,0.3567,8.63,0.8847,41.896,0,1.123,2.633,65.327,2.337,1.36,1.917,0,0.747,0.577,1.747,1.487,0.33,2.443,0,0.817,0.05,0.257,0,0.033,0,3.15,0,0,0,0,0,,,,,,,,,,,,,1.283,county-alert,1,1,overhaul-warning,1,4,last-night,0.2833,8.718,300,10,10,89,4,35,300,429,107,122,193,307,0,0,945,224,0,0,0,0,0,0,0,0.0333,8.9,8.75,1.43,1.1402,1.5907,,0.237,,,
stored-night,5,tide-siege+hollow-ground,w+h+l-,planner-one-mistake,300,69,0.23,8.827,0.9163,64.329,0,0.483,2.803,68.333,2.987,14.273,0.92,0.293,0.827,0.007,2,1.793,0.263,1.46,0,0.367,0,0.117,0,0,0,3.513,0,0,0,0,0,178,300,178,48,0,46,254,0.2697,1,12.5642,2,0,1.077,county-alert,1,1,overhaul-warning,1,4,last-night,0.0767,9,300,0,0,0,0,0,300,1741,69,52,231,1689,0,0,1054,248,0,0,0,0,0,0,0,0,,,5.8033,0.7536,7.3117,,0.2353,,,
stored-night,5,tide-siege+hollow-ground,w+h+l0,random,300,1,0.0033,8.997,0.8889,82.308,0,0.02,3.743,69.083,2.903,19.737,0.387,1.093,0.25,0.097,1.023,0.76,0.34,1.013,0,0.017,0,0.003,0,0.017,0,3.99,0,0,0,0,0,,,,,,,,,,,,,1.003,county-alert,1,1,overhaul-warning,1,4,last-night,0.0033,9,300,5,5,41,0,0,300,1856,1,1,299,1855,0,0,1197,75,0,0,0,0,0,0,0,0.0167,8.2,,6.1867,1,6.204,,0.0627,,,
stored-night,5,tide-siege+hollow-ground,w+h+l0,single-water,300,0,0,9,,88.793,0,0,4,77.457,3,13.933,0,0,0,0,1.993,1.813,0.18,0,0,0,0,0,0,0,0,4,0,0,0,0,0,,,,,,,,,,,,,1,county-alert,1,1,overhaul-warning,1,4,last-night,0,,300,0,0,0,0,0,300,2398,0,0,300,2398,0,0,1200,0,0,0,0,0,0,0,0,0,,,7.9933,,7.9933,,0,,,
stored-night,5,tide-siege+hollow-ground,w+h+l0,legacy-cycle,300,0,0,9,,75.69,0,0,4,88.52,3,29.507,0,0,0,0,0.787,0.337,0.46,2.4,0,0,0,0,0,0.947,0,4,0,0,0,0,0,,,,,,,,,,,,,1,county-alert,1,1,overhaul-warning,1,4,last-night,0,,300,284,284,2168,0,0,300,1691,0,0,300,1691,0,0,1200,0,0,0,0,0,0,0,0,0.9467,7.6338,,5.6367,,5.6367,,0,,,
stored-night,5,tide-siege+hollow-ground,w+h+l0,greedy,300,211,0.7033,8.18,0.8705,45.045,0,1.133,1.983,46.187,2.777,1.48,0.917,0.197,0.77,0.05,1.697,1.42,0.283,1.837,0,0.94,0.003,0.19,0,0.037,0,2.57,0,0,0,0,0,,,,,,,,,,,,,1.177,county-alert,1,1,overhaul-warning,1,4,last-night,0.1767,7.981,300,11,11,88,8,64,300,350,211,232,89,118,0,0,771,231,0,0,0,0,0,0,0,0.0367,8,8,1.1667,1.0995,1.3258,,0.2996,,,
stored-night,5,tide-siege+hollow-ground,w+h+l0,planner,300,186,0.62,8.233,0.8626,65.763,0,1.027,2.287,53.74,2.72,2.29,0.797,0.213,0.59,0.103,1.733,1.54,0.223,1.99,0,0.827,0.007,0.193,0,0.01,0,2.697,0,0,0,0,0,,,,,,,,,,,,,1.177,county-alert,1,1,overhaul-warning,1,4,last-night,0.1767,8.113,300,3,3,23,2,16,300,1047,186,209,114,838,0,0,809,177,0,0,0,0,0,0,0,0.01,7.6667,8,3.49,1.1237,7.3509,,0.2188,,,
stored-night,5,tide-siege+hollow-ground,w+h+l0,forecast-aware,300,113,0.3767,8.593,0.88,41.128,0,1.107,2.603,64.18,2.327,1.393,1.907,0,0.743,0.577,1.743,1.47,0.343,2.417,0,0.817,0.05,0.24,0,0.033,0,3.133,0,0,0,0,0,,,,,,,,,,,,,1.27,county-alert,1,1,overhaul-warning,1,4,last-night,0.27,8.716,300,10,10,89,5,44,300,427,113,126,187,301,0,0,940,223,0,0,0,0,0,0,0,0.0333,8.9,8.8,1.4233,1.115,1.6096,,0.2372,,,
stored-night,5,tide-siege+hollow-ground,w+h+l0,planner-one-mistake,300,76,0.2533,8.803,0.9137,63.982,0,0.48,2.767,67.007,2.987,14.443,0.907,0.29,0.813,0.007,2.003,1.803,0.24,1.48,0,0.377,0,0.103,0,0.003,0,3.477,0,0,0,0,0,186,300,186,54,0,46,254,0.2903,1,12.74,2,0,1.077,county-alert,1,1,overhaul-warning,1,4,last-night,0.0767,9,300,1,1,8,1,8,300,1706,76,67,224,1639,0,0,1043,244,0,0,0,0,0,0,0,0.0033,8,8,5.6867,0.8816,7.317,,0.2339,,,
stored-night,5,tide-siege+hollow-ground,w+h+l+,random,300,1,0.0033,8.997,0.8889,82.284,0,0.02,3.743,69.117,2.903,19.743,0.387,1.093,0.25,0.097,1.023,0.76,0.34,1.013,0,0.017,0,0.003,0,0.017,0,3.99,0,0,0,0,0,,,,,,,,,,,,,1.003,county-alert,1,1,overhaul-warning,1,4,last-night,0.0033,9,300,5,5,41,0,0,300,1856,1,1,299,1855,0,0,1197,75,0,0,0,0,0,0,0,0.0167,8.2,,6.1867,1,6.204,,0.0627,,,
stored-night,5,tide-siege+hollow-ground,w+h+l+,single-water,300,0,0,9,,88.793,0,0,4,77.457,3,13.933,0,0,0,0,1.993,1.813,0.18,0,0,0,0,0,0,0,0,4,0,0,0,0,0,,,,,,,,,,,,,1,county-alert,1,1,overhaul-warning,1,4,last-night,0,,300,0,0,0,0,0,300,2398,0,0,300,2398,0,0,1200,0,0,0,0,0,0,0,0,0,,,7.9933,,7.9933,,0,,,
stored-night,5,tide-siege+hollow-ground,w+h+l+,legacy-cycle,300,0,0,9,,75.663,0,0,4,88.52,3,29.507,0,0,0,0,0.787,0.337,0.46,2.4,0,0,0,0,0,0.947,0,4,0,0,0,0,0,,,,,,,,,,,,,1,county-alert,1,1,overhaul-warning,1,4,last-night,0,,300,284,284,2168,0,0,300,1691,0,0,300,1691,0,0,1200,0,0,0,0,0,0,0,0,0.9467,7.6338,,5.6367,,5.6367,,0,,,
stored-night,5,tide-siege+hollow-ground,w+h+l+,greedy,300,211,0.7033,8.18,0.8705,44.978,0,1.133,1.983,46.187,2.777,1.48,0.917,0.197,0.77,0.05,1.697,1.42,0.283,1.837,0,0.94,0.003,0.19,0,0.037,0,2.57,0,0,0,0,0,,,,,,,,,,,,,1.177,county-alert,1,1,overhaul-warning,1,4,last-night,0.1767,7.981,300,11,11,88,8,64,300,350,211,232,89,118,0,0,771,231,0,0,0,0,0,0,0,0.0367,8,8,1.1667,1.0995,1.3258,,0.2996,,,
stored-night,5,tide-siege+hollow-ground,w+h+l+,planner,300,188,0.6267,8.23,0.8635,65.75,0,1.027,2.277,53.38,2.72,2.29,0.797,0.213,0.59,0.103,1.733,1.54,0.223,1.983,0,0.83,0.007,0.19,0,0.01,0,2.69,0,0,0,0,0,,,,,,,,,,,,,1.177,county-alert,1,1,overhaul-warning,1,4,last-night,0.1767,8.113,300,3,3,23,2,16,300,1035,188,213,112,822,0,0,807,177,0,0,0,0,0,0,0,0.01,7.6667,8,3.45,1.133,7.3393,,0.2193,,,
stored-night,5,tide-siege+hollow-ground,w+h+l+,forecast-aware,300,114,0.38,8.587,0.8791,41.081,0,1.103,2.6,64.02,2.327,1.423,1.9,0,0.737,0.577,1.743,1.47,0.343,2.41,0,0.817,0.05,0.237,0,0.033,0,3.127,0,0,0,0,0,,,,,,,,,,,,,1.27,county-alert,1,1,overhaul-warning,1,4,last-night,0.27,8.716,300,10,10,89,5,44,300,427,114,129,186,298,0,0,938,221,0,0,0,0,0,0,0,0.0333,8.9,8.8,1.4233,1.1316,1.6022,,0.2356,,,
stored-night,5,tide-siege+hollow-ground,w+h+l+,planner-one-mistake,300,75,0.25,8.803,0.9126,63.804,0,0.48,2.767,67.007,2.987,14.443,0.907,0.29,0.813,0.007,2,1.803,0.237,1.467,0,0.377,0,0.103,0,0.003,0,3.477,0,0,0,0,0,188,300,188,54,0,46,254,0.2872,1,12.74,2,0,1.077,county-alert,1,1,overhaul-warning,1,4,last-night,0.0767,9,300,1,1,8,1,8,300,1714,75,67,225,1647,0,0,1043,244,0,0,0,0,0,0,0,0.0033,8,8,5.7133,0.8933,7.32,,0.2339,,,
stored-night,5,tide-siege+sluice-jam,w-h-l-,random,300,0,0,9,,83.557,0,0.01,3.733,64.947,2.847,19.183,0.497,1.273,0.267,0.153,0.923,0.677,0.34,1.05,0,0.007,0,0.003,0,0.003,0,3.997,0,0,0,0,0,,,,,,,,,,,,,1,county-alert,1,1,overhaul-warning,1,4,last-night,0,,300,1,1,9,0,0,300,1880,0,0,300,1880,0,0,1199,80,0,0,0,0,0,0,0,0.0033,9,,6.2667,,6.2667,,0.0667,,,
stored-night,5,tide-siege+sluice-jam,w-h-l-,single-water,300,0,0,9,,90.803,0,0,4,60.287,3,11.117,0,0,0,0,1.703,1.147,0.557,0,0,0,0,0,0,0,0,4,0,0,0,0,0,,,,,,,,,,,,,1,county-alert,1,1,overhaul-warning,1,4,last-night,0,,300,0,0,0,0,0,300,2551,0,0,300,2551,0,0,1200,0,0,0,0,0,0,0,0,0,,,8.5033,,8.5033,,0,,,
stored-night,5,tide-siege+sluice-jam,w-h-l-,legacy-cycle,300,0,0,9,,78.167,0,0,4,88.493,3,32.473,0,0,0,0,1.177,0.61,0.583,2.417,0,0,0,0,0,0.97,0,4,0,0,0,0,0,,,,,,,,,,,,,1,county-alert,1,1,overhaul-warning,1,4,last-night,0,,300,291,291,2151,0,0,300,1722,0,0,300,1722,0,0,1200,0,0,0,0,0,0,0,0,0.97,7.3918,,5.74,,5.74,,0,,,
stored-night,5,tide-siege+sluice-jam,w-h-l-,greedy,300,199,0.6633,8.237,0.8721,40.851,0,1.117,1.947,45.273,2.883,0.597,0.987,0.21,0.813,0.017,1.713,1.493,0.223,1.787,0,0.94,0,0.177,0,0.023,0,2.583,0,0,0,0,0,,,,,,,,,,,,,1.163,county-alert,1,1,overhaul-warning,1,4,last-night,0.1633,8.469,300,7,7,55,4,31,300,392,199,243,101,149,0,0,775,244,0,0,0,0,0,0,0,0.0233,7.8571,7.75,1.3067,1.2211,1.4752,,0.3148,,,
stored-night,5,tide-siege+sluice-jam,w-h-l-,planner,300,178,0.5933,8.28,0.8652,60.664,0,0.98,2.21,51.893,2.787,0.927,1.033,0.15,0.687,0.07,1.617,1.48,0.153,2.05,0,0.8,0.003,0.177,0,0.03,0,2.74,0,0,0,0,0,,,,,,,,,,,,,1.17,county-alert,1,1,overhaul-warning,1,4,last-night,0.17,8.392,300,9,9,73,9,73,300,1092,178,199,122,893,0,0,822,206,0,0,0,0,0,0,0,0.03,8.1111,8.1111,3.64,1.118,7.3197,,0.2506,,,
stored-night,5,tide-siege+sluice-jam,w-h-l-,forecast-aware,300,70,0.2333,8.81,0.9095,42.361,0,1.207,2.62,66.127,2.3,1.287,2.59,0,0.977,0.643,1.727,1.42,0.403,2.627,0,0.827,0.067,0.313,0,0.033,0,3.313,0,0,0,0,0,,,,,,,,,,,,,1.327,county-alert,1,1,overhaul-warning,1,4,last-night,0.3267,8.786,300,10,10,90,4,36,300,580,70,91,230,489,0,0,994,293,0,0,0,0,0,0,0,0.0333,9,9,1.9333,1.3,2.1261,,0.2948,,,
stored-night,5,tide-siege+sluice-jam,w-h-l-,planner-one-mistake,300,45,0.15,8.897,0.9235,59.898,0,0.467,2.697,65.35,2.997,14.303,1.19,0.327,1.05,0.003,2.077,1.833,0.293,1.153,0,0.34,0.007,0.12,0,0.007,0,3.627,0,0,0,0,0,178,300,178,35,0,26,274,0.1966,1,12.7283,1,0,1.08,county-alert,1,1,overhaul-warning,1,4,last-night,0.08,9,300,2,2,15,1,8,300,1902,45,38,255,1864,0,0,1088,315,0,0,0,0,0,0,0,0.0067,7.5,8,6.34,0.8444,7.3098,,0.2895,,,
stored-night,5,tide-siege+sluice-jam,w-h-l0,random,300,0,0,9,,83.447,0,0.01,3.733,65.097,2.847,19.227,0.497,1.273,0.267,0.153,0.923,0.677,0.34,1.05,0,0.007,0,0.003,0,0.003,0,3.997,0,0,0,0,0,,,,,,,,,,,,,1,county-alert,1,1,overhaul-warning,1,4,last-night,0,,300,1,1,9,0,0,300,1880,0,0,300,1880,0,0,1199,80,0,0,0,0,0,0,0,0.0033,9,,6.2667,,6.2667,,0.0667,,,
stored-night,5,tide-siege+sluice-jam,w-h-l0,single-water,300,0,0,9,,90.803,0,0,4,60.287,3,11.117,0,0,0,0,1.703,1.147,0.557,0,0,0,0,0,0,0,0,4,0,0,0,0,0,,,,,,,,,,,,,1,county-alert,1,1,overhaul-warning,1,4,last-night,0,,300,0,0,0,0,0,300,2551,0,0,300,2551,0,0,1200,0,0,0,0,0,0,0,0,0,,,8.5033,,8.5033,,0,,,
stored-night,5,tide-siege+sluice-jam,w-h-l0,legacy-cycle,300,0,0,9,,78.013,0,0,4,88.507,3,32.487,0,0,0,0,1.177,0.61,0.583,2.417,0,0,0,0,0,0.97,0,4,0,0,0,0,0,,,,,,,,,,,,,1,county-alert,1,1,overhaul-warning,1,4,last-night,0,,300,291,291,2151,0,0,300,1722,0,0,300,1722,0,0,1200,0,0,0,0,0,0,0,0,0.97,7.3918,,5.74,,5.74,,0,,,
stored-night,5,tide-siege+sluice-jam,w-h-l0,greedy,300,201,0.67,8.233,0.8729,42.404,0,1.127,1.98,46.347,2.877,0.52,0.987,0.203,0.817,0.013,1.713,1.507,0.21,1.717,0,0.937,0,0.19,0,0.023,0,2.607,0,0,0,0,0,,,,,,,,,,,,,1.183,county-alert,1,1,overhaul-warning,1,4,last-night,0.1833,8.309,300,7,7,57,5,40,300,372,201,235,99,137,0,0,782,245,0,0,0,0,0,0,0,0.0233,8.1429,8,1.24,1.1692,1.3838,,0.3133,,,
stored-night,5,tide-siege+sluice-jam,w-h-l0,planner,300,188,0.6267,8.243,0.8658,60.857,0,0.983,2.173,50.613,2.773,0.863,1,0.147,0.663,0.07,1.64,1.49,0.17,1.963,0,0.813,0.003,0.167,0,0.033,0,2.687,0,0,0,0,0,,,,,,,,,,,,,1.16,county-alert,1,1,overhaul-warning,1,4,last-night,0.16,8.354,300,10,10,82,9,74,300,1022,188,211,112,811,0,0,806,199,0,0,0,0,0,0,0,0.0333,8.2,8.2222,3.4067,1.1223,7.2411,,0.2469,,,
stored-night,5,tide-siege+sluice-jam,w-h-l0,forecast-aware,300,72,0.24,8.817,0.9151,42.465,0,1.217,2.637,66.78,2.293,1.217,2.573,0,0.967,0.643,1.737,1.433,0.393,2.633,0,0.833,0.06,0.323,0,0.033,0,3.317,0,0,0,0,0,,,,,,,,,,,,,1.347,county-alert,1,1,overhaul-warning,1,4,last-night,0.3467,8.779,300,10,10,90,4,36,300,584,72,102,228,482,0,0,995,290,0,0,0,0,0,0,0,0.0333,9,9,1.9467,1.4167,2.114,,0.2915,,,
stored-night,5,tide-siege+sluice-jam,w-h-l0,planner-one-mistake,300,61,0.2033,8.853,0.9199,60.071,0,0.477,2.63,63.23,2.997,14.177,1.173,0.323,1.027,0.003,2.087,1.85,0.287,1.187,0,0.36,0.007,0.11,0,0.003,0,3.547,0,0,0,0,0,188,300,188,52,0,26,274,0.2766,1,12.775,1.5,0,1.073,county-alert,1,1,overhaul-warning,1,4,last-night,0.0733,9,300,1,1,7,0,0,300,1806,61,53,239,1753,0,0,1064,308,0,0,0,0,0,0,0,0.0033,7,,6.02,0.8689,7.3347,,0.2895,,,
stored-night,5,tide-siege+sluice-jam,w-h-l+,random,300,1,0.0033,8.997,0.8889,83.582,0,0.013,3.727,64.9,2.847,19.233,0.497,1.273,0.267,0.153,0.923,0.677,0.34,1.05,0,0.01,0,0.003,0,0.003,0,3.99,0,0,0,0,0,,,,,,,,,,,,,1,county-alert,1,1,overhaul-warning,1,4,last-night,0,,300,1,1,9,0,0,300,1879,1,1,299,1878,0,0,1197,80,0,0,0,0,0,0,0,0.0033,9,,6.2633,1,6.2809,,0.0668,,,
stored-night,5,tide-siege+sluice-jam,w-h-l+,single-water,300,0,0,9,,90.803,0,0,4,60.287,3,11.117,0,0,0,0,1.703,1.147,0.557,0,0,0,0,0,0,0,0,4,0,0,0,0,0,,,,,,,,,,,,,1,county-alert,1,1,overhaul-warning,1,4,last-night,0,,300,0,0,0,0,0,300,2551,0,0,300,2551,0,0,1200,0,0,0,0,0,0,0,0,0,,,8.5033,,8.5033,,0,,,
stored-night,5,tide-siege+sluice-jam,w-h-l+,legacy-cycle,300,0,0,9,,77.993,0,0,4,88.507,3,32.487,0,0,0,0,1.177,0.61,0.583,2.417,0,0,0,0,0,0.97,0,4,0,0,0,0,0,,,,,,,,,,,,,1,county-alert,1,1,overhaul-warning,1,4,last-night,0,,300,291,291,2151,0,0,300,1722,0,0,300,1722,0,0,1200,0,0,0,0,0,0,0,0,0.97,7.3918,,5.74,,5.74,,0,,,
stored-night,5,tide-siege+sluice-jam,w-h-l+,greedy,300,200,0.6667,8.233,0.8722,41.78,0,1.127,1.98,46.32,2.873,0.52,0.993,0.203,0.82,0.013,1.717,1.51,0.21,1.72,0,0.937,0,0.19,0,0.023,0,2.61,0,0,0,0,0,,,,,,,,,,,,,1.183,county-alert,1,1,overhaul-warning,1,4,last-night,0.1833,8.273,300,7,7,57,5,40,300,370,200,233,100,137,0,0,783,246,0,0,0,0,0,0,0,0.0233,8.1429,8,1.2333,1.165,1.37,,0.3142,,,
stored-night,5,tide-siege+sluice-jam,w-h-l+,planner,300,188,0.6267,8.24,0.8652,60.705,0,0.983,2.173,50.587,2.77,0.863,1,0.147,0.663,0.07,1.64,1.49,0.17,1.96,0,0.813,0.003,0.167,0,0.033,0,2.687,0,0,0,0,0,,,,,,,,,,,,,1.16,county-alert,1,1,overhaul-warning,1,4,last-night,0.16,8.313,300,10,10,82,9,74,300,1024,188,213,112,811,0,0,806,199,0,0,0,0,0,0,0,0.0333,8.2,8.2222,3.4133,1.133,7.2411,,0.2469,,,
stored-night,5,tide-siege+sluice-jam,w-h-l+,forecast-aware,300,72,0.24,8.817,0.9151,42.553,0,1.217,2.64,66.86,2.293,1.217,2.57,0,0.963,0.643,1.737,1.43,0.397,2.633,0,0.833,0.06,0.323,0,0.033,0,3.317,0,0,0,0,0,,,,,,,,,,,,,1.35,county-alert,1,1,overhaul-warning,1,4,last-night,0.35,8.781,300,10,10,90,4,36,300,590,72,102,228,488,0,0,995,289,0,0,0,0,0,0,0,0.0333,9,9,1.9667,1.4167,2.1404,,0.2905,,,
stored-night,5,tide-siege+sluice-jam,w-h-l+,planner-one-mistake,300,61,0.2033,8.853,0.9199,59.979,0,0.483,2.63,63.23,2.997,14.18,1.173,0.323,1.027,0.003,2.087,1.85,0.287,1.187,0,0.367,0.007,0.11,0,0.003,0,3.547,0,0,0,0,0,188,300,188,51,0,26,274,0.2713,1,12.775,1.5,0,1.073,county-alert,1,1,overhaul-warning,1,4,last-night,0.0733,9,300,1,1,7,0,0,300,1806,61,53,239,1753,0,0,1064,308,0,0,0,0,0,0,0,0.0033,7,,6.02,0.8689,7.3347,,0.2895,,,
stored-night,5,tide-siege+sluice-jam,w-h0l-,random,300,0,0,9,,83.387,0,0.01,3.733,65.2,2.847,19.253,0.497,1.273,0.267,0.153,0.923,0.677,0.34,1.05,0,0.007,0,0.003,0,0.003,0,3.997,0,0,0,0,0,,,,,,,,,,,,,1,county-alert,1,1,overhaul-warning,1,4,last-night,0,,300,1,1,9,0,0,300,1880,0,0,300,1880,0,0,1199,80,0,0,0,0,0,0,0,0.0033,9,,6.2667,,6.2667,,0.0667,,,
stored-night,5,tide-siege+sluice-jam,w-h0l-,single-water,300,0,0,9,,90.803,0,0,4,60.287,3,11.117,0,0,0,0,1.703,1.147,0.557,0,0,0,0,0,0,0,0,4,0,0,0,0,0,,,,,,,,,,,,,1,county-alert,1,1,overhaul-warning,1,4,last-night,0,,300,0,0,0,0,0,300,2551,0,0,300,2551,0,0,1200,0,0,0,0,0,0,0,0,0,,,8.5033,,8.5033,,0,,,
stored-night,5,tide-siege+sluice-jam,w-h0l-,legacy-cycle,300,0,0,9,,77.773,0,0,4,88.543,3,32.473,0,0,0,0,1.177,0.61,0.583,2.417,0,0,0,0,0,0.97,0,4,0,0,0,0,0,,,,,,,,,,,,,1,county-alert,1,1,overhaul-warning,1,4,last-night,0,,300,291,291,2151,0,0,300,1722,0,0,300,1722,0,0,1200,0,0,0,0,0,0,0,0,0.97,7.3918,,5.74,,5.74,,0,,,
stored-night,5,tide-siege+sluice-jam,w-h0l-,greedy,300,205,0.6833,8.217,0.8726,40.895,0,1.117,1.927,44.62,2.873,0.6,0.98,0.217,0.807,0.017,1.697,1.48,0.22,1.823,0,0.947,0,0.17,0,0.023,0,2.567,0,0,0,0,0,,,,,,,,,,,,,1.16,county-alert,1,1,overhaul-warning,1,4,last-night,0.16,8.417,300,7,7,55,6,46,300,386,205,242,95,144,0,0,770,242,0,0,0,0,0,0,0,0.0233,7.8571,7.6667,1.2867,1.1805,1.5158,,0.3143,,,
stored-night,5,tide-siege+sluice-jam,w-h0l-,planner,300,186,0.62,8.277,0.8704,61.974,0,1.003,2.193,51.48,2.783,0.927,1.027,0.15,0.677,0.07,1.603,1.477,0.143,2.07,0,0.817,0.003,0.183,0,0.03,0,2.707,0,0,0,0,0,,,,,,,,,,,,,1.167,county-alert,1,1,overhaul-warning,1,4,last-night,0.1667,8.34,300,9,9,73,9,73,300,1047,186,213,114,834,0,0,812,203,0,0,0,0,0,0,0,0.03,8.1111,8.1111,3.49,1.1452,7.3158,,0.25,,,
stored-night,5,tide-siege+sluice-jam,w-h0l-,forecast-aware,300,71,0.2367,8.81,0.9108,41.659,0,1.207,2.627,66.367,2.3,1.24,2.573,0,0.967,0.643,1.737,1.43,0.397,2.63,0,0.827,0.063,0.317,0,0.033,0,3.31,0,0,0,0,0,,,,,,,,,,,,,1.34,county-alert,1,1,overhaul-warning,1,4,last-night,0.34,8.794,300,10,10,90,4,36,300,582,71,97,229,485,0,0,993,290,0,0,0,0,0,0,0,0.0333,9,9,1.94,1.3662,2.1179,,0.292,,,
stored-night,5,tide-siege+sluice-jam,w-h0l-,planner-one-mistake,300,48,0.16,8.887,0.9213,59.675,0,0.46,2.687,64.95,2.997,14.333,1.183,0.327,1.047,0.003,2.08,1.837,0.293,1.15,0,0.34,0.007,0.113,0,0.007,0,3.623,0,0,0,0,0,186,300,186,38,0,26,274,0.2043,1,12.8183,1,0,1.08,county-alert,1,1,overhaul-warning,1,4,last-night,0.08,9,300,2,2,15,1,8,300,1886,48,45,252,1841,0,0,1087,314,0,0,0,0,0,0,0,0.0067,7.5,8,6.2867,0.9375,7.3056,,0.2889,,,
stored-night,5,tide-siege+sluice-jam,w-h0l0,random,300,1,0.0033,8.997,0.8889,83.418,0,0.013,3.727,65.15,2.847,19.297,0.497,1.273,0.267,0.153,0.923,0.677,0.34,1.05,0,0.01,0,0.003,0,0.003,0,3.99,0,0,0,0,0,,,,,,,,,,,,,1,county-alert,1,1,overhaul-warning,1,4,last-night,0,,300,1,1,9,0,0,300,1879,1,1,299,1878,0,0,1197,80,0,0,0,0,0,0,0,0.0033,9,,6.2633,1,6.2809,,0.0668,,,
stored-night,5,tide-siege+sluice-jam,w-h0l0,single-water,300,0,0,9,,90.803,0,0,4,60.287,3,11.117,0,0,0,0,1.703,1.147,0.557,0,0,0,0,0,0,0,0,4,0,0,0,0,0,,,,,,,,,,,,,1,county-alert,1,1,overhaul-warning,1,4,last-night,0,,300,0,0,0,0,0,300,2551,0,0,300,2551,0,0,1200,0,0,0,0,0,0,0,0,0,,,8.5033,,8.5033,,0,,,
stored-night,5,tide-siege+sluice-jam,w-h0l0,legacy-cycle,300,0,0,9,,77.75,0,0,4,88.547,3,32.487,0,0,0,0,1.177,0.61,0.583,2.417,0,0,0,0,0,0.97,0,4,0,0,0,0,0,,,,,,,,,,,,,1,county-alert,1,1,overhaul-warning,1,4,last-night,0,,300,291,291,2151,0,0,300,1722,0,0,300,1722,0,0,1200,0,0,0,0,0,0,0,0,0.97,7.3918,,5.74,,5.74,,0,,,
stored-night,5,tide-siege+sluice-jam,w-h0l0,greedy,300,205,0.6833,8.213,0.8721,42.242,0,1.133,1.96,45.76,2.867,0.603,0.97,0.213,0.807,0.013,1.697,1.483,0.217,1.767,0,0.947,0,0.187,0,0.023,0,2.583,0,0,0,0,0,,,,,,,,,,,,,1.18,county-alert,1,1,overhaul-warning,1,4,last-night,0.18,8.259,300,7,7,56,6,47,300,368,205,232,95,136,0,0,775,242,0,0,0,0,0,0,0,0.0233,8,7.8333,1.2267,1.1317,1.4316,,0.3123,,,
stored-night,5,tide-siege+sluice-jam,w-h0l0,planner,300,194,0.6467,8.23,0.8677,62.047,0,1.003,2.163,50.4,2.77,0.863,0.99,0.15,0.657,0.07,1.63,1.487,0.163,1.97,0,0.827,0.003,0.173,0,0.033,0,2.663,0,0,0,0,0,,,,,,,,,,,,,1.157,county-alert,1,1,overhaul-warning,1,4,last-night,0.1567,8.298,300,10,10,82,9,74,300,984,194,215,106,769,0,0,799,197,0,0,0,0,0,0,0,0.0333,8.2,8.2222,3.28,1.1082,7.2547,,0.2466,,,
stored-night,5,tide-siege+sluice-jam,w-h0l0,forecast-aware,300,79,0.2633,8.76,0.8987,41.109,0,1.2,2.557,64.327,2.293,1.247,2.573,0,0.96,0.643,1.717,1.417,0.39,2.62,0,0.837,0.063,0.3,0,0.033,0,3.253,0,0,0,0,0,,,,,,,,,,,,,1.327,county-alert,1,1,overhaul-warning,1,4,last-night,0.3267,8.867,300,10,10,90,4,36,300,585,79,113,221,472,0,0,976,288,0,0,0,0,0,0,0,0.0333,9,9,1.95,1.4304,2.1357,,0.2951,,,
stored-night,5,tide-siege+sluice-jam,w-h0l0,planner-one-mistake,300,65,0.2167,8.847,0.9214,59.813,0,0.467,2.617,62.67,2.997,14.19,1.17,0.323,1.023,0.003,2.093,1.853,0.29,1.187,0,0.36,0.007,0.1,0,0.003,0,3.543,0,0,0,0,0,194,300,194,56,0,26,274,0.2887,1,12.865,1.5,0,1.073,county-alert,1,1,overhaul-warning,1,4,last-night,0.0733,9,300,1,1,7,0,0,300,1785,65,63,235,1722,0,0,1063,307,0,0,0,0,0,0,0,0.0033,7,,5.95,0.9692,7.3277,,0.2888,,,
stored-night,5,tide-siege+sluice-jam,w-h0l+,random,300,1,0.0033,8.997,0.8889,83.415,0,0.013,3.727,65.153,2.847,19.303,0.497,1.273,0.267,0.153,0.923,0.677,0.34,1.05,0,0.01,0,0.003,0,0.003,0,3.99,0,0,0,0,0,,,,,,,,,,,,,1,county-alert,1,1,overhaul-warning,1,4,last-night,0,,300,1,1,9,0,0,300,1879,1,1,299,1878,0,0,1197,80,0,0,0,0,0,0,0,0.0033,9,,6.2633,1,6.2809,,0.0668,,,
stored-night,5,tide-siege+sluice-jam,w-h0l+,single-water,300,0,0,9,,90.803,0,0,4,60.287,3,11.117,0,0,0,0,1.703,1.147,0.557,0,0,0,0,0,0,0,0,4,0,0,0,0,0,,,,,,,,,,,,,1,county-alert,1,1,overhaul-warning,1,4,last-night,0,,300,0,0,0,0,0,300,2551,0,0,300,2551,0,0,1200,0,0,0,0,0,0,0,0,0,,,8.5033,,8.5033,,0,,,
stored-night,5,tide-siege+sluice-jam,w-h0l+,legacy-cycle,300,0,0,9,,77.75,0,0,4,88.547,3,32.487,0,0,0,0,1.177,0.61,0.583,2.417,0,0,0,0,0,0.97,0,4,0,0,0,0,0,,,,,,,,,,,,,1,county-alert,1,1,overhaul-warning,1,4,last-night,0,,300,291,291,2151,0,0,300,1722,0,0,300,1722,0,0,1200,0,0,0,0,0,0,0,0,0.97,7.3918,,5.74,,5.74,,0,,,
stored-night,5,tide-siege+sluice-jam,w-h0l+,greedy,300,204,0.68,8.213,0.8715,41.771,0,1.133,1.96,45.76,2.867,0.603,0.973,0.213,0.807,0.013,1.697,1.483,0.217,1.763,0,0.947,0,0.187,0,0.023,0,2.583,0,0,0,0,0,,,,,,,,,,,,,1.18,county-alert,1,1,overhaul-warning,1,4,last-night,0.18,8.259,300,7,7,56,6,47,300,367,204,230,96,137,0,0,775,242,0,0,0,0,0,0,0,0.0233,8,7.8333,1.2233,1.1275,1.4271,,0.3123,,,
stored-night,5,tide-siege+sluice-jam,w-h0l+,planner,300,194,0.6467,8.23,0.8677,62.019,0,1.003,2.163,50.4,2.77,0.863,0.987,0.15,0.653,0.07,1.63,1.487,0.163,1.97,0,0.827,0.003,0.173,0,0.033,0,2.66,0,0,0,0,0,,,,,,,,,,,,,1.157,county-alert,1,1,overhaul-warning,1,4,last-night,0.1567,8.298,300,10,10,82,9,74,300,988,194,219,106,769,0,0,798,196,0,0,0,0,0,0,0,0.0333,8.2,8.2222,3.2933,1.1289,7.2547,,0.2456,,,
stored-night,5,tide-siege+sluice-jam,w-h0l+,forecast-aware,300,79,0.2633,8.757,0.8973,41.195,0,1.2,2.56,64.407,2.293,1.247,2.57,0,0.953,0.643,1.717,1.413,0.393,2.62,0,0.837,0.063,0.3,0,0.033,0,3.25,0,0,0,0,0,,,,,,,,,,,,,1.33,county-alert,1,1,overhaul-warning,1,4,last-night,0.33,8.869,300,10,10,90,4,36,300,585,79,109,221,476,0,0,975,286,0,0,0,0,0,0,0,0.0333,9,9,1.95,1.3797,2.1538,,0.2933,,,
stored-night,5,tide-siege+sluice-jam,w-h0l+,planner-one-mistake,300,66,0.22,8.847,0.9226,59.688,0,0.473,2.617,62.67,2.997,14.193,1.17,0.323,1.023,0.003,2.097,1.857,0.29,1.187,0,0.367,0.007,0.1,0,0.007,0,3.543,0,0,0,0,0,194,300,194,56,0,26,274,0.2887,1,12.865,1.5,0,1.073,county-alert,1,1,overhaul-warning,1,4,last-night,0.0733,9,300,2,2,16,1,9,300,1776,66,63,234,1713,0,0,1063,307,0,0,0,0,0,0,0,0.0067,8,9,5.92,0.9545,7.3205,,0.2888,,,
stored-night,5,tide-siege+sluice-jam,w-h+l-,random,300,0,0,9,,83.377,0,0.01,3.733,65.21,2.847,19.253,0.497,1.273,0.267,0.153,0.923,0.677,0.34,1.05,0,0.007,0,0.003,0,0.003,0,3.997,0,0,0,0,0,,,,,,,,,,,,,1,county-alert,1,1,overhaul-warning,1,4,last-night,0,,300,1,1,9,0,0,300,1880,0,0,300,1880,0,0,1199,80,0,0,0,0,0,0,0,0.0033,9,,6.2667,,6.2667,,0.0667,,,
stored-night,5,tide-siege+sluice-jam,w-h+l-,single-water,300,0,0,9,,90.803,0,0,4,60.287,3,11.117,0,0,0,0,1.703,1.147,0.557,0,0,0,0,0,0,0,0,4,0,0,0,0,0,,,,,,,,,,,,,1,county-alert,1,1,overhaul-warning,1,4,last-night,0,,300,0,0,0,0,0,300,2551,0,0,300,2551,0,0,1200,0,0,0,0,0,0,0,0,0,,,8.5033,,8.5033,,0,,,
stored-night,5,tide-siege+sluice-jam,w-h+l-,legacy-cycle,300,0,0,9,,77.753,0,0,4,88.543,3,32.473,0,0,0,0,1.177,0.61,0.583,2.417,0,0,0,0,0,0.97,0,4,0,0,0,0,0,,,,,,,,,,,,,1,county-alert,1,1,overhaul-warning,1,4,last-night,0,,300,291,291,2151,0,0,300,1722,0,0,300,1722,0,0,1200,0,0,0,0,0,0,0,0,0.97,7.3918,,5.74,,5.74,,0,,,
stored-night,5,tide-siege+sluice-jam,w-h+l-,greedy,300,205,0.6833,8.217,0.8726,40.895,0,1.117,1.927,44.62,2.873,0.6,0.98,0.217,0.807,0.017,1.697,1.48,0.22,1.823,0,0.947,0,0.17,0,0.023,0,2.567,0,0,0,0,0,,,,,,,,,,,,,1.16,county-alert,1,1,overhaul-warning,1,4,last-night,0.16,8.417,300,7,7,55,6,46,300,386,205,242,95,144,0,0,770,242,0,0,0,0,0,0,0,0.0233,7.8571,7.6667,1.2867,1.1805,1.5158,,0.3143,,,
stored-night,5,tide-siege+sluice-jam,w-h+l-,planner,300,186,0.62,8.277,0.8704,61.965,0,1.003,2.193,51.48,2.783,0.927,1.027,0.15,0.677,0.07,1.603,1.477,0.143,2.07,0,0.817,0.003,0.183,0,0.03,0,2.707,0,0,0,0,0,,,,,,,,,,,,,1.167,county-alert,1,1,overhaul-warning,1,4,last-night,0.1667,8.34,300,9,9,73,9,73,300,1047,186,213,114,834,0,0,812,203,0,0,0,0,0,0,0,0.03,8.1111,8.1111,3.49,1.1452,7.3158,,0.25,,,
stored-night,5,tide-siege+sluice-jam,w-h+l-,forecast-aware,300,71,0.2367,8.81,0.9108,41.62,0,1.207,2.627,66.367,2.3,1.24,2.573,0,0.967,0.643,1.737,1.43,0.397,2.63,0,0.827,0.063,0.317,0,0.033,0,3.31,0,0,0,0,0,,,,,,,,,,,,,1.34,county-alert,1,1,overhaul-warning,1,4,last-night,0.34,8.794,300,10,10,90,4,36,300,582,71,97,229,485,0,0,993,290,0,0,0,0,0,0,0,0.0333,9,9,1.94,1.3662,2.1179,,0.292,,,
stored-night,5,tide-siege+sluice-jam,w-h+l-,planner-one-mistake,300,49,0.1633,8.887,0.9229,59.625,0,0.457,2.683,64.79,2.997,14.333,1.183,0.327,1.047,0.003,2.083,1.837,0.297,1.15,0,0.34,0.007,0.11,0,0.007,0,3.623,0,0,0,0,0,186,300,186,39,0,26,274,0.2097,1,12.8183,1,0,1.08,county-alert,1,1,overhaul-warning,1,4,last-night,0.08,9,300,2,2,15,1,8,300,1878,49,45,251,1833,0,0,1087,314,0,0,0,0,0,0,0,0.0067,7.5,8,6.26,0.9184,7.3028,,0.2889,,,
stored-night,5,tide-siege+sluice-jam,w-h+l0,random,300,1,0.0033,8.997,0.8889,83.408,0,0.013,3.727,65.16,2.847,19.297,0.497,1.273,0.267,0.153,0.923,0.677,0.34,1.05,0,0.01,0,0.003,0,0.003,0,3.99,0,0,0,0,0,,,,,,,,,,,,,1,county-alert,1,1,overhaul-warning,1,4,last-night,0,,300,1,1,9,0,0,300,1879,1,1,299,1878,0,0,1197,80,0,0,0,0,0,0,0,0.0033,9,,6.2633,1,6.2809,,0.0668,,,
stored-night,5,tide-siege+sluice-jam,w-h+l0,single-water,300,0,0,9,,90.803,0,0,4,60.287,3,11.117,0,0,0,0,1.703,1.147,0.557,0,0,0,0,0,0,0,0,4,0,0,0,0,0,,,,,,,,,,,,,1,county-alert,1,1,overhaul-warning,1,4,last-night,0,,300,0,0,0,0,0,300,2551,0,0,300,2551,0,0,1200,0,0,0,0,0,0,0,0,0,,,8.5033,,8.5033,,0,,,
stored-night,5,tide-siege+sluice-jam,w-h+l0,legacy-cycle,300,0,0,9,,77.75,0,0,4,88.547,3,32.487,0,0,0,0,1.177,0.61,0.583,2.417,0,0,0,0,0,0.97,0,4,0,0,0,0,0,,,,,,,,,,,,,1,county-alert,1,1,overhaul-warning,1,4,last-night,0,,300,291,291,2151,0,0,300,1722,0,0,300,1722,0,0,1200,0,0,0,0,0,0,0,0,0.97,7.3918,,5.74,,5.74,,0,,,
stored-night,5,tide-siege+sluice-jam,w-h+l0,greedy,300,205,0.6833,8.213,0.8721,42.242,0,1.133,1.96,45.76,2.867,0.603,0.97,0.213,0.807,0.013,1.697,1.483,0.217,1.767,0,0.947,0,0.187,0,0.023,0,2.583,0,0,0,0,0,,,,,,,,,,,,,1.18,county-alert,1,1,overhaul-warning,1,4,last-night,0.18,8.259,300,7,7,56,6,47,300,368,205,232,95,136,0,0,775,242,0,0,0,0,0,0,0,0.0233,8,7.8333,1.2267,1.1317,1.4316,,0.3123,,,
stored-night,5,tide-siege+sluice-jam,w-h+l0,planner,300,194,0.6467,8.23,0.8677,62.038,0,1.003,2.163,50.4,2.77,0.863,0.99,0.15,0.657,0.07,1.63,1.487,0.163,1.97,0,0.827,0.003,0.173,0,0.033,0,2.663,0,0,0,0,0,,,,,,,,,,,,,1.157,county-alert,1,1,overhaul-warning,1,4,last-night,0.1567,8.298,300,10,10,82,9,74,300,984,194,215,106,769,0,0,799,197,0,0,0,0,0,0,0,0.0333,8.2,8.2222,3.28,1.1082,7.2547,,0.2466,,,
stored-night,5,tide-siege+sluice-jam,w-h+l0,forecast-aware,300,79,0.2633,8.76,0.8987,41.226,0,1.2,2.56,64.407,2.293,1.247,2.57,0,0.957,0.643,1.717,1.413,0.393,2.62,0,0.837,0.063,0.3,0,0.033,0,3.253,0,0,0,0,0,,,,,,,,,,,,,1.33,county-alert,1,1,overhaul-warning,1,4,last-night,0.33,8.869,300,10,10,90,4,36,300,591,79,113,221,478,0,0,976,287,0,0,0,0,0,0,0,0.0333,9,9,1.97,1.4304,2.1629,,0.2941,,,
stored-night,5,tide-siege+sluice-jam,w-h+l0,planner-one-mistake,300,66,0.22,8.847,0.9226,59.774,0,0.467,2.617,62.67,2.997,14.19,1.17,0.323,1.023,0.003,2.097,1.857,0.29,1.187,0,0.36,0.007,0.1,0,0.007,0,3.543,0,0,0,0,0,194,300,194,56,0,26,274,0.2887,1,12.865,1.5,0,1.073,county-alert,1,1,overhaul-warning,1,4,last-night,0.0733,9,300,2,2,16,1,9,300,1776,66,63,234,1713,0,0,1063,307,0,0,0,0,0,0,0,0.0067,8,9,5.92,0.9545,7.3205,,0.2888,,,
stored-night,5,tide-siege+sluice-jam,w-h+l+,random,300,1,0.0033,8.997,0.8889,83.401,0,0.013,3.727,65.163,2.847,19.303,0.497,1.273,0.267,0.153,0.923,0.677,0.34,1.05,0,0.01,0,0.003,0,0.003,0,3.99,0,0,0,0,0,,,,,,,,,,,,,1,county-alert,1,1,overhaul-warning,1,4,last-night,0,,300,1,1,9,0,0,300,1879,1,1,299,1878,0,0,1197,80,0,0,0,0,0,0,0,0.0033,9,,6.2633,1,6.2809,,0.0668,,,
stored-night,5,tide-siege+sluice-jam,w-h+l+,single-water,300,0,0,9,,90.803,0,0,4,60.287,3,11.117,0,0,0,0,1.703,1.147,0.557,0,0,0,0,0,0,0,0,4,0,0,0,0,0,,,,,,,,,,,,,1,county-alert,1,1,overhaul-warning,1,4,last-night,0,,300,0,0,0,0,0,300,2551,0,0,300,2551,0,0,1200,0,0,0,0,0,0,0,0,0,,,8.5033,,8.5033,,0,,,
stored-night,5,tide-siege+sluice-jam,w-h+l+,legacy-cycle,300,0,0,9,,77.75,0,0,4,88.547,3,32.487,0,0,0,0,1.177,0.61,0.583,2.417,0,0,0,0,0,0.97,0,4,0,0,0,0,0,,,,,,,,,,,,,1,county-alert,1,1,overhaul-warning,1,4,last-night,0,,300,291,291,2151,0,0,300,1722,0,0,300,1722,0,0,1200,0,0,0,0,0,0,0,0,0.97,7.3918,,5.74,,5.74,,0,,,
stored-night,5,tide-siege+sluice-jam,w-h+l+,greedy,300,204,0.68,8.213,0.8715,41.771,0,1.133,1.96,45.76,2.867,0.603,0.973,0.213,0.807,0.013,1.697,1.483,0.217,1.763,0,0.947,0,0.187,0,0.023,0,2.583,0,0,0,0,0,,,,,,,,,,,,,1.18,county-alert,1,1,overhaul-warning,1,4,last-night,0.18,8.259,300,7,7,56,6,47,300,367,204,230,96,137,0,0,775,242,0,0,0,0,0,0,0,0.0233,8,7.8333,1.2233,1.1275,1.4271,,0.3123,,,
stored-night,5,tide-siege+sluice-jam,w-h+l+,planner,300,194,0.6467,8.23,0.8677,62.009,0,1.003,2.163,50.4,2.77,0.863,0.987,0.15,0.653,0.07,1.63,1.487,0.163,1.97,0,0.827,0.003,0.173,0,0.033,0,2.66,0,0,0,0,0,,,,,,,,,,,,,1.157,county-alert,1,1,overhaul-warning,1,4,last-night,0.1567,8.298,300,10,10,82,9,74,300,988,194,219,106,769,0,0,798,196,0,0,0,0,0,0,0,0.0333,8.2,8.2222,3.2933,1.1289,7.2547,,0.2456,,,
stored-night,5,tide-siege+sluice-jam,w-h+l+,forecast-aware,300,79,0.2633,8.757,0.8973,41.149,0,1.2,2.56,64.407,2.293,1.247,2.57,0,0.953,0.643,1.717,1.413,0.393,2.62,0,0.837,0.063,0.3,0,0.033,0,3.25,0,0,0,0,0,,,,,,,,,,,,,1.33,county-alert,1,1,overhaul-warning,1,4,last-night,0.33,8.869,300,10,10,90,4,36,300,585,79,109,221,476,0,0,975,286,0,0,0,0,0,0,0,0.0333,9,9,1.95,1.3797,2.1538,,0.2933,,,
stored-night,5,tide-siege+sluice-jam,w-h+l+,planner-one-mistake,300,66,0.22,8.847,0.9226,59.679,0,0.473,2.617,62.67,2.997,14.193,1.17,0.323,1.023,0.003,2.097,1.857,0.29,1.187,0,0.367,0.007,0.1,0,0.007,0,3.543,0,0,0,0,0,194,300,194,56,0,26,274,0.2887,1,12.865,1.5,0,1.073,county-alert,1,1,overhaul-warning,1,4,last-night,0.0733,9,300,2,2,16,1,9,300,1776,66,63,234,1713,0,0,1063,307,0,0,0,0,0,0,0,0.0067,8,9,5.92,0.9545,7.3205,,0.2888,,,
stored-night,5,tide-siege+sluice-jam,w0h-l-,random,300,0,0,9,,83.477,0,0.01,3.733,65.06,2.847,19.183,0.497,1.273,0.267,0.153,0.923,0.677,0.34,1.05,0,0.007,0,0.003,0,0.003,0,3.997,0,0,0,0,0,,,,,,,,,,,,,1,county-alert,1,1,overhaul-warning,1,4,last-night,0,,300,1,1,9,0,0,300,1880,0,0,300,1880,0,0,1199,80,0,0,0,0,0,0,0,0.0033,9,,6.2667,,6.2667,,0.0667,,,
stored-night,5,tide-siege+sluice-jam,w0h-l-,single-water,300,0,0,9,,90.68,0,0,4,60.437,3,11.117,0,0,0,0,1.703,1.147,0.557,0,0,0,0,0,0,0,0,4,0,0,0,0,0,,,,,,,,,,,,,1,county-alert,1,1,overhaul-warning,1,4,last-night,0,,300,0,0,0,0,0,300,2551,0,0,300,2551,0,0,1200,0,0,0,0,0,0,0,0,0,,,8.5033,,8.5033,,0,,,
stored-night,5,tide-siege+sluice-jam,w0h-l-,legacy-cycle,300,0,0,9,,77.567,0,0,4,89.26,3,32.473,0,0,0,0,1.177,0.61,0.583,2.417,0,0,0,0,0,0.97,0,4,0,0,0,0,0,,,,,,,,,,,,,1,county-alert,1,1,overhaul-warning,1,4,last-night,0,,300,291,291,2151,0,0,300,1722,0,0,300,1722,0,0,1200,0,0,0,0,0,0,0,0,0.97,7.3918,,5.74,,5.74,,0,,,
stored-night,5,tide-siege+sluice-jam,w0h-l-,greedy,300,198,0.66,8.237,0.8715,40.304,0,1.123,1.943,45.193,2.883,0.597,0.99,0.21,0.817,0.017,1.707,1.49,0.22,1.773,0,0.947,0,0.177,0,0.02,0,2.583,0,0,0,0,0,,,,,,,,,,,,,1.163,county-alert,1,1,overhaul-warning,1,4,last-night,0.1633,8.469,300,6,6,46,3,22,300,392,198,240,102,152,0,0,775,245,0,0,0,0,0,0,0,0.02,7.6667,7.3333,1.3067,1.2121,1.4902,,0.3161,,,
stored-night,5,tide-siege+sluice-jam,w0h-l-,planner,300,182,0.6067,8.28,0.8681,61.881,0,1,2.21,52.053,2.787,0.927,1.027,0.15,0.677,0.07,1.623,1.483,0.157,2.053,0,0.81,0.003,0.187,0,0.033,0,2.72,0,0,0,0,0,,,,,,,,,,,,,1.17,county-alert,1,1,overhaul-warning,1,4,last-night,0.17,8.392,300,10,10,82,10,82,300,1070,182,205,118,865,0,0,816,203,0,0,0,0,0,0,0,0.0333,8.2,8.2,3.5667,1.1264,7.3305,,0.2488,,,
stored-night,5,tide-siege+sluice-jam,w0h-l-,forecast-aware,300,72,0.24,8.807,0.9105,42.11,0,1.203,2.61,65.807,2.3,1.287,2.587,0,0.973,0.643,1.73,1.42,0.407,2.623,0,0.827,0.067,0.31,0,0.033,0,3.307,0,0,0,0,0,,,,,,,,,,,,,1.323,county-alert,1,1,overhaul-warning,1,4,last-night,0.3233,8.784,300,10,10,90,4,36,300,583,72,95,228,488,0,0,992,292,0,0,0,0,0,0,0,0.0333,9,9,1.9433,1.3194,2.1404,,0.2944,,,
stored-night,5,tide-siege+sluice-jam,w0h-l-,planner-one-mistake,300,45,0.15,8.897,0.9235,59.569,0,0.45,2.7,65.43,2.993,14.247,1.28,0.323,1.047,0.007,1.987,1.777,0.257,1.227,0,0.327,0.007,0.117,0,0.007,0,3.633,0,0,0,0,0,182,300,182,36,0,26,274,0.1978,1,12.7283,1,0,1.08,county-alert,1,1,overhaul-warning,1,4,last-night,0.08,9,300,2,2,15,1,8,300,1888,45,37,255,1851,0,0,1090,314,0,0,0,0,0,0,0,0.0067,7.5,8,6.2933,0.8222,7.2588,,0.2881,,,
stored-night,5,tide-siege+sluice-jam,w0h-l0,random,300,0,0,9,,83.367,0,0.01,3.733,65.21,2.847,19.227,0.497,1.273,0.267,0.153,0.923,0.677,0.34,1.05,0,0.007,0,0.003,0,0.003,0,3.997,0,0,0,0,0,,,,,,,,,,,,,1,county-alert,1,1,overhaul-warning,1,4,last-night,0,,300,1,1,9,0,0,300,1880,0,0,300,1880,0,0,1199,80,0,0,0,0,0,0,0,0.0033,9,,6.2667,,6.2667,,0.0667,,,
stored-night,5,tide-siege+sluice-jam,w0h-l0,single-water,300,0,0,9,,90.68,0,0,4,60.437,3,11.117,0,0,0,0,1.703,1.147,0.557,0,0,0,0,0,0,0,0,4,0,0,0,0,0,,,,,,,,,,,,,1,county-alert,1,1,overhaul-warning,1,4,last-night,0,,300,0,0,0,0,0,300,2551,0,0,300,2551,0,0,1200,0,0,0,0,0,0,0,0,0,,,8.5033,,8.5033,,0,,,
stored-night,5,tide-siege+sluice-jam,w0h-l0,legacy-cycle,300,0,0,9,,77.543,0,0,4,89.263,3,32.487,0,0,0,0,1.177,0.61,0.583,2.417,0,0,0,0,0,0.97,0,4,0,0,0,0,0,,,,,,,,,,,,,1,county-alert,1,1,overhaul-warning,1,4,last-night,0,,300,291,291,2151,0,0,300,1722,0,0,300,1722,0,0,1200,0,0,0,0,0,0,0,0,0.97,7.3918,,5.74,,5.74,,0,,,
stored-night,5,tide-siege+sluice-jam,w0h-l0,greedy,300,200,0.6667,8.233,0.8722,41.86,0,1.133,1.98,46.347,2.877,0.52,0.987,0.203,0.817,0.013,1.707,1.503,0.207,1.707,0,0.943,0,0.19,0,0.02,0,2.607,0,0,0,0,0,,,,,,,,,,,,,1.183,county-alert,1,1,overhaul-warning,1,4,last-night,0.1833,8.309,300,6,6,48,4,31,300,370,200,232,100,138,0,0,782,245,0,0,0,0,0,0,0,0.02,8,7.75,1.2333,1.16,1.38,,0.3133,,,
stored-night,5,tide-siege+sluice-jam,w0h-l0,planner,300,191,0.6367,8.24,0.8674,62.266,0,1.01,2.173,50.827,2.773,0.863,0.993,0.147,0.653,0.07,1.643,1.493,0.17,1.963,0,0.827,0.003,0.18,0,0.033,0,2.663,0,0,0,0,0,,,,,,,,,,,,,1.16,county-alert,1,1,overhaul-warning,1,4,last-night,0.16,8.354,300,10,10,82,9,74,300,1008,191,216,109,792,0,0,799,196,0,0,0,0,0,0,0,0.0333,8.2,8.2222,3.36,1.1309,7.2661,,0.2453,,,
stored-night,5,tide-siege+sluice-jam,w0h-l0,forecast-aware,300,74,0.2467,8.81,0.9144,42.142,0,1.21,2.627,66.38,2.293,1.217,2.57,0,0.963,0.643,1.737,1.433,0.393,2.633,0,0.833,0.06,0.317,0,0.033,0,3.31,0,0,0,0,0,,,,,,,,,,,,,1.34,county-alert,1,1,overhaul-warning,1,4,last-night,0.34,8.775,300,10,10,90,4,36,300,586,74,107,226,479,0,0,993,289,0,0,0,0,0,0,0,0.0333,9,9,1.9533,1.4459,2.1195,,0.291,,,
stored-night,5,tide-siege+sluice-jam,w0h-l0,planner-one-mistake,300,57,0.19,8.87,0.924,59.342,0,0.457,2.65,63.79,2.993,14.12,1.27,0.32,1.037,0.007,2,1.793,0.253,1.26,0,0.343,0.007,0.107,0,0.003,0,3.583,0,0,0,0,0,191,300,191,49,0,26,274,0.2565,1,12.775,1.5,0,1.073,county-alert,1,1,overhaul-warning,1,4,last-night,0.0733,9,300,1,1,7,0,0,300,1815,57,50,243,1765,0,0,1075,311,0,0,0,0,0,0,0,0.0033,7,,6.05,0.8772,7.2634,,0.2893,,,
stored-night,5,tide-siege+sluice-jam,w0h-l+,random,300,1,0.0033,8.997,0.8889,83.502,0,0.013,3.727,65.013,2.847,19.233,0.497,1.273,0.267,0.153,0.923,0.677,0.34,1.05,0,0.01,0,0.003,0,0.003,0,3.99,0,0,0,0,0,,,,,,,,,,,,,1,county-alert,1,1,overhaul-warning,1,4,last-night,0,,300,1,1,9,0,0,300,1879,1,1,299,1878,0,0,1197,80,0,0,0,0,0,0,0,0.0033,9,,6.2633,1,6.2809,,0.0668,,,
stored-night,5,tide-siege+sluice-jam,w0h-l+,single-water,300,0,0,9,,90.68,0,0,4,60.437,3,11.117,0,0,0,0,1.703,1.147,0.557,0,0,0,0,0,0,0,0,4,0,0,0,0,0,,,,,,,,,,,,,1,county-alert,1,1,overhaul-warning,1,4,last-night,0,,300,0,0,0,0,0,300,2551,0,0,300,2551,0,0,1200,0,0,0,0,0,0,0,0,0,,,8.5033,,8.5033,,0,,,
stored-night,5,tide-siege+sluice-jam,w0h-l+,legacy-cycle,300,0,0,9,,77.543,0,0,4,89.263,3,32.487,0,0,0,0,1.177,0.61,0.583,2.417,0,0,0,0,0,0.97,0,4,0,0,0,0,0,,,,,,,,,,,,,1,county-alert,1,1,overhaul-warning,1,4,last-night,0,,300,291,291,2151,0,0,300,1722,0,0,300,1722,0,0,1200,0,0,0,0,0,0,0,0,0.97,7.3918,,5.74,,5.74,,0,,,
stored-night,5,tide-siege+sluice-jam,w0h-l+,greedy,300,199,0.6633,8.233,0.8716,41.248,0,1.133,1.98,46.32,2.873,0.52,0.993,0.203,0.82,0.013,1.71,1.507,0.207,1.71,0,0.943,0,0.19,0,0.02,0,2.61,0,0,0,0,0,,,,,,,,,,,,,1.183,county-alert,1,1,overhaul-warning,1,4,last-night,0.1833,8.273,300,6,6,48,4,31,300,368,199,230,101,138,0,0,783,246,0,0,0,0,0,0,0,0.02,8,7.75,1.2267,1.1558,1.3663,,0.3142,,,
stored-night,5,tide-siege+sluice-jam,w0h-l+,planner,300,190,0.6333,8.243,0.8673,62.209,0,1.013,2.18,51.04,2.77,0.863,0.993,0.147,0.653,0.07,1.643,1.493,0.17,1.963,0,0.827,0.003,0.183,0,0.033,0,2.667,0,0,0,0,0,,,,,,,,,,,,,1.163,county-alert,1,1,overhaul-warning,1,4,last-night,0.1633,8.327,300,10,10,82,9,74,300,1017,190,219,110,798,0,0,800,196,0,0,0,0,0,0,0,0.0333,8.2,8.2222,3.39,1.1526,7.2545,,0.245,,,
stored-night,5,tide-siege+sluice-jam,w0h-l+,forecast-aware,300,74,0.2467,8.81,0.9144,42.226,0,1.21,2.63,66.46,2.293,1.217,2.567,0,0.96,0.643,1.737,1.43,0.397,2.633,0,0.833,0.06,0.317,0,0.033,0,3.31,0,0,0,0,0,,,,,,,,,,,,,1.343,county-alert,1,1,overhaul-warning,1,4,last-night,0.3433,8.777,300,10,10,90,4,36,300,592,74,107,226,485,0,0,993,288,0,0,0,0,0,0,0,0.0333,9,9,1.9733,1.4459,2.146,,0.29,,,
stored-night,5,tide-siege+sluice-jam,w0h-l+,planner-one-mistake,300,59,0.1967,8.867,0.9247,59.232,0,0.467,2.643,63.59,2.993,14.123,1.27,0.32,1.037,0.007,2.003,1.797,0.253,1.26,0,0.353,0.007,0.107,0,0.007,0,3.577,0,0,0,0,0,190,300,190,48,0,26,274,0.2526,1,12.775,1.5,0,1.073,county-alert,1,1,overhaul-warning,1,4,last-night,0.0733,9,300,2,2,16,1,9,300,1800,59,53,241,1747,0,0,1073,311,0,0,0,0,0,0,0,0.0067,8,9,6,0.8983,7.249,,0.2898,,,
stored-night,5,tide-siege+sluice-jam,w0h0l-,random,300,0,0,9,,83.307,0,0.01,3.733,65.313,2.847,19.253,0.497,1.273,0.267,0.153,0.923,0.677,0.34,1.05,0,0.007,0,0.003,0,0.003,0,3.997,0,0,0,0,0,,,,,,,,,,,,,1,county-alert,1,1,overhaul-warning,1,4,last-night,0,,300,1,1,9,0,0,300,1880,0,0,300,1880,0,0,1199,80,0,0,0,0,0,0,0,0.0033,9,,6.2667,,6.2667,,0.0667,,,
stored-night,5,tide-siege+sluice-jam,w0h0l-,single-water,300,0,0,9,,90.68,0,0,4,60.437,3,11.117,0,0,0,0,1.703,1.147,0.557,0,0,0,0,0,0,0,0,4,0,0,0,0,0,,,,,,,,,,,,,1,county-alert,1,1,overhaul-warning,1,4,last-night,0,,300,0,0,0,0,0,300,2551,0,0,300,2551,0,0,1200,0,0,0,0,0,0,0,0,0,,,8.5033,,8.5033,,0,,,
stored-night,5,tide-siege+sluice-jam,w0h0l-,legacy-cycle,300,0,0,9,,77.303,0,0,4,89.3,3,32.473,0,0,0,0,1.177,0.61,0.583,2.417,0,0,0,0,0,0.97,0,4,0,0,0,0,0,,,,,,,,,,,,,1,county-alert,1,1,overhaul-warning,1,4,last-night,0,,300,291,291,2151,0,0,300,1722,0,0,300,1722,0,0,1200,0,0,0,0,0,0,0,0,0.97,7.3918,,5.74,,5.74,,0,,,
stored-night,5,tide-siege+sluice-jam,w0h0l-,greedy,300,205,0.6833,8.217,0.8726,40.6,0,1.117,1.927,44.62,2.873,0.6,0.98,0.217,0.807,0.017,1.693,1.477,0.22,1.81,0,0.947,0,0.17,0,0.023,0,2.567,0,0,0,0,0,,,,,,,,,,,,,1.16,county-alert,1,1,overhaul-warning,1,4,last-night,0.16,8.417,300,7,7,55,6,46,300,383,205,239,95,144,0,0,770,242,0,0,0,0,0,0,0,0.0233,7.8571,7.6667,1.2767,1.1659,1.5158,,0.3143,,,
stored-night,5,tide-siege+sluice-jam,w0h0l-,planner,300,187,0.6233,8.273,0.8705,61.619,0,1,2.193,51.427,2.783,0.927,1.03,0.15,0.677,0.07,1.61,1.477,0.15,2.077,0,0.817,0.003,0.18,0,0.033,0,2.71,0,0,0,0,0,,,,,,,,,,,,,1.167,county-alert,1,1,overhaul-warning,1,4,last-night,0.1667,8.34,300,10,10,82,10,82,300,1036,187,212,113,824,0,0,813,203,0,0,0,0,0,0,0,0.0333,8.2,8.2,3.4533,1.1337,7.292,,0.2497,,,
stored-night,5,tide-siege+sluice-jam,w0h0l-,forecast-aware,300,73,0.2433,8.803,0.9102,41.339,0,1.203,2.617,65.967,2.3,1.24,2.567,0,0.96,0.643,1.74,1.43,0.4,2.627,0,0.83,0.063,0.31,0,0.033,0,3.3,0,0,0,0,0,,,,,,,,,,,,,1.333,county-alert,1,1,overhaul-warning,1,4,last-night,0.3333,8.79,300,10,10,90,4,36,300,585,73,103,227,482,0,0,990,288,0,0,0,0,0,0,0,0.0333,9,9,1.95,1.411,2.1233,,0.2909,,,
stored-night,5,tide-siege+sluice-jam,w0h0l-,planner-one-mistake,300,47,0.1567,8.887,0.9196,59.285,0,0.443,2.693,65.11,2.993,14.277,1.273,0.323,1.043,0.007,1.983,1.777,0.253,1.223,0,0.327,0.007,0.11,0,0.007,0,3.63,0,0,0,0,0,187,300,187,37,0,26,274,0.1979,1,12.8183,1,0,1.08,county-alert,1,1,overhaul-warning,1,4,last-night,0.08,9,300,2,2,15,1,8,300,1877,47,43,253,1834,0,0,1089,313,0,0,0,0,0,0,0,0.0067,7.5,8,6.2567,0.9149,7.249,,0.2874,,,
stored-night,5,tide-siege+sluice-jam,w0h0l0,random,300,1,0.0033,8.997,0.8889,83.338,0,0.013,3.727,65.263,2.847,19.297,0.497,1.273,0.267,0.153,0.923,0.677,0.34,1.05,0,0.01,0,0.003,0,0.003,0,3.99,0,0,0,0,0,,,,,,,,,,,,,1,county-alert,1,1,overhaul-warning,1,4,last-night,0,,300,1,1,9,0,0,300,1879,1,1,299,1878,0,0,1197,80,0,0,0,0,0,0,0,0.0033,9,,6.2633,1,6.2809,,0.0668,,,
stored-night,5,tide-siege+sluice-jam,w0h0l0,single-water,300,0,0,9,,90.68,0,0,4,60.437,3,11.117,0,0,0,0,1.703,1.147,0.557,0,0,0,0,0,0,0,0,4,0,0,0,0,0,,,,,,,,,,,,,1,county-alert,1,1,overhaul-warning,1,4,last-night,0,,300,0,0,0,0,0,300,2551,0,0,300,2551,0,0,1200,0,0,0,0,0,0,0,0,0,,,8.5033,,8.5033,,0,,,
stored-night,5,tide-siege+sluice-jam,w0h0l0,legacy-cycle,300,0,0,9,,77.3,0,0,4,89.303,3,32.487,0,0,0,0,1.177,0.61,0.583,2.417,0,0,0,0,0,0.97,0,4,0,0,0,0,0,,,,,,,,,,,,,1,county-alert,1,1,overhaul-warning,1,4,last-night,0,,300,291,291,2151,0,0,300,1722,0,0,300,1722,0,0,1200,0,0,0,0,0,0,0,0,0.97,7.3918,,5.74,,5.74,,0,,,
stored-night,5,tide-siege+sluice-jam,w0h0l0,greedy,300,205,0.6833,8.213,0.8721,41.968,0,1.133,1.96,45.76,2.867,0.603,0.97,0.213,0.807,0.013,1.693,1.48,0.217,1.757,0,0.947,0,0.187,0,0.023,0,2.583,0,0,0,0,0,,,,,,,,,,,,,1.18,county-alert,1,1,overhaul-warning,1,4,last-night,0.18,8.259,300,7,7,56,6,47,300,365,205,229,95,136,0,0,775,242,0,0,0,0,0,0,0,0.0233,8,7.8333,1.2167,1.1171,1.4316,,0.3123,,,
stored-night,5,tide-siege+sluice-jam,w0h0l0,planner,300,193,0.6433,8.233,0.8676,61.85,0,1.01,2.17,50.64,2.77,0.863,0.993,0.15,0.657,0.07,1.633,1.487,0.167,1.98,0,0.83,0.003,0.177,0,0.033,0,2.667,0,0,0,0,0,,,,,,,,,,,,,1.16,county-alert,1,1,overhaul-warning,1,4,last-night,0.16,8.313,300,10,10,82,9,74,300,989,193,215,107,774,0,0,800,197,0,0,0,0,0,0,0,0.0333,8.2,8.2222,3.2967,1.114,7.2336,,0.2463,,,
stored-night,5,tide-siege+sluice-jam,w0h0l0,forecast-aware,300,80,0.2667,8.757,0.8986,40.923,0,1.203,2.55,64.14,2.293,1.247,2.577,0,0.96,0.643,1.713,1.417,0.387,2.617,0,0.84,0.063,0.3,0,0.033,0,3.247,0,0,0,0,0,,,,,,,,,,,,,1.323,county-alert,1,1,overhaul-warning,1,4,last-night,0.3233,8.866,300,10,10,90,4,36,300,589,80,115,220,474,0,0,974,288,0,0,0,0,0,0,0,0.0333,9,9,1.9633,1.4375,2.1545,,0.2957,,,
stored-night,5,tide-siege+sluice-jam,w0h0l0,planner-one-mistake,300,61,0.2033,8.863,0.9253,58.983,0,0.447,2.64,63.31,2.993,14.133,1.267,0.32,1.033,0.007,2.003,1.797,0.253,1.26,0,0.343,0.007,0.097,0,0.007,0,3.58,0,0,0,0,0,193,300,193,51,0,26,274,0.2642,1,12.865,1.5,0,1.073,county-alert,1,1,overhaul-warning,1,4,last-night,0.0733,9,300,2,2,16,1,9,300,1790,61,59,239,1731,0,0,1074,310,0,0,0,0,0,0,0,0.0067,8,9,5.9667,0.9672,7.2427,,0.2886,,,
stored-night,5,tide-siege+sluice-jam,w0h0l+,random,300,1,0.0033,8.997,0.8889,83.331,0,0.013,3.727,65.267,2.847,19.303,0.497,1.273,0.267,0.153,0.923,0.677,0.34,1.05,0,0.01,0,0.003,0,0.003,0,3.99,0,0,0,0,0,,,,,,,,,,,,,1,county-alert,1,1,overhaul-warning,1,4,last-night,0,,300,1,1,9,0,0,300,1879,1,1,299,1878,0,0,1197,80,0,0,0,0,0,0,0,0.0033,9,,6.2633,1,6.2809,,0.0668,,,
stored-night,5,tide-siege+sluice-jam,w0h0l+,single-water,300,0,0,9,,90.68,0,0,4,60.437,3,11.117,0,0,0,0,1.703,1.147,0.557,0,0,0,0,0,0,0,0,4,0,0,0,0,0,,,,,,,,,,,,,1,county-alert,1,1,overhaul-warning,1,4,last-night,0,,300,0,0,0,0,0,300,2551,0,0,300,2551,0,0,1200,0,0,0,0,0,0,0,0,0,,,8.5033,,8.5033,,0,,,
stored-night,5,tide-siege+sluice-jam,w0h0l+,legacy-cycle,300,0,0,9,,77.3,0,0,4,89.303,3,32.487,0,0,0,0,1.177,0.61,0.583,2.417,0,0,0,0,0,0.97,0,4,0,0,0,0,0,,,,,,,,,,,,,1,county-alert,1,1,overhaul-warning,1,4,last-night,0,,300,291,291,2151,0,0,300,1722,0,0,300,1722,0,0,1200,0,0,0,0,0,0,0,0,0.97,7.3918,,5.74,,5.74,,0,,,
stored-night,5,tide-siege+sluice-jam,w0h0l+,greedy,300,204,0.68,8.213,0.8715,41.5,0,1.133,1.96,45.76,2.867,0.603,0.973,0.213,0.807,0.013,1.693,1.48,0.217,1.753,0,0.947,0,0.187,0,0.023,0,2.583,0,0,0,0,0,,,,,,,,,,,,,1.18,county-alert,1,1,overhaul-warning,1,4,last-night,0.18,8.259,300,7,7,56,6,47,300,364,204,227,96,137,0,0,775,242,0,0,0,0,0,0,0,0.0233,8,7.8333,1.2133,1.1127,1.4271,,0.3123,,,
stored-night,5,tide-siege+sluice-jam,w0h0l+,planner,300,194,0.6467,8.23,0.8677,61.717,0,1.007,2.163,50.4,2.77,0.863,0.99,0.15,0.653,0.07,1.633,1.487,0.167,1.98,0,0.83,0.003,0.173,0,0.033,0,2.66,0,0,0,0,0,,,,,,,,,,,,,1.157,county-alert,1,1,overhaul-warning,1,4,last-night,0.1567,8.298,300,10,10,82,9,74,300,987,194,219,106,768,0,0,798,196,0,0,0,0,0,0,0,0.0333,8.2,8.2222,3.29,1.1289,7.2453,,0.2456,,,
stored-night,5,tide-siege+sluice-jam,w0h0l+,forecast-aware,300,80,0.2667,8.753,0.8972,41.009,0,1.203,2.553,64.22,2.293,1.247,2.573,0,0.953,0.643,1.713,1.413,0.39,2.617,0,0.84,0.063,0.3,0,0.033,0,3.243,0,0,0,0,0,,,,,,,,,,,,,1.327,county-alert,1,1,overhaul-warning,1,4,last-night,0.3267,8.867,300,10,10,90,4,36,300,589,80,111,220,478,0,0,973,286,0,0,0,0,0,0,0,0.0333,9,9,1.9633,1.3875,2.1727,,0.2939,,,
stored-night,5,tide-siege+sluice-jam,w0h0l+,planner-one-mistake,300,62,0.2067,8.86,0.9247,58.908,0,0.457,2.633,63.11,2.993,14.137,1.267,0.32,1.033,0.007,2.003,1.797,0.253,1.26,0,0.353,0.007,0.097,0,0.007,0,3.573,0,0,0,0,0,194,300,194,51,0,26,274,0.2629,1,12.865,1.5,0,1.073,county-alert,1,1,overhaul-warning,1,4,last-night,0.0733,9,300,2,2,16,1,9,300,1784,62,62,238,1722,0,0,1072,310,0,0,0,0,0,0,0,0.0067,8,9,5.9467,1,7.2353,,0.2892,,,
stored-night,5,tide-siege+sluice-jam,w0h+l-,random,300,0,0,9,,83.297,0,0.01,3.733,65.323,2.847,19.253,0.497,1.273,0.267,0.153,0.923,0.677,0.34,1.05,0,0.007,0,0.003,0,0.003,0,3.997,0,0,0,0,0,,,,,,,,,,,,,1,county-alert,1,1,overhaul-warning,1,4,last-night,0,,300,1,1,9,0,0,300,1880,0,0,300,1880,0,0,1199,80,0,0,0,0,0,0,0,0.0033,9,,6.2667,,6.2667,,0.0667,,,
stored-night,5,tide-siege+sluice-jam,w0h+l-,single-water,300,0,0,9,,90.68,0,0,4,60.437,3,11.117,0,0,0,0,1.703,1.147,0.557,0,0,0,0,0,0,0,0,4,0,0,0,0,0,,,,,,,,,,,,,1,county-alert,1,1,overhaul-warning,1,4,last-night,0,,300,0,0,0,0,0,300,2551,0,0,300,2551,0,0,1200,0,0,0,0,0,0,0,0,0,,,8.5033,,8.5033,,0,,,
stored-night,5,tide-siege+sluice-jam,w0h+l-,legacy-cycle,300,0,0,9,,77.303,0,0,4,89.3,3,32.473,0,0,0,0,1.177,0.61,0.583,2.417,0,0,0,0,0,0.97,0,4,0,0,0,0,0,,,,,,,,,,,,,1,county-alert,1,1,overhaul-warning,1,4,last-night,0,,300,291,291,2151,0,0,300,1722,0,0,300,1722,0,0,1200,0,0,0,0,0,0,0,0,0.97,7.3918,,5.74,,5.74,,0,,,
stored-night,5,tide-siege+sluice-jam,w0h+l-,greedy,300,205,0.6833,8.217,0.8726,40.6,0,1.117,1.927,44.62,2.873,0.6,0.98,0.217,0.807,0.017,1.693,1.477,0.22,1.81,0,0.947,0,0.17,0,0.023,0,2.567,0,0,0,0,0,,,,,,,,,,,,,1.16,county-alert,1,1,overhaul-warning,1,4,last-night,0.16,8.417,300,7,7,55,6,46,300,383,205,239,95,144,0,0,770,242,0,0,0,0,0,0,0,0.0233,7.8571,7.6667,1.2767,1.1659,1.5158,,0.3143,,,
stored-night,5,tide-siege+sluice-jam,w0h+l-,planner,300,187,0.6233,8.273,0.8705,61.611,0,1,2.193,51.427,2.783,0.927,1.03,0.15,0.677,0.07,1.61,1.477,0.15,2.077,0,0.817,0.003,0.18,0,0.033,0,2.71,0,0,0,0,0,,,,,,,,,,,,,1.167,county-alert,1,1,overhaul-warning,1,4,last-night,0.1667,8.34,300,10,10,82,10,82,300,1036,187,212,113,824,0,0,813,203,0,0,0,0,0,0,0,0.0333,8.2,8.2,3.4533,1.1337,7.292,,0.2497,,,
stored-night,5,tide-siege+sluice-jam,w0h+l-,forecast-aware,300,73,0.2433,8.803,0.9102,41.295,0,1.203,2.617,65.967,2.3,1.24,2.567,0,0.96,0.643,1.74,1.43,0.4,2.627,0,0.83,0.063,0.31,0,0.033,0,3.3,0,0,0,0,0,,,,,,,,,,,,,1.333,county-alert,1,1,overhaul-warning,1,4,last-night,0.3333,8.79,300,10,10,90,4,36,300,585,73,103,227,482,0,0,990,288,0,0,0,0,0,0,0,0.0333,9,9,1.95,1.411,2.1233,,0.2909,,,
stored-night,5,tide-siege+sluice-jam,w0h+l-,planner-one-mistake,300,48,0.16,8.887,0.9213,59.238,0,0.44,2.69,64.95,2.993,14.277,1.273,0.323,1.043,0.007,1.987,1.777,0.257,1.223,0,0.327,0.007,0.107,0,0.007,0,3.63,0,0,0,0,0,187,300,187,38,0,26,274,0.2032,1,12.8183,1,0,1.08,county-alert,1,1,overhaul-warning,1,4,last-night,0.08,9,300,2,2,15,1,8,300,1869,48,43,252,1826,0,0,1089,313,0,0,0,0,0,0,0,0.0067,7.5,8,6.23,0.8958,7.246,,0.2874,,,
stored-night,5,tide-siege+sluice-jam,w0h+l0,random,300,1,0.0033,8.997,0.8889,83.324,0,0.013,3.727,65.273,2.847,19.297,0.497,1.273,0.267,0.153,0.923,0.677,0.34,1.05,0,0.01,0,0.003,0,0.003,0,3.99,0,0,0,0,0,,,,,,,,,,,,,1,county-alert,1,1,overhaul-warning,1,4,last-night,0,,300,1,1,9,0,0,300,1879,1,1,299,1878,0,0,1197,80,0,0,0,0,0,0,0,0.0033,9,,6.2633,1,6.2809,,0.0668,,,
stored-night,5,tide-siege+sluice-jam,w0h+l0,single-water,300,0,0,9,,90.68,0,0,4,60.437,3,11.117,0,0,0,0,1.703,1.147,0.557,0,0,0,0,0,0,0,0,4,0,0,0,0,0,,,,,,,,,,,,,1,county-alert,1,1,overhaul-warning,1,4,last-night,0,,300,0,0,0,0,0,300,2551,0,0,300,2551,0,0,1200,0,0,0,0,0,0,0,0,0,,,8.5033,,8.5033,,0,,,
stored-night,5,tide-siege+sluice-jam,w0h+l0,legacy-cycle,300,0,0,9,,77.3,0,0,4,89.303,3,32.487,0,0,0,0,1.177,0.61,0.583,2.417,0,0,0,0,0,0.97,0,4,0,0,0,0,0,,,,,,,,,,,,,1,county-alert,1,1,overhaul-warning,1,4,last-night,0,,300,291,291,2151,0,0,300,1722,0,0,300,1722,0,0,1200,0,0,0,0,0,0,0,0,0.97,7.3918,,5.74,,5.74,,0,,,
stored-night,5,tide-siege+sluice-jam,w0h+l0,greedy,300,205,0.6833,8.213,0.8721,41.968,0,1.133,1.96,45.76,2.867,0.603,0.97,0.213,0.807,0.013,1.693,1.48,0.217,1.757,0,0.947,0,0.187,0,0.023,0,2.583,0,0,0,0,0,,,,,,,,,,,,,1.18,county-alert,1,1,overhaul-warning,1,4,last-night,0.18,8.259,300,7,7,56,6,47,300,365,205,229,95,136,0,0,775,242,0,0,0,0,0,0,0,0.0233,8,7.8333,1.2167,1.1171,1.4316,,0.3123,,,
stored-night,5,tide-siege+sluice-jam,w0h+l0,planner,300,193,0.6433,8.233,0.8676,61.841,0,1.01,2.17,50.64,2.77,0.863,0.993,0.15,0.657,0.07,1.633,1.487,0.167,1.98,0,0.83,0.003,0.177,0,0.033,0,2.667,0,0,0,0,0,,,,,,,,,,,,,1.16,county-alert,1,1,overhaul-warning,1,4,last-night,0.16,8.313,300,10,10,82,9,74,300,989,193,215,107,774,0,0,800,197,0,0,0,0,0,0,0,0.0333,8.2,8.2222,3.2967,1.114,7.2336,,0.2463,,,
stored-night,5,tide-siege+sluice-jam,w0h+l0,forecast-aware,300,80,0.2667,8.757,0.8986,41.041,0,1.203,2.553,64.22,2.293,1.247,2.573,0,0.957,0.643,1.713,1.413,0.39,2.617,0,0.84,0.063,0.3,0,0.033,0,3.247,0,0,0,0,0,,,,,,,,,,,,,1.327,county-alert,1,1,overhaul-warning,1,4,last-night,0.3267,8.867,300,10,10,90,4,36,300,595,80,115,220,480,0,0,974,287,0,0,0,0,0,0,0,0.0333,9,9,1.9833,1.4375,2.1818,,0.2947,,,
stored-night,5,tide-siege+sluice-jam,w0h+l0,planner-one-mistake,300,61,0.2033,8.863,0.9253,58.979,0,0.447,2.64,63.31,2.993,14.133,1.267,0.32,1.033,0.007,2.003,1.797,0.253,1.26,0,0.343,0.007,0.097,0,0.007,0,3.58,0,0,0,0,0,193,300,193,51,0,26,274,0.2642,1,12.865,1.5,0,1.073,county-alert,1,1,overhaul-warning,1,4,last-night,0.0733,9,300,2,2,16,1,9,300,1790,61,59,239,1731,0,0,1074,310,0,0,0,0,0,0,0,0.0067,8,9,5.9667,0.9672,7.2427,,0.2886,,,
stored-night,5,tide-siege+sluice-jam,w0h+l+,random,300,1,0.0033,8.997,0.8889,83.321,0,0.013,3.727,65.277,2.847,19.303,0.497,1.273,0.267,0.153,0.923,0.677,0.34,1.05,0,0.01,0,0.003,0,0.003,0,3.99,0,0,0,0,0,,,,,,,,,,,,,1,county-alert,1,1,overhaul-warning,1,4,last-night,0,,300,1,1,9,0,0,300,1879,1,1,299,1878,0,0,1197,80,0,0,0,0,0,0,0,0.0033,9,,6.2633,1,6.2809,,0.0668,,,
stored-night,5,tide-siege+sluice-jam,w0h+l+,single-water,300,0,0,9,,90.68,0,0,4,60.437,3,11.117,0,0,0,0,1.703,1.147,0.557,0,0,0,0,0,0,0,0,4,0,0,0,0,0,,,,,,,,,,,,,1,county-alert,1,1,overhaul-warning,1,4,last-night,0,,300,0,0,0,0,0,300,2551,0,0,300,2551,0,0,1200,0,0,0,0,0,0,0,0,0,,,8.5033,,8.5033,,0,,,
stored-night,5,tide-siege+sluice-jam,w0h+l+,legacy-cycle,300,0,0,9,,77.3,0,0,4,89.303,3,32.487,0,0,0,0,1.177,0.61,0.583,2.417,0,0,0,0,0,0.97,0,4,0,0,0,0,0,,,,,,,,,,,,,1,county-alert,1,1,overhaul-warning,1,4,last-night,0,,300,291,291,2151,0,0,300,1722,0,0,300,1722,0,0,1200,0,0,0,0,0,0,0,0,0.97,7.3918,,5.74,,5.74,,0,,,
stored-night,5,tide-siege+sluice-jam,w0h+l+,greedy,300,204,0.68,8.213,0.8715,41.5,0,1.133,1.96,45.76,2.867,0.603,0.973,0.213,0.807,0.013,1.693,1.48,0.217,1.753,0,0.947,0,0.187,0,0.023,0,2.583,0,0,0,0,0,,,,,,,,,,,,,1.18,county-alert,1,1,overhaul-warning,1,4,last-night,0.18,8.259,300,7,7,56,6,47,300,364,204,227,96,137,0,0,775,242,0,0,0,0,0,0,0,0.0233,8,7.8333,1.2133,1.1127,1.4271,,0.3123,,,
stored-night,5,tide-siege+sluice-jam,w0h+l+,planner,300,194,0.6467,8.23,0.8677,61.708,0,1.007,2.163,50.4,2.77,0.863,0.99,0.15,0.653,0.07,1.633,1.487,0.167,1.98,0,0.83,0.003,0.173,0,0.033,0,2.66,0,0,0,0,0,,,,,,,,,,,,,1.157,county-alert,1,1,overhaul-warning,1,4,last-night,0.1567,8.298,300,10,10,82,9,74,300,987,194,219,106,768,0,0,798,196,0,0,0,0,0,0,0,0.0333,8.2,8.2222,3.29,1.1289,7.2453,,0.2456,,,
stored-night,5,tide-siege+sluice-jam,w0h+l+,forecast-aware,300,80,0.2667,8.753,0.8972,40.964,0,1.203,2.553,64.22,2.293,1.247,2.573,0,0.953,0.643,1.713,1.413,0.39,2.617,0,0.84,0.063,0.3,0,0.033,0,3.243,0,0,0,0,0,,,,,,,,,,,,,1.327,county-alert,1,1,overhaul-warning,1,4,last-night,0.3267,8.867,300,10,10,90,4,36,300,589,80,111,220,478,0,0,973,286,0,0,0,0,0,0,0,0.0333,9,9,1.9633,1.3875,2.1727,,0.2939,,,
stored-night,5,tide-siege+sluice-jam,w0h+l+,planner-one-mistake,300,62,0.2067,8.86,0.9247,58.903,0,0.457,2.633,63.11,2.993,14.137,1.267,0.32,1.033,0.007,2.003,1.797,0.253,1.26,0,0.353,0.007,0.097,0,0.007,0,3.573,0,0,0,0,0,194,300,194,51,0,26,274,0.2629,1,12.865,1.5,0,1.073,county-alert,1,1,overhaul-warning,1,4,last-night,0.0733,9,300,2,2,16,1,9,300,1784,62,62,238,1722,0,0,1072,310,0,0,0,0,0,0,0,0.0067,8,9,5.9467,1,7.2353,,0.2892,,,
stored-night,5,tide-siege+sluice-jam,w+h-l-,random,300,0,0,9,,83.43,0,0.01,3.733,65.157,2.847,19.273,0.497,1.273,0.267,0.153,0.923,0.677,0.34,1.05,0,0.007,0,0.003,0,0.003,0,3.997,0,0,0,0,0,,,,,,,,,,,,,1,county-alert,1,1,overhaul-warning,1,4,last-night,0,,300,1,1,9,0,0,300,1880,0,0,300,1880,0,0,1199,80,0,0,0,0,0,0,0,0.0033,9,,6.2667,,6.2667,,0.0667,,,
stored-night,5,tide-siege+sluice-jam,w+h-l-,single-water,300,0,0,9,,90.68,0,0,4,60.853,3,11.117,0,0,0,0,1.703,1.147,0.557,0,0,0,0,0,0,0,0,4,0,0,0,0,0,,,,,,,,,,,,,1,county-alert,1,1,overhaul-warning,1,4,last-night,0,,300,0,0,0,0,0,300,2551,0,0,300,2551,0,0,1200,0,0,0,0,0,0,0,0,0,,,8.5033,,8.5033,,0,,,
stored-night,5,tide-siege+sluice-jam,w+h-l-,legacy-cycle,300,0,0,9,,77.547,0,0,4,89.26,3,32.473,0,0,0,0,1.177,0.61,0.583,2.417,0,0,0,0,0,0.97,0,4,0,0,0,0,0,,,,,,,,,,,,,1,county-alert,1,1,overhaul-warning,1,4,last-night,0,,300,291,291,2151,0,0,300,1722,0,0,300,1722,0,0,1200,0,0,0,0,0,0,0,0,0.97,7.3918,,5.74,,5.74,,0,,,
stored-night,5,tide-siege+sluice-jam,w+h-l-,greedy,300,200,0.6667,8.213,0.8689,40.17,0,1.133,1.94,45.173,2.88,0.597,0.983,0.197,0.803,0.017,1.723,1.493,0.233,1.78,0,0.953,0,0.18,0,0.02,0,2.567,0,0,0,0,0,,,,,,,,,,,,,1.167,county-alert,1,1,overhaul-warning,1,4,last-night,0.1667,8.48,300,6,6,46,4,31,300,385,200,240,100,145,0,0,770,241,0,0,0,0,0,0,0,0.02,7.6667,7.75,1.2833,1.2,1.45,,0.313,,,
stored-night,5,tide-siege+sluice-jam,w+h-l-,planner,300,183,0.61,8.27,0.867,61.47,0,1,2.203,51.8,2.783,0.927,1.02,0.147,0.677,0.07,1.63,1.487,0.16,2.033,0,0.813,0.003,0.183,0,0.033,0,2.717,0,0,0,0,0,,,,,,,,,,,,,1.167,county-alert,1,1,overhaul-warning,1,4,last-night,0.1667,8.38,300,10,10,82,10,82,300,1062,183,204,117,858,0,0,815,203,0,0,0,0,0,0,0,0.0333,8.2,8.2,3.54,1.1148,7.3333,,0.2491,,,
stored-night,5,tide-siege+sluice-jam,w+h-l-,forecast-aware,300,75,0.25,8.8,0.9111,42.076,0,1.217,2.61,65.793,2.3,1.28,2.573,0,0.96,0.643,1.74,1.433,0.407,2.61,0,0.837,0.067,0.313,0,0.033,0,3.29,0,0,0,0,0,,,,,,,,,,,,,1.34,county-alert,1,1,overhaul-warning,1,4,last-night,0.34,8.794,300,10,10,90,4,36,300,582,75,104,225,478,0,0,987,288,0,0,0,0,0,0,0,0.0333,9,9,1.94,1.3867,2.1244,,0.2918,,,
stored-night,5,tide-siege+sluice-jam,w+h-l-,planner-one-mistake,300,48,0.16,8.887,0.9213,59.79,0,0.463,2.687,65.19,2.993,14.197,1.273,0.337,1.037,0.007,1.99,1.773,0.26,1.197,0,0.333,0.007,0.123,0,0.007,0,3.603,0,0,0,0,0,183,300,183,39,0,27,273,0.2131,1,12.6733,1,0,1.08,county-alert,1,1,overhaul-warning,1,4,last-night,0.08,9,300,2,2,15,1,8,300,1871,48,40,252,1831,0,0,1081,311,0,0,0,0,0,0,0,0.0067,7.5,8,6.2367,0.8333,7.2659,,0.2877,,,
stored-night,5,tide-siege+sluice-jam,w+h-l0,random,300,0,0,9,,83.32,0,0.01,3.733,65.307,2.847,19.317,0.497,1.273,0.267,0.153,0.923,0.677,0.34,1.05,0,0.007,0,0.003,0,0.003,0,3.997,0,0,0,0,0,,,,,,,,,,,,,1,county-alert,1,1,overhaul-warning,1,4,last-night,0,,300,1,1,9,0,0,300,1880,0,0,300,1880,0,0,1199,80,0,0,0,0,0,0,0,0.0033,9,,6.2667,,6.2667,,0.0667,,,
stored-night,5,tide-siege+sluice-jam,w+h-l0,single-water,300,0,0,9,,90.68,0,0,4,60.853,3,11.117,0,0,0,0,1.703,1.147,0.557,0,0,0,0,0,0,0,0,4,0,0,0,0,0,,,,,,,,,,,,,1,county-alert,1,1,overhaul-warning,1,4,last-night,0,,300,0,0,0,0,0,300,2551,0,0,300,2551,0,0,1200,0,0,0,0,0,0,0,0,0,,,8.5033,,8.5033,,0,,,
stored-night,5,tide-siege+sluice-jam,w+h-l0,legacy-cycle,300,0,0,9,,77.543,0,0,4,89.263,3,32.487,0,0,0,0,1.177,0.61,0.583,2.417,0,0,0,0,0,0.97,0,4,0,0,0,0,0,,,,,,,,,,,,,1,county-alert,1,1,overhaul-warning,1,4,last-night,0,,300,291,291,2151,0,0,300,1722,0,0,300,1722,0,0,1200,0,0,0,0,0,0,0,0,0.97,7.3918,,5.74,,5.74,,0,,,
stored-night,5,tide-siege+sluice-jam,w+h-l0,greedy,300,202,0.6733,8.213,0.8702,40.408,0,1.14,1.947,45.353,2.887,0.52,0.987,0.193,0.803,0.017,1.723,1.507,0.22,1.73,0,0.957,0,0.183,0,0.017,0,2.567,0,0,0,0,0,,,,,,,,,,,,,1.177,county-alert,1,1,overhaul-warning,1,4,last-night,0.1767,8.434,300,5,5,39,3,22,300,371,202,233,98,138,0,0,770,241,0,0,0,0,0,0,0,0.0167,7.8,7.3333,1.2367,1.1535,1.4082,,0.313,,,
stored-night,5,tide-siege+sluice-jam,w+h-l0,planner,300,185,0.6167,8.257,0.8661,61.922,0,1.007,2.203,51.747,2.78,0.98,1.01,0.147,0.66,0.07,1.643,1.493,0.177,1.973,0,0.817,0.007,0.183,0,0.033,0,2.7,0,0,0,0,0,,,,,,,,,,,,,1.17,county-alert,1,1,overhaul-warning,1,4,last-night,0.17,8.431,300,10,10,82,9,74,300,1050,185,207,115,843,0,0,810,198,0,0,0,0,0,0,0,0.0333,8.2,8.2222,3.5,1.1189,7.3304,,0.2444,,,
stored-night,5,tide-siege+sluice-jam,w+h-l0,forecast-aware,300,76,0.2533,8.807,0.9152,41.982,0,1.217,2.623,66.247,2.293,1.257,2.573,0,0.957,0.643,1.737,1.437,0.397,2.623,0,0.837,0.063,0.317,0,0.033,0,3.3,0,0,0,0,0,,,,,,,,,,,,,1.347,county-alert,1,1,overhaul-warning,1,4,last-night,0.3467,8.779,300,10,10,90,4,36,300,584,76,110,224,474,0,0,990,287,0,0,0,0,0,0,0,0.0333,9,9,1.9467,1.4474,2.1161,,0.2899,,,
stored-night,5,tide-siege+sluice-jam,w+h-l0,planner-one-mistake,300,56,0.1867,8.873,0.9246,59.652,0,0.463,2.66,64.257,2.993,14.117,1.267,0.337,1.03,0.007,2,1.783,0.26,1.217,0,0.343,0.007,0.113,0,0.007,0,3.58,0,0,0,0,0,185,300,185,45,0,27,273,0.2432,1,12.77,1.5,0,1.073,county-alert,1,1,overhaul-warning,1,4,last-night,0.0733,9,300,2,2,16,1,9,300,1830,56,53,244,1777,0,0,1074,309,0,0,0,0,0,0,0,0.0067,8,9,6.1,0.9464,7.2828,,0.2877,,,
stored-night,5,tide-siege+sluice-jam,w+h-l+,random,300,1,0.0033,8.997,0.8889,83.452,0,0.013,3.727,65.11,2.847,19.323,0.497,1.273,0.267,0.153,0.923,0.677,0.34,1.05,0,0.01,0,0.003,0,0.003,0,3.99,0,0,0,0,0,,,,,,,,,,,,,1,county-alert,1,1,overhaul-warning,1,4,last-night,0,,300,1,1,9,0,0,300,1879,1,1,299,1878,0,0,1197,80,0,0,0,0,0,0,0,0.0033,9,,6.2633,1,6.2809,,0.0668,,,
stored-night,5,tide-siege+sluice-jam,w+h-l+,single-water,300,0,0,9,,90.68,0,0,4,60.853,3,11.117,0,0,0,0,1.703,1.147,0.557,0,0,0,0,0,0,0,0,4,0,0,0,0,0,,,,,,,,,,,,,1,county-alert,1,1,overhaul-warning,1,4,last-night,0,,300,0,0,0,0,0,300,2551,0,0,300,2551,0,0,1200,0,0,0,0,0,0,0,0,0,,,8.5033,,8.5033,,0,,,
stored-night,5,tide-siege+sluice-jam,w+h-l+,legacy-cycle,300,0,0,9,,77.543,0,0,4,89.263,3,32.487,0,0,0,0,1.177,0.61,0.583,2.417,0,0,0,0,0,0.97,0,4,0,0,0,0,0,,,,,,,,,,,,,1,county-alert,1,1,overhaul-warning,1,4,last-night,0,,300,291,291,2151,0,0,300,1722,0,0,300,1722,0,0,1200,0,0,0,0,0,0,0,0,0.97,7.3918,,5.74,,5.74,,0,,,
stored-night,5,tide-siege+sluice-jam,w+h-l+,greedy,300,201,0.67,8.213,0.8695,39.768,0,1.14,1.947,45.327,2.883,0.52,0.99,0.193,0.807,0.017,1.727,1.51,0.22,1.733,0,0.957,0,0.183,0,0.017,0,2.57,0,0,0,0,0,,,,,,,,,,,,,1.177,county-alert,1,1,overhaul-warning,1,4,last-night,0.1767,8.396,300,5,5,39,3,22,300,370,201,232,99,138,0,0,771,242,0,0,0,0,0,0,0,0.0167,7.8,7.3333,1.2333,1.1542,1.3939,,0.3139,,,
stored-night,5,tide-siege+sluice-jam,w+h-l+,planner,300,184,0.6133,8.26,0.8659,61.853,0,1.01,2.21,51.96,2.777,1.06,1.01,0.147,0.66,0.07,1.647,1.493,0.18,1.977,0,0.817,0.007,0.187,0,0.033,0,2.703,0,0,0,0,0,,,,,,,,,,,,,1.173,county-alert,1,1,overhaul-warning,1,4,last-night,0.1733,8.404,300,10,10,82,9,74,300,1056,184,207,116,849,0,0,811,198,0,0,0,0,0,0,0,0.0333,8.2,8.2222,3.52,1.125,7.319,,0.2441,,,
stored-night,5,tide-siege+sluice-jam,w+h-l+,forecast-aware,300,75,0.25,8.807,0.9141,42.133,0,1.22,2.633,66.567,2.293,1.257,2.57,0,0.95,0.643,1.737,1.433,0.4,2.623,0,0.837,0.063,0.32,0,0.033,0,3.3,0,0,0,0,0,,,,,,,,,,,,,1.353,county-alert,1,1,overhaul-warning,1,4,last-night,0.3533,8.783,300,10,10,90,4,36,300,585,75,105,225,480,0,0,990,285,0,0,0,0,0,0,0,0.0333,9,9,1.95,1.4,2.1333,,0.2879,,,
stored-night,5,tide-siege+sluice-jam,w+h-l+,planner-one-mistake,300,56,0.1867,8.873,0.9246,59.566,0,0.47,2.66,64.257,2.993,14.2,1.267,0.337,1.03,0.007,2,1.783,0.26,1.22,0,0.35,0.007,0.113,0,0.007,0,3.58,0,0,0,0,0,184,300,184,44,0,27,273,0.2391,1,12.77,1.5,0,1.073,county-alert,1,1,overhaul-warning,1,4,last-night,0.0733,9,300,2,2,16,1,9,300,1827,56,50,244,1777,0,0,1074,309,0,0,0,0,0,0,0,0.0067,8,9,6.09,0.8929,7.2828,,0.2877,,,
stored-night,5,tide-siege+sluice-jam,w+h0l-,random,300,0,0,9,,83.26,0,0.01,3.733,65.41,2.847,19.343,0.497,1.273,0.267,0.153,0.923,0.677,0.34,1.05,0,0.007,0,0.003,0,0.003,0,3.997,0,0,0,0,0,,,,,,,,,,,,,1,county-alert,1,1,overhaul-warning,1,4,last-night,0,,300,1,1,9,0,0,300,1880,0,0,300,1880,0,0,1199,80,0,0,0,0,0,0,0,0.0033,9,,6.2667,,6.2667,,0.0667,,,
stored-night,5,tide-siege+sluice-jam,w+h0l-,single-water,300,0,0,9,,90.68,0,0,4,60.853,3,11.117,0,0,0,0,1.703,1.147,0.557,0,0,0,0,0,0,0,0,4,0,0,0,0,0,,,,,,,,,,,,,1,county-alert,1,1,overhaul-warning,1,4,last-night,0,,300,0,0,0,0,0,300,2551,0,0,300,2551,0,0,1200,0,0,0,0,0,0,0,0,0,,,8.5033,,8.5033,,0,,,
stored-night,5,tide-siege+sluice-jam,w+h0l-,legacy-cycle,300,0,0,9,,77.303,0,0,4,89.3,3,32.473,0,0,0,0,1.177,0.61,0.583,2.417,0,0,0,0,0,0.97,0,4,0,0,0,0,0,,,,,,,,,,,,,1,county-alert,1,1,overhaul-warning,1,4,last-night,0,,300,291,291,2151,0,0,300,1722,0,0,300,1722,0,0,1200,0,0,0,0,0,0,0,0,0.97,7.3918,,5.74,,5.74,,0,,,
stored-night,5,tide-siege+sluice-jam,w+h0l-,greedy,300,207,0.69,8.193,0.8701,40.527,0,1.127,1.923,44.6,2.87,0.6,0.97,0.207,0.793,0.017,1.707,1.477,0.233,1.807,0,0.953,0,0.173,0,0.023,0,2.55,0,0,0,0,0,,,,,,,,,,,,,1.163,county-alert,1,1,overhaul-warning,1,4,last-night,0.1633,8.429,300,7,7,55,7,55,300,376,207,239,93,137,0,0,765,238,0,0,0,0,0,0,0,0.0233,7.8571,7.8571,1.2533,1.1546,1.4731,,0.3111,,,
stored-night,5,tide-siege+sluice-jam,w+h0l-,planner,300,191,0.6367,8.25,0.8691,61.817,0,1.01,2.173,50.787,2.78,0.927,1.017,0.147,0.67,0.07,1.617,1.48,0.153,2.053,0,0.83,0.003,0.177,0,0.033,0,2.687,0,0,0,0,0,,,,,,,,,,,,,1.163,county-alert,1,1,overhaul-warning,1,4,last-night,0.1633,8.327,300,10,10,82,10,82,300,1005,191,212,109,793,0,0,806,201,0,0,0,0,0,0,0,0.0333,8.2,8.2,3.35,1.1099,7.2752,,0.2494,,,
stored-night,5,tide-siege+sluice-jam,w+h0l-,forecast-aware,300,75,0.25,8.793,0.9081,41.671,0,1.237,2.617,66.127,2.3,1.28,2.57,0,0.947,0.643,1.737,1.43,0.403,2.613,0,0.847,0.067,0.323,0,0.033,0,3.273,0,0,0,0,0,,,,,,,,,,,,,1.35,county-alert,1,1,overhaul-warning,1,4,last-night,0.35,8.8,300,10,10,90,4,36,300,581,75,103,225,478,0,0,982,284,0,0,0,0,0,0,0,0.0333,9,9,1.9367,1.3733,2.1244,,0.2892,,,
stored-night,5,tide-siege+sluice-jam,w+h0l-,planner-one-mistake,300,51,0.17,8.873,0.9172,59.514,0,0.46,2.67,64.59,2.993,14.217,1.27,0.337,1.037,0.007,1.987,1.773,0.257,1.193,0,0.337,0.007,0.117,0,0.007,0,3.593,0,0,0,0,0,191,300,191,41,0,27,273,0.2147,1,12.7567,1,0,1.077,county-alert,1,1,overhaul-warning,1,4,last-night,0.0767,9,300,2,2,15,1,8,300,1853,51,47,249,1806,0,0,1078,311,0,0,0,0,0,0,0,0.0067,7.5,8,6.1767,0.9216,7.253,,0.2885,,,
stored-night,5,tide-siege+sluice-jam,w+h0l0,random,300,1,0.0033,8.997,0.8889,83.288,0,0.013,3.727,65.36,2.847,19.387,0.497,1.273,0.267,0.153,0.923,0.677,0.34,1.05,0,0.01,0,0.003,0,0.003,0,3.99,0,0,0,0,0,,,,,,,,,,,,,1,county-alert,1,1,overhaul-warning,1,4,last-night,0,,300,1,1,9,0,0,300,1879,1,1,299,1878,0,0,1197,80,0,0,0,0,0,0,0,0.0033,9,,6.2633,1,6.2809,,0.0668,,,
stored-night,5,tide-siege+sluice-jam,w+h0l0,single-water,300,0,0,9,,90.68,0,0,4,60.853,3,11.117,0,0,0,0,1.703,1.147,0.557,0,0,0,0,0,0,0,0,4,0,0,0,0,0,,,,,,,,,,,,,1,county-alert,1,1,overhaul-warning,1,4,last-night,0,,300,0,0,0,0,0,300,2551,0,0,300,2551,0,0,1200,0,0,0,0,0,0,0,0,0,,,8.5033,,8.5033,,0,,,
stored-night,5,tide-siege+sluice-jam,w+h0l0,legacy-cycle,300,0,0,9,,77.3,0,0,4,89.303,3,32.487,0,0,0,0,1.177,0.61,0.583,2.417,0,0,0,0,0,0.97,0,4,0,0,0,0,0,,,,,,,,,,,,,1,county-alert,1,1,overhaul-warning,1,4,last-night,0,,300,291,291,2151,0,0,300,1722,0,0,300,1722,0,0,1200,0,0,0,0,0,0,0,0,0.97,7.3918,,5.74,,5.74,,0,,,
stored-night,5,tide-siege+sluice-jam,w+h0l0,greedy,300,206,0.6867,8.2,0.8706,40.628,0,1.133,1.937,45.06,2.877,0.523,0.973,0.203,0.797,0.017,1.713,1.49,0.227,1.76,0,0.953,0,0.18,0,0.02,0,2.557,0,0,0,0,0,,,,,,,,,,,,,1.173,county-alert,1,1,overhaul-warning,1,4,last-night,0.1733,8.385,300,6,6,48,5,39,300,367,206,230,94,137,0,0,767,239,0,0,0,0,0,0,0,0.02,8,7.8,1.2233,1.1165,1.4574,,0.3116,,,
stored-night,5,tide-siege+sluice-jam,w+h0l0,planner,300,190,0.6333,8.247,0.8678,62.082,0,1.017,2.187,51.173,2.777,0.98,1.01,0.15,0.657,0.07,1.63,1.487,0.17,1.993,0,0.83,0.007,0.18,0,0.033,0,2.683,0,0,0,0,0,,,,,,,,,,,,,1.17,county-alert,1,1,overhaul-warning,1,4,last-night,0.17,8.392,300,10,10,82,9,74,300,1009,190,208,110,801,0,0,805,197,0,0,0,0,0,0,0,0.0333,8.2,8.2222,3.3633,1.0947,7.2818,,0.2447,,,
stored-night,5,tide-siege+sluice-jam,w+h0l0,forecast-aware,300,82,0.2733,8.743,0.8957,41.202,0,1.22,2.553,64.273,2.293,1.26,2.577,0,0.94,0.643,1.713,1.42,0.39,2.607,0,0.847,0.067,0.307,0,0.033,0,3.223,0,0,0,0,0,,,,,,,,,,,,,1.34,county-alert,1,1,overhaul-warning,1,4,last-night,0.34,8.882,300,10,10,90,4,36,300,585,82,114,218,471,0,0,967,282,0,0,0,0,0,0,0,0.0333,9,9,1.95,1.3902,2.1606,,0.2916,,,
stored-night,5,tide-siege+sluice-jam,w+h0l0,planner-one-mistake,300,60,0.2,8.863,0.9241,59.342,0,0.457,2.64,63.497,2.993,14.12,1.267,0.337,1.03,0.007,2,1.783,0.26,1.217,0,0.347,0.007,0.103,0,0.007,0,3.57,0,0,0,0,0,190,300,190,48,0,27,273,0.2526,1,12.8533,1.5,0,1.07,county-alert,1,1,overhaul-warning,1,4,last-night,0.07,9,300,2,2,16,1,9,300,1807,60,63,240,1744,0,0,1071,309,0,0,0,0,0,0,0,0.0067,8,9,6.0233,1.05,7.2667,,0.2885,,,
stored-night,5,tide-siege+sluice-jam,w+h0l+,random,300,1,0.0033,8.997,0.8889,83.284,0,0.013,3.727,65.363,2.847,19.393,0.497,1.273,0.267,0.153,0.923,0.677,0.34,1.05,0,0.01,0,0.003,0,0.003,0,3.99,0,0,0,0,0,,,,,,,,,,,,,1,county-alert,1,1,overhaul-warning,1,4,last-night,0,,300,1,1,9,0,0,300,1879,1,1,299,1878,0,0,1197,80,0,0,0,0,0,0,0,0.0033,9,,6.2633,1,6.2809,,0.0668,,,
stored-night,5,tide-siege+sluice-jam,w+h0l+,single-water,300,0,0,9,,90.68,0,0,4,60.853,3,11.117,0,0,0,0,1.703,1.147,0.557,0,0,0,0,0,0,0,0,4,0,0,0,0,0,,,,,,,,,,,,,1,county-alert,1,1,overhaul-warning,1,4,last-night,0,,300,0,0,0,0,0,300,2551,0,0,300,2551,0,0,1200,0,0,0,0,0,0,0,0,0,,,8.5033,,8.5033,,0,,,
stored-night,5,tide-siege+sluice-jam,w+h0l+,legacy-cycle,300,0,0,9,,77.3,0,0,4,89.303,3,32.487,0,0,0,0,1.177,0.61,0.583,2.417,0,0,0,0,0,0.97,0,4,0,0,0,0,0,,,,,,,,,,,,,1,county-alert,1,1,overhaul-warning,1,4,last-night,0,,300,291,291,2151,0,0,300,1722,0,0,300,1722,0,0,1200,0,0,0,0,0,0,0,0,0.97,7.3918,,5.74,,5.74,,0,,,
stored-night,5,tide-siege+sluice-jam,w+h0l+,greedy,300,205,0.6833,8.2,0.8699,40.147,0,1.133,1.937,45.06,2.877,0.523,0.973,0.203,0.797,0.017,1.713,1.49,0.227,1.757,0,0.953,0,0.18,0,0.02,0,2.557,0,0,0,0,0,,,,,,,,,,,,,1.173,county-alert,1,1,overhaul-warning,1,4,last-night,0.1733,8.385,300,6,6,48,5,39,300,367,205,229,95,138,0,0,767,239,0,0,0,0,0,0,0,0.02,8,7.8,1.2233,1.1171,1.4526,,0.3116,,,
stored-night,5,tide-siege+sluice-jam,w+h0l+,planner,300,191,0.6367,8.243,0.8679,61.936,0,1.013,2.18,50.933,2.777,1.06,1.007,0.15,0.653,0.07,1.633,1.487,0.173,1.997,0,0.83,0.007,0.177,0,0.033,0,2.677,0,0,0,0,0,,,,,,,,,,,,,1.167,county-alert,1,1,overhaul-warning,1,4,last-night,0.1667,8.38,300,10,10,82,9,74,300,1004,191,209,109,795,0,0,803,196,0,0,0,0,0,0,0,0.0333,8.2,8.2222,3.3467,1.0942,7.2936,,0.2441,,,
stored-night,5,tide-siege+sluice-jam,w+h0l+,forecast-aware,300,83,0.2767,8.74,0.8956,41.76,0,1.237,2.557,64.487,2.293,1.29,2.577,0,0.93,0.643,1.717,1.417,0.397,2.607,0,0.853,0.067,0.317,0,0.033,0,3.207,0,0,0,0,0,,,,,,,,,,,,,1.353,county-alert,1,1,overhaul-warning,1,4,last-night,0.3533,8.887,300,10,10,90,4,36,300,589,83,115,217,474,0,0,962,279,0,0,0,0,0,0,0,0.0333,9,9,1.9633,1.3855,2.1843,,0.29,,,
stored-night,5,tide-siege+sluice-jam,w+h0l+,planner-one-mistake,300,60,0.2,8.863,0.9241,59.254,0,0.463,2.64,63.497,2.993,14.203,1.267,0.337,1.03,0.007,2,1.783,0.26,1.22,0,0.353,0.007,0.103,0,0.007,0,3.57,0,0,0,0,0,191,300,191,48,0,27,273,0.2513,1,12.8533,1.5,0,1.07,county-alert,1,1,overhaul-warning,1,4,last-night,0.07,9,300,2,2,16,1,9,300,1804,60,60,240,1744,0,0,1071,309,0,0,0,0,0,0,0,0.0067,8,9,6.0133,1,7.2667,,0.2885,,,
stored-night,5,tide-siege+sluice-jam,w+h+l-,random,300,0,0,9,,83.247,0,0.01,3.733,65.42,2.847,19.343,0.497,1.273,0.267,0.153,0.923,0.677,0.34,1.05,0,0.007,0,0.003,0,0.003,0,3.997,0,0,0,0,0,,,,,,,,,,,,,1,county-alert,1,1,overhaul-warning,1,4,last-night,0,,300,1,1,9,0,0,300,1880,0,0,300,1880,0,0,1199,80,0,0,0,0,0,0,0,0.0033,9,,6.2667,,6.2667,,0.0667,,,
stored-night,5,tide-siege+sluice-jam,w+h+l-,single-water,300,0,0,9,,90.68,0,0,4,60.853,3,11.117,0,0,0,0,1.703,1.147,0.557,0,0,0,0,0,0,0,0,4,0,0,0,0,0,,,,,,,,,,,,,1,county-alert,1,1,overhaul-warning,1,4,last-night,0,,300,0,0,0,0,0,300,2551,0,0,300,2551,0,0,1200,0,0,0,0,0,0,0,0,0,,,8.5033,,8.5033,,0,,,
stored-night,5,tide-siege+sluice-jam,w+h+l-,legacy-cycle,300,0,0,9,,77.303,0,0,4,89.3,3,32.473,0,0,0,0,1.177,0.61,0.583,2.417,0,0,0,0,0,0.97,0,4,0,0,0,0,0,,,,,,,,,,,,,1,county-alert,1,1,overhaul-warning,1,4,last-night,0,,300,291,291,2151,0,0,300,1722,0,0,300,1722,0,0,1200,0,0,0,0,0,0,0,0,0.97,7.3918,,5.74,,5.74,,0,,,
stored-night,5,tide-siege+sluice-jam,w+h+l-,greedy,300,207,0.69,8.193,0.8701,40.527,0,1.127,1.923,44.6,2.87,0.6,0.97,0.207,0.793,0.017,1.707,1.477,0.233,1.807,0,0.953,0,0.173,0,0.023,0,2.55,0,0,0,0,0,,,,,,,,,,,,,1.163,county-alert,1,1,overhaul-warning,1,4,last-night,0.1633,8.429,300,7,7,55,7,55,300,376,207,239,93,137,0,0,765,238,0,0,0,0,0,0,0,0.0233,7.8571,7.8571,1.2533,1.1546,1.4731,,0.3111,,,
stored-night,5,tide-siege+sluice-jam,w+h+l-,planner,300,191,0.6367,8.25,0.8691,61.807,0,1.01,2.173,50.787,2.78,0.927,1.017,0.147,0.67,0.07,1.617,1.48,0.153,2.053,0,0.83,0.003,0.177,0,0.033,0,2.687,0,0,0,0,0,,,,,,,,,,,,,1.163,county-alert,1,1,overhaul-warning,1,4,last-night,0.1633,8.327,300,10,10,82,10,82,300,1005,191,212,109,793,0,0,806,201,0,0,0,0,0,0,0,0.0333,8.2,8.2,3.35,1.1099,7.2752,,0.2494,,,
stored-night,5,tide-siege+sluice-jam,w+h+l-,forecast-aware,300,75,0.25,8.793,0.9081,41.627,0,1.237,2.617,66.127,2.3,1.28,2.57,0,0.947,0.643,1.737,1.43,0.403,2.613,0,0.847,0.067,0.323,0,0.033,0,3.273,0,0,0,0,0,,,,,,,,,,,,,1.35,county-alert,1,1,overhaul-warning,1,4,last-night,0.35,8.8,300,10,10,90,4,36,300,581,75,103,225,478,0,0,982,284,0,0,0,0,0,0,0,0.0333,9,9,1.9367,1.3733,2.1244,,0.2892,,,
stored-night,5,tide-siege+sluice-jam,w+h+l-,planner-one-mistake,300,52,0.1733,8.873,0.9188,59.468,0,0.457,2.667,64.43,2.993,14.217,1.27,0.337,1.037,0.007,1.99,1.773,0.26,1.193,0,0.337,0.007,0.113,0,0.007,0,3.593,0,0,0,0,0,191,300,191,42,0,27,273,0.2199,1,12.7567,1,0,1.077,county-alert,1,1,overhaul-warning,1,4,last-night,0.0767,9,300,2,2,15,1,8,300,1845,52,47,248,1798,0,0,1078,311,0,0,0,0,0,0,0,0.0067,7.5,8,6.15,0.9038,7.25,,0.2885,,,
stored-night,5,tide-siege+sluice-jam,w+h+l0,random,300,1,0.0033,8.997,0.8889,83.278,0,0.013,3.727,65.37,2.847,19.387,0.497,1.273,0.267,0.153,0.923,0.677,0.34,1.05,0,0.01,0,0.003,0,0.003,0,3.99,0,0,0,0,0,,,,,,,,,,,,,1,county-alert,1,1,overhaul-warning,1,4,last-night,0,,300,1,1,9,0,0,300,1879,1,1,299,1878,0,0,1197,80,0,0,0,0,0,0,0,0.0033,9,,6.2633,1,6.2809,,0.0668,,,
stored-night,5,tide-siege+sluice-jam,w+h+l0,single-water,300,0,0,9,,90.68,0,0,4,60.853,3,11.117,0,0,0,0,1.703,1.147,0.557,0,0,0,0,0,0,0,0,4,0,0,0,0,0,,,,,,,,,,,,,1,county-alert,1,1,overhaul-warning,1,4,last-night,0,,300,0,0,0,0,0,300,2551,0,0,300,2551,0,0,1200,0,0,0,0,0,0,0,0,0,,,8.5033,,8.5033,,0,,,
stored-night,5,tide-siege+sluice-jam,w+h+l0,legacy-cycle,300,0,0,9,,77.3,0,0,4,89.303,3,32.487,0,0,0,0,1.177,0.61,0.583,2.417,0,0,0,0,0,0.97,0,4,0,0,0,0,0,,,,,,,,,,,,,1,county-alert,1,1,overhaul-warning,1,4,last-night,0,,300,291,291,2151,0,0,300,1722,0,0,300,1722,0,0,1200,0,0,0,0,0,0,0,0,0.97,7.3918,,5.74,,5.74,,0,,,
stored-night,5,tide-siege+sluice-jam,w+h+l0,greedy,300,206,0.6867,8.2,0.8706,40.628,0,1.133,1.937,45.06,2.877,0.523,0.973,0.203,0.797,0.017,1.713,1.49,0.227,1.76,0,0.953,0,0.18,0,0.02,0,2.557,0,0,0,0,0,,,,,,,,,,,,,1.173,county-alert,1,1,overhaul-warning,1,4,last-night,0.1733,8.385,300,6,6,48,5,39,300,367,206,230,94,137,0,0,767,239,0,0,0,0,0,0,0,0.02,8,7.8,1.2233,1.1165,1.4574,,0.3116,,,
stored-night,5,tide-siege+sluice-jam,w+h+l0,planner,300,190,0.6333,8.247,0.8678,62.073,0,1.017,2.187,51.173,2.777,0.98,1.01,0.15,0.657,0.07,1.63,1.487,0.17,1.993,0,0.83,0.007,0.18,0,0.033,0,2.683,0,0,0,0,0,,,,,,,,,,,,,1.17,county-alert,1,1,overhaul-warning,1,4,last-night,0.17,8.392,300,10,10,82,9,74,300,1009,190,208,110,801,0,0,805,197,0,0,0,0,0,0,0,0.0333,8.2,8.2222,3.3633,1.0947,7.2818,,0.2447,,,
stored-night,5,tide-siege+sluice-jam,w+h+l0,forecast-aware,300,82,0.2733,8.743,0.8957,41.321,0,1.22,2.557,64.353,2.293,1.26,2.573,0,0.937,0.643,1.713,1.417,0.393,2.607,0,0.847,0.067,0.307,0,0.033,0,3.223,0,0,0,0,0,,,,,,,,,,,,,1.343,county-alert,1,1,overhaul-warning,1,4,last-night,0.3433,8.883,300,10,10,90,4,36,300,591,82,114,218,477,0,0,967,281,0,0,0,0,0,0,0,0.0333,9,9,1.97,1.3902,2.1881,,0.2906,,,
stored-night,5,tide-siege+sluice-jam,w+h+l0,planner-one-mistake,300,60,0.2,8.863,0.9241,59.338,0,0.457,2.64,63.497,2.993,14.12,1.267,0.337,1.03,0.007,2,1.783,0.26,1.217,0,0.347,0.007,0.103,0,0.007,0,3.57,0,0,0,0,0,190,300,190,48,0,27,273,0.2526,1,12.8533,1.5,0,1.07,county-alert,1,1,overhaul-warning,1,4,last-night,0.07,9,300,2,2,16,1,9,300,1807,60,63,240,1744,0,0,1071,309,0,0,0,0,0,0,0,0.0067,8,9,6.0233,1.05,7.2667,,0.2885,,,
stored-night,5,tide-siege+sluice-jam,w+h+l+,random,300,1,0.0033,8.997,0.8889,83.274,0,0.013,3.727,65.373,2.847,19.393,0.497,1.273,0.267,0.153,0.923,0.677,0.34,1.05,0,0.01,0,0.003,0,0.003,0,3.99,0,0,0,0,0,,,,,,,,,,,,,1,county-alert,1,1,overhaul-warning,1,4,last-night,0,,300,1,1,9,0,0,300,1879,1,1,299,1878,0,0,1197,80,0,0,0,0,0,0,0,0.0033,9,,6.2633,1,6.2809,,0.0668,,,
stored-night,5,tide-siege+sluice-jam,w+h+l+,single-water,300,0,0,9,,90.68,0,0,4,60.853,3,11.117,0,0,0,0,1.703,1.147,0.557,0,0,0,0,0,0,0,0,4,0,0,0,0,0,,,,,,,,,,,,,1,county-alert,1,1,overhaul-warning,1,4,last-night,0,,300,0,0,0,0,0,300,2551,0,0,300,2551,0,0,1200,0,0,0,0,0,0,0,0,0,,,8.5033,,8.5033,,0,,,
stored-night,5,tide-siege+sluice-jam,w+h+l+,legacy-cycle,300,0,0,9,,77.287,0,0,4,89.303,3,32.487,0,0,0,0,1.177,0.61,0.583,2.417,0,0,0,0,0,0.97,0,4,0,0,0,0,0,,,,,,,,,,,,,1,county-alert,1,1,overhaul-warning,1,4,last-night,0,,300,291,291,2151,0,0,300,1722,0,0,300,1722,0,0,1200,0,0,0,0,0,0,0,0,0.97,7.3918,,5.74,,5.74,,0,,,
stored-night,5,tide-siege+sluice-jam,w+h+l+,greedy,300,205,0.6833,8.2,0.8699,40.147,0,1.133,1.937,45.06,2.877,0.523,0.973,0.203,0.797,0.017,1.713,1.49,0.227,1.757,0,0.953,0,0.18,0,0.02,0,2.557,0,0,0,0,0,,,,,,,,,,,,,1.173,county-alert,1,1,overhaul-warning,1,4,last-night,0.1733,8.385,300,6,6,48,5,39,300,367,205,229,95,138,0,0,767,239,0,0,0,0,0,0,0,0.02,8,7.8,1.2233,1.1171,1.4526,,0.3116,,,
stored-night,5,tide-siege+sluice-jam,w+h+l+,planner,300,191,0.6367,8.243,0.8679,61.927,0,1.013,2.18,50.933,2.777,1.06,1.007,0.15,0.653,0.07,1.633,1.487,0.173,1.997,0,0.83,0.007,0.177,0,0.033,0,2.677,0,0,0,0,0,,,,,,,,,,,,,1.167,county-alert,1,1,overhaul-warning,1,4,last-night,0.1667,8.38,300,10,10,82,9,74,300,1004,191,209,109,795,0,0,803,196,0,0,0,0,0,0,0,0.0333,8.2,8.2222,3.3467,1.0942,7.2936,,0.2441,,,
stored-night,5,tide-siege+sluice-jam,w+h+l+,forecast-aware,300,83,0.2767,8.74,0.8956,41.714,0,1.237,2.557,64.487,2.293,1.29,2.577,0,0.93,0.643,1.717,1.417,0.397,2.607,0,0.853,0.067,0.317,0,0.033,0,3.207,0,0,0,0,0,,,,,,,,,,,,,1.353,county-alert,1,1,overhaul-warning,1,4,last-night,0.3533,8.887,300,10,10,90,4,36,300,589,83,115,217,474,0,0,962,279,0,0,0,0,0,0,0,0.0333,9,9,1.9633,1.3855,2.1843,,0.29,,,
stored-night,5,tide-siege+sluice-jam,w+h+l+,planner-one-mistake,300,60,0.2,8.863,0.9241,59.25,0,0.463,2.64,63.497,2.993,14.203,1.267,0.337,1.03,0.007,2,1.783,0.26,1.22,0,0.353,0.007,0.103,0,0.007,0,3.57,0,0,0,0,0,191,300,191,48,0,27,273,0.2513,1,12.8533,1.5,0,1.07,county-alert,1,1,overhaul-warning,1,4,last-night,0.07,9,300,2,2,16,1,9,300,1804,60,60,240,1744,0,0,1071,309,0,0,0,0,0,0,0,0.0067,8,9,6.0133,1,7.2667,,0.2885,,,
stored-night,5,smoke-screen+hollow-ground,w-h-l-,random,300,0,0,9,,84.603,0,0.037,3.737,66.77,2.85,18.963,0.437,1.283,0.263,0.15,0.913,0.693,0.313,1.09,0,0.02,0,0.017,0,0.027,0,3.983,0,0,0,0,0,,,,,,,,,,,,,1.017,county-alert,1,1,overhaul-warning,1,4,last-night,0.0167,9,300,8,8,69,0,0,300,1955,0,0,300,1955,0,0,1195,79,0,0,0,0,0,0,0,0.0267,8.625,,6.5167,,6.5167,,0.0661,,,
stored-night,5,smoke-screen+hollow-ground,w-h-l-,single-water,300,0,0,9,,86.75,0,0,4,81.66,3,15.2,0,0,0,0,2,1.923,0.077,0,0,0,0,0,0,0,0,4,0,0,0,0,0,,,,,,,,,,,,,1,county-alert,1,1,overhaul-warning,1,4,last-night,0,,300,0,0,0,0,0,300,2126,0,0,300,2126,0,0,1200,0,0,0,0,0,0,0,0,0,,,7.0867,,7.0867,,0,,,
stored-night,5,smoke-screen+hollow-ground,w-h-l-,legacy-cycle,300,0,0,9,,77.8,0,0,4,84.073,3,33.86,0,0,0,0,0.583,0.153,0.43,2.257,0,0,0,0,0,0.953,0,4,0,0,0,0,0,,,,,,,,,,,,,1,county-alert,1,1,overhaul-warning,1,4,last-night,0,,300,286,286,2211,0,0,300,1649,0,0,300,1649,0,0,1200,0,0,0,0,0,0,0,0,0.9533,7.7308,,5.4967,,5.4967,,0,,,
stored-night,5,smoke-screen+hollow-ground,w-h-l-,greedy,300,188,0.6267,8.373,0.8889,46.545,0,1.123,2.087,49.693,2.717,1.183,1.063,0.247,0.843,0.18,1.643,1.457,0.187,1.81,0,0.907,0,0.217,0,0.023,0,2.713,0,0,0,0,0,,,,,,,,,,,,,1.203,county-alert,1,1,overhaul-warning,1,4,last-night,0.2033,8.426,300,7,7,57,3,24,300,390,188,238,112,152,0,0,814,253,0,0,0,0,0,0,0,0.0233,8.1429,8,1.3,1.266,1.3571,,0.3108,,,
stored-night,5,smoke-screen+hollow-ground,w-h-l-,planner,300,179,0.5967,8.353,0.8796,66.479,0,0.987,2.287,54.227,2.56,1.397,1.013,0.257,0.697,0.293,1.81,1.633,0.187,1.74,0,0.8,0,0.187,0,0.027,0,2.803,0,0,0,0,0,,,,,,,,,,,,,1.17,county-alert,1,1,overhaul-warning,1,4,last-night,0.17,8.235,300,8,8,65,7,58,300,1083,179,204,121,879,0,0,841,209,0,0,0,0,0,0,0,0.0267,8.125,8.2857,3.61,1.1397,7.2645,,0.2485,,,
stored-night,5,smoke-screen+hollow-ground,w-h-l-,forecast-aware,300,87,0.29,8.803,0.9246,43.671,0,1.12,2.54,63.867,2.05,1.143,2.45,0,1.017,0.9,1.623,1.303,0.377,2.273,0,0.78,0.04,0.3,0,0.017,0,3.267,0,0,0,0,0,,,,,,,,,,,,,1.273,county-alert,1,1,overhaul-warning,1,4,last-night,0.2733,8.805,300,5,5,45,0,0,300,485,87,89,213,396,0,0,980,305,0,0,0,0,0,0,0,0.0167,9,,1.6167,1.023,1.8592,,0.3112,,,
stored-night,5,smoke-screen+hollow-ground,w-h-l-,planner-one-mistake,300,84,0.28,8.867,0.9471,64.782,0,0.653,2.653,65.09,2.993,12.35,0.99,0.307,0.953,0.007,1.927,1.717,0.223,1.42,0,0.48,0,0.173,0,0.003,0,3.433,0,0,0,0,0,179,300,179,53,0,90,210,0.2961,1,11.8233,1,0,1.097,county-alert,1,1,overhaul-warning,1,4,last-night,0.0967,9,300,1,1,8,0,0,300,1709,84,83,216,1626,0,0,1030,286,0,0,0,0,0,0,0,0.0033,8,,5.6967,0.9881,7.5278,,0.2777,,,
stored-night,5,smoke-screen+hollow-ground,w-h-l0,random,300,0,0,9,,84.447,0,0.037,3.737,67.103,2.85,19.017,0.437,1.283,0.263,0.15,0.913,0.693,0.313,1.09,0,0.02,0,0.017,0,0.027,0,3.983,0,0,0,0,0,,,,,,,,,,,,,1.017,county-alert,1,1,overhaul-warning,1,4,last-night,0.0167,9,300,8,8,69,0,0,300,1955,0,0,300,1955,0,0,1195,79,0,0,0,0,0,0,0,0.0267,8.625,,6.5167,,6.5167,,0.0661,,,
stored-night,5,smoke-screen+hollow-ground,w-h-l0,single-water,300,0,0,9,,86.75,0,0,4,81.66,3,15.2,0,0,0,0,2,1.923,0.077,0,0,0,0,0,0,0,0,4,0,0,0,0,0,,,,,,,,,,,,,1,county-alert,1,1,overhaul-warning,1,4,last-night,0,,300,0,0,0,0,0,300,2126,0,0,300,2126,0,0,1200,0,0,0,0,0,0,0,0,0,,,7.0867,,7.0867,,0,,,
stored-night,5,smoke-screen+hollow-ground,w-h-l0,legacy-cycle,300,0,0,9,,77.523,0,0,4,84.103,3,33.863,0,0,0,0,0.583,0.153,0.43,2.257,0,0,0,0,0,0.953,0,4,0,0,0,0,0,,,,,,,,,,,,,1,county-alert,1,1,overhaul-warning,1,4,last-night,0,,300,286,286,2211,0,0,300,1649,0,0,300,1649,0,0,1200,0,0,0,0,0,0,0,0,0.9533,7.7308,,5.4967,,5.4967,,0,,,
stored-night,5,smoke-screen+hollow-ground,w-h-l0,greedy,300,192,0.64,8.343,0.886,45.546,0,1.117,2.07,49.1,2.713,1.333,1.04,0.237,0.82,0.177,1.65,1.463,0.187,1.72,0,0.907,0,0.21,0,0.027,0,2.683,0,0,0,0,0,,,,,,,,,,,,,1.2,county-alert,1,1,overhaul-warning,1,4,last-night,0.2,8.417,300,8,8,65,5,39,300,384,192,231,108,153,0,0,805,246,0,0,0,0,0,0,0,0.0267,8.125,7.8,1.28,1.2031,1.4167,,0.3056,,,
stored-night,5,smoke-screen+hollow-ground,w-h-l0,planner,300,186,0.62,8.313,0.8769,65.614,0,0.983,2.227,52.21,2.58,1.717,1.01,0.253,0.687,0.293,1.81,1.64,0.18,1.657,0,0.81,0,0.173,0,0.02,0,2.747,0,0,0,0,0,,,,,,,,,,,,,1.16,county-alert,1,1,overhaul-warning,1,4,last-night,0.16,8.313,300,6,6,48,6,48,300,1040,186,204,114,836,0,0,824,206,0,0,0,0,0,0,0,0.02,8,8,3.4667,1.0968,7.3333,,0.25,,,
stored-night,5,smoke-screen+hollow-ground,w-h-l0,forecast-aware,300,89,0.2967,8.797,0.9238,42.967,0,1.15,2.533,63.653,2.043,1.203,2.45,0,1.01,0.9,1.627,1.313,0.377,2.26,0,0.807,0.043,0.3,0,0.017,0,3.257,0,0,0,0,0,,,,,,,,,,,,,1.283,county-alert,1,1,overhaul-warning,1,4,last-night,0.2833,8.8,300,5,5,45,0,0,300,483,89,93,211,390,0,0,977,303,0,0,0,0,0,0,0,0.0167,9,,1.61,1.0449,1.8483,,0.3101,,,
stored-night,5,smoke-screen+hollow-ground,w-h-l0,planner-one-mistake,300,93,0.31,8.84,0.9427,65.077,0,0.687,2.627,64.353,2.993,12.27,0.963,0.307,0.923,0.007,1.917,1.71,0.213,1.423,0,0.507,0,0.18,0,0.007,0,3.37,0,0,0,0,0,186,300,186,60,0,89,211,0.3226,1,11.9583,2,0,1.11,county-alert,1,1,overhaul-warning,1,4,last-night,0.11,9,300,2,2,17,1,9,300,1661,93,95,207,1566,0,0,1011,277,0,0,0,0,0,0,0,0.0067,8.5,9,5.5367,1.0215,7.5652,,0.274,,,
stored-night,5,smoke-screen+hollow-ground,w-h-l+,random,300,0,0,9,,84.423,0,0.037,3.737,67.137,2.85,19.023,0.437,1.283,0.263,0.15,0.913,0.693,0.313,1.09,0,0.02,0,0.017,0,0.027,0,3.983,0,0,0,0,0,,,,,,,,,,,,,1.017,county-alert,1,1,overhaul-warning,1,4,last-night,0.0167,9,300,8,8,69,0,0,300,1955,0,0,300,1955,0,0,1195,79,0,0,0,0,0,0,0,0.0267,8.625,,6.5167,,6.5167,,0.0661,,,
stored-night,5,smoke-screen+hollow-ground,w-h-l+,single-water,300,0,0,9,,86.75,0,0,4,81.66,3,15.2,0,0,0,0,2,1.923,0.077,0,0,0,0,0,0,0,0,4,0,0,0,0,0,,,,,,,,,,,,,1,county-alert,1,1,overhaul-warning,1,4,last-night,0,,300,0,0,0,0,0,300,2126,0,0,300,2126,0,0,1200,0,0,0,0,0,0,0,0,0,,,7.0867,,7.0867,,0,,,
stored-night,5,smoke-screen+hollow-ground,w-h-l+,legacy-cycle,300,0,0,9,,77.523,0,0,4,84.103,3,33.863,0,0,0,0,0.583,0.153,0.43,2.257,0,0,0,0,0,0.953,0,4,0,0,0,0,0,,,,,,,,,,,,,1,county-alert,1,1,overhaul-warning,1,4,last-night,0,,300,286,286,2211,0,0,300,1649,0,0,300,1649,0,0,1200,0,0,0,0,0,0,0,0,0.9533,7.7308,,5.4967,,5.4967,,0,,,
stored-night,5,smoke-screen+hollow-ground,w-h-l+,greedy,300,188,0.6267,8.353,0.8853,45.982,0,1.13,2.103,50.233,2.697,1.333,1.047,0.237,0.83,0.177,1.657,1.463,0.193,1.72,0,0.907,0,0.223,0,0.027,0,2.713,0,0,0,0,0,,,,,,,,,,,,,1.213,county-alert,1,1,overhaul-warning,1,4,last-night,0.2133,8.297,300,8,8,65,5,39,300,385,188,227,112,158,0,0,814,249,0,0,0,0,0,0,0,0.0267,8.125,7.8,1.2833,1.2074,1.4107,,0.3059,,,
stored-night,5,smoke-screen+hollow-ground,w-h-l+,planner,300,182,0.6067,8.333,0.8779,65.932,0,1.003,2.26,53.33,2.567,1.717,1.017,0.253,0.693,0.293,1.81,1.64,0.18,1.667,0,0.813,0,0.19,0,0.02,0,2.77,0,0,0,0,0,,,,,,,,,,,,,1.173,county-alert,1,1,overhaul-warning,1,4,last-night,0.1733,8.212,300,6,6,48,6,48,300,1061,182,196,118,865,0,0,831,208,0,0,0,0,0,0,0,0.02,8,8,3.5367,1.0769,7.3305,,0.2503,,,
stored-night,5,smoke-screen+hollow-ground,w-h-l+,forecast-aware,300,89,0.2967,8.797,0.9238,43.175,0,1.153,2.533,63.693,2.043,1.307,2.453,0,1.01,0.9,1.623,1.31,0.383,2.267,0,0.807,0.043,0.303,0,0.017,0,3.253,0,0,0,0,0,,,,,,,,,,,,,1.293,county-alert,1,1,overhaul-warning,1,4,last-night,0.2933,8.807,300,5,5,45,0,0,300,485,89,93,211,392,0,0,976,303,0,0,0,0,0,0,0,0.0167,9,,1.6167,1.0449,1.8578,,0.3105,,,
stored-night,5,smoke-screen+hollow-ground,w-h-l+,planner-one-mistake,300,95,0.3167,8.84,0.9439,64.995,0,0.683,2.62,64.033,2.993,12.27,0.963,0.307,0.923,0.007,1.917,1.71,0.213,1.427,0,0.51,0,0.173,0,0.007,0,3.37,0,0,0,0,0,182,300,182,60,0,89,211,0.3297,1,11.9583,2,0,1.11,county-alert,1,1,overhaul-warning,1,4,last-night,0.11,9,300,2,2,17,1,9,300,1651,95,98,205,1553,0,0,1011,277,0,0,0,0,0,0,0,0.0067,8.5,9,5.5033,1.0316,7.5756,,0.274,,,
stored-night,5,smoke-screen+hollow-ground,w-h0l-,random,300,0,0,9,,84.44,0,0.037,3.737,67.037,2.85,19.013,0.437,1.283,0.263,0.15,0.913,0.693,0.313,1.09,0,0.02,0,0.017,0,0.027,0,3.983,0,0,0,0,0,,,,,,,,,,,,,1.017,county-alert,1,1,overhaul-warning,1,4,last-night,0.0167,9,300,8,8,69,0,0,300,1955,0,0,300,1955,0,0,1195,79,0,0,0,0,0,0,0,0.0267,8.625,,6.5167,,6.5167,,0.0661,,,
stored-night,5,smoke-screen+hollow-ground,w-h0l-,single-water,300,0,0,9,,86.75,0,0,4,81.66,3,15.2,0,0,0,0,2,1.923,0.077,0,0,0,0,0,0,0,0,4,0,0,0,0,0,,,,,,,,,,,,,1,county-alert,1,1,overhaul-warning,1,4,last-night,0,,300,0,0,0,0,0,300,2126,0,0,300,2126,0,0,1200,0,0,0,0,0,0,0,0,0,,,7.0867,,7.0867,,0,,,
stored-night,5,smoke-screen+hollow-ground,w-h0l-,legacy-cycle,300,0,0,9,,77.287,0,0,4,84.25,3,33.86,0,0,0,0,0.583,0.153,0.43,2.257,0,0,0,0,0,0.953,0,4,0,0,0,0,0,,,,,,,,,,,,,1,county-alert,1,1,overhaul-warning,1,4,last-night,0,,300,286,286,2211,0,0,300,1649,0,0,300,1649,0,0,1200,0,0,0,0,0,0,0,0,0.9533,7.7308,,5.4967,,5.4967,,0,,,
stored-night,5,smoke-screen+hollow-ground,w-h0l-,greedy,300,187,0.6233,8.367,0.8871,46.009,0,1.13,2.103,50.24,2.697,1.03,1.063,0.28,0.843,0.18,1.633,1.463,0.173,1.81,0,0.907,0,0.223,0,0.02,0,2.727,0,0,0,0,0,,,,,,,,,,,,,1.21,county-alert,1,1,overhaul-warning,1,4,last-night,0.21,8.286,300,6,6,49,4,31,300,385,187,237,113,148,0,0,818,253,0,0,0,0,0,0,0,0.02,8.1667,7.75,1.2833,1.2674,1.3097,,0.3093,,,
stored-night,5,smoke-screen+hollow-ground,w-h0l-,planner,300,184,0.6133,8.333,0.8792,66.586,0,0.997,2.273,53.753,2.547,1.403,1.013,0.26,0.697,0.293,1.803,1.627,0.187,1.737,0,0.81,0,0.187,0,0.023,0,2.79,0,0,0,0,0,,,,,,,,,,,,,1.167,county-alert,1,1,overhaul-warning,1,4,last-night,0.1667,8.06,300,7,7,56,6,49,300,1049,184,207,116,842,0,0,837,209,0,0,0,0,0,0,0,0.0233,8,8.1667,3.4967,1.125,7.2586,,0.2497,,,
stored-night,5,smoke-screen+hollow-ground,w-h0l-,forecast-aware,300,88,0.2933,8.803,0.9255,43.599,0,1.137,2.55,64.16,2.05,1.167,2.447,0,1.003,0.9,1.63,1.31,0.387,2.267,0,0.79,0.043,0.303,0,0.017,0,3.26,0,0,0,0,0,,,,,,,,,,,,,1.287,county-alert,1,1,overhaul-warning,1,4,last-night,0.2867,8.814,300,5,5,45,0,0,300,486,88,96,212,390,0,0,978,301,0,0,0,0,0,0,0,0.0167,9,,1.62,1.0909,1.8396,,0.3078,,,
stored-night,5,smoke-screen+hollow-ground,w-h0l-,planner-one-mistake,300,86,0.2867,8.857,0.9444,64.491,0,0.643,2.647,64.813,2.993,12.273,0.983,0.323,0.947,0.007,1.923,1.713,0.223,1.423,0,0.477,0,0.167,0,0,0,3.427,0,0,0,0,0,184,300,184,54,0,90,210,0.2935,1,11.89,1,0,1.09,county-alert,1,1,overhaul-warning,1,4,last-night,0.09,9,300,0,0,0,0,0,300,1697,86,89,214,1608,0,0,1028,284,0,0,0,0,0,0,0,0,,,5.6567,1.0349,7.514,,0.2763,,,
stored-night,5,smoke-screen+hollow-ground,w-h0l0,random,300,0,0,9,,84.273,0,0.037,3.737,67.363,2.85,19.067,0.437,1.283,0.263,0.15,0.913,0.693,0.313,1.09,0,0.02,0,0.017,0,0.027,0,3.983,0,0,0,0,0,,,,,,,,,,,,,1.017,county-alert,1,1,overhaul-warning,1,4,last-night,0.0167,9,300,8,8,69,0,0,300,1955,0,0,300,1955,0,0,1195,79,0,0,0,0,0,0,0,0.0267,8.625,,6.5167,,6.5167,,0.0661,,,
stored-night,5,smoke-screen+hollow-ground,w-h0l0,single-water,300,0,0,9,,86.75,0,0,4,81.66,3,15.2,0,0,0,0,2,1.923,0.077,0,0,0,0,0,0,0,0,4,0,0,0,0,0,,,,,,,,,,,,,1,county-alert,1,1,overhaul-warning,1,4,last-night,0,,300,0,0,0,0,0,300,2126,0,0,300,2126,0,0,1200,0,0,0,0,0,0,0,0,0,,,7.0867,,7.0867,,0,,,
stored-night,5,smoke-screen+hollow-ground,w-h0l0,legacy-cycle,300,0,0,9,,77.283,0,0,4,84.253,3,33.863,0,0,0,0,0.583,0.153,0.43,2.257,0,0,0,0,0,0.953,0,4,0,0,0,0,0,,,,,,,,,,,,,1,county-alert,1,1,overhaul-warning,1,4,last-night,0,,300,286,286,2211,0,0,300,1649,0,0,300,1649,0,0,1200,0,0,0,0,0,0,0,0,0.9533,7.7308,,5.4967,,5.4967,,0,,,
stored-night,5,smoke-screen+hollow-ground,w-h0l0,greedy,300,194,0.6467,8.347,0.8877,45.736,0,1.113,2.077,49.273,2.69,1.18,1.043,0.263,0.82,0.177,1.637,1.453,0.187,1.707,0,0.903,0,0.21,0,0.023,0,2.693,0,0,0,0,0,,,,,,,,,,,,,1.2,county-alert,1,1,overhaul-warning,1,4,last-night,0.2,8.233,300,7,7,57,5,39,300,395,194,249,106,146,0,0,808,246,0,0,0,0,0,0,0,0.0233,8.1429,7.8,1.3167,1.2835,1.3774,,0.3045,,,
stored-night,5,smoke-screen+hollow-ground,w-h0l0,planner,300,191,0.6367,8.293,0.8767,65.505,0,0.987,2.21,51.6,2.567,1.723,1.013,0.26,0.687,0.293,1.8,1.637,0.173,1.65,0,0.817,0,0.17,0,0.02,0,2.733,0,0,0,0,0,,,,,,,,,,,,,1.153,county-alert,1,1,overhaul-warning,1,4,last-night,0.1533,8.109,300,6,6,48,6,48,300,1003,191,207,109,796,0,0,820,206,0,0,0,0,0,0,0,0.02,8,8,3.3433,1.0838,7.3028,,0.2512,,,
stored-night,5,smoke-screen+hollow-ground,w-h0l0,forecast-aware,300,90,0.3,8.787,0.921,42.876,0,1.167,2.533,63.773,2.043,1.25,2.453,0,1,0.9,1.63,1.317,0.383,2.243,0,0.813,0.047,0.307,0,0.017,0,3.24,0,0,0,0,0,,,,,,,,,,,,,1.293,county-alert,1,1,overhaul-warning,1,4,last-night,0.2933,8.83,300,5,5,45,0,0,300,481,90,100,210,381,0,0,972,300,0,0,0,0,0,0,0,0.0167,9,,1.6033,1.1111,1.8143,,0.3086,,,
stored-night,5,smoke-screen+hollow-ground,w-h0l0,planner-one-mistake,300,96,0.32,8.83,0.941,64.578,0,0.677,2.61,63.713,2.993,12.193,0.963,0.32,0.923,0.007,1.913,1.707,0.213,1.417,0,0.507,0,0.17,0,0.003,0,3.363,0,0,0,0,0,191,300,191,62,0,89,211,0.3246,1,12.025,2,0,1.103,county-alert,1,1,overhaul-warning,1,4,last-night,0.1033,9,300,1,1,9,1,9,300,1643,96,102,204,1541,0,0,1009,277,0,0,0,0,0,0,0,0.0033,9,9,5.4767,1.0625,7.5539,,0.2745,,,
stored-night,5,smoke-screen+hollow-ground,w-h0l+,random,300,0,0,9,,84.253,0,0.037,3.737,67.397,2.85,19.073,0.437,1.283,0.263,0.15,0.913,0.693,0.313,1.09,0,0.02,0,0.017,0,0.027,0,3.983,0,0,0,0,0,,,,,,,,,,,,,1.017,county-alert,1,1,overhaul-warning,1,4,last-night,0.0167,9,300,8,8,69,0,0,300,1955,0,0,300,1955,0,0,1195,79,0,0,0,0,0,0,0,0.0267,8.625,,6.5167,,6.5167,,0.0661,,,
stored-night,5,smoke-screen+hollow-ground,w-h0l+,single-water,300,0,0,9,,86.75,0,0,4,81.66,3,15.2,0,0,0,0,2,1.923,0.077,0,0,0,0,0,0,0,0,4,0,0,0,0,0,,,,,,,,,,,,,1,county-alert,1,1,overhaul-warning,1,4,last-night,0,,300,0,0,0,0,0,300,2126,0,0,300,2126,0,0,1200,0,0,0,0,0,0,0,0,0,,,7.0867,,7.0867,,0,,,
stored-night,5,smoke-screen+hollow-ground,w-h0l+,legacy-cycle,300,0,0,9,,77.283,0,0,4,84.253,3,33.863,0,0,0,0,0.583,0.153,0.43,2.257,0,0,0,0,0,0.953,0,4,0,0,0,0,0,,,,,,,,,,,,,1,county-alert,1,1,overhaul-warning,1,4,last-night,0,,300,286,286,2211,0,0,300,1649,0,0,300,1649,0,0,1200,0,0,0,0,0,0,0,0,0.9533,7.7308,,5.4967,,5.4967,,0,,,
stored-night,5,smoke-screen+hollow-ground,w-h0l+,greedy,300,194,0.6467,8.337,0.886,45.679,0,1.113,2.077,49.273,2.69,1.18,1.04,0.263,0.82,0.177,1.637,1.45,0.19,1.707,0,0.903,0,0.21,0,0.023,0,2.693,0,0,0,0,0,,,,,,,,,,,,,1.2,county-alert,1,1,overhaul-warning,1,4,last-night,0.2,8.233,300,7,7,57,5,39,300,393,194,247,106,146,0,0,808,246,0,0,0,0,0,0,0,0.0233,8.1429,7.8,1.31,1.2732,1.3774,,0.3045,,,
stored-night,5,smoke-screen+hollow-ground,w-h0l+,planner,300,192,0.64,8.29,0.8767,65.389,0,0.987,2.207,51.52,2.567,1.723,1.013,0.26,0.687,0.293,1.803,1.637,0.177,1.653,0,0.817,0,0.17,0,0.023,0,2.733,0,0,0,0,0,,,,,,,,,,,,,1.153,county-alert,1,1,overhaul-warning,1,4,last-night,0.1533,8.109,300,7,7,57,7,57,300,990,192,203,108,787,0,0,820,206,0,0,0,0,0,0,0,0.0233,8.1429,8.1429,3.3,1.0573,7.287,,0.2512,,,
stored-night,5,smoke-screen+hollow-ground,w-h0l+,forecast-aware,300,90,0.3,8.787,0.921,43.071,0,1.17,2.533,63.813,2.043,1.353,2.457,0,1,0.9,1.627,1.313,0.39,2.25,0,0.813,0.047,0.31,0,0.017,0,3.237,0,0,0,0,0,,,,,,,,,,,,,1.303,county-alert,1,1,overhaul-warning,1,4,last-night,0.3033,8.835,300,5,5,45,0,0,300,483,90,100,210,383,0,0,971,300,0,0,0,0,0,0,0,0.0167,9,,1.61,1.1111,1.8238,,0.309,,,
stored-night,5,smoke-screen+hollow-ground,w-h0l+,planner-one-mistake,300,98,0.3267,8.83,0.9422,64.49,0,0.673,2.603,63.393,2.993,12.193,0.963,0.32,0.923,0.007,1.913,1.707,0.213,1.42,0,0.51,0,0.163,0,0.003,0,3.363,0,0,0,0,0,192,300,192,64,0,89,211,0.3333,1,12.025,2,0,1.103,county-alert,1,1,overhaul-warning,1,4,last-night,0.1033,9,300,1,1,9,1,9,300,1633,98,105,202,1528,0,0,1009,277,0,0,0,0,0,0,0,0.0033,9,9,5.4433,1.0714,7.5644,,0.2745,,,
stored-night,5,smoke-screen+hollow-ground,w-h+l-,random,300,0,0,9,,84.433,0,0.037,3.737,67.05,2.85,19.017,0.437,1.283,0.263,0.15,0.913,0.693,0.313,1.09,0,0.02,0,0.017,0,0.027,0,3.983,0,0,0,0,0,,,,,,,,,,,,,1.017,county-alert,1,1,overhaul-warning,1,4,last-night,0.0167,9,300,8,8,69,0,0,300,1955,0,0,300,1955,0,0,1195,79,0,0,0,0,0,0,0,0.0267,8.625,,6.5167,,6.5167,,0.0661,,,
stored-night,5,smoke-screen+hollow-ground,w-h+l-,single-water,300,0,0,9,,86.75,0,0,4,81.66,3,15.2,0,0,0,0,2,1.923,0.077,0,0,0,0,0,0,0,0,4,0,0,0,0,0,,,,,,,,,,,,,1,county-alert,1,1,overhaul-warning,1,4,last-night,0,,300,0,0,0,0,0,300,2126,0,0,300,2126,0,0,1200,0,0,0,0,0,0,0,0,0,,,7.0867,,7.0867,,0,,,
stored-night,5,smoke-screen+hollow-ground,w-h+l-,legacy-cycle,300,0,0,9,,77.287,0,0,4,84.25,3,33.86,0,0,0,0,0.583,0.153,0.43,2.257,0,0,0,0,0,0.953,0,4,0,0,0,0,0,,,,,,,,,,,,,1,county-alert,1,1,overhaul-warning,1,4,last-night,0,,300,286,286,2211,0,0,300,1649,0,0,300,1649,0,0,1200,0,0,0,0,0,0,0,0,0.9533,7.7308,,5.4967,,5.4967,,0,,,
stored-night,5,smoke-screen+hollow-ground,w-h+l-,greedy,300,187,0.6233,8.367,0.8871,46.035,0,1.127,2.103,50.24,2.697,1.03,1.063,0.28,0.843,0.18,1.633,1.463,0.173,1.807,0,0.903,0,0.223,0,0.02,0,2.727,0,0,0,0,0,,,,,,,,,,,,,1.21,county-alert,1,1,overhaul-warning,1,4,last-night,0.21,8.286,300,6,6,49,4,31,300,385,187,237,113,148,0,0,818,253,0,0,0,0,0,0,0,0.02,8.1667,7.75,1.2833,1.2674,1.3097,,0.3093,,,
stored-night,5,smoke-screen+hollow-ground,w-h+l-,planner,300,184,0.6133,8.333,0.8792,66.534,0,0.997,2.273,53.753,2.547,1.403,1.013,0.26,0.697,0.293,1.803,1.627,0.187,1.737,0,0.81,0,0.187,0,0.023,0,2.79,0,0,0,0,0,,,,,,,,,,,,,1.167,county-alert,1,1,overhaul-warning,1,4,last-night,0.1667,8.06,300,7,7,56,6,49,300,1049,184,207,116,842,0,0,837,209,0,0,0,0,0,0,0,0.0233,8,8.1667,3.4967,1.125,7.2586,,0.2497,,,
stored-night,5,smoke-screen+hollow-ground,w-h+l-,forecast-aware,300,88,0.2933,8.803,0.9255,43.528,0,1.143,2.55,64.16,2.05,1.167,2.447,0,1.003,0.9,1.63,1.31,0.387,2.267,0,0.797,0.043,0.303,0,0.017,0,3.26,0,0,0,0,0,,,,,,,,,,,,,1.287,county-alert,1,1,overhaul-warning,1,4,last-night,0.2867,8.814,300,5,5,45,0,0,300,486,88,96,212,390,0,0,978,301,0,0,0,0,0,0,0,0.0167,9,,1.62,1.0909,1.8396,,0.3078,,,
stored-night,5,smoke-screen+hollow-ground,w-h+l-,planner-one-mistake,300,87,0.29,8.857,0.9451,64.46,0,0.643,2.647,64.813,2.993,12.273,0.983,0.323,0.947,0.007,1.927,1.717,0.223,1.423,0,0.477,0,0.167,0,0.003,0,3.427,0,0,0,0,0,184,300,184,54,0,90,210,0.2935,1,11.89,1,0,1.09,county-alert,1,1,overhaul-warning,1,4,last-night,0.09,9,300,1,1,9,1,9,300,1688,87,90,213,1598,0,0,1028,284,0,0,0,0,0,0,0,0.0033,9,9,5.6267,1.0345,7.5023,,0.2763,,,
stored-night,5,smoke-screen+hollow-ground,w-h+l0,random,300,0,0,9,,84.27,0,0.037,3.737,67.377,2.85,19.07,0.437,1.283,0.263,0.15,0.913,0.693,0.313,1.09,0,0.02,0,0.017,0,0.027,0,3.983,0,0,0,0,0,,,,,,,,,,,,,1.017,county-alert,1,1,overhaul-warning,1,4,last-night,0.0167,9,300,8,8,69,0,0,300,1955,0,0,300,1955,0,0,1195,79,0,0,0,0,0,0,0,0.0267,8.625,,6.5167,,6.5167,,0.0661,,,
stored-night,5,smoke-screen+hollow-ground,w-h+l0,single-water,300,0,0,9,,86.75,0,0,4,81.66,3,15.2,0,0,0,0,2,1.923,0.077,0,0,0,0,0,0,0,0,4,0,0,0,0,0,,,,,,,,,,,,,1,county-alert,1,1,overhaul-warning,1,4,last-night,0,,300,0,0,0,0,0,300,2126,0,0,300,2126,0,0,1200,0,0,0,0,0,0,0,0,0,,,7.0867,,7.0867,,0,,,
stored-night,5,smoke-screen+hollow-ground,w-h+l0,legacy-cycle,300,0,0,9,,77.283,0,0,4,84.253,3,33.863,0,0,0,0,0.583,0.153,0.43,2.257,0,0,0,0,0,0.953,0,4,0,0,0,0,0,,,,,,,,,,,,,1,county-alert,1,1,overhaul-warning,1,4,last-night,0,,300,286,286,2211,0,0,300,1649,0,0,300,1649,0,0,1200,0,0,0,0,0,0,0,0,0.9533,7.7308,,5.4967,,5.4967,,0,,,
stored-night,5,smoke-screen+hollow-ground,w-h+l0,greedy,300,194,0.6467,8.347,0.8877,45.755,0,1.117,2.077,49.273,2.69,1.18,1.043,0.263,0.82,0.177,1.637,1.453,0.187,1.703,0,0.907,0,0.21,0,0.023,0,2.693,0,0,0,0,0,,,,,,,,,,,,,1.2,county-alert,1,1,overhaul-warning,1,4,last-night,0.2,8.233,300,7,7,57,5,39,300,395,194,249,106,146,0,0,808,246,0,0,0,0,0,0,0,0.0233,8.1429,7.8,1.3167,1.2835,1.3774,,0.3045,,,
stored-night,5,smoke-screen+hollow-ground,w-h+l0,planner,300,192,0.64,8.293,0.8773,65.38,0,0.987,2.207,51.52,2.567,1.723,1.013,0.26,0.687,0.293,1.803,1.637,0.177,1.65,0,0.817,0,0.17,0,0.023,0,2.733,0,0,0,0,0,,,,,,,,,,,,,1.153,county-alert,1,1,overhaul-warning,1,4,last-night,0.1533,8.109,300,7,7,57,7,57,300,994,192,207,108,787,0,0,820,206,0,0,0,0,0,0,0,0.0233,8.1429,8.1429,3.3133,1.0781,7.287,,0.2512,,,
stored-night,5,smoke-screen+hollow-ground,w-h+l0,forecast-aware,300,90,0.3,8.787,0.921,43.005,0,1.17,2.533,63.813,2.043,1.28,2.457,0,1,0.9,1.627,1.313,0.383,2.243,0,0.813,0.047,0.31,0,0.017,0,3.237,0,0,0,0,0,,,,,,,,,,,,,1.297,county-alert,1,1,overhaul-warning,1,4,last-night,0.2967,8.831,300,5,5,45,0,0,300,483,90,100,210,383,0,0,971,300,0,0,0,0,0,0,0,0.0167,9,,1.61,1.1111,1.8238,,0.309,,,
stored-night,5,smoke-screen+hollow-ground,w-h+l0,planner-one-mistake,300,96,0.32,8.83,0.941,64.564,0,0.677,2.61,63.713,2.993,12.193,0.963,0.32,0.923,0.007,1.913,1.707,0.213,1.417,0,0.507,0,0.17,0,0.003,0,3.363,0,0,0,0,0,192,300,192,63,0,89,211,0.3281,1,12.025,2,0,1.103,county-alert,1,1,overhaul-warning,1,4,last-night,0.1033,9,300,1,1,9,1,9,300,1643,96,102,204,1541,0,0,1009,277,0,0,0,0,0,0,0,0.0033,9,9,5.4767,1.0625,7.5539,,0.2745,,,
stored-night,5,smoke-screen+hollow-ground,w-h+l+,random,300,0,0,9,,84.247,0,0.037,3.737,67.41,2.85,19.077,0.437,1.283,0.263,0.15,0.913,0.693,0.313,1.09,0,0.02,0,0.017,0,0.027,0,3.983,0,0,0,0,0,,,,,,,,,,,,,1.017,county-alert,1,1,overhaul-warning,1,4,last-night,0.0167,9,300,8,8,69,0,0,300,1955,0,0,300,1955,0,0,1195,79,0,0,0,0,0,0,0,0.0267,8.625,,6.5167,,6.5167,,0.0661,,,
stored-night,5,smoke-screen+hollow-ground,w-h+l+,single-water,300,0,0,9,,86.75,0,0,4,81.66,3,15.2,0,0,0,0,2,1.923,0.077,0,0,0,0,0,0,0,0,4,0,0,0,0,0,,,,,,,,,,,,,1,county-alert,1,1,overhaul-warning,1,4,last-night,0,,300,0,0,0,0,0,300,2126,0,0,300,2126,0,0,1200,0,0,0,0,0,0,0,0,0,,,7.0867,,7.0867,,0,,,
stored-night,5,smoke-screen+hollow-ground,w-h+l+,legacy-cycle,300,0,0,9,,77.283,0,0,4,84.253,3,33.863,0,0,0,0,0.583,0.153,0.43,2.257,0,0,0,0,0,0.953,0,4,0,0,0,0,0,,,,,,,,,,,,,1,county-alert,1,1,overhaul-warning,1,4,last-night,0,,300,286,286,2211,0,0,300,1649,0,0,300,1649,0,0,1200,0,0,0,0,0,0,0,0,0.9533,7.7308,,5.4967,,5.4967,,0,,,
stored-night,5,smoke-screen+hollow-ground,w-h+l+,greedy,300,194,0.6467,8.337,0.886,45.698,0,1.117,2.077,49.273,2.69,1.18,1.04,0.263,0.82,0.177,1.637,1.45,0.19,1.703,0,0.907,0,0.21,0,0.023,0,2.693,0,0,0,0,0,,,,,,,,,,,,,1.2,county-alert,1,1,overhaul-warning,1,4,last-night,0.2,8.233,300,7,7,57,5,39,300,393,194,247,106,146,0,0,808,246,0,0,0,0,0,0,0,0.0233,8.1429,7.8,1.31,1.2732,1.3774,,0.3045,,,
stored-night,5,smoke-screen+hollow-ground,w-h+l+,planner,300,192,0.64,8.29,0.8767,65.333,0,0.987,2.207,51.52,2.567,1.723,1.013,0.26,0.687,0.293,1.803,1.637,0.177,1.653,0,0.817,0,0.17,0,0.023,0,2.733,0,0,0,0,0,,,,,,,,,,,,,1.153,county-alert,1,1,overhaul-warning,1,4,last-night,0.1533,8.109,300,7,7,57,7,57,300,990,192,203,108,787,0,0,820,206,0,0,0,0,0,0,0,0.0233,8.1429,8.1429,3.3,1.0573,7.287,,0.2512,,,
stored-night,5,smoke-screen+hollow-ground,w-h+l+,forecast-aware,300,90,0.3,8.787,0.921,43.005,0,1.17,2.533,63.813,2.043,1.353,2.457,0,1,0.9,1.627,1.313,0.39,2.25,0,0.813,0.047,0.31,0,0.017,0,3.237,0,0,0,0,0,,,,,,,,,,,,,1.303,county-alert,1,1,overhaul-warning,1,4,last-night,0.3033,8.835,300,5,5,45,0,0,300,483,90,100,210,383,0,0,971,300,0,0,0,0,0,0,0,0.0167,9,,1.61,1.1111,1.8238,,0.309,,,
stored-night,5,smoke-screen+hollow-ground,w-h+l+,planner-one-mistake,300,98,0.3267,8.83,0.9422,64.475,0,0.673,2.603,63.393,2.993,12.193,0.963,0.32,0.923,0.007,1.913,1.707,0.213,1.42,0,0.51,0,0.163,0,0.003,0,3.363,0,0,0,0,0,192,300,192,64,0,89,211,0.3333,1,12.025,2,0,1.103,county-alert,1,1,overhaul-warning,1,4,last-night,0.1033,9,300,1,1,9,1,9,300,1633,98,105,202,1528,0,0,1009,277,0,0,0,0,0,0,0,0.0033,9,9,5.4433,1.0714,7.5644,,0.2745,,,
stored-night,5,smoke-screen+hollow-ground,w0h-l-,random,300,0,0,9,,84.44,0,0.037,3.737,67.09,2.85,18.963,0.437,1.283,0.263,0.15,0.913,0.693,0.313,1.09,0,0.02,0,0.017,0,0.027,0,3.983,0,0,0,0,0,,,,,,,,,,,,,1.017,county-alert,1,1,overhaul-warning,1,4,last-night,0.0167,9,300,8,8,69,0,0,300,1955,0,0,300,1955,0,0,1195,79,0,0,0,0,0,0,0,0.0267,8.625,,6.5167,,6.5167,,0.0661,,,
stored-night,5,smoke-screen+hollow-ground,w0h-l-,single-water,300,0,0,9,,86.513,0,0,4,82.393,3,15.2,0,0,0,0,2,1.923,0.077,0,0,0,0,0,0,0,0,4,0,0,0,0,0,,,,,,,,,,,,,1,county-alert,1,1,overhaul-warning,1,4,last-night,0,,300,0,0,0,0,0,300,2126,0,0,300,2126,0,0,1200,0,0,0,0,0,0,0,0,0,,,7.0867,,7.0867,,0,,,
stored-night,5,smoke-screen+hollow-ground,w0h-l-,legacy-cycle,300,0,0,9,,76.93,0,0,4,84.687,3,33.86,0,0,0,0,0.583,0.153,0.43,2.257,0,0,0,0,0,0.953,0,4,0,0,0,0,0,,,,,,,,,,,,,1,county-alert,1,1,overhaul-warning,1,4,last-night,0,,300,286,286,2211,0,0,300,1649,0,0,300,1649,0,0,1200,0,0,0,0,0,0,0,0,0.9533,7.7308,,5.4967,,5.4967,,0,,,
stored-night,5,smoke-screen+hollow-ground,w0h-l-,greedy,300,192,0.64,8.357,0.8883,45.852,0,1.117,2.06,48.747,2.717,1.103,1.063,0.233,0.84,0.18,1.64,1.457,0.183,1.813,0,0.91,0,0.207,0,0.02,0,2.693,0,0,0,0,0,,,,,,,,,,,,,1.197,county-alert,1,1,overhaul-warning,1,4,last-night,0.1967,8.424,300,6,6,49,2,16,300,396,192,249,108,147,0,0,808,252,0,0,0,0,0,0,0,0.02,8.1667,8,1.32,1.2969,1.3611,,0.3119,,,
stored-night,5,smoke-screen+hollow-ground,w0h-l-,planner,300,182,0.6067,8.343,0.8797,65.992,0,0.973,2.267,53.427,2.56,1.317,1.013,0.247,0.697,0.293,1.81,1.633,0.187,1.743,0,0.8,0,0.173,0,0.02,0,2.793,0,0,0,0,0,,,,,,,,,,,,,1.16,county-alert,1,1,overhaul-warning,1,4,last-night,0.16,8.188,300,6,6,47,5,40,300,1073,182,214,118,859,0,0,838,209,0,0,0,0,0,0,0,0.02,7.8333,8,3.5767,1.1758,7.2797,,0.2494,,,
stored-night,5,smoke-screen+hollow-ground,w0h-l-,forecast-aware,300,91,0.3033,8.79,0.9231,43.416,0,1.117,2.517,63.08,2.05,1.143,2.45,0,1.017,0.9,1.62,1.297,0.38,2.273,0,0.783,0.04,0.293,0,0.017,0,3.25,0,0,0,0,0,,,,,,,,,,,,,1.267,county-alert,1,1,overhaul-warning,1,4,last-night,0.2667,8.8,300,5,5,45,0,0,300,490,91,96,209,394,0,0,975,305,0,0,0,0,0,0,0,0.0167,9,,1.6333,1.0549,1.8852,,0.3128,,,
stored-night,5,smoke-screen+hollow-ground,w0h-l-,planner-one-mistake,300,83,0.2767,8.87,0.9478,64.346,0,0.663,2.653,65.213,2.993,12.35,1.003,0.3,0.96,0.007,1.917,1.717,0.213,1.437,0,0.483,0,0.18,0,0.003,0,3.433,0,0,0,0,0,182,300,182,52,0,90,210,0.2857,1,11.8233,1,0,1.097,county-alert,1,1,overhaul-warning,1,4,last-night,0.0967,9,300,1,1,8,0,0,300,1715,83,85,217,1630,0,0,1030,288,0,0,0,0,0,0,0,0.0033,8,,5.7167,1.0241,7.5115,,0.2796,,,
stored-night,5,smoke-screen+hollow-ground,w0h-l0,random,300,0,0,9,,84.313,0,0.043,3.737,67.457,2.85,19.017,0.437,1.283,0.263,0.15,0.913,0.693,0.313,1.09,0,0.023,0,0.02,0,0.027,0,3.98,0,0,0,0,0,,,,,,,,,,,,,1.02,county-alert,1,1,overhaul-warning,1,4,last-night,0.02,9,300,8,8,69,0,0,300,1955,0,0,300,1955,0,0,1194,79,0,0,0,0,0,0,0,0.0267,8.625,,6.5167,,6.5167,,0.0662,,,
stored-night,5,smoke-screen+hollow-ground,w0h-l0,single-water,300,0,0,9,,86.513,0,0,4,82.393,3,15.2,0,0,0,0,2,1.923,0.077,0,0,0,0,0,0,0,0,4,0,0,0,0,0,,,,,,,,,,,,,1,county-alert,1,1,overhaul-warning,1,4,last-night,0,,300,0,0,0,0,0,300,2126,0,0,300,2126,0,0,1200,0,0,0,0,0,0,0,0,0,,,7.0867,,7.0867,,0,,,
stored-night,5,smoke-screen+hollow-ground,w0h-l0,legacy-cycle,300,0,0,9,,76.927,0,0,4,84.69,3,33.863,0,0,0,0,0.583,0.153,0.43,2.257,0,0,0,0,0,0.953,0,4,0,0,0,0,0,,,,,,,,,,,,,1,county-alert,1,1,overhaul-warning,1,4,last-night,0,,300,286,286,2211,0,0,300,1649,0,0,300,1649,0,0,1200,0,0,0,0,0,0,0,0,0.9533,7.7308,,5.4967,,5.4967,,0,,,
stored-night,5,smoke-screen+hollow-ground,w0h-l0,greedy,300,197,0.6567,8.32,0.8849,44.893,0,1.117,2.033,47.873,2.713,1.253,1.04,0.23,0.82,0.177,1.64,1.46,0.18,1.717,0,0.917,0,0.2,0,0.023,0,2.657,0,0,0,0,0,,,,,,,,,,,,,1.19,county-alert,1,1,overhaul-warning,1,4,last-night,0.19,8.404,300,7,7,57,4,31,300,383,197,238,103,145,0,0,797,246,0,0,0,0,0,0,0,0.0233,8.1429,7.75,1.2767,1.2081,1.4078,,0.3087,,,
stored-night,5,smoke-screen+hollow-ground,w0h-l0,planner,300,191,0.6367,8.3,0.8778,65.018,0,0.97,2.193,50.97,2.58,1.637,1.013,0.243,0.69,0.293,1.81,1.64,0.18,1.66,0,0.813,0,0.157,0,0.017,0,2.73,0,0,0,0,0,,,,,,,,,,,,,1.147,county-alert,1,1,overhaul-warning,1,4,last-night,0.1467,8.25,300,5,5,39,5,39,300,1014,191,213,109,801,0,0,819,207,0,0,0,0,0,0,0,0.0167,7.8,7.8,3.38,1.1152,7.3486,,0.2527,,,
stored-night,5,smoke-screen+hollow-ground,w0h-l0,forecast-aware,300,93,0.31,8.783,0.9223,42.691,0,1.143,2.51,62.827,2.043,1.203,2.45,0,1.01,0.9,1.623,1.31,0.377,2.257,0,0.81,0.043,0.29,0,0.017,0,3.243,0,0,0,0,0,,,,,,,,,,,,,1.273,county-alert,1,1,overhaul-warning,1,4,last-night,0.2733,8.793,300,5,5,45,0,0,300,491,93,102,207,389,0,0,973,303,0,0,0,0,0,0,0,0.0167,9,,1.6367,1.0968,1.8792,,0.3114,,,
stored-night,5,smoke-screen+hollow-ground,w0h-l0,planner-one-mistake,300,93,0.31,8.84,0.9427,64.551,0,0.687,2.623,64.26,2.993,12.27,0.97,0.297,0.927,0.007,1.913,1.713,0.207,1.44,0,0.507,0,0.18,0,0.007,0,3.37,0,0,0,0,0,191,300,191,61,0,89,211,0.3194,1,11.9583,2,0,1.11,county-alert,1,1,overhaul-warning,1,4,last-night,0.11,9,300,2,2,17,1,9,300,1661,93,98,207,1563,0,0,1011,278,0,0,0,0,0,0,0,0.0067,8.5,9,5.5367,1.0538,7.5507,,0.275,,,
stored-night,5,smoke-screen+hollow-ground,w0h-l+,random,300,0,0,9,,84.29,0,0.043,3.737,67.487,2.85,19.023,0.437,1.283,0.263,0.15,0.913,0.693,0.313,1.09,0,0.023,0,0.02,0,0.027,0,3.98,0,0,0,0,0,,,,,,,,,,,,,1.02,county-alert,1,1,overhaul-warning,1,4,last-night,0.02,9,300,8,8,69,0,0,300,1955,0,0,300,1955,0,0,1194,79,0,0,0,0,0,0,0,0.0267,8.625,,6.5167,,6.5167,,0.0662,,,
stored-night,5,smoke-screen+hollow-ground,w0h-l+,single-water,300,0,0,9,,86.513,0,0,4,82.393,3,15.2,0,0,0,0,2,1.923,0.077,0,0,0,0,0,0,0,0,4,0,0,0,0,0,,,,,,,,,,,,,1,county-alert,1,1,overhaul-warning,1,4,last-night,0,,300,0,0,0,0,0,300,2126,0,0,300,2126,0,0,1200,0,0,0,0,0,0,0,0,0,,,7.0867,,7.0867,,0,,,
stored-night,5,smoke-screen+hollow-ground,w0h-l+,legacy-cycle,300,0,0,9,,76.927,0,0,4,84.69,3,33.863,0,0,0,0,0.583,0.153,0.43,2.257,0,0,0,0,0,0.953,0,4,0,0,0,0,0,,,,,,,,,,,,,1,county-alert,1,1,overhaul-warning,1,4,last-night,0,,300,286,286,2211,0,0,300,1649,0,0,300,1649,0,0,1200,0,0,0,0,0,0,0,0,0.9533,7.7308,,5.4967,,5.4967,,0,,,
stored-night,5,smoke-screen+hollow-ground,w0h-l+,greedy,300,193,0.6433,8.333,0.8849,45.346,0,1.13,2.067,49.007,2.697,1.253,1.047,0.23,0.83,0.177,1.647,1.46,0.187,1.717,0,0.917,0,0.213,0,0.023,0,2.687,0,0,0,0,0,,,,,,,,,,,,,1.203,county-alert,1,1,overhaul-warning,1,4,last-night,0.2033,8.279,300,7,7,57,4,31,300,385,193,235,107,150,0,0,806,249,0,0,0,0,0,0,0,0.0233,8.1429,7.75,1.2833,1.2176,1.4019,,0.3089,,,
stored-night,5,smoke-screen+hollow-ground,w0h-l+,planner,300,187,0.6233,8.32,0.8788,65.372,0,0.99,2.227,52.09,2.567,1.637,1.02,0.243,0.697,0.293,1.81,1.64,0.18,1.67,0,0.817,0,0.173,0,0.017,0,2.753,0,0,0,0,0,,,,,,,,,,,,,1.16,county-alert,1,1,overhaul-warning,1,4,last-night,0.16,8.146,300,5,5,39,5,39,300,1035,187,205,113,830,0,0,826,209,0,0,0,0,0,0,0,0.0167,7.8,7.8,3.45,1.0963,7.3451,,0.253,,,
stored-night,5,smoke-screen+hollow-ground,w0h-l+,forecast-aware,300,93,0.31,8.783,0.9223,42.889,0,1.147,2.51,62.867,2.043,1.307,2.453,0,1.01,0.9,1.62,1.307,0.383,2.263,0,0.81,0.043,0.293,0,0.017,0,3.24,0,0,0,0,0,,,,,,,,,,,,,1.283,county-alert,1,1,overhaul-warning,1,4,last-night,0.2833,8.8,300,5,5,45,0,0,300,493,93,102,207,391,0,0,972,303,0,0,0,0,0,0,0,0.0167,9,,1.6433,1.0968,1.8889,,0.3117,,,
stored-night,5,smoke-screen+hollow-ground,w0h-l+,planner-one-mistake,300,94,0.3133,8.84,0.9433,64.476,0,0.687,2.62,64.1,2.993,12.27,0.97,0.3,0.927,0.007,1.913,1.713,0.207,1.443,0,0.51,0,0.177,0,0.007,0,3.37,0,0,0,0,0,187,300,187,60,0,89,211,0.3209,1,11.9583,2,0,1.11,county-alert,1,1,overhaul-warning,1,4,last-night,0.11,9,300,2,2,17,1,9,300,1655,94,98,206,1557,0,0,1011,278,0,0,0,0,0,0,0,0.0067,8.5,9,5.5167,1.0426,7.5583,,0.275,,,
stored-night,5,smoke-screen+hollow-ground,w0h0l-,random,300,0,0,9,,84.27,0,0.037,3.737,67.353,2.85,19.013,0.437,1.283,0.263,0.15,0.913,0.693,0.313,1.09,0,0.02,0,0.017,0,0.027,0,3.983,0,0,0,0,0,,,,,,,,,,,,,1.017,county-alert,1,1,overhaul-warning,1,4,last-night,0.0167,9,300,8,8,69,0,0,300,1955,0,0,300,1955,0,0,1195,79,0,0,0,0,0,0,0,0.0267,8.625,,6.5167,,6.5167,,0.0661,,,
stored-night,5,smoke-screen+hollow-ground,w0h0l-,single-water,300,0,0,9,,86.513,0,0,4,82.393,3,15.2,0,0,0,0,2,1.923,0.077,0,0,0,0,0,0,0,0,4,0,0,0,0,0,,,,,,,,,,,,,1,county-alert,1,1,overhaul-warning,1,4,last-night,0,,300,0,0,0,0,0,300,2126,0,0,300,2126,0,0,1200,0,0,0,0,0,0,0,0,0,,,7.0867,,7.0867,,0,,,
stored-night,5,smoke-screen+hollow-ground,w0h0l-,legacy-cycle,300,0,0,9,,76.69,0,0,4,84.837,3,33.86,0,0,0,0,0.583,0.153,0.43,2.257,0,0,0,0,0,0.953,0,4,0,0,0,0,0,,,,,,,,,,,,,1,county-alert,1,1,overhaul-warning,1,4,last-night,0,,300,286,286,2211,0,0,300,1649,0,0,300,1649,0,0,1200,0,0,0,0,0,0,0,0,0.9533,7.7308,,5.4967,,5.4967,,0,,,
stored-night,5,smoke-screen+hollow-ground,w0h0l-,greedy,300,192,0.64,8.35,0.8872,45.435,0,1.12,2.077,49.24,2.697,1.03,1.063,0.26,0.84,0.18,1.633,1.463,0.173,1.813,0,0.91,0,0.21,0,0.02,0,2.71,0,0,0,0,0,,,,,,,,,,,,,1.203,county-alert,1,1,overhaul-warning,1,4,last-night,0.2033,8.262,300,6,6,49,4,31,300,389,192,249,108,140,0,0,813,252,0,0,0,0,0,0,0,0.02,8.1667,7.75,1.2967,1.2969,1.2963,,0.31,,,
stored-night,5,smoke-screen+hollow-ground,w0h0l-,planner,300,186,0.62,8.327,0.8793,66.395,0,0.993,2.26,53.233,2.547,1.323,1.02,0.253,0.697,0.293,1.803,1.627,0.187,1.747,0,0.813,0,0.18,0,0.02,0,2.78,0,0,0,0,0,,,,,,,,,,,,,1.163,county-alert,1,1,overhaul-warning,1,4,last-night,0.1633,8.041,300,6,6,47,5,40,300,1038,186,209,114,829,0,0,834,209,0,0,0,0,0,0,0,0.02,7.8333,8,3.46,1.1237,7.2719,,0.2506,,,
stored-night,5,smoke-screen+hollow-ground,w0h0l-,forecast-aware,300,92,0.3067,8.79,0.9239,43.337,0,1.133,2.527,63.373,2.05,1.167,2.447,0,1.003,0.9,1.627,1.303,0.39,2.267,0,0.793,0.043,0.297,0,0.017,0,3.243,0,0,0,0,0,,,,,,,,,,,,,1.28,county-alert,1,1,overhaul-warning,1,4,last-night,0.28,8.81,300,5,5,45,0,0,300,491,92,103,208,388,0,0,973,301,0,0,0,0,0,0,0,0.0167,9,,1.6367,1.1196,1.8654,,0.3094,,,
stored-night,5,smoke-screen+hollow-ground,w0h0l-,planner-one-mistake,300,87,0.29,8.86,0.9464,63.967,0,0.65,2.643,64.807,2.993,12.193,0.993,0.31,0.953,0.007,1.913,1.717,0.21,1.433,0,0.48,0,0.17,0,0.003,0,3.427,0,0,0,0,0,186,300,186,54,0,90,210,0.2903,1,11.89,1,0,1.09,county-alert,1,1,overhaul-warning,1,4,last-night,0.09,9,300,1,1,9,1,9,300,1689,87,89,213,1600,0,0,1028,286,0,0,0,0,0,0,0,0.0033,9,9,5.63,1.023,7.5117,,0.2782,,,
stored-night,5,smoke-screen+hollow-ground,w0h0l0,random,300,0,0,9,,84.14,0,0.043,3.737,67.713,2.85,19.067,0.437,1.283,0.263,0.15,0.913,0.693,0.313,1.09,0,0.023,0,0.02,0,0.027,0,3.98,0,0,0,0,0,,,,,,,,,,,,,1.02,county-alert,1,1,overhaul-warning,1,4,last-night,0.02,9,300,8,8,69,0,0,300,1955,0,0,300,1955,0,0,1194,79,0,0,0,0,0,0,0,0.0267,8.625,,6.5167,,6.5167,,0.0662,,,
stored-night,5,smoke-screen+hollow-ground,w0h0l0,single-water,300,0,0,9,,86.513,0,0,4,82.393,3,15.2,0,0,0,0,2,1.923,0.077,0,0,0,0,0,0,0,0,4,0,0,0,0,0,,,,,,,,,,,,,1,county-alert,1,1,overhaul-warning,1,4,last-night,0,,300,0,0,0,0,0,300,2126,0,0,300,2126,0,0,1200,0,0,0,0,0,0,0,0,0,,,7.0867,,7.0867,,0,,,
stored-night,5,smoke-screen+hollow-ground,w0h0l0,legacy-cycle,300,0,0,9,,76.687,0,0,4,84.84,3,33.863,0,0,0,0,0.583,0.153,0.43,2.257,0,0,0,0,0,0.953,0,4,0,0,0,0,0,,,,,,,,,,,,,1,county-alert,1,1,overhaul-warning,1,4,last-night,0,,300,286,286,2211,0,0,300,1649,0,0,300,1649,0,0,1200,0,0,0,0,0,0,0,0,0.9533,7.7308,,5.4967,,5.4967,,0,,,
stored-night,5,smoke-screen+hollow-ground,w0h0l0,greedy,300,200,0.6667,8.327,0.8878,45.12,0,1.11,2.04,47.993,2.69,1.1,1.043,0.253,0.82,0.177,1.63,1.45,0.183,1.71,0,0.913,0,0.197,0,0.02,0,2.67,0,0,0,0,0,,,,,,,,,,,,,1.19,county-alert,1,1,overhaul-warning,1,4,last-night,0.19,8.193,300,6,6,49,4,31,300,393,200,258,100,135,0,0,801,246,0,0,0,0,0,0,0,0.02,8.1667,7.75,1.31,1.29,1.35,,0.3071,,,
stored-night,5,smoke-screen+hollow-ground,w0h0l0,planner,300,195,0.65,8.283,0.8775,65.067,0,0.977,2.183,50.6,2.567,1.643,1.023,0.253,0.69,0.293,1.8,1.637,0.173,1.657,0,0.82,0,0.157,0,0.017,0,2.72,0,0,0,0,0,,,,,,,,,,,,,1.143,county-alert,1,1,overhaul-warning,1,4,last-night,0.1433,8.047,300,5,5,39,5,39,300,983,195,218,105,765,0,0,816,207,0,0,0,0,0,0,0,0.0167,7.8,7.8,3.2767,1.1179,7.2857,,0.2537,,,
stored-night,5,smoke-screen+hollow-ground,w0h0l0,forecast-aware,300,93,0.31,8.773,0.9188,42.546,0,1.163,2.517,63.187,2.043,1.25,2.45,0,0.997,0.9,1.63,1.313,0.387,2.233,0,0.817,0.047,0.3,0,0.02,0,3.227,0,0,0,0,0,,,,,,,,,,,,,1.287,county-alert,1,1,overhaul-warning,1,4,last-night,0.2867,8.826,300,6,6,54,0,0,300,489,93,109,207,380,0,0,968,299,0,0,0,0,0,0,0,0.02,9,,1.63,1.172,1.8357,,0.3089,,,
stored-night,5,smoke-screen+hollow-ground,w0h0l0,planner-one-mistake,300,97,0.3233,8.83,0.9416,64.005,0,0.673,2.603,63.46,2.993,12.193,0.967,0.307,0.927,0.007,1.91,1.71,0.207,1.433,0,0.507,0,0.167,0,0.003,0,3.363,0,0,0,0,0,195,300,195,65,0,89,211,0.3333,1,12.025,2,0,1.103,county-alert,1,1,overhaul-warning,1,4,last-night,0.1033,9,300,1,1,9,1,9,300,1637,97,104,203,1533,0,0,1009,278,0,0,0,0,0,0,0,0.0033,9,9,5.4567,1.0722,7.5517,,0.2755,,,
stored-night,5,smoke-screen+hollow-ground,w0h0l+,random,300,0,0,9,,84.113,0,0.043,3.737,67.743,2.85,19.073,0.437,1.283,0.263,0.15,0.913,0.693,0.313,1.09,0,0.023,0,0.02,0,0.027,0,3.98,0,0,0,0,0,,,,,,,,,,,,,1.02,county-alert,1,1,overhaul-warning,1,4,last-night,0.02,9,300,8,8,69,0,0,300,1955,0,0,300,1955,0,0,1194,79,0,0,0,0,0,0,0,0.0267,8.625,,6.5167,,6.5167,,0.0662,,,
stored-night,5,smoke-screen+hollow-ground,w0h0l+,single-water,300,0,0,9,,86.513,0,0,4,82.393,3,15.2,0,0,0,0,2,1.923,0.077,0,0,0,0,0,0,0,0,4,0,0,0,0,0,,,,,,,,,,,,,1,county-alert,1,1,overhaul-warning,1,4,last-night,0,,300,0,0,0,0,0,300,2126,0,0,300,2126,0,0,1200,0,0,0,0,0,0,0,0,0,,,7.0867,,7.0867,,0,,,
stored-night,5,smoke-screen+hollow-ground,w0h0l+,legacy-cycle,300,0,0,9,,76.687,0,0,4,84.84,3,33.863,0,0,0,0,0.583,0.153,0.43,2.257,0,0,0,0,0,0.953,0,4,0,0,0,0,0,,,,,,,,,,,,,1,county-alert,1,1,overhaul-warning,1,4,last-night,0,,300,286,286,2211,0,0,300,1649,0,0,300,1649,0,0,1200,0,0,0,0,0,0,0,0,0.9533,7.7308,,5.4967,,5.4967,,0,,,
stored-night,5,smoke-screen+hollow-ground,w0h0l+,greedy,300,200,0.6667,8.32,0.8867,45.06,0,1.11,2.04,47.993,2.69,1.1,1.04,0.253,0.82,0.177,1.63,1.447,0.187,1.71,0,0.913,0,0.197,0,0.02,0,2.67,0,0,0,0,0,,,,,,,,,,,,,1.19,county-alert,1,1,overhaul-warning,1,4,last-night,0.19,8.193,300,6,6,49,4,31,300,395,200,260,100,135,0,0,801,246,0,0,0,0,0,0,0,0.02,8.1667,7.75,1.3167,1.3,1.35,,0.3071,,,
stored-night,5,smoke-screen+hollow-ground,w0h0l+,planner,300,195,0.65,8.28,0.8769,65.019,0,0.977,2.183,50.6,2.567,1.643,1.023,0.253,0.69,0.293,1.8,1.637,0.173,1.663,0,0.82,0,0.157,0,0.017,0,2.72,0,0,0,0,0,,,,,,,,,,,,,1.143,county-alert,1,1,overhaul-warning,1,4,last-night,0.1433,8.047,300,5,5,39,5,39,300,979,195,214,105,765,0,0,816,207,0,0,0,0,0,0,0,0.0167,7.8,7.8,3.2633,1.0974,7.2857,,0.2537,,,
stored-night,5,smoke-screen+hollow-ground,w0h0l+,forecast-aware,300,93,0.31,8.773,0.9188,42.754,0,1.167,2.517,63.227,2.043,1.353,2.453,0,0.997,0.9,1.627,1.31,0.393,2.24,0,0.817,0.047,0.303,0,0.02,0,3.223,0,0,0,0,0,,,,,,,,,,,,,1.297,county-alert,1,1,overhaul-warning,1,4,last-night,0.2967,8.831,300,6,6,54,0,0,300,491,93,109,207,382,0,0,967,299,0,0,0,0,0,0,0,0.02,9,,1.6367,1.172,1.8454,,0.3092,,,
stored-night,5,smoke-screen+hollow-ground,w0h0l+,planner-one-mistake,300,98,0.3267,8.83,0.9422,63.926,0,0.673,2.6,63.3,2.993,12.193,0.967,0.307,0.927,0.007,1.91,1.71,0.207,1.433,0,0.51,0,0.163,0,0.003,0,3.363,0,0,0,0,0,195,300,195,65,0,89,211,0.3333,1,12.025,2,0,1.103,county-alert,1,1,overhaul-warning,1,4,last-night,0.1033,9,300,1,1,9,1,9,300,1632,98,105,202,1527,0,0,1009,278,0,0,0,0,0,0,0,0.0033,9,9,5.44,1.0714,7.5594,,0.2755,,,
stored-night,5,smoke-screen+hollow-ground,w0h+l-,random,300,0,0,9,,84.267,0,0.037,3.737,67.367,2.85,19.017,0.437,1.283,0.263,0.15,0.913,0.693,0.313,1.09,0,0.02,0,0.017,0,0.027,0,3.983,0,0,0,0,0,,,,,,,,,,,,,1.017,county-alert,1,1,overhaul-warning,1,4,last-night,0.0167,9,300,8,8,69,0,0,300,1955,0,0,300,1955,0,0,1195,79,0,0,0,0,0,0,0,0.0267,8.625,,6.5167,,6.5167,,0.0661,,,
stored-night,5,smoke-screen+hollow-ground,w0h+l-,single-water,300,0,0,9,,86.513,0,0,4,82.393,3,15.2,0,0,0,0,2,1.923,0.077,0,0,0,0,0,0,0,0,4,0,0,0,0,0,,,,,,,,,,,,,1,county-alert,1,1,overhaul-warning,1,4,last-night,0,,300,0,0,0,0,0,300,2126,0,0,300,2126,0,0,1200,0,0,0,0,0,0,0,0,0,,,7.0867,,7.0867,,0,,,
stored-night,5,smoke-screen+hollow-ground,w0h+l-,legacy-cycle,300,0,0,9,,76.69,0,0,4,84.837,3,33.86,0,0,0,0,0.583,0.153,0.43,2.257,0,0,0,0,0,0.953,0,4,0,0,0,0,0,,,,,,,,,,,,,1,county-alert,1,1,overhaul-warning,1,4,last-night,0,,300,286,286,2211,0,0,300,1649,0,0,300,1649,0,0,1200,0,0,0,0,0,0,0,0,0.9533,7.7308,,5.4967,,5.4967,,0,,,
stored-night,5,smoke-screen+hollow-ground,w0h+l-,greedy,300,192,0.64,8.35,0.8872,45.454,0,1.117,2.077,49.24,2.697,1.03,1.063,0.26,0.84,0.18,1.633,1.463,0.173,1.81,0,0.907,0,0.21,0,0.02,0,2.71,0,0,0,0,0,,,,,,,,,,,,,1.203,county-alert,1,1,overhaul-warning,1,4,last-night,0.2033,8.262,300,6,6,49,4,31,300,389,192,249,108,140,0,0,813,252,0,0,0,0,0,0,0,0.02,8.1667,7.75,1.2967,1.2969,1.2963,,0.31,,,
stored-night,5,smoke-screen+hollow-ground,w0h+l-,planner,300,186,0.62,8.327,0.8793,66.351,0,0.993,2.26,53.233,2.547,1.323,1.02,0.253,0.697,0.293,1.803,1.627,0.187,1.747,0,0.813,0,0.18,0,0.02,0,2.78,0,0,0,0,0,,,,,,,,,,,,,1.163,county-alert,1,1,overhaul-warning,1,4,last-night,0.1633,8.041,300,6,6,47,5,40,300,1038,186,209,114,829,0,0,834,209,0,0,0,0,0,0,0,0.02,7.8333,8,3.46,1.1237,7.2719,,0.2506,,,
stored-night,5,smoke-screen+hollow-ground,w0h+l-,forecast-aware,300,92,0.3067,8.79,0.9239,43.255,0,1.14,2.527,63.373,2.05,1.167,2.447,0,1.003,0.9,1.627,1.303,0.39,2.267,0,0.8,0.043,0.297,0,0.017,0,3.243,0,0,0,0,0,,,,,,,,,,,,,1.28,county-alert,1,1,overhaul-warning,1,4,last-night,0.28,8.81,300,5,5,45,0,0,300,491,92,103,208,388,0,0,973,301,0,0,0,0,0,0,0,0.0167,9,,1.6367,1.1196,1.8654,,0.3094,,,
stored-night,5,smoke-screen+hollow-ground,w0h+l-,planner-one-mistake,300,87,0.29,8.86,0.9464,63.953,0,0.65,2.643,64.807,2.993,12.193,0.993,0.31,0.953,0.007,1.913,1.717,0.21,1.433,0,0.48,0,0.17,0,0.003,0,3.427,0,0,0,0,0,186,300,186,54,0,90,210,0.2903,1,11.89,1,0,1.09,county-alert,1,1,overhaul-warning,1,4,last-night,0.09,9,300,1,1,9,1,9,300,1689,87,89,213,1600,0,0,1028,286,0,0,0,0,0,0,0,0.0033,9,9,5.63,1.023,7.5117,,0.2782,,,
stored-night,5,smoke-screen+hollow-ground,w0h+l0,random,300,0,0,9,,84.133,0,0.043,3.737,67.727,2.85,19.07,0.437,1.283,0.263,0.15,0.913,0.693,0.313,1.09,0,0.023,0,0.02,0,0.027,0,3.98,0,0,0,0,0,,,,,,,,,,,,,1.02,county-alert,1,1,overhaul-warning,1,4,last-night,0.02,9,300,8,8,69,0,0,300,1955,0,0,300,1955,0,0,1194,79,0,0,0,0,0,0,0,0.0267,8.625,,6.5167,,6.5167,,0.0662,,,
stored-night,5,smoke-screen+hollow-ground,w0h+l0,single-water,300,0,0,9,,86.513,0,0,4,82.393,3,15.2,0,0,0,0,2,1.923,0.077,0,0,0,0,0,0,0,0,4,0,0,0,0,0,,,,,,,,,,,,,1,county-alert,1,1,overhaul-warning,1,4,last-night,0,,300,0,0,0,0,0,300,2126,0,0,300,2126,0,0,1200,0,0,0,0,0,0,0,0,0,,,7.0867,,7.0867,,0,,,
stored-night,5,smoke-screen+hollow-ground,w0h+l0,legacy-cycle,300,0,0,9,,76.687,0,0,4,84.84,3,33.863,0,0,0,0,0.583,0.153,0.43,2.257,0,0,0,0,0,0.953,0,4,0,0,0,0,0,,,,,,,,,,,,,1,county-alert,1,1,overhaul-warning,1,4,last-night,0,,300,286,286,2211,0,0,300,1649,0,0,300,1649,0,0,1200,0,0,0,0,0,0,0,0,0.9533,7.7308,,5.4967,,5.4967,,0,,,
stored-night,5,smoke-screen+hollow-ground,w0h+l0,greedy,300,200,0.6667,8.327,0.8878,45.14,0,1.113,2.04,47.993,2.69,1.1,1.043,0.253,0.82,0.177,1.63,1.45,0.183,1.707,0,0.917,0,0.197,0,0.02,0,2.67,0,0,0,0,0,,,,,,,,,,,,,1.19,county-alert,1,1,overhaul-warning,1,4,last-night,0.19,8.193,300,6,6,49,4,31,300,393,200,258,100,135,0,0,801,246,0,0,0,0,0,0,0,0.02,8.1667,7.75,1.31,1.29,1.35,,0.3071,,,
stored-night,5,smoke-screen+hollow-ground,w0h+l0,planner,300,195,0.65,8.283,0.8775,65.019,0,0.977,2.183,50.6,2.567,1.643,1.023,0.253,0.69,0.293,1.8,1.637,0.173,1.657,0,0.82,0,0.157,0,0.017,0,2.72,0,0,0,0,0,,,,,,,,,,,,,1.143,county-alert,1,1,overhaul-warning,1,4,last-night,0.1433,8.047,300,5,5,39,5,39,300,983,195,218,105,765,0,0,816,207,0,0,0,0,0,0,0,0.0167,7.8,7.8,3.2767,1.1179,7.2857,,0.2537,,,
stored-night,5,smoke-screen+hollow-ground,w0h+l0,forecast-aware,300,93,0.31,8.773,0.9188,42.691,0,1.167,2.517,63.227,2.043,1.28,2.453,0,0.997,0.9,1.627,1.31,0.387,2.233,0,0.817,0.047,0.303,0,0.02,0,3.223,0,0,0,0,0,,,,,,,,,,,,,1.29,county-alert,1,1,overhaul-warning,1,4,last-night,0.29,8.828,300,6,6,54,0,0,300,491,93,109,207,382,0,0,967,299,0,0,0,0,0,0,0,0.02,9,,1.6367,1.172,1.8454,,0.3092,,,
stored-night,5,smoke-screen+hollow-ground,w0h+l0,planner-one-mistake,300,97,0.3233,8.83,0.9416,63.99,0,0.673,2.603,63.46,2.993,12.193,0.967,0.307,0.927,0.007,1.91,1.71,0.207,1.433,0,0.507,0,0.167,0,0.003,0,3.363,0,0,0,0,0,195,300,195,65,0,89,211,0.3333,1,12.025,2,0,1.103,county-alert,1,1,overhaul-warning,1,4,last-night,0.1033,9,300,1,1,9,1,9,300,1637,97,104,203,1533,0,0,1009,278,0,0,0,0,0,0,0,0.0033,9,9,5.4567,1.0722,7.5517,,0.2755,,,
stored-night,5,smoke-screen+hollow-ground,w0h+l+,random,300,0,0,9,,84.107,0,0.043,3.737,67.757,2.85,19.077,0.437,1.283,0.263,0.15,0.913,0.693,0.313,1.09,0,0.023,0,0.02,0,0.027,0,3.98,0,0,0,0,0,,,,,,,,,,,,,1.02,county-alert,1,1,overhaul-warning,1,4,last-night,0.02,9,300,8,8,69,0,0,300,1955,0,0,300,1955,0,0,1194,79,0,0,0,0,0,0,0,0.0267,8.625,,6.5167,,6.5167,,0.0662,,,
stored-night,5,smoke-screen+hollow-ground,w0h+l+,single-water,300,0,0,9,,86.513,0,0,4,82.393,3,15.2,0,0,0,0,2,1.923,0.077,0,0,0,0,0,0,0,0,4,0,0,0,0,0,,,,,,,,,,,,,1,county-alert,1,1,overhaul-warning,1,4,last-night,0,,300,0,0,0,0,0,300,2126,0,0,300,2126,0,0,1200,0,0,0,0,0,0,0,0,0,,,7.0867,,7.0867,,0,,,
stored-night,5,smoke-screen+hollow-ground,w0h+l+,legacy-cycle,300,0,0,9,,76.687,0,0,4,84.84,3,33.863,0,0,0,0,0.583,0.153,0.43,2.257,0,0,0,0,0,0.953,0,4,0,0,0,0,0,,,,,,,,,,,,,1,county-alert,1,1,overhaul-warning,1,4,last-night,0,,300,286,286,2211,0,0,300,1649,0,0,300,1649,0,0,1200,0,0,0,0,0,0,0,0,0.9533,7.7308,,5.4967,,5.4967,,0,,,
stored-night,5,smoke-screen+hollow-ground,w0h+l+,greedy,300,200,0.6667,8.32,0.8867,45.09,0,1.113,2.04,47.993,2.69,1.1,1.04,0.253,0.82,0.177,1.63,1.447,0.187,1.707,0,0.917,0,0.197,0,0.02,0,2.67,0,0,0,0,0,,,,,,,,,,,,,1.19,county-alert,1,1,overhaul-warning,1,4,last-night,0.19,8.193,300,6,6,49,4,31,300,395,200,260,100,135,0,0,801,246,0,0,0,0,0,0,0,0.02,8.1667,7.75,1.3167,1.3,1.35,,0.3071,,,
stored-night,5,smoke-screen+hollow-ground,w0h+l+,planner,300,195,0.65,8.28,0.8769,64.971,0,0.977,2.183,50.6,2.567,1.643,1.023,0.253,0.69,0.293,1.8,1.637,0.173,1.663,0,0.82,0,0.157,0,0.017,0,2.72,0,0,0,0,0,,,,,,,,,,,,,1.143,county-alert,1,1,overhaul-warning,1,4,last-night,0.1433,8.047,300,5,5,39,5,39,300,979,195,214,105,765,0,0,816,207,0,0,0,0,0,0,0,0.0167,7.8,7.8,3.2633,1.0974,7.2857,,0.2537,,,
stored-night,5,smoke-screen+hollow-ground,w0h+l+,forecast-aware,300,93,0.31,8.773,0.9188,42.681,0,1.167,2.517,63.227,2.043,1.353,2.453,0,0.997,0.9,1.627,1.31,0.393,2.24,0,0.817,0.047,0.303,0,0.02,0,3.223,0,0,0,0,0,,,,,,,,,,,,,1.297,county-alert,1,1,overhaul-warning,1,4,last-night,0.2967,8.831,300,6,6,54,0,0,300,491,93,109,207,382,0,0,967,299,0,0,0,0,0,0,0,0.02,9,,1.6367,1.172,1.8454,,0.3092,,,
stored-night,5,smoke-screen+hollow-ground,w0h+l+,planner-one-mistake,300,98,0.3267,8.83,0.9422,63.911,0,0.673,2.6,63.3,2.993,12.193,0.967,0.307,0.927,0.007,1.91,1.71,0.207,1.433,0,0.51,0,0.163,0,0.003,0,3.363,0,0,0,0,0,195,300,195,65,0,89,211,0.3333,1,12.025,2,0,1.103,county-alert,1,1,overhaul-warning,1,4,last-night,0.1033,9,300,1,1,9,1,9,300,1632,98,105,202,1527,0,0,1009,278,0,0,0,0,0,0,0,0.0033,9,9,5.44,1.0714,7.5594,,0.2755,,,
stored-night,5,smoke-screen+hollow-ground,w+h-l-,random,300,0,0,9,,84.42,0,0.037,3.737,67.133,2.85,19.03,0.437,1.283,0.263,0.15,0.913,0.693,0.313,1.09,0,0.02,0,0.017,0,0.027,0,3.983,0,0,0,0,0,,,,,,,,,,,,,1.017,county-alert,1,1,overhaul-warning,1,4,last-night,0.0167,9,300,8,8,69,0,0,300,1955,0,0,300,1955,0,0,1195,79,0,0,0,0,0,0,0,0.0267,8.625,,6.5167,,6.5167,,0.0661,,,
stored-night,5,smoke-screen+hollow-ground,w+h-l-,single-water,300,0,0,9,,86.453,0,0,4,82.593,3,15.2,0,0,0,0,2,1.923,0.077,0,0,0,0,0,0,0,0,4,0,0,0,0,0,,,,,,,,,,,,,1,county-alert,1,1,overhaul-warning,1,4,last-night,0,,300,0,0,0,0,0,300,2126,0,0,300,2126,0,0,1200,0,0,0,0,0,0,0,0,0,,,7.0867,,7.0867,,0,,,
stored-night,5,smoke-screen+hollow-ground,w+h-l-,legacy-cycle,300,0,0,9,,76.93,0,0,4,84.687,3,33.86,0,0,0,0,0.583,0.153,0.43,2.257,0,0,0,0,0,0.953,0,4,0,0,0,0,0,,,,,,,,,,,,,1,county-alert,1,1,overhaul-warning,1,4,last-night,0,,300,286,286,2211,0,0,300,1649,0,0,300,1649,0,0,1200,0,0,0,0,0,0,0,0,0.9533,7.7308,,5.4967,,5.4967,,0,,,
stored-night,5,smoke-screen+hollow-ground,w+h-l-,greedy,300,196,0.6533,8.343,0.8883,45.663,0,1.113,2.037,47.92,2.717,1.103,1.053,0.243,0.837,0.173,1.64,1.457,0.183,1.833,0,0.917,0,0.197,0,0.02,0,2.677,0,0,0,0,0,,,,,,,,,,,,,1.183,county-alert,1,1,overhaul-warning,1,4,last-night,0.1833,8.382,300,6,6,49,2,16,300,398,196,254,104,144,0,0,803,251,0,0,0,0,0,0,0,0.02,8.1667,8,1.3267,1.2959,1.3846,,0.3126,,,
stored-night,5,smoke-screen+hollow-ground,w+h-l-,planner,300,186,0.62,8.337,0.8811,66.518,0,0.98,2.253,53.043,2.55,1.317,1.01,0.25,0.693,0.293,1.82,1.637,0.193,1.76,0,0.807,0,0.173,0,0.02,0,2.777,0,0,0,0,0,,,,,,,,,,,,,1.157,county-alert,1,1,overhaul-warning,1,4,last-night,0.1567,8.17,300,6,6,47,5,40,300,1048,186,220,114,828,0,0,833,208,0,0,0,0,0,0,0,0.02,7.8333,8,3.4933,1.1828,7.2632,,0.2497,,,
stored-night,5,smoke-screen+hollow-ground,w+h-l-,forecast-aware,300,94,0.3133,8.79,0.9255,43.398,0,1.127,2.51,62.867,2.047,1.143,2.453,0,1.02,0.9,1.623,1.303,0.377,2.267,0,0.797,0.04,0.29,0,0.017,0,3.253,0,0,0,0,0,,,,,,,,,,,,,1.267,county-alert,1,1,overhaul-warning,1,4,last-night,0.2667,8.788,300,5,5,45,0,0,300,492,94,106,206,386,0,0,976,306,0,0,0,0,0,0,0,0.0167,9,,1.64,1.1277,1.8738,,0.3135,,,
stored-night,5,smoke-screen+hollow-ground,w+h-l-,planner-one-mistake,300,89,0.2967,8.867,0.9501,64.156,0,0.647,2.633,64.333,2.993,12.42,1.003,0.3,0.96,0.007,1.953,1.75,0.217,1.403,0,0.483,0,0.163,0,0.007,0,3.43,0,0,0,0,0,186,300,186,57,0,90,210,0.3065,1,11.7633,1,0,1.093,county-alert,1,1,overhaul-warning,1,4,last-night,0.0933,9,300,2,2,17,1,9,300,1677,89,95,211,1582,0,0,1029,288,0,0,0,0,0,0,0,0.0067,8.5,9,5.59,1.0674,7.4976,,0.2799,,,
stored-night,5,smoke-screen+hollow-ground,w+h-l0,random,300,0,0,9,,84.297,0,0.043,3.737,67.5,2.85,19.083,0.437,1.283,0.263,0.15,0.913,0.693,0.313,1.09,0,0.023,0,0.02,0,0.027,0,3.98,0,0,0,0,0,,,,,,,,,,,,,1.02,county-alert,1,1,overhaul-warning,1,4,last-night,0.02,9,300,8,8,69,0,0,300,1955,0,0,300,1955,0,0,1194,79,0,0,0,0,0,0,0,0.0267,8.625,,6.5167,,6.5167,,0.0662,,,
stored-night,5,smoke-screen+hollow-ground,w+h-l0,single-water,300,0,0,9,,86.453,0,0,4,82.593,3,15.2,0,0,0,0,2,1.923,0.077,0,0,0,0,0,0,0,0,4,0,0,0,0,0,,,,,,,,,,,,,1,county-alert,1,1,overhaul-warning,1,4,last-night,0,,300,0,0,0,0,0,300,2126,0,0,300,2126,0,0,1200,0,0,0,0,0,0,0,0,0,,,7.0867,,7.0867,,0,,,
stored-night,5,smoke-screen+hollow-ground,w+h-l0,legacy-cycle,300,0,0,9,,76.927,0,0,4,84.69,3,33.863,0,0,0,0,0.583,0.153,0.43,2.257,0,0,0,0,0,0.953,0,4,0,0,0,0,0,,,,,,,,,,,,,1,county-alert,1,1,overhaul-warning,1,4,last-night,0,,300,286,286,2211,0,0,300,1649,0,0,300,1649,0,0,1200,0,0,0,0,0,0,0,0,0.9533,7.7308,,5.4967,,5.4967,,0,,,
stored-night,5,smoke-screen+hollow-ground,w+h-l0,greedy,300,199,0.6633,8.307,0.8839,44.366,0,1.117,2.02,47.393,2.717,1.253,1.033,0.243,0.82,0.17,1.653,1.46,0.193,1.747,0,0.923,0,0.193,0,0.023,0,2.65,0,0,0,0,0,,,,,,,,,,,,,1.18,county-alert,1,1,overhaul-warning,1,4,last-night,0.18,8.37,300,7,7,57,4,31,300,380,199,240,101,140,0,0,795,246,0,0,0,0,0,0,0,0.0233,8.1429,7.75,1.2667,1.206,1.3861,,0.3094,,,
stored-night,5,smoke-screen+hollow-ground,w+h-l0,planner,300,195,0.65,8.297,0.8798,65.467,0,0.977,2.183,50.69,2.567,1.557,1.01,0.247,0.69,0.293,1.833,1.65,0.193,1.677,0,0.82,0,0.157,0,0.017,0,2.72,0,0,0,0,0,,,,,,,,,,,,,1.143,county-alert,1,1,overhaul-warning,1,4,last-night,0.1433,8.209,300,5,5,39,5,39,300,987,195,218,105,769,0,0,816,207,0,0,0,0,0,0,0,0.0167,7.8,7.8,3.29,1.1179,7.3238,,0.2537,,,
stored-night,5,smoke-screen+hollow-ground,w+h-l0,forecast-aware,300,96,0.32,8.78,0.9236,42.721,0,1.14,2.507,62.667,2.043,1.203,2.443,0,1.003,0.9,1.627,1.31,0.38,2.25,0,0.81,0.043,0.287,0,0.017,0,3.24,0,0,0,0,0,,,,,,,,,,,,,1.273,county-alert,1,1,overhaul-warning,1,4,last-night,0.2733,8.793,300,5,5,45,0,0,300,494,96,118,204,376,0,0,972,301,0,0,0,0,0,0,0,0.0167,9,,1.6467,1.2292,1.8431,,0.3097,,,
stored-night,5,smoke-screen+hollow-ground,w+h-l0,planner-one-mistake,300,96,0.32,8.833,0.9421,63.971,0,0.663,2.607,63.42,2.993,12.373,0.97,0.297,0.927,0.007,1.947,1.743,0.21,1.413,0,0.503,0,0.16,0,0.007,0,3.373,0,0,0,0,0,195,300,195,63,0,89,211,0.3231,1,11.9492,2,0,1.107,county-alert,1,1,overhaul-warning,1,4,last-night,0.1067,9,300,2,2,17,1,9,300,1640,96,101,204,1539,0,0,1012,278,0,0,0,0,0,0,0,0.0067,8.5,9,5.4667,1.0521,7.5441,,0.2747,,,
stored-night,5,smoke-screen+hollow-ground,w+h-l+,random,300,0,0,9,,84.27,0,0.043,3.737,67.53,2.85,19.09,0.437,1.283,0.263,0.15,0.913,0.693,0.313,1.09,0,0.023,0,0.02,0,0.027,0,3.98,0,0,0,0,0,,,,,,,,,,,,,1.02,county-alert,1,1,overhaul-warning,1,4,last-night,0.02,9,300,8,8,69,0,0,300,1955,0,0,300,1955,0,0,1194,79,0,0,0,0,0,0,0,0.0267,8.625,,6.5167,,6.5167,,0.0662,,,
stored-night,5,smoke-screen+hollow-ground,w+h-l+,single-water,300,0,0,9,,86.453,0,0,4,82.593,3,15.2,0,0,0,0,2,1.923,0.077,0,0,0,0,0,0,0,0,4,0,0,0,0,0,,,,,,,,,,,,,1,county-alert,1,1,overhaul-warning,1,4,last-night,0,,300,0,0,0,0,0,300,2126,0,0,300,2126,0,0,1200,0,0,0,0,0,0,0,0,0,,,7.0867,,7.0867,,0,,,
stored-night,5,smoke-screen+hollow-ground,w+h-l+,legacy-cycle,300,0,0,9,,76.927,0,0,4,84.69,3,33.863,0,0,0,0,0.583,0.153,0.43,2.257,0,0,0,0,0,0.953,0,4,0,0,0,0,0,,,,,,,,,,,,,1,county-alert,1,1,overhaul-warning,1,4,last-night,0,,300,286,286,2211,0,0,300,1649,0,0,300,1649,0,0,1200,0,0,0,0,0,0,0,0,0.9533,7.7308,,5.4967,,5.4967,,0,,,
stored-night,5,smoke-screen+hollow-ground,w+h-l+,greedy,300,196,0.6533,8.317,0.8838,44.712,0,1.127,2.043,48.207,2.703,1.253,1.043,0.243,0.83,0.17,1.66,1.463,0.197,1.75,0,0.923,0,0.203,0,0.023,0,2.673,0,0,0,0,0,,,,,,,,,,,,,1.19,county-alert,1,1,overhaul-warning,1,4,last-night,0.19,8.263,300,7,7,57,4,31,300,380,196,237,104,143,0,0,802,249,0,0,0,0,0,0,0,0.0233,8.1429,7.75,1.2667,1.2092,1.375,,0.3105,,,
stored-night,5,smoke-screen+hollow-ground,w+h-l+,planner,300,192,0.64,8.31,0.8802,65.704,0,0.987,2.207,51.437,2.557,1.557,1.017,0.247,0.697,0.293,1.833,1.647,0.197,1.68,0,0.82,0,0.167,0,0.017,0,2.74,0,0,0,0,0,,,,,,,,,,,,,1.153,county-alert,1,1,overhaul-warning,1,4,last-night,0.1533,8.13,300,5,5,39,5,39,300,1001,192,210,108,791,0,0,822,209,0,0,0,0,0,0,0,0.0167,7.8,7.8,3.3367,1.0938,7.3241,,0.2543,,,
stored-night,5,smoke-screen+hollow-ground,w+h-l+,forecast-aware,300,96,0.32,8.78,0.9236,42.936,0,1.143,2.507,62.707,2.043,1.307,2.447,0,1.003,0.9,1.623,1.307,0.387,2.257,0,0.81,0.043,0.29,0,0.017,0,3.237,0,0,0,0,0,,,,,,,,,,,,,1.283,county-alert,1,1,overhaul-warning,1,4,last-night,0.2833,8.8,300,5,5,45,0,0,300,496,96,118,204,378,0,0,971,301,0,0,0,0,0,0,0,0.0167,9,,1.6533,1.2292,1.8529,,0.31,,,
stored-night,5,smoke-screen+hollow-ground,w+h-l+,planner-one-mistake,300,97,0.3233,8.833,0.9427,63.882,0,0.663,2.603,63.26,2.993,12.373,0.97,0.3,0.927,0.007,1.947,1.743,0.21,1.417,0,0.507,0,0.157,0,0.007,0,3.373,0,0,0,0,0,192,300,192,62,0,89,211,0.3229,1,11.9492,2,0,1.107,county-alert,1,1,overhaul-warning,1,4,last-night,0.1067,9,300,2,2,17,1,9,300,1634,97,101,203,1533,0,0,1012,278,0,0,0,0,0,0,0,0.0067,8.5,9,5.4467,1.0412,7.5517,,0.2747,,,
stored-night,5,smoke-screen+hollow-ground,w+h0l-,random,300,0,0,9,,84.253,0,0.037,3.737,67.397,2.85,19.08,0.437,1.283,0.263,0.15,0.913,0.693,0.313,1.09,0,0.02,0,0.017,0,0.027,0,3.983,0,0,0,0,0,,,,,,,,,,,,,1.017,county-alert,1,1,overhaul-warning,1,4,last-night,0.0167,9,300,8,8,69,0,0,300,1955,0,0,300,1955,0,0,1195,79,0,0,0,0,0,0,0,0.0267,8.625,,6.5167,,6.5167,,0.0661,,,
stored-night,5,smoke-screen+hollow-ground,w+h0l-,single-water,300,0,0,9,,86.453,0,0,4,82.593,3,15.2,0,0,0,0,2,1.923,0.077,0,0,0,0,0,0,0,0,4,0,0,0,0,0,,,,,,,,,,,,,1,county-alert,1,1,overhaul-warning,1,4,last-night,0,,300,0,0,0,0,0,300,2126,0,0,300,2126,0,0,1200,0,0,0,0,0,0,0,0,0,,,7.0867,,7.0867,,0,,,
stored-night,5,smoke-screen+hollow-ground,w+h0l-,legacy-cycle,300,0,0,9,,76.69,0,0,4,84.837,3,33.86,0,0,0,0,0.583,0.153,0.43,2.257,0,0,0,0,0,0.953,0,4,0,0,0,0,0,,,,,,,,,,,,,1,county-alert,1,1,overhaul-warning,1,4,last-night,0,,300,286,286,2211,0,0,300,1649,0,0,300,1649,0,0,1200,0,0,0,0,0,0,0,0,0.9533,7.7308,,5.4967,,5.4967,,0,,,
stored-night,5,smoke-screen+hollow-ground,w+h0l-,greedy,300,198,0.66,8.327,0.8866,45.029,0,1.11,2.037,47.853,2.7,1.03,1.057,0.27,0.837,0.173,1.627,1.463,0.167,1.83,0,0.917,0,0.193,0,0.02,0,2.683,0,0,0,0,0,,,,,,,,,,,,,1.183,county-alert,1,1,overhaul-warning,1,4,last-night,0.1833,8.218,300,6,6,49,4,31,300,390,198,258,102,132,0,0,805,251,0,0,0,0,0,0,0,0.02,8.1667,7.75,1.3,1.303,1.2941,,0.3118,,,
stored-night,5,smoke-screen+hollow-ground,w+h0l-,planner,300,190,0.6333,8.31,0.8789,66,0,0.99,2.233,52.327,2.54,1.32,1.01,0.257,0.687,0.293,1.813,1.633,0.19,1.763,0,0.82,0,0.17,0,0.02,0,2.753,0,0,0,0,0,,,,,,,,,,,,,1.153,county-alert,1,1,overhaul-warning,1,4,last-night,0.1533,8.022,300,6,6,47,5,40,300,1015,190,218,110,797,0,0,826,206,0,0,0,0,0,0,0,0.02,7.8333,8,3.3833,1.1474,7.2455,,0.2494,,,
stored-night,5,smoke-screen+hollow-ground,w+h0l-,forecast-aware,300,94,0.3133,8.787,0.9243,43.18,0,1.143,2.52,63.16,2.047,1.167,2.447,0,1,0.9,1.627,1.31,0.383,2.26,0,0.807,0.043,0.293,0,0.017,0,3.24,0,0,0,0,0,,,,,,,,,,,,,1.28,county-alert,1,1,overhaul-warning,1,4,last-night,0.28,8.798,300,5,5,45,0,0,300,496,94,112,206,384,0,0,972,300,0,0,0,0,0,0,0,0.0167,9,,1.6533,1.1915,1.8641,,0.3086,,,
stored-night,5,smoke-screen+hollow-ground,w+h0l-,planner-one-mistake,300,91,0.3033,8.863,0.9499,63.66,0,0.633,2.627,64.007,2.993,12.263,0.997,0.31,0.957,0.007,1.947,1.747,0.213,1.4,0,0.48,0,0.153,0,0.003,0,3.43,0,0,0,0,0,190,300,190,57,0,90,210,0.3,1,11.8267,1,0,1.09,county-alert,1,1,overhaul-warning,1,4,last-night,0.09,9,300,1,1,9,1,9,300,1666,91,97,209,1569,0,0,1029,287,0,0,0,0,0,0,0,0.0033,9,9,5.5533,1.0659,7.5072,,0.2789,,,
stored-night,5,smoke-screen+hollow-ground,w+h0l0,random,300,0,0,9,,84.12,0,0.043,3.737,67.757,2.85,19.133,0.437,1.283,0.263,0.15,0.913,0.693,0.313,1.09,0,0.023,0,0.02,0,0.027,0,3.98,0,0,0,0,0,,,,,,,,,,,,,1.02,county-alert,1,1,overhaul-warning,1,4,last-night,0.02,9,300,8,8,69,0,0,300,1955,0,0,300,1955,0,0,1194,79,0,0,0,0,0,0,0,0.0267,8.625,,6.5167,,6.5167,,0.0662,,,
stored-night,5,smoke-screen+hollow-ground,w+h0l0,single-water,300,0,0,9,,86.453,0,0,4,82.593,3,15.2,0,0,0,0,2,1.923,0.077,0,0,0,0,0,0,0,0,4,0,0,0,0,0,,,,,,,,,,,,,1,county-alert,1,1,overhaul-warning,1,4,last-night,0,,300,0,0,0,0,0,300,2126,0,0,300,2126,0,0,1200,0,0,0,0,0,0,0,0,0,,,7.0867,,7.0867,,0,,,
stored-night,5,smoke-screen+hollow-ground,w+h0l0,legacy-cycle,300,0,0,9,,76.687,0,0,4,84.84,3,33.863,0,0,0,0,0.583,0.153,0.43,2.257,0,0,0,0,0,0.953,0,4,0,0,0,0,0,,,,,,,,,,,,,1,county-alert,1,1,overhaul-warning,1,4,last-night,0,,300,286,286,2211,0,0,300,1649,0,0,300,1649,0,0,1200,0,0,0,0,0,0,0,0,0.9533,7.7308,,5.4967,,5.4967,,0,,,
stored-night,5,smoke-screen+hollow-ground,w+h0l0,greedy,300,203,0.6767,8.31,0.8867,44.577,0,1.107,2.02,47.273,2.697,1.1,1.033,0.273,0.82,0.17,1.65,1.45,0.203,1.75,0,0.92,0,0.187,0,0.02,0,2.66,0,0,0,0,0,,,,,,,,,,,,,1.18,county-alert,1,1,overhaul-warning,1,4,last-night,0.18,8.185,300,6,6,49,4,31,300,385,203,256,97,129,0,0,798,246,0,0,0,0,0,0,0,0.02,8.1667,7.75,1.2833,1.2611,1.3299,,0.3083,,,
stored-night,5,smoke-screen+hollow-ground,w+h0l0,planner,300,199,0.6633,8.273,0.8783,64.851,0,0.987,2.16,49.88,2.557,1.56,1.017,0.257,0.687,0.293,1.823,1.647,0.187,1.677,0,0.833,0,0.153,0,0.017,0,2.697,0,0,0,0,0,,,,,,,,,,,,,1.14,county-alert,1,1,overhaul-warning,1,4,last-night,0.14,8.048,300,5,5,39,5,39,300,958,199,223,101,735,0,0,809,206,0,0,0,0,0,0,0,0.0167,7.8,7.8,3.1933,1.1206,7.2772,,0.2546,,,
stored-night,5,smoke-screen+hollow-ground,w+h0l0,forecast-aware,300,97,0.3233,8.767,0.9198,42.33,0,1.157,2.5,62.547,2.043,1.25,2.443,0,0.99,0.9,1.627,1.31,0.387,2.233,0,0.82,0.047,0.29,0,0.02,0,3.217,0,0,0,0,0,,,,,,,,,,,,,1.28,county-alert,1,1,overhaul-warning,1,4,last-night,0.28,8.821,300,6,6,54,0,0,300,492,97,124,203,368,0,0,965,297,0,0,0,0,0,0,0,0.02,9,,1.64,1.2784,1.8128,,0.3078,,,
stored-night,5,smoke-screen+hollow-ground,w+h0l0,planner-one-mistake,300,99,0.33,8.83,0.9428,63.493,0,0.653,2.593,62.86,2.993,12.297,0.967,0.307,0.927,0.007,1.943,1.743,0.207,1.407,0,0.503,0,0.15,0,0.003,0,3.37,0,0,0,0,0,199,300,199,65,0,89,211,0.3266,1,12.0125,2,0,1.103,county-alert,1,1,overhaul-warning,1,4,last-night,0.1033,9,300,1,1,9,1,9,300,1623,99,106,201,1517,0,0,1011,278,0,0,0,0,0,0,0,0.0033,9,9,5.41,1.0707,7.5473,,0.275,,,
stored-night,5,smoke-screen+hollow-ground,w+h0l+,random,300,0,0,9,,84.093,0,0.043,3.737,67.787,2.85,19.14,0.437,1.283,0.263,0.15,0.913,0.693,0.313,1.09,0,0.023,0,0.02,0,0.027,0,3.98,0,0,0,0,0,,,,,,,,,,,,,1.02,county-alert,1,1,overhaul-warning,1,4,last-night,0.02,9,300,8,8,69,0,0,300,1955,0,0,300,1955,0,0,1194,79,0,0,0,0,0,0,0,0.0267,8.625,,6.5167,,6.5167,,0.0662,,,
stored-night,5,smoke-screen+hollow-ground,w+h0l+,single-water,300,0,0,9,,86.453,0,0,4,82.593,3,15.2,0,0,0,0,2,1.923,0.077,0,0,0,0,0,0,0,0,4,0,0,0,0,0,,,,,,,,,,,,,1,county-alert,1,1,overhaul-warning,1,4,last-night,0,,300,0,0,0,0,0,300,2126,0,0,300,2126,0,0,1200,0,0,0,0,0,0,0,0,0,,,7.0867,,7.0867,,0,,,
stored-night,5,smoke-screen+hollow-ground,w+h0l+,legacy-cycle,300,0,0,9,,76.687,0,0,4,84.84,3,33.863,0,0,0,0,0.583,0.153,0.43,2.257,0,0,0,0,0,0.953,0,4,0,0,0,0,0,,,,,,,,,,,,,1,county-alert,1,1,overhaul-warning,1,4,last-night,0,,300,286,286,2211,0,0,300,1649,0,0,300,1649,0,0,1200,0,0,0,0,0,0,0,0,0.9533,7.7308,,5.4967,,5.4967,,0,,,
stored-night,5,smoke-screen+hollow-ground,w+h0l+,greedy,300,203,0.6767,8.307,0.8862,44.536,0,1.107,2.02,47.273,2.697,1.1,1.033,0.273,0.82,0.17,1.65,1.45,0.203,1.75,0,0.92,0,0.187,0,0.02,0,2.66,0,0,0,0,0,,,,,,,,,,,,,1.18,county-alert,1,1,overhaul-warning,1,4,last-night,0.18,8.185,300,6,6,49,4,31,300,387,203,258,97,129,0,0,798,246,0,0,0,0,0,0,0,0.02,8.1667,7.75,1.29,1.2709,1.3299,,0.3083,,,
stored-night,5,smoke-screen+hollow-ground,w+h0l+,planner,300,199,0.6633,8.27,0.8777,64.99,0,0.987,2.16,49.88,2.557,1.56,1.017,0.257,0.687,0.293,1.823,1.643,0.19,1.677,0,0.833,0,0.153,0,0.017,0,2.697,0,0,0,0,0,,,,,,,,,,,,,1.14,county-alert,1,1,overhaul-warning,1,4,last-night,0.14,8.048,300,5,5,39,5,39,300,954,199,219,101,735,0,0,809,206,0,0,0,0,0,0,0,0.0167,7.8,7.8,3.18,1.1005,7.2772,,0.2546,,,
stored-night,5,smoke-screen+hollow-ground,w+h0l+,forecast-aware,300,96,0.32,8.767,0.919,42.686,0,1.17,2.507,62.867,2.043,1.353,2.447,0,0.987,0.9,1.623,1.307,0.393,2.237,0,0.823,0.047,0.3,0,0.02,0,3.21,0,0,0,0,0,,,,,,,,,,,,,1.297,county-alert,1,1,overhaul-warning,1,4,last-night,0.2967,8.831,300,6,6,54,0,0,300,494,96,124,204,370,0,0,963,296,0,0,0,0,0,0,0,0.02,9,,1.6467,1.2917,1.8137,,0.3074,,,
stored-night,5,smoke-screen+hollow-ground,w+h0l+,planner-one-mistake,300,100,0.3333,8.83,0.9433,63.4,0,0.653,2.59,62.7,2.993,12.297,0.967,0.307,0.927,0.007,1.943,1.743,0.207,1.407,0,0.507,0,0.147,0,0.003,0,3.37,0,0,0,0,0,199,300,199,65,0,89,211,0.3266,1,12.0125,2,0,1.103,county-alert,1,1,overhaul-warning,1,4,last-night,0.1033,9,300,1,1,9,1,9,300,1618,100,107,200,1511,0,0,1011,278,0,0,0,0,0,0,0,0.0033,9,9,5.3933,1.07,7.555,,0.275,,,
stored-night,5,smoke-screen+hollow-ground,w+h+l-,random,300,0,0,9,,84.247,0,0.037,3.737,67.41,2.85,19.083,0.437,1.283,0.263,0.15,0.913,0.693,0.313,1.09,0,0.02,0,0.017,0,0.027,0,3.983,0,0,0,0,0,,,,,,,,,,,,,1.017,county-alert,1,1,overhaul-warning,1,4,last-night,0.0167,9,300,8,8,69,0,0,300,1955,0,0,300,1955,0,0,1195,79,0,0,0,0,0,0,0,0.0267,8.625,,6.5167,,6.5167,,0.0661,,,
stored-night,5,smoke-screen+hollow-ground,w+h+l-,single-water,300,0,0,9,,86.453,0,0,4,82.593,3,15.2,0,0,0,0,2,1.923,0.077,0,0,0,0,0,0,0,0,4,0,0,0,0,0,,,,,,,,,,,,,1,county-alert,1,1,overhaul-warning,1,4,last-night,0,,300,0,0,0,0,0,300,2126,0,0,300,2126,0,0,1200,0,0,0,0,0,0,0,0,0,,,7.0867,,7.0867,,0,,,
stored-night,5,smoke-screen+hollow-ground,w+h+l-,legacy-cycle,300,0,0,9,,76.69,0,0,4,84.837,3,33.86,0,0,0,0,0.583,0.153,0.43,2.257,0,0,0,0,0,0.953,0,4,0,0,0,0,0,,,,,,,,,,,,,1,county-alert,1,1,overhaul-warning,1,4,last-night,0,,300,286,286,2211,0,0,300,1649,0,0,300,1649,0,0,1200,0,0,0,0,0,0,0,0,0.9533,7.7308,,5.4967,,5.4967,,0,,,
stored-night,5,smoke-screen+hollow-ground,w+h+l-,greedy,300,198,0.66,8.327,0.8866,45.049,0,1.107,2.037,47.853,2.7,1.03,1.057,0.27,0.837,0.173,1.627,1.463,0.167,1.827,0,0.913,0,0.193,0,0.02,0,2.683,0,0,0,0,0,,,,,,,,,,,,,1.183,county-alert,1,1,overhaul-warning,1,4,last-night,0.1833,8.218,300,6,6,49,4,31,300,390,198,258,102,132,0,0,805,251,0,0,0,0,0,0,0,0.02,8.1667,7.75,1.3,1.303,1.2941,,0.3118,,,
stored-night,5,smoke-screen+hollow-ground,w+h+l-,planner,300,190,0.6333,8.31,0.8789,65.955,0,0.99,2.233,52.327,2.54,1.32,1.013,0.257,0.687,0.293,1.813,1.633,0.19,1.763,0,0.82,0,0.17,0,0.02,0,2.753,0,0,0,0,0,,,,,,,,,,,,,1.153,county-alert,1,1,overhaul-warning,1,4,last-night,0.1533,8.022,300,6,6,47,5,40,300,1014,190,217,110,797,0,0,826,206,0,0,0,0,0,0,0,0.02,7.8333,8,3.38,1.1421,7.2455,,0.2494,,,
stored-night,5,smoke-screen+hollow-ground,w+h+l-,forecast-aware,300,94,0.3133,8.787,0.9243,43.112,0,1.147,2.52,63.16,2.047,1.167,2.447,0,1,0.9,1.627,1.31,0.383,2.26,0,0.81,0.043,0.293,0,0.017,0,3.24,0,0,0,0,0,,,,,,,,,,,,,1.28,county-alert,1,1,overhaul-warning,1,4,last-night,0.28,8.798,300,5,5,45,0,0,300,496,94,112,206,384,0,0,972,300,0,0,0,0,0,0,0,0.0167,9,,1.6533,1.1915,1.8641,,0.3086,,,
stored-night,5,smoke-screen+hollow-ground,w+h+l-,planner-one-mistake,300,91,0.3033,8.863,0.9499,63.646,0,0.633,2.627,64.007,2.993,12.263,0.997,0.31,0.957,0.007,1.947,1.747,0.213,1.4,0,0.48,0,0.153,0,0.003,0,3.43,0,0,0,0,0,190,300,190,57,0,90,210,0.3,1,11.8267,1,0,1.09,county-alert,1,1,overhaul-warning,1,4,last-night,0.09,9,300,1,1,9,1,9,300,1666,91,97,209,1569,0,0,1029,287,0,0,0,0,0,0,0,0.0033,9,9,5.5533,1.0659,7.5072,,0.2789,,,
stored-night,5,smoke-screen+hollow-ground,w+h+l0,random,300,0,0,9,,84.113,0,0.043,3.737,67.77,2.85,19.137,0.437,1.283,0.263,0.15,0.913,0.693,0.313,1.09,0,0.023,0,0.02,0,0.027,0,3.98,0,0,0,0,0,,,,,,,,,,,,,1.02,county-alert,1,1,overhaul-warning,1,4,last-night,0.02,9,300,8,8,69,0,0,300,1955,0,0,300,1955,0,0,1194,79,0,0,0,0,0,0,0,0.0267,8.625,,6.5167,,6.5167,,0.0662,,,
stored-night,5,smoke-screen+hollow-ground,w+h+l0,single-water,300,0,0,9,,86.453,0,0,4,82.593,3,15.2,0,0,0,0,2,1.923,0.077,0,0,0,0,0,0,0,0,4,0,0,0,0,0,,,,,,,,,,,,,1,county-alert,1,1,overhaul-warning,1,4,last-night,0,,300,0,0,0,0,0,300,2126,0,0,300,2126,0,0,1200,0,0,0,0,0,0,0,0,0,,,7.0867,,7.0867,,0,,,
stored-night,5,smoke-screen+hollow-ground,w+h+l0,legacy-cycle,300,0,0,9,,76.687,0,0,4,84.84,3,33.863,0,0,0,0,0.583,0.153,0.43,2.257,0,0,0,0,0,0.953,0,4,0,0,0,0,0,,,,,,,,,,,,,1,county-alert,1,1,overhaul-warning,1,4,last-night,0,,300,286,286,2211,0,0,300,1649,0,0,300,1649,0,0,1200,0,0,0,0,0,0,0,0,0.9533,7.7308,,5.4967,,5.4967,,0,,,
stored-night,5,smoke-screen+hollow-ground,w+h+l0,greedy,300,203,0.6767,8.31,0.8867,44.608,0,1.11,2.02,47.273,2.697,1.1,1.033,0.273,0.82,0.17,1.65,1.45,0.203,1.747,0,0.923,0,0.187,0,0.02,0,2.66,0,0,0,0,0,,,,,,,,,,,,,1.18,county-alert,1,1,overhaul-warning,1,4,last-night,0.18,8.185,300,6,6,49,4,31,300,385,203,256,97,129,0,0,798,246,0,0,0,0,0,0,0,0.02,8.1667,7.75,1.2833,1.2611,1.3299,,0.3083,,,
stored-night,5,smoke-screen+hollow-ground,w+h+l0,planner,300,199,0.6633,8.273,0.8783,64.802,0,0.987,2.16,49.88,2.557,1.56,1.02,0.257,0.687,0.293,1.823,1.647,0.187,1.677,0,0.833,0,0.153,0,0.017,0,2.697,0,0,0,0,0,,,,,,,,,,,,,1.14,county-alert,1,1,overhaul-warning,1,4,last-night,0.14,8.048,300,5,5,39,5,39,300,957,199,222,101,735,0,0,809,206,0,0,0,0,0,0,0,0.0167,7.8,7.8,3.19,1.1156,7.2772,,0.2546,,,
stored-night,5,smoke-screen+hollow-ground,w+h+l0,forecast-aware,300,97,0.3233,8.767,0.9198,42.473,0,1.16,2.5,62.587,2.043,1.28,2.447,0,0.99,0.9,1.623,1.307,0.387,2.233,0,0.82,0.047,0.293,0,0.02,0,3.213,0,0,0,0,0,,,,,,,,,,,,,1.283,county-alert,1,1,overhaul-warning,1,4,last-night,0.2833,8.824,300,6,6,54,0,0,300,494,97,124,203,370,0,0,964,297,0,0,0,0,0,0,0,0.02,9,,1.6467,1.2784,1.8227,,0.3081,,,
stored-night,5,smoke-screen+hollow-ground,w+h+l0,planner-one-mistake,300,99,0.33,8.83,0.9428,63.478,0,0.653,2.593,62.86,2.993,12.297,0.967,0.307,0.927,0.007,1.943,1.743,0.207,1.407,0,0.503,0,0.15,0,0.003,0,3.37,0,0,0,0,0,199,300,199,65,0,89,211,0.3266,1,12.0125,2,0,1.103,county-alert,1,1,overhaul-warning,1,4,last-night,0.1033,9,300,1,1,9,1,9,300,1623,99,106,201,1517,0,0,1011,278,0,0,0,0,0,0,0,0.0033,9,9,5.41,1.0707,7.5473,,0.275,,,
stored-night,5,smoke-screen+hollow-ground,w+h+l+,random,300,0,0,9,,84.093,0,0.043,3.737,67.8,2.85,19.143,0.437,1.283,0.263,0.15,0.913,0.693,0.313,1.09,0,0.023,0,0.02,0,0.027,0,3.98,0,0,0,0,0,,,,,,,,,,,,,1.02,county-alert,1,1,overhaul-warning,1,4,last-night,0.02,9,300,8,8,69,0,0,300,1955,0,0,300,1955,0,0,1194,79,0,0,0,0,0,0,0,0.0267,8.625,,6.5167,,6.5167,,0.0662,,,
stored-night,5,smoke-screen+hollow-ground,w+h+l+,single-water,300,0,0,9,,86.453,0,0,4,82.593,3,15.2,0,0,0,0,2,1.923,0.077,0,0,0,0,0,0,0,0,4,0,0,0,0,0,,,,,,,,,,,,,1,county-alert,1,1,overhaul-warning,1,4,last-night,0,,300,0,0,0,0,0,300,2126,0,0,300,2126,0,0,1200,0,0,0,0,0,0,0,0,0,,,7.0867,,7.0867,,0,,,
stored-night,5,smoke-screen+hollow-ground,w+h+l+,legacy-cycle,300,0,0,9,,76.667,0,0,4,84.84,3,33.863,0,0,0,0,0.583,0.153,0.43,2.257,0,0,0,0,0,0.953,0,4,0,0,0,0,0,,,,,,,,,,,,,1,county-alert,1,1,overhaul-warning,1,4,last-night,0,,300,286,286,2211,0,0,300,1649,0,0,300,1649,0,0,1200,0,0,0,0,0,0,0,0,0.9533,7.7308,,5.4967,,5.4967,,0,,,
stored-night,5,smoke-screen+hollow-ground,w+h+l+,greedy,300,203,0.6767,8.307,0.8862,44.567,0,1.11,2.02,47.273,2.697,1.1,1.033,0.273,0.82,0.17,1.65,1.45,0.203,1.747,0,0.923,0,0.187,0,0.02,0,2.66,0,0,0,0,0,,,,,,,,,,,,,1.18,county-alert,1,1,overhaul-warning,1,4,last-night,0.18,8.185,300,6,6,49,4,31,300,387,203,258,97,129,0,0,798,246,0,0,0,0,0,0,0,0.02,8.1667,7.75,1.29,1.2709,1.3299,,0.3083,,,
stored-night,5,smoke-screen+hollow-ground,w+h+l+,planner,300,199,0.6633,8.27,0.8777,64.941,0,0.987,2.16,49.88,2.557,1.56,1.02,0.257,0.687,0.293,1.823,1.643,0.19,1.677,0,0.833,0,0.153,0,0.017,0,2.697,0,0,0,0,0,,,,,,,,,,,,,1.14,county-alert,1,1,overhaul-warning,1,4,last-night,0.14,8.048,300,5,5,39,5,39,300,953,199,218,101,735,0,0,809,206,0,0,0,0,0,0,0,0.0167,7.8,7.8,3.1767,1.0955,7.2772,,0.2546,,,
stored-night,5,smoke-screen+hollow-ground,w+h+l+,forecast-aware,300,96,0.32,8.767,0.919,42.618,0,1.17,2.507,62.867,2.043,1.353,2.447,0,0.987,0.9,1.623,1.307,0.393,2.237,0,0.823,0.047,0.3,0,0.02,0,3.21,0,0,0,0,0,,,,,,,,,,,,,1.297,county-alert,1,1,overhaul-warning,1,4,last-night,0.2967,8.831,300,6,6,54,0,0,300,494,96,124,204,370,0,0,963,296,0,0,0,0,0,0,0,0.02,9,,1.6467,1.2917,1.8137,,0.3074,,,
stored-night,5,smoke-screen+hollow-ground,w+h+l+,planner-one-mistake,300,100,0.3333,8.83,0.9433,63.385,0,0.653,2.59,62.7,2.993,12.297,0.967,0.307,0.927,0.007,1.943,1.743,0.207,1.407,0,0.507,0,0.147,0,0.003,0,3.37,0,0,0,0,0,199,300,199,65,0,89,211,0.3266,1,12.0125,2,0,1.103,county-alert,1,1,overhaul-warning,1,4,last-night,0.1033,9,300,1,1,9,1,9,300,1618,100,107,200,1511,0,0,1011,278,0,0,0,0,0,0,0,0.0033,9,9,5.3933,1.07,7.555,,0.275,,,
stored-night,5,smoke-screen+sluice-jam,w-h-l-,random,300,0,0,9,,84.37,0,0.017,3.697,61.437,2.79,17.93,0.577,1.583,0.307,0.207,0.853,0.647,0.317,0.993,0,0.01,0,0.007,0,0.003,0,3.997,0,0,0,0,0,,,,,,,,,,,,,1.003,county-alert,1,1,overhaul-warning,1,4,last-night,0.0033,7,300,1,1,9,0,0,300,1946,0,0,300,1946,0,0,1199,92,0,0,0,0,0,0,0,0.0033,9,,6.4867,,6.4867,,0.0767,,,
stored-night,5,smoke-screen+sluice-jam,w-h-l-,single-water,300,0,0,9,,86.69,0,0,4,74.087,3,12.463,0,0,0,0,1.997,1.697,0.3,0,0,0,0,0,0,0,0,4,0,0,0,0,0,,,,,,,,,,,,,1,county-alert,1,1,overhaul-warning,1,4,last-night,0,,300,0,0,0,0,0,300,2193,0,0,300,2193,0,0,1200,0,0,0,0,0,0,0,0,0,,,7.31,,7.31,,0,,,
stored-night,5,smoke-screen+sluice-jam,w-h-l-,legacy-cycle,300,0,0,9,,79.797,0,0,4,87.283,3,33.687,0,0,0,0,0.843,0.31,0.533,2.407,0,0,0,0,0,0.967,0,4,0,0,0,0,0,,,,,,,,,,,,,1,county-alert,1,1,overhaul-warning,1,4,last-night,0,,300,290,290,2140,0,0,300,1756,0,0,300,1756,0,0,1200,0,0,0,0,0,0,0,0,0.9667,7.3793,,5.8533,,5.8533,,0,,,
stored-night,5,smoke-screen+sluice-jam,w-h-l-,greedy,300,183,0.61,8.33,0.878,42.222,0,1.183,2.007,48.107,2.817,0.793,1.08,0.247,0.917,0.067,1.753,1.52,0.227,1.677,0,0.947,0,0.237,0,0.037,0,2.69,0,0,0,0,0,,,,,,,,,,,,,1.217,county-alert,1,1,overhaul-warning,1,4,last-night,0.2167,8.569,300,11,11,86,8,61,300,407,183,214,117,193,0,0,807,275,0,0,0,0,0,0,0,0.0367,7.8182,7.625,1.3567,1.1694,1.6496,,0.3408,,,
stored-night,5,smoke-screen+sluice-jam,w-h-l-,planner,300,215,0.7167,8.203,0.8765,60.929,0,1.06,2.02,45.72,2.723,0.573,1.003,0.173,0.7,0.14,1.807,1.657,0.157,1.89,0,0.89,0.01,0.16,0,0.03,0,2.577,0,0,0,0,0,,,,,,,,,,,,,1.167,county-alert,1,1,overhaul-warning,1,4,last-night,0.1667,8.28,300,9,9,74,8,67,300,876,215,241,85,635,0,0,773,210,0,0,0,0,0,0,0,0.03,8.2222,8.375,2.92,1.1209,7.4706,,0.2717,,,
stored-night,5,smoke-screen+sluice-jam,w-h-l-,forecast-aware,300,49,0.1633,8.903,0.9342,42.47,0,1.293,2.597,66.667,2.04,1.067,3.067,0,1.133,0.917,1.687,1.407,0.36,2.757,0,0.847,0.07,0.377,0,0.02,0,3.367,0,0,0,0,0,,,,,,,,,,,,,1.35,county-alert,1,1,overhaul-warning,1,4,last-night,0.35,8.819,300,6,6,54,3,27,300,566,49,59,251,507,0,0,1010,340,0,0,0,0,0,0,0,0.02,9,9,1.8867,1.2041,2.0199,,0.3366,,,
stored-night,5,smoke-screen+sluice-jam,w-h-l-,planner-one-mistake,300,84,0.28,8.867,0.9471,60.718,0,0.743,2.51,60.947,3,12.9,1.19,0.283,1.093,0,2.02,1.767,0.267,1.36,0,0.547,0,0.197,0,0.013,0,3.407,0,0,0,0,0,215,300,215,65,0,48,252,0.3023,1,13.0075,3,0,1.13,county-alert,1,1,overhaul-warning,1,4,last-night,0.13,9,300,4,4,30,1,8,300,1699,84,84,216,1615,0,0,1022,328,0,0,0,0,0,0,0,0.0133,7.5,8,5.6633,1,7.4769,,0.3209,,,
stored-night,5,smoke-screen+sluice-jam,w-h-l0,random,300,0,0,9,,84.237,0,0.017,3.697,61.59,2.79,17.973,0.577,1.583,0.307,0.207,0.853,0.647,0.317,0.993,0,0.01,0,0.007,0,0.003,0,3.997,0,0,0,0,0,,,,,,,,,,,,,1.003,county-alert,1,1,overhaul-warning,1,4,last-night,0.0033,7,300,1,1,9,0,0,300,1946,0,0,300,1946,0,0,1199,92,0,0,0,0,0,0,0,0.0033,9,,6.4867,,6.4867,,0.0767,,,
stored-night,5,smoke-screen+sluice-jam,w-h-l0,single-water,300,0,0,9,,86.69,0,0,4,74.087,3,12.463,0,0,0,0,1.997,1.697,0.3,0,0,0,0,0,0,0,0,4,0,0,0,0,0,,,,,,,,,,,,,1,county-alert,1,1,overhaul-warning,1,4,last-night,0,,300,0,0,0,0,0,300,2193,0,0,300,2193,0,0,1200,0,0,0,0,0,0,0,0,0,,,7.31,,7.31,,0,,,
stored-night,5,smoke-screen+sluice-jam,w-h-l0,legacy-cycle,300,0,0,9,,79.653,0,0,4,87.303,3,33.69,0,0,0,0,0.843,0.31,0.533,2.407,0,0,0,0,0,0.967,0,4,0,0,0,0,0,,,,,,,,,,,,,1,county-alert,1,1,overhaul-warning,1,4,last-night,0,,300,290,290,2140,0,0,300,1756,0,0,300,1756,0,0,1200,0,0,0,0,0,0,0,0,0.9667,7.3793,,5.8533,,5.8533,,0,,,
stored-night,5,smoke-screen+sluice-jam,w-h-l0,greedy,300,192,0.64,8.297,0.8779,41.537,0,1.177,1.953,46.3,2.837,0.87,1.05,0.267,0.883,0.067,1.743,1.497,0.24,1.557,0,0.957,0,0.22,0,0.043,0,2.623,0,0,0,0,0,,,,,,,,,,,,,1.2,county-alert,1,1,overhaul-warning,1,4,last-night,0.2,8.7,300,13,13,105,9,71,300,398,192,221,108,177,0,0,787,265,0,0,0,0,0,0,0,0.0433,8.0769,7.8889,1.3267,1.151,1.6389,,0.3367,,,
stored-night,5,smoke-screen+sluice-jam,w-h-l0,planner,300,215,0.7167,8.197,0.8755,60.259,0,1.043,2.023,45.613,2.72,0.493,0.983,0.163,0.7,0.14,1.827,1.667,0.167,1.71,0,0.883,0.01,0.15,0,0.02,0,2.59,0,0,0,0,0,,,,,,,,,,,,,1.157,county-alert,1,1,overhaul-warning,1,4,last-night,0.1567,8.234,300,6,6,50,5,43,300,889,215,257,85,632,0,0,777,210,0,0,0,0,0,0,0,0.02,8.3333,8.6,2.9633,1.1953,7.4353,,0.2703,,,
stored-night,5,smoke-screen+sluice-jam,w-h-l0,forecast-aware,300,54,0.18,8.897,0.9362,42.427,0,1.317,2.58,66.293,2.037,1.1,3.06,0,1.127,0.917,1.687,1.403,0.357,2.753,0,0.86,0.073,0.383,0,0.02,0,3.347,0,0,0,0,0,,,,,,,,,,,,,1.363,county-alert,1,1,overhaul-warning,1,4,last-night,0.3633,8.826,300,6,6,54,3,27,300,568,54,63,246,505,0,0,1004,338,0,0,0,0,0,0,0,0.02,9,9,1.8933,1.1667,2.0528,,0.3367,,,
stored-night,5,smoke-screen+sluice-jam,w-h-l0,planner-one-mistake,300,84,0.28,8.85,0.9405,60.505,0,0.767,2.503,60.907,3,13.08,1.197,0.277,1.09,0,1.997,1.747,0.257,1.37,0,0.56,0,0.207,0,0.013,0,3.387,0,0,0,0,0,215,300,215,65,0,48,252,0.3023,1,13.1742,3,0,1.137,county-alert,1,1,overhaul-warning,1,4,last-night,0.1367,9,300,4,4,29,0,0,300,1706,84,87,216,1619,0,0,1016,327,0,0,0,0,0,0,0,0.0133,7.25,,5.6867,1.0357,7.4954,,0.3219,,,
stored-night,5,smoke-screen+sluice-jam,w-h-l+,random,300,0,0,9,,84.22,0,0.017,3.697,61.593,2.79,17.987,0.577,1.583,0.307,0.207,0.853,0.647,0.317,0.993,0,0.01,0,0.007,0,0.003,0,3.997,0,0,0,0,0,,,,,,,,,,,,,1.003,county-alert,1,1,overhaul-warning,1,4,last-night,0.0033,7,300,1,1,9,0,0,300,1946,0,0,300,1946,0,0,1199,92,0,0,0,0,0,0,0,0.0033,9,,6.4867,,6.4867,,0.0767,,,
stored-night,5,smoke-screen+sluice-jam,w-h-l+,single-water,300,0,0,9,,86.69,0,0,4,74.087,3,12.463,0,0,0,0,1.997,1.697,0.3,0,0,0,0,0,0,0,0,4,0,0,0,0,0,,,,,,,,,,,,,1,county-alert,1,1,overhaul-warning,1,4,last-night,0,,300,0,0,0,0,0,300,2193,0,0,300,2193,0,0,1200,0,0,0,0,0,0,0,0,0,,,7.31,,7.31,,0,,,
stored-night,5,smoke-screen+sluice-jam,w-h-l+,legacy-cycle,300,0,0,9,,79.653,0,0,4,87.303,3,33.69,0,0,0,0,0.843,0.31,0.533,2.407,0,0,0,0,0,0.967,0,4,0,0,0,0,0,,,,,,,,,,,,,1,county-alert,1,1,overhaul-warning,1,4,last-night,0,,300,290,290,2140,0,0,300,1756,0,0,300,1756,0,0,1200,0,0,0,0,0,0,0,0,0.9667,7.3793,,5.8533,,5.8533,,0,,,
stored-night,5,smoke-screen+sluice-jam,w-h-l+,greedy,300,193,0.6433,8.283,0.8762,41.439,0,1.173,1.947,46.06,2.837,0.87,1.047,0.263,0.88,0.067,1.74,1.493,0.24,1.553,0,0.957,0,0.217,0,0.043,0,2.617,0,0,0,0,0,,,,,,,,,,,,,1.197,county-alert,1,1,overhaul-warning,1,4,last-night,0.1967,8.712,300,13,13,105,9,71,300,399,193,223,107,176,0,0,785,264,0,0,0,0,0,0,0,0.0433,8.0769,7.8889,1.33,1.1554,1.6449,,0.3363,,,
stored-night,5,smoke-screen+sluice-jam,w-h-l+,planner,300,214,0.7133,8.2,0.8754,60.523,0,1.047,2.03,45.893,2.717,0.493,0.983,0.163,0.7,0.14,1.827,1.667,0.167,1.713,0,0.883,0.01,0.153,0,0.02,0,2.593,0,0,0,0,0,,,,,,,,,,,,,1.16,county-alert,1,1,overhaul-warning,1,4,last-night,0.16,8.208,300,6,6,50,5,43,300,898,214,257,86,641,0,0,778,210,0,0,0,0,0,0,0,0.02,8.3333,8.6,2.9933,1.2009,7.4535,,0.2699,,,
stored-night,5,smoke-screen+sluice-jam,w-h-l+,forecast-aware,300,54,0.18,8.897,0.9362,42.354,0,1.317,2.58,66.293,2.037,1.1,3.06,0,1.127,0.917,1.687,1.403,0.357,2.753,0,0.86,0.073,0.383,0,0.02,0,3.347,0,0,0,0,0,,,,,,,,,,,,,1.363,county-alert,1,1,overhaul-warning,1,4,last-night,0.3633,8.826,300,6,6,54,3,27,300,568,54,63,246,505,0,0,1004,338,0,0,0,0,0,0,0,0.02,9,9,1.8933,1.1667,2.0528,,0.3367,,,
stored-night,5,smoke-screen+sluice-jam,w-h-l+,planner-one-mistake,300,84,0.28,8.85,0.9405,60.486,0,0.777,2.503,60.96,3,13.08,1.197,0.277,1.09,0,1.997,1.747,0.257,1.37,0,0.567,0,0.21,0,0.013,0,3.383,0,0,0,0,0,214,300,214,65,0,48,252,0.3037,1,13.1742,3,0,1.137,county-alert,1,1,overhaul-warning,1,4,last-night,0.1367,9,300,4,4,29,0,0,300,1706,84,87,216,1619,0,0,1015,327,0,0,0,0,0,0,0,0.0133,7.25,,5.6867,1.0357,7.4954,,0.3222,,,
stored-night,5,smoke-screen+sluice-jam,w-h0l-,random,300,0,0,9,,84.25,0,0.017,3.697,61.713,2.79,17.997,0.577,1.583,0.307,0.207,0.853,0.647,0.317,0.993,0,0.01,0,0.007,0,0.003,0,3.997,0,0,0,0,0,,,,,,,,,,,,,1.003,county-alert,1,1,overhaul-warning,1,4,last-night,0.0033,7,300,1,1,9,0,0,300,1946,0,0,300,1946,0,0,1199,92,0,0,0,0,0,0,0,0.0033,9,,6.4867,,6.4867,,0.0767,,,
stored-night,5,smoke-screen+sluice-jam,w-h0l-,single-water,300,0,0,9,,86.69,0,0,4,74.087,3,12.463,0,0,0,0,1.997,1.697,0.3,0,0,0,0,0,0,0,0,4,0,0,0,0,0,,,,,,,,,,,,,1,county-alert,1,1,overhaul-warning,1,4,last-night,0,,300,0,0,0,0,0,300,2193,0,0,300,2193,0,0,1200,0,0,0,0,0,0,0,0,0,,,7.31,,7.31,,0,,,
stored-night,5,smoke-screen+sluice-jam,w-h0l-,legacy-cycle,300,0,0,9,,79.357,0,0,4,87.417,3,33.687,0,0,0,0,0.843,0.31,0.533,2.407,0,0,0,0,0,0.967,0,4,0,0,0,0,0,,,,,,,,,,,,,1,county-alert,1,1,overhaul-warning,1,4,last-night,0,,300,290,290,2140,0,0,300,1756,0,0,300,1756,0,0,1200,0,0,0,0,0,0,0,0,0.9667,7.3793,,5.8533,,5.8533,,0,,,
stored-night,5,smoke-screen+sluice-jam,w-h0l-,greedy,300,190,0.6333,8.31,0.8789,42.009,0,1.167,1.987,47.213,2.813,0.877,1.063,0.277,0.9,0.067,1.757,1.517,0.233,1.64,0,0.95,0,0.217,0,0.04,0,2.677,0,0,0,0,0,,,,,,,,,,,,,1.207,county-alert,1,1,overhaul-warning,1,4,last-night,0.2067,8.532,300,12,12,94,10,77,300,393,190,219,110,174,0,0,803,270,0,0,0,0,0,0,0,0.04,7.8333,7.7,1.31,1.1526,1.5818,,0.3362,,,
stored-night,5,smoke-screen+sluice-jam,w-h0l-,planner,300,221,0.7367,8.18,0.8763,62.089,0,1.067,1.997,45.093,2.72,0.573,0.99,0.167,0.697,0.14,1.803,1.64,0.167,1.883,0,0.903,0.007,0.157,0,0.027,0,2.55,0,0,0,0,0,,,,,,,,,,,,,1.16,county-alert,1,1,overhaul-warning,1,4,last-night,0.16,8.208,300,8,8,65,7,58,300,849,221,261,79,588,0,0,765,209,0,0,0,0,0,0,0,0.0267,8.125,8.2857,2.83,1.181,7.443,,0.2732,,,
stored-night,5,smoke-screen+sluice-jam,w-h0l-,forecast-aware,300,56,0.1867,8.89,0.9345,42.533,0,1.29,2.58,66.107,2.04,1.037,3.047,0,1.117,0.917,1.683,1.4,0.36,2.75,0,0.853,0.067,0.37,0,0.02,0,3.343,0,0,0,0,0,,,,,,,,,,,,,1.34,county-alert,1,1,overhaul-warning,1,4,last-night,0.34,8.814,300,6,6,54,3,27,300,568,56,74,244,494,0,0,1003,335,0,0,0,0,0,0,0,0.02,9,9,1.8933,1.3214,2.0246,,0.334,,,
stored-night,5,smoke-screen+sluice-jam,w-h0l-,planner-one-mistake,300,84,0.28,8.867,0.9471,60.37,0,0.753,2.51,61,3,12.847,1.19,0.293,1.093,0,2.013,1.767,0.26,1.347,0,0.553,0,0.2,0,0.013,0,3.403,0,0,0,0,0,221,300,221,65,0,48,252,0.2941,1,13.0742,3,0,1.13,county-alert,1,1,overhaul-warning,1,4,last-night,0.13,9,300,4,4,30,1,8,300,1699,84,83,216,1616,0,0,1021,328,0,0,0,0,0,0,0,0.0133,7.5,8,5.6633,0.9881,7.4815,,0.3213,,,
stored-night,5,smoke-screen+sluice-jam,w-h0l0,random,300,0,0,9,,84.117,0,0.017,3.697,61.867,2.79,18.04,0.577,1.583,0.307,0.207,0.853,0.647,0.317,0.993,0,0.01,0,0.007,0,0.003,0,3.997,0,0,0,0,0,,,,,,,,,,,,,1.003,county-alert,1,1,overhaul-warning,1,4,last-night,0.0033,7,300,1,1,9,0,0,300,1946,0,0,300,1946,0,0,1199,92,0,0,0,0,0,0,0,0.0033,9,,6.4867,,6.4867,,0.0767,,,
stored-night,5,smoke-screen+sluice-jam,w-h0l0,single-water,300,0,0,9,,86.69,0,0,4,74.087,3,12.463,0,0,0,0,1.997,1.697,0.3,0,0,0,0,0,0,0,0,4,0,0,0,0,0,,,,,,,,,,,,,1,county-alert,1,1,overhaul-warning,1,4,last-night,0,,300,0,0,0,0,0,300,2193,0,0,300,2193,0,0,1200,0,0,0,0,0,0,0,0,0,,,7.31,,7.31,,0,,,
stored-night,5,smoke-screen+sluice-jam,w-h0l0,legacy-cycle,300,0,0,9,,79.357,0,0,4,87.427,3,33.69,0,0,0,0,0.843,0.31,0.533,2.407,0,0,0,0,0,0.967,0,4,0,0,0,0,0,,,,,,,,,,,,,1,county-alert,1,1,overhaul-warning,1,4,last-night,0,,300,290,290,2140,0,0,300,1756,0,0,300,1756,0,0,1200,0,0,0,0,0,0,0,0,0.9667,7.3793,,5.8533,,5.8533,,0,,,
stored-night,5,smoke-screen+sluice-jam,w-h0l0,greedy,300,197,0.6567,8.28,0.8782,41.883,0,1.18,1.947,46.02,2.827,0.95,1.047,0.27,0.873,0.067,1.747,1.497,0.243,1.52,0,0.963,0,0.217,0,0.047,0,2.613,0,0,0,0,0,,,,,,,,,,,,,1.2,county-alert,1,1,overhaul-warning,1,4,last-night,0.2,8.65,300,14,14,113,11,87,300,383,197,218,103,165,0,0,784,262,0,0,0,0,0,0,0,0.0467,8.0714,7.9091,1.2767,1.1066,1.6019,,0.3342,,,
stored-night,5,smoke-screen+sluice-jam,w-h0l0,planner,300,220,0.7333,8.183,0.8763,61.488,0,1.053,2.007,45.227,2.717,0.573,0.973,0.16,0.697,0.14,1.823,1.65,0.177,1.703,0,0.897,0.007,0.15,0,0.023,0,2.567,0,0,0,0,0,,,,,,,,,,,,,1.153,county-alert,1,1,overhaul-warning,1,4,last-night,0.1533,8.174,300,7,7,57,6,50,300,860,220,269,80,591,0,0,770,209,0,0,0,0,0,0,0,0.0233,8.1429,8.3333,2.8667,1.2227,7.3875,,0.2714,,,
stored-night,5,smoke-screen+sluice-jam,w-h0l0,forecast-aware,300,64,0.2133,8.86,0.9271,42.5,0,1.307,2.53,64.773,2.037,1.07,3.05,0,1.113,0.917,1.667,1.387,0.35,2.743,0,0.867,0.07,0.37,0,0.02,0,3.3,0,0,0,0,0,,,,,,,,,,,,,1.343,county-alert,1,1,overhaul-warning,1,4,last-night,0.3433,8.854,300,6,6,54,3,27,300,572,64,80,236,492,0,0,990,334,0,0,0,0,0,0,0,0.02,9,9,1.9067,1.25,2.0847,,0.3374,,,
stored-night,5,smoke-screen+sluice-jam,w-h0l0,planner-one-mistake,300,90,0.3,8.85,0.9444,59.981,0,0.753,2.48,59.92,3,13.023,1.197,0.283,1.09,0,1.997,1.747,0.257,1.363,0,0.563,0,0.19,0,0.013,0,3.38,0,0,0,0,0,220,300,220,69,0,48,252,0.3136,1,13.2408,3,0,1.133,county-alert,1,1,overhaul-warning,1,4,last-night,0.1333,9,300,4,4,29,0,0,300,1673,90,99,210,1574,0,0,1014,327,0,0,0,0,0,0,0,0.0133,7.25,,5.5767,1.1,7.4952,,0.3225,,,
stored-night,5,smoke-screen+sluice-jam,w-h0l+,random,300,0,0,9,,84.1,0,0.017,3.697,61.87,2.79,18.053,0.577,1.583,0.307,0.207,0.853,0.647,0.317,0.993,0,0.01,0,0.007,0,0.003,0,3.997,0,0,0,0,0,,,,,,,,,,,,,1.003,county-alert,1,1,overhaul-warning,1,4,last-night,0.0033,7,300,1,1,9,0,0,300,1946,0,0,300,1946,0,0,1199,92,0,0,0,0,0,0,0,0.0033,9,,6.4867,,6.4867,,0.0767,,,
stored-night,5,smoke-screen+sluice-jam,w-h0l+,single-water,300,0,0,9,,86.69,0,0,4,74.087,3,12.463,0,0,0,0,1.997,1.697,0.3,0,0,0,0,0,0,0,0,4,0,0,0,0,0,,,,,,,,,,,,,1,county-alert,1,1,overhaul-warning,1,4,last-night,0,,300,0,0,0,0,0,300,2193,0,0,300,2193,0,0,1200,0,0,0,0,0,0,0,0,0,,,7.31,,7.31,,0,,,
stored-night,5,smoke-screen+sluice-jam,w-h0l+,legacy-cycle,300,0,0,9,,79.357,0,0,4,87.427,3,33.69,0,0,0,0,0.843,0.31,0.533,2.407,0,0,0,0,0,0.967,0,4,0,0,0,0,0,,,,,,,,,,,,,1,county-alert,1,1,overhaul-warning,1,4,last-night,0,,300,290,290,2140,0,0,300,1756,0,0,300,1756,0,0,1200,0,0,0,0,0,0,0,0,0.9667,7.3793,,5.8533,,5.8533,,0,,,
stored-night,5,smoke-screen+sluice-jam,w-h0l+,greedy,300,197,0.6567,8.277,0.8776,41.864,0,1.18,1.947,46.02,2.827,0.95,1.047,0.267,0.873,0.067,1.747,1.493,0.247,1.52,0,0.963,0,0.217,0,0.047,0,2.613,0,0,0,0,0,,,,,,,,,,,,,1.2,county-alert,1,1,overhaul-warning,1,4,last-night,0.2,8.65,300,14,14,113,11,87,300,386,197,221,103,165,0,0,784,262,0,0,0,0,0,0,0,0.0467,8.0714,7.9091,1.2867,1.1218,1.6019,,0.3342,,,
stored-night,5,smoke-screen+sluice-jam,w-h0l+,planner,300,220,0.7333,8.183,0.8763,61.45,0,1.053,2.007,45.227,2.717,0.573,0.97,0.16,0.693,0.14,1.823,1.65,0.177,1.703,0,0.897,0.007,0.15,0,0.023,0,2.563,0,0,0,0,0,,,,,,,,,,,,,1.153,county-alert,1,1,overhaul-warning,1,4,last-night,0.1533,8.174,300,7,7,57,6,50,300,861,220,270,80,591,0,0,769,208,0,0,0,0,0,0,0,0.0233,8.1429,8.3333,2.87,1.2273,7.3875,,0.2705,,,
stored-night,5,smoke-screen+sluice-jam,w-h0l+,forecast-aware,300,65,0.2167,8.857,0.9265,42.366,0,1.303,2.523,64.533,2.037,1.07,3.05,0,1.113,0.917,1.667,1.387,0.35,2.743,0,0.867,0.07,0.367,0,0.02,0,3.297,0,0,0,0,0,,,,,,,,,,,,,1.34,county-alert,1,1,overhaul-warning,1,4,last-night,0.34,8.853,300,6,6,54,3,27,300,571,65,81,235,490,0,0,989,334,0,0,0,0,0,0,0,0.02,9,9,1.9033,1.2462,2.0851,,0.3377,,,
stored-night,5,smoke-screen+sluice-jam,w-h0l+,planner-one-mistake,300,91,0.3033,8.85,0.9451,59.981,0,0.76,2.477,59.813,3,13.103,1.197,0.283,1.09,0,2,1.747,0.26,1.367,0,0.57,0,0.19,0,0.013,0,3.377,0,0,0,0,0,220,300,220,70,0,48,252,0.3182,1,13.2408,3,0,1.133,county-alert,1,1,overhaul-warning,1,4,last-night,0.1333,9,300,4,4,29,0,0,300,1665,91,101,209,1564,0,0,1013,327,0,0,0,0,0,0,0,0.0133,7.25,,5.55,1.1099,7.4833,,0.3228,,,
stored-night,5,smoke-screen+sluice-jam,w-h+l-,random,300,0,0,9,,84.243,0,0.017,3.697,61.723,2.79,17.997,0.577,1.583,0.307,0.207,0.853,0.647,0.317,0.993,0,0.01,0,0.007,0,0.003,0,3.997,0,0,0,0,0,,,,,,,,,,,,,1.003,county-alert,1,1,overhaul-warning,1,4,last-night,0.0033,7,300,1,1,9,0,0,300,1946,0,0,300,1946,0,0,1199,92,0,0,0,0,0,0,0,0.0033,9,,6.4867,,6.4867,,0.0767,,,
stored-night,5,smoke-screen+sluice-jam,w-h+l-,single-water,300,0,0,9,,86.69,0,0,4,74.087,3,12.463,0,0,0,0,1.997,1.697,0.3,0,0,0,0,0,0,0,0,4,0,0,0,0,0,,,,,,,,,,,,,1,county-alert,1,1,overhaul-warning,1,4,last-night,0,,300,0,0,0,0,0,300,2193,0,0,300,2193,0,0,1200,0,0,0,0,0,0,0,0,0,,,7.31,,7.31,,0,,,
stored-night,5,smoke-screen+sluice-jam,w-h+l-,legacy-cycle,300,0,0,9,,79.357,0,0,4,87.417,3,33.687,0,0,0,0,0.843,0.31,0.533,2.407,0,0,0,0,0,0.967,0,4,0,0,0,0,0,,,,,,,,,,,,,1,county-alert,1,1,overhaul-warning,1,4,last-night,0,,300,290,290,2140,0,0,300,1756,0,0,300,1756,0,0,1200,0,0,0,0,0,0,0,0,0.9667,7.3793,,5.8533,,5.8533,,0,,,
stored-night,5,smoke-screen+sluice-jam,w-h+l-,greedy,300,190,0.6333,8.31,0.8789,42,0,1.167,1.987,47.213,2.813,0.877,1.063,0.277,0.9,0.067,1.757,1.517,0.233,1.64,0,0.95,0,0.217,0,0.04,0,2.677,0,0,0,0,0,,,,,,,,,,,,,1.207,county-alert,1,1,overhaul-warning,1,4,last-night,0.2067,8.532,300,12,12,94,10,77,300,393,190,219,110,174,0,0,803,270,0,0,0,0,0,0,0,0.04,7.8333,7.7,1.31,1.1526,1.5818,,0.3362,,,
stored-night,5,smoke-screen+sluice-jam,w-h+l-,planner,300,221,0.7367,8.18,0.8763,62.089,0,1.067,1.997,45.093,2.72,0.573,0.99,0.167,0.697,0.14,1.803,1.64,0.167,1.883,0,0.903,0.007,0.157,0,0.027,0,2.55,0,0,0,0,0,,,,,,,,,,,,,1.16,county-alert,1,1,overhaul-warning,1,4,last-night,0.16,8.208,300,8,8,65,7,58,300,849,221,261,79,588,0,0,765,209,0,0,0,0,0,0,0,0.0267,8.125,8.2857,2.83,1.181,7.443,,0.2732,,,
stored-night,5,smoke-screen+sluice-jam,w-h+l-,forecast-aware,300,57,0.19,8.883,0.9318,42.42,0,1.29,2.577,65.867,2.04,1.03,3.037,0,1.107,0.917,1.68,1.393,0.36,2.753,0,0.857,0.07,0.363,0,0.02,0,3.337,0,0,0,0,0,,,,,,,,,,,,,1.34,county-alert,1,1,overhaul-warning,1,4,last-night,0.34,8.814,300,6,6,54,3,27,300,577,57,77,243,500,0,0,1001,332,0,0,0,0,0,0,0,0.02,9,9,1.9233,1.3509,2.0576,,0.3317,,,
stored-night,5,smoke-screen+sluice-jam,w-h+l-,planner-one-mistake,300,85,0.2833,8.867,0.9477,60.307,0,0.75,2.507,60.84,3,12.847,1.19,0.293,1.093,0,2.017,1.767,0.263,1.347,0,0.553,0,0.197,0,0.013,0,3.403,0,0,0,0,0,221,300,221,66,0,48,252,0.2986,1,13.0742,3,0,1.13,county-alert,1,1,overhaul-warning,1,4,last-night,0.13,9,300,4,4,30,1,8,300,1691,85,83,215,1608,0,0,1021,328,0,0,0,0,0,0,0,0.0133,7.5,8,5.6367,0.9765,7.4791,,0.3213,,,
stored-night,5,smoke-screen+sluice-jam,w-h+l0,random,300,0,0,9,,84.11,0,0.017,3.697,61.877,2.79,18.04,0.577,1.583,0.307,0.207,0.853,0.647,0.317,0.993,0,0.01,0,0.007,0,0.003,0,3.997,0,0,0,0,0,,,,,,,,,,,,,1.003,county-alert,1,1,overhaul-warning,1,4,last-night,0.0033,7,300,1,1,9,0,0,300,1946,0,0,300,1946,0,0,1199,92,0,0,0,0,0,0,0,0.0033,9,,6.4867,,6.4867,,0.0767,,,
stored-night,5,smoke-screen+sluice-jam,w-h+l0,single-water,300,0,0,9,,86.69,0,0,4,74.087,3,12.463,0,0,0,0,1.997,1.697,0.3,0,0,0,0,0,0,0,0,4,0,0,0,0,0,,,,,,,,,,,,,1,county-alert,1,1,overhaul-warning,1,4,last-night,0,,300,0,0,0,0,0,300,2193,0,0,300,2193,0,0,1200,0,0,0,0,0,0,0,0,0,,,7.31,,7.31,,0,,,
stored-night,5,smoke-screen+sluice-jam,w-h+l0,legacy-cycle,300,0,0,9,,79.357,0,0,4,87.427,3,33.69,0,0,0,0,0.843,0.31,0.533,2.407,0,0,0,0,0,0.967,0,4,0,0,0,0,0,,,,,,,,,,,,,1,county-alert,1,1,overhaul-warning,1,4,last-night,0,,300,290,290,2140,0,0,300,1756,0,0,300,1756,0,0,1200,0,0,0,0,0,0,0,0,0.9667,7.3793,,5.8533,,5.8533,,0,,,
stored-night,5,smoke-screen+sluice-jam,w-h+l0,greedy,300,197,0.6567,8.28,0.8782,41.874,0,1.18,1.947,46.02,2.827,0.95,1.047,0.27,0.873,0.067,1.747,1.497,0.243,1.52,0,0.963,0,0.217,0,0.047,0,2.613,0,0,0,0,0,,,,,,,,,,,,,1.2,county-alert,1,1,overhaul-warning,1,4,last-night,0.2,8.65,300,14,14,113,11,87,300,383,197,218,103,165,0,0,784,262,0,0,0,0,0,0,0,0.0467,8.0714,7.9091,1.2767,1.1066,1.6019,,0.3342,,,
stored-night,5,smoke-screen+sluice-jam,w-h+l0,planner,300,220,0.7333,8.183,0.8763,61.463,0,1.053,2.007,45.227,2.717,0.573,0.973,0.16,0.697,0.14,1.823,1.65,0.177,1.703,0,0.897,0.007,0.15,0,0.023,0,2.567,0,0,0,0,0,,,,,,,,,,,,,1.153,county-alert,1,1,overhaul-warning,1,4,last-night,0.1533,8.174,300,7,7,57,6,50,300,860,220,269,80,591,0,0,770,209,0,0,0,0,0,0,0,0.0233,8.1429,8.3333,2.8667,1.2227,7.3875,,0.2714,,,
stored-night,5,smoke-screen+sluice-jam,w-h+l0,forecast-aware,300,66,0.22,8.853,0.9259,42.355,0,1.3,2.52,64.373,2.037,1.07,3.047,0,1.11,0.917,1.663,1.383,0.35,2.743,0,0.867,0.07,0.363,0,0.02,0,3.293,0,0,0,0,0,,,,,,,,,,,,,1.337,county-alert,1,1,overhaul-warning,1,4,last-night,0.3367,8.851,300,6,6,54,3,27,300,574,66,84,234,490,0,0,988,333,0,0,0,0,0,0,0,0.02,9,9,1.9133,1.2727,2.094,,0.337,,,
stored-night,5,smoke-screen+sluice-jam,w-h+l0,planner-one-mistake,300,90,0.3,8.85,0.9444,59.967,0,0.753,2.48,59.92,3,13.023,1.197,0.283,1.09,0,1.997,1.747,0.257,1.363,0,0.563,0,0.19,0,0.013,0,3.38,0,0,0,0,0,220,300,220,69,0,48,252,0.3136,1,13.2408,3,0,1.133,county-alert,1,1,overhaul-warning,1,4,last-night,0.1333,9,300,4,4,29,0,0,300,1673,90,99,210,1574,0,0,1014,327,0,0,0,0,0,0,0,0.0133,7.25,,5.5767,1.1,7.4952,,0.3225,,,
stored-night,5,smoke-screen+sluice-jam,w-h+l+,random,300,0,0,9,,84.093,0,0.017,3.697,61.88,2.79,18.053,0.577,1.583,0.307,0.207,0.853,0.647,0.317,0.993,0,0.01,0,0.007,0,0.003,0,3.997,0,0,0,0,0,,,,,,,,,,,,,1.003,county-alert,1,1,overhaul-warning,1,4,last-night,0.0033,7,300,1,1,9,0,0,300,1946,0,0,300,1946,0,0,1199,92,0,0,0,0,0,0,0,0.0033,9,,6.4867,,6.4867,,0.0767,,,
stored-night,5,smoke-screen+sluice-jam,w-h+l+,single-water,300,0,0,9,,86.69,0,0,4,74.087,3,12.463,0,0,0,0,1.997,1.697,0.3,0,0,0,0,0,0,0,0,4,0,0,0,0,0,,,,,,,,,,,,,1,county-alert,1,1,overhaul-warning,1,4,last-night,0,,300,0,0,0,0,0,300,2193,0,0,300,2193,0,0,1200,0,0,0,0,0,0,0,0,0,,,7.31,,7.31,,0,,,
stored-night,5,smoke-screen+sluice-jam,w-h+l+,legacy-cycle,300,0,0,9,,79.357,0,0,4,87.427,3,33.69,0,0,0,0,0.843,0.31,0.533,2.407,0,0,0,0,0,0.967,0,4,0,0,0,0,0,,,,,,,,,,,,,1,county-alert,1,1,overhaul-warning,1,4,last-night,0,,300,290,290,2140,0,0,300,1756,0,0,300,1756,0,0,1200,0,0,0,0,0,0,0,0,0.9667,7.3793,,5.8533,,5.8533,,0,,,
stored-night,5,smoke-screen+sluice-jam,w-h+l+,greedy,300,198,0.66,8.277,0.8782,42.029,0,1.18,1.943,45.94,2.827,1.03,1.047,0.267,0.873,0.067,1.743,1.493,0.243,1.517,0,0.963,0,0.217,0,0.05,0,2.613,0,0,0,0,0,,,,,,,,,,,,,1.2,county-alert,1,1,overhaul-warning,1,4,last-night,0.2,8.65,300,15,15,120,12,96,300,385,198,222,102,163,0,0,784,262,0,0,0,0,0,0,0,0.05,8,8,1.2833,1.1212,1.598,,0.3342,,,
stored-night,5,smoke-screen+sluice-jam,w-h+l+,planner,300,220,0.7333,8.183,0.8763,61.425,0,1.053,2.007,45.227,2.717,0.573,0.97,0.16,0.693,0.14,1.823,1.65,0.177,1.703,0,0.897,0.007,0.15,0,0.023,0,2.563,0,0,0,0,0,,,,,,,,,,,,,1.153,county-alert,1,1,overhaul-warning,1,4,last-night,0.1533,8.174,300,7,7,57,6,50,300,861,220,270,80,591,0,0,769,208,0,0,0,0,0,0,0,0.0233,8.1429,8.3333,2.87,1.2273,7.3875,,0.2705,,,
stored-night,5,smoke-screen+sluice-jam,w-h+l+,forecast-aware,300,67,0.2233,8.85,0.9254,42.215,0,1.297,2.513,64.133,2.037,1.07,3.047,0,1.11,0.917,1.663,1.383,0.35,2.743,0,0.867,0.07,0.36,0,0.02,0,3.29,0,0,0,0,0,,,,,,,,,,,,,1.333,county-alert,1,1,overhaul-warning,1,4,last-night,0.3333,8.85,300,6,6,54,3,27,300,573,67,85,233,488,0,0,987,333,0,0,0,0,0,0,0,0.02,9,9,1.91,1.2687,2.0944,,0.3374,,,
stored-night,5,smoke-screen+sluice-jam,w-h+l+,planner-one-mistake,300,91,0.3033,8.85,0.9451,59.962,0,0.76,2.477,59.813,3,13.103,1.197,0.283,1.09,0,2,1.747,0.26,1.367,0,0.57,0,0.19,0,0.013,0,3.377,0,0,0,0,0,220,300,220,70,0,48,252,0.3182,1,13.2408,3,0,1.133,county-alert,1,1,overhaul-warning,1,4,last-night,0.1333,9,300,4,4,29,0,0,300,1665,91,101,209,1564,0,0,1013,327,0,0,0,0,0,0,0,0.0133,7.25,,5.55,1.1099,7.4833,,0.3228,,,
stored-night,5,smoke-screen+sluice-jam,w0h-l-,random,300,0,0,9,,84.247,0,0.017,3.697,61.663,2.79,17.93,0.577,1.583,0.307,0.207,0.853,0.647,0.317,0.993,0,0.01,0,0.007,0,0.003,0,3.997,0,0,0,0,0,,,,,,,,,,,,,1.003,county-alert,1,1,overhaul-warning,1,4,last-night,0.0033,7,300,1,1,9,0,0,300,1946,0,0,300,1946,0,0,1199,92,0,0,0,0,0,0,0,0.0033,9,,6.4867,,6.4867,,0.0767,,,
stored-night,5,smoke-screen+sluice-jam,w0h-l-,single-water,300,0,0,9,,86.583,0,0,4,74.867,3,12.463,0,0,0,0,1.997,1.697,0.3,0,0,0,0,0,0,0,0,4,0,0,0,0,0,,,,,,,,,,,,,1,county-alert,1,1,overhaul-warning,1,4,last-night,0,,300,0,0,0,0,0,300,2193,0,0,300,2193,0,0,1200,0,0,0,0,0,0,0,0,0,,,7.31,,7.31,,0,,,
stored-night,5,smoke-screen+sluice-jam,w0h-l-,legacy-cycle,300,0,0,9,,79.117,0,0,4,88.027,3,33.687,0,0,0,0,0.843,0.31,0.533,2.407,0,0,0,0,0,0.967,0,4,0,0,0,0,0,,,,,,,,,,,,,1,county-alert,1,1,overhaul-warning,1,4,last-night,0,,300,290,290,2140,0,0,300,1756,0,0,300,1756,0,0,1200,0,0,0,0,0,0,0,0,0.9667,7.3793,,5.8533,,5.8533,,0,,,
stored-night,5,smoke-screen+sluice-jam,w0h-l-,greedy,300,186,0.62,8.323,0.8787,42.263,0,1.183,1.99,47.587,2.817,0.873,1.083,0.237,0.917,0.067,1.75,1.517,0.227,1.65,0,0.95,0,0.233,0,0.04,0,2.677,0,0,0,0,0,,,,,,,,,,,,,1.213,county-alert,1,1,overhaul-warning,1,4,last-night,0.2133,8.563,300,12,12,93,9,68,300,412,186,219,114,193,0,0,803,275,0,0,0,0,0,0,0,0.04,7.75,7.5556,1.3733,1.1774,1.693,,0.3425,,,
stored-night,5,smoke-screen+sluice-jam,w0h-l-,planner,300,215,0.7167,8.2,0.876,60.6,0,1.063,2.02,45.733,2.723,0.653,1,0.167,0.697,0.14,1.803,1.657,0.153,1.89,0,0.893,0.01,0.16,0,0.03,0,2.573,0,0,0,0,0,,,,,,,,,,,,,1.163,county-alert,1,1,overhaul-warning,1,4,last-night,0.1633,8.265,300,9,9,73,8,66,300,878,215,242,85,636,0,0,772,209,0,0,0,0,0,0,0,0.03,8.1111,8.25,2.9267,1.1256,7.4824,,0.2707,,,
stored-night,5,smoke-screen+sluice-jam,w0h-l-,forecast-aware,300,51,0.17,8.9,0.9346,42.498,0,1.297,2.593,66.587,2.04,1.037,3.06,0,1.13,0.917,1.683,1.407,0.353,2.753,0,0.853,0.067,0.377,0,0.02,0,3.36,0,0,0,0,0,,,,,,,,,,,,,1.35,county-alert,1,1,overhaul-warning,1,4,last-night,0.35,8.819,300,6,6,54,3,27,300,574,51,64,249,510,0,0,1008,339,0,0,0,0,0,0,0,0.02,9,9,1.9133,1.2549,2.0482,,0.3363,,,
stored-night,5,smoke-screen+sluice-jam,w0h-l-,planner-one-mistake,300,84,0.28,8.867,0.9471,60.593,0,0.74,2.52,61.107,3,12.9,1.237,0.277,1.09,0,1.967,1.733,0.247,1.407,0,0.547,0,0.193,0,0.013,0,3.417,0,0,0,0,0,215,300,215,65,0,48,252,0.3023,1,13.0075,3,0,1.13,county-alert,1,1,overhaul-warning,1,4,last-night,0.13,9,300,4,4,30,1,8,300,1702,84,81,216,1621,0,0,1025,327,0,0,0,0,0,0,0,0.0133,7.5,8,5.6733,0.9643,7.5046,,0.319,,,
stored-night,5,smoke-screen+sluice-jam,w0h-l0,random,300,0,0,9,,84.113,0,0.017,3.697,61.817,2.79,17.973,0.577,1.583,0.307,0.207,0.853,0.647,0.317,0.993,0,0.01,0,0.007,0,0.003,0,3.997,0,0,0,0,0,,,,,,,,,,,,,1.003,county-alert,1,1,overhaul-warning,1,4,last-night,0.0033,7,300,1,1,9,0,0,300,1946,0,0,300,1946,0,0,1199,92,0,0,0,0,0,0,0,0.0033,9,,6.4867,,6.4867,,0.0767,,,
stored-night,5,smoke-screen+sluice-jam,w0h-l0,single-water,300,0,0,9,,86.583,0,0,4,74.867,3,12.463,0,0,0,0,1.997,1.697,0.3,0,0,0,0,0,0,0,0,4,0,0,0,0,0,,,,,,,,,,,,,1,county-alert,1,1,overhaul-warning,1,4,last-night,0,,300,0,0,0,0,0,300,2193,0,0,300,2193,0,0,1200,0,0,0,0,0,0,0,0,0,,,7.31,,7.31,,0,,,
stored-night,5,smoke-screen+sluice-jam,w0h-l0,legacy-cycle,300,0,0,9,,79.117,0,0,4,88.037,3,33.69,0,0,0,0,0.843,0.31,0.533,2.407,0,0,0,0,0,0.967,0,4,0,0,0,0,0,,,,,,,,,,,,,1,county-alert,1,1,overhaul-warning,1,4,last-night,0,,300,290,290,2140,0,0,300,1756,0,0,300,1756,0,0,1200,0,0,0,0,0,0,0,0,0.9667,7.3793,,5.8533,,5.8533,,0,,,
stored-night,5,smoke-screen+sluice-jam,w0h-l0,greedy,300,193,0.6433,8.293,0.878,41.514,0,1.18,1.95,46.22,2.837,0.95,1.06,0.25,0.883,0.067,1.743,1.5,0.237,1.537,0,0.96,0,0.22,0,0.047,0,2.62,0,0,0,0,0,,,,,,,,,,,,,1.2,county-alert,1,1,overhaul-warning,1,4,last-night,0.2,8.7,300,14,14,112,10,78,300,404,193,225,107,179,0,0,786,265,0,0,0,0,0,0,0,0.0467,8,7.8,1.3467,1.1658,1.6729,,0.3372,,,
stored-night,5,smoke-screen+sluice-jam,w0h-l0,planner,300,216,0.72,8.193,0.8755,59.845,0,1.043,2.017,45.373,2.72,0.493,0.983,0.157,0.7,0.14,1.827,1.667,0.167,1.707,0,0.887,0.01,0.147,0,0.02,0,2.587,0,0,0,0,0,,,,,,,,,,,,,1.153,county-alert,1,1,overhaul-warning,1,4,last-night,0.1533,8.217,300,6,6,50,5,43,300,885,216,259,84,626,0,0,776,210,0,0,0,0,0,0,0,0.02,8.3333,8.6,2.95,1.1991,7.4524,,0.2706,,,
stored-night,5,smoke-screen+sluice-jam,w0h-l0,forecast-aware,300,59,0.1967,8.887,0.936,42.216,0,1.307,2.56,65.493,2.037,1.1,3.057,0,1.12,0.917,1.683,1.403,0.353,2.757,0,0.863,0.073,0.37,0,0.02,0,3.333,0,0,0,0,0,,,,,,,,,,,,,1.353,county-alert,1,1,overhaul-warning,1,4,last-night,0.3533,8.821,300,6,6,54,3,27,300,572,59,72,241,500,0,0,1000,336,0,0,0,0,0,0,0,0.02,9,9,1.9067,1.2203,2.0747,,0.336,,,
stored-night,5,smoke-screen+sluice-jam,w0h-l0,planner-one-mistake,300,83,0.2767,8.857,0.9424,60.318,0,0.757,2.517,61.173,3,13.08,1.25,0.27,1.093,0,1.94,1.717,0.23,1.413,0,0.553,0,0.203,0,0.013,0,3.407,0,0,0,0,0,216,300,216,65,0,48,252,0.3009,1,13.1742,3,0,1.137,county-alert,1,1,overhaul-warning,1,4,last-night,0.1367,9,300,4,4,29,0,0,300,1714,83,83,217,1631,0,0,1022,328,0,0,0,0,0,0,0,0.0133,7.25,,5.7133,1,7.5161,,0.3209,,,
stored-night,5,smoke-screen+sluice-jam,w0h-l+,random,300,0,0,9,,84.097,0,0.017,3.697,61.82,2.79,17.987,0.577,1.583,0.307,0.207,0.853,0.647,0.317,0.993,0,0.01,0,0.007,0,0.003,0,3.997,0,0,0,0,0,,,,,,,,,,,,,1.003,county-alert,1,1,overhaul-warning,1,4,last-night,0.0033,7,300,1,1,9,0,0,300,1946,0,0,300,1946,0,0,1199,92,0,0,0,0,0,0,0,0.0033,9,,6.4867,,6.4867,,0.0767,,,
stored-night,5,smoke-screen+sluice-jam,w0h-l+,single-water,300,0,0,9,,86.583,0,0,4,74.867,3,12.463,0,0,0,0,1.997,1.697,0.3,0,0,0,0,0,0,0,0,4,0,0,0,0,0,,,,,,,,,,,,,1,county-alert,1,1,overhaul-warning,1,4,last-night,0,,300,0,0,0,0,0,300,2193,0,0,300,2193,0,0,1200,0,0,0,0,0,0,0,0,0,,,7.31,,7.31,,0,,,
stored-night,5,smoke-screen+sluice-jam,w0h-l+,legacy-cycle,300,0,0,9,,79.117,0,0,4,88.037,3,33.69,0,0,0,0,0.843,0.31,0.533,2.407,0,0,0,0,0,0.967,0,4,0,0,0,0,0,,,,,,,,,,,,,1,county-alert,1,1,overhaul-warning,1,4,last-night,0,,300,290,290,2140,0,0,300,1756,0,0,300,1756,0,0,1200,0,0,0,0,0,0,0,0,0.9667,7.3793,,5.8533,,5.8533,,0,,,
stored-night,5,smoke-screen+sluice-jam,w0h-l+,greedy,300,194,0.6467,8.283,0.8769,41.406,0,1.177,1.943,45.98,2.837,0.95,1.057,0.247,0.88,0.067,1.74,1.497,0.237,1.533,0,0.96,0,0.217,0,0.047,0,2.613,0,0,0,0,0,,,,,,,,,,,,,1.197,county-alert,1,1,overhaul-warning,1,4,last-night,0.1967,8.712,300,14,14,112,10,78,300,403,194,225,106,178,0,0,784,264,0,0,0,0,0,0,0,0.0467,8,7.8,1.3433,1.1598,1.6792,,0.3367,,,
stored-night,5,smoke-screen+sluice-jam,w0h-l+,planner,300,215,0.7167,8.197,0.8755,60.118,0,1.047,2.023,45.653,2.717,0.493,0.983,0.157,0.7,0.14,1.827,1.667,0.167,1.71,0,0.887,0.01,0.15,0,0.02,0,2.59,0,0,0,0,0,,,,,,,,,,,,,1.157,county-alert,1,1,overhaul-warning,1,4,last-night,0.1567,8.191,300,6,6,50,5,43,300,894,215,259,85,635,0,0,777,210,0,0,0,0,0,0,0,0.02,8.3333,8.6,2.98,1.2047,7.4706,,0.2703,,,
stored-night,5,smoke-screen+sluice-jam,w0h-l+,forecast-aware,300,59,0.1967,8.887,0.936,42.141,0,1.307,2.56,65.493,2.037,1.1,3.057,0,1.12,0.917,1.683,1.403,0.353,2.757,0,0.863,0.073,0.37,0,0.02,0,3.333,0,0,0,0,0,,,,,,,,,,,,,1.353,county-alert,1,1,overhaul-warning,1,4,last-night,0.3533,8.821,300,6,6,54,3,27,300,572,59,72,241,500,0,0,1000,336,0,0,0,0,0,0,0,0.02,9,9,1.9067,1.2203,2.0747,,0.336,,,
stored-night,5,smoke-screen+sluice-jam,w0h-l+,planner-one-mistake,300,83,0.2767,8.857,0.9424,60.304,0,0.767,2.517,61.227,3,13.08,1.25,0.27,1.093,0,1.94,1.717,0.23,1.413,0,0.56,0,0.207,0,0.013,0,3.403,0,0,0,0,0,215,300,215,65,0,48,252,0.3023,1,13.1742,3,0,1.137,county-alert,1,1,overhaul-warning,1,4,last-night,0.1367,9,300,4,4,29,0,0,300,1717,83,86,217,1631,0,0,1021,328,0,0,0,0,0,0,0,0.0133,7.25,,5.7233,1.0361,7.5161,,0.3213,,,
stored-night,5,smoke-screen+sluice-jam,w0h0l-,random,300,0,0,9,,84.123,0,0.017,3.697,61.937,2.79,17.997,0.577,1.583,0.307,0.207,0.853,0.647,0.317,0.993,0,0.01,0,0.007,0,0.003,0,3.997,0,0,0,0,0,,,,,,,,,,,,,1.003,county-alert,1,1,overhaul-warning,1,4,last-night,0.0033,7,300,1,1,9,0,0,300,1946,0,0,300,1946,0,0,1199,92,0,0,0,0,0,0,0,0.0033,9,,6.4867,,6.4867,,0.0767,,,
stored-night,5,smoke-screen+sluice-jam,w0h0l-,single-water,300,0,0,9,,86.583,0,0,4,74.867,3,12.463,0,0,0,0,1.997,1.697,0.3,0,0,0,0,0,0,0,0,4,0,0,0,0,0,,,,,,,,,,,,,1,county-alert,1,1,overhaul-warning,1,4,last-night,0,,300,0,0,0,0,0,300,2193,0,0,300,2193,0,0,1200,0,0,0,0,0,0,0,0,0,,,7.31,,7.31,,0,,,
stored-night,5,smoke-screen+sluice-jam,w0h0l-,legacy-cycle,300,0,0,9,,78.817,0,0,4,88.147,3,33.687,0,0,0,0,0.843,0.31,0.533,2.407,0,0,0,0,0,0.967,0,4,0,0,0,0,0,,,,,,,,,,,,,1,county-alert,1,1,overhaul-warning,1,4,last-night,0,,300,290,290,2140,0,0,300,1756,0,0,300,1756,0,0,1200,0,0,0,0,0,0,0,0,0.9667,7.3793,,5.8533,,5.8533,,0,,,
stored-night,5,smoke-screen+sluice-jam,w0h0l-,greedy,300,193,0.6433,8.303,0.8797,42.075,0,1.167,1.97,46.693,2.813,0.957,1.067,0.267,0.9,0.067,1.757,1.513,0.237,1.617,0,0.953,0,0.213,0,0.043,0,2.663,0,0,0,0,0,,,,,,,,,,,,,1.203,county-alert,1,1,overhaul-warning,1,4,last-night,0.2033,8.525,300,13,13,101,11,84,300,401,193,227,107,174,0,0,799,270,0,0,0,0,0,0,0,0.0433,7.7692,7.6364,1.3367,1.1762,1.6262,,0.3379,,,
stored-night,5,smoke-screen+sluice-jam,w0h0l-,planner,300,221,0.7367,8.18,0.8763,61.886,0,1.07,2,45.187,2.72,0.573,0.99,0.163,0.693,0.14,1.8,1.64,0.163,1.88,0,0.907,0.007,0.157,0,0.027,0,2.55,0,0,0,0,0,,,,,,,,,,,,,1.16,county-alert,1,1,overhaul-warning,1,4,last-night,0.16,8.208,300,8,8,65,7,58,300,850,221,261,79,589,0,0,765,208,0,0,0,0,0,0,0,0.0267,8.125,8.2857,2.8333,1.181,7.4557,,0.2719,,,
stored-night,5,smoke-screen+sluice-jam,w0h0l-,forecast-aware,300,57,0.19,8.887,0.9337,42.432,0,1.29,2.577,66.027,2.04,1.007,3.043,0,1.117,0.917,1.68,1.4,0.353,2.743,0,0.857,0.063,0.37,0,0.02,0,3.34,0,0,0,0,0,,,,,,,,,,,,,1.34,county-alert,1,1,overhaul-warning,1,4,last-night,0.34,8.814,300,6,6,54,3,27,300,575,57,77,243,498,0,0,1002,335,0,0,0,0,0,0,0,0.02,9,9,1.9167,1.3509,2.0494,,0.3343,,,
stored-night,5,smoke-screen+sluice-jam,w0h0l-,planner-one-mistake,300,84,0.28,8.867,0.9471,60.269,0,0.75,2.52,61.16,3,12.847,1.237,0.29,1.09,0,1.96,1.733,0.24,1.4,0,0.553,0,0.197,0,0.013,0,3.413,0,0,0,0,0,221,300,221,66,0,48,252,0.2986,1,13.0742,3,0,1.13,county-alert,1,1,overhaul-warning,1,4,last-night,0.13,9,300,4,4,30,1,8,300,1701,84,80,216,1621,0,0,1024,327,0,0,0,0,0,0,0,0.0133,7.5,8,5.67,0.9524,7.5046,,0.3193,,,
stored-night,5,smoke-screen+sluice-jam,w0h0l0,random,300,0,0,9,,83.99,0,0.017,3.697,62.09,2.79,18.04,0.577,1.583,0.307,0.207,0.853,0.647,0.317,0.993,0,0.01,0,0.007,0,0.003,0,3.997,0,0,0,0,0,,,,,,,,,,,,,1.003,county-alert,1,1,overhaul-warning,1,4,last-night,0.0033,7,300,1,1,9,0,0,300,1946,0,0,300,1946,0,0,1199,92,0,0,0,0,0,0,0,0.0033,9,,6.4867,,6.4867,,0.0767,,,
stored-night,5,smoke-screen+sluice-jam,w0h0l0,single-water,300,0,0,9,,86.583,0,0,4,74.867,3,12.463,0,0,0,0,1.997,1.697,0.3,0,0,0,0,0,0,0,0,4,0,0,0,0,0,,,,,,,,,,,,,1,county-alert,1,1,overhaul-warning,1,4,last-night,0,,300,0,0,0,0,0,300,2193,0,0,300,2193,0,0,1200,0,0,0,0,0,0,0,0,0,,,7.31,,7.31,,0,,,
stored-night,5,smoke-screen+sluice-jam,w0h0l0,legacy-cycle,300,0,0,9,,78.817,0,0,4,88.157,3,33.69,0,0,0,0,0.843,0.31,0.533,2.407,0,0,0,0,0,0.967,0,4,0,0,0,0,0,,,,,,,,,,,,,1,county-alert,1,1,overhaul-warning,1,4,last-night,0,,300,290,290,2140,0,0,300,1756,0,0,300,1756,0,0,1200,0,0,0,0,0,0,0,0,0.9667,7.3793,,5.8533,,5.8533,,0,,,
stored-night,5,smoke-screen+sluice-jam,w0h0l0,greedy,300,198,0.66,8.28,0.8788,41.853,0,1.183,1.943,45.94,2.827,1.03,1.057,0.257,0.873,0.067,1.75,1.5,0.243,1.507,0,0.967,0,0.217,0,0.05,0,2.61,0,0,0,0,0,,,,,,,,,,,,,1.2,county-alert,1,1,overhaul-warning,1,4,last-night,0.2,8.65,300,15,15,120,12,94,300,389,198,222,102,167,0,0,783,262,0,0,0,0,0,0,0,0.05,8,7.8333,1.2967,1.1212,1.6373,,0.3346,,,
stored-night,5,smoke-screen+sluice-jam,w0h0l0,planner,300,220,0.7333,8.183,0.8763,61.238,0,1.057,2.007,45.227,2.717,0.573,0.977,0.157,0.697,0.14,1.823,1.65,0.177,1.7,0,0.9,0.007,0.15,0,0.023,0,2.567,0,0,0,0,0,,,,,,,,,,,,,1.153,county-alert,1,1,overhaul-warning,1,4,last-night,0.1533,8.174,300,7,7,57,6,50,300,860,220,268,80,592,0,0,770,209,0,0,0,0,0,0,0,0.0233,8.1429,8.3333,2.8667,1.2182,7.4,,0.2714,,,
stored-night,5,smoke-screen+sluice-jam,w0h0l0,forecast-aware,300,69,0.23,8.847,0.9259,42.121,0,1.29,2.503,63.733,2.037,1.07,3.05,0,1.11,0.917,1.66,1.387,0.343,2.743,0,0.867,0.07,0.353,0,0.02,0,3.287,0,0,0,0,0,,,,,,,,,,,,,1.33,county-alert,1,1,overhaul-warning,1,4,last-night,0.33,8.848,300,6,6,54,3,27,300,577,69,89,231,488,0,0,986,333,0,0,0,0,0,0,0,0.02,9,9,1.9233,1.2899,2.1126,,0.3377,,,
stored-night,5,smoke-screen+sluice-jam,w0h0l0,planner-one-mistake,300,89,0.2967,8.857,0.9463,59.81,0,0.743,2.493,60.187,3,13.023,1.25,0.28,1.093,0,1.94,1.717,0.23,1.41,0,0.557,0,0.187,0,0.013,0,3.4,0,0,0,0,0,220,300,220,69,0,48,252,0.3136,1,13.2408,3,0,1.133,county-alert,1,1,overhaul-warning,1,4,last-night,0.1333,9,300,4,4,29,0,0,300,1680,89,95,211,1585,0,0,1020,328,0,0,0,0,0,0,0,0.0133,7.25,,5.6,1.0674,7.5118,,0.3216,,,
stored-night,5,smoke-screen+sluice-jam,w0h0l+,random,300,0,0,9,,83.973,0,0.017,3.697,62.093,2.79,18.053,0.577,1.583,0.307,0.207,0.853,0.647,0.317,0.993,0,0.01,0,0.007,0,0.003,0,3.997,0,0,0,0,0,,,,,,,,,,,,,1.003,county-alert,1,1,overhaul-warning,1,4,last-night,0.0033,7,300,1,1,9,0,0,300,1946,0,0,300,1946,0,0,1199,92,0,0,0,0,0,0,0,0.0033,9,,6.4867,,6.4867,,0.0767,,,
stored-night,5,smoke-screen+sluice-jam,w0h0l+,single-water,300,0,0,9,,86.583,0,0,4,74.867,3,12.463,0,0,0,0,1.997,1.697,0.3,0,0,0,0,0,0,0,0,4,0,0,0,0,0,,,,,,,,,,,,,1,county-alert,1,1,overhaul-warning,1,4,last-night,0,,300,0,0,0,0,0,300,2193,0,0,300,2193,0,0,1200,0,0,0,0,0,0,0,0,0,,,7.31,,7.31,,0,,,
stored-night,5,smoke-screen+sluice-jam,w0h0l+,legacy-cycle,300,0,0,9,,78.817,0,0,4,88.157,3,33.69,0,0,0,0,0.843,0.31,0.533,2.407,0,0,0,0,0,0.967,0,4,0,0,0,0,0,,,,,,,,,,,,,1,county-alert,1,1,overhaul-warning,1,4,last-night,0,,300,290,290,2140,0,0,300,1756,0,0,300,1756,0,0,1200,0,0,0,0,0,0,0,0,0.9667,7.3793,,5.8533,,5.8533,,0,,,
stored-night,5,smoke-screen+sluice-jam,w0h0l+,greedy,300,199,0.6633,8.277,0.8788,42.01,0,1.183,1.94,45.86,2.827,1.11,1.057,0.253,0.873,0.067,1.747,1.497,0.243,1.503,0,0.967,0,0.217,0,0.053,0,2.61,0,0,0,0,0,,,,,,,,,,,,,1.2,county-alert,1,1,overhaul-warning,1,4,last-night,0.2,8.65,300,16,16,127,13,103,300,388,199,223,101,165,0,0,783,262,0,0,0,0,0,0,0,0.0533,7.9375,7.9231,1.2933,1.1206,1.6337,,0.3346,,,
stored-night,5,smoke-screen+sluice-jam,w0h0l+,planner,300,220,0.7333,8.183,0.8763,61.2,0,1.057,2.007,45.227,2.717,0.573,0.973,0.157,0.693,0.14,1.823,1.65,0.177,1.7,0,0.9,0.007,0.15,0,0.023,0,2.563,0,0,0,0,0,,,,,,,,,,,,,1.153,county-alert,1,1,overhaul-warning,1,4,last-night,0.1533,8.174,300,7,7,57,6,50,300,861,220,269,80,592,0,0,769,208,0,0,0,0,0,0,0,0.0233,8.1429,8.3333,2.87,1.2227,7.4,,0.2705,,,
stored-night,5,smoke-screen+sluice-jam,w0h0l+,forecast-aware,300,70,0.2333,8.843,0.9254,41.978,0,1.287,2.497,63.493,2.037,1.07,3.05,0,1.11,0.917,1.66,1.387,0.343,2.743,0,0.867,0.07,0.35,0,0.02,0,3.283,0,0,0,0,0,,,,,,,,,,,,,1.327,county-alert,1,1,overhaul-warning,1,4,last-night,0.3267,8.847,300,6,6,54,3,27,300,576,70,90,230,486,0,0,985,333,0,0,0,0,0,0,0,0.02,9,9,1.92,1.2857,2.113,,0.3381,,,
stored-night,5,smoke-screen+sluice-jam,w0h0l+,planner-one-mistake,300,91,0.3033,8.857,0.9475,59.761,0,0.747,2.487,59.92,3,13.103,1.25,0.28,1.093,0,1.943,1.717,0.233,1.42,0,0.563,0,0.183,0,0.013,0,3.397,0,0,0,0,0,220,300,220,71,0,48,252,0.3227,1,13.2408,3,0,1.133,county-alert,1,1,overhaul-warning,1,4,last-night,0.1333,9,300,4,4,29,0,0,300,1670,91,102,209,1568,0,0,1019,328,0,0,0,0,0,0,0,0.0133,7.25,,5.5667,1.1209,7.5024,,0.3219,,,
stored-night,5,smoke-screen+sluice-jam,w0h+l-,random,300,0,0,9,,84.117,0,0.017,3.697,61.947,2.79,17.997,0.577,1.583,0.307,0.207,0.853,0.647,0.317,0.993,0,0.01,0,0.007,0,0.003,0,3.997,0,0,0,0,0,,,,,,,,,,,,,1.003,county-alert,1,1,overhaul-warning,1,4,last-night,0.0033,7,300,1,1,9,0,0,300,1946,0,0,300,1946,0,0,1199,92,0,0,0,0,0,0,0,0.0033,9,,6.4867,,6.4867,,0.0767,,,
stored-night,5,smoke-screen+sluice-jam,w0h+l-,single-water,300,0,0,9,,86.583,0,0,4,74.867,3,12.463,0,0,0,0,1.997,1.697,0.3,0,0,0,0,0,0,0,0,4,0,0,0,0,0,,,,,,,,,,,,,1,county-alert,1,1,overhaul-warning,1,4,last-night,0,,300,0,0,0,0,0,300,2193,0,0,300,2193,0,0,1200,0,0,0,0,0,0,0,0,0,,,7.31,,7.31,,0,,,
stored-night,5,smoke-screen+sluice-jam,w0h+l-,legacy-cycle,300,0,0,9,,78.817,0,0,4,88.147,3,33.687,0,0,0,0,0.843,0.31,0.533,2.407,0,0,0,0,0,0.967,0,4,0,0,0,0,0,,,,,,,,,,,,,1,county-alert,1,1,overhaul-warning,1,4,last-night,0,,300,290,290,2140,0,0,300,1756,0,0,300,1756,0,0,1200,0,0,0,0,0,0,0,0,0.9667,7.3793,,5.8533,,5.8533,,0,,,
stored-night,5,smoke-screen+sluice-jam,w0h+l-,greedy,300,193,0.6433,8.303,0.8797,42.056,0,1.167,1.97,46.693,2.813,0.957,1.067,0.267,0.9,0.067,1.757,1.513,0.237,1.617,0,0.953,0,0.213,0,0.043,0,2.663,0,0,0,0,0,,,,,,,,,,,,,1.203,county-alert,1,1,overhaul-warning,1,4,last-night,0.2033,8.525,300,13,13,101,11,84,300,401,193,227,107,174,0,0,799,270,0,0,0,0,0,0,0,0.0433,7.7692,7.6364,1.3367,1.1762,1.6262,,0.3379,,,
stored-night,5,smoke-screen+sluice-jam,w0h+l-,planner,300,221,0.7367,8.18,0.8763,61.886,0,1.07,2,45.187,2.72,0.573,0.99,0.163,0.693,0.14,1.8,1.64,0.163,1.88,0,0.907,0.007,0.157,0,0.027,0,2.55,0,0,0,0,0,,,,,,,,,,,,,1.16,county-alert,1,1,overhaul-warning,1,4,last-night,0.16,8.208,300,8,8,65,7,58,300,850,221,261,79,589,0,0,765,208,0,0,0,0,0,0,0,0.0267,8.125,8.2857,2.8333,1.181,7.4557,,0.2719,,,
stored-night,5,smoke-screen+sluice-jam,w0h+l-,forecast-aware,300,58,0.1933,8.88,0.931,42.318,0,1.29,2.573,65.787,2.04,1,3.033,0,1.107,0.917,1.677,1.393,0.353,2.747,0,0.86,0.067,0.363,0,0.02,0,3.333,0,0,0,0,0,,,,,,,,,,,,,1.34,county-alert,1,1,overhaul-warning,1,4,last-night,0.34,8.814,300,6,6,54,3,27,300,584,58,80,242,504,0,0,1000,332,0,0,0,0,0,0,0,0.02,9,9,1.9467,1.3793,2.0826,,0.332,,,
stored-night,5,smoke-screen+sluice-jam,w0h+l-,planner-one-mistake,300,85,0.2833,8.867,0.9477,60.214,0,0.747,2.517,61,3,12.847,1.237,0.29,1.09,0,1.963,1.733,0.243,1.4,0,0.553,0,0.193,0,0.013,0,3.413,0,0,0,0,0,221,300,221,67,0,48,252,0.3032,1,13.0742,3,0,1.13,county-alert,1,1,overhaul-warning,1,4,last-night,0.13,9,300,4,4,30,1,8,300,1693,85,80,215,1613,0,0,1024,327,0,0,0,0,0,0,0,0.0133,7.5,8,5.6433,0.9412,7.5023,,0.3193,,,
stored-night,5,smoke-screen+sluice-jam,w0h+l0,random,300,0,0,9,,83.983,0,0.017,3.697,62.1,2.79,18.04,0.577,1.583,0.307,0.207,0.853,0.647,0.317,0.993,0,0.01,0,0.007,0,0.003,0,3.997,0,0,0,0,0,,,,,,,,,,,,,1.003,county-alert,1,1,overhaul-warning,1,4,last-night,0.0033,7,300,1,1,9,0,0,300,1946,0,0,300,1946,0,0,1199,92,0,0,0,0,0,0,0,0.0033,9,,6.4867,,6.4867,,0.0767,,,
stored-night,5,smoke-screen+sluice-jam,w0h+l0,single-water,300,0,0,9,,86.583,0,0,4,74.867,3,12.463,0,0,0,0,1.997,1.697,0.3,0,0,0,0,0,0,0,0,4,0,0,0,0,0,,,,,,,,,,,,,1,county-alert,1,1,overhaul-warning,1,4,last-night,0,,300,0,0,0,0,0,300,2193,0,0,300,2193,0,0,1200,0,0,0,0,0,0,0,0,0,,,7.31,,7.31,,0,,,
stored-night,5,smoke-screen+sluice-jam,w0h+l0,legacy-cycle,300,0,0,9,,78.817,0,0,4,88.157,3,33.69,0,0,0,0,0.843,0.31,0.533,2.407,0,0,0,0,0,0.967,0,4,0,0,0,0,0,,,,,,,,,,,,,1,county-alert,1,1,overhaul-warning,1,4,last-night,0,,300,290,290,2140,0,0,300,1756,0,0,300,1756,0,0,1200,0,0,0,0,0,0,0,0,0.9667,7.3793,,5.8533,,5.8533,,0,,,
stored-night,5,smoke-screen+sluice-jam,w0h+l0,greedy,300,199,0.6633,8.28,0.8794,42.02,0,1.183,1.94,45.86,2.827,1.11,1.057,0.257,0.873,0.067,1.747,1.5,0.24,1.503,0,0.967,0,0.217,0,0.053,0,2.61,0,0,0,0,0,,,,,,,,,,,,,1.2,county-alert,1,1,overhaul-warning,1,4,last-night,0.2,8.65,300,16,16,127,13,103,300,388,199,223,101,165,0,0,783,262,0,0,0,0,0,0,0,0.0533,7.9375,7.9231,1.2933,1.1206,1.6337,,0.3346,,,
stored-night,5,smoke-screen+sluice-jam,w0h+l0,planner,300,220,0.7333,8.183,0.8763,61.213,0,1.057,2.007,45.227,2.717,0.573,0.977,0.157,0.697,0.14,1.823,1.65,0.177,1.7,0,0.9,0.007,0.15,0,0.023,0,2.567,0,0,0,0,0,,,,,,,,,,,,,1.153,county-alert,1,1,overhaul-warning,1,4,last-night,0.1533,8.174,300,7,7,57,6,50,300,860,220,268,80,592,0,0,770,209,0,0,0,0,0,0,0,0.0233,8.1429,8.3333,2.8667,1.2182,7.4,,0.2714,,,
stored-night,5,smoke-screen+sluice-jam,w0h+l0,forecast-aware,300,71,0.2367,8.84,0.9249,41.965,0,1.283,2.493,63.333,2.037,1.07,3.047,0,1.107,0.917,1.657,1.383,0.343,2.743,0,0.867,0.07,0.347,0,0.02,0,3.28,0,0,0,0,0,,,,,,,,,,,,,1.323,county-alert,1,1,overhaul-warning,1,4,last-night,0.3233,8.845,300,6,6,54,3,27,300,579,71,93,229,486,0,0,984,332,0,0,0,0,0,0,0,0.02,9,9,1.93,1.3099,2.1223,,0.3374,,,
stored-night,5,smoke-screen+sluice-jam,w0h+l0,planner-one-mistake,300,89,0.2967,8.857,0.9463,59.796,0,0.743,2.493,60.187,3,13.023,1.25,0.28,1.093,0,1.94,1.717,0.23,1.41,0,0.557,0,0.187,0,0.013,0,3.4,0,0,0,0,0,220,300,220,69,0,48,252,0.3136,1,13.2408,3,0,1.133,county-alert,1,1,overhaul-warning,1,4,last-night,0.1333,9,300,4,4,29,0,0,300,1680,89,95,211,1585,0,0,1020,328,0,0,0,0,0,0,0,0.0133,7.25,,5.6,1.0674,7.5118,,0.3216,,,
stored-night,5,smoke-screen+sluice-jam,w0h+l+,random,300,0,0,9,,83.967,0,0.017,3.697,62.103,2.79,18.053,0.577,1.583,0.307,0.207,0.853,0.647,0.317,0.993,0,0.01,0,0.007,0,0.003,0,3.997,0,0,0,0,0,,,,,,,,,,,,,1.003,county-alert,1,1,overhaul-warning,1,4,last-night,0.0033,7,300,1,1,9,0,0,300,1946,0,0,300,1946,0,0,1199,92,0,0,0,0,0,0,0,0.0033,9,,6.4867,,6.4867,,0.0767,,,
stored-night,5,smoke-screen+sluice-jam,w0h+l+,single-water,300,0,0,9,,86.583,0,0,4,74.867,3,12.463,0,0,0,0,1.997,1.697,0.3,0,0,0,0,0,0,0,0,4,0,0,0,0,0,,,,,,,,,,,,,1,county-alert,1,1,overhaul-warning,1,4,last-night,0,,300,0,0,0,0,0,300,2193,0,0,300,2193,0,0,1200,0,0,0,0,0,0,0,0,0,,,7.31,,7.31,,0,,,
stored-night,5,smoke-screen+sluice-jam,w0h+l+,legacy-cycle,300,0,0,9,,78.817,0,0,4,88.157,3,33.69,0,0,0,0,0.843,0.31,0.533,2.407,0,0,0,0,0,0.967,0,4,0,0,0,0,0,,,,,,,,,,,,,1,county-alert,1,1,overhaul-warning,1,4,last-night,0,,300,290,290,2140,0,0,300,1756,0,0,300,1756,0,0,1200,0,0,0,0,0,0,0,0,0.9667,7.3793,,5.8533,,5.8533,,0,,,
stored-night,5,smoke-screen+sluice-jam,w0h+l+,greedy,300,199,0.6633,8.27,0.8777,42.01,0,1.18,1.94,45.86,2.827,1.19,1.053,0.25,0.87,0.067,1.747,1.497,0.243,1.503,0,0.963,0,0.217,0,0.057,0,2.61,0,0,0,0,0,,,,,,,,,,,,,1.2,county-alert,1,1,overhaul-warning,1,4,last-night,0.2,8.65,300,17,17,134,14,110,300,387,199,222,101,165,0,0,783,261,0,0,0,0,0,0,0,0.0567,7.8824,7.8571,1.29,1.1156,1.6337,,0.3333,,,
stored-night,5,smoke-screen+sluice-jam,w0h+l+,planner,300,220,0.7333,8.183,0.8763,61.175,0,1.057,2.007,45.227,2.717,0.573,0.973,0.157,0.693,0.14,1.823,1.65,0.177,1.7,0,0.9,0.007,0.15,0,0.023,0,2.563,0,0,0,0,0,,,,,,,,,,,,,1.153,county-alert,1,1,overhaul-warning,1,4,last-night,0.1533,8.174,300,7,7,57,6,50,300,861,220,269,80,592,0,0,769,208,0,0,0,0,0,0,0,0.0233,8.1429,8.3333,2.87,1.2227,7.4,,0.2705,,,
stored-night,5,smoke-screen+sluice-jam,w0h+l+,forecast-aware,300,72,0.24,8.837,0.9244,41.82,0,1.28,2.487,63.093,2.037,1.07,3.047,0,1.107,0.917,1.657,1.383,0.343,2.743,0,0.867,0.07,0.343,0,0.02,0,3.277,0,0,0,0,0,,,,,,,,,,,,,1.32,county-alert,1,1,overhaul-warning,1,4,last-night,0.32,8.844,300,6,6,54,3,27,300,578,72,94,228,484,0,0,983,332,0,0,0,0,0,0,0,0.02,9,9,1.9267,1.3056,2.1228,,0.3377,,,
stored-night,5,smoke-screen+sluice-jam,w0h+l+,planner-one-mistake,300,91,0.3033,8.857,0.9475,59.751,0,0.747,2.487,59.92,3,13.103,1.25,0.28,1.093,0,1.943,1.717,0.233,1.42,0,0.563,0,0.183,0,0.013,0,3.397,0,0,0,0,0,220,300,220,71,0,48,252,0.3227,1,13.2408,3,0,1.133,county-alert,1,1,overhaul-warning,1,4,last-night,0.1333,9,300,4,4,29,0,0,300,1670,91,102,209,1568,0,0,1019,328,0,0,0,0,0,0,0,0.0133,7.25,,5.5667,1.1209,7.5024,,0.3219,,,
stored-night,5,smoke-screen+sluice-jam,w+h-l-,random,300,0,0,9,,84.233,0,0.017,3.697,61.7,2.79,17.98,0.577,1.583,0.307,0.207,0.853,0.647,0.317,0.993,0,0.01,0,0.007,0,0.003,0,3.997,0,0,0,0,0,,,,,,,,,,,,,1.003,county-alert,1,1,overhaul-warning,1,4,last-night,0.0033,7,300,1,1,9,0,0,300,1946,0,0,300,1946,0,0,1199,92,0,0,0,0,0,0,0,0.0033,9,,6.4867,,6.4867,,0.0767,,,
stored-night,5,smoke-screen+sluice-jam,w+h-l-,single-water,300,0,0,9,,86.503,0,0,4,75.123,3,12.463,0,0,0,0,1.997,1.697,0.3,0,0,0,0,0,0,0,0,4,0,0,0,0,0,,,,,,,,,,,,,1,county-alert,1,1,overhaul-warning,1,4,last-night,0,,300,0,0,0,0,0,300,2193,0,0,300,2193,0,0,1200,0,0,0,0,0,0,0,0,0,,,7.31,,7.31,,0,,,
stored-night,5,smoke-screen+sluice-jam,w+h-l-,legacy-cycle,300,0,0,9,,79.117,0,0,4,88.027,3,33.687,0,0,0,0,0.843,0.31,0.533,2.407,0,0,0,0,0,0.967,0,4,0,0,0,0,0,,,,,,,,,,,,,1,county-alert,1,1,overhaul-warning,1,4,last-night,0,,300,290,290,2140,0,0,300,1756,0,0,300,1756,0,0,1200,0,0,0,0,0,0,0,0,0.9667,7.3793,,5.8533,,5.8533,,0,,,
stored-night,5,smoke-screen+sluice-jam,w+h-l-,greedy,300,189,0.63,8.317,0.8795,42.207,0,1.18,1.977,47.093,2.82,0.873,1.077,0.24,0.91,0.067,1.747,1.513,0.227,1.647,0,0.95,0,0.23,0,0.04,0,2.66,0,0,0,0,0,,,,,,,,,,,,,1.21,county-alert,1,1,overhaul-warning,1,4,last-night,0.21,8.587,300,12,12,93,9,68,300,411,189,225,111,186,0,0,798,273,0,0,0,0,0,0,0,0.04,7.75,7.5556,1.37,1.1905,1.6757,,0.3421,,,
stored-night,5,smoke-screen+sluice-jam,w+h-l-,planner,300,219,0.73,8.18,0.8752,60.543,0,1.053,2,44.997,2.723,0.687,0.993,0.17,0.687,0.14,1.797,1.647,0.16,1.893,0,0.893,0.01,0.15,0,0.03,0,2.553,0,0,0,0,0,,,,,,,,,,,,,1.153,county-alert,1,1,overhaul-warning,1,4,last-night,0.1533,8.217,300,9,9,73,8,66,300,858,219,253,81,605,0,0,766,206,0,0,0,0,0,0,0,0.03,8.1111,8.25,2.86,1.1553,7.4691,,0.2689,,,
stored-night,5,smoke-screen+sluice-jam,w+h-l-,forecast-aware,300,53,0.1767,8.897,0.935,42.668,0,1.307,2.59,66.453,2.04,1.06,3.06,0,1.117,0.917,1.683,1.4,0.357,2.753,0,0.857,0.073,0.377,0,0.02,0,3.347,0,0,0,0,0,,,,,,,,,,,,,1.353,county-alert,1,1,overhaul-warning,1,4,last-night,0.3533,8.821,300,6,6,54,3,27,300,581,53,67,247,514,0,0,1004,335,0,0,0,0,0,0,0,0.02,9,9,1.9367,1.2642,2.081,,0.3337,,,
stored-night,5,smoke-screen+sluice-jam,w+h-l-,planner-one-mistake,300,87,0.29,8.863,0.9476,60.249,0,0.737,2.5,60.413,3,12.907,1.24,0.28,1.097,0,1.97,1.737,0.247,1.41,0,0.55,0,0.187,0,0.013,0,3.41,0,0,0,0,0,219,300,219,67,0,48,252,0.3059,1,13.0142,3,0,1.123,county-alert,1,1,overhaul-warning,1,4,last-night,0.1233,9,300,4,4,30,1,8,300,1687,87,88,213,1599,0,0,1023,329,0,0,0,0,0,0,0,0.0133,7.5,8,5.6233,1.0115,7.507,,0.3216,,,
stored-night,5,smoke-screen+sluice-jam,w+h-l0,random,300,0,0,9,,84.1,0,0.017,3.697,61.853,2.79,18.023,0.577,1.583,0.307,0.207,0.853,0.647,0.317,0.993,0,0.01,0,0.007,0,0.003,0,3.997,0,0,0,0,0,,,,,,,,,,,,,1.003,county-alert,1,1,overhaul-warning,1,4,last-night,0.0033,7,300,1,1,9,0,0,300,1946,0,0,300,1946,0,0,1199,92,0,0,0,0,0,0,0,0.0033,9,,6.4867,,6.4867,,0.0767,,,
stored-night,5,smoke-screen+sluice-jam,w+h-l0,single-water,300,0,0,9,,86.503,0,0,4,75.123,3,12.463,0,0,0,0,1.997,1.697,0.3,0,0,0,0,0,0,0,0,4,0,0,0,0,0,,,,,,,,,,,,,1,county-alert,1,1,overhaul-warning,1,4,last-night,0,,300,0,0,0,0,0,300,2193,0,0,300,2193,0,0,1200,0,0,0,0,0,0,0,0,0,,,7.31,,7.31,,0,,,
stored-night,5,smoke-screen+sluice-jam,w+h-l0,legacy-cycle,300,0,0,9,,79.117,0,0,4,88.037,3,33.69,0,0,0,0,0.843,0.31,0.533,2.407,0,0,0,0,0,0.967,0,4,0,0,0,0,0,,,,,,,,,,,,,1,county-alert,1,1,overhaul-warning,1,4,last-night,0,,300,290,290,2140,0,0,300,1756,0,0,300,1756,0,0,1200,0,0,0,0,0,0,0,0,0.9667,7.3793,,5.8533,,5.8533,,0,,,
stored-night,5,smoke-screen+sluice-jam,w+h-l0,greedy,300,198,0.66,8.277,0.8782,41.725,0,1.18,1.933,45.62,2.84,0.95,1.05,0.25,0.873,0.067,1.75,1.503,0.24,1.53,0,0.963,0,0.217,0,0.047,0,2.597,0,0,0,0,0,,,,,,,,,,,,,1.197,county-alert,1,1,overhaul-warning,1,4,last-night,0.1967,8.729,300,14,14,112,10,78,300,402,198,231,102,171,0,0,779,262,0,0,0,0,0,0,0,0.0467,8,7.8,1.34,1.1667,1.6765,,0.3363,,,
stored-night,5,smoke-screen+sluice-jam,w+h-l0,planner,300,219,0.73,8.173,0.8742,60.049,0,1.043,2.003,44.917,2.72,0.527,0.973,0.16,0.687,0.14,1.827,1.66,0.177,1.733,0,0.89,0.01,0.143,0,0.02,0,2.563,0,0,0,0,0,,,,,,,,,,,,,1.15,county-alert,1,1,overhaul-warning,1,4,last-night,0.15,8.2,300,6,6,50,5,43,300,874,219,268,81,606,0,0,769,206,0,0,0,0,0,0,0,0.02,8.3333,8.6,2.9133,1.2237,7.4815,,0.2679,,,
stored-night,5,smoke-screen+sluice-jam,w+h-l0,forecast-aware,300,61,0.2033,8.883,0.9362,42.423,0,1.313,2.557,65.467,2.037,1.1,3.057,0,1.113,0.917,1.68,1.4,0.353,2.753,0,0.867,0.073,0.373,0,0.02,0,3.323,0,0,0,0,0,,,,,,,,,,,,,1.35,county-alert,1,1,overhaul-warning,1,4,last-night,0.35,8.819,300,6,6,54,3,27,300,574,61,78,239,496,0,0,997,334,0,0,0,0,0,0,0,0.02,9,9,1.9133,1.2787,2.0753,,0.335,,,
stored-night,5,smoke-screen+sluice-jam,w+h-l0,planner-one-mistake,300,88,0.2933,8.85,0.9432,60.057,0,0.75,2.49,60.24,3,13.087,1.25,0.273,1.097,0,1.953,1.723,0.237,1.42,0,0.557,0,0.193,0,0.013,0,3.393,0,0,0,0,0,219,300,219,68,0,48,252,0.3105,1,13.1475,3,0,1.127,county-alert,1,1,overhaul-warning,1,4,last-night,0.1267,9,300,4,4,29,0,0,300,1686,88,91,212,1595,0,0,1018,329,0,0,0,0,0,0,0,0.0133,7.25,,5.62,1.0341,7.5236,,0.3232,,,
stored-night,5,smoke-screen+sluice-jam,w+h-l+,random,300,0,0,9,,84.083,0,0.017,3.697,61.857,2.79,18.037,0.577,1.583,0.307,0.207,0.853,0.647,0.317,0.993,0,0.01,0,0.007,0,0.003,0,3.997,0,0,0,0,0,,,,,,,,,,,,,1.003,county-alert,1,1,overhaul-warning,1,4,last-night,0.0033,7,300,1,1,9,0,0,300,1946,0,0,300,1946,0,0,1199,92,0,0,0,0,0,0,0,0.0033,9,,6.4867,,6.4867,,0.0767,,,
stored-night,5,smoke-screen+sluice-jam,w+h-l+,single-water,300,0,0,9,,86.503,0,0,4,75.123,3,12.463,0,0,0,0,1.997,1.697,0.3,0,0,0,0,0,0,0,0,4,0,0,0,0,0,,,,,,,,,,,,,1,county-alert,1,1,overhaul-warning,1,4,last-night,0,,300,0,0,0,0,0,300,2193,0,0,300,2193,0,0,1200,0,0,0,0,0,0,0,0,0,,,7.31,,7.31,,0,,,
stored-night,5,smoke-screen+sluice-jam,w+h-l+,legacy-cycle,300,0,0,9,,79.117,0,0,4,88.037,3,33.69,0,0,0,0,0.843,0.31,0.533,2.407,0,0,0,0,0,0.967,0,4,0,0,0,0,0,,,,,,,,,,,,,1,county-alert,1,1,overhaul-warning,1,4,last-night,0,,300,290,290,2140,0,0,300,1756,0,0,300,1756,0,0,1200,0,0,0,0,0,0,0,0,0.9667,7.3793,,5.8533,,5.8533,,0,,,
stored-night,5,smoke-screen+sluice-jam,w+h-l+,greedy,300,200,0.6667,8.27,0.8783,41.78,0,1.177,1.923,45.3,2.84,0.95,1.047,0.25,0.87,0.067,1.747,1.503,0.237,1.527,0,0.963,0,0.213,0,0.047,0,2.59,0,0,0,0,0,,,,,,,,,,,,,1.193,county-alert,1,1,overhaul-warning,1,4,last-night,0.1933,8.741,300,14,14,112,11,87,300,401,200,232,100,169,0,0,777,261,0,0,0,0,0,0,0,0.0467,8,7.9091,1.3367,1.16,1.69,,0.3359,,,
stored-night,5,smoke-screen+sluice-jam,w+h-l+,planner,300,219,0.73,8.173,0.8742,60.025,0,1.043,2.003,44.917,2.72,0.527,0.97,0.163,0.683,0.14,1.827,1.66,0.177,1.733,0,0.89,0.01,0.143,0,0.02,0,2.56,0,0,0,0,0,,,,,,,,,,,,,1.15,county-alert,1,1,overhaul-warning,1,4,last-night,0.15,8.2,300,6,6,50,5,43,300,874,219,268,81,606,0,0,768,205,0,0,0,0,0,0,0,0.02,8.3333,8.6,2.9133,1.2237,7.4815,,0.2669,,,
stored-night,5,smoke-screen+sluice-jam,w+h-l+,forecast-aware,300,61,0.2033,8.883,0.9362,42.343,0,1.313,2.557,65.467,2.037,1.1,3.057,0,1.113,0.917,1.68,1.4,0.353,2.753,0,0.867,0.073,0.373,0,0.02,0,3.323,0,0,0,0,0,,,,,,,,,,,,,1.35,county-alert,1,1,overhaul-warning,1,4,last-night,0.35,8.819,300,6,6,54,3,27,300,574,61,78,239,496,0,0,997,334,0,0,0,0,0,0,0,0.02,9,9,1.9133,1.2787,2.0753,,0.335,,,
stored-night,5,smoke-screen+sluice-jam,w+h-l+,planner-one-mistake,300,88,0.2933,8.85,0.9432,59.962,0,0.757,2.49,60.24,3,13.087,1.25,0.273,1.097,0,1.953,1.723,0.237,1.42,0,0.563,0,0.193,0,0.013,0,3.393,0,0,0,0,0,219,300,219,68,0,48,252,0.3105,1,13.1475,3,0,1.127,county-alert,1,1,overhaul-warning,1,4,last-night,0.1267,9,300,4,4,29,0,0,300,1689,88,94,212,1595,0,0,1018,329,0,0,0,0,0,0,0,0.0133,7.25,,5.63,1.0682,7.5236,,0.3232,,,
stored-night,5,smoke-screen+sluice-jam,w+h0l-,random,300,0,0,9,,84.11,0,0.017,3.697,61.973,2.79,18.047,0.577,1.583,0.307,0.207,0.853,0.647,0.317,0.993,0,0.01,0,0.007,0,0.003,0,3.997,0,0,0,0,0,,,,,,,,,,,,,1.003,county-alert,1,1,overhaul-warning,1,4,last-night,0.0033,7,300,1,1,9,0,0,300,1946,0,0,300,1946,0,0,1199,92,0,0,0,0,0,0,0,0.0033,9,,6.4867,,6.4867,,0.0767,,,
stored-night,5,smoke-screen+sluice-jam,w+h0l-,single-water,300,0,0,9,,86.503,0,0,4,75.123,3,12.463,0,0,0,0,1.997,1.697,0.3,0,0,0,0,0,0,0,0,4,0,0,0,0,0,,,,,,,,,,,,,1,county-alert,1,1,overhaul-warning,1,4,last-night,0,,300,0,0,0,0,0,300,2193,0,0,300,2193,0,0,1200,0,0,0,0,0,0,0,0,0,,,7.31,,7.31,,0,,,
stored-night,5,smoke-screen+sluice-jam,w+h0l-,legacy-cycle,300,0,0,9,,78.817,0,0,4,88.147,3,33.687,0,0,0,0,0.843,0.31,0.533,2.407,0,0,0,0,0,0.967,0,4,0,0,0,0,0,,,,,,,,,,,,,1,county-alert,1,1,overhaul-warning,1,4,last-night,0,,300,290,290,2140,0,0,300,1756,0,0,300,1756,0,0,1200,0,0,0,0,0,0,0,0,0.9667,7.3793,,5.8533,,5.8533,,0,,,
stored-night,5,smoke-screen+sluice-jam,w+h0l-,greedy,300,197,0.6567,8.293,0.8804,42.049,0,1.163,1.95,46,2.817,0.957,1.06,0.267,0.893,0.067,1.75,1.507,0.237,1.61,0,0.953,0,0.21,0,0.043,0,2.64,0,0,0,0,0,,,,,,,,,,,,,1.2,county-alert,1,1,overhaul-warning,1,4,last-night,0.2,8.55,300,13,13,101,11,84,300,400,197,230,103,170,0,0,792,268,0,0,0,0,0,0,0,0.0433,7.7692,7.6364,1.3333,1.1675,1.6505,,0.3384,,,
stored-night,5,smoke-screen+sluice-jam,w+h0l-,planner,300,226,0.7533,8.15,0.8746,60.973,0,1.057,1.967,43.93,2.723,0.607,0.977,0.167,0.677,0.14,1.793,1.63,0.17,1.883,0,0.91,0.007,0.14,0,0.027,0,2.517,0,0,0,0,0,,,,,,,,,,,,,1.143,county-alert,1,1,overhaul-warning,1,4,last-night,0.1433,8.163,300,8,8,65,7,58,300,824,226,274,74,550,0,0,755,203,0,0,0,0,0,0,0,0.0267,8.125,8.2857,2.7467,1.2124,7.4324,,0.2689,,,
stored-night,5,smoke-screen+sluice-jam,w+h0l-,forecast-aware,300,60,0.2,8.877,0.9315,42.413,0,1.29,2.563,65.467,2.04,1.03,3.043,0,1.103,0.917,1.673,1.393,0.35,2.743,0,0.857,0.07,0.363,0,0.02,0,3.32,0,0,0,0,0,,,,,,,,,,,,,1.337,county-alert,1,1,overhaul-warning,1,4,last-night,0.3367,8.812,300,6,6,54,3,27,300,583,60,83,240,500,0,0,996,331,0,0,0,0,0,0,0,0.02,9,9,1.9433,1.3833,2.0833,,0.3323,,,
stored-night,5,smoke-screen+sluice-jam,w+h0l-,planner-one-mistake,300,88,0.2933,8.863,0.9482,59.943,0,0.75,2.497,60.347,3,12.85,1.24,0.293,1.097,0,1.967,1.737,0.243,1.407,0,0.56,0,0.19,0,0.013,0,3.403,0,0,0,0,0,226,300,226,69,0,48,252,0.3053,1,13.0775,3,0,1.127,county-alert,1,1,overhaul-warning,1,4,last-night,0.1267,9,300,4,4,30,1,8,300,1678,88,88,212,1590,0,0,1021,329,0,0,0,0,0,0,0,0.0133,7.5,8,5.5933,1,7.5,,0.3222,,,
stored-night,5,smoke-screen+sluice-jam,w+h0l0,random,300,0,0,9,,83.977,0,0.017,3.697,62.127,2.79,18.09,0.577,1.583,0.307,0.207,0.853,0.647,0.317,0.993,0,0.01,0,0.007,0,0.003,0,3.997,0,0,0,0,0,,,,,,,,,,,,,1.003,county-alert,1,1,overhaul-warning,1,4,last-night,0.0033,7,300,1,1,9,0,0,300,1946,0,0,300,1946,0,0,1199,92,0,0,0,0,0,0,0,0.0033,9,,6.4867,,6.4867,,0.0767,,,
stored-night,5,smoke-screen+sluice-jam,w+h0l0,single-water,300,0,0,9,,86.503,0,0,4,75.123,3,12.463,0,0,0,0,1.997,1.697,0.3,0,0,0,0,0,0,0,0,4,0,0,0,0,0,,,,,,,,,,,,,1,county-alert,1,1,overhaul-warning,1,4,last-night,0,,300,0,0,0,0,0,300,2193,0,0,300,2193,0,0,1200,0,0,0,0,0,0,0,0,0,,,7.31,,7.31,,0,,,
stored-night,5,smoke-screen+sluice-jam,w+h0l0,legacy-cycle,300,0,0,9,,78.817,0,0,4,88.157,3,33.69,0,0,0,0,0.843,0.31,0.533,2.407,0,0,0,0,0,0.967,0,4,0,0,0,0,0,,,,,,,,,,,,,1,county-alert,1,1,overhaul-warning,1,4,last-night,0,,300,290,290,2140,0,0,300,1756,0,0,300,1756,0,0,1200,0,0,0,0,0,0,0,0,0.9667,7.3793,,5.8533,,5.8533,,0,,,
stored-night,5,smoke-screen+sluice-jam,w+h0l0,greedy,300,205,0.6833,8.26,0.8797,42.158,0,1.173,1.917,44.967,2.833,1.11,1.043,0.253,0.86,0.067,1.753,1.503,0.243,1.493,0,0.967,0,0.207,0,0.053,0,2.583,0,0,0,0,0,,,,,,,,,,,,,1.193,county-alert,1,1,overhaul-warning,1,4,last-night,0.1933,8.69,300,16,16,127,13,103,300,390,205,230,95,160,0,0,775,258,0,0,0,0,0,0,0,0.0533,7.9375,7.9231,1.3,1.122,1.6842,,0.3329,,,
stored-night,5,smoke-screen+sluice-jam,w+h0l0,planner,300,224,0.7467,8.153,0.874,60.618,0,1.053,1.98,44.25,2.72,0.607,0.96,0.163,0.677,0.14,1.823,1.643,0.187,1.73,0,0.907,0.007,0.14,0,0.023,0,2.53,0,0,0,0,0,,,,,,,,,,,,,1.143,county-alert,1,1,overhaul-warning,1,4,last-night,0.1433,8.163,300,7,7,57,6,50,300,842,224,278,76,564,0,0,759,203,0,0,0,0,0,0,0,0.0233,8.1429,8.3333,2.8067,1.2411,7.4211,,0.2675,,,
stored-night,5,smoke-screen+sluice-jam,w+h0l0,forecast-aware,300,71,0.2367,8.84,0.9249,41.917,0,1.283,2.497,63.413,2.037,1.07,3.043,0,1.103,0.917,1.66,1.383,0.347,2.743,0,0.867,0.07,0.347,0,0.02,0,3.28,0,0,0,0,0,,,,,,,,,,,,,1.323,county-alert,1,1,overhaul-warning,1,4,last-night,0.3233,8.845,300,6,6,54,3,27,300,577,71,96,229,481,0,0,984,331,0,0,0,0,0,0,0,0.02,9,9,1.9233,1.3521,2.1004,,0.3364,,,
stored-night,5,smoke-screen+sluice-jam,w+h0l0,planner-one-mistake,300,95,0.3167,8.85,0.9474,59.541,0,0.74,2.463,59.133,3,13.027,1.25,0.283,1.097,0,1.957,1.723,0.24,1.417,0,0.563,0,0.177,0,0.013,0,3.383,0,0,0,0,0,224,300,224,73,0,48,252,0.3259,1,13.2108,3,0,1.127,county-alert,1,1,overhaul-warning,1,4,last-night,0.1267,9,300,4,4,29,0,0,300,1644,95,104,205,1540,0,0,1015,329,0,0,0,0,0,0,0,0.0133,7.25,,5.48,1.0947,7.5122,,0.3241,,,
stored-night,5,smoke-screen+sluice-jam,w+h0l+,random,300,0,0,9,,83.96,0,0.017,3.697,62.13,2.79,18.103,0.577,1.583,0.307,0.207,0.853,0.647,0.317,0.993,0,0.01,0,0.007,0,0.003,0,3.997,0,0,0,0,0,,,,,,,,,,,,,1.003,county-alert,1,1,overhaul-warning,1,4,last-night,0.0033,7,300,1,1,9,0,0,300,1946,0,0,300,1946,0,0,1199,92,0,0,0,0,0,0,0,0.0033,9,,6.4867,,6.4867,,0.0767,,,
stored-night,5,smoke-screen+sluice-jam,w+h0l+,single-water,300,0,0,9,,86.503,0,0,4,75.123,3,12.463,0,0,0,0,1.997,1.697,0.3,0,0,0,0,0,0,0,0,4,0,0,0,0,0,,,,,,,,,,,,,1,county-alert,1,1,overhaul-warning,1,4,last-night,0,,300,0,0,0,0,0,300,2193,0,0,300,2193,0,0,1200,0,0,0,0,0,0,0,0,0,,,7.31,,7.31,,0,,,
stored-night,5,smoke-screen+sluice-jam,w+h0l+,legacy-cycle,300,0,0,9,,78.817,0,0,4,88.157,3,33.69,0,0,0,0,0.843,0.31,0.533,2.407,0,0,0,0,0,0.967,0,4,0,0,0,0,0,,,,,,,,,,,,,1,county-alert,1,1,overhaul-warning,1,4,last-night,0,,300,290,290,2140,0,0,300,1756,0,0,300,1756,0,0,1200,0,0,0,0,0,0,0,0,0.9667,7.3793,,5.8533,,5.8533,,0,,,
stored-night,5,smoke-screen+sluice-jam,w+h0l+,greedy,300,205,0.6833,8.253,0.8786,42.147,0,1.17,1.917,44.967,2.833,1.19,1.04,0.25,0.857,0.067,1.753,1.503,0.243,1.493,0,0.963,0,0.207,0,0.057,0,2.583,0,0,0,0,0,,,,,,,,,,,,,1.193,county-alert,1,1,overhaul-warning,1,4,last-night,0.1933,8.69,300,17,17,134,14,110,300,389,205,229,95,160,0,0,775,257,0,0,0,0,0,0,0,0.0567,7.8824,7.8571,1.2967,1.1171,1.6842,,0.3316,,,
stored-night,5,smoke-screen+sluice-jam,w+h0l+,planner,300,224,0.7467,8.153,0.874,60.592,0,1.053,1.98,44.25,2.72,0.607,0.957,0.163,0.673,0.14,1.823,1.643,0.187,1.73,0,0.907,0.007,0.14,0,0.023,0,2.527,0,0,0,0,0,,,,,,,,,,,,,1.143,county-alert,1,1,overhaul-warning,1,4,last-night,0.1433,8.163,300,7,7,57,6,50,300,843,224,279,76,564,0,0,758,202,0,0,0,0,0,0,0,0.0233,8.1429,8.3333,2.81,1.2455,7.4211,,0.2665,,,
stored-night,5,smoke-screen+sluice-jam,w+h0l+,forecast-aware,300,72,0.24,8.837,0.9244,41.772,0,1.28,2.49,63.173,2.037,1.07,3.043,0,1.103,0.917,1.66,1.383,0.347,2.743,0,0.867,0.07,0.343,0,0.02,0,3.277,0,0,0,0,0,,,,,,,,,,,,,1.32,county-alert,1,1,overhaul-warning,1,4,last-night,0.32,8.844,300,6,6,54,3,27,300,576,72,97,228,479,0,0,983,331,0,0,0,0,0,0,0,0.02,9,9,1.92,1.3472,2.1009,,0.3367,,,
stored-night,5,smoke-screen+sluice-jam,w+h0l+,planner-one-mistake,300,96,0.32,8.85,0.9479,59.466,0,0.743,2.46,58.973,3,13.107,1.25,0.283,1.097,0,1.957,1.723,0.24,1.427,0,0.57,0,0.173,0,0.013,0,3.383,0,0,0,0,0,224,300,224,74,0,48,252,0.3304,1,13.2108,3,0,1.127,county-alert,1,1,overhaul-warning,1,4,last-night,0.1267,9,300,4,4,29,0,0,300,1642,96,110,204,1532,0,0,1015,329,0,0,0,0,0,0,0,0.0133,7.25,,5.4733,1.1458,7.5098,,0.3241,,,
stored-night,5,smoke-screen+sluice-jam,w+h+l-,random,300,0,0,9,,84.103,0,0.017,3.697,61.983,2.79,18.047,0.577,1.583,0.307,0.207,0.853,0.647,0.317,0.993,0,0.01,0,0.007,0,0.003,0,3.997,0,0,0,0,0,,,,,,,,,,,,,1.003,county-alert,1,1,overhaul-warning,1,4,last-night,0.0033,7,300,1,1,9,0,0,300,1946,0,0,300,1946,0,0,1199,92,0,0,0,0,0,0,0,0.0033,9,,6.4867,,6.4867,,0.0767,,,
stored-night,5,smoke-screen+sluice-jam,w+h+l-,single-water,300,0,0,9,,86.503,0,0,4,75.123,3,12.463,0,0,0,0,1.997,1.697,0.3,0,0,0,0,0,0,0,0,4,0,0,0,0,0,,,,,,,,,,,,,1,county-alert,1,1,overhaul-warning,1,4,last-night,0,,300,0,0,0,0,0,300,2193,0,0,300,2193,0,0,1200,0,0,0,0,0,0,0,0,0,,,7.31,,7.31,,0,,,
stored-night,5,smoke-screen+sluice-jam,w+h+l-,legacy-cycle,300,0,0,9,,78.817,0,0,4,88.147,3,33.687,0,0,0,0,0.843,0.31,0.533,2.407,0,0,0,0,0,0.967,0,4,0,0,0,0,0,,,,,,,,,,,,,1,county-alert,1,1,overhaul-warning,1,4,last-night,0,,300,290,290,2140,0,0,300,1756,0,0,300,1756,0,0,1200,0,0,0,0,0,0,0,0,0.9667,7.3793,,5.8533,,5.8533,,0,,,
stored-night,5,smoke-screen+sluice-jam,w+h+l-,greedy,300,197,0.6567,8.293,0.8804,42.039,0,1.163,1.95,46,2.817,1.037,1.06,0.267,0.893,0.067,1.747,1.507,0.233,1.607,0,0.953,0,0.21,0,0.047,0,2.64,0,0,0,0,0,,,,,,,,,,,,,1.2,county-alert,1,1,overhaul-warning,1,4,last-night,0.2,8.55,300,14,14,108,11,84,300,399,197,230,103,169,0,0,792,268,0,0,0,0,0,0,0,0.0467,7.7143,7.6364,1.33,1.1675,1.6408,,0.3384,,,
stored-night,5,smoke-screen+sluice-jam,w+h+l-,planner,300,226,0.7533,8.15,0.8746,60.973,0,1.057,1.967,43.93,2.723,0.607,0.977,0.167,0.677,0.14,1.793,1.63,0.17,1.883,0,0.91,0.007,0.14,0,0.027,0,2.517,0,0,0,0,0,,,,,,,,,,,,,1.143,county-alert,1,1,overhaul-warning,1,4,last-night,0.1433,8.163,300,8,8,65,7,58,300,824,226,274,74,550,0,0,755,203,0,0,0,0,0,0,0,0.0267,8.125,8.2857,2.7467,1.2124,7.4324,,0.2689,,,
stored-night,5,smoke-screen+sluice-jam,w+h+l-,forecast-aware,300,62,0.2067,8.87,0.9301,42.265,0,1.287,2.553,65.067,2.04,1.03,3.04,0,1.1,0.917,1.67,1.39,0.35,2.743,0,0.86,0.07,0.357,0,0.02,0,3.313,0,0,0,0,0,,,,,,,,,,,,,1.33,county-alert,1,1,overhaul-warning,1,4,last-night,0.33,8.808,300,6,6,54,3,27,300,585,62,87,238,498,0,0,994,330,0,0,0,0,0,0,0,0.02,9,9,1.95,1.4032,2.0924,,0.332,,,
stored-night,5,smoke-screen+sluice-jam,w+h+l-,planner-one-mistake,300,89,0.2967,8.863,0.9488,59.886,0,0.747,2.493,60.187,3,12.85,1.24,0.293,1.097,0,1.97,1.737,0.247,1.407,0,0.56,0,0.187,0,0.013,0,3.403,0,0,0,0,0,226,300,226,70,0,48,252,0.3097,1,13.0775,3,0,1.127,county-alert,1,1,overhaul-warning,1,4,last-night,0.1267,9,300,4,4,30,1,8,300,1670,89,88,211,1582,0,0,1021,329,0,0,0,0,0,0,0,0.0133,7.5,8,5.5667,0.9888,7.4976,,0.3222,,,
stored-night,5,smoke-screen+sluice-jam,w+h+l0,random,300,0,0,9,,83.97,0,0.017,3.697,62.137,2.79,18.09,0.577,1.583,0.307,0.207,0.853,0.647,0.317,0.993,0,0.01,0,0.007,0,0.003,0,3.997,0,0,0,0,0,,,,,,,,,,,,,1.003,county-alert,1,1,overhaul-warning,1,4,last-night,0.0033,7,300,1,1,9,0,0,300,1946,0,0,300,1946,0,0,1199,92,0,0,0,0,0,0,0,0.0033,9,,6.4867,,6.4867,,0.0767,,,
stored-night,5,smoke-screen+sluice-jam,w+h+l0,single-water,300,0,0,9,,86.503,0,0,4,75.123,3,12.463,0,0,0,0,1.997,1.697,0.3,0,0,0,0,0,0,0,0,4,0,0,0,0,0,,,,,,,,,,,,,1,county-alert,1,1,overhaul-warning,1,4,last-night,0,,300,0,0,0,0,0,300,2193,0,0,300,2193,0,0,1200,0,0,0,0,0,0,0,0,0,,,7.31,,7.31,,0,,,
stored-night,5,smoke-screen+sluice-jam,w+h+l0,legacy-cycle,300,0,0,9,,78.817,0,0,4,88.157,3,33.69,0,0,0,0,0.843,0.31,0.533,2.407,0,0,0,0,0,0.967,0,4,0,0,0,0,0,,,,,,,,,,,,,1,county-alert,1,1,overhaul-warning,1,4,last-night,0,,300,290,290,2140,0,0,300,1756,0,0,300,1756,0,0,1200,0,0,0,0,0,0,0,0,0.9667,7.3793,,5.8533,,5.8533,,0,,,
stored-night,5,smoke-screen+sluice-jam,w+h+l0,greedy,300,205,0.6833,8.253,0.8786,42.158,0,1.17,1.917,44.967,2.833,1.19,1.04,0.25,0.857,0.067,1.753,1.503,0.243,1.493,0,0.963,0,0.207,0,0.057,0,2.583,0,0,0,0,0,,,,,,,,,,,,,1.193,county-alert,1,1,overhaul-warning,1,4,last-night,0.1933,8.69,300,17,17,134,14,110,300,389,205,229,95,160,0,0,775,257,0,0,0,0,0,0,0,0.0567,7.8824,7.8571,1.2967,1.1171,1.6842,,0.3316,,,
stored-night,5,smoke-screen+sluice-jam,w+h+l0,planner,300,224,0.7467,8.153,0.874,60.592,0,1.053,1.98,44.25,2.72,0.607,0.96,0.163,0.677,0.14,1.823,1.643,0.187,1.73,0,0.907,0.007,0.14,0,0.023,0,2.53,0,0,0,0,0,,,,,,,,,,,,,1.143,county-alert,1,1,overhaul-warning,1,4,last-night,0.1433,8.163,300,7,7,57,6,50,300,842,224,278,76,564,0,0,759,203,0,0,0,0,0,0,0,0.0233,8.1429,8.3333,2.8067,1.2411,7.4211,,0.2675,,,
stored-night,5,smoke-screen+sluice-jam,w+h+l0,forecast-aware,300,73,0.2433,8.833,0.9239,41.758,0,1.277,2.487,63.013,2.037,1.07,3.04,0,1.1,0.917,1.657,1.38,0.347,2.743,0,0.867,0.07,0.34,0,0.02,0,3.273,0,0,0,0,0,,,,,,,,,,,,,1.317,county-alert,1,1,overhaul-warning,1,4,last-night,0.3167,8.842,300,6,6,54,3,27,300,579,73,100,227,479,0,0,982,330,0,0,0,0,0,0,0,0.02,9,9,1.93,1.3699,2.1101,,0.336,,,
stored-night,5,smoke-screen+sluice-jam,w+h+l0,planner-one-mistake,300,95,0.3167,8.85,0.9474,59.532,0,0.74,2.463,59.133,3,13.027,1.25,0.283,1.097,0,1.957,1.723,0.24,1.417,0,0.563,0,0.177,0,0.013,0,3.383,0,0,0,0,0,224,300,224,73,0,48,252,0.3259,1,13.2108,3,0,1.127,county-alert,1,1,overhaul-warning,1,4,last-night,0.1267,9,300,4,4,29,0,0,300,1644,95,104,205,1540,0,0,1015,329,0,0,0,0,0,0,0,0.0133,7.25,,5.48,1.0947,7.5122,,0.3241,,,
stored-night,5,smoke-screen+sluice-jam,w+h+l+,random,300,0,0,9,,83.953,0,0.017,3.697,62.14,2.79,18.103,0.577,1.583,0.307,0.207,0.853,0.647,0.317,0.993,0,0.01,0,0.007,0,0.003,0,3.997,0,0,0,0,0,,,,,,,,,,,,,1.003,county-alert,1,1,overhaul-warning,1,4,last-night,0.0033,7,300,1,1,9,0,0,300,1946,0,0,300,1946,0,0,1199,92,0,0,0,0,0,0,0,0.0033,9,,6.4867,,6.4867,,0.0767,,,
stored-night,5,smoke-screen+sluice-jam,w+h+l+,single-water,300,0,0,9,,86.503,0,0,4,75.123,3,12.463,0,0,0,0,1.997,1.697,0.3,0,0,0,0,0,0,0,0,4,0,0,0,0,0,,,,,,,,,,,,,1,county-alert,1,1,overhaul-warning,1,4,last-night,0,,300,0,0,0,0,0,300,2193,0,0,300,2193,0,0,1200,0,0,0,0,0,0,0,0,0,,,7.31,,7.31,,0,,,
stored-night,5,smoke-screen+sluice-jam,w+h+l+,legacy-cycle,300,0,0,9,,78.813,0,0,4,88.157,3,33.69,0,0,0,0,0.843,0.31,0.533,2.407,0,0,0,0,0,0.967,0,4,0,0,0,0,0,,,,,,,,,,,,,1,county-alert,1,1,overhaul-warning,1,4,last-night,0,,300,290,290,2140,0,0,300,1756,0,0,300,1756,0,0,1200,0,0,0,0,0,0,0,0,0.9667,7.3793,,5.8533,,5.8533,,0,,,
stored-night,5,smoke-screen+sluice-jam,w+h+l+,greedy,300,205,0.6833,8.253,0.8786,42.147,0,1.17,1.917,44.967,2.833,1.19,1.04,0.25,0.857,0.067,1.753,1.503,0.243,1.493,0,0.963,0,0.207,0,0.057,0,2.583,0,0,0,0,0,,,,,,,,,,,,,1.193,county-alert,1,1,overhaul-warning,1,4,last-night,0.1933,8.69,300,17,17,134,14,110,300,389,205,229,95,160,0,0,775,257,0,0,0,0,0,0,0,0.0567,7.8824,7.8571,1.2967,1.1171,1.6842,,0.3316,,,
stored-night,5,smoke-screen+sluice-jam,w+h+l+,planner,300,224,0.7467,8.153,0.874,60.566,0,1.053,1.98,44.25,2.72,0.607,0.957,0.163,0.673,0.14,1.823,1.643,0.187,1.73,0,0.907,0.007,0.14,0,0.023,0,2.527,0,0,0,0,0,,,,,,,,,,,,,1.143,county-alert,1,1,overhaul-warning,1,4,last-night,0.1433,8.163,300,7,7,57,6,50,300,843,224,279,76,564,0,0,758,202,0,0,0,0,0,0,0,0.0233,8.1429,8.3333,2.81,1.2455,7.4211,,0.2665,,,
stored-night,5,smoke-screen+sluice-jam,w+h+l+,forecast-aware,300,74,0.2467,8.83,0.9234,41.611,0,1.273,2.48,62.773,2.037,1.07,3.04,0,1.1,0.917,1.657,1.38,0.347,2.743,0,0.867,0.07,0.337,0,0.02,0,3.27,0,0,0,0,0,,,,,,,,,,,,,1.313,county-alert,1,1,overhaul-warning,1,4,last-night,0.3133,8.84,300,6,6,54,3,27,300,578,74,101,226,477,0,0,981,330,0,0,0,0,0,0,0,0.02,9,9,1.9267,1.3649,2.1106,,0.3364,,,
stored-night,5,smoke-screen+sluice-jam,w+h+l+,planner-one-mistake,300,96,0.32,8.85,0.9479,59.456,0,0.743,2.46,58.973,3,13.107,1.25,0.283,1.097,0,1.957,1.723,0.24,1.427,0,0.57,0,0.173,0,0.013,0,3.383,0,0,0,0,0,224,300,224,74,0,48,252,0.3304,1,13.2108,3,0,1.127,county-alert,1,1,overhaul-warning,1,4,last-night,0.1267,9,300,4,4,29,0,0,300,1642,96,110,204,1532,0,0,1015,329,0,0,0,0,0,0,0,0.0133,7.25,,5.4733,1.1458,7.5098,,0.3241,,,
