level,sequence,deck,scenario,strategy,games,wins,win_rate,avg_end_turn,avg_winning_turn_budget_used,avg_core_remaining_on_loss,illegal_choices,avg_phase_changes,city_repairs,city_repair_amount,shields_raised,shield_absorbed,interrupts,interrupts_failed,repairs_interrupted,shields_interrupted,breaches_opened,breaches_used,breaches_wasted,combos,pulse_refunds,overhaul_started,overhaul_stopped,overhaul_completed,missed_actions,ultimate_uses,pulse_windows,repair_windows,mirror_baits,mirror_followup_windows,mirror_switch_hits,mirror_switch_breaches,mirror_switch_core_damage,planner_baseline_wins,mistakes_injected,eligible_mistake_games,recoveries_after_mistake,no_eligible_mistake_games,missed_interrupt_mistakes,walked_into_shield_mistakes,recovery_rate,eligible_mistake_coverage,avg_finite_score_delta,min_finite_score_delta,mistakes_skipping_a_winning_move,avg_level_phase_changes,act_1_id,act_1_reach_rate,act_1_avg_entry_turn,act_2_id,act_2_reach_rate,act_2_avg_entry_turn,act_3_id,act_3_reach_rate,act_3_avg_entry_turn,diagnostic_games,diagnostic_ultimate_uses,diagnostic_ultimate_games,diagnostic_first_ultimate_turn_sum,diagnostic_winning_ultimate_games,diagnostic_winning_first_ultimate_turn_sum,diagnostic_terminal_games,diagnostic_terminal_malice_sum,diagnostic_terminal_wins,diagnostic_terminal_malice_wins_sum,diagnostic_terminal_losses,diagnostic_terminal_malice_losses_sum,diagnostic_pulse_windows,diagnostic_pulse_refunds,diagnostic_repair_windows,diagnostic_repairs_interrupted,diagnostic_mirror_baits,diagnostic_mirror_followup_windows,diagnostic_mirror_switch_hits,diagnostic_mirror_switch_breaches,diagnostic_mirror_switch_core_damage,diagnostic_mirror_breach_games,diagnostic_mirror_breach_wins,diagnostic_ultimate_use_rate,diagnostic_avg_first_ultimate_turn,diagnostic_avg_winning_first_ultimate_turn,diagnostic_avg_terminal_malice,diagnostic_avg_terminal_malice_wins,diagnostic_avg_terminal_malice_losses,diagnostic_pulse_combo_use_rate,diagnostic_repair_interrupt_rate,diagnostic_mirror_switch_hit_rate,diagnostic_mirror_switch_breach_rate,diagnostic_mirror_breach_win_rate
empty-cup,1,starter,w0h0l0,random,100,1,0.01,8,1,47.707,0,0,1.81,34.51,0,0,0.19,1.21,0.19,0,0.7,0.49,0.21,0.9,0,0,0,0,0,0,0,2,0,0,0,0,0,,,,,,,,,,,,,2,trial-cup,1,1,cut-supply,1,3,empty-cup-quiz,1,5,100,0,0,0,0,0,100,713,1,0,99,713,0,0,200,19,0,0,0,0,0,0,0,0,,,7.13,0,7.202,,0.095,,,
empty-cup,1,starter,w0h0l0,single-water,100,0,0,8,,43.52,0,0,2,39,0,0,0,0,0,0,0.99,0.96,0.03,0,0,0,0,0,0,0,0,2,0,0,0,0,0,,,,,,,,,,,,,2,trial-cup,1,1,cut-supply,1,3,empty-cup-quiz,1,5,100,0,0,0,0,0,100,717,0,0,100,717,0,0,200,0,0,0,0,0,0,0,0,0,,,7.17,,7.17,,0,,,
empty-cup,1,starter,w0h0l0,legacy-cycle,100,7,0.07,8,1,9.323,0,0,2,39,0,0,0,0,0,0,0.25,0,0.25,2.96,0,0,0,0,0,0.88,0,2,0,0,0,0,0,,,,,,,,,,,,,2,trial-cup,1,1,cut-supply,1,3,empty-cup-quiz,1,5,100,88,88,638,7,49,100,514,7,35,93,479,0,0,200,0,0,0,0,0,0,0,0,0.88,7.25,7,5.14,5,5.1505,,0,,,
empty-cup,1,starter,w0h0l0,greedy,100,92,0.92,7.22,0.894,2.625,0,0,1.14,22.06,0,0,0.56,0.07,0.56,0,1.53,1.38,0.15,1.37,0,0,0,0,0,0.02,0,1.97,0,0,0,0,0,,,,,,,,,,,,,2,trial-cup,1,1,cut-supply,1,3,empty-cup-quiz,1,5,100,2,2,14,2,14,100,207,92,191,8,16,0,0,197,56,0,0,0,0,0,0,0,0.02,7,7,2.07,2.0761,2,,0.2843,,,
empty-cup,1,starter,w0h0l0,planner,100,100,1,6.88,0.86,,0,0,1.07,20.69,0,0,0.46,0.02,0.46,0,1.56,1.46,0.1,1.65,0,0,0,0,0,0,0,1.97,0,0,0,0,0,,,,,,,,,,,,,2,trial-cup,1,1,cut-supply,1,3,empty-cup-quiz,1,5,100,0,0,0,0,0,100,159,100,159,0,0,0,0,197,46,0,0,0,0,0,0,0,0,,,1.59,1.59,,,0.2335,,,
empty-cup,1,starter,w0h0l0,forecast-aware,100,98,0.98,7.22,0.9005,2,0,0,1.28,24.85,0,0,0.46,0,0.46,0,1.66,1.51,0.15,2.22,0,0,0,0,0,0.11,0,1.96,0,0,0,0,0,,,,,,,,,,,,,2,trial-cup,1,1,cut-supply,1,3,empty-cup-quiz,1,5,100,11,11,79,11,79,100,181,98,177,2,4,0,0,196,46,0,0,0,0,0,0,0,0.11,7.1818,7.1818,1.81,1.8061,2,,0.2347,,,
empty-cup,1,starter,w0h0l0,planner-one-mistake,100,99,0.99,7.34,0.9167,22,0,0,1.65,32,0,0,0.07,0.04,0.07,0,1.79,1.78,0.01,1.69,0,0,0,0,0,0.02,0,2,0,0,0,0,0,100,46,46,45,54,46,0,0.9783,0.46,6.4185,0.5,0,2,trial-cup,1,1,cut-supply,1,3,empty-cup-quiz,1,5,100,2,2,14,2,14,100,149,99,139,1,10,0,0,200,7,0,0,0,0,0,0,0,0.02,7,7,1.49,1.404,10,,0.035,,,
empty-cup,1,starter,w-h-l-,random,100,0,0,8,,51.39,0,0,1.81,34.32,0,0,0.19,1.21,0.19,0,0.7,0.49,0.21,0.9,0,0,0,0,0,0,0,2,0,0,0,0,0,,,,,,,,,,,,,2,trial-cup,1,1,cut-supply,1,3,empty-cup-quiz,1,5,100,0,0,0,0,0,100,713,0,0,100,713,0,0,200,19,0,0,0,0,0,0,0,0,,,7.13,,7.13,,0.095,,,
empty-cup,1,starter,w-h-l-,single-water,100,0,0,8,,58.97,0,0,2,38.97,0,0,0,0,0,0,0.99,0.96,0.03,0,0,0,0,0,0,0,0,2,0,0,0,0,0,,,,,,,,,,,,,2,trial-cup,1,1,cut-supply,1,3,empty-cup-quiz,1,5,100,0,0,0,0,0,100,717,0,0,100,717,0,0,200,0,0,0,0,0,0,0,0,0,,,7.17,,7.17,,0,,,
empty-cup,1,starter,w-h-l-,legacy-cycle,100,0,0,8,,16.64,0,0,2,39,0,0,0,0,0,0,0.25,0,0.25,2.96,0,0,0,0,0,0.88,0,2,0,0,0,0,0,,,,,,,,,,,,,2,trial-cup,1,1,cut-supply,1,3,empty-cup-quiz,1,5,100,88,88,638,0,0,100,514,0,0,100,514,0,0,200,0,0,0,0,0,0,0,0,0.88,7.25,,5.14,,5.14,,0,,,
empty-cup,1,starter,w-h-l-,greedy,100,89,0.89,7.27,0.8975,6.364,0,0,1.28,24.8,0,0,0.46,0.07,0.46,0,1.72,1.61,0.11,1.18,0,0,0,0,0,0.01,0,1.97,0,0,0,0,0,,,,,,,,,,,,,2,trial-cup,1,1,cut-supply,1,3,empty-cup-quiz,1,5,100,1,1,7,1,7,100,206,89,171,11,35,0,0,197,46,0,0,0,0,0,0,0,0.01,7,7,2.06,1.9213,3.1818,,0.2335,,,
empty-cup,1,starter,w-h-l-,planner,100,92,0.92,7.17,0.8872,20,0,0,1.18,22.87,0,0,0.49,0.04,0.49,0,1.66,1.59,0.07,1.71,0,0,0,0,0,0.02,0,1.97,0,0,0,0,0,,,,,,,,,,,,,2,trial-cup,1,1,cut-supply,1,3,empty-cup-quiz,1,5,100,2,2,15,2,15,100,221,92,165,8,56,0,0,197,49,0,0,0,0,0,0,0,0.02,7.5,7.5,2.21,1.7935,7,,0.2487,,,
empty-cup,1,starter,w-h-l-,forecast-aware,100,82,0.82,7.36,0.9024,5.167,0,0,1.34,26.05,0,0,0.46,0,0.46,0,1.69,1.58,0.11,2.31,0,0,0,0,0,0.11,0,1.96,0,0,0,0,0,,,,,,,,,,,,,2,trial-cup,1,1,cut-supply,1,3,empty-cup-quiz,1,5,100,11,11,79,11,79,100,180,82,137,18,43,0,0,196,46,0,0,0,0,0,0,0,0.11,7.1818,7.1818,1.8,1.6707,2.3889,,0.2347,,,
empty-cup,1,starter,w-h-l-,planner-one-mistake,100,81,0.81,7.57,0.9336,19.737,0,0,1.74,33.8,0,0,0.07,0.03,0.07,0,1.76,1.72,0.04,1.22,0,0,0,0,0,0.04,0,2,0,0,0,0,0,92,49,49,38,51,49,0,0.7755,0.5326,6.9643,0.5,0,2,trial-cup,1,1,cut-supply,1,3,empty-cup-quiz,1,5,100,4,4,30,4,30,100,261,81,126,19,135,0,0,200,7,0,0,0,0,0,0,0,0.04,7.5,7.5,2.61,1.5556,7.1053,,0.035,,,
empty-cup,1,starter,w+h+l+,random,100,2,0.02,8,1,44.316,0,0,1.81,34.58,0,0,0.19,1.21,0.19,0,0.7,0.49,0.21,0.9,0,0,0,0,0,0,0,2,0,0,0,0,0,,,,,,,,,,,,,2,trial-cup,1,1,cut-supply,1,3,empty-cup-quiz,1,5,100,0,0,0,0,0,100,713,2,6,98,707,0,0,200,19,0,0,0,0,0,0,0,0,,,7.13,3,7.2143,,0.095,,,
empty-cup,1,starter,w+h+l+,single-water,100,0,0,8,,29.62,0,0,2,39,0,0,0,0,0,0,0.99,0.96,0.03,0,0,0,0,0,0,0,0,2,0,0,0,0,0,,,,,,,,,,,,,2,trial-cup,1,1,cut-supply,1,3,empty-cup-quiz,1,5,100,0,0,0,0,0,100,717,0,0,100,717,0,0,200,0,0,0,0,0,0,0,0,0,,,7.17,,7.17,,0,,,
empty-cup,1,starter,w+h+l+,legacy-cycle,100,65,0.65,8,1,14.029,0,0,2,39,0,0,0,0,0,0,0.25,0,0.25,2.96,0,0,0,0,0,0.88,0,2,0,0,0,0,0,,,,,,,,,,,,,2,trial-cup,1,1,cut-supply,1,3,empty-cup-quiz,1,5,100,88,88,638,65,468,100,514,65,312,35,202,0,0,200,0,0,0,0,0,0,0,0,0.88,7.25,7.2,5.14,4.8,5.7714,,0,,,
empty-cup,1,starter,w+h+l+,greedy,100,99,0.99,6.8,0.8485,4,0,0,1.03,19.87,0,0,0.46,0.1,0.46,0,1.31,1.1,0.21,1.29,0,0,0,0,0,0.03,0,1.97,0,0,0,0,0,,,,,,,,,,,,,2,trial-cup,1,1,cut-supply,1,3,empty-cup-quiz,1,5,100,3,3,21,3,21,100,161,99,159,1,2,0,0,197,46,0,0,0,0,0,0,0,0.03,7,7,1.61,1.6061,2,,0.2335,,,
empty-cup,1,starter,w+h+l+,planner,100,100,1,6.51,0.8138,,0,0,0.94,18.09,0,0,0.41,0.02,0.41,0,1.51,1.2,0.31,1.49,0,0,0,0,0,0.01,0,1.99,0,0,0,0,0,,,,,,,,,,,,,2,trial-cup,1,1,cut-supply,1,3,empty-cup-quiz,1,5,100,1,1,7,1,7,100,122,100,122,0,0,0,0,199,41,0,0,0,0,0,0,0,0.01,7,7,1.22,1.22,,,0.206,,,
empty-cup,1,starter,w+h+l+,forecast-aware,100,100,1,7.01,0.8763,,0,0,1.2,23.25,0,0,0.46,0,0.46,0,1.65,1.44,0.21,2.14,0,0,0,0,0,0.11,0,1.95,0,0,0,0,0,,,,,,,,,,,,,2,trial-cup,1,1,cut-supply,1,3,empty-cup-quiz,1,5,100,11,11,79,11,79,100,160,100,160,0,0,0,0,195,46,0,0,0,0,0,0,0,0.11,7.1818,7.1818,1.6,1.6,,,0.2359,,,
empty-cup,1,starter,w+h+l+,planner-one-mistake,100,100,1,6.79,0.8488,,0,0,1.43,27.6,0,0,0.05,0.01,0.05,0,1.69,1.42,0.27,1.74,0,0,0,0,0,0.04,0,2,0,0,0,0,0,100,41,41,41,59,41,0,1,0.41,7.3963,1.5,0,2,trial-cup,1,1,cut-supply,1,3,empty-cup-quiz,1,5,100,4,4,28,4,28,100,97,100,97,0,0,0,0,200,5,0,0,0,0,0,0,0,0.04,7,7,0.97,0.97,,,0.025,,,
empty-cup,1,starter,w-h0l0,random,100,0,0,8,,51.39,0,0,1.81,34.32,0,0,0.19,1.21,0.19,0,0.7,0.49,0.21,0.9,0,0,0,0,0,0,0,2,0,0,0,0,0,,,,,,,,,,,,,2,trial-cup,1,1,cut-supply,1,3,empty-cup-quiz,1,5,100,0,0,0,0,0,100,713,0,0,100,713,0,0,200,19,0,0,0,0,0,0,0,0,,,7.13,,7.13,,0.095,,,
empty-cup,1,starter,w-h0l0,single-water,100,0,0,8,,58.97,0,0,2,38.97,0,0,0,0,0,0,0.99,0.96,0.03,0,0,0,0,0,0,0,0,2,0,0,0,0,0,,,,,,,,,,,,,2,trial-cup,1,1,cut-supply,1,3,empty-cup-quiz,1,5,100,0,0,0,0,0,100,717,0,0,100,717,0,0,200,0,0,0,0,0,0,0,0,0,,,7.17,,7.17,,0,,,
empty-cup,1,starter,w-h0l0,legacy-cycle,100,0,0,8,,16.64,0,0,2,39,0,0,0,0,0,0,0.25,0,0.25,2.96,0,0,0,0,0,0.88,0,2,0,0,0,0,0,,,,,,,,,,,,,2,trial-cup,1,1,cut-supply,1,3,empty-cup-quiz,1,5,100,88,88,638,0,0,100,514,0,0,100,514,0,0,200,0,0,0,0,0,0,0,0,0.88,7.25,,5.14,,5.14,,0,,,
empty-cup,1,starter,w-h0l0,greedy,100,89,0.89,7.27,0.8975,6.364,0,0,1.28,24.8,0,0,0.46,0.07,0.46,0,1.72,1.61,0.11,1.18,0,0,0,0,0,0.01,0,1.97,0,0,0,0,0,,,,,,,,,,,,,2,trial-cup,1,1,cut-supply,1,3,empty-cup-quiz,1,5,100,1,1,7,1,7,100,206,89,171,11,35,0,0,197,46,0,0,0,0,0,0,0,0.01,7,7,2.06,1.9213,3.1818,,0.2335,,,
empty-cup,1,starter,w-h0l0,planner,100,92,0.92,7.17,0.8872,20,0,0,1.18,22.87,0,0,0.49,0.04,0.49,0,1.66,1.59,0.07,1.71,0,0,0,0,0,0.02,0,1.97,0,0,0,0,0,,,,,,,,,,,,,2,trial-cup,1,1,cut-supply,1,3,empty-cup-quiz,1,5,100,2,2,15,2,15,100,221,92,165,8,56,0,0,197,49,0,0,0,0,0,0,0,0.02,7.5,7.5,2.21,1.7935,7,,0.2487,,,
empty-cup,1,starter,w-h0l0,forecast-aware,100,82,0.82,7.36,0.9024,5.167,0,0,1.34,26.05,0,0,0.46,0,0.46,0,1.69,1.58,0.11,2.31,0,0,0,0,0,0.11,0,1.96,0,0,0,0,0,,,,,,,,,,,,,2,trial-cup,1,1,cut-supply,1,3,empty-cup-quiz,1,5,100,11,11,79,11,79,100,180,82,137,18,43,0,0,196,46,0,0,0,0,0,0,0,0.11,7.1818,7.1818,1.8,1.6707,2.3889,,0.2347,,,
empty-cup,1,starter,w-h0l0,planner-one-mistake,100,81,0.81,7.57,0.9336,19.737,0,0,1.74,33.8,0,0,0.07,0.03,0.07,0,1.76,1.72,0.04,1.22,0,0,0,0,0,0.04,0,2,0,0,0,0,0,92,49,49,38,51,49,0,0.7755,0.5326,6.9643,0.5,0,2,trial-cup,1,1,cut-supply,1,3,empty-cup-quiz,1,5,100,4,4,30,4,30,100,261,81,126,19,135,0,0,200,7,0,0,0,0,0,0,0,0.04,7.5,7.5,2.61,1.5556,7.1053,,0.035,,,
empty-cup,1,starter,w+h0l0,random,100,2,0.02,8,1,44.316,0,0,1.81,34.58,0,0,0.19,1.21,0.19,0,0.7,0.49,0.21,0.9,0,0,0,0,0,0,0,2,0,0,0,0,0,,,,,,,,,,,,,2,trial-cup,1,1,cut-supply,1,3,empty-cup-quiz,1,5,100,0,0,0,0,0,100,713,2,6,98,707,0,0,200,19,0,0,0,0,0,0,0,0,,,7.13,3,7.2143,,0.095,,,
empty-cup,1,starter,w+h0l0,single-water,100,0,0,8,,29.62,0,0,2,39,0,0,0,0,0,0,0.99,0.96,0.03,0,0,0,0,0,0,0,0,2,0,0,0,0,0,,,,,,,,,,,,,2,trial-cup,1,1,cut-supply,1,3,empty-cup-quiz,1,5,100,0,0,0,0,0,100,717,0,0,100,717,0,0,200,0,0,0,0,0,0,0,0,0,,,7.17,,7.17,,0,,,
empty-cup,1,starter,w+h0l0,legacy-cycle,100,65,0.65,8,1,14.029,0,0,2,39,0,0,0,0,0,0,0.25,0,0.25,2.96,0,0,0,0,0,0.88,0,2,0,0,0,0,0,,,,,,,,,,,,,2,trial-cup,1,1,cut-supply,1,3,empty-cup-quiz,1,5,100,88,88,638,65,468,100,514,65,312,35,202,0,0,200,0,0,0,0,0,0,0,0,0.88,7.25,7.2,5.14,4.8,5.7714,,0,,,
empty-cup,1,starter,w+h0l0,greedy,100,99,0.99,6.8,0.8485,4,0,0,1.03,19.87,0,0,0.46,0.1,0.46,0,1.31,1.1,0.21,1.29,0,0,0,0,0,0.03,0,1.97,0,0,0,0,0,,,,,,,,,,,,,2,trial-cup,1,1,cut-supply,1,3,empty-cup-quiz,1,5,100,3,3,21,3,21,100,161,99,159,1,2,0,0,197,46,0,0,0,0,0,0,0,0.03,7,7,1.61,1.6061,2,,0.2335,,,
empty-cup,1,starter,w+h0l0,planner,100,100,1,6.51,0.8138,,0,0,0.94,18.09,0,0,0.41,0.02,0.41,0,1.51,1.2,0.31,1.49,0,0,0,0,0,0.01,0,1.99,0,0,0,0,0,,,,,,,,,,,,,2,trial-cup,1,1,cut-supply,1,3,empty-cup-quiz,1,5,100,1,1,7,1,7,100,122,100,122,0,0,0,0,199,41,0,0,0,0,0,0,0,0.01,7,7,1.22,1.22,,,0.206,,,
empty-cup,1,starter,w+h0l0,forecast-aware,100,100,1,7.01,0.8763,,0,0,1.2,23.25,0,0,0.46,0,0.46,0,1.65,1.44,0.21,2.14,0,0,0,0,0,0.11,0,1.95,0,0,0,0,0,,,,,,,,,,,,,2,trial-cup,1,1,cut-supply,1,3,empty-cup-quiz,1,5,100,11,11,79,11,79,100,160,100,160,0,0,0,0,195,46,0,0,0,0,0,0,0,0.11,7.1818,7.1818,1.6,1.6,,,0.2359,,,
empty-cup,1,starter,w+h0l0,planner-one-mistake,100,100,1,6.79,0.8488,,0,0,1.43,27.6,0,0,0.05,0.01,0.05,0,1.69,1.42,0.27,1.74,0,0,0,0,0,0.04,0,2,0,0,0,0,0,100,41,41,41,59,41,0,1,0.41,7.3963,1.5,0,2,trial-cup,1,1,cut-supply,1,3,empty-cup-quiz,1,5,100,4,4,28,4,28,100,97,100,97,0,0,0,0,200,5,0,0,0,0,0,0,0,0.04,7,7,0.97,0.97,,,0.025,,,
empty-cup,1,starter,w0h-l0,random,100,1,0.01,8,1,47.707,0,0,1.81,34.51,0,0,0.19,1.21,0.19,0,0.7,0.49,0.21,0.9,0,0,0,0,0,0,0,2,0,0,0,0,0,,,,,,,,,,,,,2,trial-cup,1,1,cut-supply,1,3,empty-cup-quiz,1,5,100,0,0,0,0,0,100,713,1,0,99,713,0,0,200,19,0,0,0,0,0,0,0,0,,,7.13,0,7.202,,0.095,,,
empty-cup,1,starter,w0h-l0,single-water,100,0,0,8,,43.52,0,0,2,39,0,0,0,0,0,0,0.99,0.96,0.03,0,0,0,0,0,0,0,0,2,0,0,0,0,0,,,,,,,,,,,,,2,trial-cup,1,1,cut-supply,1,3,empty-cup-quiz,1,5,100,0,0,0,0,0,100,717,0,0,100,717,0,0,200,0,0,0,0,0,0,0,0,0,,,7.17,,7.17,,0,,,
empty-cup,1,starter,w0h-l0,legacy-cycle,100,7,0.07,8,1,9.323,0,0,2,39,0,0,0,0,0,0,0.25,0,0.25,2.96,0,0,0,0,0,0.88,0,2,0,0,0,0,0,,,,,,,,,,,,,2,trial-cup,1,1,cut-supply,1,3,empty-cup-quiz,1,5,100,88,88,638,7,49,100,514,7,35,93,479,0,0,200,0,0,0,0,0,0,0,0,0.88,7.25,7,5.14,5,5.1505,,0,,,
empty-cup,1,starter,w0h-l0,greedy,100,92,0.92,7.22,0.894,2.625,0,0,1.14,22.06,0,0,0.56,0.07,0.56,0,1.53,1.38,0.15,1.37,0,0,0,0,0,0.02,0,1.97,0,0,0,0,0,,,,,,,,,,,,,2,trial-cup,1,1,cut-supply,1,3,empty-cup-quiz,1,5,100,2,2,14,2,14,100,207,92,191,8,16,0,0,197,56,0,0,0,0,0,0,0,0.02,7,7,2.07,2.0761,2,,0.2843,,,
empty-cup,1,starter,w0h-l0,planner,100,100,1,6.88,0.86,,0,0,1.07,20.69,0,0,0.46,0.02,0.46,0,1.56,1.46,0.1,1.65,0,0,0,0,0,0,0,1.97,0,0,0,0,0,,,,,,,,,,,,,2,trial-cup,1,1,cut-supply,1,3,empty-cup-quiz,1,5,100,0,0,0,0,0,100,159,100,159,0,0,0,0,197,46,0,0,0,0,0,0,0,0,,,1.59,1.59,,,0.2335,,,
empty-cup,1,starter,w0h-l0,forecast-aware,100,98,0.98,7.22,0.9005,2,0,0,1.28,24.85,0,0,0.46,0,0.46,0,1.66,1.51,0.15,2.22,0,0,0,0,0,0.11,0,1.96,0,0,0,0,0,,,,,,,,,,,,,2,trial-cup,1,1,cut-supply,1,3,empty-cup-quiz,1,5,100,11,11,79,11,79,100,181,98,177,2,4,0,0,196,46,0,0,0,0,0,0,0,0.11,7.1818,7.1818,1.81,1.8061,2,,0.2347,,,
empty-cup,1,starter,w0h-l0,planner-one-mistake,100,99,0.99,7.34,0.9167,22,0,0,1.65,32,0,0,0.07,0.04,0.07,0,1.79,1.78,0.01,1.69,0,0,0,0,0,0.02,0,2,0,0,0,0,0,100,46,46,45,54,46,0,0.9783,0.46,6.4185,0.5,0,2,trial-cup,1,1,cut-supply,1,3,empty-cup-quiz,1,5,100,2,2,14,2,14,100,149,99,139,1,10,0,0,200,7,0,0,0,0,0,0,0,0.02,7,7,1.49,1.404,10,,0.035,,,
empty-cup,1,starter,w0h+l0,random,100,1,0.01,8,1,47.707,0,0,1.81,34.51,0,0,0.19,1.21,0.19,0,0.7,0.49,0.21,0.9,0,0,0,0,0,0,0,2,0,0,0,0,0,,,,,,,,,,,,,2,trial-cup,1,1,cut-supply,1,3,empty-cup-quiz,1,5,100,0,0,0,0,0,100,713,1,0,99,713,0,0,200,19,0,0,0,0,0,0,0,0,,,7.13,0,7.202,,0.095,,,
empty-cup,1,starter,w0h+l0,single-water,100,0,0,8,,43.52,0,0,2,39,0,0,0,0,0,0,0.99,0.96,0.03,0,0,0,0,0,0,0,0,2,0,0,0,0,0,,,,,,,,,,,,,2,trial-cup,1,1,cut-supply,1,3,empty-cup-quiz,1,5,100,0,0,0,0,0,100,717,0,0,100,717,0,0,200,0,0,0,0,0,0,0,0,0,,,7.17,,7.17,,0,,,
empty-cup,1,starter,w0h+l0,legacy-cycle,100,7,0.07,8,1,9.323,0,0,2,39,0,0,0,0,0,0,0.25,0,0.25,2.96,0,0,0,0,0,0.88,0,2,0,0,0,0,0,,,,,,,,,,,,,2,trial-cup,1,1,cut-supply,1,3,empty-cup-quiz,1,5,100,88,88,638,7,49,100,514,7,35,93,479,0,0,200,0,0,0,0,0,0,0,0,0.88,7.25,7,5.14,5,5.1505,,0,,,
empty-cup,1,starter,w0h+l0,greedy,100,92,0.92,7.22,0.894,2.625,0,0,1.14,22.06,0,0,0.56,0.07,0.56,0,1.53,1.38,0.15,1.37,0,0,0,0,0,0.02,0,1.97,0,0,0,0,0,,,,,,,,,,,,,2,trial-cup,1,1,cut-supply,1,3,empty-cup-quiz,1,5,100,2,2,14,2,14,100,207,92,191,8,16,0,0,197,56,0,0,0,0,0,0,0,0.02,7,7,2.07,2.0761,2,,0.2843,,,
empty-cup,1,starter,w0h+l0,planner,100,100,1,6.88,0.86,,0,0,1.07,20.69,0,0,0.46,0.02,0.46,0,1.56,1.46,0.1,1.65,0,0,0,0,0,0,0,1.97,0,0,0,0,0,,,,,,,,,,,,,2,trial-cup,1,1,cut-supply,1,3,empty-cup-quiz,1,5,100,0,0,0,0,0,100,159,100,159,0,0,0,0,197,46,0,0,0,0,0,0,0,0,,,1.59,1.59,,,0.2335,,,
empty-cup,1,starter,w0h+l0,forecast-aware,100,98,0.98,7.22,0.9005,2,0,0,1.28,24.85,0,0,0.46,0,0.46,0,1.66,1.51,0.15,2.22,0,0,0,0,0,0.11,0,1.96,0,0,0,0,0,,,,,,,,,,,,,2,trial-cup,1,1,cut-supply,1,3,empty-cup-quiz,1,5,100,11,11,79,11,79,100,181,98,177,2,4,0,0,196,46,0,0,0,0,0,0,0,0.11,7.1818,7.1818,1.81,1.8061,2,,0.2347,,,
empty-cup,1,starter,w0h+l0,planner-one-mistake,100,99,0.99,7.34,0.9167,22,0,0,1.65,32,0,0,0.07,0.04,0.07,0,1.79,1.78,0.01,1.69,0,0,0,0,0,0.02,0,2,0,0,0,0,0,100,46,46,45,54,46,0,0.9783,0.46,6.4185,0.5,0,2,trial-cup,1,1,cut-supply,1,3,empty-cup-quiz,1,5,100,2,2,14,2,14,100,149,99,139,1,10,0,0,200,7,0,0,0,0,0,0,0,0.02,7,7,1.49,1.404,10,,0.035,,,
empty-cup,1,starter,w0h0l-,random,100,1,0.01,8,1,47.707,0,0,1.81,34.51,0,0,0.19,1.21,0.19,0,0.7,0.49,0.21,0.9,0,0,0,0,0,0,0,2,0,0,0,0,0,,,,,,,,,,,,,2,trial-cup,1,1,cut-supply,1,3,empty-cup-quiz,1,5,100,0,0,0,0,0,100,713,1,0,99,713,0,0,200,19,0,0,0,0,0,0,0,0,,,7.13,0,7.202,,0.095,,,
empty-cup,1,starter,w0h0l-,single-water,100,0,0,8,,43.52,0,0,2,39,0,0,0,0,0,0,0.99,0.96,0.03,0,0,0,0,0,0,0,0,2,0,0,0,0,0,,,,,,,,,,,,,2,trial-cup,1,1,cut-supply,1,3,empty-cup-quiz,1,5,100,0,0,0,0,0,100,717,0,0,100,717,0,0,200,0,0,0,0,0,0,0,0,0,,,7.17,,7.17,,0,,,
empty-cup,1,starter,w0h0l-,legacy-cycle,100,7,0.07,8,1,9.323,0,0,2,39,0,0,0,0,0,0,0.25,0,0.25,2.96,0,0,0,0,0,0.88,0,2,0,0,0,0,0,,,,,,,,,,,,,2,trial-cup,1,1,cut-supply,1,3,empty-cup-quiz,1,5,100,88,88,638,7,49,100,514,7,35,93,479,0,0,200,0,0,0,0,0,0,0,0,0.88,7.25,7,5.14,5,5.1505,,0,,,
empty-cup,1,starter,w0h0l-,greedy,100,92,0.92,7.22,0.894,2.625,0,0,1.14,22.06,0,0,0.56,0.07,0.56,0,1.53,1.38,0.15,1.37,0,0,0,0,0,0.02,0,1.97,0,0,0,0,0,,,,,,,,,,,,,2,trial-cup,1,1,cut-supply,1,3,empty-cup-quiz,1,5,100,2,2,14,2,14,100,207,92,191,8,16,0,0,197,56,0,0,0,0,0,0,0,0.02,7,7,2.07,2.0761,2,,0.2843,,,
empty-cup,1,starter,w0h0l-,planner,100,100,1,6.88,0.86,,0,0,1.07,20.69,0,0,0.46,0.02,0.46,0,1.56,1.46,0.1,1.65,0,0,0,0,0,0,0,1.97,0,0,0,0,0,,,,,,,,,,,,,2,trial-cup,1,1,cut-supply,1,3,empty-cup-quiz,1,5,100,0,0,0,0,0,100,159,100,159,0,0,0,0,197,46,0,0,0,0,0,0,0,0,,,1.59,1.59,,,0.2335,,,
empty-cup,1,starter,w0h0l-,forecast-aware,100,98,0.98,7.22,0.9005,2,0,0,1.28,24.85,0,0,0.46,0,0.46,0,1.66,1.51,0.15,2.22,0,0,0,0,0,0.11,0,1.96,0,0,0,0,0,,,,,,,,,,,,,2,trial-cup,1,1,cut-supply,1,3,empty-cup-quiz,1,5,100,11,11,79,11,79,100,181,98,177,2,4,0,0,196,46,0,0,0,0,0,0,0,0.11,7.1818,7.1818,1.81,1.8061,2,,0.2347,,,
empty-cup,1,starter,w0h0l-,planner-one-mistake,100,99,0.99,7.34,0.9167,22,0,0,1.65,32,0,0,0.07,0.04,0.07,0,1.79,1.78,0.01,1.69,0,0,0,0,0,0.02,0,2,0,0,0,0,0,100,46,46,45,54,46,0,0.9783,0.46,6.4185,0.5,0,2,trial-cup,1,1,cut-supply,1,3,empty-cup-quiz,1,5,100,2,2,14,2,14,100,149,99,139,1,10,0,0,200,7,0,0,0,0,0,0,0,0.02,7,7,1.49,1.404,10,,0.035,,,
empty-cup,1,starter,w0h0l+,random,100,1,0.01,8,1,47.707,0,0,1.81,34.51,0,0,0.19,1.21,0.19,0,0.7,0.49,0.21,0.9,0,0,0,0,0,0,0,2,0,0,0,0,0,,,,,,,,,,,,,2,trial-cup,1,1,cut-supply,1,3,empty-cup-quiz,1,5,100,0,0,0,0,0,100,713,1,0,99,713,0,0,200,19,0,0,0,0,0,0,0,0,,,7.13,0,7.202,,0.095,,,
empty-cup,1,starter,w0h0l+,single-water,100,0,0,8,,43.52,0,0,2,39,0,0,0,0,0,0,0.99,0.96,0.03,0,0,0,0,0,0,0,0,2,0,0,0,0,0,,,,,,,,,,,,,2,trial-cup,1,1,cut-supply,1,3,empty-cup-quiz,1,5,100,0,0,0,0,0,100,717,0,0,100,717,0,0,200,0,0,0,0,0,0,0,0,0,,,7.17,,7.17,,0,,,
empty-cup,1,starter,w0h0l+,legacy-cycle,100,7,0.07,8,1,9.323,0,0,2,39,0,0,0,0,0,0,0.25,0,0.25,2.96,0,0,0,0,0,0.88,0,2,0,0,0,0,0,,,,,,,,,,,,,2,trial-cup,1,1,cut-supply,1,3,empty-cup-quiz,1,5,100,88,88,638,7,49,100,514,7,35,93,479,0,0,200,0,0,0,0,0,0,0,0,0.88,7.25,7,5.14,5,5.1505,,0,,,
empty-cup,1,starter,w0h0l+,greedy,100,92,0.92,7.22,0.894,2.625,0,0,1.14,22.06,0,0,0.56,0.07,0.56,0,1.53,1.38,0.15,1.37,0,0,0,0,0,0.02,0,1.97,0,0,0,0,0,,,,,,,,,,,,,2,trial-cup,1,1,cut-supply,1,3,empty-cup-quiz,1,5,100,2,2,14,2,14,100,207,92,191,8,16,0,0,197,56,0,0,0,0,0,0,0,0.02,7,7,2.07,2.0761,2,,0.2843,,,
empty-cup,1,starter,w0h0l+,planner,100,100,1,6.88,0.86,,0,0,1.07,20.69,0,0,0.46,0.02,0.46,0,1.56,1.46,0.1,1.65,0,0,0,0,0,0,0,1.97,0,0,0,0,0,,,,,,,,,,,,,2,trial-cup,1,1,cut-supply,1,3,empty-cup-quiz,1,5,100,0,0,0,0,0,100,159,100,159,0,0,0,0,197,46,0,0,0,0,0,0,0,0,,,1.59,1.59,,,0.2335,,,
empty-cup,1,starter,w0h0l+,forecast-aware,100,98,0.98,7.22,0.9005,2,0,0,1.28,24.85,0,0,0.46,0,0.46,0,1.66,1.51,0.15,2.22,0,0,0,0,0,0.11,0,1.96,0,0,0,0,0,,,,,,,,,,,,,2,trial-cup,1,1,cut-supply,1,3,empty-cup-quiz,1,5,100,11,11,79,11,79,100,181,98,177,2,4,0,0,196,46,0,0,0,0,0,0,0,0.11,7.1818,7.1818,1.81,1.8061,2,,0.2347,,,
empty-cup,1,starter,w0h0l+,planner-one-mistake,100,99,0.99,7.34,0.9167,22,0,0,1.65,32,0,0,0.07,0.04,0.07,0,1.79,1.78,0.01,1.69,0,0,0,0,0,0.02,0,2,0,0,0,0,0,100,46,46,45,54,46,0,0.9783,0.46,6.4185,0.5,0,2,trial-cup,1,1,cut-supply,1,3,empty-cup-quiz,1,5,100,2,2,14,2,14,100,149,99,139,1,10,0,0,200,7,0,0,0,0,0,0,0,0.02,7,7,1.49,1.404,10,,0.035,,,
noon-fold,2,starter,w0h0l0,random,100,0,0,9,,69.23,0,0,1.91,40.36,4.85,24.04,0.24,1.25,0.09,0.15,0.55,0.4,0.27,1.01,0,0,0,0,0,0.01,0,2,0,0,0,0,0,,,,,,,,,,,,,2,single-shield,1,1,shift-guard,1,3,crossed-windows,1,5,100,1,1,9,0,0,100,709,0,0,100,709,0,0,200,9,0,0,0,0,0,0,0,0.01,9,,7.09,,7.09,,0.045,,,
noon-fold,2,starter,w0h0l0,single-water,100,0,0,9,,60.58,0,0,2,48,5,23.13,0,0,0,0,1,1,0.5,0,0,0,0,0,0,0,0,2,0,0,0,0,0,,,,,,,,,,,,,2,single-shield,1,1,shift-guard,1,3,crossed-windows,1,5,100,0,0,0,0,0,100,665,0,0,100,665,0,0,200,0,0,0,0,0,0,0,0,0,,,6.65,,6.65,,0,,,
noon-fold,2,starter,w0h0l0,legacy-cycle,100,0,0,9,,51.91,0,0,2,47.51,5,45.14,0,0,0,0,0.14,0,0.14,2.96,0,0,0,0,0,1,0,2,0,0,0,0,0,,,,,,,,,,,,,2,single-shield,1,1,shift-guard,1,3,crossed-windows,1,5,100,100,100,746,0,0,100,554,0,0,100,554,0,0,200,0,0,0,0,0,0,0,0,1,7.46,,5.54,,5.54,,0,,,
noon-fold,2,starter,w0h0l0,greedy,100,89,0.89,7.76,0.8452,4.909,0,0,1.01,23.46,4.25,0.8,0.54,0.05,0.5,0.04,1.3,0.89,0.41,1.63,0,0,0,0,0,0.01,0,1.92,0,0,0,0,0,,,,,,,,,,,,,2,single-shield,1,1,shift-guard,1,3,crossed-windows,1,5,100,1,1,7,1,7,100,228,89,197,11,31,0,0,192,50,0,0,0,0,0,0,0,0.01,7,7,2.28,2.2135,2.8182,,0.2604,,,
noon-fold,2,starter,w0h0l0,planner,100,93,0.93,7.72,0.8471,23.429,0,0,1.08,25.08,4.25,1.98,0.4,0.05,0.37,0.03,1.43,1,0.43,2.06,0,0,0,0,0,0,0,1.91,0,0,0,0,0,,,,,,,,,,,,,2,single-shield,1,1,shift-guard,1,3,crossed-windows,1,5,100,0,0,0,0,0,100,210,93,156,7,54,0,0,191,37,0,0,0,0,0,0,0,0,,,2.1,1.6774,7.7143,,0.1937,,,
noon-fold,2,starter,w0h0l0,forecast-aware,100,66,0.66,8.45,0.9074,10.441,0,0,1.34,31.76,3.6,0.7,1.52,0,0.46,1.06,1.3,0.82,0.44,2.75,0,0,0,0,0,0.04,0,1.99,0,0,0,0,0,,,,,,,,,,,,,2,single-shield,1,1,shift-guard,1,3,crossed-windows,1,5,100,4,4,36,4,36,100,245,66,129,34,116,0,0,199,46,0,0,0,0,0,0,0,0.04,9,9,2.45,1.9545,3.4118,,0.2312,,,
noon-fold,2,starter,w0h0l0,planner-one-mistake,100,59,0.59,8.74,0.951,30.878,0,0,1.44,34.44,4.8,16.65,0.5,0.13,0.46,0.04,1.36,1.07,0.29,2.57,0,0,0,0,0,0.04,0,2,0,0,0,0,0,93,100,93,58,0,1,99,0.6237,1,17.21,5.75,0,2,single-shield,1,1,shift-guard,1,3,crossed-windows,1,5,100,4,4,32,3,25,100,428,59,103,41,325,0,0,200,46,0,0,0,0,0,0,0,0.04,8,8.3333,4.28,1.7458,7.9268,,0.23,,,
noon-fold,2,starter,w-h-l-,random,100,0,0,9,,72.09,0,0,1.91,39.47,4.85,22.84,0.24,1.25,0.09,0.15,0.55,0.4,0.28,1.01,0,0,0,0,0,0.01,0,2,0,0,0,0,0,,,,,,,,,,,,,2,single-shield,1,1,shift-guard,1,3,crossed-windows,1,5,100,1,1,9,0,0,100,709,0,0,100,709,0,0,200,9,0,0,0,0,0,0,0,0.01,9,,7.09,,7.09,,0.045,,,
noon-fold,2,starter,w-h-l-,single-water,100,0,0,9,,60.58,0,0,2,48,5,23.13,0,0,0,0,1,1,0.5,0,0,0,0,0,0,0,0,2,0,0,0,0,0,,,,,,,,,,,,,2,single-shield,1,1,shift-guard,1,3,crossed-windows,1,5,100,0,0,0,0,0,100,665,0,0,100,665,0,0,200,0,0,0,0,0,0,0,0,0,,,6.65,,6.65,,0,,,
noon-fold,2,starter,w-h-l-,legacy-cycle,100,0,0,9,,58.65,0,0,2,47.37,5,44.36,0,0,0,0,0.14,0,0.14,2.96,0,0,0,0,0,1,0,2,0,0,0,0,0,,,,,,,,,,,,,2,single-shield,1,1,shift-guard,1,3,crossed-windows,1,5,100,100,100,746,0,0,100,554,0,0,100,554,0,0,200,0,0,0,0,0,0,0,0,1,7.46,,5.54,,5.54,,0,,,
noon-fold,2,starter,w-h-l-,greedy,100,77,0.77,8.08,0.8672,5.478,0,0,1.11,26.06,4.43,1.88,0.57,0.05,0.53,0.04,1.43,1.08,0.35,1.74,0,0,0,0,0,0.05,0,1.98,0,0,0,0,0,,,,,,,,,,,,,2,single-shield,1,1,shift-guard,1,3,crossed-windows,1,5,100,5,5,37,0,0,100,227,77,172,23,55,0,0,198,53,0,0,0,0,0,0,0,0.05,7.4,,2.27,2.2338,2.3913,,0.2677,,,
noon-fold,2,starter,w-h-l-,planner,100,88,0.88,7.96,0.8687,24.833,0,0,1.16,27.16,4.38,1.8,0.43,0.05,0.39,0.04,1.53,1.19,0.34,1.78,0,0,0,0,0,0,0,1.96,0,0,0,0,0,,,,,,,,,,,,,2,single-shield,1,1,shift-guard,1,3,crossed-windows,1,5,100,0,0,0,0,0,100,246,88,151,12,95,0,0,196,39,0,0,0,0,0,0,0,0,,,2.46,1.7159,7.9167,,0.199,,,
noon-fold,2,starter,w-h-l-,forecast-aware,100,62,0.62,8.68,0.9427,14.421,0,0,1.42,33.84,3.73,0.7,1.54,0,0.47,1.07,1.38,0.9,0.44,2.85,0,0,0,0,0,0.04,0,2,0,0,0,0,0,,,,,,,,,,,,,2,single-shield,1,1,shift-guard,1,3,crossed-windows,1,5,100,4,4,36,4,36,100,243,62,117,38,126,0,0,200,47,0,0,0,0,0,0,0,0.04,9,9,2.43,1.8871,3.3158,,0.235,,,
noon-fold,2,starter,w-h-l-,planner-one-mistake,100,45,0.45,8.79,0.9481,30.855,0,0,1.46,34.92,4.81,13.4,0.53,0.13,0.48,0.05,1.34,1,0.34,2.63,0,0,0,0,0,0.06,0,2,0,0,0,0,0,88,100,88,45,0,1,99,0.5114,1,17.8175,7.75,0,2,single-shield,1,1,shift-guard,1,3,crossed-windows,1,5,100,6,6,45,1,9,100,522,45,85,55,437,0,0,200,48,0,0,0,0,0,0,0,0.06,7.5,9,5.22,1.8889,7.9455,,0.24,,,
noon-fold,2,starter,w+h+l+,random,100,1,0.01,9,1,66.98,0,0,1.91,41.1,4.85,25.01,0.24,1.25,0.09,0.15,0.55,0.4,0.25,1.01,0,0,0,0,0,0.01,0,2,0,0,0,0,0,,,,,,,,,,,,,2,single-shield,1,1,shift-guard,1,3,crossed-windows,1,5,100,1,1,9,1,9,100,709,1,3,99,706,0,0,200,9,0,0,0,0,0,0,0,0.01,9,9,7.09,3,7.1313,,0.045,,,
noon-fold,2,starter,w+h+l+,single-water,100,0,0,9,,60.58,0,0,2,48,5,23.13,0,0,0,0,1,1,0.5,0,0,0,0,0,0,0,0,2,0,0,0,0,0,,,,,,,,,,,,,2,single-shield,1,1,shift-guard,1,3,crossed-windows,1,5,100,0,0,0,0,0,100,665,0,0,100,665,0,0,200,0,0,0,0,0,0,0,0,0,,,6.65,,6.65,,0,,,
noon-fold,2,starter,w+h+l+,legacy-cycle,100,0,0,9,,45.88,0,0,2,47.58,5,45.83,0,0,0,0,0.14,0,0.14,2.96,0,0,0,0,0,1,0,2,0,0,0,0,0,,,,,,,,,,,,,2,single-shield,1,1,shift-guard,1,3,crossed-windows,1,5,100,100,100,746,0,0,100,554,0,0,100,554,0,0,200,0,0,0,0,0,0,0,0,1,7.46,,5.54,,5.54,,0,,,
noon-fold,2,starter,w+h+l+,greedy,100,99,0.99,7.32,0.8114,1,0,0,0.88,20.08,4,1.52,0.45,0.07,0.42,0.03,1.08,0.72,0.34,1.41,0,0,0,0,0,0.02,0,1.84,0,0,0,0,0,,,,,,,,,,,,,2,single-shield,1,1,shift-guard,1,3,crossed-windows,1,5,100,2,2,14,2,14,100,185,99,183,1,2,0,0,184,42,0,0,0,0,0,0,0,0.02,7,7,1.85,1.8485,2,,0.2283,,,
noon-fold,2,starter,w+h+l+,planner,100,98,0.98,7.17,0.7925,24.5,0,0,0.88,19.88,3.95,2.34,0.36,0.02,0.34,0.02,1.23,0.81,0.41,2.01,0,0,0,0,0,0.02,0,1.85,0,0,0,0,0,,,,,,,,,,,,,2,single-shield,1,1,shift-guard,1,3,crossed-windows,1,5,100,2,2,15,2,15,100,166,98,150,2,16,0,0,185,34,0,0,0,0,0,0,0,0.02,7.5,7.5,1.66,1.5306,8,,0.1838,,,
noon-fold,2,starter,w+h+l+,forecast-aware,100,77,0.77,8.14,0.8759,9.435,0,0,1.22,28.64,3.5,0.7,1.46,0,0.46,1,1.2,0.71,0.47,2.65,0,0,0,0,0,0.03,0,1.99,0,0,0,0,0,,,,,,,,,,,,,2,single-shield,1,1,shift-guard,1,3,crossed-windows,1,5,100,3,3,27,3,27,100,252,77,164,23,88,0,0,199,46,0,0,0,0,0,0,0,0.03,9,9,2.52,2.1299,3.8261,,0.2312,,,
noon-fold,2,starter,w+h+l+,planner-one-mistake,100,76,0.76,8.49,0.9254,27.5,0,0,1.37,32.58,4.64,16.33,0.48,0.14,0.44,0.04,1.41,1.11,0.3,2,0,0,0,0,0,0.01,0,1.97,0,0,0,0,0,98,100,98,75,0,1,99,0.7653,1,17.5325,4.75,0,2,single-shield,1,1,shift-guard,1,3,crossed-windows,1,5,100,1,1,8,1,8,100,316,76,129,24,187,0,0,197,44,0,0,0,0,0,0,0,0.01,8,8,3.16,1.6974,7.7917,,0.2234,,,
noon-fold,2,starter,w-h0l0,random,100,0,0,9,,69.23,0,0,1.91,40.36,4.85,24.04,0.24,1.25,0.09,0.15,0.55,0.4,0.27,1.01,0,0,0,0,0,0.01,0,2,0,0,0,0,0,,,,,,,,,,,,,2,single-shield,1,1,shift-guard,1,3,crossed-windows,1,5,100,1,1,9,0,0,100,709,0,0,100,709,0,0,200,9,0,0,0,0,0,0,0,0.01,9,,7.09,,7.09,,0.045,,,
noon-fold,2,starter,w-h0l0,single-water,100,0,0,9,,60.58,0,0,2,48,5,23.13,0,0,0,0,1,1,0.5,0,0,0,0,0,0,0,0,2,0,0,0,0,0,,,,,,,,,,,,,2,single-shield,1,1,shift-guard,1,3,crossed-windows,1,5,100,0,0,0,0,0,100,665,0,0,100,665,0,0,200,0,0,0,0,0,0,0,0,0,,,6.65,,6.65,,0,,,
noon-fold,2,starter,w-h0l0,legacy-cycle,100,0,0,9,,51.91,0,0,2,47.51,5,45.14,0,0,0,0,0.14,0,0.14,2.96,0,0,0,0,0,1,0,2,0,0,0,0,0,,,,,,,,,,,,,2,single-shield,1,1,shift-guard,1,3,crossed-windows,1,5,100,100,100,746,0,0,100,554,0,0,100,554,0,0,200,0,0,0,0,0,0,0,0,1,7.46,,5.54,,5.54,,0,,,
noon-fold,2,starter,w-h0l0,greedy,100,89,0.89,7.76,0.8452,4.909,0,0,1.01,23.46,4.25,0.8,0.54,0.05,0.5,0.04,1.3,0.89,0.41,1.63,0,0,0,0,0,0.01,0,1.92,0,0,0,0,0,,,,,,,,,,,,,2,single-shield,1,1,shift-guard,1,3,crossed-windows,1,5,100,1,1,7,1,7,100,228,89,197,11,31,0,0,192,50,0,0,0,0,0,0,0,0.01,7,7,2.28,2.2135,2.8182,,0.2604,,,
noon-fold,2,starter,w-h0l0,planner,100,93,0.93,7.72,0.8471,23.429,0,0,1.08,25.08,4.25,1.98,0.4,0.05,0.37,0.03,1.43,1,0.43,2.06,0,0,0,0,0,0,0,1.91,0,0,0,0,0,,,,,,,,,,,,,2,single-shield,1,1,shift-guard,1,3,crossed-windows,1,5,100,0,0,0,0,0,100,210,93,156,7,54,0,0,191,37,0,0,0,0,0,0,0,0,,,2.1,1.6774,7.7143,,0.1937,,,
noon-fold,2,starter,w-h0l0,forecast-aware,100,66,0.66,8.45,0.9074,10.441,0,0,1.34,31.76,3.6,0.7,1.52,0,0.46,1.06,1.3,0.82,0.44,2.75,0,0,0,0,0,0.04,0,1.99,0,0,0,0,0,,,,,,,,,,,,,2,single-shield,1,1,shift-guard,1,3,crossed-windows,1,5,100,4,4,36,4,36,100,245,66,129,34,116,0,0,199,46,0,0,0,0,0,0,0,0.04,9,9,2.45,1.9545,3.4118,,0.2312,,,
noon-fold,2,starter,w-h0l0,planner-one-mistake,100,59,0.59,8.74,0.951,30.878,0,0,1.44,34.44,4.8,16.65,0.5,0.13,0.46,0.04,1.36,1.07,0.29,2.57,0,0,0,0,0,0.04,0,2,0,0,0,0,0,93,100,93,58,0,1,99,0.6237,1,17.21,5.75,0,2,single-shield,1,1,shift-guard,1,3,crossed-windows,1,5,100,4,4,32,3,25,100,428,59,103,41,325,0,0,200,46,0,0,0,0,0,0,0,0.04,8,8.3333,4.28,1.7458,7.9268,,0.23,,,
noon-fold,2,starter,w+h0l0,random,100,0,0,9,,69.23,0,0,1.91,40.36,4.85,24.04,0.24,1.25,0.09,0.15,0.55,0.4,0.27,1.01,0,0,0,0,0,0.01,0,2,0,0,0,0,0,,,,,,,,,,,,,2,single-shield,1,1,shift-guard,1,3,crossed-windows,1,5,100,1,1,9,0,0,100,709,0,0,100,709,0,0,200,9,0,0,0,0,0,0,0,0.01,9,,7.09,,7.09,,0.045,,,
noon-fold,2,starter,w+h0l0,single-water,100,0,0,9,,60.58,0,0,2,48,5,23.13,0,0,0,0,1,1,0.5,0,0,0,0,0,0,0,0,2,0,0,0,0,0,,,,,,,,,,,,,2,single-shield,1,1,shift-guard,1,3,crossed-windows,1,5,100,0,0,0,0,0,100,665,0,0,100,665,0,0,200,0,0,0,0,0,0,0,0,0,,,6.65,,6.65,,0,,,
noon-fold,2,starter,w+h0l0,legacy-cycle,100,0,0,9,,51.91,0,0,2,47.51,5,45.14,0,0,0,0,0.14,0,0.14,2.96,0,0,0,0,0,1,0,2,0,0,0,0,0,,,,,,,,,,,,,2,single-shield,1,1,shift-guard,1,3,crossed-windows,1,5,100,100,100,746,0,0,100,554,0,0,100,554,0,0,200,0,0,0,0,0,0,0,0,1,7.46,,5.54,,5.54,,0,,,
noon-fold,2,starter,w+h0l0,greedy,100,89,0.89,7.76,0.8452,4.909,0,0,1.01,23.46,4.25,0.8,0.54,0.05,0.5,0.04,1.3,0.89,0.41,1.63,0,0,0,0,0,0.01,0,1.92,0,0,0,0,0,,,,,,,,,,,,,2,single-shield,1,1,shift-guard,1,3,crossed-windows,1,5,100,1,1,7,1,7,100,228,89,197,11,31,0,0,192,50,0,0,0,0,0,0,0,0.01,7,7,2.28,2.2135,2.8182,,0.2604,,,
noon-fold,2,starter,w+h0l0,planner,100,93,0.93,7.72,0.8471,23.429,0,0,1.08,25.08,4.25,1.98,0.4,0.05,0.37,0.03,1.43,1,0.43,2.06,0,0,0,0,0,0,0,1.91,0,0,0,0,0,,,,,,,,,,,,,2,single-shield,1,1,shift-guard,1,3,crossed-windows,1,5,100,0,0,0,0,0,100,210,93,156,7,54,0,0,191,37,0,0,0,0,0,0,0,0,,,2.1,1.6774,7.7143,,0.1937,,,
noon-fold,2,starter,w+h0l0,forecast-aware,100,66,0.66,8.45,0.9074,10.441,0,0,1.34,31.76,3.6,0.7,1.52,0,0.46,1.06,1.3,0.82,0.44,2.75,0,0,0,0,0,0.04,0,1.99,0,0,0,0,0,,,,,,,,,,,,,2,single-shield,1,1,shift-guard,1,3,crossed-windows,1,5,100,4,4,36,4,36,100,245,66,129,34,116,0,0,199,46,0,0,0,0,0,0,0,0.04,9,9,2.45,1.9545,3.4118,,0.2312,,,
noon-fold,2,starter,w+h0l0,planner-one-mistake,100,59,0.59,8.74,0.951,30.878,0,0,1.44,34.44,4.8,16.65,0.5,0.13,0.46,0.04,1.36,1.07,0.29,2.57,0,0,0,0,0,0.04,0,2,0,0,0,0,0,93,100,93,58,0,1,99,0.6237,1,17.21,5.75,0,2,single-shield,1,1,shift-guard,1,3,crossed-windows,1,5,100,4,4,32,3,25,100,428,59,103,41,325,0,0,200,46,0,0,0,0,0,0,0,0.04,8,8.3333,4.28,1.7458,7.9268,,0.23,,,
noon-fold,2,starter,w0h-l0,random,100,0,0,9,,72.09,0,0,1.91,39.47,4.85,22.84,0.24,1.25,0.09,0.15,0.55,0.4,0.28,1.01,0,0,0,0,0,0.01,0,2,0,0,0,0,0,,,,,,,,,,,,,2,single-shield,1,1,shift-guard,1,3,crossed-windows,1,5,100,1,1,9,0,0,100,709,0,0,100,709,0,0,200,9,0,0,0,0,0,0,0,0.01,9,,7.09,,7.09,,0.045,,,
noon-fold,2,starter,w0h-l0,single-water,100,0,0,9,,60.58,0,0,2,48,5,23.13,0,0,0,0,1,1,0.5,0,0,0,0,0,0,0,0,2,0,0,0,0,0,,,,,,,,,,,,,2,single-shield,1,1,shift-guard,1,3,crossed-windows,1,5,100,0,0,0,0,0,100,665,0,0,100,665,0,0,200,0,0,0,0,0,0,0,0,0,,,6.65,,6.65,,0,,,
noon-fold,2,starter,w0h-l0,legacy-cycle,100,0,0,9,,58.65,0,0,2,47.37,5,44.36,0,0,0,0,0.14,0,0.14,2.96,0,0,0,0,0,1,0,2,0,0,0,0,0,,,,,,,,,,,,,2,single-shield,1,1,shift-guard,1,3,crossed-windows,1,5,100,100,100,746,0,0,100,554,0,0,100,554,0,0,200,0,0,0,0,0,0,0,0,1,7.46,,5.54,,5.54,,0,,,
noon-fold,2,starter,w0h-l0,greedy,100,77,0.77,8.08,0.8672,5.478,0,0,1.11,26.06,4.43,1.88,0.57,0.05,0.53,0.04,1.43,1.08,0.35,1.74,0,0,0,0,0,0.05,0,1.98,0,0,0,0,0,,,,,,,,,,,,,2,single-shield,1,1,shift-guard,1,3,crossed-windows,1,5,100,5,5,37,0,0,100,227,77,172,23,55,0,0,198,53,0,0,0,0,0,0,0,0.05,7.4,,2.27,2.2338,2.3913,,0.2677,,,
noon-fold,2,starter,w0h-l0,planner,100,88,0.88,7.96,0.8687,24.833,0,0,1.16,27.16,4.38,1.8,0.43,0.05,0.39,0.04,1.53,1.19,0.34,1.78,0,0,0,0,0,0,0,1.96,0,0,0,0,0,,,,,,,,,,,,,2,single-shield,1,1,shift-guard,1,3,crossed-windows,1,5,100,0,0,0,0,0,100,246,88,151,12,95,0,0,196,39,0,0,0,0,0,0,0,0,,,2.46,1.7159,7.9167,,0.199,,,
noon-fold,2,starter,w0h-l0,forecast-aware,100,62,0.62,8.68,0.9427,14.421,0,0,1.42,33.84,3.73,0.7,1.54,0,0.47,1.07,1.38,0.9,0.44,2.85,0,0,0,0,0,0.04,0,2,0,0,0,0,0,,,,,,,,,,,,,2,single-shield,1,1,shift-guard,1,3,crossed-windows,1,5,100,4,4,36,4,36,100,243,62,117,38,126,0,0,200,47,0,0,0,0,0,0,0,0.04,9,9,2.43,1.8871,3.3158,,0.235,,,
noon-fold,2,starter,w0h-l0,planner-one-mistake,100,45,0.45,8.79,0.9481,30.855,0,0,1.46,34.92,4.81,13.4,0.53,0.13,0.48,0.05,1.34,1,0.34,2.63,0,0,0,0,0,0.06,0,2,0,0,0,0,0,88,100,88,45,0,1,99,0.5114,1,17.8175,7.75,0,2,single-shield,1,1,shift-guard,1,3,crossed-windows,1,5,100,6,6,45,1,9,100,522,45,85,55,437,0,0,200,48,0,0,0,0,0,0,0,0.06,7.5,9,5.22,1.8889,7.9455,,0.24,,,
noon-fold,2,starter,w0h+l0,random,100,1,0.01,9,1,66.98,0,0,1.91,41.1,4.85,25.01,0.24,1.25,0.09,0.15,0.55,0.4,0.25,1.01,0,0,0,0,0,0.01,0,2,0,0,0,0,0,,,,,,,,,,,,,2,single-shield,1,1,shift-guard,1,3,crossed-windows,1,5,100,1,1,9,1,9,100,709,1,3,99,706,0,0,200,9,0,0,0,0,0,0,0,0.01,9,9,7.09,3,7.1313,,0.045,,,
noon-fold,2,starter,w0h+l0,single-water,100,0,0,9,,60.58,0,0,2,48,5,23.13,0,0,0,0,1,1,0.5,0,0,0,0,0,0,0,0,2,0,0,0,0,0,,,,,,,,,,,,,2,single-shield,1,1,shift-guard,1,3,crossed-windows,1,5,100,0,0,0,0,0,100,665,0,0,100,665,0,0,200,0,0,0,0,0,0,0,0,0,,,6.65,,6.65,,0,,,
noon-fold,2,starter,w0h+l0,legacy-cycle,100,0,0,9,,45.88,0,0,2,47.58,5,45.83,0,0,0,0,0.14,0,0.14,2.96,0,0,0,0,0,1,0,2,0,0,0,0,0,,,,,,,,,,,,,2,single-shield,1,1,shift-guard,1,3,crossed-windows,1,5,100,100,100,746,0,0,100,554,0,0,100,554,0,0,200,0,0,0,0,0,0,0,0,1,7.46,,5.54,,5.54,,0,,,
noon-fold,2,starter,w0h+l0,greedy,100,99,0.99,7.32,0.8114,1,0,0,0.88,20.08,4,1.52,0.45,0.07,0.42,0.03,1.08,0.72,0.34,1.41,0,0,0,0,0,0.02,0,1.84,0,0,0,0,0,,,,,,,,,,,,,2,single-shield,1,1,shift-guard,1,3,crossed-windows,1,5,100,2,2,14,2,14,100,185,99,183,1,2,0,0,184,42,0,0,0,0,0,0,0,0.02,7,7,1.85,1.8485,2,,0.2283,,,
noon-fold,2,starter,w0h+l0,planner,100,98,0.98,7.17,0.7925,24.5,0,0,0.88,19.88,3.95,2.34,0.36,0.02,0.34,0.02,1.23,0.81,0.41,2.01,0,0,0,0,0,0.02,0,1.85,0,0,0,0,0,,,,,,,,,,,,,2,single-shield,1,1,shift-guard,1,3,crossed-windows,1,5,100,2,2,15,2,15,100,166,98,150,2,16,0,0,185,34,0,0,0,0,0,0,0,0.02,7.5,7.5,1.66,1.5306,8,,0.1838,,,
noon-fold,2,starter,w0h+l0,forecast-aware,100,77,0.77,8.14,0.8759,9.435,0,0,1.22,28.64,3.5,0.7,1.46,0,0.46,1,1.2,0.71,0.47,2.65,0,0,0,0,0,0.03,0,1.99,0,0,0,0,0,,,,,,,,,,,,,2,single-shield,1,1,shift-guard,1,3,crossed-windows,1,5,100,3,3,27,3,27,100,252,77,164,23,88,0,0,199,46,0,0,0,0,0,0,0,0.03,9,9,2.52,2.1299,3.8261,,0.2312,,,
noon-fold,2,starter,w0h+l0,planner-one-mistake,100,76,0.76,8.49,0.9254,27.5,0,0,1.37,32.58,4.64,16.33,0.48,0.14,0.44,0.04,1.41,1.11,0.3,2,0,0,0,0,0,0.01,0,1.97,0,0,0,0,0,98,100,98,75,0,1,99,0.7653,1,17.5325,4.75,0,2,single-shield,1,1,shift-guard,1,3,crossed-windows,1,5,100,1,1,8,1,8,100,316,76,129,24,187,0,0,197,44,0,0,0,0,0,0,0,0.01,8,8,3.16,1.6974,7.7917,,0.2234,,,
noon-fold,2,starter,w0h0l-,random,100,0,0,9,,69.23,0,0,1.91,40.36,4.85,24.04,0.24,1.25,0.09,0.15,0.55,0.4,0.27,1.01,0,0,0,0,0,0.01,0,2,0,0,0,0,0,,,,,,,,,,,,,2,single-shield,1,1,shift-guard,1,3,crossed-windows,1,5,100,1,1,9,0,0,100,709,0,0,100,709,0,0,200,9,0,0,0,0,0,0,0,0.01,9,,7.09,,7.09,,0.045,,,
noon-fold,2,starter,w0h0l-,single-water,100,0,0,9,,60.58,0,0,2,48,5,23.13,0,0,0,0,1,1,0.5,0,0,0,0,0,0,0,0,2,0,0,0,0,0,,,,,,,,,,,,,2,single-shield,1,1,shift-guard,1,3,crossed-windows,1,5,100,0,0,0,0,0,100,665,0,0,100,665,0,0,200,0,0,0,0,0,0,0,0,0,,,6.65,,6.65,,0,,,
noon-fold,2,starter,w0h0l-,legacy-cycle,100,0,0,9,,51.91,0,0,2,47.51,5,45.14,0,0,0,0,0.14,0,0.14,2.96,0,0,0,0,0,1,0,2,0,0,0,0,0,,,,,,,,,,,,,2,single-shield,1,1,shift-guard,1,3,crossed-windows,1,5,100,100,100,746,0,0,100,554,0,0,100,554,0,0,200,0,0,0,0,0,0,0,0,1,7.46,,5.54,,5.54,,0,,,
noon-fold,2,starter,w0h0l-,greedy,100,89,0.89,7.76,0.8452,4.909,0,0,1.01,23.46,4.25,0.8,0.54,0.05,0.5,0.04,1.3,0.89,0.41,1.63,0,0,0,0,0,0.01,0,1.92,0,0,0,0,0,,,,,,,,,,,,,2,single-shield,1,1,shift-guard,1,3,crossed-windows,1,5,100,1,1,7,1,7,100,228,89,197,11,31,0,0,192,50,0,0,0,0,0,0,0,0.01,7,7,2.28,2.2135,2.8182,,0.2604,,,
noon-fold,2,starter,w0h0l-,planner,100,93,0.93,7.72,0.8471,23.429,0,0,1.08,25.08,4.25,1.98,0.4,0.05,0.37,0.03,1.43,1,0.43,2.06,0,0,0,0,0,0,0,1.91,0,0,0,0,0,,,,,,,,,,,,,2,single-shield,1,1,shift-guard,1,3,crossed-windows,1,5,100,0,0,0,0,0,100,210,93,156,7,54,0,0,191,37,0,0,0,0,0,0,0,0,,,2.1,1.6774,7.7143,,0.1937,,,
noon-fold,2,starter,w0h0l-,forecast-aware,100,66,0.66,8.45,0.9074,10.441,0,0,1.34,31.76,3.6,0.7,1.52,0,0.46,1.06,1.3,0.82,0.44,2.75,0,0,0,0,0,0.04,0,1.99,0,0,0,0,0,,,,,,,,,,,,,2,single-shield,1,1,shift-guard,1,3,crossed-windows,1,5,100,4,4,36,4,36,100,245,66,129,34,116,0,0,199,46,0,0,0,0,0,0,0,0.04,9,9,2.45,1.9545,3.4118,,0.2312,,,
noon-fold,2,starter,w0h0l-,planner-one-mistake,100,59,0.59,8.74,0.951,30.878,0,0,1.44,34.44,4.8,16.65,0.5,0.13,0.46,0.04,1.36,1.07,0.29,2.57,0,0,0,0,0,0.04,0,2,0,0,0,0,0,93,100,93,58,0,1,99,0.6237,1,17.21,5.75,0,2,single-shield,1,1,shift-guard,1,3,crossed-windows,1,5,100,4,4,32,3,25,100,428,59,103,41,325,0,0,200,46,0,0,0,0,0,0,0,0.04,8,8.3333,4.28,1.7458,7.9268,,0.23,,,
noon-fold,2,starter,w0h0l+,random,100,0,0,9,,69.23,0,0,1.91,40.36,4.85,24.04,0.24,1.25,0.09,0.15,0.55,0.4,0.27,1.01,0,0,0,0,0,0.01,0,2,0,0,0,0,0,,,,,,,,,,,,,2,single-shield,1,1,shift-guard,1,3,crossed-windows,1,5,100,1,1,9,0,0,100,709,0,0,100,709,0,0,200,9,0,0,0,0,0,0,0,0.01,9,,7.09,,7.09,,0.045,,,
noon-fold,2,starter,w0h0l+,single-water,100,0,0,9,,60.58,0,0,2,48,5,23.13,0,0,0,0,1,1,0.5,0,0,0,0,0,0,0,0,2,0,0,0,0,0,,,,,,,,,,,,,2,single-shield,1,1,shift-guard,1,3,crossed-windows,1,5,100,0,0,0,0,0,100,665,0,0,100,665,0,0,200,0,0,0,0,0,0,0,0,0,,,6.65,,6.65,,0,,,
noon-fold,2,starter,w0h0l+,legacy-cycle,100,0,0,9,,51.91,0,0,2,47.51,5,45.14,0,0,0,0,0.14,0,0.14,2.96,0,0,0,0,0,1,0,2,0,0,0,0,0,,,,,,,,,,,,,2,single-shield,1,1,shift-guard,1,3,crossed-windows,1,5,100,100,100,746,0,0,100,554,0,0,100,554,0,0,200,0,0,0,0,0,0,0,0,1,7.46,,5.54,,5.54,,0,,,
noon-fold,2,starter,w0h0l+,greedy,100,89,0.89,7.76,0.8452,4.909,0,0,1.01,23.46,4.25,0.8,0.54,0.05,0.5,0.04,1.3,0.89,0.41,1.63,0,0,0,0,0,0.01,0,1.92,0,0,0,0,0,,,,,,,,,,,,,2,single-shield,1,1,shift-guard,1,3,crossed-windows,1,5,100,1,1,7,1,7,100,228,89,197,11,31,0,0,192,50,0,0,0,0,0,0,0,0.01,7,7,2.28,2.2135,2.8182,,0.2604,,,
noon-fold,2,starter,w0h0l+,planner,100,93,0.93,7.72,0.8471,23.429,0,0,1.08,25.08,4.25,1.98,0.4,0.05,0.37,0.03,1.43,1,0.43,2.06,0,0,0,0,0,0,0,1.91,0,0,0,0,0,,,,,,,,,,,,,2,single-shield,1,1,shift-guard,1,3,crossed-windows,1,5,100,0,0,0,0,0,100,210,93,156,7,54,0,0,191,37,0,0,0,0,0,0,0,0,,,2.1,1.6774,7.7143,,0.1937,,,
noon-fold,2,starter,w0h0l+,forecast-aware,100,66,0.66,8.45,0.9074,10.441,0,0,1.34,31.76,3.6,0.7,1.52,0,0.46,1.06,1.3,0.82,0.44,2.75,0,0,0,0,0,0.04,0,1.99,0,0,0,0,0,,,,,,,,,,,,,2,single-shield,1,1,shift-guard,1,3,crossed-windows,1,5,100,4,4,36,4,36,100,245,66,129,34,116,0,0,199,46,0,0,0,0,0,0,0,0.04,9,9,2.45,1.9545,3.4118,,0.2312,,,
noon-fold,2,starter,w0h0l+,planner-one-mistake,100,59,0.59,8.74,0.951,30.878,0,0,1.44,34.44,4.8,16.65,0.5,0.13,0.46,0.04,1.36,1.07,0.29,2.57,0,0,0,0,0,0.04,0,2,0,0,0,0,0,93,100,93,58,0,1,99,0.6237,1,17.21,5.75,0,2,single-shield,1,1,shift-guard,1,3,crossed-windows,1,5,100,4,4,32,3,25,100,428,59,103,41,325,0,0,200,46,0,0,0,0,0,0,0,0.04,8,8.3333,4.28,1.7458,7.9268,,0.23,,,
meter-feast,3,tide-siege,w0h0l0,random,100,0,0,11,,77.05,0,0,4.7,84.25,2.89,17.57,0.41,1.43,0.3,0.11,0.82,0.56,0.34,1.26,0.26,0,0,0,0,0.08,2,5,0,0,0,0,0,,,,,,,,,,,,,2,ledger-prep,1,1,demand-pulse,1,4,peak-settlement,1,7,100,8,8,83,0,0,100,635,0,0,100,635,200,26,500,30,0,0,0,0,0,0,0,0.08,10.375,,6.35,,6.35,0.13,0.06,,,
meter-feast,3,tide-siege,w0h0l0,single-water,100,0,0,11,,86.86,0,0,5,99.43,3,12.03,0,0,0,0,1,1,0,0,0,0,0,0,0,0,2,5,0,0,0,0,0,,,,,,,,,,,,,2,ledger-prep,1,1,demand-pulse,1,4,peak-settlement,1,7,100,0,0,0,0,0,100,748,0,0,100,748,200,0,500,0,0,0,0,0,0,0,0,0,,,7.48,,7.48,0,0,,,
meter-feast,3,tide-siege,w0h0l0,legacy-cycle,100,0,0,11,,72.71,0,0,5,103.33,3,35.53,0,0,0,0,0.88,0.4,0.48,3.84,0.59,0,0,0,0,1,2,5,0,0,0,0,0,,,,,,,,,,,,,2,ledger-prep,1,1,demand-pulse,1,4,peak-settlement,1,7,100,100,100,735,0,0,100,767,0,0,100,767,200,59,500,0,0,0,0,0,0,0,0,1,7.35,,7.67,,7.67,0.295,0,,,
meter-feast,3,tide-siege,w0h0l0,greedy,100,86,0.86,9.18,0.8076,13,0,0,2.27,41.48,2.97,4.4,0.94,0.08,0.92,0.02,1.36,1,0.41,1.94,0.44,0,0,0,0,0.07,1.99,3.98,0,0,0,0,0,,,,,,,,,,,,,2,ledger-prep,1,1,demand-pulse,1,4,peak-settlement,1,7,100,7,7,63,7,63,100,130,86,111,14,19,199,44,398,92,0,0,0,0,0,0,0,0.07,9,9,1.3,1.2907,1.3571,0.2211,0.2312,,,
meter-feast,3,tide-siege,w0h0l0,planner,100,83,0.83,8.92,0.7722,34,0,0,2.4,44.14,2.94,3.93,0.59,0.11,0.53,0.06,1.22,0.9,0.35,2.58,0.91,0,0,0,0,0.06,2,3.72,0,0,0,0,0,,,,,,,,,,,,,2,ledger-prep,1,1,demand-pulse,1,4,peak-settlement,1,7,100,6,6,53,4,33,100,260,83,133,17,127,200,91,372,53,0,0,0,0,0,0,0,0.06,8.8333,8.25,2.6,1.6024,7.4706,0.455,0.1425,,,
meter-feast,3,tide-siege,w0h0l0,forecast-aware,100,65,0.65,9.82,0.835,14.571,0,0,2.59,50.86,2.41,5.41,1.83,0,1.24,0.59,1.42,1.01,0.43,2.57,0.59,0,0,0,0,0.07,2,4.36,0,0,0,0,0,,,,,,,,,,,,,2,ledger-prep,1,1,demand-pulse,1,4,peak-settlement,1,7,100,7,7,73,6,62,100,147,65,83,35,64,200,59,436,124,0,0,0,0,0,0,0,0.07,10.4286,10.3333,1.47,1.2769,1.8286,0.295,0.2844,,,
meter-feast,3,tide-siege,w0h0l0,planner-one-mistake,100,40,0.4,10.52,0.8909,41.133,0,0,3.49,70.16,2.96,15.26,1.07,0.28,1.03,0.04,1.56,1.32,0.34,2,0.43,0,0,0,0,0.08,2,4.8,0,0,0,0,0,83,100,83,38,0,6,94,0.4578,1,16.55,3,0,2,ledger-prep,1,1,demand-pulse,1,4,peak-settlement,1,7,100,8,8,82,7,73,100,459,40,31,60,428,200,43,480,103,0,0,0,0,0,0,0,0.08,10.25,10.4286,4.59,0.775,7.1333,0.215,0.2146,,,
meter-feast,3,tide-siege,w-h-l-,random,100,0,0,11,,79.46,0,0,4.7,81.93,2.89,17.08,0.41,1.43,0.3,0.11,0.82,0.56,0.34,1.26,0.26,0,0,0,0,0.08,2,5,0,0,0,0,0,,,,,,,,,,,,,2,ledger-prep,1,1,demand-pulse,1,4,peak-settlement,1,7,100,8,8,83,0,0,100,635,0,0,100,635,200,26,500,30,0,0,0,0,0,0,0,0.08,10.375,,6.35,,6.35,0.13,0.06,,,
meter-feast,3,tide-siege,w-h-l-,single-water,100,0,0,11,,89.97,0,0,5,93.72,3,11.87,0,0,0,0,1,1,0,0,0,0,0,0,0,0,2,5,0,0,0,0,0,,,,,,,,,,,,,2,ledger-prep,1,1,demand-pulse,1,4,peak-settlement,1,7,100,0,0,0,0,0,100,748,0,0,100,748,200,0,500,0,0,0,0,0,0,0,0,0,,,7.48,,7.48,0,0,,,
meter-feast,3,tide-siege,w-h-l-,legacy-cycle,100,0,0,11,,79.15,0,0,5,102.11,3,34.46,0,0,0,0,0.88,0.4,0.48,3.84,0.59,0,0,0,0,1,2,5,0,0,0,0,0,,,,,,,,,,,,,2,ledger-prep,1,1,demand-pulse,1,4,peak-settlement,1,7,100,100,100,735,0,0,100,767,0,0,100,767,200,59,500,0,0,0,0,0,0,0,0,1,7.35,,7.67,,7.67,0.295,0,,,
meter-feast,3,tide-siege,w-h-l-,greedy,100,69,0.69,9.9,0.8551,16.516,0,0,2.69,51.82,2.98,4.73,1.23,0.06,1.21,0.02,1.5,1.12,0.43,2.11,0.45,0,0,0,0,0.05,2,4.47,0,0,0,0,0,,,,,,,,,,,,,2,ledger-prep,1,1,demand-pulse,1,4,peak-settlement,1,7,100,5,5,46,5,46,100,106,69,70,31,36,200,45,447,121,0,0,0,0,0,0,0,0.05,9.2,9.2,1.06,1.0145,1.1613,0.225,0.2707,,,
meter-feast,3,tide-siege,w-h-l-,planner,100,66,0.66,9.83,0.8388,35.088,0,0,2.99,58.08,2.94,4.08,0.9,0.07,0.84,0.06,1.44,1.11,0.35,2.39,0.77,0,0,0,0,0.13,2,4.4,0,0,0,0,0,,,,,,,,,,,,,2,ledger-prep,1,1,demand-pulse,1,4,peak-settlement,1,7,100,13,13,128,9,90,100,323,66,77,34,246,200,77,440,84,0,0,0,0,0,0,0,0.13,9.8462,10,3.23,1.1667,7.2353,0.385,0.1909,,,
meter-feast,3,tide-siege,w-h-l-,forecast-aware,100,41,0.41,10.42,0.8714,16.017,0,0,3.04,61.6,2.41,5.25,1.97,0,1.38,0.59,1.58,1.12,0.47,2.72,0.59,0,0,0,0,0.13,2,4.75,0,0,0,0,0,,,,,,,,,,,,,2,ledger-prep,1,1,demand-pulse,1,4,peak-settlement,1,7,100,13,13,134,9,91,100,130,41,48,59,82,200,59,475,138,0,0,0,0,0,0,0,0.13,10.3077,10.1111,1.3,1.1707,1.3898,0.295,0.2905,,,
meter-feast,3,tide-siege,w-h-l-,planner-one-mistake,100,23,0.23,10.8,0.9209,44.078,0,0,3.75,76.18,2.95,14.27,1.1,0.27,1.05,0.05,1.59,1.32,0.33,2.2,0.55,0,0,0,0,0.1,2,4.94,0,0,0,0,0,66,100,66,18,0,6,94,0.2727,1,15.115,1,0,2,ledger-prep,1,1,demand-pulse,1,4,peak-settlement,1,7,100,10,10,103,8,83,100,569,23,13,77,556,200,55,494,105,0,0,0,0,0,0,0,0.1,10.3,10.375,5.69,0.5652,7.2208,0.275,0.2126,,,
meter-feast,3,tide-siege,w+h+l+,random,100,0,0,11,,74.36,0,0,4.7,86.12,2.89,18.13,0.41,1.43,0.3,0.11,0.82,0.56,0.34,1.26,0.26,0,0,0,0,0.08,2,5,0,0,0,0,0,,,,,,,,,,,,,2,ledger-prep,1,1,demand-pulse,1,4,peak-settlement,1,7,100,8,8,83,0,0,100,635,0,0,100,635,200,26,500,30,0,0,0,0,0,0,0,0.08,10.375,,6.35,,6.35,0.13,0.06,,,
meter-feast,3,tide-siege,w+h+l+,single-water,100,0,0,11,,83.46,0,0,5,102.1,3,12.56,0,0,0,0,1,1,0,0,0,0,0,0,0,0,2,5,0,0,0,0,0,,,,,,,,,,,,,2,ledger-prep,1,1,demand-pulse,1,4,peak-settlement,1,7,100,0,0,0,0,0,100,748,0,0,100,748,200,0,500,0,0,0,0,0,0,0,0,0,,,7.48,,7.48,0,0,,,
meter-feast,3,tide-siege,w+h+l+,legacy-cycle,100,0,0,11,,67.08,0,0,5,103.68,3,36.6,0,0,0,0,0.88,0.4,0.48,3.84,0.59,0,0,0,0,1,2,5,0,0,0,0,0,,,,,,,,,,,,,2,ledger-prep,1,1,demand-pulse,1,4,peak-settlement,1,7,100,100,100,735,0,0,100,767,0,0,100,767,200,59,500,0,0,0,0,0,0,0,0,1,7.35,,7.67,,7.67,0.295,0,,,
meter-feast,3,tide-siege,w+h+l+,greedy,100,96,0.96,8.4,0.7538,10.5,0,0,1.9,32.7,2.94,4.05,0.63,0.09,0.61,0.02,1.15,0.92,0.26,1.7,0.52,0,0,0,0,0.03,1.96,3.36,0,0,0,0,0,,,,,,,,,,,,,1.97,ledger-prep,1,1,demand-pulse,1,4,peak-settlement,0.97,7,100,3,3,26,2,17,100,160,96,154,4,6,196,52,336,61,0,0,0,0,0,0,0,0.03,8.6667,8.5,1.6,1.6042,1.5,0.2653,0.1815,,,
meter-feast,3,tide-siege,w+h+l+,planner,100,97,0.97,8.16,0.7338,39,0,0,1.85,31.5,2.85,3.64,0.46,0.1,0.4,0.06,0.98,0.79,0.19,2.22,0.81,0,0,0,0,0.04,1.91,3.18,0,0,0,0,0,,,,,,,,,,,,,1.93,ledger-prep,1,1,demand-pulse,1,4,peak-settlement,0.93,7,100,4,4,33,4,33,100,186,97,164,3,22,191,81,318,40,0,0,0,0,0,0,0,0.04,8.25,8.25,1.86,1.6907,7.3333,0.4241,0.1258,,,
meter-feast,3,tide-siege,w+h+l+,forecast-aware,100,81,0.81,9.21,0.7991,12.526,0,0,2.14,40.2,2.41,5.57,1.7,0,1.12,0.58,1.22,0.84,0.4,2.37,0.59,0,0,0,0,0.04,1.99,3.95,0,0,0,0,0,,,,,,,,,,,,,1.99,ledger-prep,1,1,demand-pulse,1,4,peak-settlement,0.99,7,100,4,4,43,4,43,100,163,81,120,19,43,199,59,395,112,0,0,0,0,0,0,0,0.04,10.75,10.75,1.63,1.4815,2.2632,0.2965,0.2835,,,
meter-feast,3,tide-siege,w+h+l+,planner-one-mistake,100,59,0.59,9.87,0.8259,38.537,0,0,3.04,59.26,2.96,15.52,0.87,0.29,0.84,0.03,1.49,1.29,0.33,1.92,0.52,0,0,0,0,0.06,1.99,4.37,0,0,0,0,0,97,100,97,58,0,6,94,0.5979,1,16.4571,2,1,1.99,ledger-prep,1,1,demand-pulse,1,4,peak-settlement,0.99,7,100,6,6,61,6,61,100,360,59,62,41,298,199,52,437,84,0,0,0,0,0,0,0,0.06,10.1667,10.1667,3.6,1.0508,7.2683,0.2613,0.1922,,,
meter-feast,3,tide-siege,w-h0l0,random,100,0,0,11,,78.42,0,0,4.7,83.16,2.89,17.39,0.41,1.43,0.3,0.11,0.82,0.56,0.34,1.26,0.26,0,0,0,0,0.08,2,5,0,0,0,0,0,,,,,,,,,,,,,2,ledger-prep,1,1,demand-pulse,1,4,peak-settlement,1,7,100,8,8,83,0,0,100,635,0,0,100,635,200,26,500,30,0,0,0,0,0,0,0,0.08,10.375,,6.35,,6.35,0.13,0.06,,,
meter-feast,3,tide-siege,w-h0l0,single-water,100,0,0,11,,89.97,0,0,5,93.72,3,11.87,0,0,0,0,1,1,0,0,0,0,0,0,0,0,2,5,0,0,0,0,0,,,,,,,,,,,,,2,ledger-prep,1,1,demand-pulse,1,4,peak-settlement,1,7,100,0,0,0,0,0,100,748,0,0,100,748,200,0,500,0,0,0,0,0,0,0,0,0,,,7.48,,7.48,0,0,,,
meter-feast,3,tide-siege,w-h0l0,legacy-cycle,100,0,0,11,,76.26,0,0,5,102.85,3,34.95,0,0,0,0,0.88,0.4,0.48,3.84,0.59,0,0,0,0,1,2,5,0,0,0,0,0,,,,,,,,,,,,,2,ledger-prep,1,1,demand-pulse,1,4,peak-settlement,1,7,100,100,100,735,0,0,100,767,0,0,100,767,200,59,500,0,0,0,0,0,0,0,0,1,7.35,,7.67,,7.67,0.295,0,,,
meter-feast,3,tide-siege,w-h0l0,greedy,100,82,0.82,9.38,0.8204,13.278,0,0,2.34,43.26,2.98,4.5,1.07,0.07,1.05,0.02,1.36,0.99,0.39,2.14,0.41,0,0,0,0,0.07,2,4.11,0,0,0,0,0,,,,,,,,,,,,,2,ledger-prep,1,1,demand-pulse,1,4,peak-settlement,1,7,100,7,7,60,7,60,100,129,82,108,18,21,200,41,411,105,0,0,0,0,0,0,0,0.07,8.5714,8.5714,1.29,1.3171,1.1667,0.205,0.2555,,,
meter-feast,3,tide-siege,w-h0l0,planner,100,74,0.74,9.44,0.8084,36.231,0,0,2.77,52.84,2.91,3.16,0.76,0.09,0.67,0.09,1.36,1.05,0.32,2.11,0.7,0,0,0,0,0.07,2,4.12,0,0,0,0,0,,,,,,,,,,,,,2,ledger-prep,1,1,demand-pulse,1,4,peak-settlement,1,7,100,7,7,71,5,51,100,297,74,105,26,192,200,70,412,67,0,0,0,0,0,0,0,0.07,10.1429,10.2,2.97,1.4189,7.3846,0.35,0.1626,,,
meter-feast,3,tide-siege,w-h0l0,forecast-aware,100,52,0.52,10.07,0.8374,14.813,0,0,2.78,55.4,2.41,5.25,1.88,0,1.29,0.59,1.47,1.07,0.41,2.62,0.59,0,0,0,0,0.1,2,4.52,0,0,0,0,0,,,,,,,,,,,,,2,ledger-prep,1,1,demand-pulse,1,4,peak-settlement,1,7,100,10,10,104,6,61,100,143,52,68,48,75,200,59,452,129,0,0,0,0,0,0,0,0.1,10.4,10.1667,1.43,1.3077,1.5625,0.295,0.2854,,,
meter-feast,3,tide-siege,w-h0l0,planner-one-mistake,100,27,0.27,10.71,0.9024,42.082,0,0,3.68,74.5,2.92,15.3,1.11,0.23,1.03,0.08,1.65,1.33,0.33,2.37,0.62,0,0,0,0,0.1,2,4.89,0,0,0,0,0,74,100,74,26,0,7,93,0.3514,1,14.7575,3,0,2,ledger-prep,1,1,demand-pulse,1,4,peak-settlement,1,7,100,10,10,96,7,72,100,543,27,18,73,525,200,62,489,103,0,0,0,0,0,0,0,0.1,9.6,10.2857,5.43,0.6667,7.1918,0.31,0.2106,,,
meter-feast,3,tide-siege,w+h0l0,random,100,0,0,11,,75.65,0,0,4.7,85.25,2.89,17.8,0.41,1.43,0.3,0.11,0.82,0.56,0.34,1.26,0.26,0,0,0,0,0.08,2,5,0,0,0,0,0,,,,,,,,,,,,,2,ledger-prep,1,1,demand-pulse,1,4,peak-settlement,1,7,100,8,8,83,0,0,100,635,0,0,100,635,200,26,500,30,0,0,0,0,0,0,0,0.08,10.375,,6.35,,6.35,0.13,0.06,,,
meter-feast,3,tide-siege,w+h0l0,single-water,100,0,0,11,,83.46,0,0,5,102.1,3,12.56,0,0,0,0,1,1,0,0,0,0,0,0,0,0,2,5,0,0,0,0,0,,,,,,,,,,,,,2,ledger-prep,1,1,demand-pulse,1,4,peak-settlement,1,7,100,0,0,0,0,0,100,748,0,0,100,748,200,0,500,0,0,0,0,0,0,0,0,0,,,7.48,,7.48,0,0,,,
meter-feast,3,tide-siege,w+h0l0,legacy-cycle,100,0,0,11,,69.9,0,0,5,103.53,3,36.11,0,0,0,0,0.88,0.4,0.48,3.84,0.59,0,0,0,0,1,2,5,0,0,0,0,0,,,,,,,,,,,,,2,ledger-prep,1,1,demand-pulse,1,4,peak-settlement,1,7,100,100,100,735,0,0,100,767,0,0,100,767,200,59,500,0,0,0,0,0,0,0,0,1,7.35,,7.67,,7.67,0.295,0,,,
meter-feast,3,tide-siege,w+h0l0,greedy,100,91,0.91,8.64,0.7642,11.333,0,0,2.04,36.12,2.96,4.21,0.69,0.08,0.68,0.01,1.25,0.93,0.36,1.78,0.49,0,0,0,0,0.06,1.97,3.55,0,0,0,0,0,,,,,,,,,,,,,1.98,ledger-prep,1,1,demand-pulse,1,4,peak-settlement,0.98,7,100,6,6,54,6,54,100,149,91,139,9,10,197,49,355,68,0,0,0,0,0,0,0,0.06,9,9,1.49,1.5275,1.1111,0.2487,0.1915,,,
meter-feast,3,tide-siege,w+h0l0,planner,100,96,0.96,8.36,0.75,31,0,0,1.98,34.5,2.88,3.74,0.5,0.11,0.45,0.05,1.14,0.83,0.33,2.3,0.86,0,0,0,0,0.05,1.93,3.35,0,0,0,0,0,,,,,,,,,,,,,1.93,ledger-prep,1,1,demand-pulse,1,4,peak-settlement,0.93,7,100,5,5,43,5,43,100,163,96,137,4,26,193,86,335,45,0,0,0,0,0,0,0,0.05,8.6,8.6,1.63,1.4271,6.5,0.4456,0.1343,,,
meter-feast,3,tide-siege,w+h0l0,forecast-aware,100,72,0.72,9.59,0.822,13.714,0,0,2.43,47.02,2.41,5.57,1.8,0,1.21,0.59,1.34,0.94,0.42,2.51,0.59,0,0,0,0,0.05,2,4.2,0,0,0,0,0,,,,,,,,,,,,,2,ledger-prep,1,1,demand-pulse,1,4,peak-settlement,1,7,100,5,5,53,5,53,100,147,72,92,28,55,200,59,420,121,0,0,0,0,0,0,0,0.05,10.6,10.6,1.47,1.2778,1.9643,0.295,0.2881,,,
meter-feast,3,tide-siege,w+h0l0,planner-one-mistake,100,52,0.52,10.17,0.8549,38.938,0,0,3.24,63.98,2.96,15.07,0.97,0.3,0.94,0.03,1.45,1.25,0.33,1.92,0.42,0,0,0,0,0.07,1.99,4.58,0,0,0,0,0,96,100,96,51,0,6,94,0.5313,1,16.404,3,1,1.99,ledger-prep,1,1,demand-pulse,1,4,peak-settlement,0.99,7,100,7,7,71,7,71,100,390,52,41,48,349,199,42,458,94,0,0,0,0,0,0,0,0.07,10.1429,10.1429,3.9,0.7885,7.2708,0.2111,0.2052,,,
meter-feast,3,tide-siege,w0h-l0,random,100,0,0,11,,78.21,0,0,4.7,83.14,2.89,17.26,0.41,1.43,0.3,0.11,0.82,0.56,0.34,1.26,0.26,0,0,0,0,0.08,2,5,0,0,0,0,0,,,,,,,,,,,,,2,ledger-prep,1,1,demand-pulse,1,4,peak-settlement,1,7,100,8,8,83,0,0,100,635,0,0,100,635,200,26,500,30,0,0,0,0,0,0,0,0.08,10.375,,6.35,,6.35,0.13,0.06,,,
meter-feast,3,tide-siege,w0h-l0,single-water,100,0,0,11,,86.86,0,0,5,99.43,3,12.03,0,0,0,0,1,1,0,0,0,0,0,0,0,0,2,5,0,0,0,0,0,,,,,,,,,,,,,2,ledger-prep,1,1,demand-pulse,1,4,peak-settlement,1,7,100,0,0,0,0,0,100,748,0,0,100,748,200,0,500,0,0,0,0,0,0,0,0,0,,,7.48,,7.48,0,0,,,
meter-feast,3,tide-siege,w0h-l0,legacy-cycle,100,0,0,11,,75.99,0,0,5,102.8,3,35.04,0,0,0,0,0.88,0.4,0.48,3.84,0.59,0,0,0,0,1,2,5,0,0,0,0,0,,,,,,,,,,,,,2,ledger-prep,1,1,demand-pulse,1,4,peak-settlement,1,7,100,100,100,735,0,0,100,767,0,0,100,767,200,59,500,0,0,0,0,0,0,0,0,1,7.35,,7.67,,7.67,0.295,0,,,
meter-feast,3,tide-siege,w0h-l0,greedy,100,76,0.76,9.63,0.8361,16.25,0,0,2.56,48.42,2.99,4.52,1.08,0.09,1.07,0.01,1.42,1.15,0.33,1.71,0.38,0,0,0,0,0.06,2,4.31,0,0,0,0,0,,,,,,,,,,,,,2,ledger-prep,1,1,demand-pulse,1,4,peak-settlement,1,7,100,6,6,55,5,46,100,125,76,95,24,30,200,38,431,107,0,0,0,0,0,0,0,0.06,9.1667,9.2,1.25,1.25,1.25,0.19,0.2483,,,
meter-feast,3,tide-siege,w0h-l0,planner,100,76,0.76,9.22,0.7871,32.833,0,0,2.62,49.58,2.96,4.91,0.65,0.13,0.61,0.04,1.32,0.96,0.39,2.67,0.94,0,0,0,0,0.12,2,3.93,0,0,0,0,0,,,,,,,,,,,,,2,ledger-prep,1,1,demand-pulse,1,4,peak-settlement,1,7,100,12,12,113,7,68,100,263,76,91,24,172,200,94,393,61,0,0,0,0,0,0,0,0.12,9.4167,9.7143,2.63,1.1974,7.1667,0.47,0.1552,,,
meter-feast,3,tide-siege,w0h-l0,forecast-aware,100,52,0.52,10.17,0.8549,15.729,0,0,2.86,57.32,2.41,5.41,1.91,0,1.32,0.59,1.48,1.09,0.4,2.66,0.59,0,0,0,0,0.1,2,4.58,0,0,0,0,0,,,,,,,,,,,,,2,ledger-prep,1,1,demand-pulse,1,4,peak-settlement,1,7,100,10,10,104,6,61,100,144,52,68,48,76,200,59,458,132,0,0,0,0,0,0,0,0.1,10.4,10.1667,1.44,1.3077,1.5833,0.295,0.2882,,,
meter-feast,3,tide-siege,w0h-l0,planner-one-mistake,100,30,0.3,10.67,0.9,41.414,0,0,3.61,72.92,2.98,14.61,1.08,0.29,1.06,0.02,1.48,1.26,0.32,1.87,0.42,0,0,0,0,0.07,2,4.86,0,0,0,0,0,76,100,76,25,0,6,94,0.3289,1,16.195,4,0,2,ledger-prep,1,1,demand-pulse,1,4,peak-settlement,1,7,100,7,7,73,6,63,100,523,30,22,70,501,200,42,486,106,0,0,0,0,0,0,0,0.07,10.4286,10.5,5.23,0.7333,7.1571,0.21,0.2181,,,
meter-feast,3,tide-siege,w0h+l0,random,100,0,0,11,,75.8,0,0,4.7,85.16,2.89,17.9,0.41,1.43,0.3,0.11,0.82,0.56,0.34,1.26,0.26,0,0,0,0,0.08,2,5,0,0,0,0,0,,,,,,,,,,,,,2,ledger-prep,1,1,demand-pulse,1,4,peak-settlement,1,7,100,8,8,83,0,0,100,635,0,0,100,635,200,26,500,30,0,0,0,0,0,0,0,0.08,10.375,,6.35,,6.35,0.13,0.06,,,
meter-feast,3,tide-siege,w0h+l0,single-water,100,0,0,11,,86.86,0,0,5,99.43,3,12.03,0,0,0,0,1,1,0,0,0,0,0,0,0,0,2,5,0,0,0,0,0,,,,,,,,,,,,,2,ledger-prep,1,1,demand-pulse,1,4,peak-settlement,1,7,100,0,0,0,0,0,100,748,0,0,100,748,200,0,500,0,0,0,0,0,0,0,0,0,,,7.48,,7.48,0,0,,,
meter-feast,3,tide-siege,w0h+l0,legacy-cycle,100,0,0,11,,69.99,0,0,5,103.55,3,36.02,0,0,0,0,0.88,0.4,0.48,3.84,0.59,0,0,0,0,1,2,5,0,0,0,0,0,,,,,,,,,,,,,2,ledger-prep,1,1,demand-pulse,1,4,peak-settlement,1,7,100,100,100,735,0,0,100,767,0,0,100,767,200,59,500,0,0,0,0,0,0,0,0,1,7.35,,7.67,,7.67,0.295,0,,,
meter-feast,3,tide-siege,w0h+l0,greedy,100,89,0.89,8.69,0.764,10.727,0,0,2.04,36,2.97,3.58,0.72,0.09,0.7,0.02,1.29,1.03,0.31,1.67,0.46,0,0,0,0,0.02,1.99,3.58,0,0,0,0,0,,,,,,,,,,,,,1.99,ledger-prep,1,1,demand-pulse,1,4,peak-settlement,0.99,7,100,2,2,19,1,10,100,163,89,147,11,16,199,46,358,70,0,0,0,0,0,0,0,0.02,9.5,10,1.63,1.6517,1.4545,0.2312,0.1955,,,
meter-feast,3,tide-siege,w0h+l0,planner,100,90,0.9,8.56,0.7535,34.3,0,0,2.13,37.78,2.93,3.94,0.52,0.09,0.46,0.06,1.12,0.85,0.29,2.38,0.83,0,0,0,0,0.06,1.99,3.44,0,0,0,0,0,,,,,,,,,,,,,1.99,ledger-prep,1,1,demand-pulse,1,4,peak-settlement,0.99,7,100,6,6,52,6,52,100,232,90,161,10,71,199,83,344,46,0,0,0,0,0,0,0,0.06,8.6667,8.6667,2.32,1.7889,7.1,0.4171,0.1337,,,
meter-feast,3,tide-siege,w0h+l0,forecast-aware,100,73,0.73,9.53,0.8169,14,0,0,2.37,45.68,2.41,5.41,1.77,0,1.18,0.59,1.32,0.93,0.41,2.47,0.59,0,0,0,0,0.04,2,4.15,0,0,0,0,0,,,,,,,,,,,,,2,ledger-prep,1,1,demand-pulse,1,4,peak-settlement,1,7,100,4,4,43,4,43,100,157,73,101,27,56,200,59,415,118,0,0,0,0,0,0,0,0.04,10.75,10.75,1.57,1.3836,2.0741,0.295,0.2843,,,
meter-feast,3,tide-siege,w0h+l0,planner-one-mistake,100,51,0.51,10.2,0.8574,40.347,0,0,3.26,64.3,2.96,15.36,0.98,0.24,0.94,0.04,1.57,1.38,0.28,1.92,0.48,0,0,0,0,0.06,2,4.61,0,0,0,0,0,90,100,90,49,0,6,94,0.5444,1,16.02,2,0,2,ledger-prep,1,1,demand-pulse,1,4,peak-settlement,1,7,100,6,6,62,6,62,100,414,51,54,49,360,200,48,461,94,0,0,0,0,0,0,0,0.06,10.3333,10.3333,4.14,1.0588,7.3469,0.24,0.2039,,,
meter-feast,3,tide-siege,w0h0l-,random,100,0,0,11,,77.05,0,0,4.7,84.25,2.89,17.57,0.41,1.43,0.3,0.11,0.82,0.56,0.34,1.26,0.26,0,0,0,0,0.08,2,5,0,0,0,0,0,,,,,,,,,,,,,2,ledger-prep,1,1,demand-pulse,1,4,peak-settlement,1,7,100,8,8,83,0,0,100,635,0,0,100,635,200,26,500,30,0,0,0,0,0,0,0,0.08,10.375,,6.35,,6.35,0.13,0.06,,,
meter-feast,3,tide-siege,w0h0l-,single-water,100,0,0,11,,86.86,0,0,5,99.43,3,12.03,0,0,0,0,1,1,0,0,0,0,0,0,0,0,2,5,0,0,0,0,0,,,,,,,,,,,,,2,ledger-prep,1,1,demand-pulse,1,4,peak-settlement,1,7,100,0,0,0,0,0,100,748,0,0,100,748,200,0,500,0,0,0,0,0,0,0,0,0,,,7.48,,7.48,0,0,,,
meter-feast,3,tide-siege,w0h0l-,legacy-cycle,100,0,0,11,,72.71,0,0,5,103.33,3,35.53,0,0,0,0,0.88,0.4,0.48,3.84,0.59,0,0,0,0,1,2,5,0,0,0,0,0,,,,,,,,,,,,,2,ledger-prep,1,1,demand-pulse,1,4,peak-settlement,1,7,100,100,100,735,0,0,100,767,0,0,100,767,200,59,500,0,0,0,0,0,0,0,0,1,7.35,,7.67,,7.67,0.295,0,,,
meter-feast,3,tide-siege,w0h0l-,greedy,100,86,0.86,9.18,0.8076,13,0,0,2.27,41.48,2.97,4.4,0.94,0.08,0.92,0.02,1.36,1,0.41,1.94,0.44,0,0,0,0,0.07,1.99,3.98,0,0,0,0,0,,,,,,,,,,,,,2,ledger-prep,1,1,demand-pulse,1,4,peak-settlement,1,7,100,7,7,63,7,63,100,130,86,111,14,19,199,44,398,92,0,0,0,0,0,0,0,0.07,9,9,1.3,1.2907,1.3571,0.2211,0.2312,,,
meter-feast,3,tide-siege,w0h0l-,planner,100,83,0.83,8.92,0.7722,34,0,0,2.4,44.14,2.94,3.93,0.59,0.11,0.53,0.06,1.22,0.9,0.35,2.58,0.91,0,0,0,0,0.06,2,3.72,0,0,0,0,0,,,,,,,,,,,,,2,ledger-prep,1,1,demand-pulse,1,4,peak-settlement,1,7,100,6,6,53,4,33,100,260,83,133,17,127,200,91,372,53,0,0,0,0,0,0,0,0.06,8.8333,8.25,2.6,1.6024,7.4706,0.455,0.1425,,,
meter-feast,3,tide-siege,w0h0l-,forecast-aware,100,65,0.65,9.82,0.835,14.571,0,0,2.59,50.86,2.41,5.41,1.83,0,1.24,0.59,1.42,1.01,0.43,2.57,0.59,0,0,0,0,0.07,2,4.36,0,0,0,0,0,,,,,,,,,,,,,2,ledger-prep,1,1,demand-pulse,1,4,peak-settlement,1,7,100,7,7,73,6,62,100,147,65,83,35,64,200,59,436,124,0,0,0,0,0,0,0,0.07,10.4286,10.3333,1.47,1.2769,1.8286,0.295,0.2844,,,
meter-feast,3,tide-siege,w0h0l-,planner-one-mistake,100,40,0.4,10.52,0.8909,41.133,0,0,3.49,70.16,2.96,15.26,1.07,0.28,1.03,0.04,1.56,1.32,0.34,2,0.43,0,0,0,0,0.08,2,4.8,0,0,0,0,0,83,100,83,38,0,6,94,0.4578,1,16.55,3,0,2,ledger-prep,1,1,demand-pulse,1,4,peak-settlement,1,7,100,8,8,82,7,73,100,459,40,31,60,428,200,43,480,103,0,0,0,0,0,0,0,0.08,10.25,10.4286,4.59,0.775,7.1333,0.215,0.2146,,,
meter-feast,3,tide-siege,w0h0l+,random,100,0,0,11,,77.05,0,0,4.7,84.25,2.89,17.57,0.41,1.43,0.3,0.11,0.82,0.56,0.34,1.26,0.26,0,0,0,0,0.08,2,5,0,0,0,0,0,,,,,,,,,,,,,2,ledger-prep,1,1,demand-pulse,1,4,peak-settlement,1,7,100,8,8,83,0,0,100,635,0,0,100,635,200,26,500,30,0,0,0,0,0,0,0,0.08,10.375,,6.35,,6.35,0.13,0.06,,,
meter-feast,3,tide-siege,w0h0l+,single-water,100,0,0,11,,86.86,0,0,5,99.43,3,12.03,0,0,0,0,1,1,0,0,0,0,0,0,0,0,2,5,0,0,0,0,0,,,,,,,,,,,,,2,ledger-prep,1,1,demand-pulse,1,4,peak-settlement,1,7,100,0,0,0,0,0,100,748,0,0,100,748,200,0,500,0,0,0,0,0,0,0,0,0,,,7.48,,7.48,0,0,,,
meter-feast,3,tide-siege,w0h0l+,legacy-cycle,100,0,0,11,,72.71,0,0,5,103.33,3,35.53,0,0,0,0,0.88,0.4,0.48,3.84,0.59,0,0,0,0,1,2,5,0,0,0,0,0,,,,,,,,,,,,,2,ledger-prep,1,1,demand-pulse,1,4,peak-settlement,1,7,100,100,100,735,0,0,100,767,0,0,100,767,200,59,500,0,0,0,0,0,0,0,0,1,7.35,,7.67,,7.67,0.295,0,,,
meter-feast,3,tide-siege,w0h0l+,greedy,100,86,0.86,9.18,0.8076,13,0,0,2.27,41.48,2.97,4.4,0.94,0.08,0.92,0.02,1.36,1,0.41,1.94,0.44,0,0,0,0,0.07,1.99,3.98,0,0,0,0,0,,,,,,,,,,,,,2,ledger-prep,1,1,demand-pulse,1,4,peak-settlement,1,7,100,7,7,63,7,63,100,130,86,111,14,19,199,44,398,92,0,0,0,0,0,0,0,0.07,9,9,1.3,1.2907,1.3571,0.2211,0.2312,,,
meter-feast,3,tide-siege,w0h0l+,planner,100,83,0.83,8.92,0.7722,34,0,0,2.4,44.14,2.94,3.93,0.59,0.11,0.53,0.06,1.22,0.9,0.35,2.58,0.91,0,0,0,0,0.06,2,3.72,0,0,0,0,0,,,,,,,,,,,,,2,ledger-prep,1,1,demand-pulse,1,4,peak-settlement,1,7,100,6,6,53,4,33,100,260,83,133,17,127,200,91,372,53,0,0,0,0,0,0,0,0.06,8.8333,8.25,2.6,1.6024,7.4706,0.455,0.1425,,,
meter-feast,3,tide-siege,w0h0l+,forecast-aware,100,65,0.65,9.82,0.835,14.571,0,0,2.59,50.86,2.41,5.41,1.83,0,1.24,0.59,1.42,1.01,0.43,2.57,0.59,0,0,0,0,0.07,2,4.36,0,0,0,0,0,,,,,,,,,,,,,2,ledger-prep,1,1,demand-pulse,1,4,peak-settlement,1,7,100,7,7,73,6,62,100,147,65,83,35,64,200,59,436,124,0,0,0,0,0,0,0,0.07,10.4286,10.3333,1.47,1.2769,1.8286,0.295,0.2844,,,
meter-feast,3,tide-siege,w0h0l+,planner-one-mistake,100,40,0.4,10.52,0.8909,41.133,0,0,3.49,70.16,2.96,15.26,1.07,0.28,1.03,0.04,1.56,1.32,0.34,2,0.43,0,0,0,0,0.08,2,4.8,0,0,0,0,0,83,100,83,38,0,6,94,0.4578,1,16.55,3,0,2,ledger-prep,1,1,demand-pulse,1,4,peak-settlement,1,7,100,8,8,82,7,73,100,459,40,31,60,428,200,43,480,103,0,0,0,0,0,0,0,0.08,10.25,10.4286,4.59,0.775,7.1333,0.215,0.2146,,,
meter-feast,3,smoke-screen,w0h0l0,random,100,0,0,11,,81.05,0,0,4.75,80.19,2.87,18.36,0.38,1.83,0.25,0.13,0.74,0.53,0.28,1.45,0.31,0,0,0,0,0.05,2,5,0,0,0,0,0,,,,,,,,,,,,,2,ledger-prep,1,1,demand-pulse,1,4,peak-settlement,1,7,100,5,5,51,0,0,100,688,0,0,100,688,200,31,500,25,0,0,0,0,0,0,0,0.05,10.2,,6.88,,6.88,0.155,0.05,,,
meter-feast,3,smoke-screen,w0h0l0,single-water,100,0,0,11,,85.25,0,0,5,101,3,14.83,0,0,0,0,1,1,0,0,0,0,0,0,0,0,2,5,0,0,0,0,0,,,,,,,,,,,,,2,ledger-prep,1,1,demand-pulse,1,4,peak-settlement,1,7,100,0,0,0,0,0,100,754,0,0,100,754,200,0,500,0,0,0,0,0,0,0,0,0,,,7.54,,7.54,0,0,,,
meter-feast,3,smoke-screen,w0h0l0,legacy-cycle,100,0,0,11,,71.62,0,0,5,103.44,3,34.32,0,0,0,0,0.91,0.51,0.4,3.45,0.76,0,0,0,0,1,2,5,0,0,0,0,0,,,,,,,,,,,,,2,ledger-prep,1,1,demand-pulse,1,4,peak-settlement,1,7,100,100,100,746,0,0,100,754,0,0,100,754,200,76,500,0,0,0,0,0,0,0,0,1,7.46,,7.54,,7.54,0.38,0,,,
meter-feast,3,smoke-screen,w0h0l0,greedy,100,81,0.81,9.24,0.8025,14.737,0,0,2.26,41.96,2.97,5.37,1.02,0.11,1,0.02,1.32,1,0.35,2.03,0.49,0,0,0,0,0.06,1.99,3.95,0,0,0,0,0,,,,,,,,,,,,,2,ledger-prep,1,1,demand-pulse,1,4,peak-settlement,1,7,100,6,6,52,6,52,100,161,81,124,19,37,199,49,395,100,0,0,0,0,0,0,0,0.06,8.6667,8.6667,1.61,1.5309,1.9474,0.2462,0.2532,,,
meter-feast,3,smoke-screen,w0h0l0,planner,100,90,0.9,9,0.798,30.8,0,0,2.26,41.18,2.96,5.16,0.79,0.07,0.75,0.04,1.21,0.9,0.33,2.76,0.77,0,0,0,0,0.12,2,3.87,0,0,0,0,0,,,,,,,,,,,,,2,ledger-prep,1,1,demand-pulse,1,4,peak-settlement,1,7,100,12,12,112,12,112,100,205,90,130,10,75,200,77,387,75,0,0,0,0,0,0,0,0.12,9.3333,9.3333,2.05,1.4444,7.5,0.385,0.1938,,,
meter-feast,3,smoke-screen,w0h0l0,forecast-aware,100,63,0.63,9.94,0.847,17.378,0,0,2.71,53.26,2.17,4.75,2.06,0,1.23,0.83,1.4,1.06,0.37,2.57,0.64,0,0,0,0,0.08,2,4.43,0,0,0,0,0,,,,,,,,,,,,,2,ledger-prep,1,1,demand-pulse,1,4,peak-settlement,1,7,100,8,8,73,7,63,100,153,63,90,37,63,200,64,443,123,0,0,0,0,0,0,0,0.08,9.125,9,1.53,1.4286,1.7027,0.32,0.2777,,,
meter-feast,3,smoke-screen,w0h0l0,planner-one-mistake,100,36,0.36,10.65,0.9116,37.281,0,0,3.34,67.48,2.94,17,1.37,0.12,1.31,0.06,1.56,1.37,0.23,1.84,0.44,0,0,0,0,0.07,2,4.88,0,0,0,0,0,90,100,90,34,0,0,100,0.3778,1,17.6975,2,0,2,ledger-prep,1,1,demand-pulse,1,4,peak-settlement,1,7,100,7,7,69,7,69,100,493,36,23,64,470,200,44,488,131,0,0,0,0,0,0,0,0.07,9.8571,9.8571,4.93,0.6389,7.3438,0.22,0.2684,,,
meter-feast,3,smoke-screen,w-h-l-,random,100,0,0,11,,82.76,0,0,4.75,77.55,2.87,17.94,0.38,1.83,0.25,0.13,0.74,0.53,0.28,1.45,0.31,0,0,0,0,0.05,2,5,0,0,0,0,0,,,,,,,,,,,,,2,ledger-prep,1,1,demand-pulse,1,4,peak-settlement,1,7,100,5,5,51,0,0,100,688,0,0,100,688,200,31,500,25,0,0,0,0,0,0,0,0.05,10.2,,6.88,,6.88,0.155,0.05,,,
meter-feast,3,smoke-screen,w-h-l-,single-water,100,0,0,11,,89.29,0,0,5,94.51,3,14.71,0,0,0,0,1,1,0,0,0,0,0,0,0,0,2,5,0,0,0,0,0,,,,,,,,,,,,,2,ledger-prep,1,1,demand-pulse,1,4,peak-settlement,1,7,100,0,0,0,0,0,100,754,0,0,100,754,200,0,500,0,0,0,0,0,0,0,0,0,,,7.54,,7.54,0,0,,,
meter-feast,3,smoke-screen,w-h-l-,legacy-cycle,100,0,0,11,,77.93,0,0,5,102.05,3,33.34,0,0,0,0,0.91,0.51,0.4,3.45,0.76,0,0,0,0,1,2,5,0,0,0,0,0,,,,,,,,,,,,,2,ledger-prep,1,1,demand-pulse,1,4,peak-settlement,1,7,100,100,100,746,0,0,100,754,0,0,100,754,200,76,500,0,0,0,0,0,0,0,0,1,7.46,,7.54,,7.54,0.38,0,,,
meter-feast,3,smoke-screen,w-h-l-,greedy,100,60,0.6,9.97,0.8439,15.875,0,0,2.67,52.1,2.97,5.7,1.33,0.08,1.3,0.03,1.45,1.09,0.46,2.02,0.45,0,0,0,0,0.05,2,4.47,0,0,0,0,0,,,,,,,,,,,,,2,ledger-prep,1,1,demand-pulse,1,4,peak-settlement,1,7,100,5,5,41,4,34,100,125,60,64,40,61,200,45,447,130,0,0,0,0,0,0,0,0.05,8.2,8.5,1.25,1.0667,1.525,0.225,0.2908,,,
meter-feast,3,smoke-screen,w-h-l-,planner,100,68,0.68,9.85,0.8463,32.844,0,0,2.78,53.58,2.96,4.22,1.11,0.12,1.07,0.04,1.48,1.18,0.32,2.55,0.81,0,0,0,0,0.12,2,4.43,0,0,0,0,0,,,,,,,,,,,,,2,ledger-prep,1,1,demand-pulse,1,4,peak-settlement,1,7,100,12,12,113,10,97,100,350,68,102,32,248,200,81,443,107,0,0,0,0,0,0,0,0.12,9.4167,9.7,3.5,1.5,7.75,0.405,0.2415,,,
meter-feast,3,smoke-screen,w-h-l-,forecast-aware,100,42,0.42,10.4,0.8701,17.879,0,0,3.08,62.32,2.17,4.62,2.15,0,1.32,0.83,1.52,1.13,0.42,2.8,0.64,0,0,0,0,0.09,2,4.68,0,0,0,0,0,,,,,,,,,,,,,2,ledger-prep,1,1,demand-pulse,1,4,peak-settlement,1,7,100,9,9,83,7,63,100,132,42,38,58,94,200,64,468,132,0,0,0,0,0,0,0,0.09,9.2222,9,1.32,0.9048,1.6207,0.32,0.2821,,,
meter-feast,3,smoke-screen,w-h-l-,planner-one-mistake,100,16,0.16,10.88,0.9318,38.143,0,0,3.53,71.72,2.93,16.51,1.42,0.08,1.35,0.07,1.65,1.39,0.29,2.42,0.56,0,0,0,0,0.08,2,4.98,0,0,0,0,0,68,100,68,13,0,0,100,0.1912,1,15.8975,3,0,2,ledger-prep,1,1,demand-pulse,1,4,peak-settlement,1,7,100,8,8,74,4,40,100,633,16,12,84,621,200,56,498,135,0,0,0,0,0,0,0,0.08,9.25,10,6.33,0.75,7.3929,0.28,0.2711,,,
meter-feast,3,smoke-screen,w+h+l+,random,100,0,0,11,,79.05,0,0,4.75,82.5,2.87,18.86,0.38,1.83,0.25,0.13,0.74,0.53,0.28,1.45,0.31,0,0,0,0,0.05,2,5,0,0,0,0,0,,,,,,,,,,,,,2,ledger-prep,1,1,demand-pulse,1,4,peak-settlement,1,7,100,5,5,51,0,0,100,688,0,0,100,688,200,31,500,25,0,0,0,0,0,0,0,0.05,10.2,,6.88,,6.88,0.155,0.05,,,
meter-feast,3,smoke-screen,w+h+l+,single-water,100,0,0,11,,81.83,0,0,5,103.11,3,15.07,0,0,0,0,1,1,0,0,0,0,0,0,0,0,2,5,0,0,0,0,0,,,,,,,,,,,,,2,ledger-prep,1,1,demand-pulse,1,4,peak-settlement,1,7,100,0,0,0,0,0,100,754,0,0,100,754,200,0,500,0,0,0,0,0,0,0,0,0,,,7.54,,7.54,0,0,,,
meter-feast,3,smoke-screen,w+h+l+,legacy-cycle,100,0,0,11,,65.71,0,0,5,103.79,3,35.29,0,0,0,0,0.91,0.51,0.4,3.45,0.76,0,0,0,0,1,2,5,0,0,0,0,0,,,,,,,,,,,,,2,ledger-prep,1,1,demand-pulse,1,4,peak-settlement,1,7,100,100,100,746,0,0,100,754,0,0,100,754,200,76,500,0,0,0,0,0,0,0,0,1,7.46,,7.54,,7.54,0.38,0,,,
meter-feast,3,smoke-screen,w+h+l+,greedy,100,91,0.91,8.67,0.7672,11.222,0,0,1.94,34.4,2.94,4.67,0.79,0.11,0.77,0.02,1.2,0.9,0.33,1.85,0.53,0,0,0,0,0.04,1.96,3.55,0,0,0,0,0,,,,,,,,,,,,,1.97,ledger-prep,1,1,demand-pulse,1,4,peak-settlement,0.97,7,100,4,4,37,3,26,100,178,91,155,9,23,196,53,355,77,0,0,0,0,0,0,0,0.04,9.25,8.6667,1.78,1.7033,2.5556,0.2704,0.2169,,,
meter-feast,3,smoke-screen,w+h+l+,planner,100,93,0.93,8.42,0.7478,29.571,0,0,1.91,33.26,2.91,5.33,0.62,0.09,0.57,0.05,1.06,0.86,0.21,2.43,0.7,0,0,0,0,0.07,1.96,3.36,0,0,0,0,0,,,,,,,,,,,,,1.96,ledger-prep,1,1,demand-pulse,1,4,peak-settlement,0.96,7,100,7,7,60,6,51,100,211,93,165,7,46,196,70,336,57,0,0,0,0,0,0,0,0.07,8.5714,8.5,2.11,1.7742,6.5714,0.3571,0.1696,,,
meter-feast,3,smoke-screen,w+h+l+,forecast-aware,100,70,0.7,9.66,0.826,13.567,0,0,2.52,48.72,2.17,4.9,1.98,0,1.15,0.83,1.36,0.96,0.43,2.46,0.64,0,0,0,0,0.07,2,4.28,0,0,0,0,0,,,,,,,,,,,,,2,ledger-prep,1,1,demand-pulse,1,4,peak-settlement,1,7,100,7,7,63,7,63,100,155,70,104,30,51,200,64,428,115,0,0,0,0,0,0,0,0.07,9,9,1.55,1.4857,1.7,0.32,0.2687,,,
meter-feast,3,smoke-screen,w+h+l+,planner-one-mistake,100,63,0.63,10.07,0.8658,34.541,0,0,2.92,57.14,2.95,16.81,1.2,0.11,1.15,0.05,1.52,1.34,0.2,1.65,0.37,0,0,0,0,0.08,2,4.57,0,0,0,0,0,93,100,93,58,0,1,99,0.6237,1,17.2275,1,0,2,ledger-prep,1,1,demand-pulse,1,4,peak-settlement,1,7,100,8,8,79,8,79,100,334,63,56,37,278,200,37,457,115,0,0,0,0,0,0,0,0.08,9.875,9.875,3.34,0.8889,7.5135,0.185,0.2516,,,
meter-feast,3,smoke-screen,w-h0l0,random,100,0,0,11,,82.15,0,0,4.75,78.72,2.87,18.16,0.38,1.83,0.25,0.13,0.74,0.53,0.28,1.45,0.31,0,0,0,0,0.05,2,5,0,0,0,0,0,,,,,,,,,,,,,2,ledger-prep,1,1,demand-pulse,1,4,peak-settlement,1,7,100,5,5,51,0,0,100,688,0,0,100,688,200,31,500,25,0,0,0,0,0,0,0,0.05,10.2,,6.88,,6.88,0.155,0.05,,,
meter-feast,3,smoke-screen,w-h0l0,single-water,100,0,0,11,,89.29,0,0,5,94.51,3,14.71,0,0,0,0,1,1,0,0,0,0,0,0,0,0,2,5,0,0,0,0,0,,,,,,,,,,,,,2,ledger-prep,1,1,demand-pulse,1,4,peak-settlement,1,7,100,0,0,0,0,0,100,754,0,0,100,754,200,0,500,0,0,0,0,0,0,0,0,0,,,7.54,,7.54,0,0,,,
meter-feast,3,smoke-screen,w-h0l0,legacy-cycle,100,0,0,11,,75.26,0,0,5,102.8,3,33.71,0,0,0,0,0.91,0.51,0.4,3.45,0.76,0,0,0,0,1,2,5,0,0,0,0,0,,,,,,,,,,,,,2,ledger-prep,1,1,demand-pulse,1,4,peak-settlement,1,7,100,100,100,746,0,0,100,754,0,0,100,754,200,76,500,0,0,0,0,0,0,0,0,1,7.46,,7.54,,7.54,0.38,0,,,
meter-feast,3,smoke-screen,w-h0l0,greedy,100,72,0.72,9.53,0.8144,14.286,0,0,2.48,47.28,2.96,5.2,1.11,0.07,1.07,0.04,1.38,1.03,0.44,1.98,0.54,0,0,0,0,0.1,2,4.18,0,0,0,0,0,,,,,,,,,,,,,2,ledger-prep,1,1,demand-pulse,1,4,peak-settlement,1,7,100,10,10,88,8,69,100,132,72,92,28,40,200,54,418,107,0,0,0,0,0,0,0,0.1,8.8,8.625,1.32,1.2778,1.4286,0.27,0.256,,,
meter-feast,3,smoke-screen,w-h0l0,planner,100,81,0.81,9.34,0.8137,32.053,0,0,2.45,45.7,2.93,4.38,0.96,0.1,0.89,0.07,1.32,1.01,0.32,2.24,0.68,0,0,0,0,0.08,2,4.08,0,0,0,0,0,,,,,,,,,,,,,2,ledger-prep,1,1,demand-pulse,1,4,peak-settlement,1,7,100,8,8,74,6,55,100,260,81,114,19,146,200,68,408,89,0,0,0,0,0,0,0,0.08,9.25,9.1667,2.6,1.4074,7.6842,0.34,0.2181,,,
meter-feast,3,smoke-screen,w-h0l0,forecast-aware,100,53,0.53,10.2,0.8628,16.766,0,0,2.9,57.84,2.17,4.62,2.13,0,1.3,0.83,1.47,1.08,0.42,2.67,0.64,0,0,0,0,0.09,2,4.6,0,0,0,0,0,,,,,,,,,,,,,2,ledger-prep,1,1,demand-pulse,1,4,peak-settlement,1,7,100,9,9,83,8,73,100,138,53,60,47,78,200,64,460,130,0,0,0,0,0,0,0,0.09,9.2222,9.125,1.38,1.1321,1.6596,0.32,0.2826,,,
meter-feast,3,smoke-screen,w-h0l0,planner-one-mistake,100,31,0.31,10.72,0.9179,37.493,0,0,3.4,68.62,2.92,16.66,1.4,0.09,1.32,0.08,1.55,1.28,0.3,2.54,0.61,0,0,0,0,0.12,2,4.93,0,0,0,0,0,81,100,81,25,0,0,100,0.3086,1,16.4675,2,0,2,ledger-prep,1,1,demand-pulse,1,4,peak-settlement,1,7,100,12,12,113,9,86,100,529,31,27,69,502,200,61,493,132,0,0,0,0,0,0,0,0.12,9.4167,9.5556,5.29,0.871,7.2754,0.305,0.2677,,,
meter-feast,3,smoke-screen,w+h0l0,random,100,0,0,11,,79.85,0,0,4.75,81.33,2.87,18.6,0.38,1.83,0.25,0.13,0.74,0.53,0.28,1.45,0.31,0,0,0,0,0.05,2,5,0,0,0,0,0,,,,,,,,,,,,,2,ledger-prep,1,1,demand-pulse,1,4,peak-settlement,1,7,100,5,5,51,0,0,100,688,0,0,100,688,200,31,500,25,0,0,0,0,0,0,0,0.05,10.2,,6.88,,6.88,0.155,0.05,,,
meter-feast,3,smoke-screen,w+h0l0,single-water,100,0,0,11,,81.83,0,0,5,103.11,3,15.07,0,0,0,0,1,1,0,0,0,0,0,0,0,0,2,5,0,0,0,0,0,,,,,,,,,,,,,2,ledger-prep,1,1,demand-pulse,1,4,peak-settlement,1,7,100,0,0,0,0,0,100,754,0,0,100,754,200,0,500,0,0,0,0,0,0,0,0,0,,,7.54,,7.54,0,0,,,
meter-feast,3,smoke-screen,w+h0l0,legacy-cycle,100,0,0,11,,68.63,0,0,5,103.66,3,34.93,0,0,0,0,0.91,0.51,0.4,3.45,0.76,0,0,0,0,1,2,5,0,0,0,0,0,,,,,,,,,,,,,2,ledger-prep,1,1,demand-pulse,1,4,peak-settlement,1,7,100,100,100,746,0,0,100,754,0,0,100,754,200,76,500,0,0,0,0,0,0,0,0,1,7.46,,7.54,,7.54,0.38,0,,,
meter-feast,3,smoke-screen,w+h0l0,greedy,100,87,0.87,8.82,0.7722,14.615,0,0,1.99,35.58,2.93,5.28,0.9,0.1,0.88,0.02,1.24,0.94,0.32,1.83,0.47,0,0,0,0,0.05,1.95,3.66,0,0,0,0,0,,,,,,,,,,,,,1.97,ledger-prep,1,1,demand-pulse,1,4,peak-settlement,0.97,7,100,5,5,42,4,33,100,170,87,146,13,24,195,47,366,88,0,0,0,0,0,0,0,0.05,8.4,8.25,1.7,1.6782,1.8462,0.241,0.2404,,,
meter-feast,3,smoke-screen,w+h0l0,planner,100,91,0.91,8.62,0.7622,32.444,0,0,2.07,36.88,2.94,5.26,0.63,0.09,0.6,0.03,1.13,0.88,0.25,2.59,0.78,0,0,0,0,0.08,1.97,3.55,0,0,0,0,0,,,,,,,,,,,,,1.97,ledger-prep,1,1,demand-pulse,1,4,peak-settlement,0.97,7,100,8,8,72,8,72,100,214,91,148,9,66,197,78,355,60,0,0,0,0,0,0,0,0.08,9,9,2.14,1.6264,7.3333,0.3959,0.169,,,
meter-feast,3,smoke-screen,w+h0l0,forecast-aware,100,66,0.66,9.83,0.8388,15.676,0,0,2.63,51.32,2.17,4.9,2.04,0,1.21,0.83,1.38,1,0.41,2.53,0.64,0,0,0,0,0.08,2,4.39,0,0,0,0,0,,,,,,,,,,,,,2,ledger-prep,1,1,demand-pulse,1,4,peak-settlement,1,7,100,8,8,73,8,73,100,159,66,102,34,57,200,64,439,121,0,0,0,0,0,0,0,0.08,9.125,9.125,1.59,1.5455,1.6765,0.32,0.2756,,,
meter-feast,3,smoke-screen,w+h0l0,planner-one-mistake,100,44,0.44,10.39,0.874,34.607,0,0,3.15,62.88,2.95,17.36,1.29,0.14,1.24,0.05,1.49,1.31,0.22,1.71,0.41,0,0,0,0,0.08,2,4.73,0,0,0,0,0,91,100,91,40,0,0,100,0.4396,1,17.45,1,0,2,ledger-prep,1,1,demand-pulse,1,4,peak-settlement,1,7,100,8,8,79,8,79,100,456,44,40,56,416,200,41,473,124,0,0,0,0,0,0,0,0.08,9.875,9.875,4.56,0.9091,7.4286,0.205,0.2622,,,
meter-feast,3,smoke-screen,w0h-l0,random,100,0,0,11,,81.69,0,0,4.75,79.05,2.87,18.14,0.38,1.83,0.25,0.13,0.74,0.53,0.28,1.45,0.31,0,0,0,0,0.05,2,5,0,0,0,0,0,,,,,,,,,,,,,2,ledger-prep,1,1,demand-pulse,1,4,peak-settlement,1,7,100,5,5,51,0,0,100,688,0,0,100,688,200,31,500,25,0,0,0,0,0,0,0,0.05,10.2,,6.88,,6.88,0.155,0.05,,,
meter-feast,3,smoke-screen,w0h-l0,single-water,100,0,0,11,,85.25,0,0,5,101,3,14.83,0,0,0,0,1,1,0,0,0,0,0,0,0,0,2,5,0,0,0,0,0,,,,,,,,,,,,,2,ledger-prep,1,1,demand-pulse,1,4,peak-settlement,1,7,100,0,0,0,0,0,100,754,0,0,100,754,200,0,500,0,0,0,0,0,0,0,0,0,,,7.54,,7.54,0,0,,,
meter-feast,3,smoke-screen,w0h-l0,legacy-cycle,100,0,0,11,,74.67,0,0,5,102.79,3,33.95,0,0,0,0,0.91,0.51,0.4,3.45,0.76,0,0,0,0,1,2,5,0,0,0,0,0,,,,,,,,,,,,,2,ledger-prep,1,1,demand-pulse,1,4,peak-settlement,1,7,100,100,100,746,0,0,100,754,0,0,100,754,200,76,500,0,0,0,0,0,0,0,0,1,7.46,,7.54,,7.54,0.38,0,,,
meter-feast,3,smoke-screen,w0h-l0,greedy,100,71,0.71,9.65,0.8271,13.379,0,0,2.46,46.74,3,5.72,1.2,0.12,1.2,0,1.32,1,0.35,2.02,0.34,0,0,0,0,0.06,2,4.27,0,0,0,0,0,,,,,,,,,,,,,2,ledger-prep,1,1,demand-pulse,1,4,peak-settlement,1,7,100,6,6,54,5,46,100,129,71,85,29,44,200,34,427,120,0,0,0,0,0,0,0,0.06,9,9.2,1.29,1.1972,1.5172,0.17,0.281,,,
meter-feast,3,smoke-screen,w0h-l0,planner,100,86,0.86,9.25,0.815,28.429,0,0,2.38,44.02,2.98,5.73,0.9,0.08,0.88,0.02,1.29,0.94,0.37,2.77,0.77,0,0,0,0,0.14,2,4.06,0,0,0,0,0,,,,,,,,,,,,,2,ledger-prep,1,1,demand-pulse,1,4,peak-settlement,1,7,100,14,14,124,12,105,100,203,86,106,14,97,200,77,406,88,0,0,0,0,0,0,0,0.14,8.8571,8.75,2.03,1.2326,6.9286,0.385,0.2167,,,
meter-feast,3,smoke-screen,w0h-l0,forecast-aware,100,51,0.51,10.21,0.8592,17.265,0,0,2.94,58.84,2.17,4.75,2.1,0,1.27,0.83,1.45,1.09,0.39,2.73,0.64,0,0,0,0,0.09,2,4.59,0,0,0,0,0,,,,,,,,,,,,,2,ledger-prep,1,1,demand-pulse,1,4,peak-settlement,1,7,100,9,9,83,8,73,100,133,51,51,49,82,200,64,459,127,0,0,0,0,0,0,0,0.09,9.2222,9.125,1.33,1,1.6735,0.32,0.2767,,,
meter-feast,3,smoke-screen,w0h-l0,planner-one-mistake,100,24,0.24,10.84,0.9394,38.132,0,0,3.46,70.38,2.95,16.52,1.43,0.13,1.38,0.05,1.55,1.37,0.22,1.94,0.46,0,0,0,0,0.06,2,4.95,0,0,0,0,0,86,100,86,20,0,0,100,0.2326,1,16.9225,2,0,2,ledger-prep,1,1,demand-pulse,1,4,peak-settlement,1,7,100,6,6,58,5,48,100,591,24,13,76,578,200,46,495,138,0,0,0,0,0,0,0,0.06,9.6667,9.6,5.91,0.5417,7.6053,0.23,0.2788,,,
meter-feast,3,smoke-screen,w0h+l0,random,100,0,0,11,,80.3,0,0,4.75,81.42,2.87,18.62,0.38,1.83,0.25,0.13,0.74,0.53,0.28,1.45,0.31,0,0,0,0,0.05,2,5,0,0,0,0,0,,,,,,,,,,,,,2,ledger-prep,1,1,demand-pulse,1,4,peak-settlement,1,7,100,5,5,51,0,0,100,688,0,0,100,688,200,31,500,25,0,0,0,0,0,0,0,0.05,10.2,,6.88,,6.88,0.155,0.05,,,
meter-feast,3,smoke-screen,w0h+l0,single-water,100,0,0,11,,85.25,0,0,5,101,3,14.83,0,0,0,0,1,1,0,0,0,0,0,0,0,0,2,5,0,0,0,0,0,,,,,,,,,,,,,2,ledger-prep,1,1,demand-pulse,1,4,peak-settlement,1,7,100,0,0,0,0,0,100,754,0,0,100,754,200,0,500,0,0,0,0,0,0,0,0,0,,,7.54,,7.54,0,0,,,
meter-feast,3,smoke-screen,w0h+l0,legacy-cycle,100,0,0,11,,68.9,0,0,5,103.72,3,34.68,0,0,0,0,0.91,0.51,0.4,3.45,0.76,0,0,0,0,1,2,5,0,0,0,0,0,,,,,,,,,,,,,2,ledger-prep,1,1,demand-pulse,1,4,peak-settlement,1,7,100,100,100,746,0,0,100,754,0,0,100,754,200,76,500,0,0,0,0,0,0,0,0,1,7.46,,7.54,,7.54,0.38,0,,,
meter-feast,3,smoke-screen,w0h+l0,greedy,100,88,0.88,8.84,0.7769,11.083,0,0,2.01,36.04,2.96,4.75,0.87,0.09,0.85,0.02,1.23,0.95,0.32,1.78,0.55,0,0,0,0,0.03,1.98,3.66,0,0,0,0,0,,,,,,,,,,,,,1.98,ledger-prep,1,1,demand-pulse,1,4,peak-settlement,0.98,7,100,3,3,28,2,17,100,183,88,157,12,26,198,55,366,85,0,0,0,0,0,0,0,0.03,9.3333,8.5,1.83,1.7841,2.1667,0.2778,0.2322,,,
meter-feast,3,smoke-screen,w0h+l0,planner,100,93,0.93,8.59,0.7644,31.143,0,0,1.99,34.96,2.94,4.58,0.67,0.08,0.61,0.06,1.04,0.86,0.19,2.52,0.65,0,0,0,0,0.09,2,3.5,0,0,0,0,0,,,,,,,,,,,,,2,ledger-prep,1,1,demand-pulse,1,4,peak-settlement,1,7,100,9,9,79,9,79,100,208,93,157,7,51,200,65,350,61,0,0,0,0,0,0,0,0.09,8.7778,8.7778,2.08,1.6882,7.2857,0.325,0.1743,,,
meter-feast,3,smoke-screen,w0h+l0,forecast-aware,100,64,0.64,9.84,0.8352,14.861,0,0,2.65,51.82,2.17,4.75,2.02,0,1.19,0.83,1.38,1.01,0.4,2.52,0.64,0,0,0,0,0.08,2,4.37,0,0,0,0,0,,,,,,,,,,,,,2,ledger-prep,1,1,demand-pulse,1,4,peak-settlement,1,7,100,8,8,73,7,63,100,156,64,94,36,62,200,64,437,119,0,0,0,0,0,0,0,0.08,9.125,9,1.56,1.4688,1.7222,0.32,0.2723,,,
meter-feast,3,smoke-screen,w0h+l0,planner-one-mistake,100,48,0.48,10.37,0.8807,35.75,0,0,3.16,62.74,2.93,16.58,1.28,0.11,1.21,0.07,1.56,1.33,0.27,1.72,0.38,0,0,0,0,0.09,2,4.71,0,0,0,0,0,93,100,93,47,0,0,100,0.5054,1,17.7125,1,0,2,ledger-prep,1,1,demand-pulse,1,4,peak-settlement,1,7,100,9,9,90,7,71,100,422,48,42,52,380,200,38,471,121,0,0,0,0,0,0,0,0.09,10,10.1429,4.22,0.875,7.3077,0.19,0.2569,,,
meter-feast,3,smoke-screen,w0h0l-,random,100,0,0,11,,81.05,0,0,4.75,80.19,2.87,18.36,0.38,1.83,0.25,0.13,0.74,0.53,0.28,1.45,0.31,0,0,0,0,0.05,2,5,0,0,0,0,0,,,,,,,,,,,,,2,ledger-prep,1,1,demand-pulse,1,4,peak-settlement,1,7,100,5,5,51,0,0,100,688,0,0,100,688,200,31,500,25,0,0,0,0,0,0,0,0.05,10.2,,6.88,,6.88,0.155,0.05,,,
meter-feast,3,smoke-screen,w0h0l-,single-water,100,0,0,11,,85.25,0,0,5,101,3,14.83,0,0,0,0,1,1,0,0,0,0,0,0,0,0,2,5,0,0,0,0,0,,,,,,,,,,,,,2,ledger-prep,1,1,demand-pulse,1,4,peak-settlement,1,7,100,0,0,0,0,0,100,754,0,0,100,754,200,0,500,0,0,0,0,0,0,0,0,0,,,7.54,,7.54,0,0,,,
meter-feast,3,smoke-screen,w0h0l-,legacy-cycle,100,0,0,11,,71.62,0,0,5,103.44,3,34.32,0,0,0,0,0.91,0.51,0.4,3.45,0.76,0,0,0,0,1,2,5,0,0,0,0,0,,,,,,,,,,,,,2,ledger-prep,1,1,demand-pulse,1,4,peak-settlement,1,7,100,100,100,746,0,0,100,754,0,0,100,754,200,76,500,0,0,0,0,0,0,0,0,1,7.46,,7.54,,7.54,0.38,0,,,
meter-feast,3,smoke-screen,w0h0l-,greedy,100,81,0.81,9.24,0.8025,14.737,0,0,2.26,41.96,2.97,5.37,1.02,0.11,1,0.02,1.32,1,0.35,2.03,0.49,0,0,0,0,0.06,1.99,3.95,0,0,0,0,0,,,,,,,,,,,,,2,ledger-prep,1,1,demand-pulse,1,4,peak-settlement,1,7,100,6,6,52,6,52,100,161,81,124,19,37,199,49,395,100,0,0,0,0,0,0,0,0.06,8.6667,8.6667,1.61,1.5309,1.9474,0.2462,0.2532,,,
meter-feast,3,smoke-screen,w0h0l-,planner,100,90,0.9,9,0.798,30.8,0,0,2.26,41.18,2.96,5.16,0.79,0.07,0.75,0.04,1.21,0.9,0.33,2.76,0.77,0,0,0,0,0.12,2,3.87,0,0,0,0,0,,,,,,,,,,,,,2,ledger-prep,1,1,demand-pulse,1,4,peak-settlement,1,7,100,12,12,112,12,112,100,205,90,130,10,75,200,77,387,75,0,0,0,0,0,0,0,0.12,9.3333,9.3333,2.05,1.4444,7.5,0.385,0.1938,,,
meter-feast,3,smoke-screen,w0h0l-,forecast-aware,100,63,0.63,9.94,0.847,17.378,0,0,2.71,53.26,2.17,4.75,2.06,0,1.23,0.83,1.4,1.06,0.37,2.57,0.64,0,0,0,0,0.08,2,4.43,0,0,0,0,0,,,,,,,,,,,,,2,ledger-prep,1,1,demand-pulse,1,4,peak-settlement,1,7,100,8,8,73,7,63,100,153,63,90,37,63,200,64,443,123,0,0,0,0,0,0,0,0.08,9.125,9,1.53,1.4286,1.7027,0.32,0.2777,,,
meter-feast,3,smoke-screen,w0h0l-,planner-one-mistake,100,36,0.36,10.65,0.9116,37.281,0,0,3.34,67.48,2.94,17,1.37,0.12,1.31,0.06,1.56,1.37,0.23,1.84,0.44,0,0,0,0,0.07,2,4.88,0,0,0,0,0,90,100,90,34,0,0,100,0.3778,1,17.6975,2,0,2,ledger-prep,1,1,demand-pulse,1,4,peak-settlement,1,7,100,7,7,69,7,69,100,493,36,23,64,470,200,44,488,131,0,0,0,0,0,0,0,0.07,9.8571,9.8571,4.93,0.6389,7.3438,0.22,0.2684,,,
meter-feast,3,smoke-screen,w0h0l+,random,100,0,0,11,,81.05,0,0,4.75,80.19,2.87,18.36,0.38,1.83,0.25,0.13,0.74,0.53,0.28,1.45,0.31,0,0,0,0,0.05,2,5,0,0,0,0,0,,,,,,,,,,,,,2,ledger-prep,1,1,demand-pulse,1,4,peak-settlement,1,7,100,5,5,51,0,0,100,688,0,0,100,688,200,31,500,25,0,0,0,0,0,0,0,0.05,10.2,,6.88,,6.88,0.155,0.05,,,
meter-feast,3,smoke-screen,w0h0l+,single-water,100,0,0,11,,85.25,0,0,5,101,3,14.83,0,0,0,0,1,1,0,0,0,0,0,0,0,0,2,5,0,0,0,0,0,,,,,,,,,,,,,2,ledger-prep,1,1,demand-pulse,1,4,peak-settlement,1,7,100,0,0,0,0,0,100,754,0,0,100,754,200,0,500,0,0,0,0,0,0,0,0,0,,,7.54,,7.54,0,0,,,
meter-feast,3,smoke-screen,w0h0l+,legacy-cycle,100,0,0,11,,71.62,0,0,5,103.44,3,34.32,0,0,0,0,0.91,0.51,0.4,3.45,0.76,0,0,0,0,1,2,5,0,0,0,0,0,,,,,,,,,,,,,2,ledger-prep,1,1,demand-pulse,1,4,peak-settlement,1,7,100,100,100,746,0,0,100,754,0,0,100,754,200,76,500,0,0,0,0,0,0,0,0,1,7.46,,7.54,,7.54,0.38,0,,,
meter-feast,3,smoke-screen,w0h0l+,greedy,100,81,0.81,9.24,0.8025,14.737,0,0,2.26,41.96,2.97,5.37,1.02,0.11,1,0.02,1.32,1,0.35,2.03,0.49,0,0,0,0,0.06,1.99,3.95,0,0,0,0,0,,,,,,,,,,,,,2,ledger-prep,1,1,demand-pulse,1,4,peak-settlement,1,7,100,6,6,52,6,52,100,161,81,124,19,37,199,49,395,100,0,0,0,0,0,0,0,0.06,8.6667,8.6667,1.61,1.5309,1.9474,0.2462,0.2532,,,
meter-feast,3,smoke-screen,w0h0l+,planner,100,90,0.9,9,0.798,30.8,0,0,2.26,41.18,2.96,5.16,0.79,0.07,0.75,0.04,1.21,0.9,0.33,2.76,0.77,0,0,0,0,0.12,2,3.87,0,0,0,0,0,,,,,,,,,,,,,2,ledger-prep,1,1,demand-pulse,1,4,peak-settlement,1,7,100,12,12,112,12,112,100,205,90,130,10,75,200,77,387,75,0,0,0,0,0,0,0,0.12,9.3333,9.3333,2.05,1.4444,7.5,0.385,0.1938,,,
meter-feast,3,smoke-screen,w0h0l+,forecast-aware,100,63,0.63,9.94,0.847,17.378,0,0,2.71,53.26,2.17,4.75,2.06,0,1.23,0.83,1.4,1.06,0.37,2.57,0.64,0,0,0,0,0.08,2,4.43,0,0,0,0,0,,,,,,,,,,,,,2,ledger-prep,1,1,demand-pulse,1,4,peak-settlement,1,7,100,8,8,73,7,63,100,153,63,90,37,63,200,64,443,123,0,0,0,0,0,0,0,0.08,9.125,9,1.53,1.4286,1.7027,0.32,0.2777,,,
meter-feast,3,smoke-screen,w0h0l+,planner-one-mistake,100,36,0.36,10.65,0.9116,37.281,0,0,3.34,67.48,2.94,17,1.37,0.12,1.31,0.06,1.56,1.37,0.23,1.84,0.44,0,0,0,0,0.07,2,4.88,0,0,0,0,0,90,100,90,34,0,0,100,0.3778,1,17.6975,2,0,2,ledger-prep,1,1,demand-pulse,1,4,peak-settlement,1,7,100,7,7,69,7,69,100,493,36,23,64,470,200,44,488,131,0,0,0,0,0,0,0,0.07,9.8571,9.8571,4.93,0.6389,7.3438,0.22,0.2684,,,
mirror-shade,4,tide-siege,w0h0l0,random,100,0,0,9,,92.2,0,0,3.81,65.62,4.69,24.57,0.5,0.96,0.19,0.31,0.54,0.37,0.23,1.02,0,0,0,0,0,0.02,0,4,3.54,3.54,2.13,0.49,28,,,,,,,,,,,,,2,reflection,1,1,borrowed-shadow,1,4,counter-exam,1,7,100,2,2,18,0,0,100,664,0,0,100,664,0,0,400,19,354,354,213,49,2800,39,0,0.02,9,,6.64,,6.64,,0.0475,0.6017,0.1384,0
mirror-shade,4,tide-siege,w0h0l0,single-water,100,0,0,9,,100,0,0,4,34.31,5,65.64,0,0,0,0,1,1,0.54,0,0,0,0,0,0,0,0,4,4,4,0,0,0,,,,,,,,,,,,,2,reflection,1,1,borrowed-shadow,1,4,counter-exam,1,7,100,0,0,0,0,0,100,803,0,0,100,803,0,0,400,0,400,400,0,0,0,0,0,0,,,8.03,,8.03,,0,0,0,
mirror-shade,4,tide-siege,w0h0l0,legacy-cycle,100,0,0,9,,87.81,0,0,4,81.24,5,43.84,0,0,0,0,0.12,0,0.12,2.81,0,0,0,0,0,1,0,4,4,4,3.23,0,40.07,,,,,,,,,,,,,2,reflection,1,1,borrowed-shadow,1,4,counter-exam,1,7,100,100,100,735,0,0,100,571,0,0,100,571,0,0,400,0,400,400,323,0,4007,0,0,1,7.35,,5.71,,5.71,,0,0.8075,0,
mirror-shade,4,tide-siege,w0h0l0,greedy,100,58,0.58,8.51,0.9061,29.929,0,0,2.18,42.34,4.86,2.6,0.91,0.13,0.84,0.07,1.3,0.95,0.37,1.86,0,0,0,0,0,0.03,0,3.54,3.86,3.86,3.74,1.44,58.09,,,,,,,,,,,,,1.97,reflection,1,1,borrowed-shadow,1,4,counter-exam,0.97,7,100,3,3,23,0,0,100,230,58,120,42,110,0,0,354,84,386,386,374,144,5809,96,56,0.03,7.6667,,2.3,2.069,2.619,,0.2373,0.9689,0.3731,0.5833
mirror-shade,4,tide-siege,w0h0l0,planner,100,70,0.7,8.49,0.919,55.067,0,0,2.27,44.22,4.83,1.4,0.69,0.12,0.59,0.1,1.15,0.77,0.39,2.26,0,0,0,0,0,0.02,0,3.52,3.83,3.83,3.75,1.64,60.42,,,,,,,,,,,,,1.97,reflection,1,1,borrowed-shadow,1,4,counter-exam,0.97,7,100,2,2,18,2,18,100,309,70,75,30,234,0,0,352,59,383,383,375,164,6042,100,70,0.02,9,9,3.09,1.0714,7.8,,0.1676,0.9791,0.4282,0.7
mirror-shade,4,tide-siege,w0h0l0,forecast-aware,100,37,0.37,8.71,0.9129,37.54,0,0,2.56,50.92,3.6,2.61,2.2,0,0.83,1.37,1.2,0.86,0.34,2.15,0,0,0,0,0,0.03,0,3.72,2.84,2.84,2.62,0.77,39.59,,,,,,,,,,,,,1.99,reflection,1,1,borrowed-shadow,1,4,counter-exam,0.99,7,100,3,3,26,3,26,100,192,37,59,63,133,0,0,372,83,284,284,262,77,3959,58,25,0.03,8.6667,8.6667,1.92,1.5946,2.1111,,0.2231,0.9225,0.2711,0.431
mirror-shade,4,tide-siege,w0h0l0,planner-one-mistake,100,28,0.28,8.85,0.9405,62.778,0,0,3.05,62.06,4.94,12.56,0.58,0.27,0.52,0.06,1.08,0.71,0.36,2.46,0,0,0,0,0,0.03,0,3.85,3.94,3.94,3.49,1.5,59.2,70,100,70,24,0,5,95,0.3429,1,13.675,3.75,0,2,reflection,1,1,borrowed-shadow,1,4,counter-exam,1,7,100,3,3,27,3,27,100,589,28,24,72,565,0,0,385,52,394,394,349,150,5920,94,27,0.03,9,9,5.89,0.8571,7.8472,,0.1351,0.8858,0.3807,0.2872
mirror-shade,4,tide-siege,w-h-l-,random,100,0,0,9,,93.21,0,0,3.81,64.05,4.69,23.82,0.5,0.96,0.19,0.31,0.54,0.37,0.23,1.02,0,0,0,0,0,0.02,0,4,3.54,3.54,2.13,0.49,27.13,,,,,,,,,,,,,2,reflection,1,1,borrowed-shadow,1,4,counter-exam,1,7,100,2,2,18,0,0,100,664,0,0,100,664,0,0,400,19,354,354,213,49,2713,39,0,0.02,9,,6.64,,6.64,,0.0475,0.6017,0.1384,0
mirror-shade,4,tide-siege,w-h-l-,single-water,100,0,0,9,,100,0,0,4,34.31,5,65.64,0,0,0,0,1,1,0.54,0,0,0,0,0,0,0,0,4,4,4,0,0,0,,,,,,,,,,,,,2,reflection,1,1,borrowed-shadow,1,4,counter-exam,1,7,100,0,0,0,0,0,100,803,0,0,100,803,0,0,400,0,400,400,0,0,0,0,0,0,,,8.03,,8.03,,0,0,0,
mirror-shade,4,tide-siege,w-h-l-,legacy-cycle,100,0,0,9,,92.13,0,0,4,80.7,5,42.72,0,0,0,0,0.12,0,0.12,2.81,0,0,0,0,0,1,0,4,4,4,3.23,0,37.94,,,,,,,,,,,,,2,reflection,1,1,borrowed-shadow,1,4,counter-exam,1,7,100,100,100,735,0,0,100,571,0,0,100,571,0,0,400,0,400,400,323,0,3794,0,0,1,7.35,,5.71,,5.71,,0,0.8075,0,
mirror-shade,4,tide-siege,w-h-l-,greedy,100,46,0.46,8.69,0.9251,31.852,0,0,2.37,46.62,4.93,2.43,0.95,0.17,0.9,0.05,1.35,1.01,0.35,1.7,0,0,0,0,0,0.03,0,3.69,3.93,3.93,3.79,1.43,57.13,,,,,,,,,,,,,2,reflection,1,1,borrowed-shadow,1,4,counter-exam,1,7,100,3,3,25,1,9,100,229,46,93,54,136,0,0,369,90,393,393,379,143,5713,95,44,0.03,8.3333,9,2.29,2.0217,2.5185,,0.2439,0.9644,0.3639,0.4632
mirror-shade,4,tide-siege,w-h-l-,planner,100,58,0.58,8.54,0.9119,56.762,0,0,2.42,47.92,4.84,1.22,0.71,0.1,0.6,0.11,1.1,0.77,0.34,2.12,0,0,0,0,0,0.02,0,3.56,3.84,3.84,3.76,1.64,59.26,,,,,,,,,,,,,1.98,reflection,1,1,borrowed-shadow,1,4,counter-exam,0.98,7,100,2,2,18,2,18,100,401,58,66,42,335,0,0,356,60,384,384,376,164,5926,100,58,0.02,9,9,4.01,1.1379,7.9762,,0.1685,0.9792,0.4271,0.58
mirror-shade,4,tide-siege,w-h-l-,forecast-aware,100,26,0.26,8.83,0.9274,39.068,0,0,2.72,54.58,3.63,2.57,2.25,0,0.88,1.37,1.21,0.89,0.32,2.17,0,0,0,0,0,0.03,0,3.83,2.87,2.87,2.65,0.77,39.23,,,,,,,,,,,,,2,reflection,1,1,borrowed-shadow,1,4,counter-exam,1,7,100,3,3,26,3,26,100,199,26,43,74,156,0,0,383,88,287,287,265,77,3923,58,17,0.03,8.6667,8.6667,1.99,1.6538,2.1081,,0.2298,0.9233,0.2683,0.2931
mirror-shade,4,tide-siege,w-h-l-,planner-one-mistake,100,23,0.23,8.91,0.9565,64.26,0,0,3.11,63.58,4.94,11.74,0.63,0.26,0.57,0.06,1.07,0.73,0.35,2.41,0,0,0,0,0,0.01,0,3.91,3.94,3.94,3.47,1.45,57.23,58,100,58,17,0,5,95,0.2931,1,13.435,3.75,0,2,reflection,1,1,borrowed-shadow,1,4,counter-exam,1,7,100,1,1,9,1,9,100,622,23,14,77,608,0,0,391,57,394,394,347,145,5723,90,22,0.01,9,9,6.22,0.6087,7.8961,,0.1458,0.8807,0.368,0.2444
mirror-shade,4,tide-siege,w+h+l+,random,100,0,0,9,,91.53,0,0,3.81,66.33,4.69,25.04,0.5,0.96,0.19,0.31,0.54,0.37,0.23,1.02,0,0,0,0,0,0.02,0,4,3.54,3.54,2.13,0.49,28.52,,,,,,,,,,,,,2,reflection,1,1,borrowed-shadow,1,4,counter-exam,1,7,100,2,2,18,0,0,100,664,0,0,100,664,0,0,400,19,354,354,213,49,2852,39,0,0.02,9,,6.64,,6.64,,0.0475,0.6017,0.1384,0
mirror-shade,4,tide-siege,w+h+l+,single-water,100,0,0,9,,100,0,0,4,34.31,5,65.64,0,0,0,0,1,1,0.54,0,0,0,0,0,0,0,0,4,4,4,0,0,0,,,,,,,,,,,,,2,reflection,1,1,borrowed-shadow,1,4,counter-exam,1,7,100,0,0,0,0,0,100,803,0,0,100,803,0,0,400,0,400,400,0,0,0,0,0,0,,,8.03,,8.03,,0,0,0,
mirror-shade,4,tide-siege,w+h+l+,legacy-cycle,100,0,0,9,,85.94,0,0,4,81.38,5,44.19,0,0,0,0,0.12,0,0.12,2.81,0,0,0,0,0,1,0,4,4,4,3.23,0,40.75,,,,,,,,,,,,,2,reflection,1,1,borrowed-shadow,1,4,counter-exam,1,7,100,100,100,735,0,0,100,571,0,0,100,571,0,0,400,0,400,400,323,0,4075,0,0,1,7.35,,5.71,,5.71,,0,0.8075,0,
mirror-shade,4,tide-siege,w+h+l+,greedy,100,65,0.65,8.39,0.8957,28.371,0,0,2.04,39.3,4.82,2.81,0.91,0.11,0.83,0.08,1.28,0.91,0.38,1.71,0,0,0,0,0,0.04,0,3.45,3.82,3.82,3.67,1.45,57.95,,,,,,,,,,,,,1.94,reflection,1,1,borrowed-shadow,1,4,counter-exam,0.94,7,100,4,4,32,1,9,100,217,65,117,35,100,0,0,345,83,382,382,367,145,5795,95,63,0.04,8,9,2.17,1.8,2.8571,,0.2406,0.9607,0.3796,0.6632
mirror-shade,4,tide-siege,w+h+l+,planner,100,80,0.8,8.31,0.9042,54.6,0,0,2.04,39.02,4.81,1.68,0.66,0.12,0.55,0.11,1.19,0.72,0.48,2.15,0,0,0,0,0,0.03,0,3.35,3.81,3.81,3.75,1.65,61.38,,,,,,,,,,,,,1.96,reflection,1,1,borrowed-shadow,1,4,counter-exam,0.96,7,100,3,3,25,2,18,100,249,80,98,20,151,0,0,335,55,381,381,375,165,6138,100,80,0.03,8.3333,9,2.49,1.225,7.55,,0.1642,0.9843,0.4331,0.8
mirror-shade,4,tide-siege,w+h+l+,forecast-aware,100,46,0.46,8.64,0.913,36.426,0,0,2.43,47.86,3.59,2.62,2.19,0,0.82,1.37,1.2,0.85,0.35,2.14,0,0,0,0,0,0.03,0,3.66,2.83,2.83,2.61,0.77,40.14,,,,,,,,,,,,,1.98,reflection,1,1,borrowed-shadow,1,4,counter-exam,0.98,7,100,3,3,26,3,26,100,186,46,70,54,116,0,0,366,82,283,283,261,77,4014,58,34,0.03,8.6667,8.6667,1.86,1.5217,2.1481,,0.224,0.9223,0.2721,0.5862
mirror-shade,4,tide-siege,w+h+l+,planner-one-mistake,100,39,0.39,8.81,0.9459,61.541,0,0,2.9,58.42,4.94,13.7,0.58,0.26,0.52,0.06,1.12,0.73,0.38,2.44,0,0,0,0,0,0.06,0,3.81,3.94,3.94,3.49,1.48,59.99,80,100,80,34,0,5,95,0.425,1,13.705,3.75,0,2,reflection,1,1,borrowed-shadow,1,4,counter-exam,1,7,100,6,6,54,6,54,100,509,39,32,61,477,0,0,381,52,394,394,349,148,5999,94,37,0.06,9,9,5.09,0.8205,7.8197,,0.1365,0.8858,0.3756,0.3936
mirror-shade,4,tide-siege,w-h0l0,random,100,0,0,9,,92.2,0,0,3.81,65.62,4.69,24.57,0.5,0.96,0.19,0.31,0.54,0.37,0.23,1.02,0,0,0,0,0,0.02,0,4,3.54,3.54,2.13,0.49,28,,,,,,,,,,,,,2,reflection,1,1,borrowed-shadow,1,4,counter-exam,1,7,100,2,2,18,0,0,100,664,0,0,100,664,0,0,400,19,354,354,213,49,2800,39,0,0.02,9,,6.64,,6.64,,0.0475,0.6017,0.1384,0
mirror-shade,4,tide-siege,w-h0l0,single-water,100,0,0,9,,100,0,0,4,34.31,5,65.64,0,0,0,0,1,1,0.54,0,0,0,0,0,0,0,0,4,4,4,0,0,0,,,,,,,,,,,,,2,reflection,1,1,borrowed-shadow,1,4,counter-exam,1,7,100,0,0,0,0,0,100,803,0,0,100,803,0,0,400,0,400,400,0,0,0,0,0,0,,,8.03,,8.03,,0,0,0,
mirror-shade,4,tide-siege,w-h0l0,legacy-cycle,100,0,0,9,,87.81,0,0,4,81.24,5,43.84,0,0,0,0,0.12,0,0.12,2.81,0,0,0,0,0,1,0,4,4,4,3.23,0,40.07,,,,,,,,,,,,,2,reflection,1,1,borrowed-shadow,1,4,counter-exam,1,7,100,100,100,735,0,0,100,571,0,0,100,571,0,0,400,0,400,400,323,0,4007,0,0,1,7.35,,5.71,,5.71,,0,0.8075,0,
mirror-shade,4,tide-siege,w-h0l0,greedy,100,58,0.58,8.51,0.9061,29.929,0,0,2.18,42.34,4.86,2.6,0.91,0.13,0.84,0.07,1.3,0.95,0.37,1.86,0,0,0,0,0,0.03,0,3.54,3.86,3.86,3.74,1.44,58.09,,,,,,,,,,,,,1.97,reflection,1,1,borrowed-shadow,1,4,counter-exam,0.97,7,100,3,3,23,0,0,100,230,58,120,42,110,0,0,354,84,386,386,374,144,5809,96,56,0.03,7.6667,,2.3,2.069,2.619,,0.2373,0.9689,0.3731,0.5833
mirror-shade,4,tide-siege,w-h0l0,planner,100,70,0.7,8.49,0.919,55.067,0,0,2.27,44.22,4.83,1.4,0.69,0.12,0.59,0.1,1.15,0.77,0.39,2.26,0,0,0,0,0,0.02,0,3.52,3.83,3.83,3.75,1.64,60.42,,,,,,,,,,,,,1.97,reflection,1,1,borrowed-shadow,1,4,counter-exam,0.97,7,100,2,2,18,2,18,100,309,70,75,30,234,0,0,352,59,383,383,375,164,6042,100,70,0.02,9,9,3.09,1.0714,7.8,,0.1676,0.9791,0.4282,0.7
mirror-shade,4,tide-siege,w-h0l0,forecast-aware,100,37,0.37,8.71,0.9129,37.54,0,0,2.56,50.92,3.6,2.61,2.2,0,0.83,1.37,1.2,0.86,0.34,2.15,0,0,0,0,0,0.03,0,3.72,2.84,2.84,2.62,0.77,39.59,,,,,,,,,,,,,1.99,reflection,1,1,borrowed-shadow,1,4,counter-exam,0.99,7,100,3,3,26,3,26,100,192,37,59,63,133,0,0,372,83,284,284,262,77,3959,58,25,0.03,8.6667,8.6667,1.92,1.5946,2.1111,,0.2231,0.9225,0.2711,0.431
mirror-shade,4,tide-siege,w-h0l0,planner-one-mistake,100,28,0.28,8.85,0.9405,62.778,0,0,3.05,62.06,4.94,12.56,0.58,0.27,0.52,0.06,1.08,0.71,0.36,2.46,0,0,0,0,0,0.03,0,3.85,3.94,3.94,3.49,1.5,59.2,70,100,70,24,0,5,95,0.3429,1,13.675,3.75,0,2,reflection,1,1,borrowed-shadow,1,4,counter-exam,1,7,100,3,3,27,3,27,100,589,28,24,72,565,0,0,385,52,394,394,349,150,5920,94,27,0.03,9,9,5.89,0.8571,7.8472,,0.1351,0.8858,0.3807,0.2872
mirror-shade,4,tide-siege,w+h0l0,random,100,0,0,9,,92.2,0,0,3.81,65.62,4.69,24.57,0.5,0.96,0.19,0.31,0.54,0.37,0.23,1.02,0,0,0,0,0,0.02,0,4,3.54,3.54,2.13,0.49,28,,,,,,,,,,,,,2,reflection,1,1,borrowed-shadow,1,4,counter-exam,1,7,100,2,2,18,0,0,100,664,0,0,100,664,0,0,400,19,354,354,213,49,2800,39,0,0.02,9,,6.64,,6.64,,0.0475,0.6017,0.1384,0
mirror-shade,4,tide-siege,w+h0l0,single-water,100,0,0,9,,100,0,0,4,34.31,5,65.64,0,0,0,0,1,1,0.54,0,0,0,0,0,0,0,0,4,4,4,0,0,0,,,,,,,,,,,,,2,reflection,1,1,borrowed-shadow,1,4,counter-exam,1,7,100,0,0,0,0,0,100,803,0,0,100,803,0,0,400,0,400,400,0,0,0,0,0,0,,,8.03,,8.03,,0,0,0,
mirror-shade,4,tide-siege,w+h0l0,legacy-cycle,100,0,0,9,,87.81,0,0,4,81.24,5,43.84,0,0,0,0,0.12,0,0.12,2.81,0,0,0,0,0,1,0,4,4,4,3.23,0,40.07,,,,,,,,,,,,,2,reflection,1,1,borrowed-shadow,1,4,counter-exam,1,7,100,100,100,735,0,0,100,571,0,0,100,571,0,0,400,0,400,400,323,0,4007,0,0,1,7.35,,5.71,,5.71,,0,0.8075,0,
mirror-shade,4,tide-siege,w+h0l0,greedy,100,58,0.58,8.51,0.9061,29.929,0,0,2.18,42.34,4.86,2.6,0.91,0.13,0.84,0.07,1.3,0.95,0.37,1.86,0,0,0,0,0,0.03,0,3.54,3.86,3.86,3.74,1.44,58.09,,,,,,,,,,,,,1.97,reflection,1,1,borrowed-shadow,1,4,counter-exam,0.97,7,100,3,3,23,0,0,100,230,58,120,42,110,0,0,354,84,386,386,374,144,5809,96,56,0.03,7.6667,,2.3,2.069,2.619,,0.2373,0.9689,0.3731,0.5833
mirror-shade,4,tide-siege,w+h0l0,planner,100,70,0.7,8.49,0.919,55.067,0,0,2.27,44.22,4.83,1.4,0.69,0.12,0.59,0.1,1.15,0.77,0.39,2.26,0,0,0,0,0,0.02,0,3.52,3.83,3.83,3.75,1.64,60.42,,,,,,,,,,,,,1.97,reflection,1,1,borrowed-shadow,1,4,counter-exam,0.97,7,100,2,2,18,2,18,100,309,70,75,30,234,0,0,352,59,383,383,375,164,6042,100,70,0.02,9,9,3.09,1.0714,7.8,,0.1676,0.9791,0.4282,0.7
mirror-shade,4,tide-siege,w+h0l0,forecast-aware,100,37,0.37,8.71,0.9129,37.54,0,0,2.56,50.92,3.6,2.61,2.2,0,0.83,1.37,1.2,0.86,0.34,2.15,0,0,0,0,0,0.03,0,3.72,2.84,2.84,2.62,0.77,39.59,,,,,,,,,,,,,1.99,reflection,1,1,borrowed-shadow,1,4,counter-exam,0.99,7,100,3,3,26,3,26,100,192,37,59,63,133,0,0,372,83,284,284,262,77,3959,58,25,0.03,8.6667,8.6667,1.92,1.5946,2.1111,,0.2231,0.9225,0.2711,0.431
mirror-shade,4,tide-siege,w+h0l0,planner-one-mistake,100,28,0.28,8.85,0.9405,62.778,0,0,3.05,62.06,4.94,12.56,0.58,0.27,0.52,0.06,1.08,0.71,0.36,2.46,0,0,0,0,0,0.03,0,3.85,3.94,3.94,3.49,1.5,59.2,70,100,70,24,0,5,95,0.3429,1,13.675,3.75,0,2,reflection,1,1,borrowed-shadow,1,4,counter-exam,1,7,100,3,3,27,3,27,100,589,28,24,72,565,0,0,385,52,394,394,349,150,5920,94,27,0.03,9,9,5.89,0.8571,7.8472,,0.1351,0.8858,0.3807,0.2872
mirror-shade,4,tide-siege,w0h-l0,random,100,0,0,9,,92.74,0,0,3.81,64.78,4.69,24.26,0.5,0.96,0.19,0.31,0.54,0.37,0.23,1.02,0,0,0,0,0,0.02,0,4,3.54,3.54,2.13,0.49,27.63,,,,,,,,,,,,,2,reflection,1,1,borrowed-shadow,1,4,counter-exam,1,7,100,2,2,18,0,0,100,664,0,0,100,664,0,0,400,19,354,354,213,49,2763,39,0,0.02,9,,6.64,,6.64,,0.0475,0.6017,0.1384,0
mirror-shade,4,tide-siege,w0h-l0,single-water,100,0,0,9,,100,0,0,4,34.31,5,65.64,0,0,0,0,1,1,0.54,0,0,0,0,0,0,0,0,4,4,4,0,0,0,,,,,,,,,,,,,2,reflection,1,1,borrowed-shadow,1,4,counter-exam,1,7,100,0,0,0,0,0,100,803,0,0,100,803,0,0,400,0,400,400,0,0,0,0,0,0,,,8.03,,8.03,,0,0,0,
mirror-shade,4,tide-siege,w0h-l0,legacy-cycle,100,0,0,9,,90.39,0,0,4,80.97,5,43.16,0,0,0,0,0.12,0,0.12,2.81,0,0,0,0,0,1,0,4,4,4,3.23,0,39.19,,,,,,,,,,,,,2,reflection,1,1,borrowed-shadow,1,4,counter-exam,1,7,100,100,100,735,0,0,100,571,0,0,100,571,0,0,400,0,400,400,323,0,3919,0,0,1,7.35,,5.71,,5.71,,0,0.8075,0,
mirror-shade,4,tide-siege,w0h-l0,greedy,100,54,0.54,8.59,0.9156,31.696,0,0,2.24,43.7,4.91,2.27,0.92,0.14,0.87,0.05,1.31,0.96,0.37,1.76,0,0,0,0,0,0.02,0,3.6,3.91,3.91,3.79,1.45,58.06,,,,,,,,,,,,,1.99,reflection,1,1,borrowed-shadow,1,4,counter-exam,0.99,7,100,2,2,16,0,0,100,229,54,112,46,117,0,0,360,87,391,391,379,145,5806,95,51,0.02,8,,2.29,2.0741,2.5435,,0.2417,0.9693,0.3708,0.5368
mirror-shade,4,tide-siege,w0h-l0,planner,100,61,0.61,8.54,0.9162,54.564,0,0,2.39,47.16,4.85,1.19,0.7,0.11,0.6,0.1,1.09,0.75,0.35,2.27,0,0,0,0,0,0.02,0,3.56,3.85,3.85,3.77,1.66,60.27,,,,,,,,,,,,,1.98,reflection,1,1,borrowed-shadow,1,4,counter-exam,0.98,7,100,2,2,18,2,18,100,369,61,60,39,309,0,0,356,60,385,385,377,166,6027,100,61,0.02,9,9,3.69,0.9836,7.9231,,0.1685,0.9792,0.4312,0.61
mirror-shade,4,tide-siege,w0h-l0,forecast-aware,100,28,0.28,8.81,0.9246,37.972,0,0,2.7,54.12,3.63,2.59,2.23,0,0.86,1.37,1.21,0.89,0.32,2.17,0,0,0,0,0,0.03,0,3.81,2.87,2.87,2.65,0.77,39.5,,,,,,,,,,,,,2,reflection,1,1,borrowed-shadow,1,4,counter-exam,1,7,100,3,3,26,3,26,100,199,28,49,72,150,0,0,381,86,287,287,265,77,3950,58,18,0.03,8.6667,8.6667,1.99,1.75,2.0833,,0.2257,0.9233,0.2683,0.3103
mirror-shade,4,tide-siege,w0h-l0,planner-one-mistake,100,26,0.26,8.87,0.9444,63.851,0,0,3.07,62.6,4.94,12.54,0.6,0.27,0.54,0.06,1.07,0.69,0.38,2.41,0,0,0,0,0,0.02,0,3.87,3.94,3.94,3.45,1.52,58.45,61,100,61,21,0,6,94,0.3443,1,13.3875,2.75,0,2,reflection,1,1,borrowed-shadow,1,4,counter-exam,1,7,100,2,2,18,2,18,100,602,26,24,74,578,0,0,387,54,394,394,345,152,5845,93,26,0.02,9,9,6.02,0.9231,7.8108,,0.1395,0.8756,0.3858,0.2796
mirror-shade,4,tide-siege,w0h+l0,random,100,0,0,9,,91.91,0,0,3.81,65.97,4.69,24.79,0.5,0.96,0.19,0.31,0.54,0.37,0.23,1.02,0,0,0,0,0,0.02,0,4,3.54,3.54,2.13,0.49,28.17,,,,,,,,,,,,,2,reflection,1,1,borrowed-shadow,1,4,counter-exam,1,7,100,2,2,18,0,0,100,664,0,0,100,664,0,0,400,19,354,354,213,49,2817,39,0,0.02,9,,6.64,,6.64,,0.0475,0.6017,0.1384,0
mirror-shade,4,tide-siege,w0h+l0,single-water,100,0,0,9,,100,0,0,4,34.31,5,65.64,0,0,0,0,1,1,0.54,0,0,0,0,0,0,0,0,4,4,4,0,0,0,,,,,,,,,,,,,2,reflection,1,1,borrowed-shadow,1,4,counter-exam,1,7,100,0,0,0,0,0,100,803,0,0,100,803,0,0,400,0,400,400,0,0,0,0,0,0,,,8.03,,8.03,,0,0,0,
mirror-shade,4,tide-siege,w0h+l0,legacy-cycle,100,0,0,9,,86.67,0,0,4,81.35,5,44.13,0,0,0,0,0.12,0,0.12,2.81,0,0,0,0,0,1,0,4,4,4,3.23,0,40.34,,,,,,,,,,,,,2,reflection,1,1,borrowed-shadow,1,4,counter-exam,1,7,100,100,100,735,0,0,100,571,0,0,100,571,0,0,400,0,400,400,323,0,4034,0,0,1,7.35,,5.71,,5.71,,0,0.8075,0,
mirror-shade,4,tide-siege,w0h+l0,greedy,100,61,0.61,8.44,0.898,28.769,0,0,2.11,40.8,4.84,2.72,0.9,0.12,0.83,0.07,1.28,0.9,0.39,1.81,0,0,0,0,0,0.04,0,3.49,3.84,3.84,3.7,1.44,58.11,,,,,,,,,,,,,1.95,reflection,1,1,borrowed-shadow,1,4,counter-exam,0.95,7,100,4,4,32,1,9,100,221,61,114,39,107,0,0,349,83,384,384,370,144,5811,95,59,0.04,8,9,2.21,1.8689,2.7436,,0.2378,0.9635,0.375,0.6211
mirror-shade,4,tide-siege,w0h+l0,planner,100,76,0.76,8.36,0.9064,54.875,0,0,2.12,40.84,4.81,1.22,0.67,0.12,0.56,0.11,1.16,0.74,0.43,2.19,0,0,0,0,0,0.02,0,3.39,3.81,3.81,3.75,1.66,61.12,,,,,,,,,,,,,1.97,reflection,1,1,borrowed-shadow,1,4,counter-exam,0.97,7,100,2,2,18,2,18,100,279,76,94,24,185,0,0,339,56,381,381,375,166,6112,100,76,0.02,9,9,2.79,1.2368,7.7083,,0.1652,0.9843,0.4357,0.76
mirror-shade,4,tide-siege,w0h+l0,forecast-aware,100,42,0.42,8.67,0.9127,37.328,0,0,2.49,49.28,3.6,2.61,2.19,0,0.82,1.37,1.2,0.86,0.34,2.14,0,0,0,0,0,0.03,0,3.68,2.84,2.84,2.62,0.77,39.87,,,,,,,,,,,,,1.99,reflection,1,1,borrowed-shadow,1,4,counter-exam,0.99,7,100,3,3,26,3,26,100,189,42,67,58,122,0,0,368,82,284,284,262,77,3987,58,30,0.03,8.6667,8.6667,1.89,1.5952,2.1034,,0.2228,0.9225,0.2711,0.5172
mirror-shade,4,tide-siege,w0h+l0,planner-one-mistake,100,34,0.34,8.85,0.951,62.076,0,0,2.98,60.32,4.94,12.92,0.59,0.26,0.53,0.06,1.11,0.73,0.37,2.46,0,0,0,0,0,0.04,0,3.85,3.94,3.94,3.49,1.48,59.54,76,100,76,30,0,5,95,0.3947,1,13.775,3.75,0,2,reflection,1,1,borrowed-shadow,1,4,counter-exam,1,7,100,4,4,36,4,36,100,545,34,28,66,517,0,0,385,53,394,394,349,148,5954,94,32,0.04,9,9,5.45,0.8235,7.8333,,0.1377,0.8858,0.3756,0.3404
mirror-shade,4,tide-siege,w0h0l-,random,100,0,0,9,,92.66,0,0,3.81,64.89,4.69,24.13,0.5,0.96,0.19,0.31,0.54,0.37,0.23,1.02,0,0,0,0,0,0.02,0,4,3.54,3.54,2.13,0.49,27.5,,,,,,,,,,,,,2,reflection,1,1,borrowed-shadow,1,4,counter-exam,1,7,100,2,2,18,0,0,100,664,0,0,100,664,0,0,400,19,354,354,213,49,2750,39,0,0.02,9,,6.64,,6.64,,0.0475,0.6017,0.1384,0
mirror-shade,4,tide-siege,w0h0l-,single-water,100,0,0,9,,100,0,0,4,34.31,5,65.64,0,0,0,0,1,1,0.54,0,0,0,0,0,0,0,0,4,4,4,0,0,0,,,,,,,,,,,,,2,reflection,1,1,borrowed-shadow,1,4,counter-exam,1,7,100,0,0,0,0,0,100,803,0,0,100,803,0,0,400,0,400,400,0,0,0,0,0,0,,,8.03,,8.03,,0,0,0,
mirror-shade,4,tide-siege,w0h0l-,legacy-cycle,100,0,0,9,,90.19,0,0,4,81.01,5,43.4,0,0,0,0,0.12,0,0.12,2.81,0,0,0,0,0,1,0,4,4,4,3.23,0,38.82,,,,,,,,,,,,,2,reflection,1,1,borrowed-shadow,1,4,counter-exam,1,7,100,100,100,735,0,0,100,571,0,0,100,571,0,0,400,0,400,400,323,0,3882,0,0,1,7.35,,5.71,,5.71,,0,0.8075,0,
mirror-shade,4,tide-siege,w0h0l-,greedy,100,52,0.52,8.61,0.9167,30.313,0,0,2.26,44.14,4.89,2.86,0.96,0.14,0.88,0.08,1.29,0.96,0.34,1.77,0,0,0,0,0,0.04,0,3.62,3.89,3.89,3.74,1.41,56.94,,,,,,,,,,,,,1.99,reflection,1,1,borrowed-shadow,1,4,counter-exam,0.99,7,100,4,4,32,1,9,100,233,52,107,48,126,0,0,362,88,389,389,374,141,5694,96,51,0.04,8,9,2.33,2.0577,2.625,,0.2431,0.9614,0.3625,0.5313
mirror-shade,4,tide-siege,w0h0l-,planner,100,66,0.66,8.51,0.9175,56.471,0,0,2.31,45.28,4.83,1.39,0.72,0.09,0.61,0.11,1.12,0.75,0.38,2.21,0,0,0,0,0,0.02,0,3.54,3.83,3.83,3.75,1.66,59.78,,,,,,,,,,,,,1.97,reflection,1,1,borrowed-shadow,1,4,counter-exam,0.97,7,100,2,2,18,2,18,100,341,66,74,34,267,0,0,354,61,383,383,375,166,5978,100,66,0.02,9,9,3.41,1.1212,7.8529,,0.1723,0.9791,0.4334,0.66
mirror-shade,4,tide-siege,w0h0l-,forecast-aware,100,31,0.31,8.75,0.9104,37.754,0,0,2.63,52.56,3.61,2.59,2.22,0,0.85,1.37,1.21,0.88,0.33,2.15,0,0,0,0,0,0.03,0,3.76,2.85,2.85,2.63,0.77,39.37,,,,,,,,,,,,,1.99,reflection,1,1,borrowed-shadow,1,4,counter-exam,0.99,7,100,3,3,26,3,26,100,194,31,53,69,141,0,0,376,85,285,285,263,77,3937,58,21,0.03,8.6667,8.6667,1.94,1.7097,2.0435,,0.2261,0.9228,0.2702,0.3621
mirror-shade,4,tide-siege,w0h0l-,planner-one-mistake,100,27,0.27,8.85,0.9383,63.671,0,0,3.05,62.12,4.94,11.76,0.59,0.26,0.53,0.06,1.08,0.72,0.35,2.45,0,0,0,0,0,0.02,0,3.85,3.94,3.94,3.51,1.49,58.73,66,100,66,22,0,5,95,0.3333,1,13.54,4.25,0,2,reflection,1,1,borrowed-shadow,1,4,counter-exam,1,7,100,2,2,18,2,18,100,597,27,20,73,577,0,0,385,53,394,394,351,149,5873,92,25,0.02,9,9,5.97,0.7407,7.9041,,0.1377,0.8909,0.3782,0.2717
mirror-shade,4,tide-siege,w0h0l+,random,100,0,0,9,,91.83,0,0,3.81,65.98,4.69,24.82,0.5,0.96,0.19,0.31,0.54,0.37,0.23,1.02,0,0,0,0,0,0.02,0,4,3.54,3.54,2.13,0.49,28.35,,,,,,,,,,,,,2,reflection,1,1,borrowed-shadow,1,4,counter-exam,1,7,100,2,2,18,0,0,100,664,0,0,100,664,0,0,400,19,354,354,213,49,2835,39,0,0.02,9,,6.64,,6.64,,0.0475,0.6017,0.1384,0
mirror-shade,4,tide-siege,w0h0l+,single-water,100,0,0,9,,100,0,0,4,34.31,5,65.64,0,0,0,0,1,1,0.54,0,0,0,0,0,0,0,0,4,4,4,0,0,0,,,,,,,,,,,,,2,reflection,1,1,borrowed-shadow,1,4,counter-exam,1,7,100,0,0,0,0,0,100,803,0,0,100,803,0,0,400,0,400,400,0,0,0,0,0,0,,,8.03,,8.03,,0,0,0,
mirror-shade,4,tide-siege,w0h0l+,legacy-cycle,100,0,0,9,,86.38,0,0,4,81.31,5,43.9,0,0,0,0,0.12,0,0.12,2.81,0,0,0,0,0,1,0,4,4,4,3.23,0,40.48,,,,,,,,,,,,,2,reflection,1,1,borrowed-shadow,1,4,counter-exam,1,7,100,100,100,735,0,0,100,571,0,0,100,571,0,0,400,0,400,400,323,0,4048,0,0,1,7.35,,5.71,,5.71,,0,0.8075,0,
mirror-shade,4,tide-siege,w0h0l+,greedy,100,61,0.61,8.49,0.9071,28.615,0,0,2.13,41.18,4.84,2.42,0.94,0.12,0.86,0.08,1.3,0.93,0.39,1.77,0,0,0,0,0,0.02,0,3.53,3.84,3.84,3.71,1.46,58.04,,,,,,,,,,,,,1.96,reflection,1,1,borrowed-shadow,1,4,counter-exam,0.96,7,100,2,2,16,0,0,100,222,61,117,39,105,0,0,353,86,384,384,371,146,5804,96,59,0.02,8,,2.22,1.918,2.6923,,0.2436,0.9661,0.3802,0.6146
mirror-shade,4,tide-siege,w0h0l+,planner,100,74,0.74,8.45,0.9174,54.462,0,0,2.2,42.58,4.83,1.3,0.68,0.12,0.58,0.1,1.18,0.77,0.42,2.23,0,0,0,0,0,0.02,0,3.48,3.83,3.83,3.76,1.64,60.84,,,,,,,,,,,,,1.97,reflection,1,1,borrowed-shadow,1,4,counter-exam,0.97,7,100,2,2,18,2,18,100,284,74,83,26,201,0,0,348,58,383,383,376,164,6084,100,74,0.02,9,9,2.84,1.1216,7.7308,,0.1667,0.9817,0.4282,0.74
mirror-shade,4,tide-siege,w0h0l+,forecast-aware,100,44,0.44,8.69,0.9217,36.964,0,0,2.47,48.7,3.6,2.62,2.2,0,0.83,1.37,1.2,0.86,0.34,2.14,0,0,0,0,0,0.03,0,3.7,2.84,2.84,2.62,0.77,39.94,,,,,,,,,,,,,1.99,reflection,1,1,borrowed-shadow,1,4,counter-exam,0.99,7,100,3,3,26,3,26,100,190,44,71,56,119,0,0,370,83,284,284,262,77,3994,58,32,0.03,8.6667,8.6667,1.9,1.6136,2.125,,0.2243,0.9225,0.2711,0.5517
mirror-shade,4,tide-siege,w0h0l+,planner-one-mistake,100,30,0.3,8.83,0.937,61.829,0,0,3.02,61.34,4.94,12.78,0.57,0.27,0.51,0.06,1.08,0.71,0.36,2.43,0,0,0,0,0,0.03,0,3.83,3.94,3.94,3.49,1.5,59.67,74,100,74,25,0,5,95,0.3378,1,13.605,3.75,0,2,reflection,1,1,borrowed-shadow,1,4,counter-exam,1,7,100,3,3,27,3,27,100,575,30,26,70,549,0,0,383,51,394,394,349,150,5967,94,29,0.03,9,9,5.75,0.8667,7.8429,,0.1332,0.8858,0.3807,0.3085
mirror-shade,4,smoke-screen,w0h0l0,random,100,0,0,9,,93.24,0,0,3.76,62.4,4.74,23.37,0.5,1.37,0.24,0.26,0.46,0.34,0.19,1.16,0,0,0,0,0,0.01,0,4,3.58,3.58,2.06,0.39,25.82,,,,,,,,,,,,,2,reflection,1,1,borrowed-shadow,1,4,counter-exam,1,7,100,1,1,9,0,0,100,692,0,0,100,692,0,0,400,24,358,358,206,39,2582,35,0,0.01,9,,6.92,,6.92,,0.06,0.5754,0.1089,0
mirror-shade,4,smoke-screen,w0h0l0,single-water,100,0,0,9,,100,0,0,4,29.77,5,79.01,0,0,0,0,1,1,0.82,0,0,0,0,0,0,0,0,4,4,4,0,0,0,,,,,,,,,,,,,2,reflection,1,1,borrowed-shadow,1,4,counter-exam,1,7,100,0,0,0,0,0,100,664,0,0,100,664,0,0,400,0,400,400,0,0,0,0,0,0,,,6.64,,6.64,,0,0,0,
mirror-shade,4,smoke-screen,w0h0l0,legacy-cycle,100,0,0,9,,87.6,0,0,4,80.9,5,43.66,0,0,0,0,0.18,0,0.18,2.48,0,0,0,0,0,1,0,4,4,4,3.32,0,40.77,,,,,,,,,,,,,2,reflection,1,1,borrowed-shadow,1,4,counter-exam,1,7,100,100,100,746,0,0,100,558,0,0,100,558,0,0,400,0,400,400,332,0,4077,0,0,1,7.46,,5.58,,5.58,,0,0.83,0,
mirror-shade,4,smoke-screen,w0h0l0,greedy,100,71,0.71,8.46,0.9155,32.345,0,0,1.84,35.38,4.89,2.95,1.02,0.2,0.98,0.04,1.22,0.69,0.5,2,0,0,0,0,0,0.07,0,3.47,3.89,3.89,3.77,1.32,55.12,,,,,,,,,,,,,1.99,reflection,1,1,borrowed-shadow,1,4,counter-exam,0.99,7,100,7,7,60,5,43,100,228,71,139,29,89,0,0,347,98,389,389,377,132,5512,90,63,0.07,8.5714,8.6,2.28,1.9577,3.069,,0.2824,0.9692,0.3393,0.7
mirror-shade,4,smoke-screen,w0h0l0,planner,100,72,0.72,8.44,0.9136,52.964,0,0,2.07,40.28,4.84,2.03,0.81,0.07,0.73,0.08,1.3,0.79,0.52,2.39,0,0,0,0,0,0.04,0,3.45,3.84,3.84,3.72,1.72,61.16,,,,,,,,,,,,,1.99,reflection,1,1,borrowed-shadow,1,4,counter-exam,0.99,7,100,4,4,33,4,33,100,331,72,103,28,228,0,0,345,73,384,384,372,172,6116,99,71,0.04,8.25,8.25,3.31,1.4306,8.1429,,0.2116,0.9688,0.4479,0.7172
mirror-shade,4,smoke-screen,w0h0l0,forecast-aware,100,33,0.33,8.74,0.9125,44.597,0,0,2.44,48.86,3.38,3.02,2.6,0,1,1.6,1,0.67,0.34,1.91,0,0,0,0,0,0.01,0,3.74,2.61,2.61,2.35,0.73,34.52,,,,,,,,,,,,,2,reflection,1,1,borrowed-shadow,1,4,counter-exam,1,7,100,1,1,9,1,9,100,261,33,49,67,212,0,0,374,100,261,261,235,73,3452,60,27,0.01,9,9,2.61,1.4848,3.1642,,0.2674,0.9004,0.2797,0.45
mirror-shade,4,smoke-screen,w0h0l0,planner-one-mistake,100,28,0.28,8.84,0.9365,61.514,0,0,2.85,58.34,4.92,12.76,0.79,0.24,0.71,0.08,1,0.73,0.29,2.59,0,0,0,0,0,0.02,0,3.84,3.92,3.92,3.47,1.47,58.73,72,100,72,27,0,3,97,0.375,1,13.38,3.75,0,2,reflection,1,1,borrowed-shadow,1,4,counter-exam,1,7,100,2,2,17,1,9,100,638,28,39,72,599,0,0,384,71,392,392,347,147,5873,95,28,0.02,8.5,9,6.38,1.3929,8.3194,,0.1849,0.8852,0.375,0.2947
mirror-shade,4,smoke-screen,w-h-l-,random,100,0,0,9,,94.24,0,0,3.76,61.23,4.74,22.73,0.5,1.37,0.24,0.26,0.46,0.34,0.19,1.16,0,0,0,0,0,0.01,0,4,3.58,3.58,2.06,0.39,25.05,,,,,,,,,,,,,2,reflection,1,1,borrowed-shadow,1,4,counter-exam,1,7,100,1,1,9,0,0,100,692,0,0,100,692,0,0,400,24,358,358,206,39,2505,35,0,0.01,9,,6.92,,6.92,,0.06,0.5754,0.1089,0
mirror-shade,4,smoke-screen,w-h-l-,single-water,100,0,0,9,,100,0,0,4,29.77,5,79.01,0,0,0,0,1,1,0.82,0,0,0,0,0,0,0,0,4,4,4,0,0,0,,,,,,,,,,,,,2,reflection,1,1,borrowed-shadow,1,4,counter-exam,1,7,100,0,0,0,0,0,100,664,0,0,100,664,0,0,400,0,400,400,0,0,0,0,0,0,,,6.64,,6.64,,0,0,0,
mirror-shade,4,smoke-screen,w-h-l-,legacy-cycle,100,0,0,9,,91.72,0,0,4,80.32,5,42.53,0,0,0,0,0.18,0,0.18,2.48,0,0,0,0,0,1,0,4,4,4,3.32,0,38.61,,,,,,,,,,,,,2,reflection,1,1,borrowed-shadow,1,4,counter-exam,1,7,100,100,100,746,0,0,100,558,0,0,100,558,0,0,400,0,400,400,332,0,3861,0,0,1,7.46,,5.58,,5.58,,0,0.83,0,
mirror-shade,4,smoke-screen,w-h-l-,greedy,100,56,0.56,8.53,0.9067,33.432,0,0,1.99,39.12,4.88,1.94,1.1,0.19,1.04,0.06,1.19,0.68,0.5,1.78,0,0,0,0,0,0.04,0,3.53,3.88,3.88,3.77,1.34,54.03,,,,,,,,,,,,,2,reflection,1,1,borrowed-shadow,1,4,counter-exam,1,7,100,4,4,34,2,17,100,238,56,110,44,128,0,0,353,104,388,388,377,134,5403,90,50,0.04,8.5,8.5,2.38,1.9643,2.9091,,0.2946,0.9716,0.3454,0.5556
mirror-shade,4,smoke-screen,w-h-l-,planner,100,68,0.68,8.49,0.9167,55.438,0,0,2.16,42.3,4.81,1.9,0.84,0.06,0.73,0.11,1.25,0.77,0.5,2.32,0,0,0,0,0,0.05,0,3.5,3.81,3.81,3.7,1.72,60.5,,,,,,,,,,,,,1.99,reflection,1,1,borrowed-shadow,1,4,counter-exam,0.99,7,100,5,5,44,5,44,100,355,68,98,32,257,0,0,350,73,381,381,370,172,6050,99,67,0.05,8.8,8.8,3.55,1.4412,8.0313,,0.2086,0.9711,0.4514,0.6768
mirror-shade,4,smoke-screen,w-h-l-,forecast-aware,100,24,0.24,8.83,0.9213,44.961,0,0,2.56,51.56,3.39,2.99,2.64,0,1.04,1.6,1.01,0.7,0.32,1.93,0,0,0,0,0,0.01,0,3.83,2.62,2.62,2.36,0.73,34.13,,,,,,,,,,,,,2,reflection,1,1,borrowed-shadow,1,4,counter-exam,1,7,100,1,1,9,1,9,100,268,24,35,76,233,0,0,383,104,262,262,236,73,3413,60,19,0.01,9,9,2.68,1.4583,3.0658,,0.2715,0.9008,0.2786,0.3167
mirror-shade,4,smoke-screen,w-h-l-,planner-one-mistake,100,25,0.25,8.89,0.9511,63.44,0,0,2.92,59.92,4.92,12.18,0.8,0.24,0.72,0.08,1.04,0.71,0.35,2.59,0,0,0,0,0,0.02,0,3.89,3.92,3.92,3.48,1.47,57.82,68,100,68,24,0,4,96,0.3529,1,13.1425,3.5,0,2,reflection,1,1,borrowed-shadow,1,4,counter-exam,1,7,100,2,2,17,1,9,100,647,25,26,75,621,0,0,389,72,392,392,348,147,5782,95,25,0.02,8.5,9,6.47,1.04,8.28,,0.1851,0.8878,0.375,0.2632
mirror-shade,4,smoke-screen,w+h+l+,random,100,0,0,9,,92.58,0,0,3.76,63.32,4.74,23.78,0.5,1.37,0.24,0.26,0.46,0.34,0.19,1.16,0,0,0,0,0,0.01,0,4,3.58,3.58,2.06,0.39,26.43,,,,,,,,,,,,,2,reflection,1,1,borrowed-shadow,1,4,counter-exam,1,7,100,1,1,9,0,0,100,692,0,0,100,692,0,0,400,24,358,358,206,39,2643,35,0,0.01,9,,6.92,,6.92,,0.06,0.5754,0.1089,0
mirror-shade,4,smoke-screen,w+h+l+,single-water,100,0,0,9,,100,0,0,4,29.77,5,79.01,0,0,0,0,1,1,0.82,0,0,0,0,0,0,0,0,4,4,4,0,0,0,,,,,,,,,,,,,2,reflection,1,1,borrowed-shadow,1,4,counter-exam,1,7,100,0,0,0,0,0,100,664,0,0,100,664,0,0,400,0,400,400,0,0,0,0,0,0,,,6.64,,6.64,,0,0,0,
mirror-shade,4,smoke-screen,w+h+l+,legacy-cycle,100,0,0,9,,85.89,0,0,4,81.1,5,43.94,0,0,0,0,0.18,0,0.18,2.48,0,0,0,0,0,1,0,4,4,4,3.32,0,41.31,,,,,,,,,,,,,2,reflection,1,1,borrowed-shadow,1,4,counter-exam,1,7,100,100,100,746,0,0,100,558,0,0,100,558,0,0,400,0,400,400,332,0,4131,0,0,1,7.46,,5.58,,5.58,,0,0.83,0,
mirror-shade,4,smoke-screen,w+h+l+,greedy,100,76,0.76,8.33,0.902,30.458,0,0,1.72,32.74,4.87,2.11,0.98,0.21,0.93,0.05,1.09,0.67,0.4,1.79,0,0,0,0,0,0.05,0,3.35,3.87,3.87,3.78,1.35,55.93,,,,,,,,,,,,,1.98,reflection,1,1,borrowed-shadow,1,4,counter-exam,0.98,7,100,5,5,43,4,34,100,241,76,168,24,73,0,0,335,93,387,387,378,135,5593,90,66,0.05,8.6,8.5,2.41,2.2105,3.0417,,0.2776,0.9767,0.3488,0.7333
mirror-shade,4,smoke-screen,w+h+l+,planner,100,86,0.86,8.13,0.8876,53.786,0,0,1.73,32.76,4.79,1.56,0.75,0.07,0.67,0.08,1.22,0.72,0.5,2.33,0,0,0,0,0,0.02,0,3.19,3.79,3.79,3.7,1.7,62.09,,,,,,,,,,,,,1.94,reflection,1,1,borrowed-shadow,1,4,counter-exam,0.94,7,100,2,2,16,2,16,100,251,86,137,14,114,0,0,319,67,379,379,370,170,6209,99,85,0.02,8,8,2.51,1.593,8.1429,,0.21,0.9763,0.4485,0.8586
mirror-shade,4,smoke-screen,w+h+l+,forecast-aware,100,34,0.34,8.72,0.9085,42.864,0,0,2.42,48.46,3.38,3.04,2.59,0,0.99,1.6,0.99,0.66,0.34,1.9,0,0,0,0,0,0.01,0,3.72,2.61,2.61,2.35,0.73,34.98,,,,,,,,,,,,,2,reflection,1,1,borrowed-shadow,1,4,counter-exam,1,7,100,1,1,9,1,9,100,263,34,51,66,212,0,0,372,99,261,261,235,73,3498,60,28,0.01,9,9,2.63,1.5,3.2121,,0.2661,0.9004,0.2797,0.4667
mirror-shade,4,smoke-screen,w+h+l+,planner-one-mistake,100,38,0.38,8.76,0.9298,60.968,0,0,2.68,54.36,4.91,13.11,0.79,0.21,0.7,0.09,1.01,0.74,0.28,2.44,0,0,0,0,0,0.02,0,3.76,3.91,3.91,3.46,1.48,59.55,86,100,86,38,0,3,97,0.4419,1,13.3,3.75,0,2,reflection,1,1,borrowed-shadow,1,4,counter-exam,1,7,100,2,2,17,1,9,100,579,38,58,62,521,0,0,376,70,391,391,346,148,5955,95,38,0.02,8.5,9,5.79,1.5263,8.4032,,0.1862,0.8849,0.3785,0.4
mirror-shade,4,smoke-screen,w-h0l0,random,100,0,0,9,,93.24,0,0,3.76,62.4,4.74,23.37,0.5,1.37,0.24,0.26,0.46,0.34,0.19,1.16,0,0,0,0,0,0.01,0,4,3.58,3.58,2.06,0.39,25.82,,,,,,,,,,,,,2,reflection,1,1,borrowed-shadow,1,4,counter-exam,1,7,100,1,1,9,0,0,100,692,0,0,100,692,0,0,400,24,358,358,206,39,2582,35,0,0.01,9,,6.92,,6.92,,0.06,0.5754,0.1089,0
mirror-shade,4,smoke-screen,w-h0l0,single-water,100,0,0,9,,100,0,0,4,29.77,5,79.01,0,0,0,0,1,1,0.82,0,0,0,0,0,0,0,0,4,4,4,0,0,0,,,,,,,,,,,,,2,reflection,1,1,borrowed-shadow,1,4,counter-exam,1,7,100,0,0,0,0,0,100,664,0,0,100,664,0,0,400,0,400,400,0,0,0,0,0,0,,,6.64,,6.64,,0,0,0,
mirror-shade,4,smoke-screen,w-h0l0,legacy-cycle,100,0,0,9,,87.6,0,0,4,80.9,5,43.66,0,0,0,0,0.18,0,0.18,2.48,0,0,0,0,0,1,0,4,4,4,3.32,0,40.77,,,,,,,,,,,,,2,reflection,1,1,borrowed-shadow,1,4,counter-exam,1,7,100,100,100,746,0,0,100,558,0,0,100,558,0,0,400,0,400,400,332,0,4077,0,0,1,7.46,,5.58,,5.58,,0,0.83,0,
mirror-shade,4,smoke-screen,w-h0l0,greedy,100,71,0.71,8.46,0.9155,32.345,0,0,1.84,35.38,4.89,2.95,1.02,0.2,0.98,0.04,1.22,0.69,0.5,2,0,0,0,0,0,0.07,0,3.47,3.89,3.89,3.77,1.32,55.12,,,,,,,,,,,,,1.99,reflection,1,1,borrowed-shadow,1,4,counter-exam,0.99,7,100,7,7,60,5,43,100,228,71,139,29,89,0,0,347,98,389,389,377,132,5512,90,63,0.07,8.5714,8.6,2.28,1.9577,3.069,,0.2824,0.9692,0.3393,0.7
mirror-shade,4,smoke-screen,w-h0l0,planner,100,72,0.72,8.44,0.9136,52.964,0,0,2.07,40.28,4.84,2.03,0.81,0.07,0.73,0.08,1.3,0.79,0.52,2.39,0,0,0,0,0,0.04,0,3.45,3.84,3.84,3.72,1.72,61.16,,,,,,,,,,,,,1.99,reflection,1,1,borrowed-shadow,1,4,counter-exam,0.99,7,100,4,4,33,4,33,100,331,72,103,28,228,0,0,345,73,384,384,372,172,6116,99,71,0.04,8.25,8.25,3.31,1.4306,8.1429,,0.2116,0.9688,0.4479,0.7172
mirror-shade,4,smoke-screen,w-h0l0,forecast-aware,100,33,0.33,8.74,0.9125,44.597,0,0,2.44,48.86,3.38,3.02,2.6,0,1,1.6,1,0.67,0.34,1.91,0,0,0,0,0,0.01,0,3.74,2.61,2.61,2.35,0.73,34.52,,,,,,,,,,,,,2,reflection,1,1,borrowed-shadow,1,4,counter-exam,1,7,100,1,1,9,1,9,100,261,33,49,67,212,0,0,374,100,261,261,235,73,3452,60,27,0.01,9,9,2.61,1.4848,3.1642,,0.2674,0.9004,0.2797,0.45
mirror-shade,4,smoke-screen,w-h0l0,planner-one-mistake,100,28,0.28,8.84,0.9365,61.514,0,0,2.85,58.34,4.92,12.76,0.79,0.24,0.71,0.08,1,0.73,0.29,2.59,0,0,0,0,0,0.02,0,3.84,3.92,3.92,3.47,1.47,58.73,72,100,72,27,0,3,97,0.375,1,13.38,3.75,0,2,reflection,1,1,borrowed-shadow,1,4,counter-exam,1,7,100,2,2,17,1,9,100,638,28,39,72,599,0,0,384,71,392,392,347,147,5873,95,28,0.02,8.5,9,6.38,1.3929,8.3194,,0.1849,0.8852,0.375,0.2947
mirror-shade,4,smoke-screen,w+h0l0,random,100,0,0,9,,93.24,0,0,3.76,62.4,4.74,23.37,0.5,1.37,0.24,0.26,0.46,0.34,0.19,1.16,0,0,0,0,0,0.01,0,4,3.58,3.58,2.06,0.39,25.82,,,,,,,,,,,,,2,reflection,1,1,borrowed-shadow,1,4,counter-exam,1,7,100,1,1,9,0,0,100,692,0,0,100,692,0,0,400,24,358,358,206,39,2582,35,0,0.01,9,,6.92,,6.92,,0.06,0.5754,0.1089,0
mirror-shade,4,smoke-screen,w+h0l0,single-water,100,0,0,9,,100,0,0,4,29.77,5,79.01,0,0,0,0,1,1,0.82,0,0,0,0,0,0,0,0,4,4,4,0,0,0,,,,,,,,,,,,,2,reflection,1,1,borrowed-shadow,1,4,counter-exam,1,7,100,0,0,0,0,0,100,664,0,0,100,664,0,0,400,0,400,400,0,0,0,0,0,0,,,6.64,,6.64,,0,0,0,
mirror-shade,4,smoke-screen,w+h0l0,legacy-cycle,100,0,0,9,,87.6,0,0,4,80.9,5,43.66,0,0,0,0,0.18,0,0.18,2.48,0,0,0,0,0,1,0,4,4,4,3.32,0,40.77,,,,,,,,,,,,,2,reflection,1,1,borrowed-shadow,1,4,counter-exam,1,7,100,100,100,746,0,0,100,558,0,0,100,558,0,0,400,0,400,400,332,0,4077,0,0,1,7.46,,5.58,,5.58,,0,0.83,0,
mirror-shade,4,smoke-screen,w+h0l0,greedy,100,71,0.71,8.46,0.9155,32.345,0,0,1.84,35.38,4.89,2.95,1.02,0.2,0.98,0.04,1.22,0.69,0.5,2,0,0,0,0,0,0.07,0,3.47,3.89,3.89,3.77,1.32,55.12,,,,,,,,,,,,,1.99,reflection,1,1,borrowed-shadow,1,4,counter-exam,0.99,7,100,7,7,60,5,43,100,228,71,139,29,89,0,0,347,98,389,389,377,132,5512,90,63,0.07,8.5714,8.6,2.28,1.9577,3.069,,0.2824,0.9692,0.3393,0.7
mirror-shade,4,smoke-screen,w+h0l0,planner,100,72,0.72,8.44,0.9136,52.964,0,0,2.07,40.28,4.84,2.03,0.81,0.07,0.73,0.08,1.3,0.79,0.52,2.39,0,0,0,0,0,0.04,0,3.45,3.84,3.84,3.72,1.72,61.16,,,,,,,,,,,,,1.99,reflection,1,1,borrowed-shadow,1,4,counter-exam,0.99,7,100,4,4,33,4,33,100,331,72,103,28,228,0,0,345,73,384,384,372,172,6116,99,71,0.04,8.25,8.25,3.31,1.4306,8.1429,,0.2116,0.9688,0.4479,0.7172
mirror-shade,4,smoke-screen,w+h0l0,forecast-aware,100,33,0.33,8.74,0.9125,44.597,0,0,2.44,48.86,3.38,3.02,2.6,0,1,1.6,1,0.67,0.34,1.91,0,0,0,0,0,0.01,0,3.74,2.61,2.61,2.35,0.73,34.52,,,,,,,,,,,,,2,reflection,1,1,borrowed-shadow,1,4,counter-exam,1,7,100,1,1,9,1,9,100,261,33,49,67,212,0,0,374,100,261,261,235,73,3452,60,27,0.01,9,9,2.61,1.4848,3.1642,,0.2674,0.9004,0.2797,0.45
mirror-shade,4,smoke-screen,w+h0l0,planner-one-mistake,100,28,0.28,8.84,0.9365,61.514,0,0,2.85,58.34,4.92,12.76,0.79,0.24,0.71,0.08,1,0.73,0.29,2.59,0,0,0,0,0,0.02,0,3.84,3.92,3.92,3.47,1.47,58.73,72,100,72,27,0,3,97,0.375,1,13.38,3.75,0,2,reflection,1,1,borrowed-shadow,1,4,counter-exam,1,7,100,2,2,17,1,9,100,638,28,39,72,599,0,0,384,71,392,392,347,147,5873,95,28,0.02,8.5,9,6.38,1.3929,8.3194,,0.1849,0.8852,0.375,0.2947
mirror-shade,4,smoke-screen,w0h-l0,random,100,0,0,9,,93.73,0,0,3.76,61.82,4.74,23.19,0.5,1.37,0.24,0.26,0.46,0.34,0.19,1.16,0,0,0,0,0,0.01,0,4,3.58,3.58,2.06,0.39,25.5,,,,,,,,,,,,,2,reflection,1,1,borrowed-shadow,1,4,counter-exam,1,7,100,1,1,9,0,0,100,692,0,0,100,692,0,0,400,24,358,358,206,39,2550,35,0,0.01,9,,6.92,,6.92,,0.06,0.5754,0.1089,0
mirror-shade,4,smoke-screen,w0h-l0,single-water,100,0,0,9,,100,0,0,4,29.77,5,79.01,0,0,0,0,1,1,0.82,0,0,0,0,0,0,0,0,4,4,4,0,0,0,,,,,,,,,,,,,2,reflection,1,1,borrowed-shadow,1,4,counter-exam,1,7,100,0,0,0,0,0,100,664,0,0,100,664,0,0,400,0,400,400,0,0,0,0,0,0,,,6.64,,6.64,,0,0,0,
mirror-shade,4,smoke-screen,w0h-l0,legacy-cycle,100,0,0,9,,90.06,0,0,4,80.55,5,43.32,0,0,0,0,0.18,0,0.18,2.48,0,0,0,0,0,1,0,4,4,4,3.32,0,39.64,,,,,,,,,,,,,2,reflection,1,1,borrowed-shadow,1,4,counter-exam,1,7,100,100,100,746,0,0,100,558,0,0,100,558,0,0,400,0,400,400,332,0,3964,0,0,1,7.46,,5.58,,5.58,,0,0.83,0,
mirror-shade,4,smoke-screen,w0h-l0,greedy,100,64,0.64,8.5,0.9132,33.139,0,0,1.89,36.7,4.91,1.51,1.06,0.2,1.03,0.03,1.13,0.66,0.46,1.94,0,0,0,0,0,0.02,0,3.5,3.91,3.91,3.81,1.33,54.98,,,,,,,,,,,,,2,reflection,1,1,borrowed-shadow,1,4,counter-exam,1,7,100,2,2,17,1,9,100,242,64,122,36,120,0,0,350,103,391,391,381,133,5498,90,58,0.02,8.5,9,2.42,1.9063,3.3333,,0.2943,0.9744,0.3402,0.6444
mirror-shade,4,smoke-screen,w0h-l0,planner,100,68,0.68,8.49,0.9167,54.281,0,0,2.15,42.1,4.85,2.24,0.82,0.08,0.74,0.08,1.27,0.76,0.53,2.38,0,0,0,0,0,0.05,0,3.5,3.85,3.85,3.72,1.72,61.01,,,,,,,,,,,,,1.99,reflection,1,1,borrowed-shadow,1,4,counter-exam,0.99,7,100,5,5,42,5,42,100,353,68,95,32,258,0,0,350,74,385,385,372,172,6101,99,67,0.05,8.4,8.4,3.53,1.3971,8.0625,,0.2114,0.9662,0.4468,0.6768
mirror-shade,4,smoke-screen,w0h-l0,forecast-aware,100,30,0.3,8.79,0.9222,45.2,0,0,2.48,49.72,3.39,3.01,2.62,0,1.02,1.6,1.01,0.7,0.32,1.92,0,0,0,0,0,0.01,0,3.79,2.62,2.62,2.36,0.73,34.5,,,,,,,,,,,,,2,reflection,1,1,borrowed-shadow,1,4,counter-exam,1,7,100,1,1,9,1,9,100,261,30,43,70,218,0,0,379,102,262,262,236,73,3450,60,24,0.01,9,9,2.61,1.4333,3.1143,,0.2691,0.9008,0.2786,0.4
mirror-shade,4,smoke-screen,w0h-l0,planner-one-mistake,100,26,0.26,8.86,0.9402,62.23,0,0,2.87,58.86,4.92,12.7,0.81,0.23,0.73,0.08,0.99,0.72,0.29,2.55,0,0,0,0,0,0.02,0,3.86,3.92,3.92,3.49,1.48,58.44,68,100,68,25,0,3,97,0.3676,1,13.08,2.75,0,2,reflection,1,1,borrowed-shadow,1,4,counter-exam,1,7,100,2,2,17,1,9,100,650,26,36,74,614,0,0,386,73,392,392,349,148,5844,96,26,0.02,8.5,9,6.5,1.3846,8.2973,,0.1891,0.8903,0.3776,0.2708
mirror-shade,4,smoke-screen,w0h+l0,random,100,0,0,9,,92.9,0,0,3.76,62.85,4.74,23.53,0.5,1.37,0.24,0.26,0.46,0.34,0.19,1.16,0,0,0,0,0,0.01,0,4,3.58,3.58,2.06,0.39,26.04,,,,,,,,,,,,,2,reflection,1,1,borrowed-shadow,1,4,counter-exam,1,7,100,1,1,9,0,0,100,692,0,0,100,692,0,0,400,24,358,358,206,39,2604,35,0,0.01,9,,6.92,,6.92,,0.06,0.5754,0.1089,0
mirror-shade,4,smoke-screen,w0h+l0,single-water,100,0,0,9,,100,0,0,4,29.77,5,79.01,0,0,0,0,1,1,0.82,0,0,0,0,0,0,0,0,4,4,4,0,0,0,,,,,,,,,,,,,2,reflection,1,1,borrowed-shadow,1,4,counter-exam,1,7,100,0,0,0,0,0,100,664,0,0,100,664,0,0,400,0,400,400,0,0,0,0,0,0,,,6.64,,6.64,,0,0,0,
mirror-shade,4,smoke-screen,w0h+l0,legacy-cycle,100,0,0,9,,86.61,0,0,4,81.06,5,43.77,0,0,0,0,0.18,0,0.18,2.48,0,0,0,0,0,1,0,4,4,4,3.32,0,41.01,,,,,,,,,,,,,2,reflection,1,1,borrowed-shadow,1,4,counter-exam,1,7,100,100,100,746,0,0,100,558,0,0,100,558,0,0,400,0,400,400,332,0,4101,0,0,1,7.46,,5.58,,5.58,,0,0.83,0,
mirror-shade,4,smoke-screen,w0h+l0,greedy,100,75,0.75,8.39,0.9096,32.16,0,0,1.76,33.6,4.89,2.46,0.99,0.23,0.95,0.04,1.15,0.72,0.41,1.84,0,0,0,0,0,0.06,0,3.4,3.89,3.89,3.78,1.32,55.66,,,,,,,,,,,,,1.99,reflection,1,1,borrowed-shadow,1,4,counter-exam,0.99,7,100,6,6,51,4,34,100,243,75,164,25,79,0,0,340,95,389,389,378,132,5566,89,65,0.06,8.5,8.5,2.43,2.1867,3.16,,0.2794,0.9717,0.3393,0.7303
mirror-shade,4,smoke-screen,w0h+l0,planner,100,79,0.79,8.22,0.8903,53.905,0,0,1.88,36.12,4.79,1,0.77,0.07,0.69,0.08,1.23,0.75,0.48,2.36,0,0,0,0,0,0.01,0,3.25,3.79,3.79,3.71,1.7,61.87,,,,,,,,,,,,,1.97,reflection,1,1,borrowed-shadow,1,4,counter-exam,0.97,7,100,1,1,7,1,7,100,304,79,132,21,172,0,0,325,69,379,379,371,170,6187,99,78,0.01,7,7,3.04,1.6709,8.1905,,0.2123,0.9789,0.4485,0.7879
mirror-shade,4,smoke-screen,w0h+l0,forecast-aware,100,34,0.34,8.72,0.9085,44.106,0,0,2.42,48.46,3.38,3.02,2.59,0,0.99,1.6,0.99,0.66,0.34,1.9,0,0,0,0,0,0.01,0,3.72,2.61,2.61,2.35,0.73,34.72,,,,,,,,,,,,,2,reflection,1,1,borrowed-shadow,1,4,counter-exam,1,7,100,1,1,9,1,9,100,263,34,51,66,212,0,0,372,99,261,261,235,73,3472,60,28,0.01,9,9,2.63,1.5,3.2121,,0.2661,0.9004,0.2797,0.4667
mirror-shade,4,smoke-screen,w0h+l0,planner-one-mistake,100,33,0.33,8.79,0.9293,61.194,0,0,2.76,56.26,4.92,12.89,0.78,0.22,0.7,0.08,1,0.74,0.27,2.49,0,0,0,0,0,0.02,0,3.79,3.92,3.92,3.47,1.48,59.28,79,100,79,33,0,3,97,0.4177,1,13.36,3.75,0,2,reflection,1,1,borrowed-shadow,1,4,counter-exam,1,7,100,2,2,17,1,9,100,611,33,50,67,561,0,0,379,70,392,392,347,148,5928,95,33,0.02,8.5,9,6.11,1.5152,8.3731,,0.1847,0.8852,0.3776,0.3474
mirror-shade,4,smoke-screen,w0h0l-,random,100,0,0,9,,93.77,0,0,3.76,61.84,4.74,22.91,0.5,1.37,0.24,0.26,0.46,0.34,0.19,1.16,0,0,0,0,0,0.01,0,4,3.58,3.58,2.06,0.39,25.37,,,,,,,,,,,,,2,reflection,1,1,borrowed-shadow,1,4,counter-exam,1,7,100,1,1,9,0,0,100,692,0,0,100,692,0,0,400,24,358,358,206,39,2537,35,0,0.01,9,,6.92,,6.92,,0.06,0.5754,0.1089,0
mirror-shade,4,smoke-screen,w0h0l-,single-water,100,0,0,9,,100,0,0,4,29.77,5,79.01,0,0,0,0,1,1,0.82,0,0,0,0,0,0,0,0,4,4,4,0,0,0,,,,,,,,,,,,,2,reflection,1,1,borrowed-shadow,1,4,counter-exam,1,7,100,0,0,0,0,0,100,664,0,0,100,664,0,0,400,0,400,400,0,0,0,0,0,0,,,6.64,,6.64,,0,0,0,
mirror-shade,4,smoke-screen,w0h0l-,legacy-cycle,100,0,0,9,,89.63,0,0,4,80.7,5,42.87,0,0,0,0,0.18,0,0.18,2.48,0,0,0,0,0,1,0,4,4,4,3.32,0,39.74,,,,,,,,,,,,,2,reflection,1,1,borrowed-shadow,1,4,counter-exam,1,7,100,100,100,746,0,0,100,558,0,0,100,558,0,0,400,0,400,400,332,0,3974,0,0,1,7.46,,5.58,,5.58,,0,0.83,0,
mirror-shade,4,smoke-screen,w0h0l-,greedy,100,63,0.63,8.5,0.9118,32.595,0,0,1.92,37.3,4.86,2.51,1.09,0.18,1.01,0.08,1.19,0.71,0.47,1.84,0,0,0,0,0,0.05,0,3.51,3.86,3.86,3.72,1.31,54.18,,,,,,,,,,,,,1.99,reflection,1,1,borrowed-shadow,1,4,counter-exam,0.99,7,100,5,5,42,4,34,100,242,63,123,37,119,0,0,351,101,386,386,372,131,5418,90,56,0.05,8.4,8.5,2.42,1.9524,3.2162,,0.2877,0.9637,0.3394,0.6222
mirror-shade,4,smoke-screen,w0h0l-,planner,100,69,0.69,8.48,0.9163,54.258,0,0,2.11,41.28,4.83,2.04,0.85,0.08,0.75,0.1,1.25,0.76,0.51,2.39,0,0,0,0,0,0.05,0,3.49,3.83,3.83,3.71,1.73,60.48,,,,,,,,,,,,,1.99,reflection,1,1,borrowed-shadow,1,4,counter-exam,0.99,7,100,5,5,44,5,44,100,349,69,96,31,253,0,0,349,75,383,383,371,173,6048,99,68,0.05,8.8,8.8,3.49,1.3913,8.1613,,0.2149,0.9687,0.4517,0.6869
mirror-shade,4,smoke-screen,w0h0l-,forecast-aware,100,30,0.3,8.76,0.9111,44.886,0,0,2.47,49.58,3.39,3,2.61,0,1.01,1.6,1,0.68,0.33,1.91,0,0,0,0,0,0.01,0,3.76,2.62,2.62,2.36,0.73,34.21,,,,,,,,,,,,,2,reflection,1,1,borrowed-shadow,1,4,counter-exam,1,7,100,1,1,9,1,9,100,262,30,46,70,216,0,0,376,101,262,262,236,73,3421,60,25,0.01,9,9,2.62,1.5333,3.0857,,0.2686,0.9008,0.2786,0.4167
mirror-shade,4,smoke-screen,w0h0l-,planner-one-mistake,100,26,0.26,8.86,0.9402,62.351,0,0,2.89,59.26,4.92,12.19,0.79,0.25,0.71,0.08,1.01,0.71,0.32,2.61,0,0,0,0,0,0.02,0,3.86,3.92,3.92,3.47,1.48,58.4,69,100,69,25,0,4,96,0.3623,1,13.4525,3.5,0,2,reflection,1,1,borrowed-shadow,1,4,counter-exam,1,7,100,2,2,17,1,9,100,646,26,34,74,612,0,0,386,71,392,392,347,148,5840,95,26,0.02,8.5,9,6.46,1.3077,8.2703,,0.1839,0.8852,0.3776,0.2737
mirror-shade,4,smoke-screen,w0h0l+,random,100,0,0,9,,92.94,0,0,3.76,62.89,4.74,23.62,0.5,1.37,0.24,0.26,0.46,0.34,0.19,1.16,0,0,0,0,0,0.01,0,4,3.58,3.58,2.06,0.39,26.21,,,,,,,,,,,,,2,reflection,1,1,borrowed-shadow,1,4,counter-exam,1,7,100,1,1,9,0,0,100,692,0,0,100,692,0,0,400,24,358,358,206,39,2621,35,0,0.01,9,,6.92,,6.92,,0.06,0.5754,0.1089,0
mirror-shade,4,smoke-screen,w0h0l+,single-water,100,0,0,9,,100,0,0,4,29.77,5,79.01,0,0,0,0,1,1,0.82,0,0,0,0,0,0,0,0,4,4,4,0,0,0,,,,,,,,,,,,,2,reflection,1,1,borrowed-shadow,1,4,counter-exam,1,7,100,0,0,0,0,0,100,664,0,0,100,664,0,0,400,0,400,400,0,0,0,0,0,0,,,6.64,,6.64,,0,0,0,
mirror-shade,4,smoke-screen,w0h0l+,legacy-cycle,100,0,0,9,,86.42,0,0,4,81,5,43.83,0,0,0,0,0.18,0,0.18,2.48,0,0,0,0,0,1,0,4,4,4,3.32,0,41.07,,,,,,,,,,,,,2,reflection,1,1,borrowed-shadow,1,4,counter-exam,1,7,100,100,100,746,0,0,100,558,0,0,100,558,0,0,400,0,400,400,332,0,4107,0,0,1,7.46,,5.58,,5.58,,0,0.83,0,
mirror-shade,4,smoke-screen,w0h0l+,greedy,100,73,0.73,8.39,0.9072,31.074,0,0,1.77,33.86,4.87,2.6,1.02,0.18,0.97,0.05,1.11,0.67,0.42,1.85,0,0,0,0,0,0.06,0,3.4,3.87,3.87,3.76,1.35,55.35,,,,,,,,,,,,,1.99,reflection,1,1,borrowed-shadow,1,4,counter-exam,0.99,7,100,6,6,51,4,34,100,233,73,151,27,82,0,0,340,97,387,387,376,135,5535,91,65,0.06,8.5,8.5,2.33,2.0685,3.037,,0.2853,0.9716,0.3488,0.7143
mirror-shade,4,smoke-screen,w0h0l+,planner,100,77,0.77,8.34,0.9048,52.565,0,0,1.94,37.38,4.84,1.93,0.79,0.07,0.71,0.08,1.28,0.78,0.5,2.35,0,0,0,0,0,0.04,0,3.35,3.84,3.84,3.73,1.72,61.71,,,,,,,,,,,,,1.99,reflection,1,1,borrowed-shadow,1,4,counter-exam,0.99,7,100,4,4,33,4,33,100,306,77,118,23,188,0,0,335,71,384,384,373,172,6171,99,76,0.04,8.25,8.25,3.06,1.5325,8.1739,,0.2119,0.9714,0.4479,0.7677
mirror-shade,4,smoke-screen,w0h0l+,forecast-aware,100,34,0.34,8.72,0.9085,43.894,0,0,2.42,48.46,3.38,3.04,2.59,0,0.99,1.6,0.99,0.66,0.34,1.9,0,0,0,0,0,0.01,0,3.72,2.61,2.61,2.35,0.73,34.8,,,,,,,,,,,,,2,reflection,1,1,borrowed-shadow,1,4,counter-exam,1,7,100,1,1,9,1,9,100,263,34,51,66,212,0,0,372,99,261,261,235,73,3480,60,28,0.01,9,9,2.63,1.5,3.2121,,0.2661,0.9004,0.2797,0.4667
mirror-shade,4,smoke-screen,w0h0l+,planner-one-mistake,100,33,0.33,8.83,0.9428,61.134,0,0,2.79,56.84,4.9,12.98,0.81,0.23,0.71,0.1,1.02,0.74,0.3,2.55,0,0,0,0,0,0.02,0,3.83,3.9,3.9,3.45,1.47,58.92,77,100,77,33,0,3,97,0.4286,1,13.33,3.75,0,2,reflection,1,1,borrowed-shadow,1,4,counter-exam,1,7,100,2,2,17,1,9,100,604,33,45,67,559,0,0,383,71,390,390,345,147,5892,95,33,0.02,8.5,9,6.04,1.3636,8.3433,,0.1854,0.8846,0.3769,0.3474
stored-night,5,tide-siege+hollow-ground,w0h0l0,random,100,0,0,9,,83.85,0,0,3.76,71.43,2.91,17.86,0.36,1.17,0.24,0.09,1.04,0.75,0.39,1.04,0,0,0,0,0,0.01,0,4,0,0,0,0,0,,,,,,,,,,,,,1,county-alert,1,1,overhaul-warning,1,4,last-night,0,,100,1,1,8,0,0,100,638,0,0,100,638,0,0,400,24,0,0,0,0,0,0,0,0.01,8,,6.38,,6.38,,0.06,,,
stored-night,5,tide-siege+hollow-ground,w0h0l0,single-water,100,0,0,9,,88.94,0,0,4,77.65,3,14.29,0,0,0,0,1.99,1.83,0.16,0,0,0,0,0,0,0,0,4,0,0,0,0,0,,,,,,,,,,,,,1,county-alert,1,1,overhaul-warning,1,4,last-night,0,,100,0,0,0,0,0,100,795,0,0,100,795,0,0,400,0,0,0,0,0,0,0,0,0,,,7.95,,7.95,,0,,,
stored-night,5,tide-siege+hollow-ground,w0h0l0,legacy-cycle,100,0,0,9,,76.77,0,0,4,88.15,3,29.29,0,0,0,0,0.75,0.25,0.52,2.36,0,0,0,0,0,0.94,0,4,0,0,0,0,0,,,,,,,,,,,,,1,county-alert,1,1,overhaul-warning,1,4,last-night,0,,100,94,94,710,0,0,100,573,0,0,100,573,0,0,400,0,0,0,0,0,0,0,0,0.94,7.5532,,5.73,,5.73,,0,,,
stored-night,5,tide-siege+hollow-ground,w0h0l0,greedy,100,74,0.74,8.1,0.8649,44.038,0,1.11,1.92,43.64,2.75,0.86,0.88,0.18,0.74,0.06,1.6,1.39,0.22,1.93,0,0.95,0,0.16,0,0.02,0,2.5,0,0,0,0,0,,,,,,,,,,,,,1.16,county-alert,1,1,overhaul-warning,1,4,last-night,0.16,8.063,100,2,2,17,2,17,100,119,74,84,26,35,0,0,250,74,0,0,0,0,0,0,0,0.02,8.5,8.5,1.19,1.1351,1.3462,,0.296,,,
stored-night,5,tide-siege+hollow-ground,w0h0l0,planner,100,64,0.64,8.31,0.8802,63.083,0,0.97,2.36,54.5,2.69,1.6,0.76,0.19,0.55,0.12,1.73,1.49,0.26,2.15,0,0.81,0,0.16,0,0.01,0,2.75,0,0,0,0,0,,,,,,,,,,,,,1.14,county-alert,1,1,overhaul-warning,1,4,last-night,0.14,7.429,100,1,1,8,0,0,100,329,64,77,36,252,0,0,275,55,0,0,0,0,0,0,0,0.01,8,,3.29,1.2031,7,,0.2,,,
stored-night,5,tide-siege+hollow-ground,w0h0l0,forecast-aware,100,36,0.36,8.62,0.8827,41.781,0,1.15,2.65,65.46,2.29,1.34,1.94,0,0.73,0.57,1.81,1.57,0.32,2.57,0,0.84,0.05,0.26,0,0.02,0,3.15,0,0,0,0,0,,,,,,,,,,,,,1.31,county-alert,1,1,overhaul-warning,1,4,last-night,0.31,8.581,100,2,2,17,1,8,100,154,36,52,64,102,0,0,315,73,0,0,0,0,0,0,0,0.02,8.5,8,1.54,1.4444,1.5938,,0.2317,,,
stored-night,5,tide-siege+hollow-ground,w0h0l0,planner-one-mistake,100,25,0.25,8.79,0.9067,62.973,0,0.47,2.8,67.36,2.99,13.53,0.85,0.25,0.78,0,2,1.78,0.25,1.44,0,0.38,0,0.09,0,0,0,3.49,0,0,0,0,0,64,100,64,18,0,18,82,0.2813,1,11.9975,3,0,1.07,county-alert,1,1,overhaul-warning,1,4,last-night,0.07,9,100,0,0,0,0,0,100,574,25,22,75,552,0,0,349,78,0,0,0,0,0,0,0,0,,,5.74,0.88,7.36,,0.2235,,,
stored-night,5,tide-siege+hollow-ground,w-h-l-,random,100,0,0,9,,84.32,0,0,3.76,70.75,2.91,17.75,0.36,1.17,0.24,0.09,1.04,0.75,0.39,1.04,0,0,0,0,0,0.01,0,4,0,0,0,0,0,,,,,,,,,,,,,1,county-alert,1,1,overhaul-warning,1,4,last-night,0,,100,1,1,8,0,0,100,638,0,0,100,638,0,0,400,24,0,0,0,0,0,0,0,0.01,8,,6.38,,6.38,,0.06,,,
stored-night,5,tide-siege+hollow-ground,w-h-l-,single-water,100,0,0,9,,89.07,0,0,4,76.92,3,14.29,0,0,0,0,1.99,1.83,0.16,0,0,0,0,0,0,0,0,4,0,0,0,0,0,,,,,,,,,,,,,1,county-alert,1,1,overhaul-warning,1,4,last-night,0,,100,0,0,0,0,0,100,795,0,0,100,795,0,0,400,0,0,0,0,0,0,0,0,0,,,7.95,,7.95,,0,,,
stored-night,5,tide-siege+hollow-ground,w-h-l-,legacy-cycle,100,0,0,9,,77.92,0,0,4,87.4,3,29.29,0,0,0,0,0.75,0.25,0.52,2.36,0,0,0,0,0,0.94,0,4,0,0,0,0,0,,,,,,,,,,,,,1,county-alert,1,1,overhaul-warning,1,4,last-night,0,,100,94,94,710,0,0,100,573,0,0,100,573,0,0,400,0,0,0,0,0,0,0,0,0.94,7.5532,,5.73,,5.73,,0,,,
stored-night,5,tide-siege+hollow-ground,w-h-l-,greedy,100,73,0.73,8.13,0.8676,41.963,0,1.08,1.9,42.76,2.79,0.47,0.87,0.16,0.75,0.07,1.6,1.41,0.2,2.03,0,0.94,0,0.14,0,0,0,2.51,0,0,0,0,0,,,,,,,,,,,,,1.14,county-alert,1,1,overhaul-warning,1,4,last-night,0.14,8.143,100,0,0,0,0,0,100,118,73,77,27,41,0,0,251,75,0,0,0,0,0,0,0,0,,,1.18,1.0548,1.5185,,0.2988,,,
stored-night,5,tide-siege+hollow-ground,w-h-l-,planner,100,62,0.62,8.33,0.8799,63,0,0.87,2.34,53.74,2.76,1.84,0.8,0.21,0.58,0.12,1.8,1.56,0.25,2.13,0,0.75,0,0.12,0,0.01,0,2.8,0,0,0,0,0,,,,,,,,,,,,,1.11,county-alert,1,1,overhaul-warning,1,4,last-night,0.11,7.545,100,1,1,8,1,8,100,347,62,76,38,271,0,0,280,58,0,0,0,0,0,0,0,0.01,8,8,3.47,1.2258,7.1316,,0.2071,,,
stored-night,5,tide-siege+hollow-ground,w-h-l-,forecast-aware,100,36,0.36,8.63,0.8858,43.922,0,1.14,2.63,64.9,2.33,1.42,1.95,0,0.73,0.57,1.83,1.58,0.35,2.57,0,0.82,0.06,0.26,0,0.01,0,3.14,0,0,0,0,0,,,,,,,,,,,,,1.31,county-alert,1,1,overhaul-warning,1,4,last-night,0.31,8.613,100,1,1,8,1,8,100,155,36,52,64,103,0,0,314,73,0,0,0,0,0,0,0,0.01,8,8,1.55,1.4444,1.6094,,0.2325,,,
stored-night,5,tide-siege+hollow-ground,w-h-l-,planner-one-mistake,100,23,0.23,8.82,0.913,64.429,0,0.51,2.83,68.84,2.99,13.47,0.87,0.26,0.81,0,2.05,1.82,0.28,1.42,0,0.39,0,0.12,0,0,0,3.52,0,0,0,0,0,62,100,62,16,0,18,82,0.2581,1,11.43,3,0,1.08,county-alert,1,1,overhaul-warning,1,4,last-night,0.08,9,100,0,0,0,0,0,100,581,23,16,77,565,0,0,352,81,0,0,0,0,0,0,0,0,,,5.81,0.6957,7.3377,,0.2301,,,
stored-night,5,tide-siege+hollow-ground,w+h+l+,random,100,0,0,9,,83.78,0,0,3.76,71.54,2.91,17.92,0.36,1.17,0.24,0.09,1.04,0.75,0.39,1.04,0,0,0,0,0,0.01,0,4,0,0,0,0,0,,,,,,,,,,,,,1,county-alert,1,1,overhaul-warning,1,4,last-night,0,,100,1,1,8,0,0,100,638,0,0,100,638,0,0,400,24,0,0,0,0,0,0,0,0.01,8,,6.38,,6.38,,0.06,,,
stored-night,5,tide-siege+hollow-ground,w+h+l+,single-water,100,0,0,9,,88.93,0,0,4,78.05,3,14.29,0,0,0,0,1.99,1.83,0.16,0,0,0,0,0,0,0,0,4,0,0,0,0,0,,,,,,,,,,,,,1,county-alert,1,1,overhaul-warning,1,4,last-night,0,,100,0,0,0,0,0,100,795,0,0,100,795,0,0,400,0,0,0,0,0,0,0,0,0,,,7.95,,7.95,,0,,,
stored-night,5,tide-siege+hollow-ground,w+h+l+,legacy-cycle,100,0,0,9,,76.77,0,0,4,88.15,3,29.29,0,0,0,0,0.75,0.25,0.52,2.36,0,0,0,0,0,0.94,0,4,0,0,0,0,0,,,,,,,,,,,,,1,county-alert,1,1,overhaul-warning,1,4,last-night,0,,100,94,94,710,0,0,100,573,0,0,100,573,0,0,400,0,0,0,0,0,0,0,0,0.94,7.5532,,5.73,,5.73,,0,,,
stored-night,5,tide-siege+hollow-ground,w+h+l+,greedy,100,75,0.75,8.08,0.8637,43.12,0,1.08,1.89,42.5,2.76,0.86,0.88,0.2,0.74,0.06,1.61,1.37,0.25,1.94,0,0.94,0,0.14,0,0.02,0,2.49,0,0,0,0,0,,,,,,,,,,,,,1.14,county-alert,1,1,overhaul-warning,1,4,last-night,0.14,8.071,100,2,2,17,2,17,100,112,75,75,25,37,0,0,249,74,0,0,0,0,0,0,0,0.02,8.5,8.5,1.12,1,1.48,,0.2972,,,
stored-night,5,tide-siege+hollow-ground,w+h+l+,planner,100,65,0.65,8.27,0.8752,63.286,0,0.97,2.32,53.46,2.71,1.74,0.74,0.19,0.54,0.12,1.75,1.5,0.27,2.17,0,0.81,0,0.16,0,0.01,0,2.71,0,0,0,0,0,,,,,,,,,,,,,1.14,county-alert,1,1,overhaul-warning,1,4,last-night,0.14,7.714,100,1,1,8,1,8,100,325,65,75,35,250,0,0,271,54,0,0,0,0,0,0,0,0.01,8,8,3.25,1.1538,7.1429,,0.1993,,,
stored-night,5,tide-siege+hollow-ground,w+h+l+,forecast-aware,100,38,0.38,8.57,0.8743,40.661,0,1.13,2.6,63.7,2.29,1.34,1.93,0,0.73,0.57,1.81,1.54,0.35,2.54,0,0.84,0.05,0.24,0,0.02,0,3.12,0,0,0,0,0,,,,,,,,,,,,,1.29,county-alert,1,1,overhaul-warning,1,4,last-night,0.29,8.586,100,2,2,17,1,8,100,153,38,54,62,99,0,0,312,73,0,0,0,0,0,0,0,0.02,8.5,8,1.53,1.4211,1.5968,,0.234,,,
stored-night,5,tide-siege+hollow-ground,w+h+l+,planner-one-mistake,100,27,0.27,8.77,0.9053,62.973,0,0.46,2.75,65.8,2.99,13.68,0.86,0.25,0.79,0,2.02,1.82,0.23,1.41,0,0.38,0,0.08,0,0,0,3.46,0,0,0,0,0,65,100,65,20,0,18,82,0.3077,1,11.745,3,0,1.06,county-alert,1,1,overhaul-warning,1,4,last-night,0.06,9,100,0,0,0,0,0,100,564,27,23,73,541,0,0,346,79,0,0,0,0,0,0,0,0,,,5.64,0.8519,7.411,,0.2283,,,
stored-night,5,tide-siege+hollow-ground,w-h0l0,random,100,0,0,9,,83.99,0,0,3.76,71.29,2.91,17.86,0.36,1.17,0.24,0.09,1.04,0.75,0.39,1.04,0,0,0,0,0,0.01,0,4,0,0,0,0,0,,,,,,,,,,,,,1,county-alert,1,1,overhaul-warning,1,4,last-night,0,,100,1,1,8,0,0,100,638,0,0,100,638,0,0,400,24,0,0,0,0,0,0,0,0.01,8,,6.38,,6.38,,0.06,,,
stored-night,5,tide-siege+hollow-ground,w-h0l0,single-water,100,0,0,9,,89.07,0,0,4,76.92,3,14.29,0,0,0,0,1.99,1.83,0.16,0,0,0,0,0,0,0,0,4,0,0,0,0,0,,,,,,,,,,,,,1,county-alert,1,1,overhaul-warning,1,4,last-night,0,,100,0,0,0,0,0,100,795,0,0,100,795,0,0,400,0,0,0,0,0,0,0,0,0,,,7.95,,7.95,,0,,,
stored-night,5,tide-siege+hollow-ground,w-h0l0,legacy-cycle,100,0,0,9,,77.35,0,0,4,87.52,3,29.29,0,0,0,0,0.75,0.25,0.52,2.36,0,0,0,0,0,0.94,0,4,0,0,0,0,0,,,,,,,,,,,,,1,county-alert,1,1,overhaul-warning,1,4,last-night,0,,100,94,94,710,0,0,100,573,0,0,100,573,0,0,400,0,0,0,0,0,0,0,0,0.94,7.5532,,5.73,,5.73,,0,,,
stored-night,5,tide-siege+hollow-ground,w-h0l0,greedy,100,74,0.74,8.1,0.8649,44.269,0,1.11,1.92,43.64,2.75,0.86,0.87,0.18,0.74,0.06,1.61,1.4,0.22,1.92,0,0.95,0,0.16,0,0.02,0,2.5,0,0,0,0,0,,,,,,,,,,,,,1.16,county-alert,1,1,overhaul-warning,1,4,last-night,0.16,8.063,100,2,2,17,2,17,100,120,74,85,26,35,0,0,250,74,0,0,0,0,0,0,0,0.02,8.5,8.5,1.2,1.1486,1.3462,,0.296,,,
stored-night,5,tide-siege+hollow-ground,w-h0l0,planner,100,63,0.63,8.32,0.8801,63.189,0,0.96,2.38,55.1,2.69,1.6,0.76,0.2,0.55,0.12,1.73,1.48,0.27,2.15,0,0.8,0,0.16,0,0.01,0,2.77,0,0,0,0,0,,,,,,,,,,,,,1.14,county-alert,1,1,overhaul-warning,1,4,last-night,0.14,7.429,100,1,1,8,0,0,100,334,63,75,37,259,0,0,277,55,0,0,0,0,0,0,0,0.01,8,,3.34,1.1905,7,,0.1986,,,
stored-night,5,tide-siege+hollow-ground,w-h0l0,forecast-aware,100,36,0.36,8.62,0.8827,42.078,0,1.15,2.65,65.46,2.29,1.34,1.94,0,0.73,0.57,1.81,1.57,0.32,2.57,0,0.84,0.05,0.26,0,0.02,0,3.15,0,0,0,0,0,,,,,,,,,,,,,1.31,county-alert,1,1,overhaul-warning,1,4,last-night,0.31,8.581,100,2,2,17,1,8,100,154,36,52,64,102,0,0,315,73,0,0,0,0,0,0,0,0.02,8.5,8,1.54,1.4444,1.5938,,0.2317,,,
stored-night,5,tide-siege+hollow-ground,w-h0l0,planner-one-mistake,100,25,0.25,8.79,0.9067,63.32,0,0.49,2.8,67.52,2.99,13.53,0.84,0.25,0.78,0,2.01,1.79,0.25,1.44,0,0.39,0,0.1,0,0,0,3.48,0,0,0,0,0,63,100,63,18,0,18,82,0.2857,1,11.9975,3,0,1.07,county-alert,1,1,overhaul-warning,1,4,last-night,0.07,9,100,0,0,0,0,0,100,572,25,22,75,550,0,0,348,78,0,0,0,0,0,0,0,0,,,5.72,0.88,7.3333,,0.2241,,,
stored-night,5,tide-siege+hollow-ground,w+h0l0,random,100,0,0,9,,83.82,0,0,3.76,71.51,2.91,17.91,0.36,1.17,0.24,0.09,1.04,0.75,0.39,1.04,0,0,0,0,0,0.01,0,4,0,0,0,0,0,,,,,,,,,,,,,1,county-alert,1,1,overhaul-warning,1,4,last-night,0,,100,1,1,8,0,0,100,638,0,0,100,638,0,0,400,24,0,0,0,0,0,0,0,0.01,8,,6.38,,6.38,,0.06,,,
stored-night,5,tide-siege+hollow-ground,w+h0l0,single-water,100,0,0,9,,88.93,0,0,4,78.05,3,14.29,0,0,0,0,1.99,1.83,0.16,0,0,0,0,0,0,0,0,4,0,0,0,0,0,,,,,,,,,,,,,1,county-alert,1,1,overhaul-warning,1,4,last-night,0,,100,0,0,0,0,0,100,795,0,0,100,795,0,0,400,0,0,0,0,0,0,0,0,0,,,7.95,,7.95,,0,,,
stored-night,5,tide-siege+hollow-ground,w+h0l0,legacy-cycle,100,0,0,9,,76.77,0,0,4,88.15,3,29.29,0,0,0,0,0.75,0.25,0.52,2.36,0,0,0,0,0,0.94,0,4,0,0,0,0,0,,,,,,,,,,,,,1,county-alert,1,1,overhaul-warning,1,4,last-night,0,,100,94,94,710,0,0,100,573,0,0,100,573,0,0,400,0,0,0,0,0,0,0,0,0.94,7.5532,,5.73,,5.73,,0,,,
stored-night,5,tide-siege+hollow-ground,w+h0l0,greedy,100,75,0.75,8.08,0.8637,43.16,0,1.08,1.89,42.5,2.76,0.86,0.88,0.2,0.74,0.06,1.61,1.37,0.25,1.94,0,0.94,0,0.14,0,0.02,0,2.49,0,0,0,0,0,,,,,,,,,,,,,1.14,county-alert,1,1,overhaul-warning,1,4,last-night,0.14,8.071,100,2,2,17,2,17,100,112,75,75,25,37,0,0,249,74,0,0,0,0,0,0,0,0.02,8.5,8.5,1.12,1,1.48,,0.2972,,,
stored-night,5,tide-siege+hollow-ground,w+h0l0,planner,100,65,0.65,8.27,0.8752,63.343,0,0.97,2.32,53.46,2.71,1.74,0.74,0.19,0.54,0.12,1.74,1.49,0.27,2.17,0,0.81,0,0.16,0,0.01,0,2.71,0,0,0,0,0,,,,,,,,,,,,,1.14,county-alert,1,1,overhaul-warning,1,4,last-night,0.14,7.714,100,1,1,8,1,8,100,325,65,75,35,250,0,0,271,54,0,0,0,0,0,0,0,0.01,8,8,3.25,1.1538,7.1429,,0.1993,,,
stored-night,5,tide-siege+hollow-ground,w+h0l0,forecast-aware,100,38,0.38,8.57,0.8743,40.806,0,1.13,2.6,63.7,2.29,1.34,1.93,0,0.73,0.57,1.81,1.54,0.35,2.54,0,0.84,0.05,0.24,0,0.02,0,3.12,0,0,0,0,0,,,,,,,,,,,,,1.29,county-alert,1,1,overhaul-warning,1,4,last-night,0.29,8.586,100,2,2,17,1,8,100,153,38,54,62,99,0,0,312,73,0,0,0,0,0,0,0,0.02,8.5,8,1.53,1.4211,1.5968,,0.234,,,
stored-night,5,tide-siege+hollow-ground,w+h0l0,planner-one-mistake,100,28,0.28,8.77,0.9087,63.361,0,0.46,2.75,65.8,2.99,13.68,0.86,0.25,0.79,0,2.03,1.82,0.24,1.45,0,0.38,0,0.08,0,0,0,3.46,0,0,0,0,0,65,100,65,21,0,18,82,0.3231,1,11.745,3,0,1.06,county-alert,1,1,overhaul-warning,1,4,last-night,0.06,9,100,0,0,0,0,0,100,556,28,23,72,533,0,0,346,79,0,0,0,0,0,0,0,0,,,5.56,0.8214,7.4028,,0.2283,,,
stored-night,5,tide-siege+hollow-ground,w0h-l0,random,100,0,0,9,,83.97,0,0,3.76,71.19,2.91,17.78,0.36,1.17,0.24,0.09,1.04,0.75,0.39,1.04,0,0,0,0,0,0.01,0,4,0,0,0,0,0,,,,,,,,,,,,,1,county-alert,1,1,overhaul-warning,1,4,last-night,0,,100,1,1,8,0,0,100,638,0,0,100,638,0,0,400,24,0,0,0,0,0,0,0,0.01,8,,6.38,,6.38,,0.06,,,
stored-night,5,tide-siege+hollow-ground,w0h-l0,single-water,100,0,0,9,,88.94,0,0,4,77.65,3,14.29,0,0,0,0,1.99,1.83,0.16,0,0,0,0,0,0,0,0,4,0,0,0,0,0,,,,,,,,,,,,,1,county-alert,1,1,overhaul-warning,1,4,last-night,0,,100,0,0,0,0,0,100,795,0,0,100,795,0,0,400,0,0,0,0,0,0,0,0,0,,,7.95,,7.95,,0,,,
stored-night,5,tide-siege+hollow-ground,w0h-l0,legacy-cycle,100,0,0,9,,77.14,0,0,4,88.03,3,29.29,0,0,0,0,0.75,0.25,0.52,2.36,0,0,0,0,0,0.94,0,4,0,0,0,0,0,,,,,,,,,,,,,1,county-alert,1,1,overhaul-warning,1,4,last-night,0,,100,94,94,710,0,0,100,573,0,0,100,573,0,0,400,0,0,0,0,0,0,0,0,0.94,7.5532,,5.73,,5.73,,0,,,
stored-night,5,tide-siege+hollow-ground,w0h-l0,greedy,100,72,0.72,8.12,0.8642,44.821,0,1.13,1.96,45.08,2.75,0.62,0.87,0.19,0.74,0.06,1.61,1.43,0.19,1.89,0,0.95,0,0.18,0,0.01,0,2.52,0,0,0,0,0,,,,,,,,,,,,,1.18,county-alert,1,1,overhaul-warning,1,4,last-night,0.18,8.167,100,1,1,9,1,9,100,116,72,78,28,38,0,0,252,74,0,0,0,0,0,0,0,0.01,9,9,1.16,1.0833,1.3571,,0.2937,,,
stored-night,5,tide-siege+hollow-ground,w0h-l0,planner,100,60,0.6,8.35,0.8796,63.95,0,0.97,2.43,56.78,2.69,1.6,0.78,0.19,0.56,0.12,1.78,1.55,0.25,2.09,0,0.79,0,0.18,0,0.01,0,2.81,0,0,0,0,0,,,,,,,,,,,,,1.17,county-alert,1,1,overhaul-warning,1,4,last-night,0.17,7.706,100,1,1,8,0,0,100,356,60,69,40,287,0,0,281,56,0,0,0,0,0,0,0,0.01,8,,3.56,1.15,7.175,,0.1993,,,
stored-night,5,tide-siege+hollow-ground,w0h-l0,forecast-aware,100,35,0.35,8.62,0.8794,42.846,0,1.15,2.66,65.94,2.29,1.34,1.94,0,0.73,0.57,1.81,1.57,0.32,2.57,0,0.83,0.05,0.27,0,0.02,0,3.15,0,0,0,0,0,,,,,,,,,,,,,1.31,county-alert,1,1,overhaul-warning,1,4,last-night,0.31,8.581,100,2,2,17,1,8,100,154,35,51,65,103,0,0,315,73,0,0,0,0,0,0,0,0.02,8.5,8,1.54,1.4571,1.5846,,0.2317,,,
stored-night,5,tide-siege+hollow-ground,w0h-l0,planner-one-mistake,100,24,0.24,8.81,0.912,63.5,0,0.48,2.82,68.08,2.99,13.52,0.85,0.26,0.78,0,2.01,1.77,0.27,1.44,0,0.38,0,0.1,0,0,0,3.5,0,0,0,0,0,60,100,60,16,0,18,82,0.2667,1,11.9175,3,0,1.08,county-alert,1,1,overhaul-warning,1,4,last-night,0.08,9,100,0,0,0,0,0,100,580,24,21,76,559,0,0,350,78,0,0,0,0,0,0,0,0,,,5.8,0.875,7.3553,,0.2229,,,
stored-night,5,tide-siege+hollow-ground,w0h+l0,random,100,0,0,9,,83.84,0,0,3.76,71.43,2.91,17.86,0.36,1.17,0.24,0.09,1.04,0.75,0.39,1.04,0,0,0,0,0,0.01,0,4,0,0,0,0,0,,,,,,,,,,,,,1,county-alert,1,1,overhaul-warning,1,4,last-night,0,,100,1,1,8,0,0,100,638,0,0,100,638,0,0,400,24,0,0,0,0,0,0,0,0.01,8,,6.38,,6.38,,0.06,,,
stored-night,5,tide-siege+hollow-ground,w0h+l0,single-water,100,0,0,9,,88.94,0,0,4,77.65,3,14.29,0,0,0,0,1.99,1.83,0.16,0,0,0,0,0,0,0,0,4,0,0,0,0,0,,,,,,,,,,,,,1,county-alert,1,1,overhaul-warning,1,4,last-night,0,,100,0,0,0,0,0,100,795,0,0,100,795,0,0,400,0,0,0,0,0,0,0,0,0,,,7.95,,7.95,,0,,,
stored-night,5,tide-siege+hollow-ground,w0h+l0,legacy-cycle,100,0,0,9,,76.77,0,0,4,88.15,3,29.29,0,0,0,0,0.75,0.25,0.52,2.36,0,0,0,0,0,0.94,0,4,0,0,0,0,0,,,,,,,,,,,,,1,county-alert,1,1,overhaul-warning,1,4,last-night,0,,100,94,94,710,0,0,100,573,0,0,100,573,0,0,400,0,0,0,0,0,0,0,0,0.94,7.5532,,5.73,,5.73,,0,,,
stored-night,5,tide-siege+hollow-ground,w0h+l0,greedy,100,74,0.74,8.1,0.8649,44.038,0,1.11,1.92,43.64,2.75,0.86,0.88,0.18,0.74,0.06,1.6,1.39,0.22,1.93,0,0.95,0,0.16,0,0.02,0,2.5,0,0,0,0,0,,,,,,,,,,,,,1.16,county-alert,1,1,overhaul-warning,1,4,last-night,0.16,8.063,100,2,2,17,2,17,100,119,74,84,26,35,0,0,250,74,0,0,0,0,0,0,0,0.02,8.5,8.5,1.19,1.1351,1.3462,,0.296,,,
stored-night,5,tide-siege+hollow-ground,w0h+l0,planner,100,65,0.65,8.3,0.8803,63.229,0,0.97,2.34,53.94,2.69,1.6,0.76,0.19,0.55,0.12,1.74,1.5,0.26,2.15,0,0.81,0,0.16,0,0.01,0,2.74,0,0,0,0,0,,,,,,,,,,,,,1.14,county-alert,1,1,overhaul-warning,1,4,last-night,0.14,7.429,100,1,1,8,1,8,100,323,65,77,35,246,0,0,274,55,0,0,0,0,0,0,0,0.01,8,8,3.23,1.1846,7.0286,,0.2007,,,
stored-night,5,tide-siege+hollow-ground,w0h+l0,forecast-aware,100,36,0.36,8.62,0.8827,41.766,0,1.15,2.65,65.46,2.29,1.34,1.94,0,0.73,0.57,1.81,1.57,0.32,2.57,0,0.84,0.05,0.26,0,0.02,0,3.15,0,0,0,0,0,,,,,,,,,,,,,1.31,county-alert,1,1,overhaul-warning,1,4,last-night,0.31,8.581,100,2,2,17,1,8,100,154,36,52,64,102,0,0,315,73,0,0,0,0,0,0,0,0.02,8.5,8,1.54,1.4444,1.5938,,0.2317,,,
stored-night,5,tide-siege+hollow-ground,w0h+l0,planner-one-mistake,100,25,0.25,8.79,0.9067,62.947,0,0.47,2.8,67.36,2.99,13.53,0.85,0.25,0.78,0,2,1.78,0.25,1.44,0,0.38,0,0.09,0,0,0,3.49,0,0,0,0,0,65,100,65,18,0,18,82,0.2769,1,11.9975,3,0,1.07,county-alert,1,1,overhaul-warning,1,4,last-night,0.07,9,100,0,0,0,0,0,100,574,25,22,75,552,0,0,349,78,0,0,0,0,0,0,0,0,,,5.74,0.88,7.36,,0.2235,,,
stored-night,5,tide-siege+hollow-ground,w0h0l-,random,100,0,0,9,,84.08,0,0,3.76,71.13,2.91,17.83,0.36,1.17,0.24,0.09,1.04,0.75,0.39,1.04,0,0,0,0,0,0.01,0,4,0,0,0,0,0,,,,,,,,,,,,,1,county-alert,1,1,overhaul-warning,1,4,last-night,0,,100,1,1,8,0,0,100,638,0,0,100,638,0,0,400,24,0,0,0,0,0,0,0,0.01,8,,6.38,,6.38,,0.06,,,
stored-night,5,tide-siege+hollow-ground,w0h0l-,single-water,100,0,0,9,,88.94,0,0,4,77.65,3,14.29,0,0,0,0,1.99,1.83,0.16,0,0,0,0,0,0,0,0,4,0,0,0,0,0,,,,,,,,,,,,,1,county-alert,1,1,overhaul-warning,1,4,last-night,0,,100,0,0,0,0,0,100,795,0,0,100,795,0,0,400,0,0,0,0,0,0,0,0,0,,,7.95,,7.95,,0,,,
stored-night,5,tide-siege+hollow-ground,w0h0l-,legacy-cycle,100,0,0,9,,76.77,0,0,4,88.15,3,29.29,0,0,0,0,0.75,0.25,0.52,2.36,0,0,0,0,0,0.94,0,4,0,0,0,0,0,,,,,,,,,,,,,1,county-alert,1,1,overhaul-warning,1,4,last-night,0,,100,94,94,710,0,0,100,573,0,0,100,573,0,0,400,0,0,0,0,0,0,0,0,0.94,7.5532,,5.73,,5.73,,0,,,
stored-night,5,tide-siege+hollow-ground,w0h0l-,greedy,100,76,0.76,8.09,0.867,43.042,0,1.08,1.85,41.28,2.78,0.71,0.89,0.17,0.75,0.07,1.59,1.38,0.22,2.07,0,0.95,0,0.13,0,0.01,0,2.47,0,0,0,0,0,,,,,,,,,,,,,1.13,county-alert,1,1,overhaul-warning,1,4,last-night,0.13,7.923,100,1,1,8,1,8,100,119,76,84,24,35,0,0,247,75,0,0,0,0,0,0,0,0.01,8,8,1.19,1.1053,1.4583,,0.3036,,,
stored-night,5,tide-siege+hollow-ground,w0h0l-,planner,100,63,0.63,8.3,0.8765,62.811,0,0.9,2.33,53.62,2.76,1.6,0.77,0.21,0.56,0.12,1.75,1.49,0.28,2.2,0,0.77,0,0.13,0,0,0,2.76,0,0,0,0,0,,,,,,,,,,,,,1.11,county-alert,1,1,overhaul-warning,1,4,last-night,0.11,7.545,100,0,0,0,0,0,100,340,63,77,37,263,0,0,276,56,0,0,0,0,0,0,0,0,,,3.4,1.2222,7.1081,,0.2029,,,
stored-night,5,tide-siege+hollow-ground,w0h0l-,forecast-aware,100,36,0.36,8.63,0.8858,42.656,0,1.15,2.63,64.9,2.33,1.42,1.95,0,0.73,0.57,1.83,1.58,0.35,2.57,0,0.83,0.06,0.26,0,0.01,0,3.14,0,0,0,0,0,,,,,,,,,,,,,1.31,county-alert,1,1,overhaul-warning,1,4,last-night,0.31,8.613,100,1,1,8,1,8,100,155,36,52,64,103,0,0,314,73,0,0,0,0,0,0,0,0.01,8,8,1.55,1.4444,1.6094,,0.2325,,,
stored-night,5,tide-siege+hollow-ground,w0h0l-,planner-one-mistake,100,23,0.23,8.81,0.9082,63.571,0,0.5,2.83,68.68,2.99,13.49,0.88,0.25,0.81,0,2.03,1.82,0.26,1.41,0,0.39,0,0.11,0,0,0,3.53,0,0,0,0,0,63,100,63,16,0,18,82,0.254,1,11.53,3,0,1.08,county-alert,1,1,overhaul-warning,1,4,last-night,0.08,9,100,0,0,0,0,0,100,583,23,16,77,567,0,0,353,81,0,0,0,0,0,0,0,0,,,5.83,0.6957,7.3636,,0.2295,,,
stored-night,5,tide-siege+hollow-ground,w0h0l+,random,100,0,0,9,,83.82,0,0,3.76,71.46,2.91,17.87,0.36,1.17,0.24,0.09,1.04,0.75,0.39,1.04,0,0,0,0,0,0.01,0,4,0,0,0,0,0,,,,,,,,,,,,,1,county-alert,1,1,overhaul-warning,1,4,last-night,0,,100,1,1,8,0,0,100,638,0,0,100,638,0,0,400,24,0,0,0,0,0,0,0,0.01,8,,6.38,,6.38,,0.06,,,
stored-night,5,tide-siege+hollow-ground,w0h0l+,single-water,100,0,0,9,,88.94,0,0,4,77.65,3,14.29,0,0,0,0,1.99,1.83,0.16,0,0,0,0,0,0,0,0,4,0,0,0,0,0,,,,,,,,,,,,,1,county-alert,1,1,overhaul-warning,1,4,last-night,0,,100,0,0,0,0,0,100,795,0,0,100,795,0,0,400,0,0,0,0,0,0,0,0,0,,,7.95,,7.95,,0,,,
stored-night,5,tide-siege+hollow-ground,w0h0l+,legacy-cycle,100,0,0,9,,76.77,0,0,4,88.15,3,29.29,0,0,0,0,0.75,0.25,0.52,2.36,0,0,0,0,0,0.94,0,4,0,0,0,0,0,,,,,,,,,,,,,1,county-alert,1,1,overhaul-warning,1,4,last-night,0,,100,94,94,710,0,0,100,573,0,0,100,573,0,0,400,0,0,0,0,0,0,0,0,0.94,7.5532,,5.73,,5.73,,0,,,
stored-night,5,tide-siege+hollow-ground,w0h0l+,greedy,100,74,0.74,8.09,0.8634,44,0,1.11,1.92,43.64,2.75,0.86,0.88,0.18,0.74,0.06,1.6,1.38,0.23,1.93,0,0.95,0,0.16,0,0.02,0,2.5,0,0,0,0,0,,,,,,,,,,,,,1.16,county-alert,1,1,overhaul-warning,1,4,last-night,0.16,8.063,100,2,2,17,2,17,100,118,74,83,26,35,0,0,250,74,0,0,0,0,0,0,0,0.02,8.5,8.5,1.18,1.1216,1.3462,,0.296,,,
stored-night,5,tide-siege+hollow-ground,w0h0l+,planner,100,65,0.65,8.3,0.8803,63.2,0,0.97,2.34,53.94,2.69,1.6,0.76,0.19,0.55,0.12,1.73,1.49,0.26,2.15,0,0.81,0,0.16,0,0.01,0,2.74,0,0,0,0,0,,,,,,,,,,,,,1.14,county-alert,1,1,overhaul-warning,1,4,last-night,0.14,7.429,100,1,1,8,1,8,100,323,65,77,35,246,0,0,274,55,0,0,0,0,0,0,0,0.01,8,8,3.23,1.1846,7.0286,,0.2007,,,
stored-night,5,tide-siege+hollow-ground,w0h0l+,forecast-aware,100,36,0.36,8.6,0.8765,41.656,0,1.15,2.65,65.46,2.29,1.34,1.93,0,0.73,0.57,1.81,1.55,0.34,2.56,0,0.84,0.05,0.26,0,0.02,0,3.15,0,0,0,0,0,,,,,,,,,,,,,1.31,county-alert,1,1,overhaul-warning,1,4,last-night,0.31,8.581,100,2,2,17,1,8,100,153,36,51,64,102,0,0,315,73,0,0,0,0,0,0,0,0.02,8.5,8,1.53,1.4167,1.5938,,0.2317,,,
stored-night,5,tide-siege+hollow-ground,w0h0l+,planner-one-mistake,100,25,0.25,8.79,0.9067,62.893,0,0.48,2.79,67.04,2.99,13.53,0.85,0.25,0.78,0,1.99,1.79,0.23,1.4,0,0.39,0,0.09,0,0,0,3.48,0,0,0,0,0,65,100,65,18,0,18,82,0.2769,1,11.9975,3,0,1.07,county-alert,1,1,overhaul-warning,1,4,last-night,0.07,9,100,0,0,0,0,0,100,577,25,23,75,554,0,0,348,78,0,0,0,0,0,0,0,0,,,5.77,0.92,7.3867,,0.2241,,,
stored-night,5,tide-siege+sluice-jam,w0h0l0,random,100,0,0,9,,82.72,0,0.02,3.71,67.08,2.8,19.46,0.55,1.39,0.29,0.2,0.98,0.71,0.39,1.15,0,0.01,0,0.01,0,0,0,3.99,0,0,0,0,0,,,,,,,,,,,,,1,county-alert,1,1,overhaul-warning,1,4,last-night,0,,100,0,0,0,0,0,100,614,0,0,100,614,0,0,399,29,0,0,0,0,0,0,0,0,,,6.14,,6.14,,0.0727,,,
stored-night,5,tide-siege+sluice-jam,w0h0l0,single-water,100,0,0,9,,91.99,0,0,4,61.14,3,11.5,0,0,0,0,1.71,1.19,0.52,0,0,0,0,0,0,0,0,4,0,0,0,0,0,,,,,,,,,,,,,1,county-alert,1,1,overhaul-warning,1,4,last-night,0,,100,0,0,0,0,0,100,870,0,0,100,870,0,0,400,0,0,0,0,0,0,0,0,0,,,8.7,,8.7,,0,,,
stored-night,5,tide-siege+sluice-jam,w0h0l0,legacy-cycle,100,0,0,9,,77.31,0,0,4,89.43,3,33.43,0,0,0,0,1.22,0.64,0.61,2.28,0,0,0,0,0,1,0,4,0,0,0,0,0,,,,,,,,,,,,,1,county-alert,1,1,overhaul-warning,1,4,last-night,0,,100,100,100,743,0,0,100,557,0,0,100,557,0,0,400,0,0,0,0,0,0,0,0,1,7.43,,5.57,,5.57,,0,,,
stored-night,5,tide-siege+sluice-jam,w0h0l0,greedy,100,66,0.66,8.15,0.8569,39.647,0,1.1,2,46.4,2.89,0.79,0.88,0.22,0.73,0.01,1.67,1.48,0.19,1.68,0,0.93,0,0.17,0,0.04,0,2.57,0,0,0,0,0,,,,,,,,,,,,,1.16,county-alert,1,1,overhaul-warning,1,4,last-night,0.16,8.563,100,4,4,32,3,23,100,122,66,73,34,49,0,0,257,73,0,0,0,0,0,0,0,0.04,8,7.6667,1.22,1.1061,1.4412,,0.284,,,
stored-night,5,tide-siege+sluice-jam,w0h0l0,planner,100,63,0.63,8.26,0.8695,62.73,0,0.95,2.2,51.18,2.8,1,0.97,0.12,0.64,0.08,1.54,1.36,0.2,2,0,0.8,0,0.15,0,0.02,0,2.7,0,0,0,0,0,,,,,,,,,,,,,1.12,county-alert,1,1,overhaul-warning,1,4,last-night,0.12,8.583,100,2,2,15,2,15,100,355,63,71,37,284,0,0,270,64,0,0,0,0,0,0,0,0.02,7.5,7.5,3.55,1.127,7.6757,,0.237,,,
stored-night,5,tide-siege+sluice-jam,w0h0l0,forecast-aware,100,24,0.24,8.74,0.8796,43.816,0,1.22,2.61,66.42,2.24,1.42,2.52,0,0.91,0.69,1.65,1.34,0.41,2.55,0,0.84,0.06,0.32,0,0.02,0,3.21,0,0,0,0,0,,,,,,,,,,,,,1.34,county-alert,1,1,overhaul-warning,1,4,last-night,0.34,8.853,100,2,2,18,0,0,100,201,24,39,76,162,0,0,321,91,0,0,0,0,0,0,0,0.02,9,,2.01,1.625,2.1316,,0.2835,,,
stored-night,5,tide-siege+sluice-jam,w0h0l0,planner-one-mistake,100,17,0.17,8.92,0.9477,61.458,0,0.38,2.78,67.09,2.99,14.18,1.19,0.35,1,0.01,1.9,1.72,0.25,1.29,0,0.28,0,0.1,0,0.01,0,3.68,0,0,0,0,0,63,100,63,16,0,9,91,0.254,1,12.61,1.5,0,1.07,county-alert,1,1,overhaul-warning,1,4,last-night,0.07,9,100,1,1,9,1,9,100,637,17,18,83,619,0,0,368,100,0,0,0,0,0,0,0,0.01,9,9,6.37,1.0588,7.4578,,0.2717,,,
stored-night,5,tide-siege+sluice-jam,w-h-l-,random,100,0,0,9,,83.11,0,0.02,3.71,66.54,2.8,19.37,0.55,1.39,0.29,0.2,0.98,0.71,0.39,1.15,0,0.01,0,0.01,0,0,0,3.99,0,0,0,0,0,,,,,,,,,,,,,1,county-alert,1,1,overhaul-warning,1,4,last-night,0,,100,0,0,0,0,0,100,614,0,0,100,614,0,0,399,29,0,0,0,0,0,0,0,0,,,6.14,,6.14,,0.0727,,,
stored-night,5,tide-siege+sluice-jam,w-h-l-,single-water,100,0,0,9,,92.08,0,0,4,61.03,3,11.5,0,0,0,0,1.71,1.19,0.52,0,0,0,0,0,0,0,0,4,0,0,0,0,0,,,,,,,,,,,,,1,county-alert,1,1,overhaul-warning,1,4,last-night,0,,100,0,0,0,0,0,100,870,0,0,100,870,0,0,400,0,0,0,0,0,0,0,0,0,,,8.7,,8.7,,0,,,
stored-night,5,tide-siege+sluice-jam,w-h-l-,legacy-cycle,100,0,0,9,,78.14,0,0,4,88.56,3,33.43,0,0,0,0,1.22,0.64,0.61,2.28,0,0,0,0,0,1,0,4,0,0,0,0,0,,,,,,,,,,,,,1,county-alert,1,1,overhaul-warning,1,4,last-night,0,,100,100,100,743,0,0,100,557,0,0,100,557,0,0,400,0,0,0,0,0,0,0,0,1,7.43,,5.57,,5.57,,0,,,
stored-night,5,tide-siege+sluice-jam,w-h-l-,greedy,100,62,0.62,8.22,0.8602,38.184,0,1.08,2.01,46.54,2.91,0.54,0.93,0.22,0.78,0.01,1.67,1.45,0.22,1.78,0,0.92,0,0.16,0,0.02,0,2.63,0,0,0,0,0,,,,,,,,,,,,,1.16,county-alert,1,1,overhaul-warning,1,4,last-night,0.16,8.813,100,2,2,16,1,7,100,135,62,74,38,61,0,0,263,78,0,0,0,0,0,0,0,0.02,8,7,1.35,1.1935,1.6053,,0.2966,,,
stored-night,5,tide-siege+sluice-jam,w-h-l-,planner,100,59,0.59,8.33,0.8738,61.171,0,0.9,2.24,52.14,2.82,1.07,1.02,0.13,0.65,0.08,1.57,1.39,0.21,2.09,0,0.76,0.01,0.13,0,0.02,0,2.78,0,0,0,0,0,,,,,,,,,,,,,1.13,county-alert,1,1,overhaul-warning,1,4,last-night,0.13,8.769,100,2,2,15,2,15,100,382,59,68,41,314,0,0,278,65,0,0,0,0,0,0,0,0.02,7.5,7.5,3.82,1.1525,7.6585,,0.2338,,,
stored-night,5,tide-siege+sluice-jam,w-h-l-,forecast-aware,100,22,0.22,8.78,0.8889,44.615,0,1.19,2.64,67.06,2.24,1.5,2.54,0,0.93,0.69,1.67,1.35,0.43,2.55,0,0.81,0.07,0.31,0,0.02,0,3.27,0,0,0,0,0,,,,,,,,,,,,,1.34,county-alert,1,1,overhaul-warning,1,4,last-night,0.34,8.794,100,2,2,18,0,0,100,200,22,35,78,165,0,0,327,93,0,0,0,0,0,0,0,0.02,9,,2,1.5909,2.1154,,0.2844,,,
stored-night,5,tide-siege+sluice-jam,w-h-l-,planner-one-mistake,100,13,0.13,8.93,0.9402,61.655,0,0.42,2.8,68.09,2.99,14.36,1.16,0.34,1.01,0.01,1.95,1.73,0.29,1.31,0,0.3,0,0.12,0,0,0,3.69,0,0,0,0,0,59,100,59,12,0,9,91,0.2034,1,12.51,1.5,0,1.06,county-alert,1,1,overhaul-warning,1,4,last-night,0.06,9,100,0,0,0,0,0,100,652,13,12,87,640,0,0,369,101,0,0,0,0,0,0,0,0,,,6.52,0.9231,7.3563,,0.2737,,,
stored-night,5,tide-siege+sluice-jam,w+h+l+,random,100,0,0,9,,82.65,0,0.02,3.71,67.16,2.8,19.51,0.55,1.39,0.29,0.2,0.98,0.71,0.39,1.15,0,0.01,0,0.01,0,0,0,3.99,0,0,0,0,0,,,,,,,,,,,,,1,county-alert,1,1,overhaul-warning,1,4,last-night,0,,100,0,0,0,0,0,100,614,0,0,100,614,0,0,399,29,0,0,0,0,0,0,0,0,,,6.14,,6.14,,0.0727,,,
stored-night,5,tide-siege+sluice-jam,w+h+l+,single-water,100,0,0,9,,91.99,0,0,4,61.56,3,11.5,0,0,0,0,1.71,1.19,0.52,0,0,0,0,0,0,0,0,4,0,0,0,0,0,,,,,,,,,,,,,1,county-alert,1,1,overhaul-warning,1,4,last-night,0,,100,0,0,0,0,0,100,870,0,0,100,870,0,0,400,0,0,0,0,0,0,0,0,0,,,8.7,,8.7,,0,,,
stored-night,5,tide-siege+sluice-jam,w+h+l+,legacy-cycle,100,0,0,9,,77.31,0,0,4,89.43,3,33.43,0,0,0,0,1.22,0.64,0.61,2.28,0,0,0,0,0,1,0,4,0,0,0,0,0,,,,,,,,,,,,,1,county-alert,1,1,overhaul-warning,1,4,last-night,0,,100,100,100,743,0,0,100,557,0,0,100,557,0,0,400,0,0,0,0,0,0,0,0,1,7.43,,5.57,,5.57,,0,,,
stored-night,5,tide-siege+sluice-jam,w+h+l+,greedy,100,66,0.66,8.15,0.8569,37.412,0,1.12,1.97,45.62,2.9,0.55,0.9,0.21,0.75,0.01,1.7,1.48,0.22,1.77,0,0.95,0,0.17,0,0.03,0,2.56,0,0,0,0,0,,,,,,,,,,,,,1.16,county-alert,1,1,overhaul-warning,1,4,last-night,0.16,8.688,100,3,3,24,2,15,100,125,66,73,34,52,0,0,256,75,0,0,0,0,0,0,0,0.03,8,7.5,1.25,1.1061,1.5294,,0.293,,,
stored-night,5,tide-siege+sluice-jam,w+h+l+,planner,100,62,0.62,8.28,0.871,62.421,0,0.94,2.2,51.12,2.81,1.11,0.99,0.12,0.63,0.08,1.53,1.35,0.22,2.02,0,0.79,0.01,0.14,0,0.02,0,2.71,0,0,0,0,0,,,,,,,,,,,,,1.13,county-alert,1,1,overhaul-warning,1,4,last-night,0.13,8.769,100,2,2,15,2,15,100,366,62,72,38,294,0,0,271,63,0,0,0,0,0,0,0,0.02,7.5,7.5,3.66,1.1613,7.7368,,0.2325,,,
stored-night,5,tide-siege+sluice-jam,w+h+l+,forecast-aware,100,25,0.25,8.71,0.8711,44.52,0,1.28,2.6,66.26,2.24,1.63,2.53,0,0.88,0.69,1.65,1.34,0.43,2.52,0,0.87,0.07,0.34,0,0.02,0,3.15,0,0,0,0,0,,,,,,,,,,,,,1.38,county-alert,1,1,overhaul-warning,1,4,last-night,0.38,8.895,100,2,2,18,0,0,100,205,25,40,75,165,0,0,315,88,0,0,0,0,0,0,0,0.02,9,,2.05,1.6,2.2,,0.2794,,,
stored-night,5,tide-siege+sluice-jam,w+h+l+,planner-one-mistake,100,16,0.16,8.93,0.9514,61.762,0,0.39,2.79,67.73,2.99,14.17,1.2,0.36,1,0.01,1.92,1.71,0.27,1.2,0,0.28,0,0.11,0,0.01,0,3.68,0,0,0,0,0,62,100,62,15,0,9,91,0.2419,1,12.5375,1.5,0,1.06,county-alert,1,1,overhaul-warning,1,4,last-night,0.06,9,100,1,1,9,1,9,100,644,16,17,84,627,0,0,368,100,0,0,0,0,0,0,0,0.01,9,9,6.44,1.0625,7.4643,,0.2717,,,
stored-night,5,tide-siege+sluice-jam,w-h0l0,random,100,0,0,9,,82.79,0,0.02,3.71,66.97,2.8,19.46,0.55,1.39,0.29,0.2,0.98,0.71,0.39,1.15,0,0.01,0,0.01,0,0,0,3.99,0,0,0,0,0,,,,,,,,,,,,,1,county-alert,1,1,overhaul-warning,1,4,last-night,0,,100,0,0,0,0,0,100,614,0,0,100,614,0,0,399,29,0,0,0,0,0,0,0,0,,,6.14,,6.14,,0.0727,,,
stored-night,5,tide-siege+sluice-jam,w-h0l0,single-water,100,0,0,9,,92.08,0,0,4,61.03,3,11.5,0,0,0,0,1.71,1.19,0.52,0,0,0,0,0,0,0,0,4,0,0,0,0,0,,,,,,,,,,,,,1,county-alert,1,1,overhaul-warning,1,4,last-night,0,,100,0,0,0,0,0,100,870,0,0,100,870,0,0,400,0,0,0,0,0,0,0,0,0,,,8.7,,8.7,,0,,,
stored-night,5,tide-siege+sluice-jam,w-h0l0,legacy-cycle,100,0,0,9,,77.75,0,0,4,88.6,3,33.43,0,0,0,0,1.22,0.64,0.61,2.28,0,0,0,0,0,1,0,4,0,0,0,0,0,,,,,,,,,,,,,1,county-alert,1,1,overhaul-warning,1,4,last-night,0,,100,100,100,743,0,0,100,557,0,0,100,557,0,0,400,0,0,0,0,0,0,0,0,1,7.43,,5.57,,5.57,,0,,,
stored-night,5,tide-siege+sluice-jam,w-h0l0,greedy,100,66,0.66,8.15,0.8569,39.794,0,1.1,2,46.4,2.89,0.79,0.88,0.22,0.73,0.01,1.68,1.49,0.19,1.68,0,0.93,0,0.17,0,0.04,0,2.57,0,0,0,0,0,,,,,,,,,,,,,1.16,county-alert,1,1,overhaul-warning,1,4,last-night,0.16,8.563,100,4,4,32,3,23,100,122,66,73,34,49,0,0,257,73,0,0,0,0,0,0,0,0.04,8,7.6667,1.22,1.1061,1.4412,,0.284,,,
stored-night,5,tide-siege+sluice-jam,w-h0l0,planner,100,63,0.63,8.26,0.8695,62.541,0,0.93,2.2,51.02,2.8,1,0.97,0.12,0.64,0.08,1.54,1.36,0.2,2,0,0.79,0,0.14,0,0.02,0,2.71,0,0,0,0,0,,,,,,,,,,,,,1.12,county-alert,1,1,overhaul-warning,1,4,last-night,0.12,8.583,100,2,2,15,2,15,100,355,63,71,37,284,0,0,271,64,0,0,0,0,0,0,0,0.02,7.5,7.5,3.55,1.127,7.6757,,0.2362,,,
stored-night,5,tide-siege+sluice-jam,w-h0l0,forecast-aware,100,24,0.24,8.74,0.8796,43.645,0,1.2,2.61,66.26,2.24,1.42,2.51,0,0.91,0.69,1.66,1.34,0.42,2.56,0,0.83,0.06,0.31,0,0.02,0,3.22,0,0,0,0,0,,,,,,,,,,,,,1.34,county-alert,1,1,overhaul-warning,1,4,last-night,0.34,8.853,100,2,2,18,0,0,100,199,24,39,76,160,0,0,322,91,0,0,0,0,0,0,0,0.02,9,,1.99,1.625,2.1053,,0.2826,,,
stored-night,5,tide-siege+sluice-jam,w-h0l0,planner-one-mistake,100,19,0.19,8.9,0.9415,62.42,0,0.41,2.75,66.21,2.99,14.18,1.14,0.35,0.98,0.01,1.95,1.74,0.28,1.28,0,0.31,0,0.1,0,0,0,3.63,0,0,0,0,0,63,100,63,19,0,9,91,0.3016,1,12.61,1.5,0,1.07,county-alert,1,1,overhaul-warning,1,4,last-night,0.07,9,100,0,0,0,0,0,100,625,19,21,81,604,0,0,363,98,0,0,0,0,0,0,0,0,,,6.25,1.1053,7.4568,,0.27,,,
stored-night,5,tide-siege+sluice-jam,w+h0l0,random,100,0,0,9,,82.68,0,0.02,3.71,67.15,2.8,19.5,0.55,1.39,0.29,0.2,0.98,0.71,0.39,1.15,0,0.01,0,0.01,0,0,0,3.99,0,0,0,0,0,,,,,,,,,,,,,1,county-alert,1,1,overhaul-warning,1,4,last-night,0,,100,0,0,0,0,0,100,614,0,0,100,614,0,0,399,29,0,0,0,0,0,0,0,0,,,6.14,,6.14,,0.0727,,,
stored-night,5,tide-siege+sluice-jam,w+h0l0,single-water,100,0,0,9,,91.99,0,0,4,61.56,3,11.5,0,0,0,0,1.71,1.19,0.52,0,0,0,0,0,0,0,0,4,0,0,0,0,0,,,,,,,,,,,,,1,county-alert,1,1,overhaul-warning,1,4,last-night,0,,100,0,0,0,0,0,100,870,0,0,100,870,0,0,400,0,0,0,0,0,0,0,0,0,,,8.7,,8.7,,0,,,
stored-night,5,tide-siege+sluice-jam,w+h0l0,legacy-cycle,100,0,0,9,,77.31,0,0,4,89.43,3,33.43,0,0,0,0,1.22,0.64,0.61,2.28,0,0,0,0,0,1,0,4,0,0,0,0,0,,,,,,,,,,,,,1,county-alert,1,1,overhaul-warning,1,4,last-night,0,,100,100,100,743,0,0,100,557,0,0,100,557,0,0,400,0,0,0,0,0,0,0,0,1,7.43,,5.57,,5.57,,0,,,
stored-night,5,tide-siege+sluice-jam,w+h0l0,greedy,100,66,0.66,8.15,0.8569,37.5,0,1.12,1.97,45.62,2.9,0.55,0.9,0.21,0.75,0.01,1.7,1.48,0.22,1.77,0,0.95,0,0.17,0,0.03,0,2.56,0,0,0,0,0,,,,,,,,,,,,,1.16,county-alert,1,1,overhaul-warning,1,4,last-night,0.16,8.688,100,3,3,24,2,15,100,125,66,73,34,52,0,0,256,75,0,0,0,0,0,0,0,0.03,8,7.5,1.25,1.1061,1.5294,,0.293,,,
stored-night,5,tide-siege+sluice-jam,w+h0l0,planner,100,62,0.62,8.28,0.871,62.474,0,0.94,2.2,51.12,2.81,1.11,1,0.12,0.64,0.08,1.53,1.35,0.22,2.02,0,0.79,0.01,0.14,0,0.02,0,2.72,0,0,0,0,0,,,,,,,,,,,,,1.13,county-alert,1,1,overhaul-warning,1,4,last-night,0.13,8.769,100,2,2,15,2,15,100,365,62,71,38,294,0,0,272,64,0,0,0,0,0,0,0,0.02,7.5,7.5,3.65,1.1452,7.7368,,0.2353,,,
stored-night,5,tide-siege+sluice-jam,w+h0l0,forecast-aware,100,25,0.25,8.71,0.8711,43.24,0,1.23,2.58,65.34,2.24,1.54,2.53,0,0.9,0.69,1.64,1.35,0.41,2.52,0,0.85,0.07,0.31,0,0.02,0,3.18,0,0,0,0,0,,,,,,,,,,,,,1.34,county-alert,1,1,overhaul-warning,1,4,last-night,0.34,8.882,100,2,2,18,0,0,100,200,25,40,75,160,0,0,318,90,0,0,0,0,0,0,0,0.02,9,,2,1.6,2.1333,,0.283,,,
stored-night,5,tide-siege+sluice-jam,w+h0l0,planner-one-mistake,100,16,0.16,8.93,0.9514,61.821,0,0.38,2.79,67.73,2.99,14.16,1.2,0.36,1,0.01,1.92,1.71,0.27,1.2,0,0.27,0,0.11,0,0.01,0,3.68,0,0,0,0,0,62,100,62,15,0,9,91,0.2419,1,12.5375,1.5,0,1.06,county-alert,1,1,overhaul-warning,1,4,last-night,0.06,9,100,1,1,9,1,9,100,644,16,17,84,627,0,0,368,100,0,0,0,0,0,0,0,0.01,9,9,6.44,1.0625,7.4643,,0.2717,,,
stored-night,5,tide-siege+sluice-jam,w0h-l0,random,100,0,0,9,,82.9,0,0.02,3.71,66.83,2.8,19.42,0.55,1.39,0.29,0.2,0.98,0.71,0.39,1.15,0,0.01,0,0.01,0,0,0,3.99,0,0,0,0,0,,,,,,,,,,,,,1,county-alert,1,1,overhaul-warning,1,4,last-night,0,,100,0,0,0,0,0,100,614,0,0,100,614,0,0,399,29,0,0,0,0,0,0,0,0,,,6.14,,6.14,,0.0727,,,
stored-night,5,tide-siege+sluice-jam,w0h-l0,single-water,100,0,0,9,,91.99,0,0,4,61.14,3,11.5,0,0,0,0,1.71,1.19,0.52,0,0,0,0,0,0,0,0,4,0,0,0,0,0,,,,,,,,,,,,,1,county-alert,1,1,overhaul-warning,1,4,last-night,0,,100,0,0,0,0,0,100,870,0,0,100,870,0,0,400,0,0,0,0,0,0,0,0,0,,,8.7,,8.7,,0,,,
stored-night,5,tide-siege+sluice-jam,w0h-l0,legacy-cycle,100,0,0,9,,77.47,0,0,4,89.41,3,33.43,0,0,0,0,1.22,0.64,0.61,2.28,0,0,0,0,0,1,0,4,0,0,0,0,0,,,,,,,,,,,,,1,county-alert,1,1,overhaul-warning,1,4,last-night,0,,100,100,100,743,0,0,100,557,0,0,100,557,0,0,400,0,0,0,0,0,0,0,0,1,7.43,,5.57,,5.57,,0,,,
stored-night,5,tide-siege+sluice-jam,w0h-l0,greedy,100,66,0.66,8.17,0.8603,40.529,0,1.1,2,46.36,2.9,0.54,0.91,0.2,0.75,0.01,1.67,1.47,0.2,1.66,0,0.93,0,0.17,0,0.03,0,2.58,0,0,0,0,0,,,,,,,,,,,,,1.17,county-alert,1,1,overhaul-warning,1,4,last-night,0.17,8.706,100,3,3,25,2,16,100,124,66,76,34,48,0,0,258,75,0,0,0,0,0,0,0,0.03,8.3333,8,1.24,1.1515,1.4118,,0.2907,,,
stored-night,5,tide-siege+sluice-jam,w0h-l0,planner,100,63,0.63,8.27,0.8713,63.486,0,0.95,2.2,51.18,2.8,1,0.97,0.12,0.63,0.08,1.56,1.37,0.21,2.02,0,0.8,0,0.15,0,0.02,0,2.69,0,0,0,0,0,,,,,,,,,,,,,1.12,county-alert,1,1,overhaul-warning,1,4,last-night,0.12,8.583,100,2,2,15,2,15,100,359,63,73,37,286,0,0,269,63,0,0,0,0,0,0,0,0.02,7.5,7.5,3.59,1.1587,7.7297,,0.2342,,,
stored-night,5,tide-siege+sluice-jam,w0h-l0,forecast-aware,100,23,0.23,8.77,0.8889,44.403,0,1.21,2.65,67.42,2.24,1.42,2.51,0,0.91,0.69,1.67,1.35,0.42,2.56,0,0.83,0.06,0.32,0,0.02,0,3.25,0,0,0,0,0,,,,,,,,,,,,,1.35,county-alert,1,1,overhaul-warning,1,4,last-night,0.35,8.8,100,2,2,18,0,0,100,199,23,38,77,161,0,0,325,91,0,0,0,0,0,0,0,0.02,9,,1.99,1.6522,2.0909,,0.28,,,
stored-night,5,tide-siege+sluice-jam,w0h-l0,planner-one-mistake,100,15,0.15,8.92,0.9407,61.565,0,0.39,2.78,67.33,2.99,14.16,1.2,0.35,1.01,0.01,1.89,1.71,0.25,1.3,0,0.28,0,0.11,0,0,0,3.68,0,0,0,0,0,63,100,63,15,0,9,91,0.2381,1,12.53,1.5,0,1.06,county-alert,1,1,overhaul-warning,1,4,last-night,0.06,9,100,0,0,0,0,0,100,647,15,13,85,634,0,0,368,101,0,0,0,0,0,0,0,0,,,6.47,0.8667,7.4588,,0.2745,,,
stored-night,5,tide-siege+sluice-jam,w0h+l0,random,100,0,0,9,,82.69,0,0.02,3.71,67.09,2.8,19.46,0.55,1.39,0.29,0.2,0.98,0.71,0.39,1.15,0,0.01,0,0.01,0,0,0,3.99,0,0,0,0,0,,,,,,,,,,,,,1,county-alert,1,1,overhaul-warning,1,4,last-night,0,,100,0,0,0,0,0,100,614,0,0,100,614,0,0,399,29,0,0,0,0,0,0,0,0,,,6.14,,6.14,,0.0727,,,
stored-night,5,tide-siege+sluice-jam,w0h+l0,single-water,100,0,0,9,,91.99,0,0,4,61.14,3,11.5,0,0,0,0,1.71,1.19,0.52,0,0,0,0,0,0,0,0,4,0,0,0,0,0,,,,,,,,,,,,,1,county-alert,1,1,overhaul-warning,1,4,last-night,0,,100,0,0,0,0,0,100,870,0,0,100,870,0,0,400,0,0,0,0,0,0,0,0,0,,,8.7,,8.7,,0,,,
stored-night,5,tide-siege+sluice-jam,w0h+l0,legacy-cycle,100,0,0,9,,77.31,0,0,4,89.43,3,33.43,0,0,0,0,1.22,0.64,0.61,2.28,0,0,0,0,0,1,0,4,0,0,0,0,0,,,,,,,,,,,,,1,county-alert,1,1,overhaul-warning,1,4,last-night,0,,100,100,100,743,0,0,100,557,0,0,100,557,0,0,400,0,0,0,0,0,0,0,0,1,7.43,,5.57,,5.57,,0,,,
stored-night,5,tide-siege+sluice-jam,w0h+l0,greedy,100,66,0.66,8.15,0.8569,39.647,0,1.1,2,46.4,2.89,0.79,0.88,0.22,0.73,0.01,1.67,1.48,0.19,1.68,0,0.93,0,0.17,0,0.04,0,2.57,0,0,0,0,0,,,,,,,,,,,,,1.16,county-alert,1,1,overhaul-warning,1,4,last-night,0.16,8.563,100,4,4,32,3,23,100,122,66,73,34,49,0,0,257,73,0,0,0,0,0,0,0,0.04,8,7.6667,1.22,1.1061,1.4412,,0.284,,,
stored-night,5,tide-siege+sluice-jam,w0h+l0,planner,100,63,0.63,8.26,0.8695,62.73,0,0.95,2.2,51.18,2.8,1,0.97,0.12,0.64,0.08,1.54,1.36,0.2,2,0,0.8,0,0.15,0,0.02,0,2.7,0,0,0,0,0,,,,,,,,,,,,,1.12,county-alert,1,1,overhaul-warning,1,4,last-night,0.12,8.583,100,2,2,15,2,15,100,355,63,71,37,284,0,0,270,64,0,0,0,0,0,0,0,0.02,7.5,7.5,3.55,1.127,7.6757,,0.237,,,
stored-night,5,tide-siege+sluice-jam,w0h+l0,forecast-aware,100,24,0.24,8.74,0.8796,44.237,0,1.22,2.62,66.66,2.24,1.42,2.51,0,0.9,0.69,1.65,1.33,0.42,2.55,0,0.84,0.06,0.32,0,0.02,0,3.21,0,0,0,0,0,,,,,,,,,,,,,1.35,county-alert,1,1,overhaul-warning,1,4,last-night,0.35,8.857,100,2,2,18,0,0,100,207,24,39,76,168,0,0,321,90,0,0,0,0,0,0,0,0.02,9,,2.07,1.625,2.2105,,0.2804,,,
stored-night,5,tide-siege+sluice-jam,w0h+l0,planner-one-mistake,100,17,0.17,8.92,0.9477,61.458,0,0.38,2.78,67.09,2.99,14.18,1.19,0.35,1,0.01,1.9,1.72,0.25,1.29,0,0.28,0,0.1,0,0.01,0,3.68,0,0,0,0,0,63,100,63,16,0,9,91,0.254,1,12.61,1.5,0,1.07,county-alert,1,1,overhaul-warning,1,4,last-night,0.07,9,100,1,1,9,1,9,100,637,17,18,83,619,0,0,368,100,0,0,0,0,0,0,0,0.01,9,9,6.37,1.0588,7.4578,,0.2717,,,
stored-night,5,tide-siege+sluice-jam,w0h0l-,random,100,0,0,9,,82.86,0,0.02,3.71,66.9,2.8,19.41,0.55,1.39,0.29,0.2,0.98,0.71,0.39,1.15,0,0.01,0,0.01,0,0,0,3.99,0,0,0,0,0,,,,,,,,,,,,,1,county-alert,1,1,overhaul-warning,1,4,last-night,0,,100,0,0,0,0,0,100,614,0,0,100,614,0,0,399,29,0,0,0,0,0,0,0,0,,,6.14,,6.14,,0.0727,,,
stored-night,5,tide-siege+sluice-jam,w0h0l-,single-water,100,0,0,9,,91.99,0,0,4,61.14,3,11.5,0,0,0,0,1.71,1.19,0.52,0,0,0,0,0,0,0,0,4,0,0,0,0,0,,,,,,,,,,,,,1,county-alert,1,1,overhaul-warning,1,4,last-night,0,,100,0,0,0,0,0,100,870,0,0,100,870,0,0,400,0,0,0,0,0,0,0,0,0,,,8.7,,8.7,,0,,,
stored-night,5,tide-siege+sluice-jam,w0h0l-,legacy-cycle,100,0,0,9,,77.31,0,0,4,89.43,3,33.43,0,0,0,0,1.22,0.64,0.61,2.28,0,0,0,0,0,1,0,4,0,0,0,0,0,,,,,,,,,,,,,1,county-alert,1,1,overhaul-warning,1,4,last-night,0,,100,100,100,743,0,0,100,557,0,0,100,557,0,0,400,0,0,0,0,0,0,0,0,1,7.43,,5.57,,5.57,,0,,,
stored-night,5,tide-siege+sluice-jam,w0h0l-,greedy,100,63,0.63,8.19,0.8571,37.784,0,1.07,2.01,46.58,2.9,0.55,0.91,0.23,0.76,0.01,1.65,1.45,0.2,1.79,0,0.91,0,0.16,0,0.03,0,2.62,0,0,0,0,0,,,,,,,,,,,,,1.15,county-alert,1,1,overhaul-warning,1,4,last-night,0.15,8.667,100,3,3,24,2,15,100,132,63,72,37,60,0,0,262,76,0,0,0,0,0,0,0,0.03,8,7.5,1.32,1.1429,1.6216,,0.2901,,,
stored-night,5,tide-siege+sluice-jam,w0h0l-,planner,100,63,0.63,8.31,0.8783,62,0,0.93,2.19,50.66,2.82,1.07,1.02,0.13,0.65,0.08,1.55,1.38,0.2,2.07,0,0.79,0.01,0.13,0,0.02,0,2.73,0,0,0,0,0,,,,,,,,,,,,,1.12,county-alert,1,1,overhaul-warning,1,4,last-night,0.12,8.75,100,2,2,15,2,15,100,357,63,74,37,283,0,0,273,65,0,0,0,0,0,0,0,0.02,7.5,7.5,3.57,1.1746,7.6486,,0.2381,,,
stored-night,5,tide-siege+sluice-jam,w0h0l-,forecast-aware,100,23,0.23,8.77,0.8889,43.935,0,1.19,2.65,67.3,2.24,1.41,2.51,0,0.91,0.69,1.67,1.35,0.42,2.56,0,0.82,0.06,0.31,0,0.02,0,3.26,0,0,0,0,0,,,,,,,,,,,,,1.34,county-alert,1,1,overhaul-warning,1,4,last-night,0.34,8.794,100,2,2,18,0,0,100,199,23,38,77,161,0,0,326,91,0,0,0,0,0,0,0,0.02,9,,1.99,1.6522,2.0909,,0.2791,,,
stored-night,5,tide-siege+sluice-jam,w0h0l-,planner-one-mistake,100,13,0.13,8.93,0.9402,61.586,0,0.38,2.81,68.17,2.99,14.39,1.19,0.34,1,0.01,1.89,1.7,0.26,1.3,0,0.27,0,0.11,0,0,0,3.7,0,0,0,0,0,63,100,63,13,0,9,91,0.2063,1,12.59,1.5,0,1.07,county-alert,1,1,overhaul-warning,1,4,last-night,0.07,9,100,0,0,0,0,0,100,658,13,12,87,646,0,0,370,100,0,0,0,0,0,0,0,0,,,6.58,0.9231,7.4253,,0.2703,,,
stored-night,5,tide-siege+sluice-jam,w0h0l+,random,100,0,0,9,,82.72,0,0.02,3.71,67.08,2.8,19.47,0.55,1.39,0.29,0.2,0.98,0.71,0.39,1.15,0,0.01,0,0.01,0,0,0,3.99,0,0,0,0,0,,,,,,,,,,,,,1,county-alert,1,1,overhaul-warning,1,4,last-night,0,,100,0,0,0,0,0,100,614,0,0,100,614,0,0,399,29,0,0,0,0,0,0,0,0,,,6.14,,6.14,,0.0727,,,
stored-night,5,tide-siege+sluice-jam,w0h0l+,single-water,100,0,0,9,,91.99,0,0,4,61.14,3,11.5,0,0,0,0,1.71,1.19,0.52,0,0,0,0,0,0,0,0,4,0,0,0,0,0,,,,,,,,,,,,,1,county-alert,1,1,overhaul-warning,1,4,last-night,0,,100,0,0,0,0,0,100,870,0,0,100,870,0,0,400,0,0,0,0,0,0,0,0,0,,,8.7,,8.7,,0,,,
stored-night,5,tide-siege+sluice-jam,w0h0l+,legacy-cycle,100,0,0,9,,77.31,0,0,4,89.43,3,33.43,0,0,0,0,1.22,0.64,0.61,2.28,0,0,0,0,0,1,0,4,0,0,0,0,0,,,,,,,,,,,,,1,county-alert,1,1,overhaul-warning,1,4,last-night,0,,100,100,100,743,0,0,100,557,0,0,100,557,0,0,400,0,0,0,0,0,0,0,0,1,7.43,,5.57,,5.57,,0,,,
stored-night,5,tide-siege+sluice-jam,w0h0l+,greedy,100,66,0.66,8.15,0.8569,39.559,0,1.1,2,46.4,2.89,0.79,0.88,0.22,0.73,0.01,1.67,1.48,0.19,1.68,0,0.93,0,0.17,0,0.04,0,2.57,0,0,0,0,0,,,,,,,,,,,,,1.16,county-alert,1,1,overhaul-warning,1,4,last-night,0.16,8.563,100,4,4,32,3,23,100,122,66,73,34,49,0,0,257,73,0,0,0,0,0,0,0,0.04,8,7.6667,1.22,1.1061,1.4412,,0.284,,,
stored-night,5,tide-siege+sluice-jam,w0h0l+,planner,100,63,0.63,8.26,0.8695,62.703,0,0.95,2.2,51.18,2.8,1,0.96,0.12,0.63,0.08,1.54,1.36,0.2,2,0,0.8,0,0.15,0,0.02,0,2.69,0,0,0,0,0,,,,,,,,,,,,,1.12,county-alert,1,1,overhaul-warning,1,4,last-night,0.12,8.583,100,2,2,15,2,15,100,359,63,75,37,284,0,0,269,63,0,0,0,0,0,0,0,0.02,7.5,7.5,3.59,1.1905,7.6757,,0.2342,,,
stored-night,5,tide-siege+sluice-jam,w0h0l+,forecast-aware,100,24,0.24,8.74,0.8796,44.158,0,1.22,2.62,66.66,2.24,1.42,2.51,0,0.9,0.69,1.65,1.33,0.42,2.55,0,0.84,0.06,0.32,0,0.02,0,3.21,0,0,0,0,0,,,,,,,,,,,,,1.35,county-alert,1,1,overhaul-warning,1,4,last-night,0.35,8.857,100,2,2,18,0,0,100,207,24,39,76,168,0,0,321,90,0,0,0,0,0,0,0,0.02,9,,2.07,1.625,2.2105,,0.2804,,,
stored-night,5,tide-siege+sluice-jam,w0h0l+,planner-one-mistake,100,17,0.17,8.92,0.9477,61.398,0,0.39,2.78,67.09,2.99,14.19,1.19,0.35,1,0.01,1.9,1.72,0.25,1.29,0,0.29,0,0.1,0,0.01,0,3.68,0,0,0,0,0,63,100,63,16,0,9,91,0.254,1,12.61,1.5,0,1.07,county-alert,1,1,overhaul-warning,1,4,last-night,0.07,9,100,1,1,9,1,9,100,637,17,18,83,619,0,0,368,100,0,0,0,0,0,0,0,0.01,9,9,6.37,1.0588,7.4578,,0.2717,,,
stored-night,5,smoke-screen+hollow-ground,w0h0l0,random,100,0,0,9,,84.88,0,0,3.73,67.93,2.87,19.36,0.43,1.36,0.27,0.13,0.91,0.69,0.34,1.07,0,0,0,0,0,0.03,0,4,0,0,0,0,0,,,,,,,,,,,,,1,county-alert,1,1,overhaul-warning,1,4,last-night,0,,100,3,3,26,0,0,100,646,0,0,100,646,0,0,400,27,0,0,0,0,0,0,0,0.03,8.6667,,6.46,,6.46,,0.0675,,,
stored-night,5,smoke-screen+hollow-ground,w0h0l0,single-water,100,0,0,9,,85.29,0,0,4,81.94,3,14.95,0,0,0,0,2,1.94,0.06,0,0,0,0,0,0,0,0,4,0,0,0,0,0,,,,,,,,,,,,,1,county-alert,1,1,overhaul-warning,1,4,last-night,0,,100,0,0,0,0,0,100,676,0,0,100,676,0,0,400,0,0,0,0,0,0,0,0,0,,,6.76,,6.76,,0,,,
stored-night,5,smoke-screen+hollow-ground,w0h0l0,legacy-cycle,100,0,0,9,,76.64,0,0,4,83.43,3,34.44,0,0,0,0,0.54,0.12,0.42,2.2,0,0,0,0,0,0.96,0,4,0,0,0,0,0,,,,,,,,,,,,,1,county-alert,1,1,overhaul-warning,1,4,last-night,0,,100,96,96,744,0,0,100,540,0,0,100,540,0,0,400,0,0,0,0,0,0,0,0,0.96,7.75,,5.4,,5.4,,0,,,
stored-night,5,smoke-screen+hollow-ground,w0h0l0,greedy,100,70,0.7,8.33,0.8937,44.9,0,1.04,2.01,45.7,2.71,1.94,0.99,0.25,0.77,0.18,1.72,1.47,0.26,1.75,0,0.9,0,0.14,0,0.01,0,2.64,0,0,0,0,0,,,,,,,,,,,,,1.14,county-alert,1,1,overhaul-warning,1,4,last-night,0.14,8.143,100,1,1,7,1,7,100,144,70,99,30,45,0,0,264,77,0,0,0,0,0,0,0,0.01,7,7,1.44,1.4143,1.5,,0.2917,,,
stored-night,5,smoke-screen+hollow-ground,w0h0l0,planner,100,63,0.63,8.39,0.8924,66.865,0,0.97,2.3,53.74,2.58,2.09,1.04,0.28,0.68,0.3,1.75,1.57,0.2,1.6,0,0.8,0,0.17,0,0.04,0,2.82,0,0,0,0,0,,,,,,,,,,,,,1.15,county-alert,1,1,overhaul-warning,1,4,last-night,0.15,8,100,4,4,32,4,32,100,327,63,63,37,264,0,0,282,68,0,0,0,0,0,0,0,0.04,8,8,3.27,1,7.1351,,0.2411,,,
stored-night,5,smoke-screen+hollow-ground,w0h0l0,forecast-aware,100,30,0.3,8.75,0.9074,40.8,0,1.09,2.39,59.04,1.95,1.09,2.64,0,1.1,0.99,1.52,1.25,0.34,2.24,0,0.79,0.06,0.24,0,0,0,3.26,0,0,0,0,0,,,,,,,,,,,,,1.2,county-alert,1,1,overhaul-warning,1,4,last-night,0.2,8.75,100,0,0,0,0,0,100,170,30,32,70,138,0,0,326,110,0,0,0,0,0,0,0,0,,,1.7,1.0667,1.9714,,0.3374,,,
stored-night,5,smoke-screen+hollow-ground,w0h0l0,planner-one-mistake,100,25,0.25,8.88,0.9467,63.773,0,0.62,2.77,67.9,2.99,11.61,0.92,0.35,0.87,0.01,1.88,1.68,0.2,1.36,0,0.45,0,0.17,0,0,0,3.47,0,0,0,0,0,63,100,63,15,0,28,72,0.2381,1,12.02,3,0,1.1,county-alert,1,1,overhaul-warning,1,4,last-night,0.1,9,100,0,0,0,0,0,100,595,25,26,75,569,0,0,347,87,0,0,0,0,0,0,0,0,,,5.95,1.04,7.5867,,0.2507,,,
stored-night,5,smoke-screen+hollow-ground,w-h-l-,random,100,0,0,9,,85.15,0,0,3.73,67.03,2.87,19.26,0.43,1.36,0.27,0.13,0.91,0.69,0.34,1.07,0,0,0,0,0,0.03,0,4,0,0,0,0,0,,,,,,,,,,,,,1,county-alert,1,1,overhaul-warning,1,4,last-night,0,,100,3,3,26,0,0,100,646,0,0,100,646,0,0,400,27,0,0,0,0,0,0,0,0.03,8.6667,,6.46,,6.46,,0.0675,,,
stored-night,5,smoke-screen+hollow-ground,w-h-l-,single-water,100,0,0,9,,85.54,0,0,4,81.27,3,14.95,0,0,0,0,2,1.94,0.06,0,0,0,0,0,0,0,0,4,0,0,0,0,0,,,,,,,,,,,,,1,county-alert,1,1,overhaul-warning,1,4,last-night,0,,100,0,0,0,0,0,100,676,0,0,100,676,0,0,400,0,0,0,0,0,0,0,0,0,,,6.76,,6.76,,0,,,
stored-night,5,smoke-screen+hollow-ground,w-h-l-,legacy-cycle,100,0,0,9,,77.86,0,0,4,82.74,3,34.44,0,0,0,0,0.54,0.12,0.42,2.2,0,0,0,0,0,0.96,0,4,0,0,0,0,0,,,,,,,,,,,,,1,county-alert,1,1,overhaul-warning,1,4,last-night,0,,100,96,96,744,0,0,100,540,0,0,100,540,0,0,400,0,0,0,0,0,0,0,0,0.96,7.75,,5.4,,5.4,,0,,,
stored-night,5,smoke-screen+hollow-ground,w-h-l-,greedy,100,64,0.64,8.35,0.8872,46.083,0,1.08,2.1,49.14,2.72,1.49,0.99,0.24,0.77,0.19,1.71,1.43,0.29,1.95,0,0.9,0,0.18,0,0.01,0,2.69,0,0,0,0,0,,,,,,,,,,,,,1.18,county-alert,1,1,overhaul-warning,1,4,last-night,0.18,8.444,100,1,1,7,0,0,100,129,64,76,36,53,0,0,269,77,0,0,0,0,0,0,0,0.01,7,,1.29,1.1875,1.4722,,0.2862,,,
stored-night,5,smoke-screen+hollow-ground,w-h-l-,planner,100,60,0.6,8.39,0.887,67.825,0,0.96,2.33,55.12,2.54,1.61,1.02,0.3,0.69,0.3,1.79,1.59,0.22,1.76,0,0.78,0,0.18,0,0.04,0,2.85,0,0,0,0,0,,,,,,,,,,,,,1.15,county-alert,1,1,overhaul-warning,1,4,last-night,0.15,8.067,100,4,4,33,4,33,100,354,60,66,40,288,0,0,285,69,0,0,0,0,0,0,0,0.04,8.25,8.25,3.54,1.1,7.2,,0.2421,,,
stored-night,5,smoke-screen+hollow-ground,w-h-l-,forecast-aware,100,27,0.27,8.8,0.9177,41.877,0,1.03,2.45,60.84,1.95,0.84,2.63,0,1.14,0.99,1.51,1.23,0.32,2.31,0,0.75,0.04,0.24,0,0,0,3.36,0,0,0,0,0,,,,,,,,,,,,,1.18,county-alert,1,1,overhaul-warning,1,4,last-night,0.18,8.611,100,0,0,0,0,0,100,171,27,21,73,150,0,0,336,114,0,0,0,0,0,0,0,0,,,1.71,0.7778,2.0548,,0.3393,,,
stored-night,5,smoke-screen+hollow-ground,w-h-l-,planner-one-mistake,100,23,0.23,8.9,0.9517,65.519,0,0.63,2.8,69.07,2.99,11.8,0.92,0.35,0.88,0.01,1.9,1.7,0.21,1.3,0,0.44,0,0.19,0,0,0,3.49,0,0,0,0,0,60,100,60,12,0,29,71,0.2,1,11.76,1,0,1.1,county-alert,1,1,overhaul-warning,1,4,last-night,0.1,9,100,0,0,0,0,0,100,604,23,23,77,581,0,0,349,88,0,0,0,0,0,0,0,0,,,6.04,1,7.5455,,0.2521,,,
stored-night,5,smoke-screen+hollow-ground,w+h+l+,random,100,0,0,9,,84.83,0,0,3.73,68.02,2.87,19.45,0.43,1.36,0.27,0.13,0.91,0.69,0.34,1.07,0,0,0,0,0,0.03,0,4,0,0,0,0,0,,,,,,,,,,,,,1,county-alert,1,1,overhaul-warning,1,4,last-night,0,,100,3,3,26,0,0,100,646,0,0,100,646,0,0,400,27,0,0,0,0,0,0,0,0.03,8.6667,,6.46,,6.46,,0.0675,,,
stored-night,5,smoke-screen+hollow-ground,w+h+l+,single-water,100,0,0,9,,85.25,0,0,4,82.11,3,14.95,0,0,0,0,2,1.94,0.06,0,0,0,0,0,0,0,0,4,0,0,0,0,0,,,,,,,,,,,,,1,county-alert,1,1,overhaul-warning,1,4,last-night,0,,100,0,0,0,0,0,100,676,0,0,100,676,0,0,400,0,0,0,0,0,0,0,0,0,,,6.76,,6.76,,0,,,
stored-night,5,smoke-screen+hollow-ground,w+h+l+,legacy-cycle,100,0,0,9,,76.62,0,0,4,83.43,3,34.44,0,0,0,0,0.54,0.12,0.42,2.2,0,0,0,0,0,0.96,0,4,0,0,0,0,0,,,,,,,,,,,,,1,county-alert,1,1,overhaul-warning,1,4,last-night,0,,100,96,96,744,0,0,100,540,0,0,100,540,0,0,400,0,0,0,0,0,0,0,0,0.96,7.75,,5.4,,5.4,,0,,,
stored-night,5,smoke-screen+hollow-ground,w+h+l+,greedy,100,72,0.72,8.31,0.8935,43.679,0,1.04,1.98,44.5,2.71,1.94,0.98,0.27,0.76,0.18,1.75,1.48,0.28,1.82,0,0.92,0,0.12,0,0.01,0,2.62,0,0,0,0,0,,,,,,,,,,,,,1.12,county-alert,1,1,overhaul-warning,1,4,last-night,0.12,8,100,1,1,7,1,7,100,141,72,99,28,42,0,0,262,76,0,0,0,0,0,0,0,0.01,7,7,1.41,1.375,1.5,,0.2901,,,
stored-night,5,smoke-screen+hollow-ground,w+h+l+,planner,100,63,0.63,8.39,0.8924,66.865,0,0.99,2.31,54.18,2.56,2.09,1.03,0.28,0.67,0.3,1.77,1.59,0.2,1.59,0,0.81,0,0.18,0,0.04,0,2.81,0,0,0,0,0,,,,,,,,,,,,,1.16,county-alert,1,1,overhaul-warning,1,4,last-night,0.16,8,100,4,4,32,4,32,100,328,63,64,37,264,0,0,281,67,0,0,0,0,0,0,0,0.04,8,8,3.28,1.0159,7.1351,,0.2384,,,
stored-night,5,smoke-screen+hollow-ground,w+h+l+,forecast-aware,100,30,0.3,8.75,0.9074,41.8,0,1.12,2.4,59.64,1.95,1.4,2.65,0,1.09,0.99,1.51,1.24,0.36,2.25,0,0.8,0.06,0.26,0,0,0,3.25,0,0,0,0,0,,,,,,,,,,,,,1.24,county-alert,1,1,overhaul-warning,1,4,last-night,0.24,8.792,100,0,0,0,0,0,100,172,30,34,70,138,0,0,325,109,0,0,0,0,0,0,0,0,,,1.72,1.1333,1.9714,,0.3354,,,
stored-night,5,smoke-screen+hollow-ground,w+h+l+,planner-one-mistake,100,25,0.25,8.87,0.9422,63.72,0,0.62,2.78,68.18,2.99,11.69,0.89,0.35,0.85,0.01,1.9,1.72,0.18,1.32,0,0.45,0,0.17,0,0,0,3.46,0,0,0,0,0,63,100,63,14,0,28,72,0.2222,1,12.1025,3,0,1.11,county-alert,1,1,overhaul-warning,1,4,last-night,0.11,9,100,0,0,0,0,0,100,593,25,24,75,569,0,0,346,85,0,0,0,0,0,0,0,0,,,5.93,0.96,7.5867,,0.2457,,,
stored-night,5,smoke-screen+hollow-ground,w-h0l0,random,100,0,0,9,,84.96,0,0,3.73,67.65,2.87,19.36,0.43,1.36,0.27,0.13,0.91,0.69,0.34,1.07,0,0,0,0,0,0.03,0,4,0,0,0,0,0,,,,,,,,,,,,,1,county-alert,1,1,overhaul-warning,1,4,last-night,0,,100,3,3,26,0,0,100,646,0,0,100,646,0,0,400,27,0,0,0,0,0,0,0,0.03,8.6667,,6.46,,6.46,,0.0675,,,
stored-night,5,smoke-screen+hollow-ground,w-h0l0,single-water,100,0,0,9,,85.54,0,0,4,81.27,3,14.95,0,0,0,0,2,1.94,0.06,0,0,0,0,0,0,0,0,4,0,0,0,0,0,,,,,,,,,,,,,1,county-alert,1,1,overhaul-warning,1,4,last-night,0,,100,0,0,0,0,0,100,676,0,0,100,676,0,0,400,0,0,0,0,0,0,0,0,0,,,6.76,,6.76,,0,,,
stored-night,5,smoke-screen+hollow-ground,w-h0l0,legacy-cycle,100,0,0,9,,77.29,0,0,4,82.87,3,34.44,0,0,0,0,0.54,0.12,0.42,2.2,0,0,0,0,0,0.96,0,4,0,0,0,0,0,,,,,,,,,,,,,1,county-alert,1,1,overhaul-warning,1,4,last-night,0,,100,96,96,744,0,0,100,540,0,0,100,540,0,0,400,0,0,0,0,0,0,0,0,0.96,7.75,,5.4,,5.4,,0,,,
stored-night,5,smoke-screen+hollow-ground,w-h0l0,greedy,100,68,0.68,8.35,0.8938,45.688,0,1.04,2.05,47.02,2.71,1.94,0.99,0.26,0.77,0.18,1.73,1.48,0.26,1.75,0,0.89,0,0.15,0,0.01,0,2.67,0,0,0,0,0,,,,,,,,,,,,,1.15,county-alert,1,1,overhaul-warning,1,4,last-night,0.15,8.2,100,1,1,7,1,7,100,148,68,98,32,50,0,0,267,77,0,0,0,0,0,0,0,0.01,7,7,1.48,1.4412,1.5625,,0.2884,,,
stored-night,5,smoke-screen+hollow-ground,w-h0l0,planner,100,61,0.61,8.39,0.8889,67.128,0,0.97,2.33,54.82,2.58,2.09,1.01,0.3,0.67,0.3,1.75,1.56,0.21,1.6,0,0.79,0,0.18,0,0.04,0,2.83,0,0,0,0,0,,,,,,,,,,,,,1.15,county-alert,1,1,overhaul-warning,1,4,last-night,0.15,8,100,4,4,32,4,32,100,338,61,58,39,280,0,0,283,67,0,0,0,0,0,0,0,0.04,8,8,3.38,0.9508,7.1795,,0.2367,,,
stored-night,5,smoke-screen+hollow-ground,w-h0l0,forecast-aware,100,29,0.29,8.75,0.9042,40.803,0,1.09,2.4,59.36,1.95,1.09,2.64,0,1.1,0.99,1.52,1.25,0.34,2.24,0,0.79,0.06,0.24,0,0,0,3.27,0,0,0,0,0,,,,,,,,,,,,,1.2,county-alert,1,1,overhaul-warning,1,4,last-night,0.2,8.75,100,0,0,0,0,0,100,170,29,31,71,139,0,0,327,110,0,0,0,0,0,0,0,0,,,1.7,1.069,1.9577,,0.3364,,,
stored-night,5,smoke-screen+hollow-ground,w-h0l0,planner-one-mistake,100,24,0.24,8.88,0.9444,64.303,0,0.63,2.78,68.38,2.99,11.61,0.92,0.37,0.87,0.01,1.88,1.67,0.21,1.34,0,0.45,0,0.18,0,0,0,3.47,0,0,0,0,0,61,100,61,13,0,28,72,0.2131,1,12.02,3,0,1.1,county-alert,1,1,overhaul-warning,1,4,last-night,0.1,9,100,0,0,0,0,0,100,602,24,24,76,578,0,0,347,87,0,0,0,0,0,0,0,0,,,6.02,1,7.6053,,0.2507,,,
stored-night,5,smoke-screen+hollow-ground,w+h0l0,random,100,0,0,9,,84.85,0,0,3.73,67.99,2.87,19.44,0.43,1.36,0.27,0.13,0.91,0.69,0.34,1.07,0,0,0,0,0,0.03,0,4,0,0,0,0,0,,,,,,,,,,,,,1,county-alert,1,1,overhaul-warning,1,4,last-night,0,,100,3,3,26,0,0,100,646,0,0,100,646,0,0,400,27,0,0,0,0,0,0,0,0.03,8.6667,,6.46,,6.46,,0.0675,,,
stored-night,5,smoke-screen+hollow-ground,w+h0l0,single-water,100,0,0,9,,85.25,0,0,4,82.11,3,14.95,0,0,0,0,2,1.94,0.06,0,0,0,0,0,0,0,0,4,0,0,0,0,0,,,,,,,,,,,,,1,county-alert,1,1,overhaul-warning,1,4,last-night,0,,100,0,0,0,0,0,100,676,0,0,100,676,0,0,400,0,0,0,0,0,0,0,0,0,,,6.76,,6.76,,0,,,
stored-night,5,smoke-screen+hollow-ground,w+h0l0,legacy-cycle,100,0,0,9,,76.64,0,0,4,83.43,3,34.44,0,0,0,0,0.54,0.12,0.42,2.2,0,0,0,0,0,0.96,0,4,0,0,0,0,0,,,,,,,,,,,,,1,county-alert,1,1,overhaul-warning,1,4,last-night,0,,100,96,96,744,0,0,100,540,0,0,100,540,0,0,400,0,0,0,0,0,0,0,0,0.96,7.75,,5.4,,5.4,,0,,,
stored-night,5,smoke-screen+hollow-ground,w+h0l0,greedy,100,72,0.72,8.31,0.8935,43.75,0,1.03,1.98,44.5,2.71,1.94,0.98,0.27,0.76,0.18,1.75,1.48,0.28,1.82,0,0.91,0,0.12,0,0.01,0,2.62,0,0,0,0,0,,,,,,,,,,,,,1.12,county-alert,1,1,overhaul-warning,1,4,last-night,0.12,8,100,1,1,7,1,7,100,141,72,99,28,42,0,0,262,76,0,0,0,0,0,0,0,0.01,7,7,1.41,1.375,1.5,,0.2901,,,
stored-night,5,smoke-screen+hollow-ground,w+h0l0,planner,100,63,0.63,8.39,0.8924,66.946,0,0.99,2.31,54.18,2.56,2.09,1.02,0.28,0.67,0.3,1.77,1.59,0.2,1.59,0,0.81,0,0.18,0,0.04,0,2.81,0,0,0,0,0,,,,,,,,,,,,,1.16,county-alert,1,1,overhaul-warning,1,4,last-night,0.16,8,100,4,4,32,4,32,100,329,63,65,37,264,0,0,281,67,0,0,0,0,0,0,0,0.04,8,8,3.29,1.0317,7.1351,,0.2384,,,
stored-night,5,smoke-screen+hollow-ground,w+h0l0,forecast-aware,100,31,0.31,8.75,0.9104,40.754,0,1.1,2.38,58.8,1.95,1.09,2.64,0,1.1,0.99,1.52,1.25,0.34,2.24,0,0.8,0.06,0.24,0,0,0,3.26,0,0,0,0,0,,,,,,,,,,,,,1.2,county-alert,1,1,overhaul-warning,1,4,last-night,0.2,8.75,100,0,0,0,0,0,100,170,31,34,69,136,0,0,326,110,0,0,0,0,0,0,0,0,,,1.7,1.0968,1.971,,0.3374,,,
stored-night,5,smoke-screen+hollow-ground,w+h0l0,planner-one-mistake,100,25,0.25,8.87,0.9422,63.827,0,0.62,2.78,68.18,2.99,11.69,0.89,0.35,0.85,0.01,1.9,1.72,0.18,1.32,0,0.45,0,0.17,0,0,0,3.46,0,0,0,0,0,63,100,63,14,0,28,72,0.2222,1,12.1025,3,0,1.11,county-alert,1,1,overhaul-warning,1,4,last-night,0.11,9,100,0,0,0,0,0,100,593,25,24,75,569,0,0,346,85,0,0,0,0,0,0,0,0,,,5.93,0.96,7.5867,,0.2457,,,
stored-night,5,smoke-screen+hollow-ground,w0h-l0,random,100,0,0,9,,84.97,0,0,3.73,67.61,2.87,19.3,0.43,1.36,0.27,0.13,0.91,0.69,0.34,1.07,0,0,0,0,0,0.03,0,4,0,0,0,0,0,,,,,,,,,,,,,1,county-alert,1,1,overhaul-warning,1,4,last-night,0,,100,3,3,26,0,0,100,646,0,0,100,646,0,0,400,27,0,0,0,0,0,0,0,0.03,8.6667,,6.46,,6.46,,0.0675,,,
stored-night,5,smoke-screen+hollow-ground,w0h-l0,single-water,100,0,0,9,,85.29,0,0,4,81.94,3,14.95,0,0,0,0,2,1.94,0.06,0,0,0,0,0,0,0,0,4,0,0,0,0,0,,,,,,,,,,,,,1,county-alert,1,1,overhaul-warning,1,4,last-night,0,,100,0,0,0,0,0,100,676,0,0,100,676,0,0,400,0,0,0,0,0,0,0,0,0,,,6.76,,6.76,,0,,,
stored-night,5,smoke-screen+hollow-ground,w0h-l0,legacy-cycle,100,0,0,9,,76.89,0,0,4,83.33,3,34.44,0,0,0,0,0.54,0.12,0.42,2.2,0,0,0,0,0,0.96,0,4,0,0,0,0,0,,,,,,,,,,,,,1,county-alert,1,1,overhaul-warning,1,4,last-night,0,,100,96,96,744,0,0,100,540,0,0,100,540,0,0,400,0,0,0,0,0,0,0,0,0.96,7.75,,5.4,,5.4,,0,,,
stored-night,5,smoke-screen+hollow-ground,w0h-l0,greedy,100,68,0.68,8.34,0.8922,45.281,0,1.05,2.03,46.58,2.72,2.18,0.98,0.25,0.77,0.18,1.72,1.48,0.25,1.75,0,0.9,0,0.15,0,0.02,0,2.65,0,0,0,0,0,,,,,,,,,,,,,1.15,county-alert,1,1,overhaul-warning,1,4,last-night,0.15,8.333,100,2,2,15,2,15,100,130,68,80,32,50,0,0,265,77,0,0,0,0,0,0,0,0.02,7.5,7.5,1.3,1.1765,1.5625,,0.2906,,,
stored-night,5,smoke-screen+hollow-ground,w0h-l0,planner,100,62,0.62,8.39,0.8907,66.868,0,0.97,2.3,53.82,2.59,2.09,1.03,0.28,0.69,0.3,1.76,1.57,0.21,1.59,0,0.8,0,0.17,0,0.04,0,2.83,0,0,0,0,0,,,,,,,,,,,,,1.15,county-alert,1,1,overhaul-warning,1,4,last-night,0.15,8.133,100,4,4,32,4,32,100,333,62,60,38,273,0,0,283,69,0,0,0,0,0,0,0,0.04,8,8,3.33,0.9677,7.1842,,0.2438,,,
stored-night,5,smoke-screen+hollow-ground,w0h-l0,forecast-aware,100,30,0.3,8.78,0.9185,40.929,0,1.06,2.4,59.08,1.95,0.99,2.63,0,1.12,0.99,1.51,1.24,0.33,2.29,0,0.78,0.05,0.23,0,0,0,3.3,0,0,0,0,0,,,,,,,,,,,,,1.19,county-alert,1,1,overhaul-warning,1,4,last-night,0.19,8.632,100,0,0,0,0,0,100,172,30,27,70,145,0,0,330,112,0,0,0,0,0,0,0,0,,,1.72,0.9,2.0714,,0.3394,,,
stored-night,5,smoke-screen+hollow-ground,w0h-l0,planner-one-mistake,100,25,0.25,8.88,0.9467,64.107,0,0.62,2.77,67.9,2.99,11.61,0.93,0.34,0.87,0.01,1.87,1.69,0.18,1.38,0,0.45,0,0.17,0,0,0,3.47,0,0,0,0,0,62,100,62,14,0,28,72,0.2258,1,11.96,3,0,1.1,county-alert,1,1,overhaul-warning,1,4,last-night,0.1,9,100,0,0,0,0,0,100,595,25,26,75,569,0,0,347,87,0,0,0,0,0,0,0,0,,,5.95,1.04,7.5867,,0.2507,,,
stored-night,5,smoke-screen+hollow-ground,w0h+l0,random,100,0,0,9,,84.87,0,0,3.73,67.93,2.87,19.36,0.43,1.36,0.27,0.13,0.91,0.69,0.34,1.07,0,0,0,0,0,0.03,0,4,0,0,0,0,0,,,,,,,,,,,,,1,county-alert,1,1,overhaul-warning,1,4,last-night,0,,100,3,3,26,0,0,100,646,0,0,100,646,0,0,400,27,0,0,0,0,0,0,0,0.03,8.6667,,6.46,,6.46,,0.0675,,,
stored-night,5,smoke-screen+hollow-ground,w0h+l0,single-water,100,0,0,9,,85.29,0,0,4,81.94,3,14.95,0,0,0,0,2,1.94,0.06,0,0,0,0,0,0,0,0,4,0,0,0,0,0,,,,,,,,,,,,,1,county-alert,1,1,overhaul-warning,1,4,last-night,0,,100,0,0,0,0,0,100,676,0,0,100,676,0,0,400,0,0,0,0,0,0,0,0,0,,,6.76,,6.76,,0,,,
stored-night,5,smoke-screen+hollow-ground,w0h+l0,legacy-cycle,100,0,0,9,,76.64,0,0,4,83.43,3,34.44,0,0,0,0,0.54,0.12,0.42,2.2,0,0,0,0,0,0.96,0,4,0,0,0,0,0,,,,,,,,,,,,,1,county-alert,1,1,overhaul-warning,1,4,last-night,0,,100,96,96,744,0,0,100,540,0,0,100,540,0,0,400,0,0,0,0,0,0,0,0,0.96,7.75,,5.4,,5.4,,0,,,
stored-night,5,smoke-screen+hollow-ground,w0h+l0,greedy,100,70,0.7,8.33,0.8937,44.867,0,1.05,2.01,45.7,2.71,1.94,0.99,0.25,0.77,0.18,1.72,1.47,0.26,1.75,0,0.91,0,0.14,0,0.01,0,2.64,0,0,0,0,0,,,,,,,,,,,,,1.14,county-alert,1,1,overhaul-warning,1,4,last-night,0.14,8.143,100,1,1,7,1,7,100,144,70,99,30,45,0,0,264,77,0,0,0,0,0,0,0,0.01,7,7,1.44,1.4143,1.5,,0.2917,,,
stored-night,5,smoke-screen+hollow-ground,w0h+l0,planner,100,63,0.63,8.39,0.8924,66.811,0,0.97,2.3,53.74,2.58,2.09,1.04,0.28,0.68,0.3,1.75,1.57,0.2,1.6,0,0.8,0,0.17,0,0.04,0,2.82,0,0,0,0,0,,,,,,,,,,,,,1.15,county-alert,1,1,overhaul-warning,1,4,last-night,0.15,8,100,4,4,32,4,32,100,327,63,63,37,264,0,0,282,68,0,0,0,0,0,0,0,0.04,8,8,3.27,1,7.1351,,0.2411,,,
stored-night,5,smoke-screen+hollow-ground,w0h+l0,forecast-aware,100,30,0.3,8.75,0.9074,41.386,0,1.1,2.39,59.16,1.95,1.18,2.65,0,1.1,0.99,1.51,1.24,0.34,2.24,0,0.79,0.06,0.25,0,0,0,3.25,0,0,0,0,0,,,,,,,,,,,,,1.21,county-alert,1,1,overhaul-warning,1,4,last-night,0.21,8.762,100,0,0,0,0,0,100,172,30,32,70,140,0,0,325,110,0,0,0,0,0,0,0,0,,,1.72,1.0667,2,,0.3385,,,
stored-night,5,smoke-screen+hollow-ground,w0h+l0,planner-one-mistake,100,25,0.25,8.88,0.9467,63.733,0,0.62,2.77,67.9,2.99,11.61,0.92,0.35,0.87,0.01,1.88,1.68,0.2,1.36,0,0.45,0,0.17,0,0,0,3.47,0,0,0,0,0,63,100,63,15,0,28,72,0.2381,1,12.02,3,0,1.1,county-alert,1,1,overhaul-warning,1,4,last-night,0.1,9,100,0,0,0,0,0,100,595,25,26,75,569,0,0,347,87,0,0,0,0,0,0,0,0,,,5.95,1.04,7.5867,,0.2507,,,
stored-night,5,smoke-screen+hollow-ground,w0h0l-,random,100,0,0,9,,84.98,0,0,3.73,67.64,2.87,19.32,0.43,1.36,0.27,0.13,0.91,0.69,0.34,1.07,0,0,0,0,0,0.03,0,4,0,0,0,0,0,,,,,,,,,,,,,1,county-alert,1,1,overhaul-warning,1,4,last-night,0,,100,3,3,26,0,0,100,646,0,0,100,646,0,0,400,27,0,0,0,0,0,0,0,0.03,8.6667,,6.46,,6.46,,0.0675,,,
stored-night,5,smoke-screen+hollow-ground,w0h0l-,single-water,100,0,0,9,,85.29,0,0,4,81.94,3,14.95,0,0,0,0,2,1.94,0.06,0,0,0,0,0,0,0,0,4,0,0,0,0,0,,,,,,,,,,,,,1,county-alert,1,1,overhaul-warning,1,4,last-night,0,,100,0,0,0,0,0,100,676,0,0,100,676,0,0,400,0,0,0,0,0,0,0,0,0,,,6.76,,6.76,,0,,,
stored-night,5,smoke-screen+hollow-ground,w0h0l-,legacy-cycle,100,0,0,9,,76.64,0,0,4,83.42,3,34.44,0,0,0,0,0.54,0.12,0.42,2.2,0,0,0,0,0,0.96,0,4,0,0,0,0,0,,,,,,,,,,,,,1,county-alert,1,1,overhaul-warning,1,4,last-night,0,,100,96,96,744,0,0,100,540,0,0,100,540,0,0,400,0,0,0,0,0,0,0,0,0.96,7.75,,5.4,,5.4,,0,,,
stored-night,5,smoke-screen+hollow-ground,w0h0l-,greedy,100,65,0.65,8.33,0.8855,43.914,0,1.08,2.08,48.26,2.71,1.49,1,0.24,0.78,0.19,1.71,1.44,0.28,1.95,0,0.91,0,0.17,0,0.01,0,2.69,0,0,0,0,0,,,,,,,,,,,,,1.17,county-alert,1,1,overhaul-warning,1,4,last-night,0.17,8.294,100,1,1,7,1,7,100,135,65,86,35,49,0,0,269,78,0,0,0,0,0,0,0,0.01,7,7,1.35,1.3231,1.4,,0.29,,,
stored-night,5,smoke-screen+hollow-ground,w0h0l-,planner,100,65,0.65,8.36,0.8906,67.886,0,0.96,2.26,52.64,2.53,1.61,1.04,0.28,0.69,0.3,1.78,1.59,0.21,1.78,0,0.8,0,0.16,0,0.04,0,2.8,0,0,0,0,0,,,,,,,,,,,,,1.14,county-alert,1,1,overhaul-warning,1,4,last-night,0.14,7.857,100,4,4,33,4,33,100,320,65,71,35,249,0,0,280,69,0,0,0,0,0,0,0,0.04,8.25,8.25,3.2,1.0923,7.1143,,0.2464,,,
stored-night,5,smoke-screen+hollow-ground,w0h0l-,forecast-aware,100,29,0.29,8.79,0.9195,41.789,0,1.05,2.43,60.16,1.95,0.96,2.63,0,1.12,0.99,1.52,1.24,0.34,2.29,0,0.76,0.05,0.24,0,0,0,3.32,0,0,0,0,0,,,,,,,,,,,,,1.19,county-alert,1,1,overhaul-warning,1,4,last-night,0.19,8.632,100,0,0,0,0,0,100,173,29,27,71,146,0,0,332,112,0,0,0,0,0,0,0,0,,,1.73,0.931,2.0563,,0.3373,,,
stored-night,5,smoke-screen+hollow-ground,w0h0l-,planner-one-mistake,100,23,0.23,8.89,0.9469,64.688,0,0.63,2.8,69.22,2.99,11.56,0.91,0.35,0.87,0.01,1.9,1.7,0.21,1.3,0,0.44,0,0.19,0,0,0,3.48,0,0,0,0,0,65,100,65,14,0,29,71,0.2154,1,11.82,1,0,1.09,county-alert,1,1,overhaul-warning,1,4,last-night,0.09,9,100,0,0,0,0,0,100,606,23,27,77,579,0,0,348,87,0,0,0,0,0,0,0,0,,,6.06,1.1739,7.5195,,0.25,,,
stored-night,5,smoke-screen+hollow-ground,w0h0l+,random,100,0,0,9,,84.86,0,0,3.73,67.96,2.87,19.37,0.43,1.36,0.27,0.13,0.91,0.69,0.34,1.07,0,0,0,0,0,0.03,0,4,0,0,0,0,0,,,,,,,,,,,,,1,county-alert,1,1,overhaul-warning,1,4,last-night,0,,100,3,3,26,0,0,100,646,0,0,100,646,0,0,400,27,0,0,0,0,0,0,0,0.03,8.6667,,6.46,,6.46,,0.0675,,,
stored-night,5,smoke-screen+hollow-ground,w0h0l+,single-water,100,0,0,9,,85.29,0,0,4,81.94,3,14.95,0,0,0,0,2,1.94,0.06,0,0,0,0,0,0,0,0,4,0,0,0,0,0,,,,,,,,,,,,,1,county-alert,1,1,overhaul-warning,1,4,last-night,0,,100,0,0,0,0,0,100,676,0,0,100,676,0,0,400,0,0,0,0,0,0,0,0,0,,,6.76,,6.76,,0,,,
stored-night,5,smoke-screen+hollow-ground,w0h0l+,legacy-cycle,100,0,0,9,,76.64,0,0,4,83.43,3,34.44,0,0,0,0,0.54,0.12,0.42,2.2,0,0,0,0,0,0.96,0,4,0,0,0,0,0,,,,,,,,,,,,,1,county-alert,1,1,overhaul-warning,1,4,last-night,0,,100,96,96,744,0,0,100,540,0,0,100,540,0,0,400,0,0,0,0,0,0,0,0,0.96,7.75,,5.4,,5.4,,0,,,
stored-night,5,smoke-screen+hollow-ground,w0h0l+,greedy,100,70,0.7,8.33,0.8937,44.867,0,1.04,2.01,45.7,2.71,1.94,0.99,0.25,0.77,0.18,1.72,1.47,0.26,1.75,0,0.9,0,0.14,0,0.01,0,2.64,0,0,0,0,0,,,,,,,,,,,,,1.14,county-alert,1,1,overhaul-warning,1,4,last-night,0.14,8.143,100,1,1,7,1,7,100,144,70,99,30,45,0,0,264,77,0,0,0,0,0,0,0,0.01,7,7,1.44,1.4143,1.5,,0.2917,,,
stored-night,5,smoke-screen+hollow-ground,w0h0l+,planner,100,63,0.63,8.39,0.8924,66.838,0,0.97,2.3,53.74,2.58,2.09,1.04,0.28,0.68,0.3,1.75,1.57,0.2,1.6,0,0.8,0,0.17,0,0.04,0,2.82,0,0,0,0,0,,,,,,,,,,,,,1.15,county-alert,1,1,overhaul-warning,1,4,last-night,0.15,8,100,4,4,32,4,32,100,327,63,63,37,264,0,0,282,68,0,0,0,0,0,0,0,0.04,8,8,3.27,1,7.1351,,0.2411,,,
stored-night,5,smoke-screen+hollow-ground,w0h0l+,forecast-aware,100,30,0.3,8.75,0.9074,41.6,0,1.1,2.39,59.16,1.95,1.4,2.65,0,1.1,0.99,1.51,1.24,0.36,2.26,0,0.79,0.06,0.25,0,0,0,3.25,0,0,0,0,0,,,,,,,,,,,,,1.23,county-alert,1,1,overhaul-warning,1,4,last-night,0.23,8.783,100,0,0,0,0,0,100,172,30,32,70,140,0,0,325,110,0,0,0,0,0,0,0,0,,,1.72,1.0667,2,,0.3385,,,
stored-night,5,smoke-screen+hollow-ground,w0h0l+,planner-one-mistake,100,25,0.25,8.88,0.9467,63.72,0,0.62,2.77,67.9,2.99,11.61,0.92,0.35,0.87,0.01,1.88,1.68,0.2,1.36,0,0.45,0,0.17,0,0,0,3.47,0,0,0,0,0,63,100,63,15,0,28,72,0.2381,1,12.02,3,0,1.1,county-alert,1,1,overhaul-warning,1,4,last-night,0.1,9,100,0,0,0,0,0,100,595,25,26,75,569,0,0,347,87,0,0,0,0,0,0,0,0,,,5.95,1.04,7.5867,,0.2507,,,
stored-night,5,smoke-screen+sluice-jam,w0h0l0,random,100,0,0,9,,85.67,0,0.02,3.74,61.13,2.78,18.85,0.52,1.63,0.26,0.22,0.76,0.54,0.32,0.95,0,0.01,0,0.01,0,0,0,3.99,0,0,0,0,0,,,,,,,,,,,,,1,county-alert,1,1,overhaul-warning,1,4,last-night,0,,100,0,0,0,0,0,100,679,0,0,100,679,0,0,399,26,0,0,0,0,0,0,0,0,,,6.79,,6.79,,0.0652,,,
stored-night,5,smoke-screen+sluice-jam,w0h0l0,single-water,100,0,0,9,,85.69,0,0,4,74.15,3,13.12,0,0,0,0,2,1.73,0.27,0,0,0,0,0,0,0,0,4,0,0,0,0,0,,,,,,,,,,,,,1,county-alert,1,1,overhaul-warning,1,4,last-night,0,,100,0,0,0,0,0,100,718,0,0,100,718,0,0,400,0,0,0,0,0,0,0,0,0,,,7.18,,7.18,,0,,,
stored-night,5,smoke-screen+sluice-jam,w0h0l0,legacy-cycle,100,0,0,9,,78.55,0,0,4,87.8,3,33.42,0,0,0,0,0.83,0.24,0.59,2.37,0,0,0,0,0,0.98,0,4,0,0,0,0,0,,,,,,,,,,,,,1,county-alert,1,1,overhaul-warning,1,4,last-night,0,,100,98,98,728,0,0,100,578,0,0,100,578,0,0,400,0,0,0,0,0,0,0,0,0.98,7.4286,,5.78,,5.78,,0,,,
stored-night,5,smoke-screen+sluice-jam,w0h0l0,greedy,100,65,0.65,8.3,0.8803,36.829,0,1.16,1.93,44.66,2.82,1.2,1.08,0.29,0.91,0.06,1.7,1.48,0.21,1.46,0,0.96,0,0.2,0,0.06,0,2.64,0,0,0,0,0,,,,,,,,,,,,,1.18,county-alert,1,1,overhaul-warning,1,4,last-night,0.18,8.611,100,6,6,49,4,31,100,129,65,80,35,49,0,0,264,91,0,0,0,0,0,0,0,0.06,8.1667,7.75,1.29,1.2308,1.4,,0.3447,,,
stored-night,5,smoke-screen+sluice-jam,w0h0l0,planner,100,70,0.7,8.25,0.881,58.933,0,1,2.12,47.52,2.68,0.8,0.97,0.11,0.66,0.18,1.86,1.65,0.21,1.67,0,0.86,0.01,0.13,0,0.04,0,2.66,0,0,0,0,0,,,,,,,,,,,,,1.14,county-alert,1,1,overhaul-warning,1,4,last-night,0.14,8.143,100,4,4,31,3,24,100,302,70,86,30,216,0,0,266,66,0,0,0,0,0,0,0,0.04,7.75,8,3.02,1.2286,7.2,,0.2481,,,
stored-night,5,smoke-screen+sluice-jam,w0h0l0,forecast-aware,100,20,0.2,8.94,0.9667,44.925,0,1.38,2.6,67.62,1.91,1.12,3.24,0,1.16,1.04,1.66,1.37,0.36,2.87,0,0.88,0.07,0.43,0,0.04,0,3.37,0,0,0,0,0,,,,,,,,,,,,,1.4,county-alert,1,1,overhaul-warning,1,4,last-night,0.4,8.85,100,4,4,36,2,18,100,180,20,16,80,164,0,0,337,116,0,0,0,0,0,0,0,0.04,9,9,1.8,0.8,2.05,,0.3442,,,
stored-night,5,smoke-screen+sluice-jam,w0h0l0,planner-one-mistake,100,30,0.3,8.84,0.9407,55.086,0,0.62,2.45,57.38,3,12.52,1.23,0.26,1.11,0,1.97,1.78,0.19,1.58,0,0.51,0,0.11,0,0.01,0,3.45,0,0,0,0,0,70,100,70,24,0,19,81,0.3429,1,12.415,3,0,1.08,county-alert,1,1,overhaul-warning,1,4,last-night,0.08,9,100,1,1,7,0,0,100,559,30,30,70,529,0,0,345,111,0,0,0,0,0,0,0,0.01,7,,5.59,1,7.5571,,0.3217,,,
stored-night,5,smoke-screen+sluice-jam,w-h-l-,random,100,0,0,9,,86.02,0,0.02,3.74,60.39,2.78,18.74,0.52,1.63,0.26,0.22,0.76,0.54,0.32,0.95,0,0.01,0,0.01,0,0,0,3.99,0,0,0,0,0,,,,,,,,,,,,,1,county-alert,1,1,overhaul-warning,1,4,last-night,0,,100,0,0,0,0,0,100,679,0,0,100,679,0,0,399,26,0,0,0,0,0,0,0,0,,,6.79,,6.79,,0.0652,,,
stored-night,5,smoke-screen+sluice-jam,w-h-l-,single-water,100,0,0,9,,85.8,0,0,4,73.37,3,13.12,0,0,0,0,2,1.73,0.27,0,0,0,0,0,0,0,0,4,0,0,0,0,0,,,,,,,,,,,,,1,county-alert,1,1,overhaul-warning,1,4,last-night,0,,100,0,0,0,0,0,100,718,0,0,100,718,0,0,400,0,0,0,0,0,0,0,0,0,,,7.18,,7.18,,0,,,
stored-night,5,smoke-screen+sluice-jam,w-h-l-,legacy-cycle,100,0,0,9,,79.58,0,0,4,86.95,3,33.41,0,0,0,0,0.83,0.24,0.59,2.37,0,0,0,0,0,0.98,0,4,0,0,0,0,0,,,,,,,,,,,,,1,county-alert,1,1,overhaul-warning,1,4,last-night,0,,100,98,98,728,0,0,100,578,0,0,100,578,0,0,400,0,0,0,0,0,0,0,0,0.98,7.4286,,5.78,,5.78,,0,,,
stored-night,5,smoke-screen+sluice-jam,w-h-l-,greedy,100,64,0.64,8.32,0.8819,39.806,0,1.17,1.96,45.9,2.81,0.96,1.08,0.27,0.93,0.06,1.72,1.48,0.23,1.64,0,0.95,0,0.22,0,0.05,0,2.67,0,0,0,0,0,,,,,,,,,,,,,1.21,county-alert,1,1,overhaul-warning,1,4,last-night,0.21,8.571,100,5,5,39,4,30,100,134,64,78,36,56,0,0,267,93,0,0,0,0,0,0,0,0.05,7.8,7.5,1.34,1.2188,1.5556,,0.3483,,,
stored-night,5,smoke-screen+sluice-jam,w-h-l-,planner,100,68,0.68,8.27,0.8807,60.719,0,1.02,2.15,48.94,2.68,0.8,0.98,0.13,0.66,0.18,1.8,1.64,0.16,1.89,0,0.85,0.01,0.16,0,0.05,0,2.67,0,0,0,0,0,,,,,,,,,,,,,1.17,county-alert,1,1,overhaul-warning,1,4,last-night,0.17,8.294,100,5,5,39,4,32,100,316,68,79,32,237,0,0,267,66,0,0,0,0,0,0,0,0.05,7.8,8,3.16,1.1618,7.4063,,0.2472,,,
stored-night,5,smoke-screen+sluice-jam,w-h-l-,forecast-aware,100,16,0.16,8.96,0.9722,44.321,0,1.35,2.62,68.06,1.91,1.13,3.28,0,1.19,1.04,1.67,1.37,0.38,2.89,0,0.86,0.07,0.42,0,0.04,0,3.42,0,0,0,0,0,,,,,,,,,,,,,1.39,county-alert,1,1,overhaul-warning,1,4,last-night,0.39,8.846,100,4,4,36,2,18,100,174,16,11,84,163,0,0,342,119,0,0,0,0,0,0,0,0.04,9,9,1.74,0.6875,1.9405,,0.348,,,
stored-night,5,smoke-screen+sluice-jam,w-h-l-,planner-one-mistake,100,28,0.28,8.85,0.9405,57.028,0,0.64,2.49,58.98,3,12.75,1.19,0.26,1.1,0,2,1.8,0.2,1.63,0,0.51,0,0.13,0,0.01,0,3.46,0,0,0,0,0,68,100,68,22,0,19,81,0.3235,1,12.225,3,0,1.1,county-alert,1,1,overhaul-warning,1,4,last-night,0.1,9,100,1,1,7,0,0,100,571,28,32,72,539,0,0,346,110,0,0,0,0,0,0,0,0.01,7,,5.71,1.1429,7.4861,,0.3179,,,
stored-night,5,smoke-screen+sluice-jam,w+h+l+,random,100,0,0,9,,85.66,0,0.02,3.74,61.19,2.78,18.91,0.52,1.63,0.26,0.22,0.76,0.54,0.32,0.95,0,0.01,0,0.01,0,0,0,3.99,0,0,0,0,0,,,,,,,,,,,,,1,county-alert,1,1,overhaul-warning,1,4,last-night,0,,100,0,0,0,0,0,100,679,0,0,100,679,0,0,399,26,0,0,0,0,0,0,0,0,,,6.79,,6.79,,0.0652,,,
stored-night,5,smoke-screen+sluice-jam,w+h+l+,single-water,100,0,0,9,,85.62,0,0,4,74.38,3,13.12,0,0,0,0,2,1.73,0.27,0,0,0,0,0,0,0,0,4,0,0,0,0,0,,,,,,,,,,,,,1,county-alert,1,1,overhaul-warning,1,4,last-night,0,,100,0,0,0,0,0,100,718,0,0,100,718,0,0,400,0,0,0,0,0,0,0,0,0,,,7.18,,7.18,,0,,,
stored-night,5,smoke-screen+sluice-jam,w+h+l+,legacy-cycle,100,0,0,9,,78.55,0,0,4,87.8,3,33.42,0,0,0,0,0.83,0.24,0.59,2.37,0,0,0,0,0,0.98,0,4,0,0,0,0,0,,,,,,,,,,,,,1,county-alert,1,1,overhaul-warning,1,4,last-night,0,,100,98,98,728,0,0,100,578,0,0,100,578,0,0,400,0,0,0,0,0,0,0,0,0.98,7.4286,,5.78,,5.78,,0,,,
stored-night,5,smoke-screen+sluice-jam,w+h+l+,greedy,100,68,0.68,8.26,0.8791,37.25,0,1.14,1.91,43.94,2.82,1.44,1.05,0.28,0.88,0.06,1.71,1.47,0.23,1.5,0,0.95,0,0.19,0,0.07,0,2.62,0,0,0,0,0,,,,,,,,,,,,,1.18,county-alert,1,1,overhaul-warning,1,4,last-night,0.18,8.611,100,7,7,56,6,47,100,131,68,84,32,47,0,0,262,88,0,0,0,0,0,0,0,0.07,8,7.8333,1.31,1.2353,1.4688,,0.3359,,,
stored-night,5,smoke-screen+sluice-jam,w+h+l+,planner,100,73,0.73,8.2,0.8782,57.407,0,1,2.06,45.48,2.68,0.8,0.94,0.11,0.63,0.18,1.86,1.65,0.21,1.74,0,0.88,0.01,0.11,0,0.04,0,2.59,0,0,0,0,0,,,,,,,,,,,,,1.12,county-alert,1,1,overhaul-warning,1,4,last-night,0.12,8,100,4,4,31,3,24,100,288,73,92,27,196,0,0,259,63,0,0,0,0,0,0,0,0.04,7.75,8,2.88,1.2603,7.2593,,0.2432,,,
stored-night,5,smoke-screen+sluice-jam,w+h+l+,forecast-aware,100,21,0.21,8.93,0.963,44.278,0,1.37,2.58,66.9,1.91,1.12,3.24,0,1.16,1.04,1.66,1.37,0.36,2.87,0,0.88,0.07,0.42,0,0.04,0,3.36,0,0,0,0,0,,,,,,,,,,,,,1.39,county-alert,1,1,overhaul-warning,1,4,last-night,0.39,8.846,100,4,4,36,2,18,100,179,21,17,79,162,0,0,336,116,0,0,0,0,0,0,0,0.04,9,9,1.79,0.8095,2.0506,,0.3452,,,
stored-night,5,smoke-screen+sluice-jam,w+h+l+,planner-one-mistake,100,31,0.31,8.84,0.9427,55.029,0,0.65,2.44,57.18,3,12.76,1.23,0.26,1.11,0,1.98,1.78,0.2,1.6,0,0.53,0,0.12,0,0.01,0,3.43,0,0,0,0,0,73,100,73,25,0,19,81,0.3425,1,12.415,3,0,1.09,county-alert,1,1,overhaul-warning,1,4,last-night,0.09,9,100,1,1,7,0,0,100,551,31,32,69,519,0,0,343,111,0,0,0,0,0,0,0,0.01,7,,5.51,1.0323,7.5217,,0.3236,,,
stored-night,5,smoke-screen+sluice-jam,w-h0l0,random,100,0,0,9,,85.79,0,0.02,3.74,60.87,2.78,18.85,0.52,1.63,0.26,0.22,0.76,0.54,0.32,0.95,0,0.01,0,0.01,0,0,0,3.99,0,0,0,0,0,,,,,,,,,,,,,1,county-alert,1,1,overhaul-warning,1,4,last-night,0,,100,0,0,0,0,0,100,679,0,0,100,679,0,0,399,26,0,0,0,0,0,0,0,0,,,6.79,,6.79,,0.0652,,,
stored-night,5,smoke-screen+sluice-jam,w-h0l0,single-water,100,0,0,9,,85.8,0,0,4,73.37,3,13.12,0,0,0,0,2,1.73,0.27,0,0,0,0,0,0,0,0,4,0,0,0,0,0,,,,,,,,,,,,,1,county-alert,1,1,overhaul-warning,1,4,last-night,0,,100,0,0,0,0,0,100,718,0,0,100,718,0,0,400,0,0,0,0,0,0,0,0,0,,,7.18,,7.18,,0,,,
stored-night,5,smoke-screen+sluice-jam,w-h0l0,legacy-cycle,100,0,0,9,,79.12,0,0,4,87.11,3,33.42,0,0,0,0,0.83,0.24,0.59,2.37,0,0,0,0,0,0.98,0,4,0,0,0,0,0,,,,,,,,,,,,,1,county-alert,1,1,overhaul-warning,1,4,last-night,0,,100,98,98,728,0,0,100,578,0,0,100,578,0,0,400,0,0,0,0,0,0,0,0,0.98,7.4286,,5.78,,5.78,,0,,,
stored-night,5,smoke-screen+sluice-jam,w-h0l0,greedy,100,65,0.65,8.3,0.8803,36.971,0,1.16,1.94,44.9,2.82,1.2,1.05,0.31,0.9,0.06,1.71,1.49,0.21,1.49,0,0.96,0,0.2,0,0.06,0,2.64,0,0,0,0,0,,,,,,,,,,,,,1.18,county-alert,1,1,overhaul-warning,1,4,last-night,0.18,8.611,100,6,6,49,4,31,100,127,65,81,35,46,0,0,264,90,0,0,0,0,0,0,0,0.06,8.1667,7.75,1.27,1.2462,1.3143,,0.3409,,,
stored-night,5,smoke-screen+sluice-jam,w-h0l0,planner,100,70,0.7,8.25,0.881,59.133,0,1,2.12,47.52,2.68,0.8,0.97,0.11,0.66,0.18,1.86,1.65,0.21,1.67,0,0.86,0.01,0.13,0,0.04,0,2.66,0,0,0,0,0,,,,,,,,,,,,,1.14,county-alert,1,1,overhaul-warning,1,4,last-night,0.14,8.143,100,4,4,31,3,24,100,302,70,86,30,216,0,0,266,66,0,0,0,0,0,0,0,0.04,7.75,8,3.02,1.2286,7.2,,0.2481,,,
stored-night,5,smoke-screen+sluice-jam,w-h0l0,forecast-aware,100,19,0.19,8.95,0.9708,45.148,0,1.39,2.61,68.1,1.91,1.12,3.25,0,1.17,1.04,1.66,1.37,0.36,2.87,0,0.88,0.07,0.44,0,0.04,0,3.38,0,0,0,0,0,,,,,,,,,,,,,1.41,county-alert,1,1,overhaul-warning,1,4,last-night,0.41,8.854,100,4,4,36,2,18,100,180,19,14,81,166,0,0,338,117,0,0,0,0,0,0,0,0.04,9,9,1.8,0.7368,2.0494,,0.3462,,,
stored-night,5,smoke-screen+sluice-jam,w-h0l0,planner-one-mistake,100,31,0.31,8.84,0.9427,55.333,0,0.63,2.43,56.9,3,12.52,1.21,0.26,1.12,0,1.99,1.79,0.2,1.57,0,0.52,0,0.11,0,0.01,0,3.44,0,0,0,0,0,70,100,70,25,0,19,81,0.3571,1,12.415,3,0,1.08,county-alert,1,1,overhaul-warning,1,4,last-night,0.08,9,100,1,1,7,0,0,100,553,31,31,69,522,0,0,344,112,0,0,0,0,0,0,0,0.01,7,,5.53,1,7.5652,,0.3256,,,
stored-night,5,smoke-screen+sluice-jam,w+h0l0,random,100,0,0,9,,85.66,0,0.02,3.74,61.17,2.78,18.89,0.52,1.63,0.26,0.22,0.76,0.54,0.32,0.95,0,0.01,0,0.01,0,0,0,3.99,0,0,0,0,0,,,,,,,,,,,,,1,county-alert,1,1,overhaul-warning,1,4,last-night,0,,100,0,0,0,0,0,100,679,0,0,100,679,0,0,399,26,0,0,0,0,0,0,0,0,,,6.79,,6.79,,0.0652,,,
stored-night,5,smoke-screen+sluice-jam,w+h0l0,single-water,100,0,0,9,,85.62,0,0,4,74.38,3,13.12,0,0,0,0,2,1.73,0.27,0,0,0,0,0,0,0,0,4,0,0,0,0,0,,,,,,,,,,,,,1,county-alert,1,1,overhaul-warning,1,4,last-night,0,,100,0,0,0,0,0,100,718,0,0,100,718,0,0,400,0,0,0,0,0,0,0,0,0,,,7.18,,7.18,,0,,,
stored-night,5,smoke-screen+sluice-jam,w+h0l0,legacy-cycle,100,0,0,9,,78.55,0,0,4,87.8,3,33.42,0,0,0,0,0.83,0.24,0.59,2.37,0,0,0,0,0,0.98,0,4,0,0,0,0,0,,,,,,,,,,,,,1,county-alert,1,1,overhaul-warning,1,4,last-night,0,,100,98,98,728,0,0,100,578,0,0,100,578,0,0,400,0,0,0,0,0,0,0,0,0.98,7.4286,,5.78,,5.78,,0,,,
stored-night,5,smoke-screen+sluice-jam,w+h0l0,greedy,100,68,0.68,8.28,0.8824,37.25,0,1.15,1.91,43.94,2.82,1.2,1.06,0.29,0.89,0.06,1.71,1.47,0.23,1.5,0,0.96,0,0.19,0,0.06,0,2.62,0,0,0,0,0,,,,,,,,,,,,,1.18,county-alert,1,1,overhaul-warning,1,4,last-night,0.18,8.611,100,6,6,49,5,40,100,132,68,85,32,47,0,0,262,89,0,0,0,0,0,0,0,0.06,8.1667,8,1.32,1.25,1.4688,,0.3397,,,
stored-night,5,smoke-screen+sluice-jam,w+h0l0,planner,100,73,0.73,8.2,0.8782,57.407,0,1,2.06,45.48,2.68,0.8,0.95,0.11,0.64,0.18,1.86,1.65,0.21,1.74,0,0.88,0.01,0.11,0,0.04,0,2.6,0,0,0,0,0,,,,,,,,,,,,,1.12,county-alert,1,1,overhaul-warning,1,4,last-night,0.12,8,100,4,4,31,3,24,100,287,73,91,27,196,0,0,260,64,0,0,0,0,0,0,0,0.04,7.75,8,2.87,1.2466,7.2593,,0.2462,,,
stored-night,5,smoke-screen+sluice-jam,w+h0l0,forecast-aware,100,20,0.2,8.94,0.9667,44.675,0,1.38,2.6,67.62,1.91,1.12,3.24,0,1.16,1.04,1.66,1.37,0.36,2.87,0,0.88,0.07,0.43,0,0.04,0,3.37,0,0,0,0,0,,,,,,,,,,,,,1.4,county-alert,1,1,overhaul-warning,1,4,last-night,0.4,8.85,100,4,4,36,2,18,100,180,20,16,80,164,0,0,337,116,0,0,0,0,0,0,0,0.04,9,9,1.8,0.8,2.05,,0.3442,,,
stored-night,5,smoke-screen+sluice-jam,w+h0l0,planner-one-mistake,100,31,0.31,8.84,0.9427,54.986,0,0.65,2.44,57.18,3,12.52,1.23,0.26,1.11,0,1.98,1.78,0.2,1.58,0,0.53,0,0.12,0,0.01,0,3.43,0,0,0,0,0,73,100,73,25,0,19,81,0.3425,1,12.415,3,0,1.09,county-alert,1,1,overhaul-warning,1,4,last-night,0.09,9,100,1,1,7,0,0,100,551,31,31,69,520,0,0,343,111,0,0,0,0,0,0,0,0.01,7,,5.51,1,7.5362,,0.3236,,,
stored-night,5,smoke-screen+sluice-jam,w0h-l0,random,100,0,0,9,,85.76,0,0.02,3.74,60.83,2.78,18.79,0.52,1.63,0.26,0.22,0.76,0.54,0.32,0.95,0,0.01,0,0.01,0,0,0,3.99,0,0,0,0,0,,,,,,,,,,,,,1,county-alert,1,1,overhaul-warning,1,4,last-night,0,,100,0,0,0,0,0,100,679,0,0,100,679,0,0,399,26,0,0,0,0,0,0,0,0,,,6.79,,6.79,,0.0652,,,
stored-night,5,smoke-screen+sluice-jam,w0h-l0,single-water,100,0,0,9,,85.69,0,0,4,74.15,3,13.12,0,0,0,0,2,1.73,0.27,0,0,0,0,0,0,0,0,4,0,0,0,0,0,,,,,,,,,,,,,1,county-alert,1,1,overhaul-warning,1,4,last-night,0,,100,0,0,0,0,0,100,718,0,0,100,718,0,0,400,0,0,0,0,0,0,0,0,0,,,7.18,,7.18,,0,,,
stored-night,5,smoke-screen+sluice-jam,w0h-l0,legacy-cycle,100,0,0,9,,78.86,0,0,4,87.66,3,33.42,0,0,0,0,0.83,0.24,0.59,2.37,0,0,0,0,0,0.98,0,4,0,0,0,0,0,,,,,,,,,,,,,1,county-alert,1,1,overhaul-warning,1,4,last-night,0,,100,98,98,728,0,0,100,578,0,0,100,578,0,0,400,0,0,0,0,0,0,0,0,0.98,7.4286,,5.78,,5.78,,0,,,
stored-night,5,smoke-screen+sluice-jam,w0h-l0,greedy,100,64,0.64,8.32,0.8819,37.167,0,1.15,1.94,44.98,2.82,1.2,1.07,0.26,0.92,0.06,1.71,1.47,0.23,1.49,0,0.95,0,0.2,0,0.06,0,2.66,0,0,0,0,0,,,,,,,,,,,,,1.19,county-alert,1,1,overhaul-warning,1,4,last-night,0.19,8.632,100,6,6,49,4,31,100,135,64,82,36,53,0,0,266,92,0,0,0,0,0,0,0,0.06,8.1667,7.75,1.35,1.2813,1.4722,,0.3459,,,
stored-night,5,smoke-screen+sluice-jam,w0h-l0,planner,100,69,0.69,8.26,0.8808,57.839,0,0.97,2.12,47.36,2.68,0.56,0.99,0.11,0.68,0.18,1.84,1.66,0.18,1.68,0,0.84,0.01,0.12,0,0.03,0,2.69,0,0,0,0,0,,,,,,,,,,,,,1.13,county-alert,1,1,overhaul-warning,1,4,last-night,0.13,8.077,100,3,3,24,2,17,100,313,69,84,31,229,0,0,269,68,0,0,0,0,0,0,0,0.03,8,8.5,3.13,1.2174,7.3871,,0.2528,,,
stored-night,5,smoke-screen+sluice-jam,w0h-l0,forecast-aware,100,19,0.19,8.94,0.9649,44.506,0,1.37,2.6,67.46,1.91,1.12,3.23,0,1.16,1.04,1.67,1.37,0.37,2.87,0,0.88,0.07,0.42,0,0.04,0,3.38,0,0,0,0,0,,,,,,,,,,,,,1.4,county-alert,1,1,overhaul-warning,1,4,last-night,0.4,8.85,100,4,4,36,2,18,100,178,19,16,81,162,0,0,338,116,0,0,0,0,0,0,0,0.04,9,9,1.78,0.8421,2,,0.3432,,,
stored-night,5,smoke-screen+sluice-jam,w0h-l0,planner-one-mistake,100,29,0.29,8.84,0.9387,55.704,0,0.63,2.46,57.86,3,12.75,1.23,0.26,1.11,0,1.97,1.78,0.19,1.59,0,0.51,0,0.12,0,0.01,0,3.45,0,0,0,0,0,69,100,69,23,0,19,81,0.3333,1,12.335,3,0,1.08,county-alert,1,1,overhaul-warning,1,4,last-night,0.08,9,100,1,1,7,0,0,100,564,29,30,71,534,0,0,345,111,0,0,0,0,0,0,0,0.01,7,,5.64,1.0345,7.5211,,0.3217,,,
stored-night,5,smoke-screen+sluice-jam,w0h+l0,random,100,0,0,9,,85.67,0,0.02,3.74,61.14,2.78,18.85,0.52,1.63,0.26,0.22,0.76,0.54,0.32,0.95,0,0.01,0,0.01,0,0,0,3.99,0,0,0,0,0,,,,,,,,,,,,,1,county-alert,1,1,overhaul-warning,1,4,last-night,0,,100,0,0,0,0,0,100,679,0,0,100,679,0,0,399,26,0,0,0,0,0,0,0,0,,,6.79,,6.79,,0.0652,,,
stored-night,5,smoke-screen+sluice-jam,w0h+l0,single-water,100,0,0,9,,85.69,0,0,4,74.15,3,13.12,0,0,0,0,2,1.73,0.27,0,0,0,0,0,0,0,0,4,0,0,0,0,0,,,,,,,,,,,,,1,county-alert,1,1,overhaul-warning,1,4,last-night,0,,100,0,0,0,0,0,100,718,0,0,100,718,0,0,400,0,0,0,0,0,0,0,0,0,,,7.18,,7.18,,0,,,
stored-night,5,smoke-screen+sluice-jam,w0h+l0,legacy-cycle,100,0,0,9,,78.55,0,0,4,87.8,3,33.42,0,0,0,0,0.83,0.24,0.59,2.37,0,0,0,0,0,0.98,0,4,0,0,0,0,0,,,,,,,,,,,,,1,county-alert,1,1,overhaul-warning,1,4,last-night,0,,100,98,98,728,0,0,100,578,0,0,100,578,0,0,400,0,0,0,0,0,0,0,0,0.98,7.4286,,5.78,,5.78,,0,,,
stored-night,5,smoke-screen+sluice-jam,w0h+l0,greedy,100,66,0.66,8.3,0.8822,37.176,0,1.16,1.92,44.42,2.82,1.2,1.08,0.29,0.91,0.06,1.7,1.48,0.21,1.46,0,0.96,0,0.2,0,0.06,0,2.64,0,0,0,0,0,,,,,,,,,,,,,1.18,county-alert,1,1,overhaul-warning,1,4,last-night,0.18,8.611,100,6,6,49,5,40,100,129,66,81,34,48,0,0,264,91,0,0,0,0,0,0,0,0.06,8.1667,8,1.29,1.2273,1.4118,,0.3447,,,
stored-night,5,smoke-screen+sluice-jam,w0h+l0,planner,100,70,0.7,8.25,0.881,58.933,0,1,2.12,47.52,2.68,0.8,0.97,0.11,0.66,0.18,1.86,1.65,0.21,1.67,0,0.86,0.01,0.13,0,0.04,0,2.66,0,0,0,0,0,,,,,,,,,,,,,1.14,county-alert,1,1,overhaul-warning,1,4,last-night,0.14,8.143,100,4,4,31,3,24,100,302,70,86,30,216,0,0,266,66,0,0,0,0,0,0,0,0.04,7.75,8,3.02,1.2286,7.2,,0.2481,,,
stored-night,5,smoke-screen+sluice-jam,w0h+l0,forecast-aware,100,20,0.2,8.94,0.9667,44.75,0,1.38,2.6,67.62,1.91,1.12,3.24,0,1.16,1.04,1.66,1.37,0.36,2.87,0,0.88,0.07,0.43,0,0.04,0,3.37,0,0,0,0,0,,,,,,,,,,,,,1.4,county-alert,1,1,overhaul-warning,1,4,last-night,0.4,8.85,100,4,4,36,2,18,100,180,20,16,80,164,0,0,337,116,0,0,0,0,0,0,0,0.04,9,9,1.8,0.8,2.05,,0.3442,,,
stored-night,5,smoke-screen+sluice-jam,w0h+l0,planner-one-mistake,100,30,0.3,8.84,0.9407,55.071,0,0.62,2.45,57.38,3,12.52,1.23,0.26,1.11,0,1.97,1.78,0.19,1.58,0,0.51,0,0.11,0,0.01,0,3.45,0,0,0,0,0,70,100,70,24,0,19,81,0.3429,1,12.415,3,0,1.08,county-alert,1,1,overhaul-warning,1,4,last-night,0.08,9,100,1,1,7,0,0,100,559,30,30,70,529,0,0,345,111,0,0,0,0,0,0,0,0.01,7,,5.59,1,7.5571,,0.3217,,,
stored-night,5,smoke-screen+sluice-jam,w0h0l-,random,100,0,0,9,,85.81,0,0.02,3.74,60.95,2.78,18.8,0.52,1.63,0.26,0.22,0.76,0.54,0.32,0.95,0,0.01,0,0.01,0,0,0,3.99,0,0,0,0,0,,,,,,,,,,,,,1,county-alert,1,1,overhaul-warning,1,4,last-night,0,,100,0,0,0,0,0,100,679,0,0,100,679,0,0,399,26,0,0,0,0,0,0,0,0,,,6.79,,6.79,,0.0652,,,
stored-night,5,smoke-screen+sluice-jam,w0h0l-,single-water,100,0,0,9,,85.69,0,0,4,74.15,3,13.12,0,0,0,0,2,1.73,0.27,0,0,0,0,0,0,0,0,4,0,0,0,0,0,,,,,,,,,,,,,1,county-alert,1,1,overhaul-warning,1,4,last-night,0,,100,0,0,0,0,0,100,718,0,0,100,718,0,0,400,0,0,0,0,0,0,0,0,0,,,7.18,,7.18,,0,,,
stored-night,5,smoke-screen+sluice-jam,w0h0l-,legacy-cycle,100,0,0,9,,78.55,0,0,4,87.79,3,33.41,0,0,0,0,0.83,0.24,0.59,2.37,0,0,0,0,0,0.98,0,4,0,0,0,0,0,,,,,,,,,,,,,1,county-alert,1,1,overhaul-warning,1,4,last-night,0,,100,98,98,728,0,0,100,578,0,0,100,578,0,0,400,0,0,0,0,0,0,0,0,0.98,7.4286,,5.78,,5.78,,0,,,
stored-night,5,smoke-screen+sluice-jam,w0h0l-,greedy,100,66,0.66,8.29,0.8805,39.088,0,1.15,1.92,44.58,2.81,0.96,1.09,0.3,0.93,0.06,1.7,1.46,0.23,1.56,0,0.95,0,0.2,0,0.05,0,2.65,0,0,0,0,0,,,,,,,,,,,,,1.19,county-alert,1,1,overhaul-warning,1,4,last-night,0.19,8.526,100,5,5,39,4,30,100,136,66,84,34,52,0,0,265,93,0,0,0,0,0,0,0,0.05,7.8,7.5,1.36,1.2727,1.5294,,0.3509,,,
stored-night,5,smoke-screen+sluice-jam,w0h0l-,planner,100,71,0.71,8.24,0.8811,60.931,0,1.03,2.11,47.66,2.68,0.8,0.96,0.13,0.64,0.18,1.82,1.63,0.19,1.88,0,0.87,0.01,0.15,0,0.05,0,2.62,0,0,0,0,0,,,,,,,,,,,,,1.16,county-alert,1,1,overhaul-warning,1,4,last-night,0.16,8.25,100,5,5,39,4,32,100,294,71,84,29,210,0,0,262,64,0,0,0,0,0,0,0,0.05,7.8,8,2.94,1.1831,7.2414,,0.2443,,,
stored-night,5,smoke-screen+sluice-jam,w0h0l-,forecast-aware,100,17,0.17,8.96,0.9739,44.422,0,1.35,2.63,68.54,1.91,1.04,3.24,0,1.18,1.04,1.68,1.38,0.37,2.86,0,0.86,0.06,0.43,0,0.04,0,3.41,0,0,0,0,0,,,,,,,,,,,,,1.4,county-alert,1,1,overhaul-warning,1,4,last-night,0.4,8.85,100,4,4,36,2,18,100,179,17,13,83,166,0,0,341,118,0,0,0,0,0,0,0,0.04,9,9,1.79,0.7647,2,,0.346,,,
stored-night,5,smoke-screen+sluice-jam,w0h0l-,planner-one-mistake,100,28,0.28,8.85,0.9405,56.431,0,0.64,2.5,59.14,3,12.52,1.21,0.27,1.09,0,1.97,1.79,0.18,1.62,0,0.51,0,0.13,0,0.01,0,3.46,0,0,0,0,0,71,100,71,22,0,19,81,0.3099,1,12.305,3,0,1.1,county-alert,1,1,overhaul-warning,1,4,last-night,0.1,9,100,1,1,7,0,0,100,574,28,31,72,543,0,0,346,109,0,0,0,0,0,0,0,0.01,7,,5.74,1.1071,7.5417,,0.315,,,
stored-night,5,smoke-screen+sluice-jam,w0h0l+,random,100,0,0,9,,85.67,0,0.02,3.74,61.14,2.78,18.87,0.52,1.63,0.26,0.22,0.76,0.54,0.32,0.95,0,0.01,0,0.01,0,0,0,3.99,0,0,0,0,0,,,,,,,,,,,,,1,county-alert,1,1,overhaul-warning,1,4,last-night,0,,100,0,0,0,0,0,100,679,0,0,100,679,0,0,399,26,0,0,0,0,0,0,0,0,,,6.79,,6.79,,0.0652,,,
stored-night,5,smoke-screen+sluice-jam,w0h0l+,single-water,100,0,0,9,,85.69,0,0,4,74.15,3,13.12,0,0,0,0,2,1.73,0.27,0,0,0,0,0,0,0,0,4,0,0,0,0,0,,,,,,,,,,,,,1,county-alert,1,1,overhaul-warning,1,4,last-night,0,,100,0,0,0,0,0,100,718,0,0,100,718,0,0,400,0,0,0,0,0,0,0,0,0,,,7.18,,7.18,,0,,,
stored-night,5,smoke-screen+sluice-jam,w0h0l+,legacy-cycle,100,0,0,9,,78.55,0,0,4,87.8,3,33.42,0,0,0,0,0.83,0.24,0.59,2.37,0,0,0,0,0,0.98,0,4,0,0,0,0,0,,,,,,,,,,,,,1,county-alert,1,1,overhaul-warning,1,4,last-night,0,,100,98,98,728,0,0,100,578,0,0,100,578,0,0,400,0,0,0,0,0,0,0,0,0.98,7.4286,,5.78,,5.78,,0,,,
stored-night,5,smoke-screen+sluice-jam,w0h0l+,greedy,100,66,0.66,8.29,0.8805,37.176,0,1.16,1.92,44.42,2.82,1.2,1.08,0.28,0.91,0.06,1.7,1.47,0.22,1.46,0,0.96,0,0.2,0,0.06,0,2.64,0,0,0,0,0,,,,,,,,,,,,,1.18,county-alert,1,1,overhaul-warning,1,4,last-night,0.18,8.611,100,6,6,49,5,40,100,129,66,81,34,48,0,0,264,91,0,0,0,0,0,0,0,0.06,8.1667,8,1.29,1.2273,1.4118,,0.3447,,,
stored-night,5,smoke-screen+sluice-jam,w0h0l+,planner,100,70,0.7,8.25,0.881,58.933,0,1,2.12,47.52,2.68,0.8,0.96,0.11,0.65,0.18,1.86,1.65,0.21,1.67,0,0.86,0.01,0.13,0,0.04,0,2.65,0,0,0,0,0,,,,,,,,,,,,,1.14,county-alert,1,1,overhaul-warning,1,4,last-night,0.14,8.143,100,4,4,31,3,24,100,303,70,87,30,216,0,0,265,65,0,0,0,0,0,0,0,0.04,7.75,8,3.03,1.2429,7.2,,0.2453,,,
stored-night,5,smoke-screen+sluice-jam,w0h0l+,forecast-aware,100,21,0.21,8.93,0.963,44.696,0,1.37,2.58,66.9,1.91,1.12,3.24,0,1.16,1.04,1.66,1.37,0.36,2.87,0,0.88,0.07,0.42,0,0.04,0,3.36,0,0,0,0,0,,,,,,,,,,,,,1.39,county-alert,1,1,overhaul-warning,1,4,last-night,0.39,8.846,100,4,4,36,2,18,100,179,21,17,79,162,0,0,336,116,0,0,0,0,0,0,0,0.04,9,9,1.79,0.8095,2.0506,,0.3452,,,
stored-night,5,smoke-screen+sluice-jam,w0h0l+,planner-one-mistake,100,31,0.31,8.84,0.9427,55.159,0,0.63,2.44,57.06,3,12.76,1.23,0.26,1.11,0,1.98,1.78,0.2,1.6,0,0.52,0,0.11,0,0.01,0,3.44,0,0,0,0,0,70,100,70,25,0,19,81,0.3571,1,12.415,3,0,1.08,county-alert,1,1,overhaul-warning,1,4,last-night,0.08,9,100,1,1,7,0,0,100,551,31,32,69,519,0,0,344,111,0,0,0,0,0,0,0,0.01,7,,5.51,1.0323,7.5217,,0.3227,,,
