level,deck,scenario,seed,planner_won,won_after_mistake,status,turn,best_signature,best_card,best_score,mistake_signature,mistake_card,mistake_score,score_delta,mistake_kind,intent_type,intent_element,shielded_elements
stored-night,tide-siege+hollow-ground,w0h0l0,1,true,false,injected,2,play|breach.land|land|,no-green-left-1,23.75,play|breach.water|water|,spend-tide-1,4.75,19,walked_into_shield,,,water
stored-night,tide-siege+hollow-ground,w0h0l0,2,false,true,injected,2,play|probe.heat|heat|,open-chill-1,13.75,play|disrupt.water|water|,foul-current-1,1,12.75,walked_into_shield,,,water
stored-night,tide-siege+hollow-ground,w0h0l0,3,false,true,injected,2,play|probe.heat|heat|,open-chill-2,13.75,play|probe.water|water|,long-flow-1,2.75,11,walked_into_shield,,,water
stored-night,tide-siege+hollow-ground,w0h0l0,4,true,false,injected,2,play|probe.heat|heat|,open-chill-2,13.75,play|probe.water|water|,long-flow-1,2.75,11,walked_into_shield,,,water
stored-night,tide-siege+hollow-ground,w0h0l0,5,true,false,injected,2,play|disrupt.heat|heat|,idle-fume-1,11,play|disrupt.land|land|,filth-spread-1,8,3,missed_interrupt,shield,heat,
stored-night,tide-siege+hollow-ground,w0h0l0,6,true,true,injected,2,play|probe.heat|heat|,open-chill-2,18.75,play|probe.water|water|,long-flow-2,2.75,16,walked_into_shield,,,water
stored-night,tide-siege+hollow-ground,w0h0l0,7,false,false,injected,2,play|breach.land|land|,hollow-ground-1,23.75,play|breach.water|water|,spend-tide-1,4.75,19,walked_into_shield,,,water
stored-night,tide-siege+hollow-ground,w0h0l0,8,false,false,injected,2,play|gather||gather,,2.5,play|disrupt.water|water|,foul-current-1,-1,3.5,walked_into_shield,,,water
stored-night,tide-siege+hollow-ground,w0h0l0,9,false,false,injected,2,play|probe.heat|heat|,open-chill-1,13.75,play|probe.water|water|,long-flow-2,2.75,11,walked_into_shield,,,water
stored-night,tide-siege+hollow-ground,w0h0l0,10,true,false,injected,3,play|breach.land|land|,no-green-left-1,9.25,play|breach.heat|heat|,hundred-smoke-1,-13.75,23,walked_into_shield,,,heat
stored-night,tide-siege+hollow-ground,w0h0l0,11,true,false,injected,2,play|probe.heat|heat|,open-chill-1,13.75,play|probe.water|water|,long-flow-1,2.75,11,walked_into_shield,,,water
stored-night,tide-siege+hollow-ground,w0h0l0,12,true,false,injected,2,play|probe.heat|heat|,open-chill-1,13.75,play|probe.water|water|,long-flow-1,4.75,9,walked_into_shield,,,water
stored-night,tide-siege+hollow-ground,w0h0l0,13,true,false,injected,2,play|probe.heat|heat|,open-chill-2,13.75,play|probe.water|water|,long-flow-1,4.75,9,walked_into_shield,,,water
stored-night,tide-siege+hollow-ground,w0h0l0,14,true,false,injected,2,play|breach.heat|heat|,hundred-smoke-1,23.75,play|breach.water|water|,tide-siege-1,4.75,19,walked_into_shield,,,water
stored-night,tide-siege+hollow-ground,w0h0l0,15,false,false,injected,2,play|disrupt.land|land|,filth-spread-1,8,play|probe.water|water|,long-flow-1,4.75,3.25,walked_into_shield,,,water
stored-night,tide-siege+hollow-ground,w0h0l0,16,true,false,injected,2,play|probe.heat|heat|,open-chill-3,18.75,play|disrupt.water|water|,foul-current-1,1,17.75,walked_into_shield,,,water
stored-night,tide-siege+hollow-ground,w0h0l0,17,true,false,injected,2,play|probe.heat|heat|,open-chill-3,13.75,play|probe.water|water|,long-flow-1,2.75,11,walked_into_shield,,,water
stored-night,tide-siege+hollow-ground,w0h0l0,18,false,true,injected,2,play|breach.heat|heat|,hundred-smoke-1,23.75,play|disrupt.water|water|,foul-current-1,-0.25,24,walked_into_shield,,,water
stored-night,tide-siege+hollow-ground,w0h0l0,19,false,false,injected,3,play|disrupt.land|land|,filth-spread-1,15.25,play|breach.water|water|,spend-tide-1,7.25,8,missed_interrupt,repair,land,
stored-night,tide-siege+hollow-ground,w0h0l0,20,true,false,injected,2,play|probe.heat|heat|,open-chill-1,13.75,play|probe.water|water|,long-flow-1,2.75,11,walked_into_shield,,,water
stored-night,tide-siege+hollow-ground,w0h0l0,21,true,false,injected,3,play|breach.water|water|,spend-tide-1,11.25,play|breach.heat|heat|,hundred-smoke-1,-15.75,27,walked_into_shield,,,heat
stored-night,tide-siege+hollow-ground,w0h0l0,22,false,false,injected,2,play|probe.heat|heat|,open-chill-1,13.75,play|probe.water|water|,long-flow-1,4.75,9,walked_into_shield,,,water
stored-night,tide-siege+hollow-ground,w0h0l0,23,true,false,injected,3,play|disrupt.land|land|,filth-spread-1,15.25,play|breach.land|land|,no-green-left-1,12.25,3,missed_interrupt,repair,land,
stored-night,tide-siege+hollow-ground,w0h0l0,24,true,true,injected,2,play|probe.heat|heat|,open-chill-3,13.75,play|probe.water|water|,long-flow-2,2.75,11,walked_into_shield,,,water
stored-night,tide-siege+hollow-ground,w0h0l0,25,true,true,injected,2,play|disrupt.heat|heat|,idle-fume-1,11,play|disrupt.land|land|,filth-spread-1,8,3,missed_interrupt,shield,heat,
stored-night,tide-siege+hollow-ground,w0h0l0,26,true,false,injected,2,play|probe.land|land|,trample-green-1,13.75,play|probe.water|water|,long-flow-2,2.75,11,walked_into_shield,,,water
stored-night,tide-siege+hollow-ground,w0h0l0,27,true,true,injected,2,play|probe.heat|heat|,open-chill-3,13.75,play|disrupt.water|water|,foul-current-1,-1,14.75,walked_into_shield,,,water
stored-night,tide-siege+hollow-ground,w0h0l0,28,true,true,injected,2,play|probe.heat|heat|,open-chill-3,13.75,play|probe.water|water|,long-flow-1,4.75,9,walked_into_shield,,,water
stored-night,tide-siege+hollow-ground,w0h0l0,29,true,false,injected,2,play|breach.land|land|,hollow-ground-1,23.75,play|breach.water|water|,tide-siege-1,4.75,19,walked_into_shield,,,water
stored-night,tide-siege+hollow-ground,w0h0l0,30,true,false,injected,2,play|probe.heat|heat|,open-chill-2,13.75,play|probe.water|water|,long-flow-1,4.75,9,walked_into_shield,,,water
stored-night,tide-siege+hollow-ground,w0h0l0,31,false,false,injected,2,play|disrupt.heat|heat|,idle-fume-1,11,play|probe.water|water|,long-flow-2,4.75,6.25,missed_interrupt,shield,heat,
stored-night,tide-siege+hollow-ground,w0h0l0,32,true,true,injected,3,play|disrupt.land|land|,filth-spread-1,13.25,play|breach.water|water|,tide-siege-1,9.25,4,missed_interrupt,repair,land,
stored-night,tide-siege+hollow-ground,w0h0l0,33,false,false,injected,2,play|disrupt.land|land|,filth-spread-1,8,play|probe.water|water|,long-flow-2,2.75,5.25,walked_into_shield,,,water
stored-night,tide-siege+hollow-ground,w0h0l0,34,true,false,injected,2,play|probe.heat|heat|,open-chill-1,18.75,play|disrupt.water|water|,foul-current-1,1,17.75,walked_into_shield,,,water
stored-night,tide-siege+hollow-ground,w0h0l0,35,true,false,injected,2,play|probe.heat|heat|,open-chill-2,13.75,play|probe.water|water|,long-flow-1,2.75,11,walked_into_shield,,,water
stored-night,tide-siege+hollow-ground,w0h0l0,36,false,false,injected,2,play|disrupt.heat|heat|,idle-fume-1,11,play|probe.water|water|,long-flow-1,2.75,8.25,missed_interrupt,shield,heat,
stored-night,tide-siege+hollow-ground,w0h0l0,37,true,false,injected,3,play|breach.water|water|,tide-siege-1,9.25,play|probe.heat|heat|,open-chill-1,-15,24.25,walked_into_shield,,,heat
stored-night,tide-siege+hollow-ground,w0h0l0,38,true,false,injected,2,play|probe.land|land|,trample-green-2,13.75,play|probe.water|water|,long-flow-1,2.75,11,walked_into_shield,,,water
stored-night,tide-siege+hollow-ground,w0h0l0,39,true,true,injected,2,play|probe.heat|heat|,open-chill-3,13.75,play|probe.water|water|,long-flow-2,2.75,11,walked_into_shield,,,water
stored-night,tide-siege+hollow-ground,w0h0l0,40,true,false,injected,2,play|disrupt.heat|heat|,idle-fume-1,11,play|disrupt.land|land|,filth-spread-1,8,3,missed_interrupt,shield,heat,
stored-night,tide-siege+hollow-ground,w0h0l0,41,true,false,injected,2,play|probe.heat|heat|,open-chill-2,13.75,play|probe.water|water|,long-flow-2,2.75,11,walked_into_shield,,,water
stored-night,tide-siege+hollow-ground,w0h0l0,42,false,true,injected,2,play|probe.heat|heat|,open-chill-1,13.75,play|probe.water|water|,long-flow-1,2.75,11,walked_into_shield,,,water
stored-night,tide-siege+hollow-ground,w0h0l0,43,true,false,injected,2,play|probe.heat|heat|,open-chill-1,13.75,play|probe.water|water|,long-flow-2,2.75,11,walked_into_shield,,,water
stored-night,tide-siege+hollow-ground,w0h0l0,44,true,false,injected,2,play|probe.heat|heat|,open-chill-3,13.75,play|probe.water|water|,long-flow-2,2.75,11,walked_into_shield,,,water
stored-night,tide-siege+hollow-ground,w0h0l0,45,false,false,injected,2,play|probe.heat|heat|,open-chill-2,13.75,play|disrupt.water|water|,foul-current-1,1,12.75,walked_into_shield,,,water
stored-night,tide-siege+hollow-ground,w0h0l0,46,false,false,injected,2,play|disrupt.heat|heat|,idle-fume-1,11,play|disrupt.land|land|,filth-spread-1,8,3,missed_interrupt,shield,heat,
stored-night,tide-siege+hollow-ground,w0h0l0,47,true,true,injected,2,play|disrupt.heat|heat|,idle-fume-1,11,play|probe.water|water|,long-flow-2,4.75,6.25,missed_interrupt,shield,heat,
stored-night,tide-siege+hollow-ground,w0h0l0,48,true,true,injected,2,play|probe.land|land|,trample-green-2,13.75,play|probe.water|water|,long-flow-1,2.75,11,walked_into_shield,,,water
stored-night,tide-siege+hollow-ground,w0h0l0,49,true,true,injected,3,play|disrupt.land|land|,filth-spread-1,13.25,play|breach.land|land|,hollow-ground-1,9.25,4,missed_interrupt,repair,land,
stored-night,tide-siege+hollow-ground,w0h0l0,50,true,true,injected,3,play|disrupt.land|land|,filth-spread-1,13.25,play|disrupt.water|water|,foul-current-1,-7.75,21,missed_interrupt,repair,land,
stored-night,tide-siege+hollow-ground,w0h0l0,51,false,false,injected,2,play|disrupt.heat|heat|,idle-fume-1,11,play|probe.water|water|,long-flow-1,4.75,6.25,missed_interrupt,shield,heat,
stored-night,tide-siege+hollow-ground,w0h0l0,52,true,false,injected,2,play|breach.land|land|,hollow-ground-1,23.75,play|breach.water|water|,spend-tide-1,4.75,19,walked_into_shield,,,water
stored-night,tide-siege+hollow-ground,w0h0l0,53,true,false,injected,2,play|breach.heat|heat|,hundred-smoke-1,23.75,play|breach.water|water|,tide-siege-1,4.75,19,walked_into_shield,,,water
stored-night,tide-siege+hollow-ground,w0h0l0,54,false,false,injected,2,play|breach.land|land|,hollow-ground-1,23.75,play|breach.water|water|,spend-tide-1,4.75,19,walked_into_shield,,,water
stored-night,tide-siege+hollow-ground,w0h0l0,55,true,false,injected,2,play|probe.heat|heat|,open-chill-1,13.75,play|probe.water|water|,long-flow-1,2.75,11,walked_into_shield,,,water
stored-night,tide-siege+hollow-ground,w0h0l0,56,true,false,injected,2,play|probe.heat|heat|,open-chill-1,18.75,play|probe.water|water|,long-flow-1,2.75,16,walked_into_shield,,,water
stored-night,tide-siege+hollow-ground,w0h0l0,57,false,false,injected,2,play|probe.heat|heat|,open-chill-1,18.75,play|probe.water|water|,long-flow-1,2.75,16,walked_into_shield,,,water
stored-night,tide-siege+hollow-ground,w0h0l0,58,false,false,injected,2,play|disrupt.land|land|,filth-spread-1,8,play|probe.water|water|,long-flow-2,2.75,5.25,walked_into_shield,,,water
stored-night,tide-siege+hollow-ground,w0h0l0,59,true,false,injected,2,play|probe.heat|heat|,open-chill-1,13.75,play|probe.water|water|,long-flow-2,2.75,11,walked_into_shield,,,water
stored-night,tide-siege+hollow-ground,w0h0l0,60,true,true,injected,3,play|disrupt.land|land|,filth-spread-1,13.25,play|breach.land|land|,hollow-ground-1,9.25,4,missed_interrupt,repair,land,
stored-night,tide-siege+hollow-ground,w0h0l0,61,false,false,injected,2,play|probe.heat|heat|,open-chill-1,13.75,play|disrupt.water|water|,foul-current-1,1,12.75,walked_into_shield,,,water
stored-night,tide-siege+hollow-ground,w0h0l0,62,false,false,injected,2,play|probe.heat|heat|,open-chill-3,13.75,play|probe.water|water|,long-flow-2,4.75,9,walked_into_shield,,,water
stored-night,tide-siege+hollow-ground,w0h0l0,63,true,false,injected,2,play|probe.heat|heat|,open-chill-2,13.75,play|probe.water|water|,long-flow-2,2.75,11,walked_into_shield,,,water
stored-night,tide-siege+hollow-ground,w0h0l0,64,true,false,injected,2,play|probe.land|land|,trample-green-2,13.75,play|probe.water|water|,long-flow-1,2.75,11,walked_into_shield,,,water
stored-night,tide-siege+hollow-ground,w0h0l0,65,true,false,injected,2,play|probe.heat|heat|,open-chill-2,13.75,play|probe.water|water|,long-flow-2,4.75,9,walked_into_shield,,,water
stored-night,tide-siege+hollow-ground,w0h0l0,66,true,false,injected,3,play|breach.water|water|,tide-siege-1,10.25,play|breach.heat|heat|,hundred-smoke-1,-13.75,24,walked_into_shield,,,heat
stored-night,tide-siege+hollow-ground,w0h0l0,67,false,false,injected,2,play|probe.land|land|,trample-green-2,13.75,play|probe.water|water|,long-flow-1,2.75,11,walked_into_shield,,,water
stored-night,tide-siege+hollow-ground,w0h0l0,68,false,false,injected,2,play|disrupt.heat|heat|,idle-fume-1,11,play|probe.water|water|,long-flow-2,4.75,6.25,missed_interrupt,shield,heat,
stored-night,tide-siege+hollow-ground,w0h0l0,69,false,false,injected,2,play|probe.heat|heat|,open-chill-2,18.75,play|probe.water|water|,long-flow-1,2.75,16,walked_into_shield,,,water
stored-night,tide-siege+hollow-ground,w0h0l0,70,true,false,injected,2,play|probe.heat|heat|,open-chill-1,18.75,play|probe.water|water|,long-flow-2,2.75,16,walked_into_shield,,,water
stored-night,tide-siege+hollow-ground,w0h0l0,71,true,false,injected,2,play|breach.heat|heat|,hundred-smoke-1,23.75,play|breach.water|water|,spend-tide-1,4.75,19,walked_into_shield,,,water
stored-night,tide-siege+hollow-ground,w0h0l0,72,true,false,injected,2,play|probe.land|land|,trample-green-1,13.75,play|probe.water|water|,long-flow-2,4.75,9,walked_into_shield,,,water
stored-night,tide-siege+hollow-ground,w0h0l0,73,false,true,injected,2,play|disrupt.land|land|,filth-spread-1,8,play|probe.water|water|,long-flow-2,2.75,5.25,walked_into_shield,,,water
stored-night,tide-siege+hollow-ground,w0h0l0,74,false,false,injected,2,play|probe.heat|heat|,open-chill-2,13.75,play|probe.water|water|,long-flow-1,2.75,11,walked_into_shield,,,water
stored-night,tide-siege+hollow-ground,w0h0l0,75,true,false,injected,2,play|breach.heat|heat|,hundred-smoke-1,23.75,play|breach.water|water|,tide-siege-1,4.75,19,walked_into_shield,,,water
stored-night,tide-siege+hollow-ground,w0h0l0,76,false,false,injected,2,play|disrupt.heat|heat|,idle-fume-1,11,play|disrupt.land|land|,filth-spread-1,8,3,missed_interrupt,shield,heat,
stored-night,tide-siege+hollow-ground,w0h0l0,77,true,true,injected,2,play|disrupt.heat|heat|,idle-fume-1,11,play|probe.water|water|,long-flow-2,2.75,8.25,missed_interrupt,shield,heat,
stored-night,tide-siege+hollow-ground,w0h0l0,78,true,false,injected,2,play|probe.heat|heat|,open-chill-3,13.75,play|probe.water|water|,long-flow-2,2.75,11,walked_into_shield,,,water
stored-night,tide-siege+hollow-ground,w0h0l0,79,false,false,injected,3,play|probe.land|land|,trample-green-2,-2,play|probe.heat|heat|,open-chill-2,-15,13,walked_into_shield,,,heat
stored-night,tide-siege+hollow-ground,w0h0l0,80,true,false,injected,3,play|breach.water|water|,tide-siege-1,11.25,play|breach.heat|heat|,hundred-smoke-1,-15.75,27,walked_into_shield,,,heat
stored-night,tide-siege+hollow-ground,w0h0l0,81,true,false,injected,2,play|probe.heat|heat|,open-chill-3,13.75,play|disrupt.water|water|,foul-current-1,-1,14.75,walked_into_shield,,,water
stored-night,tide-siege+hollow-ground,w0h0l0,82,false,false,injected,2,play|breach.land|land|,hollow-ground-1,23.75,play|breach.water|water|,spend-tide-1,4.75,19,walked_into_shield,,,water
stored-night,tide-siege+hollow-ground,w0h0l0,83,true,false,injected,2,play|probe.heat|heat|,open-chill-2,13.75,play|probe.water|water|,long-flow-1,2.75,11,walked_into_shield,,,water
stored-night,tide-siege+hollow-ground,w0h0l0,84,true,false,injected,2,play|probe.heat|heat|,open-chill-3,13.75,play|probe.water|water|,long-flow-2,4.75,9,walked_into_shield,,,water
stored-night,tide-siege+hollow-ground,w0h0l0,85,true,false,injected,2,play|probe.heat|heat|,open-chill-2,13.75,play|probe.water|water|,long-flow-2,4.75,9,walked_into_shield,,,water
stored-night,tide-siege+hollow-ground,w0h0l0,86,true,true,injected,2,play|probe.heat|heat|,open-chill-1,13.75,play|probe.water|water|,long-flow-2,2.75,11,walked_into_shield,,,water
stored-night,tide-siege+hollow-ground,w0h0l0,87,false,true,injected,2,play|probe.land|land|,trample-green-2,13.75,play|probe.water|water|,long-flow-1,2.75,11,walked_into_shield,,,water
stored-night,tide-siege+hollow-ground,w0h0l0,88,true,false,injected,2,play|probe.heat|heat|,open-chill-3,13.75,play|probe.water|water|,long-flow-2,4.75,9,walked_into_shield,,,water
stored-night,tide-siege+hollow-ground,w0h0l0,89,false,false,injected,2,play|probe.heat|heat|,open-chill-1,13.75,play|disrupt.water|water|,foul-current-1,-1,14.75,walked_into_shield,,,water
stored-night,tide-siege+hollow-ground,w0h0l0,90,true,true,injected,2,play|probe.heat|heat|,open-chill-2,13.75,play|probe.water|water|,long-flow-1,2.75,11,walked_into_shield,,,water
stored-night,tide-siege+hollow-ground,w0h0l0,91,true,false,injected,2,play|probe.land|land|,trample-green-2,13.75,play|probe.water|water|,long-flow-2,2.75,11,walked_into_shield,,,water
stored-night,tide-siege+hollow-ground,w0h0l0,92,false,false,injected,2,play|disrupt.heat|heat|,idle-fume-1,11,play|probe.water|water|,long-flow-2,2.75,8.25,missed_interrupt,shield,heat,
stored-night,tide-siege+hollow-ground,w0h0l0,93,true,true,injected,2,play|probe.heat|heat|,open-chill-1,13.75,play|probe.water|water|,long-flow-2,2.75,11,walked_into_shield,,,water
stored-night,tide-siege+hollow-ground,w0h0l0,94,true,true,injected,2,play|probe.land|land|,trample-green-2,13.75,play|probe.water|water|,long-flow-2,2.75,11,walked_into_shield,,,water
stored-night,tide-siege+hollow-ground,w0h0l0,95,false,false,injected,2,play|probe.heat|heat|,open-chill-2,13.75,play|probe.water|water|,long-flow-2,2.75,11,walked_into_shield,,,water
stored-night,tide-siege+hollow-ground,w0h0l0,96,false,true,injected,2,play|probe.heat|heat|,open-chill-2,13.75,play|probe.water|water|,long-flow-2,2.75,11,walked_into_shield,,,water
stored-night,tide-siege+hollow-ground,w0h0l0,97,true,false,injected,2,play|breach.land|land|,no-green-left-1,23.75,play|disrupt.water|water|,foul-current-1,-0.25,24,walked_into_shield,,,water
stored-night,tide-siege+hollow-ground,w0h0l0,98,false,false,injected,2,play|probe.heat|heat|,open-chill-2,18.75,play|probe.water|water|,long-flow-1,2.75,16,walked_into_shield,,,water
stored-night,tide-siege+hollow-ground,w0h0l0,99,true,true,injected,3,play|breach.water|water|,spend-tide-1,7.25,play|probe.heat|heat|,open-chill-2,-13,20.25,walked_into_shield,,,heat
stored-night,tide-siege+hollow-ground,w0h0l0,100,false,false,injected,2,play|disrupt.land|land|,filth-spread-1,8,play|disrupt.water|water|,foul-current-1,1,7,walked_into_shield,,,water
stored-night,tide-siege+hollow-ground,w-h-l-,1,true,false,injected,2,play|breach.land|land|,no-green-left-1,22.75,play|breach.water|water|,spend-tide-1,4.75,18,walked_into_shield,,,water
stored-night,tide-siege+hollow-ground,w-h-l-,2,false,false,injected,2,play|probe.heat|heat|,open-chill-1,13.75,play|disrupt.water|water|,foul-current-1,1,12.75,walked_into_shield,,,water
stored-night,tide-siege+hollow-ground,w-h-l-,3,false,true,injected,2,play|probe.heat|heat|,open-chill-2,13.75,play|probe.water|water|,long-flow-1,2.75,11,walked_into_shield,,,water
stored-night,tide-siege+hollow-ground,w-h-l-,4,false,false,injected,2,play|probe.heat|heat|,open-chill-2,13.75,play|probe.water|water|,long-flow-1,4.75,9,walked_into_shield,,,water
stored-night,tide-siege+hollow-ground,w-h-l-,5,true,false,injected,2,play|disrupt.heat|heat|,idle-fume-1,11,play|disrupt.land|land|,filth-spread-1,8,3,missed_interrupt,shield,heat,
stored-night,tide-siege+hollow-ground,w-h-l-,6,true,true,injected,2,play|probe.heat|heat|,open-chill-2,17.75,play|probe.water|water|,long-flow-2,2.75,15,walked_into_shield,,,water
stored-night,tide-siege+hollow-ground,w-h-l-,7,false,false,injected,2,play|breach.land|land|,hollow-ground-1,22.75,play|breach.water|water|,spend-tide-1,4.75,18,walked_into_shield,,,water
stored-night,tide-siege+hollow-ground,w-h-l-,8,false,false,injected,2,play|gather||gather,,2.5,play|disrupt.water|water|,foul-current-1,-1,3.5,walked_into_shield,,,water
stored-night,tide-siege+hollow-ground,w-h-l-,9,false,false,injected,2,play|probe.heat|heat|,open-chill-1,13.75,play|probe.water|water|,long-flow-2,2.75,11,walked_into_shield,,,water
stored-night,tide-siege+hollow-ground,w-h-l-,10,true,false,injected,3,play|breach.land|land|,no-green-left-1,9.25,play|breach.heat|heat|,hundred-smoke-1,-13.75,23,walked_into_shield,,,heat
stored-night,tide-siege+hollow-ground,w-h-l-,11,true,false,injected,2,play|probe.heat|heat|,open-chill-1,13.75,play|probe.water|water|,long-flow-1,2.75,11,walked_into_shield,,,water
stored-night,tide-siege+hollow-ground,w-h-l-,12,true,false,injected,2,play|probe.heat|heat|,open-chill-1,13.75,play|probe.water|water|,long-flow-1,4.75,9,walked_into_shield,,,water
stored-night,tide-siege+hollow-ground,w-h-l-,13,true,false,injected,2,play|probe.heat|heat|,open-chill-2,13.75,play|probe.water|water|,long-flow-1,4.75,9,walked_into_shield,,,water
stored-night,tide-siege+hollow-ground,w-h-l-,14,true,false,injected,2,play|breach.heat|heat|,hundred-smoke-1,23.75,play|breach.water|water|,tide-siege-1,4.75,19,walked_into_shield,,,water
stored-night,tide-siege+hollow-ground,w-h-l-,15,false,false,injected,2,play|disrupt.land|land|,filth-spread-1,8,play|probe.water|water|,long-flow-1,4.75,3.25,walked_into_shield,,,water
stored-night,tide-siege+hollow-ground,w-h-l-,16,true,false,injected,2,play|probe.heat|heat|,open-chill-3,17.75,play|disrupt.water|water|,foul-current-1,1,16.75,walked_into_shield,,,water
stored-night,tide-siege+hollow-ground,w-h-l-,17,true,false,injected,2,play|probe.heat|heat|,open-chill-3,13.75,play|probe.water|water|,long-flow-1,2.75,11,walked_into_shield,,,water
stored-night,tide-siege+hollow-ground,w-h-l-,18,false,true,injected,2,play|breach.heat|heat|,hundred-smoke-1,23.75,play|disrupt.water|water|,foul-current-1,-0.25,24,walked_into_shield,,,water
stored-night,tide-siege+hollow-ground,w-h-l-,19,true,true,injected,3,play|disrupt.land|land|,filth-spread-1,10.25,play|breach.land|land|,no-green-left-1,4.25,6,missed_interrupt,repair,land,
stored-night,tide-siege+hollow-ground,w-h-l-,20,true,false,injected,2,play|probe.heat|heat|,open-chill-1,13.75,play|probe.water|water|,long-flow-1,2.75,11,walked_into_shield,,,water
stored-night,tide-siege+hollow-ground,w-h-l-,21,true,false,injected,4,play|probe.water|water|,long-flow-2,17,play|probe.heat|heat|,open-chill-3,6.5,10.5,walked_into_shield,,,heat
stored-night,tide-siege+hollow-ground,w-h-l-,22,false,false,injected,2,play|probe.heat|heat|,open-chill-1,13.75,play|probe.water|water|,long-flow-1,4.75,9,walked_into_shield,,,water
stored-night,tide-siege+hollow-ground,w-h-l-,23,true,false,injected,3,play|disrupt.land|land|,filth-spread-1,15.25,play|breach.land|land|,no-green-left-1,12.25,3,missed_interrupt,repair,land,
stored-night,tide-siege+hollow-ground,w-h-l-,24,true,true,injected,2,play|probe.heat|heat|,open-chill-3,13.75,play|probe.water|water|,long-flow-2,2.75,11,walked_into_shield,,,water
stored-night,tide-siege+hollow-ground,w-h-l-,25,true,true,injected,2,play|disrupt.heat|heat|,idle-fume-1,11,play|disrupt.land|land|,filth-spread-1,8,3,missed_interrupt,shield,heat,
stored-night,tide-siege+hollow-ground,w-h-l-,26,true,false,injected,2,play|probe.land|land|,trample-green-1,13.75,play|probe.water|water|,long-flow-2,2.75,11,walked_into_shield,,,water
stored-night,tide-siege+hollow-ground,w-h-l-,27,true,true,injected,2,play|probe.heat|heat|,open-chill-3,13.75,play|disrupt.water|water|,foul-current-1,-1,14.75,walked_into_shield,,,water
stored-night,tide-siege+hollow-ground,w-h-l-,28,true,true,injected,2,play|probe.heat|heat|,open-chill-3,13.75,play|probe.water|water|,long-flow-1,4.75,9,walked_into_shield,,,water
stored-night,tide-siege+hollow-ground,w-h-l-,29,true,false,injected,2,play|breach.land|land|,hollow-ground-1,22.75,play|breach.water|water|,tide-siege-1,4.75,18,walked_into_shield,,,water
stored-night,tide-siege+hollow-ground,w-h-l-,30,true,false,injected,2,play|probe.heat|heat|,open-chill-2,13.75,play|probe.water|water|,long-flow-1,4.75,9,walked_into_shield,,,water
stored-night,tide-siege+hollow-ground,w-h-l-,31,false,false,injected,2,play|disrupt.heat|heat|,idle-fume-1,11,play|probe.water|water|,long-flow-2,4.75,6.25,missed_interrupt,shield,heat,
stored-night,tide-siege+hollow-ground,w-h-l-,32,true,true,injected,3,play|disrupt.land|land|,filth-spread-1,13.25,play|breach.water|water|,tide-siege-1,9.25,4,missed_interrupt,repair,land,
stored-night,tide-siege+hollow-ground,w-h-l-,33,false,false,injected,2,play|disrupt.land|land|,filth-spread-1,8,play|probe.water|water|,long-flow-2,2.75,5.25,walked_into_shield,,,water
stored-night,tide-siege+hollow-ground,w-h-l-,34,true,false,injected,2,play|probe.heat|heat|,open-chill-1,17.75,play|disrupt.water|water|,foul-current-1,1,16.75,walked_into_shield,,,water
stored-night,tide-siege+hollow-ground,w-h-l-,35,false,false,injected,2,play|probe.heat|heat|,open-chill-2,13.75,play|probe.water|water|,long-flow-1,2.75,11,walked_into_shield,,,water
stored-night,tide-siege+hollow-ground,w-h-l-,36,false,false,injected,2,play|disrupt.heat|heat|,idle-fume-1,11,play|probe.water|water|,long-flow-1,2.75,8.25,missed_interrupt,shield,heat,
stored-night,tide-siege+hollow-ground,w-h-l-,37,true,false,injected,3,play|breach.water|water|,tide-siege-1,9.25,play|probe.heat|heat|,open-chill-1,-15,24.25,walked_into_shield,,,heat
stored-night,tide-siege+hollow-ground,w-h-l-,38,true,false,injected,2,play|probe.land|land|,trample-green-2,13.75,play|probe.water|water|,long-flow-1,2.75,11,walked_into_shield,,,water
stored-night,tide-siege+hollow-ground,w-h-l-,39,true,true,injected,2,play|probe.heat|heat|,open-chill-3,13.75,play|probe.water|water|,long-flow-2,2.75,11,walked_into_shield,,,water
stored-night,tide-siege+hollow-ground,w-h-l-,40,false,false,injected,2,play|disrupt.heat|heat|,idle-fume-1,11,play|disrupt.land|land|,filth-spread-1,8,3,missed_interrupt,shield,heat,
stored-night,tide-siege+hollow-ground,w-h-l-,41,true,false,injected,2,play|probe.heat|heat|,open-chill-2,13.75,play|probe.water|water|,long-flow-2,2.75,11,walked_into_shield,,,water
stored-night,tide-siege+hollow-ground,w-h-l-,42,false,true,injected,2,play|probe.heat|heat|,open-chill-1,13.75,play|probe.water|water|,long-flow-1,2.75,11,walked_into_shield,,,water
stored-night,tide-siege+hollow-ground,w-h-l-,43,true,false,injected,2,play|probe.heat|heat|,open-chill-1,13.75,play|probe.water|water|,long-flow-2,2.75,11,walked_into_shield,,,water
stored-night,tide-siege+hollow-ground,w-h-l-,44,true,false,injected,2,play|probe.heat|heat|,open-chill-3,13.75,play|probe.water|water|,long-flow-2,2.75,11,walked_into_shield,,,water
stored-night,tide-siege+hollow-ground,w-h-l-,45,true,false,injected,2,play|probe.heat|heat|,open-chill-2,17.75,play|disrupt.water|water|,foul-current-1,1,16.75,walked_into_shield,,,water
stored-night,tide-siege+hollow-ground,w-h-l-,46,true,true,injected,2,play|disrupt.heat|heat|,idle-fume-1,11,play|disrupt.land|land|,filth-spread-1,8,3,missed_interrupt,shield,heat,
stored-night,tide-siege+hollow-ground,w-h-l-,47,true,true,injected,2,play|disrupt.heat|heat|,idle-fume-1,11,play|probe.water|water|,long-flow-2,4.75,6.25,missed_interrupt,shield,heat,
stored-night,tide-siege+hollow-ground,w-h-l-,48,true,true,injected,2,play|probe.land|land|,trample-green-2,13.75,play|probe.water|water|,long-flow-1,2.75,11,walked_into_shield,,,water
stored-night,tide-siege+hollow-ground,w-h-l-,49,true,false,injected,3,play|disrupt.land|land|,filth-spread-1,12.25,play|breach.land|land|,hollow-ground-1,9.25,3,missed_interrupt,repair,land,
stored-night,tide-siege+hollow-ground,w-h-l-,50,true,true,injected,3,play|disrupt.land|land|,filth-spread-1,12.25,play|disrupt.water|water|,foul-current-1,-7.75,20,missed_interrupt,repair,land,
stored-night,tide-siege+hollow-ground,w-h-l-,51,false,false,injected,2,play|disrupt.heat|heat|,idle-fume-1,11,play|probe.water|water|,long-flow-1,4.75,6.25,missed_interrupt,shield,heat,
stored-night,tide-siege+hollow-ground,w-h-l-,52,true,false,injected,2,play|breach.heat|heat|,hundred-smoke-1,23.75,play|breach.water|water|,spend-tide-1,4.75,19,walked_into_shield,,,water
stored-night,tide-siege+hollow-ground,w-h-l-,53,true,false,injected,2,play|breach.heat|heat|,hundred-smoke-1,23.75,play|breach.water|water|,tide-siege-1,4.75,19,walked_into_shield,,,water
stored-night,tide-siege+hollow-ground,w-h-l-,54,true,false,injected,2,play|breach.heat|heat|,hundred-smoke-1,23.75,play|breach.water|water|,spend-tide-1,4.75,19,walked_into_shield,,,water
stored-night,tide-siege+hollow-ground,w-h-l-,55,true,false,injected,2,play|probe.heat|heat|,open-chill-1,13.75,play|probe.water|water|,long-flow-1,2.75,11,walked_into_shield,,,water
stored-night,tide-siege+hollow-ground,w-h-l-,56,true,false,injected,2,play|probe.heat|heat|,open-chill-1,17.75,play|probe.water|water|,long-flow-1,2.75,15,walked_into_shield,,,water
stored-night,tide-siege+hollow-ground,w-h-l-,57,false,false,injected,2,play|probe.heat|heat|,open-chill-1,17.75,play|probe.water|water|,long-flow-1,2.75,15,walked_into_shield,,,water
stored-night,tide-siege+hollow-ground,w-h-l-,58,false,false,injected,2,play|disrupt.land|land|,filth-spread-1,8,play|probe.water|water|,long-flow-2,2.75,5.25,walked_into_shield,,,water
stored-night,tide-siege+hollow-ground,w-h-l-,59,true,false,injected,2,play|probe.heat|heat|,open-chill-1,13.75,play|probe.water|water|,long-flow-2,2.75,11,walked_into_shield,,,water
stored-night,tide-siege+hollow-ground,w-h-l-,60,true,true,injected,3,play|disrupt.land|land|,filth-spread-1,12.25,play|breach.land|land|,hollow-ground-1,9.25,3,missed_interrupt,repair,land,
stored-night,tide-siege+hollow-ground,w-h-l-,61,false,true,injected,2,play|probe.heat|heat|,open-chill-1,17.75,play|disrupt.water|water|,foul-current-1,1,16.75,walked_into_shield,,,water
stored-night,tide-siege+hollow-ground,w-h-l-,62,false,false,injected,2,play|probe.heat|heat|,open-chill-3,13.75,play|probe.water|water|,long-flow-2,4.75,9,walked_into_shield,,,water
stored-night,tide-siege+hollow-ground,w-h-l-,63,false,false,injected,2,play|probe.heat|heat|,open-chill-2,13.75,play|probe.water|water|,long-flow-2,2.75,11,walked_into_shield,,,water
stored-night,tide-siege+hollow-ground,w-h-l-,64,false,false,injected,2,play|probe.land|land|,trample-green-2,13.75,play|probe.water|water|,long-flow-1,2.75,11,walked_into_shield,,,water
stored-night,tide-siege+hollow-ground,w-h-l-,65,true,false,injected,2,play|probe.heat|heat|,open-chill-2,13.75,play|probe.water|water|,long-flow-2,4.75,9,walked_into_shield,,,water
stored-night,tide-siege+hollow-ground,w-h-l-,66,true,false,injected,3,play|probe.land|land|,trample-green-1,-2,play|breach.heat|heat|,hundred-smoke-1,-13.75,11.75,walked_into_shield,,,heat
stored-night,tide-siege+hollow-ground,w-h-l-,67,false,false,injected,2,play|probe.land|land|,trample-green-2,13.75,play|probe.water|water|,long-flow-1,2.75,11,walked_into_shield,,,water
stored-night,tide-siege+hollow-ground,w-h-l-,68,false,false,injected,2,play|disrupt.heat|heat|,idle-fume-1,11,play|probe.water|water|,long-flow-2,4.75,6.25,missed_interrupt,shield,heat,
stored-night,tide-siege+hollow-ground,w-h-l-,69,false,false,injected,2,play|probe.heat|heat|,open-chill-2,17.75,play|probe.water|water|,long-flow-1,2.75,15,walked_into_shield,,,water
stored-night,tide-siege+hollow-ground,w-h-l-,70,true,false,injected,2,play|probe.heat|heat|,open-chill-1,17.75,play|probe.water|water|,long-flow-2,2.75,15,walked_into_shield,,,water
stored-night,tide-siege+hollow-ground,w-h-l-,71,true,false,injected,2,play|breach.heat|heat|,hundred-smoke-1,23.75,play|breach.water|water|,spend-tide-1,4.75,19,walked_into_shield,,,water
stored-night,tide-siege+hollow-ground,w-h-l-,72,true,false,injected,2,play|probe.land|land|,trample-green-1,13.75,play|probe.water|water|,long-flow-2,4.75,9,walked_into_shield,,,water
stored-night,tide-siege+hollow-ground,w-h-l-,73,false,true,injected,2,play|disrupt.land|land|,filth-spread-1,8,play|probe.water|water|,long-flow-2,2.75,5.25,walked_into_shield,,,water
stored-night,tide-siege+hollow-ground,w-h-l-,74,false,false,injected,2,play|probe.heat|heat|,open-chill-2,13.75,play|probe.water|water|,long-flow-1,2.75,11,walked_into_shield,,,water
stored-night,tide-siege+hollow-ground,w-h-l-,75,true,false,injected,2,play|breach.heat|heat|,hundred-smoke-1,23.75,play|breach.water|water|,tide-siege-1,4.75,19,walked_into_shield,,,water
stored-night,tide-siege+hollow-ground,w-h-l-,76,false,false,injected,2,play|disrupt.heat|heat|,idle-fume-1,11,play|disrupt.land|land|,filth-spread-1,8,3,missed_interrupt,shield,heat,
stored-night,tide-siege+hollow-ground,w-h-l-,77,false,false,injected,2,play|disrupt.heat|heat|,idle-fume-1,11,play|probe.water|water|,long-flow-2,2.75,8.25,missed_interrupt,shield,heat,
stored-night,tide-siege+hollow-ground,w-h-l-,78,true,false,injected,2,play|probe.heat|heat|,open-chill-3,13.75,play|probe.water|water|,long-flow-2,2.75,11,walked_into_shield,,,water
stored-night,tide-siege+hollow-ground,w-h-l-,79,false,false,injected,3,play|probe.land|land|,trample-green-2,-2,play|probe.heat|heat|,open-chill-2,-15,13,walked_into_shield,,,heat
stored-night,tide-siege+hollow-ground,w-h-l-,80,true,true,injected,4,play|probe.land|land|,trample-green-1,18.5,play|probe.heat|heat|,open-chill-3,6.5,12,walked_into_shield,,,heat
stored-night,tide-siege+hollow-ground,w-h-l-,81,true,false,injected,2,play|probe.heat|heat|,open-chill-3,13.75,play|disrupt.water|water|,foul-current-1,-1,14.75,walked_into_shield,,,water
stored-night,tide-siege+hollow-ground,w-h-l-,82,false,false,injected,2,play|breach.land|land|,hollow-ground-1,22.75,play|breach.water|water|,spend-tide-1,4.75,18,walked_into_shield,,,water
stored-night,tide-siege+hollow-ground,w-h-l-,83,true,false,injected,2,play|probe.heat|heat|,open-chill-2,13.75,play|probe.water|water|,long-flow-1,4.75,9,walked_into_shield,,,water
stored-night,tide-siege+hollow-ground,w-h-l-,84,true,false,injected,2,play|probe.heat|heat|,open-chill-3,13.75,play|probe.water|water|,long-flow-2,4.75,9,walked_into_shield,,,water
stored-night,tide-siege+hollow-ground,w-h-l-,85,true,false,injected,2,play|probe.heat|heat|,open-chill-2,13.75,play|probe.water|water|,long-flow-2,4.75,9,walked_into_shield,,,water
stored-night,tide-siege+hollow-ground,w-h-l-,86,true,true,injected,2,play|probe.heat|heat|,open-chill-1,13.75,play|probe.water|water|,long-flow-2,2.75,11,walked_into_shield,,,water
stored-night,tide-siege+hollow-ground,w-h-l-,87,false,true,injected,2,play|probe.land|land|,trample-green-2,13.75,play|probe.water|water|,long-flow-1,2.75,11,walked_into_shield,,,water
stored-night,tide-siege+hollow-ground,w-h-l-,88,true,false,injected,2,play|probe.heat|heat|,open-chill-3,13.75,play|probe.water|water|,long-flow-2,4.75,9,walked_into_shield,,,water
stored-night,tide-siege+hollow-ground,w-h-l-,89,false,false,injected,2,play|probe.heat|heat|,open-chill-1,13.75,play|disrupt.water|water|,foul-current-1,-1,14.75,walked_into_shield,,,water
stored-night,tide-siege+hollow-ground,w-h-l-,90,true,false,injected,2,play|probe.heat|heat|,open-chill-2,13.75,play|probe.water|water|,long-flow-1,2.75,11,walked_into_shield,,,water
stored-night,tide-siege+hollow-ground,w-h-l-,91,true,false,injected,2,play|probe.land|land|,trample-green-2,13.75,play|probe.water|water|,long-flow-2,2.75,11,walked_into_shield,,,water
stored-night,tide-siege+hollow-ground,w-h-l-,92,false,false,injected,2,play|disrupt.heat|heat|,idle-fume-1,11,play|probe.water|water|,long-flow-2,2.75,8.25,missed_interrupt,shield,heat,
stored-night,tide-siege+hollow-ground,w-h-l-,93,true,false,injected,2,play|probe.heat|heat|,open-chill-1,13.75,play|probe.water|water|,long-flow-2,2.75,11,walked_into_shield,,,water
stored-night,tide-siege+hollow-ground,w-h-l-,94,true,true,injected,2,play|probe.land|land|,trample-green-2,13.75,play|probe.water|water|,long-flow-2,2.75,11,walked_into_shield,,,water
stored-night,tide-siege+hollow-ground,w-h-l-,95,true,false,injected,2,play|probe.heat|heat|,open-chill-2,13.75,play|probe.water|water|,long-flow-2,4.75,9,walked_into_shield,,,water
stored-night,tide-siege+hollow-ground,w-h-l-,96,false,true,injected,2,play|probe.heat|heat|,open-chill-2,13.75,play|probe.water|water|,long-flow-2,2.75,11,walked_into_shield,,,water
stored-night,tide-siege+hollow-ground,w-h-l-,97,false,false,injected,2,play|breach.heat|heat|,hundred-smoke-1,23.75,play|disrupt.water|water|,foul-current-1,-0.25,24,walked_into_shield,,,water
stored-night,tide-siege+hollow-ground,w-h-l-,98,false,false,injected,2,play|probe.heat|heat|,open-chill-2,17.75,play|probe.water|water|,long-flow-1,2.75,15,walked_into_shield,,,water
stored-night,tide-siege+hollow-ground,w-h-l-,99,true,false,injected,3,play|breach.water|water|,spend-tide-1,7.25,play|probe.heat|heat|,open-chill-2,-13,20.25,walked_into_shield,,,heat
stored-night,tide-siege+hollow-ground,w-h-l-,100,false,false,injected,2,play|disrupt.land|land|,filth-spread-1,8,play|disrupt.water|water|,foul-current-1,-1,9,walked_into_shield,,,water
stored-night,tide-siege+hollow-ground,w+h+l+,1,true,false,injected,2,play|breach.land|land|,no-green-left-1,23.75,play|breach.water|water|,spend-tide-1,4.75,19,walked_into_shield,,,water
stored-night,tide-siege+hollow-ground,w+h+l+,2,false,true,injected,2,play|probe.heat|heat|,open-chill-1,13.75,play|disrupt.water|water|,foul-current-1,1,12.75,walked_into_shield,,,water
stored-night,tide-siege+hollow-ground,w+h+l+,3,false,true,injected,2,play|probe.heat|heat|,open-chill-2,13.75,play|probe.water|water|,long-flow-1,2.75,11,walked_into_shield,,,water
stored-night,tide-siege+hollow-ground,w+h+l+,4,false,false,injected,2,play|probe.heat|heat|,open-chill-2,13.75,play|probe.water|water|,long-flow-1,4.75,9,walked_into_shield,,,water
stored-night,tide-siege+hollow-ground,w+h+l+,5,true,false,injected,2,play|disrupt.heat|heat|,idle-fume-1,11,play|disrupt.land|land|,filth-spread-1,8,3,missed_interrupt,shield,heat,
stored-night,tide-siege+hollow-ground,w+h+l+,6,true,true,injected,2,play|probe.heat|heat|,open-chill-2,18.75,play|probe.water|water|,long-flow-2,2.75,16,walked_into_shield,,,water
stored-night,tide-siege+hollow-ground,w+h+l+,7,false,false,injected,2,play|breach.land|land|,hollow-ground-1,23.75,play|breach.water|water|,spend-tide-1,4.75,19,walked_into_shield,,,water
stored-night,tide-siege+hollow-ground,w+h+l+,8,false,false,injected,2,play|gather||gather,,2.5,play|disrupt.water|water|,foul-current-1,-1,3.5,walked_into_shield,,,water
stored-night,tide-siege+hollow-ground,w+h+l+,9,false,false,injected,2,play|probe.heat|heat|,open-chill-1,13.75,play|probe.water|water|,long-flow-2,2.75,11,walked_into_shield,,,water
stored-night,tide-siege+hollow-ground,w+h+l+,10,true,false,injected,3,play|breach.land|land|,no-green-left-1,9.25,play|breach.heat|heat|,hundred-smoke-1,-13.75,23,walked_into_shield,,,heat
stored-night,tide-siege+hollow-ground,w+h+l+,11,true,false,injected,2,play|probe.heat|heat|,open-chill-1,13.75,play|probe.water|water|,long-flow-1,2.75,11,walked_into_shield,,,water
stored-night,tide-siege+hollow-ground,w+h+l+,12,true,true,injected,2,play|probe.heat|heat|,open-chill-1,13.75,play|probe.water|water|,long-flow-1,4.75,9,walked_into_shield,,,water
stored-night,tide-siege+hollow-ground,w+h+l+,13,true,false,injected,2,play|probe.heat|heat|,open-chill-2,13.75,play|probe.water|water|,long-flow-1,4.75,9,walked_into_shield,,,water
stored-night,tide-siege+hollow-ground,w+h+l+,14,true,false,injected,2,play|breach.heat|heat|,hundred-smoke-1,23.75,play|breach.water|water|,tide-siege-1,4.75,19,walked_into_shield,,,water
stored-night,tide-siege+hollow-ground,w+h+l+,15,false,false,injected,2,play|disrupt.land|land|,filth-spread-1,8,play|probe.water|water|,long-flow-1,4.75,3.25,walked_into_shield,,,water
stored-night,tide-siege+hollow-ground,w+h+l+,16,false,false,injected,2,play|probe.land|land|,trample-green-1,13.75,play|disrupt.water|water|,foul-current-1,-1,14.75,walked_into_shield,,,water
stored-night,tide-siege+hollow-ground,w+h+l+,17,true,false,injected,2,play|probe.heat|heat|,open-chill-3,13.75,play|probe.water|water|,long-flow-1,2.75,11,walked_into_shield,,,water
stored-night,tide-siege+hollow-ground,w+h+l+,18,false,true,injected,2,play|breach.heat|heat|,hundred-smoke-1,23.75,play|disrupt.water|water|,foul-current-1,-0.25,24,walked_into_shield,,,water
stored-night,tide-siege+hollow-ground,w+h+l+,19,true,true,injected,3,play|disrupt.land|land|,filth-spread-1,10.25,play|breach.land|land|,no-green-left-1,4.25,6,missed_interrupt,repair,land,
stored-night,tide-siege+hollow-ground,w+h+l+,20,true,false,injected,2,play|probe.heat|heat|,open-chill-1,13.75,play|probe.water|water|,long-flow-1,2.75,11,walked_into_shield,,,water
stored-night,tide-siege+hollow-ground,w+h+l+,21,true,false,injected,3,play|breach.water|water|,spend-tide-1,11.25,play|breach.heat|heat|,hundred-smoke-1,-15.75,27,walked_into_shield,,,heat
stored-night,tide-siege+hollow-ground,w+h+l+,22,false,false,injected,2,play|probe.heat|heat|,open-chill-1,13.75,play|probe.water|water|,long-flow-1,4.75,9,walked_into_shield,,,water
stored-night,tide-siege+hollow-ground,w+h+l+,23,true,false,injected,3,play|disrupt.land|land|,filth-spread-1,15.25,play|breach.land|land|,no-green-left-1,12.25,3,missed_interrupt,repair,land,
stored-night,tide-siege+hollow-ground,w+h+l+,24,true,true,injected,2,play|probe.heat|heat|,open-chill-3,13.75,play|probe.water|water|,long-flow-2,2.75,11,walked_into_shield,,,water
stored-night,tide-siege+hollow-ground,w+h+l+,25,true,false,injected,2,play|disrupt.heat|heat|,idle-fume-1,11,play|disrupt.land|land|,filth-spread-1,8,3,missed_interrupt,shield,heat,
stored-night,tide-siege+hollow-ground,w+h+l+,26,true,false,injected,2,play|probe.land|land|,trample-green-1,13.75,play|probe.water|water|,long-flow-2,2.75,11,walked_into_shield,,,water
stored-night,tide-siege+hollow-ground,w+h+l+,27,true,true,injected,2,play|probe.heat|heat|,open-chill-3,13.75,play|disrupt.water|water|,foul-current-1,-1,14.75,walked_into_shield,,,water
stored-night,tide-siege+hollow-ground,w+h+l+,28,true,true,injected,2,play|probe.heat|heat|,open-chill-3,13.75,play|probe.water|water|,long-flow-1,4.75,9,walked_into_shield,,,water
stored-night,tide-siege+hollow-ground,w+h+l+,29,true,false,injected,2,play|breach.land|land|,hollow-ground-1,23.75,play|breach.water|water|,tide-siege-1,4.75,19,walked_into_shield,,,water
stored-night,tide-siege+hollow-ground,w+h+l+,30,true,false,injected,2,play|probe.heat|heat|,open-chill-2,13.75,play|probe.water|water|,long-flow-1,4.75,9,walked_into_shield,,,water
stored-night,tide-siege+hollow-ground,w+h+l+,31,false,false,injected,2,play|disrupt.heat|heat|,idle-fume-1,11,play|probe.water|water|,long-flow-2,4.75,6.25,missed_interrupt,shield,heat,
stored-night,tide-siege+hollow-ground,w+h+l+,32,true,true,injected,3,play|disrupt.land|land|,filth-spread-1,13.25,play|breach.water|water|,tide-siege-1,9.25,4,missed_interrupt,repair,land,
stored-night,tide-siege+hollow-ground,w+h+l+,33,false,false,injected,2,play|disrupt.land|land|,filth-spread-1,8,play|probe.water|water|,long-flow-2,2.75,5.25,walked_into_shield,,,water
stored-night,tide-siege+hollow-ground,w+h+l+,34,true,false,injected,2,play|probe.heat|heat|,open-chill-1,13.75,play|disrupt.water|water|,foul-current-1,-1,14.75,walked_into_shield,,,water
stored-night,tide-siege+hollow-ground,w+h+l+,35,true,false,injected,2,play|probe.heat|heat|,open-chill-2,13.75,play|probe.water|water|,long-flow-1,2.75,11,walked_into_shield,,,water
stored-night,tide-siege+hollow-ground,w+h+l+,36,false,false,injected,2,play|disrupt.heat|heat|,idle-fume-1,11,play|probe.water|water|,long-flow-1,2.75,8.25,missed_interrupt,shield,heat,
stored-night,tide-siege+hollow-ground,w+h+l+,37,true,false,injected,3,play|breach.water|water|,tide-siege-1,9.25,play|probe.heat|heat|,open-chill-1,-15,24.25,walked_into_shield,,,heat
stored-night,tide-siege+hollow-ground,w+h+l+,38,true,false,injected,2,play|probe.land|land|,trample-green-2,13.75,play|probe.water|water|,long-flow-1,2.75,11,walked_into_shield,,,water
stored-night,tide-siege+hollow-ground,w+h+l+,39,true,true,injected,2,play|probe.heat|heat|,open-chill-3,13.75,play|probe.water|water|,long-flow-2,2.75,11,walked_into_shield,,,water
stored-night,tide-siege+hollow-ground,w+h+l+,40,true,false,injected,2,play|disrupt.heat|heat|,idle-fume-1,11,play|disrupt.land|land|,filth-spread-1,8,3,missed_interrupt,shield,heat,
stored-night,tide-siege+hollow-ground,w+h+l+,41,true,false,injected,2,play|probe.heat|heat|,open-chill-2,13.75,play|probe.water|water|,long-flow-2,2.75,11,walked_into_shield,,,water
stored-night,tide-siege+hollow-ground,w+h+l+,42,false,true,injected,2,play|probe.heat|heat|,open-chill-1,13.75,play|probe.water|water|,long-flow-1,2.75,11,walked_into_shield,,,water
stored-night,tide-siege+hollow-ground,w+h+l+,43,true,false,injected,2,play|probe.heat|heat|,open-chill-1,13.75,play|probe.water|water|,long-flow-2,2.75,11,walked_into_shield,,,water
stored-night,tide-siege+hollow-ground,w+h+l+,44,true,false,injected,2,play|probe.heat|heat|,open-chill-3,13.75,play|probe.water|water|,long-flow-2,2.75,11,walked_into_shield,,,water
stored-night,tide-siege+hollow-ground,w+h+l+,45,false,false,injected,2,play|probe.heat|heat|,open-chill-2,13.75,play|disrupt.water|water|,foul-current-1,1,12.75,walked_into_shield,,,water
stored-night,tide-siege+hollow-ground,w+h+l+,46,false,false,injected,2,play|disrupt.heat|heat|,idle-fume-1,11,play|disrupt.land|land|,filth-spread-1,8,3,missed_interrupt,shield,heat,
stored-night,tide-siege+hollow-ground,w+h+l+,47,true,true,injected,2,play|disrupt.heat|heat|,idle-fume-1,11,play|probe.water|water|,long-flow-2,4.75,6.25,missed_interrupt,shield,heat,
stored-night,tide-siege+hollow-ground,w+h+l+,48,true,true,injected,2,play|probe.land|land|,trample-green-2,13.75,play|probe.water|water|,long-flow-1,2.75,11,walked_into_shield,,,water
stored-night,tide-siege+hollow-ground,w+h+l+,49,true,true,injected,3,play|disrupt.land|land|,filth-spread-1,13.25,play|breach.land|land|,hollow-ground-1,9.25,4,missed_interrupt,repair,land,
stored-night,tide-siege+hollow-ground,w+h+l+,50,true,true,injected,3,play|disrupt.land|land|,filth-spread-1,13.25,play|disrupt.water|water|,foul-current-1,-7.75,21,missed_interrupt,repair,land,
stored-night,tide-siege+hollow-ground,w+h+l+,51,false,false,injected,2,play|disrupt.heat|heat|,idle-fume-1,11,play|probe.water|water|,long-flow-1,4.75,6.25,missed_interrupt,shield,heat,
stored-night,tide-siege+hollow-ground,w+h+l+,52,true,false,injected,2,play|breach.land|land|,hollow-ground-1,23.75,play|breach.water|water|,spend-tide-1,4.75,19,walked_into_shield,,,water
stored-night,tide-siege+hollow-ground,w+h+l+,53,true,false,injected,2,play|breach.heat|heat|,hundred-smoke-1,23.75,play|breach.water|water|,tide-siege-1,4.75,19,walked_into_shield,,,water
stored-night,tide-siege+hollow-ground,w+h+l+,54,false,false,injected,2,play|breach.land|land|,hollow-ground-1,23.75,play|breach.water|water|,spend-tide-1,4.75,19,walked_into_shield,,,water
stored-night,tide-siege+hollow-ground,w+h+l+,55,true,false,injected,2,play|probe.heat|heat|,open-chill-1,13.75,play|probe.water|water|,long-flow-1,2.75,11,walked_into_shield,,,water
stored-night,tide-siege+hollow-ground,w+h+l+,56,true,false,injected,2,play|probe.heat|heat|,open-chill-1,18.75,play|probe.water|water|,long-flow-1,2.75,16,walked_into_shield,,,water
stored-night,tide-siege+hollow-ground,w+h+l+,57,false,false,injected,2,play|probe.heat|heat|,open-chill-1,18.75,play|probe.water|water|,long-flow-1,2.75,16,walked_into_shield,,,water
stored-night,tide-siege+hollow-ground,w+h+l+,58,false,false,injected,2,play|disrupt.land|land|,filth-spread-1,8,play|probe.water|water|,long-flow-2,4.75,3.25,walked_into_shield,,,water
stored-night,tide-siege+hollow-ground,w+h+l+,59,true,false,injected,2,play|probe.heat|heat|,open-chill-1,13.75,play|probe.water|water|,long-flow-2,2.75,11,walked_into_shield,,,water
stored-night,tide-siege+hollow-ground,w+h+l+,60,true,true,injected,3,play|disrupt.land|land|,filth-spread-1,13.25,play|breach.land|land|,hollow-ground-1,9.25,4,missed_interrupt,repair,land,
stored-night,tide-siege+hollow-ground,w+h+l+,61,true,false,injected,2,play|probe.heat|heat|,open-chill-1,13.75,play|disrupt.water|water|,foul-current-1,1,12.75,walked_into_shield,,,water
stored-night,tide-siege+hollow-ground,w+h+l+,62,false,false,injected,2,play|probe.heat|heat|,open-chill-3,13.75,play|probe.water|water|,long-flow-2,4.75,9,walked_into_shield,,,water
stored-night,tide-siege+hollow-ground,w+h+l+,63,true,false,injected,2,play|probe.heat|heat|,open-chill-2,13.75,play|probe.water|water|,long-flow-2,2.75,11,walked_into_shield,,,water
stored-night,tide-siege+hollow-ground,w+h+l+,64,true,false,injected,2,play|probe.land|land|,trample-green-2,13.75,play|probe.water|water|,long-flow-1,2.75,11,walked_into_shield,,,water
stored-night,tide-siege+hollow-ground,w+h+l+,65,true,false,injected,2,play|probe.heat|heat|,open-chill-2,13.75,play|probe.water|water|,long-flow-2,4.75,9,walked_into_shield,,,water
stored-night,tide-siege+hollow-ground,w+h+l+,66,true,false,injected,3,play|probe.land|land|,trample-green-1,-2,play|breach.heat|heat|,hundred-smoke-1,-13.75,11.75,walked_into_shield,,,heat
stored-night,tide-siege+hollow-ground,w+h+l+,67,false,false,injected,2,play|probe.land|land|,trample-green-2,13.75,play|probe.water|water|,long-flow-1,2.75,11,walked_into_shield,,,water
stored-night,tide-siege+hollow-ground,w+h+l+,68,false,false,injected,2,play|disrupt.heat|heat|,idle-fume-1,11,play|probe.water|water|,long-flow-2,4.75,6.25,missed_interrupt,shield,heat,
stored-night,tide-siege+hollow-ground,w+h+l+,69,false,false,injected,2,play|probe.heat|heat|,open-chill-2,18.75,play|probe.water|water|,long-flow-1,2.75,16,walked_into_shield,,,water
stored-night,tide-siege+hollow-ground,w+h+l+,70,true,false,injected,2,play|probe.heat|heat|,open-chill-1,18.75,play|probe.water|water|,long-flow-2,2.75,16,walked_into_shield,,,water
stored-night,tide-siege+hollow-ground,w+h+l+,71,true,false,injected,2,play|breach.heat|heat|,hundred-smoke-1,23.75,play|breach.water|water|,spend-tide-1,4.75,19,walked_into_shield,,,water
stored-night,tide-siege+hollow-ground,w+h+l+,72,true,false,injected,2,play|probe.land|land|,trample-green-1,13.75,play|probe.water|water|,long-flow-2,4.75,9,walked_into_shield,,,water
stored-night,tide-siege+hollow-ground,w+h+l+,73,false,true,injected,2,play|disrupt.land|land|,filth-spread-1,8,play|probe.water|water|,long-flow-2,2.75,5.25,walked_into_shield,,,water
stored-night,tide-siege+hollow-ground,w+h+l+,74,false,false,injected,2,play|probe.heat|heat|,open-chill-2,13.75,play|probe.water|water|,long-flow-1,2.75,11,walked_into_shield,,,water
stored-night,tide-siege+hollow-ground,w+h+l+,75,true,false,injected,2,play|breach.heat|heat|,hundred-smoke-1,23.75,play|breach.water|water|,tide-siege-1,4.75,19,walked_into_shield,,,water
stored-night,tide-siege+hollow-ground,w+h+l+,76,false,false,injected,2,play|disrupt.heat|heat|,idle-fume-1,11,play|disrupt.land|land|,filth-spread-1,8,3,missed_interrupt,shield,heat,
stored-night,tide-siege+hollow-ground,w+h+l+,77,true,true,injected,2,play|disrupt.heat|heat|,idle-fume-1,11,play|probe.water|water|,long-flow-2,2.75,8.25,missed_interrupt,shield,heat,
stored-night,tide-siege+hollow-ground,w+h+l+,78,true,false,injected,2,play|probe.heat|heat|,open-chill-3,13.75,play|probe.water|water|,long-flow-2,2.75,11,walked_into_shield,,,water
stored-night,tide-siege+hollow-ground,w+h+l+,79,false,false,injected,3,play|probe.land|land|,trample-green-2,-2,play|probe.heat|heat|,open-chill-2,-15,13,walked_into_shield,,,heat
stored-night,tide-siege+hollow-ground,w+h+l+,80,true,false,injected,3,play|breach.water|water|,tide-siege-1,11.25,play|breach.heat|heat|,hundred-smoke-1,-15.75,27,walked_into_shield,,,heat
stored-night,tide-siege+hollow-ground,w+h+l+,81,true,true,injected,2,play|probe.heat|heat|,open-chill-3,13.75,play|disrupt.water|water|,foul-current-1,-1,14.75,walked_into_shield,,,water
stored-night,tide-siege+hollow-ground,w+h+l+,82,false,false,injected,2,play|breach.land|land|,hollow-ground-1,23.75,play|breach.water|water|,spend-tide-1,4.75,19,walked_into_shield,,,water
stored-night,tide-siege+hollow-ground,w+h+l+,83,true,false,injected,2,play|probe.heat|heat|,open-chill-2,13.75,play|probe.water|water|,long-flow-1,4.75,9,walked_into_shield,,,water
stored-night,tide-siege+hollow-ground,w+h+l+,84,true,false,injected,2,play|probe.heat|heat|,open-chill-3,13.75,play|probe.water|water|,long-flow-2,4.75,9,walked_into_shield,,,water
stored-night,tide-siege+hollow-ground,w+h+l+,85,true,false,injected,2,play|probe.heat|heat|,open-chill-2,13.75,play|probe.water|water|,long-flow-2,4.75,9,walked_into_shield,,,water
stored-night,tide-siege+hollow-ground,w+h+l+,86,true,true,injected,2,play|probe.heat|heat|,open-chill-1,13.75,play|probe.water|water|,long-flow-2,2.75,11,walked_into_shield,,,water
stored-night,tide-siege+hollow-ground,w+h+l+,87,false,true,injected,2,play|probe.land|land|,trample-green-2,13.75,play|probe.water|water|,long-flow-1,2.75,11,walked_into_shield,,,water
stored-night,tide-siege+hollow-ground,w+h+l+,88,true,false,injected,2,play|probe.heat|heat|,open-chill-3,13.75,play|probe.water|water|,long-flow-2,4.75,9,walked_into_shield,,,water
stored-night,tide-siege+hollow-ground,w+h+l+,89,false,false,injected,2,play|probe.heat|heat|,open-chill-1,13.75,play|disrupt.water|water|,foul-current-1,-1,14.75,walked_into_shield,,,water
stored-night,tide-siege+hollow-ground,w+h+l+,90,true,true,injected,2,play|probe.heat|heat|,open-chill-2,13.75,play|probe.water|water|,long-flow-1,2.75,11,walked_into_shield,,,water
stored-night,tide-siege+hollow-ground,w+h+l+,91,true,false,injected,2,play|probe.land|land|,trample-green-2,13.75,play|probe.water|water|,long-flow-2,2.75,11,walked_into_shield,,,water
stored-night,tide-siege+hollow-ground,w+h+l+,92,false,false,injected,2,play|disrupt.heat|heat|,idle-fume-1,11,play|probe.water|water|,long-flow-2,2.75,8.25,missed_interrupt,shield,heat,
stored-night,tide-siege+hollow-ground,w+h+l+,93,true,true,injected,2,play|probe.heat|heat|,open-chill-1,13.75,play|probe.water|water|,long-flow-2,2.75,11,walked_into_shield,,,water
stored-night,tide-siege+hollow-ground,w+h+l+,94,true,true,injected,2,play|probe.land|land|,trample-green-2,13.75,play|probe.water|water|,long-flow-2,2.75,11,walked_into_shield,,,water
stored-night,tide-siege+hollow-ground,w+h+l+,95,true,false,injected,2,play|probe.heat|heat|,open-chill-2,13.75,play|probe.water|water|,long-flow-2,4.75,9,walked_into_shield,,,water
stored-night,tide-siege+hollow-ground,w+h+l+,96,false,true,injected,2,play|probe.heat|heat|,open-chill-2,13.75,play|probe.water|water|,long-flow-2,2.75,11,walked_into_shield,,,water
stored-night,tide-siege+hollow-ground,w+h+l+,97,true,false,injected,2,play|breach.land|land|,no-green-left-1,23.75,play|disrupt.water|water|,foul-current-1,-0.25,24,walked_into_shield,,,water
stored-night,tide-siege+hollow-ground,w+h+l+,98,false,false,injected,2,play|probe.heat|heat|,open-chill-2,18.75,play|probe.water|water|,long-flow-1,2.75,16,walked_into_shield,,,water
stored-night,tide-siege+hollow-ground,w+h+l+,99,true,true,injected,3,play|breach.water|water|,spend-tide-1,8.25,play|probe.heat|heat|,open-chill-2,-13,21.25,walked_into_shield,,,heat
stored-night,tide-siege+hollow-ground,w+h+l+,100,false,false,injected,2,play|disrupt.land|land|,filth-spread-1,8,play|disrupt.water|water|,foul-current-1,-1,9,walked_into_shield,,,water
stored-night,tide-siege+hollow-ground,w-h0l0,1,true,false,injected,2,play|breach.land|land|,no-green-left-1,23.75,play|breach.water|water|,spend-tide-1,4.75,19,walked_into_shield,,,water
stored-night,tide-siege+hollow-ground,w-h0l0,2,false,true,injected,2,play|probe.heat|heat|,open-chill-1,13.75,play|disrupt.water|water|,foul-current-1,1,12.75,walked_into_shield,,,water
stored-night,tide-siege+hollow-ground,w-h0l0,3,false,true,injected,2,play|probe.heat|heat|,open-chill-2,13.75,play|probe.water|water|,long-flow-1,2.75,11,walked_into_shield,,,water
stored-night,tide-siege+hollow-ground,w-h0l0,4,true,false,injected,2,play|probe.heat|heat|,open-chill-2,13.75,play|probe.water|water|,long-flow-1,2.75,11,walked_into_shield,,,water
stored-night,tide-siege+hollow-ground,w-h0l0,5,true,false,injected,2,play|disrupt.heat|heat|,idle-fume-1,11,play|disrupt.land|land|,filth-spread-1,8,3,missed_interrupt,shield,heat,
stored-night,tide-siege+hollow-ground,w-h0l0,6,true,true,injected,2,play|probe.heat|heat|,open-chill-2,18.75,play|probe.water|water|,long-flow-2,2.75,16,walked_into_shield,,,water
stored-night,tide-siege+hollow-ground,w-h0l0,7,false,false,injected,2,play|breach.land|land|,hollow-ground-1,23.75,play|breach.water|water|,spend-tide-1,4.75,19,walked_into_shield,,,water
stored-night,tide-siege+hollow-ground,w-h0l0,8,false,false,injected,2,play|gather||gather,,2.5,play|disrupt.water|water|,foul-current-1,-1,3.5,walked_into_shield,,,water
stored-night,tide-siege+hollow-ground,w-h0l0,9,false,false,injected,2,play|probe.heat|heat|,open-chill-1,13.75,play|probe.water|water|,long-flow-2,2.75,11,walked_into_shield,,,water
stored-night,tide-siege+hollow-ground,w-h0l0,10,true,false,injected,3,play|breach.land|land|,no-green-left-1,9.25,play|breach.heat|heat|,hundred-smoke-1,-13.75,23,walked_into_shield,,,heat
stored-night,tide-siege+hollow-ground,w-h0l0,11,true,false,injected,2,play|probe.heat|heat|,open-chill-1,13.75,play|probe.water|water|,long-flow-1,2.75,11,walked_into_shield,,,water
stored-night,tide-siege+hollow-ground,w-h0l0,12,true,false,injected,2,play|probe.heat|heat|,open-chill-1,13.75,play|probe.water|water|,long-flow-1,4.75,9,walked_into_shield,,,water
stored-night,tide-siege+hollow-ground,w-h0l0,13,true,false,injected,2,play|probe.heat|heat|,open-chill-2,13.75,play|probe.water|water|,long-flow-1,4.75,9,walked_into_shield,,,water
stored-night,tide-siege+hollow-ground,w-h0l0,14,true,false,injected,2,play|breach.heat|heat|,hundred-smoke-1,23.75,play|breach.water|water|,tide-siege-1,4.75,19,walked_into_shield,,,water
stored-night,tide-siege+hollow-ground,w-h0l0,15,false,false,injected,2,play|disrupt.land|land|,filth-spread-1,8,play|probe.water|water|,long-flow-1,4.75,3.25,walked_into_shield,,,water
stored-night,tide-siege+hollow-ground,w-h0l0,16,true,false,injected,2,play|probe.heat|heat|,open-chill-3,18.75,play|disrupt.water|water|,foul-current-1,1,17.75,walked_into_shield,,,water
stored-night,tide-siege+hollow-ground,w-h0l0,17,true,false,injected,2,play|probe.heat|heat|,open-chill-3,13.75,play|probe.water|water|,long-flow-1,2.75,11,walked_into_shield,,,water
stored-night,tide-siege+hollow-ground,w-h0l0,18,false,true,injected,2,play|breach.heat|heat|,hundred-smoke-1,23.75,play|disrupt.water|water|,foul-current-1,-0.25,24,walked_into_shield,,,water
stored-night,tide-siege+hollow-ground,w-h0l0,19,false,false,injected,3,play|disrupt.land|land|,filth-spread-1,15.25,play|breach.water|water|,spend-tide-1,7.25,8,missed_interrupt,repair,land,
stored-night,tide-siege+hollow-ground,w-h0l0,20,true,false,injected,2,play|probe.heat|heat|,open-chill-1,13.75,play|probe.water|water|,long-flow-1,2.75,11,walked_into_shield,,,water
stored-night,tide-siege+hollow-ground,w-h0l0,21,true,false,injected,3,play|breach.water|water|,spend-tide-1,11.25,play|breach.heat|heat|,hundred-smoke-1,-15.75,27,walked_into_shield,,,heat
stored-night,tide-siege+hollow-ground,w-h0l0,22,false,false,injected,2,play|probe.heat|heat|,open-chill-1,13.75,play|probe.water|water|,long-flow-1,4.75,9,walked_into_shield,,,water
stored-night,tide-siege+hollow-ground,w-h0l0,23,true,false,injected,3,play|disrupt.land|land|,filth-spread-1,15.25,play|breach.land|land|,no-green-left-1,12.25,3,missed_interrupt,repair,land,
stored-night,tide-siege+hollow-ground,w-h0l0,24,true,true,injected,2,play|probe.heat|heat|,open-chill-3,13.75,play|probe.water|water|,long-flow-2,2.75,11,walked_into_shield,,,water
stored-night,tide-siege+hollow-ground,w-h0l0,25,true,true,injected,2,play|disrupt.heat|heat|,idle-fume-1,11,play|disrupt.land|land|,filth-spread-1,8,3,missed_interrupt,shield,heat,
stored-night,tide-siege+hollow-ground,w-h0l0,26,true,false,injected,2,play|probe.land|land|,trample-green-1,13.75,play|probe.water|water|,long-flow-2,2.75,11,walked_into_shield,,,water
stored-night,tide-siege+hollow-ground,w-h0l0,27,true,true,injected,2,play|probe.heat|heat|,open-chill-3,13.75,play|disrupt.water|water|,foul-current-1,-1,14.75,walked_into_shield,,,water
stored-night,tide-siege+hollow-ground,w-h0l0,28,true,true,injected,2,play|probe.heat|heat|,open-chill-3,13.75,play|probe.water|water|,long-flow-1,4.75,9,walked_into_shield,,,water
stored-night,tide-siege+hollow-ground,w-h0l0,29,true,false,injected,2,play|breach.land|land|,hollow-ground-1,23.75,play|breach.water|water|,tide-siege-1,4.75,19,walked_into_shield,,,water
stored-night,tide-siege+hollow-ground,w-h0l0,30,true,false,injected,2,play|probe.heat|heat|,open-chill-2,13.75,play|probe.water|water|,long-flow-1,4.75,9,walked_into_shield,,,water
stored-night,tide-siege+hollow-ground,w-h0l0,31,false,false,injected,2,play|disrupt.heat|heat|,idle-fume-1,11,play|probe.water|water|,long-flow-2,4.75,6.25,missed_interrupt,shield,heat,
stored-night,tide-siege+hollow-ground,w-h0l0,32,true,true,injected,3,play|disrupt.land|land|,filth-spread-1,13.25,play|breach.water|water|,tide-siege-1,9.25,4,missed_interrupt,repair,land,
stored-night,tide-siege+hollow-ground,w-h0l0,33,false,false,injected,2,play|disrupt.land|land|,filth-spread-1,8,play|probe.water|water|,long-flow-2,2.75,5.25,walked_into_shield,,,water
stored-night,tide-siege+hollow-ground,w-h0l0,34,true,false,injected,2,play|probe.heat|heat|,open-chill-1,18.75,play|disrupt.water|water|,foul-current-1,1,17.75,walked_into_shield,,,water
stored-night,tide-siege+hollow-ground,w-h0l0,35,true,false,injected,2,play|probe.heat|heat|,open-chill-2,13.75,play|probe.water|water|,long-flow-1,2.75,11,walked_into_shield,,,water
stored-night,tide-siege+hollow-ground,w-h0l0,36,false,false,injected,2,play|disrupt.heat|heat|,idle-fume-1,11,play|probe.water|water|,long-flow-1,2.75,8.25,missed_interrupt,shield,heat,
stored-night,tide-siege+hollow-ground,w-h0l0,37,true,false,injected,3,play|breach.water|water|,tide-siege-1,9.25,play|probe.heat|heat|,open-chill-1,-15,24.25,walked_into_shield,,,heat
stored-night,tide-siege+hollow-ground,w-h0l0,38,true,false,injected,2,play|probe.land|land|,trample-green-2,13.75,play|probe.water|water|,long-flow-1,2.75,11,walked_into_shield,,,water
stored-night,tide-siege+hollow-ground,w-h0l0,39,true,true,injected,2,play|probe.heat|heat|,open-chill-3,13.75,play|probe.water|water|,long-flow-2,2.75,11,walked_into_shield,,,water
stored-night,tide-siege+hollow-ground,w-h0l0,40,true,false,injected,2,play|disrupt.heat|heat|,idle-fume-1,11,play|disrupt.land|land|,filth-spread-1,8,3,missed_interrupt,shield,heat,
stored-night,tide-siege+hollow-ground,w-h0l0,41,true,false,injected,2,play|probe.heat|heat|,open-chill-2,13.75,play|probe.water|water|,long-flow-2,2.75,11,walked_into_shield,,,water
stored-night,tide-siege+hollow-ground,w-h0l0,42,false,true,injected,2,play|probe.heat|heat|,open-chill-1,13.75,play|probe.water|water|,long-flow-1,2.75,11,walked_into_shield,,,water
stored-night,tide-siege+hollow-ground,w-h0l0,43,true,false,injected,2,play|probe.heat|heat|,open-chill-1,13.75,play|probe.water|water|,long-flow-2,2.75,11,walked_into_shield,,,water
stored-night,tide-siege+hollow-ground,w-h0l0,44,true,false,injected,2,play|probe.heat|heat|,open-chill-3,13.75,play|probe.water|water|,long-flow-2,2.75,11,walked_into_shield,,,water
stored-night,tide-siege+hollow-ground,w-h0l0,45,false,false,injected,2,play|probe.heat|heat|,open-chill-2,13.75,play|disrupt.water|water|,foul-current-1,1,12.75,walked_into_shield,,,water
stored-night,tide-siege+hollow-ground,w-h0l0,46,false,false,injected,2,play|disrupt.heat|heat|,idle-fume-1,11,play|disrupt.land|land|,filth-spread-1,8,3,missed_interrupt,shield,heat,
stored-night,tide-siege+hollow-ground,w-h0l0,47,true,true,injected,2,play|disrupt.heat|heat|,idle-fume-1,11,play|probe.water|water|,long-flow-2,4.75,6.25,missed_interrupt,shield,heat,
stored-night,tide-siege+hollow-ground,w-h0l0,48,true,true,injected,2,play|probe.land|land|,trample-green-2,13.75,play|probe.water|water|,long-flow-1,2.75,11,walked_into_shield,,,water
stored-night,tide-siege+hollow-ground,w-h0l0,49,true,true,injected,3,play|disrupt.land|land|,filth-spread-1,13.25,play|breach.land|land|,hollow-ground-1,9.25,4,missed_interrupt,repair,land,
stored-night,tide-siege+hollow-ground,w-h0l0,50,true,true,injected,3,play|disrupt.land|land|,filth-spread-1,13.25,play|disrupt.water|water|,foul-current-1,-7.75,21,missed_interrupt,repair,land,
stored-night,tide-siege+hollow-ground,w-h0l0,51,false,false,injected,2,play|disrupt.heat|heat|,idle-fume-1,11,play|probe.water|water|,long-flow-1,4.75,6.25,missed_interrupt,shield,heat,
stored-night,tide-siege+hollow-ground,w-h0l0,52,true,false,injected,2,play|breach.land|land|,hollow-ground-1,23.75,play|breach.water|water|,spend-tide-1,4.75,19,walked_into_shield,,,water
stored-night,tide-siege+hollow-ground,w-h0l0,53,true,false,injected,2,play|breach.heat|heat|,hundred-smoke-1,23.75,play|breach.water|water|,tide-siege-1,4.75,19,walked_into_shield,,,water
stored-night,tide-siege+hollow-ground,w-h0l0,54,false,false,injected,2,play|breach.land|land|,hollow-ground-1,23.75,play|breach.water|water|,spend-tide-1,4.75,19,walked_into_shield,,,water
stored-night,tide-siege+hollow-ground,w-h0l0,55,true,false,injected,2,play|probe.heat|heat|,open-chill-1,13.75,play|probe.water|water|,long-flow-1,2.75,11,walked_into_shield,,,water
stored-night,tide-siege+hollow-ground,w-h0l0,56,true,false,injected,2,play|probe.heat|heat|,open-chill-1,18.75,play|probe.water|water|,long-flow-1,2.75,16,walked_into_shield,,,water
stored-night,tide-siege+hollow-ground,w-h0l0,57,false,false,injected,2,play|probe.heat|heat|,open-chill-1,18.75,play|probe.water|water|,long-flow-1,2.75,16,walked_into_shield,,,water
stored-night,tide-siege+hollow-ground,w-h0l0,58,false,false,injected,2,play|disrupt.land|land|,filth-spread-1,8,play|probe.water|water|,long-flow-2,2.75,5.25,walked_into_shield,,,water
stored-night,tide-siege+hollow-ground,w-h0l0,59,true,false,injected,2,play|probe.heat|heat|,open-chill-1,13.75,play|probe.water|water|,long-flow-2,2.75,11,walked_into_shield,,,water
stored-night,tide-siege+hollow-ground,w-h0l0,60,true,true,injected,3,play|disrupt.land|land|,filth-spread-1,13.25,play|breach.land|land|,hollow-ground-1,9.25,4,missed_interrupt,repair,land,
stored-night,tide-siege+hollow-ground,w-h0l0,61,false,false,injected,2,play|probe.heat|heat|,open-chill-1,13.75,play|disrupt.water|water|,foul-current-1,1,12.75,walked_into_shield,,,water
stored-night,tide-siege+hollow-ground,w-h0l0,62,false,false,injected,2,play|probe.heat|heat|,open-chill-3,13.75,play|probe.water|water|,long-flow-2,4.75,9,walked_into_shield,,,water
stored-night,tide-siege+hollow-ground,w-h0l0,63,true,false,injected,2,play|probe.heat|heat|,open-chill-2,13.75,play|probe.water|water|,long-flow-2,2.75,11,walked_into_shield,,,water
stored-night,tide-siege+hollow-ground,w-h0l0,64,true,false,injected,2,play|probe.land|land|,trample-green-2,13.75,play|probe.water|water|,long-flow-1,2.75,11,walked_into_shield,,,water
stored-night,tide-siege+hollow-ground,w-h0l0,65,true,false,injected,2,play|probe.heat|heat|,open-chill-2,13.75,play|probe.water|water|,long-flow-2,4.75,9,walked_into_shield,,,water
stored-night,tide-siege+hollow-ground,w-h0l0,66,true,false,injected,3,play|breach.water|water|,tide-siege-1,10.25,play|breach.heat|heat|,hundred-smoke-1,-13.75,24,walked_into_shield,,,heat
stored-night,tide-siege+hollow-ground,w-h0l0,67,false,false,injected,2,play|probe.land|land|,trample-green-2,13.75,play|probe.water|water|,long-flow-1,2.75,11,walked_into_shield,,,water
stored-night,tide-siege+hollow-ground,w-h0l0,68,false,false,injected,2,play|disrupt.heat|heat|,idle-fume-1,11,play|probe.water|water|,long-flow-2,4.75,6.25,missed_interrupt,shield,heat,
stored-night,tide-siege+hollow-ground,w-h0l0,69,false,false,injected,2,play|probe.heat|heat|,open-chill-2,18.75,play|probe.water|water|,long-flow-1,2.75,16,walked_into_shield,,,water
stored-night,tide-siege+hollow-ground,w-h0l0,70,true,false,injected,2,play|probe.heat|heat|,open-chill-1,18.75,play|probe.water|water|,long-flow-2,2.75,16,walked_into_shield,,,water
stored-night,tide-siege+hollow-ground,w-h0l0,71,true,false,injected,2,play|breach.heat|heat|,hundred-smoke-1,23.75,play|breach.water|water|,spend-tide-1,4.75,19,walked_into_shield,,,water
stored-night,tide-siege+hollow-ground,w-h0l0,72,true,false,injected,2,play|probe.land|land|,trample-green-1,13.75,play|probe.water|water|,long-flow-2,4.75,9,walked_into_shield,,,water
stored-night,tide-siege+hollow-ground,w-h0l0,73,false,true,injected,2,play|disrupt.land|land|,filth-spread-1,8,play|probe.water|water|,long-flow-2,2.75,5.25,walked_into_shield,,,water
stored-night,tide-siege+hollow-ground,w-h0l0,74,false,false,injected,2,play|probe.heat|heat|,open-chill-2,13.75,play|probe.water|water|,long-flow-1,2.75,11,walked_into_shield,,,water
stored-night,tide-siege+hollow-ground,w-h0l0,75,true,false,injected,2,play|breach.heat|heat|,hundred-smoke-1,23.75,play|breach.water|water|,tide-siege-1,4.75,19,walked_into_shield,,,water
stored-night,tide-siege+hollow-ground,w-h0l0,76,false,false,injected,2,play|disrupt.heat|heat|,idle-fume-1,11,play|disrupt.land|land|,filth-spread-1,8,3,missed_interrupt,shield,heat,
stored-night,tide-siege+hollow-ground,w-h0l0,77,true,true,injected,2,play|disrupt.heat|heat|,idle-fume-1,11,play|probe.water|water|,long-flow-2,2.75,8.25,missed_interrupt,shield,heat,
stored-night,tide-siege+hollow-ground,w-h0l0,78,true,false,injected,2,play|probe.heat|heat|,open-chill-3,13.75,play|probe.water|water|,long-flow-2,2.75,11,walked_into_shield,,,water
stored-night,tide-siege+hollow-ground,w-h0l0,79,false,false,injected,3,play|probe.land|land|,trample-green-2,-2,play|probe.heat|heat|,open-chill-2,-15,13,walked_into_shield,,,heat
stored-night,tide-siege+hollow-ground,w-h0l0,80,true,false,injected,3,play|breach.water|water|,tide-siege-1,11.25,play|breach.heat|heat|,hundred-smoke-1,-15.75,27,walked_into_shield,,,heat
stored-night,tide-siege+hollow-ground,w-h0l0,81,true,false,injected,2,play|probe.heat|heat|,open-chill-3,13.75,play|disrupt.water|water|,foul-current-1,-1,14.75,walked_into_shield,,,water
stored-night,tide-siege+hollow-ground,w-h0l0,82,false,false,injected,2,play|breach.land|land|,hollow-ground-1,23.75,play|breach.water|water|,spend-tide-1,4.75,19,walked_into_shield,,,water
stored-night,tide-siege+hollow-ground,w-h0l0,83,true,false,injected,2,play|probe.heat|heat|,open-chill-2,13.75,play|probe.water|water|,long-flow-1,2.75,11,walked_into_shield,,,water
stored-night,tide-siege+hollow-ground,w-h0l0,84,true,false,injected,2,play|probe.heat|heat|,open-chill-3,13.75,play|probe.water|water|,long-flow-2,4.75,9,walked_into_shield,,,water
stored-night,tide-siege+hollow-ground,w-h0l0,85,true,false,injected,2,play|probe.heat|heat|,open-chill-2,13.75,play|probe.water|water|,long-flow-2,4.75,9,walked_into_shield,,,water
stored-night,tide-siege+hollow-ground,w-h0l0,86,true,true,injected,2,play|probe.heat|heat|,open-chill-1,13.75,play|probe.water|water|,long-flow-2,2.75,11,walked_into_shield,,,water
stored-night,tide-siege+hollow-ground,w-h0l0,87,false,true,injected,2,play|probe.land|land|,trample-green-2,13.75,play|probe.water|water|,long-flow-1,2.75,11,walked_into_shield,,,water
stored-night,tide-siege+hollow-ground,w-h0l0,88,true,false,injected,2,play|probe.heat|heat|,open-chill-3,13.75,play|probe.water|water|,long-flow-2,4.75,9,walked_into_shield,,,water
stored-night,tide-siege+hollow-ground,w-h0l0,89,false,false,injected,2,play|probe.heat|heat|,open-chill-1,13.75,play|disrupt.water|water|,foul-current-1,-1,14.75,walked_into_shield,,,water
stored-night,tide-siege+hollow-ground,w-h0l0,90,true,true,injected,2,play|probe.heat|heat|,open-chill-2,13.75,play|probe.water|water|,long-flow-1,2.75,11,walked_into_shield,,,water
stored-night,tide-siege+hollow-ground,w-h0l0,91,true,false,injected,2,play|probe.land|land|,trample-green-2,13.75,play|probe.water|water|,long-flow-2,2.75,11,walked_into_shield,,,water
stored-night,tide-siege+hollow-ground,w-h0l0,92,false,false,injected,2,play|disrupt.heat|heat|,idle-fume-1,11,play|probe.water|water|,long-flow-2,2.75,8.25,missed_interrupt,shield,heat,
stored-night,tide-siege+hollow-ground,w-h0l0,93,true,true,injected,2,play|probe.heat|heat|,open-chill-1,13.75,play|probe.water|water|,long-flow-2,2.75,11,walked_into_shield,,,water
stored-night,tide-siege+hollow-ground,w-h0l0,94,true,true,injected,2,play|probe.land|land|,trample-green-2,13.75,play|probe.water|water|,long-flow-2,2.75,11,walked_into_shield,,,water
stored-night,tide-siege+hollow-ground,w-h0l0,95,false,false,injected,2,play|probe.heat|heat|,open-chill-2,13.75,play|probe.water|water|,long-flow-2,2.75,11,walked_into_shield,,,water
stored-night,tide-siege+hollow-ground,w-h0l0,96,false,true,injected,2,play|probe.heat|heat|,open-chill-2,13.75,play|probe.water|water|,long-flow-2,2.75,11,walked_into_shield,,,water
stored-night,tide-siege+hollow-ground,w-h0l0,97,false,false,injected,2,play|breach.land|land|,no-green-left-1,23.75,play|disrupt.water|water|,foul-current-1,-0.25,24,walked_into_shield,,,water
stored-night,tide-siege+hollow-ground,w-h0l0,98,false,false,injected,2,play|probe.heat|heat|,open-chill-2,18.75,play|probe.water|water|,long-flow-1,2.75,16,walked_into_shield,,,water
stored-night,tide-siege+hollow-ground,w-h0l0,99,true,true,injected,3,play|breach.water|water|,spend-tide-1,7.25,play|probe.heat|heat|,open-chill-2,-13,20.25,walked_into_shield,,,heat
stored-night,tide-siege+hollow-ground,w-h0l0,100,false,false,injected,2,play|disrupt.land|land|,filth-spread-1,8,play|disrupt.water|water|,foul-current-1,1,7,walked_into_shield,,,water
stored-night,tide-siege+hollow-ground,w+h0l0,1,true,false,injected,2,play|breach.land|land|,no-green-left-1,23.75,play|breach.water|water|,spend-tide-1,4.75,19,walked_into_shield,,,water
stored-night,tide-siege+hollow-ground,w+h0l0,2,false,true,injected,2,play|probe.heat|heat|,open-chill-1,13.75,play|disrupt.water|water|,foul-current-1,1,12.75,walked_into_shield,,,water
stored-night,tide-siege+hollow-ground,w+h0l0,3,false,true,injected,2,play|probe.heat|heat|,open-chill-2,13.75,play|probe.water|water|,long-flow-1,2.75,11,walked_into_shield,,,water
stored-night,tide-siege+hollow-ground,w+h0l0,4,false,false,injected,2,play|probe.heat|heat|,open-chill-2,13.75,play|probe.water|water|,long-flow-1,4.75,9,walked_into_shield,,,water
stored-night,tide-siege+hollow-ground,w+h0l0,5,true,false,injected,2,play|disrupt.heat|heat|,idle-fume-1,11,play|disrupt.land|land|,filth-spread-1,8,3,missed_interrupt,shield,heat,
stored-night,tide-siege+hollow-ground,w+h0l0,6,true,true,injected,2,play|probe.heat|heat|,open-chill-2,18.75,play|probe.water|water|,long-flow-2,2.75,16,walked_into_shield,,,water
stored-night,tide-siege+hollow-ground,w+h0l0,7,false,false,injected,2,play|breach.land|land|,hollow-ground-1,23.75,play|breach.water|water|,spend-tide-1,4.75,19,walked_into_shield,,,water
stored-night,tide-siege+hollow-ground,w+h0l0,8,false,false,injected,2,play|gather||gather,,2.5,play|disrupt.water|water|,foul-current-1,-1,3.5,walked_into_shield,,,water
stored-night,tide-siege+hollow-ground,w+h0l0,9,false,false,injected,2,play|probe.heat|heat|,open-chill-1,13.75,play|probe.water|water|,long-flow-2,2.75,11,walked_into_shield,,,water
stored-night,tide-siege+hollow-ground,w+h0l0,10,true,false,injected,3,play|breach.land|land|,no-green-left-1,9.25,play|breach.heat|heat|,hundred-smoke-1,-13.75,23,walked_into_shield,,,heat
stored-night,tide-siege+hollow-ground,w+h0l0,11,true,false,injected,2,play|probe.heat|heat|,open-chill-1,13.75,play|probe.water|water|,long-flow-1,2.75,11,walked_into_shield,,,water
stored-night,tide-siege+hollow-ground,w+h0l0,12,true,true,injected,2,play|probe.heat|heat|,open-chill-1,13.75,play|probe.water|water|,long-flow-1,4.75,9,walked_into_shield,,,water
stored-night,tide-siege+hollow-ground,w+h0l0,13,true,false,injected,2,play|probe.heat|heat|,open-chill-2,13.75,play|probe.water|water|,long-flow-1,4.75,9,walked_into_shield,,,water
stored-night,tide-siege+hollow-ground,w+h0l0,14,true,false,injected,2,play|breach.heat|heat|,hundred-smoke-1,23.75,play|breach.water|water|,tide-siege-1,4.75,19,walked_into_shield,,,water
stored-night,tide-siege+hollow-ground,w+h0l0,15,false,false,injected,2,play|disrupt.land|land|,filth-spread-1,8,play|probe.water|water|,long-flow-1,4.75,3.25,walked_into_shield,,,water
stored-night,tide-siege+hollow-ground,w+h0l0,16,false,false,injected,2,play|probe.land|land|,trample-green-1,13.75,play|disrupt.water|water|,foul-current-1,-1,14.75,walked_into_shield,,,water
stored-night,tide-siege+hollow-ground,w+h0l0,17,true,false,injected,2,play|probe.heat|heat|,open-chill-3,13.75,play|probe.water|water|,long-flow-1,2.75,11,walked_into_shield,,,water
stored-night,tide-siege+hollow-ground,w+h0l0,18,false,true,injected,2,play|breach.heat|heat|,hundred-smoke-1,23.75,play|disrupt.water|water|,foul-current-1,-0.25,24,walked_into_shield,,,water
stored-night,tide-siege+hollow-ground,w+h0l0,19,true,true,injected,3,play|disrupt.land|land|,filth-spread-1,10.25,play|breach.land|land|,no-green-left-1,4.25,6,missed_interrupt,repair,land,
stored-night,tide-siege+hollow-ground,w+h0l0,20,true,false,injected,2,play|probe.heat|heat|,open-chill-1,13.75,play|probe.water|water|,long-flow-1,2.75,11,walked_into_shield,,,water
stored-night,tide-siege+hollow-ground,w+h0l0,21,true,false,injected,3,play|breach.water|water|,spend-tide-1,11.25,play|breach.heat|heat|,hundred-smoke-1,-15.75,27,walked_into_shield,,,heat
stored-night,tide-siege+hollow-ground,w+h0l0,22,false,false,injected,2,play|probe.heat|heat|,open-chill-1,13.75,play|probe.water|water|,long-flow-1,4.75,9,walked_into_shield,,,water
stored-night,tide-siege+hollow-ground,w+h0l0,23,true,false,injected,3,play|disrupt.land|land|,filth-spread-1,15.25,play|breach.land|land|,no-green-left-1,12.25,3,missed_interrupt,repair,land,
stored-night,tide-siege+hollow-ground,w+h0l0,24,true,true,injected,2,play|probe.heat|heat|,open-chill-3,13.75,play|probe.water|water|,long-flow-2,2.75,11,walked_into_shield,,,water
stored-night,tide-siege+hollow-ground,w+h0l0,25,true,true,injected,2,play|disrupt.heat|heat|,idle-fume-1,11,play|disrupt.land|land|,filth-spread-1,8,3,missed_interrupt,shield,heat,
stored-night,tide-siege+hollow-ground,w+h0l0,26,true,false,injected,2,play|probe.land|land|,trample-green-1,13.75,play|probe.water|water|,long-flow-2,2.75,11,walked_into_shield,,,water
stored-night,tide-siege+hollow-ground,w+h0l0,27,true,true,injected,2,play|probe.heat|heat|,open-chill-3,13.75,play|disrupt.water|water|,foul-current-1,-1,14.75,walked_into_shield,,,water
stored-night,tide-siege+hollow-ground,w+h0l0,28,true,true,injected,2,play|probe.heat|heat|,open-chill-3,13.75,play|probe.water|water|,long-flow-1,4.75,9,walked_into_shield,,,water
stored-night,tide-siege+hollow-ground,w+h0l0,29,true,false,injected,2,play|breach.land|land|,hollow-ground-1,23.75,play|breach.water|water|,tide-siege-1,4.75,19,walked_into_shield,,,water
stored-night,tide-siege+hollow-ground,w+h0l0,30,true,false,injected,2,play|probe.heat|heat|,open-chill-2,13.75,play|probe.water|water|,long-flow-1,4.75,9,walked_into_shield,,,water
stored-night,tide-siege+hollow-ground,w+h0l0,31,false,false,injected,2,play|disrupt.heat|heat|,idle-fume-1,11,play|probe.water|water|,long-flow-2,4.75,6.25,missed_interrupt,shield,heat,
stored-night,tide-siege+hollow-ground,w+h0l0,32,true,true,injected,3,play|disrupt.land|land|,filth-spread-1,13.25,play|breach.water|water|,tide-siege-1,9.25,4,missed_interrupt,repair,land,
stored-night,tide-siege+hollow-ground,w+h0l0,33,false,false,injected,2,play|disrupt.land|land|,filth-spread-1,8,play|probe.water|water|,long-flow-2,2.75,5.25,walked_into_shield,,,water
stored-night,tide-siege+hollow-ground,w+h0l0,34,true,false,injected,2,play|probe.heat|heat|,open-chill-1,13.75,play|disrupt.water|water|,foul-current-1,-1,14.75,walked_into_shield,,,water
stored-night,tide-siege+hollow-ground,w+h0l0,35,true,false,injected,2,play|probe.heat|heat|,open-chill-2,13.75,play|probe.water|water|,long-flow-1,2.75,11,walked_into_shield,,,water
stored-night,tide-siege+hollow-ground,w+h0l0,36,false,false,injected,2,play|disrupt.heat|heat|,idle-fume-1,11,play|probe.water|water|,long-flow-1,2.75,8.25,missed_interrupt,shield,heat,
stored-night,tide-siege+hollow-ground,w+h0l0,37,true,false,injected,3,play|breach.water|water|,tide-siege-1,9.25,play|probe.heat|heat|,open-chill-1,-15,24.25,walked_into_shield,,,heat
stored-night,tide-siege+hollow-ground,w+h0l0,38,true,false,injected,2,play|probe.land|land|,trample-green-2,13.75,play|probe.water|water|,long-flow-1,2.75,11,walked_into_shield,,,water
stored-night,tide-siege+hollow-ground,w+h0l0,39,true,true,injected,2,play|probe.heat|heat|,open-chill-3,13.75,play|probe.water|water|,long-flow-2,2.75,11,walked_into_shield,,,water
stored-night,tide-siege+hollow-ground,w+h0l0,40,true,false,injected,2,play|disrupt.heat|heat|,idle-fume-1,11,play|disrupt.land|land|,filth-spread-1,8,3,missed_interrupt,shield,heat,
stored-night,tide-siege+hollow-ground,w+h0l0,41,true,false,injected,2,play|probe.heat|heat|,open-chill-2,13.75,play|probe.water|water|,long-flow-2,2.75,11,walked_into_shield,,,water
stored-night,tide-siege+hollow-ground,w+h0l0,42,false,true,injected,2,play|probe.heat|heat|,open-chill-1,13.75,play|probe.water|water|,long-flow-1,2.75,11,walked_into_shield,,,water
stored-night,tide-siege+hollow-ground,w+h0l0,43,true,false,injected,2,play|probe.heat|heat|,open-chill-1,13.75,play|probe.water|water|,long-flow-2,2.75,11,walked_into_shield,,,water
stored-night,tide-siege+hollow-ground,w+h0l0,44,true,false,injected,2,play|probe.heat|heat|,open-chill-3,13.75,play|probe.water|water|,long-flow-2,2.75,11,walked_into_shield,,,water
stored-night,tide-siege+hollow-ground,w+h0l0,45,false,false,injected,2,play|probe.heat|heat|,open-chill-2,13.75,play|disrupt.water|water|,foul-current-1,1,12.75,walked_into_shield,,,water
stored-night,tide-siege+hollow-ground,w+h0l0,46,false,false,injected,2,play|disrupt.heat|heat|,idle-fume-1,11,play|disrupt.land|land|,filth-spread-1,8,3,missed_interrupt,shield,heat,
stored-night,tide-siege+hollow-ground,w+h0l0,47,true,true,injected,2,play|disrupt.heat|heat|,idle-fume-1,11,play|probe.water|water|,long-flow-2,4.75,6.25,missed_interrupt,shield,heat,
stored-night,tide-siege+hollow-ground,w+h0l0,48,true,true,injected,2,play|probe.land|land|,trample-green-2,13.75,play|probe.water|water|,long-flow-1,2.75,11,walked_into_shield,,,water
stored-night,tide-siege+hollow-ground,w+h0l0,49,true,true,injected,3,play|disrupt.land|land|,filth-spread-1,13.25,play|breach.land|land|,hollow-ground-1,9.25,4,missed_interrupt,repair,land,
stored-night,tide-siege+hollow-ground,w+h0l0,50,true,true,injected,3,play|disrupt.land|land|,filth-spread-1,13.25,play|disrupt.water|water|,foul-current-1,-7.75,21,missed_interrupt,repair,land,
stored-night,tide-siege+hollow-ground,w+h0l0,51,false,false,injected,2,play|disrupt.heat|heat|,idle-fume-1,11,play|probe.water|water|,long-flow-1,4.75,6.25,missed_interrupt,shield,heat,
stored-night,tide-siege+hollow-ground,w+h0l0,52,true,false,injected,2,play|breach.land|land|,hollow-ground-1,23.75,play|breach.water|water|,spend-tide-1,4.75,19,walked_into_shield,,,water
stored-night,tide-siege+hollow-ground,w+h0l0,53,true,false,injected,2,play|breach.heat|heat|,hundred-smoke-1,23.75,play|breach.water|water|,tide-siege-1,4.75,19,walked_into_shield,,,water
stored-night,tide-siege+hollow-ground,w+h0l0,54,false,false,injected,2,play|breach.land|land|,hollow-ground-1,23.75,play|breach.water|water|,spend-tide-1,4.75,19,walked_into_shield,,,water
stored-night,tide-siege+hollow-ground,w+h0l0,55,true,false,injected,2,play|probe.heat|heat|,open-chill-1,13.75,play|probe.water|water|,long-flow-1,2.75,11,walked_into_shield,,,water
stored-night,tide-siege+hollow-ground,w+h0l0,56,true,false,injected,2,play|probe.heat|heat|,open-chill-1,18.75,play|probe.water|water|,long-flow-1,2.75,16,walked_into_shield,,,water
stored-night,tide-siege+hollow-ground,w+h0l0,57,false,false,injected,2,play|probe.heat|heat|,open-chill-1,18.75,play|probe.water|water|,long-flow-1,2.75,16,walked_into_shield,,,water
stored-night,tide-siege+hollow-ground,w+h0l0,58,false,false,injected,2,play|disrupt.land|land|,filth-spread-1,8,play|probe.water|water|,long-flow-2,4.75,3.25,walked_into_shield,,,water
stored-night,tide-siege+hollow-ground,w+h0l0,59,true,false,injected,2,play|probe.heat|heat|,open-chill-1,13.75,play|probe.water|water|,long-flow-2,2.75,11,walked_into_shield,,,water
stored-night,tide-siege+hollow-ground,w+h0l0,60,true,true,injected,3,play|disrupt.land|land|,filth-spread-1,13.25,play|breach.land|land|,hollow-ground-1,9.25,4,missed_interrupt,repair,land,
stored-night,tide-siege+hollow-ground,w+h0l0,61,true,false,injected,2,play|probe.heat|heat|,open-chill-1,13.75,play|disrupt.water|water|,foul-current-1,1,12.75,walked_into_shield,,,water
stored-night,tide-siege+hollow-ground,w+h0l0,62,false,false,injected,2,play|probe.heat|heat|,open-chill-3,13.75,play|probe.water|water|,long-flow-2,4.75,9,walked_into_shield,,,water
stored-night,tide-siege+hollow-ground,w+h0l0,63,true,false,injected,2,play|probe.heat|heat|,open-chill-2,13.75,play|probe.water|water|,long-flow-2,2.75,11,walked_into_shield,,,water
stored-night,tide-siege+hollow-ground,w+h0l0,64,true,false,injected,2,play|probe.land|land|,trample-green-2,13.75,play|probe.water|water|,long-flow-1,2.75,11,walked_into_shield,,,water
stored-night,tide-siege+hollow-ground,w+h0l0,65,true,false,injected,2,play|probe.heat|heat|,open-chill-2,13.75,play|probe.water|water|,long-flow-2,4.75,9,walked_into_shield,,,water
stored-night,tide-siege+hollow-ground,w+h0l0,66,true,false,injected,3,play|probe.land|land|,trample-green-1,-2,play|breach.heat|heat|,hundred-smoke-1,-13.75,11.75,walked_into_shield,,,heat
stored-night,tide-siege+hollow-ground,w+h0l0,67,false,false,injected,2,play|probe.land|land|,trample-green-2,13.75,play|probe.water|water|,long-flow-1,2.75,11,walked_into_shield,,,water
stored-night,tide-siege+hollow-ground,w+h0l0,68,false,false,injected,2,play|disrupt.heat|heat|,idle-fume-1,11,play|probe.water|water|,long-flow-2,4.75,6.25,missed_interrupt,shield,heat,
stored-night,tide-siege+hollow-ground,w+h0l0,69,false,false,injected,2,play|probe.heat|heat|,open-chill-2,18.75,play|probe.water|water|,long-flow-1,2.75,16,walked_into_shield,,,water
stored-night,tide-siege+hollow-ground,w+h0l0,70,true,false,injected,2,play|probe.heat|heat|,open-chill-1,18.75,play|probe.water|water|,long-flow-2,2.75,16,walked_into_shield,,,water
stored-night,tide-siege+hollow-ground,w+h0l0,71,true,false,injected,2,play|breach.heat|heat|,hundred-smoke-1,23.75,play|breach.water|water|,spend-tide-1,4.75,19,walked_into_shield,,,water
stored-night,tide-siege+hollow-ground,w+h0l0,72,true,false,injected,2,play|probe.land|land|,trample-green-1,13.75,play|probe.water|water|,long-flow-2,4.75,9,walked_into_shield,,,water
stored-night,tide-siege+hollow-ground,w+h0l0,73,false,true,injected,2,play|disrupt.land|land|,filth-spread-1,8,play|probe.water|water|,long-flow-2,2.75,5.25,walked_into_shield,,,water
stored-night,tide-siege+hollow-ground,w+h0l0,74,false,false,injected,2,play|probe.heat|heat|,open-chill-2,13.75,play|probe.water|water|,long-flow-1,2.75,11,walked_into_shield,,,water
stored-night,tide-siege+hollow-ground,w+h0l0,75,true,false,injected,2,play|breach.heat|heat|,hundred-smoke-1,23.75,play|breach.water|water|,tide-siege-1,4.75,19,walked_into_shield,,,water
stored-night,tide-siege+hollow-ground,w+h0l0,76,false,false,injected,2,play|disrupt.heat|heat|,idle-fume-1,11,play|disrupt.land|land|,filth-spread-1,8,3,missed_interrupt,shield,heat,
stored-night,tide-siege+hollow-ground,w+h0l0,77,true,true,injected,2,play|disrupt.heat|heat|,idle-fume-1,11,play|probe.water|water|,long-flow-2,2.75,8.25,missed_interrupt,shield,heat,
stored-night,tide-siege+hollow-ground,w+h0l0,78,true,false,injected,2,play|probe.heat|heat|,open-chill-3,13.75,play|probe.water|water|,long-flow-2,2.75,11,walked_into_shield,,,water
stored-night,tide-siege+hollow-ground,w+h0l0,79,false,false,injected,3,play|probe.land|land|,trample-green-2,-2,play|probe.heat|heat|,open-chill-2,-15,13,walked_into_shield,,,heat
stored-night,tide-siege+hollow-ground,w+h0l0,80,true,false,injected,3,play|breach.water|water|,tide-siege-1,11.25,play|breach.heat|heat|,hundred-smoke-1,-15.75,27,walked_into_shield,,,heat
stored-night,tide-siege+hollow-ground,w+h0l0,81,true,true,injected,2,play|probe.heat|heat|,open-chill-3,13.75,play|disrupt.water|water|,foul-current-1,-1,14.75,walked_into_shield,,,water
stored-night,tide-siege+hollow-ground,w+h0l0,82,false,false,injected,2,play|breach.land|land|,hollow-ground-1,23.75,play|breach.water|water|,spend-tide-1,4.75,19,walked_into_shield,,,water
stored-night,tide-siege+hollow-ground,w+h0l0,83,true,false,injected,2,play|probe.heat|heat|,open-chill-2,13.75,play|probe.water|water|,long-flow-1,4.75,9,walked_into_shield,,,water
stored-night,tide-siege+hollow-ground,w+h0l0,84,true,false,injected,2,play|probe.heat|heat|,open-chill-3,13.75,play|probe.water|water|,long-flow-2,4.75,9,walked_into_shield,,,water
stored-night,tide-siege+hollow-ground,w+h0l0,85,true,false,injected,2,play|probe.heat|heat|,open-chill-2,13.75,play|probe.water|water|,long-flow-2,4.75,9,walked_into_shield,,,water
stored-night,tide-siege+hollow-ground,w+h0l0,86,true,true,injected,2,play|probe.heat|heat|,open-chill-1,13.75,play|probe.water|water|,long-flow-2,2.75,11,walked_into_shield,,,water
stored-night,tide-siege+hollow-ground,w+h0l0,87,false,true,injected,2,play|probe.land|land|,trample-green-2,13.75,play|probe.water|water|,long-flow-1,2.75,11,walked_into_shield,,,water
stored-night,tide-siege+hollow-ground,w+h0l0,88,true,false,injected,2,play|probe.heat|heat|,open-chill-3,13.75,play|probe.water|water|,long-flow-2,4.75,9,walked_into_shield,,,water
stored-night,tide-siege+hollow-ground,w+h0l0,89,false,false,injected,2,play|probe.heat|heat|,open-chill-1,13.75,play|disrupt.water|water|,foul-current-1,-1,14.75,walked_into_shield,,,water
stored-night,tide-siege+hollow-ground,w+h0l0,90,true,true,injected,2,play|probe.heat|heat|,open-chill-2,13.75,play|probe.water|water|,long-flow-1,2.75,11,walked_into_shield,,,water
stored-night,tide-siege+hollow-ground,w+h0l0,91,true,false,injected,2,play|probe.land|land|,trample-green-2,13.75,play|probe.water|water|,long-flow-2,2.75,11,walked_into_shield,,,water
stored-night,tide-siege+hollow-ground,w+h0l0,92,false,false,injected,2,play|disrupt.heat|heat|,idle-fume-1,11,play|probe.water|water|,long-flow-2,2.75,8.25,missed_interrupt,shield,heat,
stored-night,tide-siege+hollow-ground,w+h0l0,93,true,true,injected,2,play|probe.heat|heat|,open-chill-1,13.75,play|probe.water|water|,long-flow-2,2.75,11,walked_into_shield,,,water
stored-night,tide-siege+hollow-ground,w+h0l0,94,true,true,injected,2,play|probe.land|land|,trample-green-2,13.75,play|probe.water|water|,long-flow-2,2.75,11,walked_into_shield,,,water
stored-night,tide-siege+hollow-ground,w+h0l0,95,true,false,injected,2,play|probe.heat|heat|,open-chill-2,13.75,play|probe.water|water|,long-flow-2,4.75,9,walked_into_shield,,,water
stored-night,tide-siege+hollow-ground,w+h0l0,96,false,true,injected,2,play|probe.heat|heat|,open-chill-2,13.75,play|probe.water|water|,long-flow-2,2.75,11,walked_into_shield,,,water
stored-night,tide-siege+hollow-ground,w+h0l0,97,true,false,injected,2,play|breach.land|land|,no-green-left-1,23.75,play|disrupt.water|water|,foul-current-1,-0.25,24,walked_into_shield,,,water
stored-night,tide-siege+hollow-ground,w+h0l0,98,false,false,injected,2,play|probe.heat|heat|,open-chill-2,18.75,play|probe.water|water|,long-flow-1,2.75,16,walked_into_shield,,,water
stored-night,tide-siege+hollow-ground,w+h0l0,99,true,true,injected,3,play|breach.water|water|,spend-tide-1,8.25,play|probe.heat|heat|,open-chill-2,-13,21.25,walked_into_shield,,,heat
stored-night,tide-siege+hollow-ground,w+h0l0,100,false,false,injected,2,play|disrupt.land|land|,filth-spread-1,8,play|disrupt.water|water|,foul-current-1,-1,9,walked_into_shield,,,water
stored-night,tide-siege+hollow-ground,w0h-l0,1,true,false,injected,2,play|breach.land|land|,no-green-left-1,23.75,play|breach.water|water|,spend-tide-1,4.75,19,walked_into_shield,,,water
stored-night,tide-siege+hollow-ground,w0h-l0,2,false,true,injected,2,play|probe.heat|heat|,open-chill-1,13.75,play|disrupt.water|water|,foul-current-1,1,12.75,walked_into_shield,,,water
stored-night,tide-siege+hollow-ground,w0h-l0,3,false,true,injected,2,play|probe.heat|heat|,open-chill-2,13.75,play|probe.water|water|,long-flow-1,2.75,11,walked_into_shield,,,water
stored-night,tide-siege+hollow-ground,w0h-l0,4,true,false,injected,2,play|probe.heat|heat|,open-chill-2,13.75,play|probe.water|water|,long-flow-1,2.75,11,walked_into_shield,,,water
stored-night,tide-siege+hollow-ground,w0h-l0,5,true,false,injected,2,play|disrupt.heat|heat|,idle-fume-1,11,play|disrupt.land|land|,filth-spread-1,8,3,missed_interrupt,shield,heat,
stored-night,tide-siege+hollow-ground,w0h-l0,6,true,true,injected,2,play|probe.heat|heat|,open-chill-2,17.75,play|probe.water|water|,long-flow-2,2.75,15,walked_into_shield,,,water
stored-night,tide-siege+hollow-ground,w0h-l0,7,false,false,injected,2,play|breach.land|land|,hollow-ground-1,23.75,play|breach.water|water|,spend-tide-1,4.75,19,walked_into_shield,,,water
stored-night,tide-siege+hollow-ground,w0h-l0,8,false,false,injected,2,play|gather||gather,,2.5,play|disrupt.water|water|,foul-current-1,-1,3.5,walked_into_shield,,,water
stored-night,tide-siege+hollow-ground,w0h-l0,9,false,false,injected,2,play|probe.heat|heat|,open-chill-1,13.75,play|probe.water|water|,long-flow-2,2.75,11,walked_into_shield,,,water
stored-night,tide-siege+hollow-ground,w0h-l0,10,true,false,injected,3,play|breach.land|land|,no-green-left-1,9.25,play|breach.heat|heat|,hundred-smoke-1,-13.75,23,walked_into_shield,,,heat
stored-night,tide-siege+hollow-ground,w0h-l0,11,true,false,injected,2,play|probe.heat|heat|,open-chill-1,13.75,play|probe.water|water|,long-flow-1,2.75,11,walked_into_shield,,,water
stored-night,tide-siege+hollow-ground,w0h-l0,12,true,false,injected,2,play|probe.heat|heat|,open-chill-1,13.75,play|probe.water|water|,long-flow-1,4.75,9,walked_into_shield,,,water
stored-night,tide-siege+hollow-ground,w0h-l0,13,true,false,injected,2,play|probe.heat|heat|,open-chill-2,13.75,play|probe.water|water|,long-flow-1,4.75,9,walked_into_shield,,,water
stored-night,tide-siege+hollow-ground,w0h-l0,14,true,false,injected,2,play|breach.heat|heat|,hundred-smoke-1,23.75,play|breach.water|water|,tide-siege-1,4.75,19,walked_into_shield,,,water
stored-night,tide-siege+hollow-ground,w0h-l0,15,false,false,injected,2,play|disrupt.land|land|,filth-spread-1,8,play|probe.water|water|,long-flow-1,4.75,3.25,walked_into_shield,,,water
stored-night,tide-siege+hollow-ground,w0h-l0,16,true,false,injected,2,play|probe.heat|heat|,open-chill-3,17.75,play|disrupt.water|water|,foul-current-1,1,16.75,walked_into_shield,,,water
stored-night,tide-siege+hollow-ground,w0h-l0,17,true,false,injected,2,play|probe.heat|heat|,open-chill-3,13.75,play|probe.water|water|,long-flow-1,2.75,11,walked_into_shield,,,water
stored-night,tide-siege+hollow-ground,w0h-l0,18,false,true,injected,2,play|breach.heat|heat|,hundred-smoke-1,23.75,play|disrupt.water|water|,foul-current-1,-0.25,24,walked_into_shield,,,water
stored-night,tide-siege+hollow-ground,w0h-l0,19,false,false,injected,3,play|disrupt.land|land|,filth-spread-1,15.25,play|breach.water|water|,spend-tide-1,7.25,8,missed_interrupt,repair,land,
stored-night,tide-siege+hollow-ground,w0h-l0,20,true,false,injected,2,play|probe.heat|heat|,open-chill-1,13.75,play|probe.water|water|,long-flow-1,2.75,11,walked_into_shield,,,water
stored-night,tide-siege+hollow-ground,w0h-l0,21,true,false,injected,3,play|breach.water|water|,spend-tide-1,11.25,play|breach.heat|heat|,hundred-smoke-1,-15.75,27,walked_into_shield,,,heat
stored-night,tide-siege+hollow-ground,w0h-l0,22,false,false,injected,2,play|probe.heat|heat|,open-chill-1,13.75,play|probe.water|water|,long-flow-1,4.75,9,walked_into_shield,,,water
stored-night,tide-siege+hollow-ground,w0h-l0,23,true,false,injected,3,play|disrupt.land|land|,filth-spread-1,15.25,play|breach.land|land|,no-green-left-1,12.25,3,missed_interrupt,repair,land,
stored-night,tide-siege+hollow-ground,w0h-l0,24,true,true,injected,2,play|probe.heat|heat|,open-chill-3,13.75,play|probe.water|water|,long-flow-2,2.75,11,walked_into_shield,,,water
stored-night,tide-siege+hollow-ground,w0h-l0,25,true,true,injected,2,play|disrupt.heat|heat|,idle-fume-1,11,play|disrupt.land|land|,filth-spread-1,8,3,missed_interrupt,shield,heat,
stored-night,tide-siege+hollow-ground,w0h-l0,26,true,false,injected,2,play|probe.land|land|,trample-green-1,13.75,play|probe.water|water|,long-flow-2,2.75,11,walked_into_shield,,,water
stored-night,tide-siege+hollow-ground,w0h-l0,27,true,true,injected,2,play|probe.heat|heat|,open-chill-3,13.75,play|disrupt.water|water|,foul-current-1,-1,14.75,walked_into_shield,,,water
stored-night,tide-siege+hollow-ground,w0h-l0,28,true,true,injected,2,play|probe.heat|heat|,open-chill-3,13.75,play|probe.water|water|,long-flow-1,4.75,9,walked_into_shield,,,water
stored-night,tide-siege+hollow-ground,w0h-l0,29,true,false,injected,2,play|breach.land|land|,hollow-ground-1,23.75,play|breach.water|water|,tide-siege-1,4.75,19,walked_into_shield,,,water
stored-night,tide-siege+hollow-ground,w0h-l0,30,true,false,injected,2,play|probe.heat|heat|,open-chill-2,13.75,play|probe.water|water|,long-flow-1,4.75,9,walked_into_shield,,,water
stored-night,tide-siege+hollow-ground,w0h-l0,31,false,false,injected,2,play|disrupt.heat|heat|,idle-fume-1,11,play|probe.water|water|,long-flow-2,4.75,6.25,missed_interrupt,shield,heat,
stored-night,tide-siege+hollow-ground,w0h-l0,32,true,true,injected,3,play|disrupt.land|land|,filth-spread-1,13.25,play|breach.water|water|,tide-siege-1,9.25,4,missed_interrupt,repair,land,
stored-night,tide-siege+hollow-ground,w0h-l0,33,false,false,injected,2,play|disrupt.land|land|,filth-spread-1,8,play|probe.water|water|,long-flow-2,2.75,5.25,walked_into_shield,,,water
stored-night,tide-siege+hollow-ground,w0h-l0,34,true,false,injected,2,play|probe.heat|heat|,open-chill-1,17.75,play|disrupt.water|water|,foul-current-1,1,16.75,walked_into_shield,,,water
stored-night,tide-siege+hollow-ground,w0h-l0,35,true,false,injected,2,play|probe.heat|heat|,open-chill-2,13.75,play|probe.water|water|,long-flow-1,2.75,11,walked_into_shield,,,water
stored-night,tide-siege+hollow-ground,w0h-l0,36,false,false,injected,2,play|disrupt.heat|heat|,idle-fume-1,11,play|probe.water|water|,long-flow-1,2.75,8.25,missed_interrupt,shield,heat,
stored-night,tide-siege+hollow-ground,w0h-l0,37,true,false,injected,3,play|breach.water|water|,tide-siege-1,9.25,play|probe.heat|heat|,open-chill-1,-15,24.25,walked_into_shield,,,heat
stored-night,tide-siege+hollow-ground,w0h-l0,38,true,false,injected,2,play|probe.land|land|,trample-green-2,13.75,play|probe.water|water|,long-flow-1,2.75,11,walked_into_shield,,,water
stored-night,tide-siege+hollow-ground,w0h-l0,39,true,true,injected,2,play|probe.heat|heat|,open-chill-3,13.75,play|probe.water|water|,long-flow-2,2.75,11,walked_into_shield,,,water
stored-night,tide-siege+hollow-ground,w0h-l0,40,false,false,injected,2,play|disrupt.heat|heat|,idle-fume-1,11,play|disrupt.land|land|,filth-spread-1,8,3,missed_interrupt,shield,heat,
stored-night,tide-siege+hollow-ground,w0h-l0,41,true,false,injected,2,play|probe.heat|heat|,open-chill-2,13.75,play|probe.water|water|,long-flow-2,2.75,11,walked_into_shield,,,water
stored-night,tide-siege+hollow-ground,w0h-l0,42,false,true,injected,2,play|probe.heat|heat|,open-chill-1,13.75,play|probe.water|water|,long-flow-1,2.75,11,walked_into_shield,,,water
stored-night,tide-siege+hollow-ground,w0h-l0,43,true,false,injected,2,play|probe.heat|heat|,open-chill-1,13.75,play|probe.water|water|,long-flow-2,2.75,11,walked_into_shield,,,water
stored-night,tide-siege+hollow-ground,w0h-l0,44,true,false,injected,2,play|probe.heat|heat|,open-chill-3,13.75,play|probe.water|water|,long-flow-2,2.75,11,walked_into_shield,,,water
stored-night,tide-siege+hollow-ground,w0h-l0,45,false,false,injected,2,play|probe.heat|heat|,open-chill-2,13.75,play|disrupt.water|water|,foul-current-1,1,12.75,walked_into_shield,,,water
stored-night,tide-siege+hollow-ground,w0h-l0,46,false,false,injected,2,play|disrupt.heat|heat|,idle-fume-1,11,play|disrupt.land|land|,filth-spread-1,8,3,missed_interrupt,shield,heat,
stored-night,tide-siege+hollow-ground,w0h-l0,47,true,true,injected,2,play|disrupt.heat|heat|,idle-fume-1,11,play|probe.water|water|,long-flow-2,4.75,6.25,missed_interrupt,shield,heat,
stored-night,tide-siege+hollow-ground,w0h-l0,48,true,true,injected,2,play|probe.land|land|,trample-green-2,13.75,play|probe.water|water|,long-flow-1,2.75,11,walked_into_shield,,,water
stored-night,tide-siege+hollow-ground,w0h-l0,49,true,false,injected,3,play|disrupt.land|land|,filth-spread-1,13.25,play|breach.land|land|,hollow-ground-1,9.25,4,missed_interrupt,repair,land,
stored-night,tide-siege+hollow-ground,w0h-l0,50,true,true,injected,3,play|disrupt.land|land|,filth-spread-1,13.25,play|disrupt.water|water|,foul-current-1,-7.75,21,missed_interrupt,repair,land,
stored-night,tide-siege+hollow-ground,w0h-l0,51,false,false,injected,2,play|disrupt.heat|heat|,idle-fume-1,11,play|probe.water|water|,long-flow-1,4.75,6.25,missed_interrupt,shield,heat,
stored-night,tide-siege+hollow-ground,w0h-l0,52,true,false,injected,2,play|breach.land|land|,hollow-ground-1,23.75,play|breach.water|water|,spend-tide-1,4.75,19,walked_into_shield,,,water
stored-night,tide-siege+hollow-ground,w0h-l0,53,true,false,injected,2,play|breach.heat|heat|,hundred-smoke-1,23.75,play|breach.water|water|,tide-siege-1,4.75,19,walked_into_shield,,,water
stored-night,tide-siege+hollow-ground,w0h-l0,54,false,false,injected,2,play|breach.land|land|,hollow-ground-1,23.75,play|breach.water|water|,spend-tide-1,4.75,19,walked_into_shield,,,water
stored-night,tide-siege+hollow-ground,w0h-l0,55,false,false,injected,2,play|probe.heat|heat|,open-chill-1,13.75,play|probe.water|water|,long-flow-1,2.75,11,walked_into_shield,,,water
stored-night,tide-siege+hollow-ground,w0h-l0,56,true,false,injected,2,play|probe.heat|heat|,open-chill-1,17.75,play|probe.water|water|,long-flow-1,2.75,15,walked_into_shield,,,water
stored-night,tide-siege+hollow-ground,w0h-l0,57,false,false,injected,2,play|probe.heat|heat|,open-chill-1,17.75,play|probe.water|water|,long-flow-1,2.75,15,walked_into_shield,,,water
stored-night,tide-siege+hollow-ground,w0h-l0,58,false,false,injected,2,play|disrupt.land|land|,filth-spread-1,8,play|probe.water|water|,long-flow-2,2.75,5.25,walked_into_shield,,,water
stored-night,tide-siege+hollow-ground,w0h-l0,59,true,false,injected,2,play|probe.heat|heat|,open-chill-1,13.75,play|probe.water|water|,long-flow-2,2.75,11,walked_into_shield,,,water
stored-night,tide-siege+hollow-ground,w0h-l0,60,true,true,injected,3,play|disrupt.land|land|,filth-spread-1,13.25,play|breach.land|land|,hollow-ground-1,9.25,4,missed_interrupt,repair,land,
stored-night,tide-siege+hollow-ground,w0h-l0,61,false,false,injected,2,play|probe.heat|heat|,open-chill-1,13.75,play|disrupt.water|water|,foul-current-1,1,12.75,walked_into_shield,,,water
stored-night,tide-siege+hollow-ground,w0h-l0,62,false,false,injected,2,play|probe.heat|heat|,open-chill-3,13.75,play|probe.water|water|,long-flow-2,4.75,9,walked_into_shield,,,water
stored-night,tide-siege+hollow-ground,w0h-l0,63,true,false,injected,2,play|probe.heat|heat|,open-chill-2,13.75,play|probe.water|water|,long-flow-2,2.75,11,walked_into_shield,,,water
stored-night,tide-siege+hollow-ground,w0h-l0,64,true,false,injected,2,play|probe.land|land|,trample-green-2,13.75,play|probe.water|water|,long-flow-1,2.75,11,walked_into_shield,,,water
stored-night,tide-siege+hollow-ground,w0h-l0,65,true,false,injected,2,play|probe.heat|heat|,open-chill-2,13.75,play|probe.water|water|,long-flow-2,4.75,9,walked_into_shield,,,water
stored-night,tide-siege+hollow-ground,w0h-l0,66,true,false,injected,3,play|breach.water|water|,tide-siege-1,10.25,play|breach.heat|heat|,hundred-smoke-1,-13.75,24,walked_into_shield,,,heat
stored-night,tide-siege+hollow-ground,w0h-l0,67,false,false,injected,2,play|probe.land|land|,trample-green-2,13.75,play|probe.water|water|,long-flow-1,2.75,11,walked_into_shield,,,water
stored-night,tide-siege+hollow-ground,w0h-l0,68,false,false,injected,2,play|disrupt.heat|heat|,idle-fume-1,11,play|probe.water|water|,long-flow-2,4.75,6.25,missed_interrupt,shield,heat,
stored-night,tide-siege+hollow-ground,w0h-l0,69,false,false,injected,2,play|probe.heat|heat|,open-chill-2,17.75,play|probe.water|water|,long-flow-1,2.75,15,walked_into_shield,,,water
stored-night,tide-siege+hollow-ground,w0h-l0,70,true,false,injected,2,play|probe.heat|heat|,open-chill-1,17.75,play|probe.water|water|,long-flow-2,2.75,15,walked_into_shield,,,water
stored-night,tide-siege+hollow-ground,w0h-l0,71,true,false,injected,2,play|breach.heat|heat|,hundred-smoke-1,23.75,play|breach.water|water|,spend-tide-1,4.75,19,walked_into_shield,,,water
stored-night,tide-siege+hollow-ground,w0h-l0,72,true,false,injected,2,play|probe.land|land|,trample-green-1,13.75,play|probe.water|water|,long-flow-2,4.75,9,walked_into_shield,,,water
stored-night,tide-siege+hollow-ground,w0h-l0,73,false,true,injected,2,play|disrupt.land|land|,filth-spread-1,8,play|probe.water|water|,long-flow-2,2.75,5.25,walked_into_shield,,,water
stored-night,tide-siege+hollow-ground,w0h-l0,74,false,false,injected,2,play|probe.heat|heat|,open-chill-2,13.75,play|probe.water|water|,long-flow-1,2.75,11,walked_into_shield,,,water
stored-night,tide-siege+hollow-ground,w0h-l0,75,true,false,injected,2,play|breach.heat|heat|,hundred-smoke-1,23.75,play|breach.water|water|,tide-siege-1,4.75,19,walked_into_shield,,,water
stored-night,tide-siege+hollow-ground,w0h-l0,76,false,false,injected,2,play|disrupt.heat|heat|,idle-fume-1,11,play|disrupt.land|land|,filth-spread-1,8,3,missed_interrupt,shield,heat,
stored-night,tide-siege+hollow-ground,w0h-l0,77,false,true,injected,2,play|disrupt.heat|heat|,idle-fume-1,11,play|probe.water|water|,long-flow-2,2.75,8.25,missed_interrupt,shield,heat,
stored-night,tide-siege+hollow-ground,w0h-l0,78,true,false,injected,2,play|probe.heat|heat|,open-chill-3,13.75,play|probe.water|water|,long-flow-2,2.75,11,walked_into_shield,,,water
stored-night,tide-siege+hollow-ground,w0h-l0,79,false,false,injected,3,play|probe.land|land|,trample-green-2,-2,play|probe.heat|heat|,open-chill-2,-15,13,walked_into_shield,,,heat
stored-night,tide-siege+hollow-ground,w0h-l0,80,false,false,injected,3,play|breach.water|water|,tide-siege-1,11.25,play|breach.heat|heat|,hundred-smoke-1,-15.75,27,walked_into_shield,,,heat
stored-night,tide-siege+hollow-ground,w0h-l0,81,true,false,injected,2,play|probe.heat|heat|,open-chill-3,13.75,play|disrupt.water|water|,foul-current-1,-1,14.75,walked_into_shield,,,water
stored-night,tide-siege+hollow-ground,w0h-l0,82,false,false,injected,2,play|breach.land|land|,hollow-ground-1,23.75,play|breach.water|water|,spend-tide-1,4.75,19,walked_into_shield,,,water
stored-night,tide-siege+hollow-ground,w0h-l0,83,true,false,injected,2,play|probe.heat|heat|,open-chill-2,13.75,play|probe.water|water|,long-flow-1,2.75,11,walked_into_shield,,,water
stored-night,tide-siege+hollow-ground,w0h-l0,84,true,false,injected,2,play|probe.heat|heat|,open-chill-3,13.75,play|probe.water|water|,long-flow-2,4.75,9,walked_into_shield,,,water
stored-night,tide-siege+hollow-ground,w0h-l0,85,true,false,injected,2,play|probe.heat|heat|,open-chill-2,13.75,play|probe.water|water|,long-flow-2,4.75,9,walked_into_shield,,,water
stored-night,tide-siege+hollow-ground,w0h-l0,86,true,true,injected,2,play|probe.heat|heat|,open-chill-1,13.75,play|probe.water|water|,long-flow-2,2.75,11,walked_into_shield,,,water
stored-night,tide-siege+hollow-ground,w0h-l0,87,false,true,injected,2,play|probe.land|land|,trample-green-2,13.75,play|probe.water|water|,long-flow-1,2.75,11,walked_into_shield,,,water
stored-night,tide-siege+hollow-ground,w0h-l0,88,true,false,injected,2,play|probe.heat|heat|,open-chill-3,13.75,play|probe.water|water|,long-flow-2,4.75,9,walked_into_shield,,,water
stored-night,tide-siege+hollow-ground,w0h-l0,89,false,false,injected,2,play|probe.heat|heat|,open-chill-1,13.75,play|disrupt.water|water|,foul-current-1,-1,14.75,walked_into_shield,,,water
stored-night,tide-siege+hollow-ground,w0h-l0,90,true,true,injected,2,play|probe.heat|heat|,open-chill-2,13.75,play|probe.water|water|,long-flow-1,2.75,11,walked_into_shield,,,water
stored-night,tide-siege+hollow-ground,w0h-l0,91,true,false,injected,2,play|probe.land|land|,trample-green-2,13.75,play|probe.water|water|,long-flow-2,2.75,11,walked_into_shield,,,water
stored-night,tide-siege+hollow-ground,w0h-l0,92,false,false,injected,2,play|disrupt.heat|heat|,idle-fume-1,11,play|probe.water|water|,long-flow-2,2.75,8.25,missed_interrupt,shield,heat,
stored-night,tide-siege+hollow-ground,w0h-l0,93,true,true,injected,2,play|probe.heat|heat|,open-chill-1,13.75,play|probe.water|water|,long-flow-2,2.75,11,walked_into_shield,,,water
stored-night,tide-siege+hollow-ground,w0h-l0,94,true,true,injected,2,play|probe.land|land|,trample-green-2,13.75,play|probe.water|water|,long-flow-2,2.75,11,walked_into_shield,,,water
stored-night,tide-siege+hollow-ground,w0h-l0,95,false,false,injected,2,play|probe.heat|heat|,open-chill-2,13.75,play|probe.water|water|,long-flow-2,2.75,11,walked_into_shield,,,water
stored-night,tide-siege+hollow-ground,w0h-l0,96,false,true,injected,2,play|probe.heat|heat|,open-chill-2,13.75,play|probe.water|water|,long-flow-2,2.75,11,walked_into_shield,,,water
stored-night,tide-siege+hollow-ground,w0h-l0,97,true,false,injected,2,play|breach.land|land|,no-green-left-1,23.75,play|disrupt.water|water|,foul-current-1,-0.25,24,walked_into_shield,,,water
stored-night,tide-siege+hollow-ground,w0h-l0,98,false,false,injected,2,play|probe.heat|heat|,open-chill-2,17.75,play|probe.water|water|,long-flow-1,2.75,15,walked_into_shield,,,water
stored-night,tide-siege+hollow-ground,w0h-l0,99,true,true,injected,3,play|breach.water|water|,spend-tide-1,7.25,play|probe.heat|heat|,open-chill-2,-13,20.25,walked_into_shield,,,heat
stored-night,tide-siege+hollow-ground,w0h-l0,100,false,false,injected,2,play|disrupt.land|land|,filth-spread-1,8,play|disrupt.water|water|,foul-current-1,1,7,walked_into_shield,,,water
stored-night,tide-siege+hollow-ground,w0h+l0,1,true,false,injected,2,play|breach.land|land|,no-green-left-1,23.75,play|breach.water|water|,spend-tide-1,4.75,19,walked_into_shield,,,water
stored-night,tide-siege+hollow-ground,w0h+l0,2,false,true,injected,2,play|probe.heat|heat|,open-chill-1,13.75,play|disrupt.water|water|,foul-current-1,1,12.75,walked_into_shield,,,water
stored-night,tide-siege+hollow-ground,w0h+l0,3,false,true,injected,2,play|probe.heat|heat|,open-chill-2,13.75,play|probe.water|water|,long-flow-1,2.75,11,walked_into_shield,,,water
stored-night,tide-siege+hollow-ground,w0h+l0,4,true,false,injected,2,play|probe.heat|heat|,open-chill-2,13.75,play|probe.water|water|,long-flow-1,2.75,11,walked_into_shield,,,water
stored-night,tide-siege+hollow-ground,w0h+l0,5,true,false,injected,2,play|disrupt.heat|heat|,idle-fume-1,11,play|disrupt.land|land|,filth-spread-1,8,3,missed_interrupt,shield,heat,
stored-night,tide-siege+hollow-ground,w0h+l0,6,true,true,injected,2,play|probe.heat|heat|,open-chill-2,18.75,play|probe.water|water|,long-flow-2,2.75,16,walked_into_shield,,,water
stored-night,tide-siege+hollow-ground,w0h+l0,7,false,false,injected,2,play|breach.land|land|,hollow-ground-1,23.75,play|breach.water|water|,spend-tide-1,4.75,19,walked_into_shield,,,water
stored-night,tide-siege+hollow-ground,w0h+l0,8,false,false,injected,2,play|gather||gather,,2.5,play|disrupt.water|water|,foul-current-1,-1,3.5,walked_into_shield,,,water
stored-night,tide-siege+hollow-ground,w0h+l0,9,false,false,injected,2,play|probe.heat|heat|,open-chill-1,13.75,play|probe.water|water|,long-flow-2,2.75,11,walked_into_shield,,,water
stored-night,tide-siege+hollow-ground,w0h+l0,10,true,false,injected,3,play|breach.land|land|,no-green-left-1,9.25,play|breach.heat|heat|,hundred-smoke-1,-13.75,23,walked_into_shield,,,heat
stored-night,tide-siege+hollow-ground,w0h+l0,11,true,false,injected,2,play|probe.heat|heat|,open-chill-1,13.75,play|probe.water|water|,long-flow-1,2.75,11,walked_into_shield,,,water
stored-night,tide-siege+hollow-ground,w0h+l0,12,true,false,injected,2,play|probe.heat|heat|,open-chill-1,13.75,play|probe.water|water|,long-flow-1,4.75,9,walked_into_shield,,,water
stored-night,tide-siege+hollow-ground,w0h+l0,13,true,false,injected,2,play|probe.heat|heat|,open-chill-2,13.75,play|probe.water|water|,long-flow-1,4.75,9,walked_into_shield,,,water
stored-night,tide-siege+hollow-ground,w0h+l0,14,true,false,injected,2,play|breach.heat|heat|,hundred-smoke-1,23.75,play|breach.water|water|,tide-siege-1,4.75,19,walked_into_shield,,,water
stored-night,tide-siege+hollow-ground,w0h+l0,15,false,false,injected,2,play|disrupt.land|land|,filth-spread-1,8,play|probe.water|water|,long-flow-1,4.75,3.25,walked_into_shield,,,water
stored-night,tide-siege+hollow-ground,w0h+l0,16,true,false,injected,2,play|probe.heat|heat|,open-chill-3,18.75,play|disrupt.water|water|,foul-current-1,1,17.75,walked_into_shield,,,water
stored-night,tide-siege+hollow-ground,w0h+l0,17,true,false,injected,2,play|probe.heat|heat|,open-chill-3,13.75,play|probe.water|water|,long-flow-1,2.75,11,walked_into_shield,,,water
stored-night,tide-siege+hollow-ground,w0h+l0,18,false,true,injected,2,play|breach.heat|heat|,hundred-smoke-1,23.75,play|disrupt.water|water|,foul-current-1,-0.25,24,walked_into_shield,,,water
stored-night,tide-siege+hollow-ground,w0h+l0,19,false,false,injected,3,play|disrupt.land|land|,filth-spread-1,15.25,play|breach.water|water|,spend-tide-1,7.25,8,missed_interrupt,repair,land,
stored-night,tide-siege+hollow-ground,w0h+l0,20,true,false,injected,2,play|probe.heat|heat|,open-chill-1,13.75,play|probe.water|water|,long-flow-1,2.75,11,walked_into_shield,,,water
stored-night,tide-siege+hollow-ground,w0h+l0,21,true,false,injected,3,play|breach.water|water|,spend-tide-1,11.25,play|breach.heat|heat|,hundred-smoke-1,-15.75,27,walked_into_shield,,,heat
stored-night,tide-siege+hollow-ground,w0h+l0,22,false,false,injected,2,play|probe.heat|heat|,open-chill-1,13.75,play|probe.water|water|,long-flow-1,4.75,9,walked_into_shield,,,water
stored-night,tide-siege+hollow-ground,w0h+l0,23,true,false,injected,3,play|disrupt.land|land|,filth-spread-1,15.25,play|breach.land|land|,no-green-left-1,12.25,3,missed_interrupt,repair,land,
stored-night,tide-siege+hollow-ground,w0h+l0,24,true,true,injected,2,play|probe.heat|heat|,open-chill-3,13.75,play|probe.water|water|,long-flow-2,2.75,11,walked_into_shield,,,water
stored-night,tide-siege+hollow-ground,w0h+l0,25,true,true,injected,2,play|disrupt.heat|heat|,idle-fume-1,11,play|disrupt.land|land|,filth-spread-1,8,3,missed_interrupt,shield,heat,
stored-night,tide-siege+hollow-ground,w0h+l0,26,true,false,injected,2,play|probe.land|land|,trample-green-1,13.75,play|probe.water|water|,long-flow-2,2.75,11,walked_into_shield,,,water
stored-night,tide-siege+hollow-ground,w0h+l0,27,true,true,injected,2,play|probe.heat|heat|,open-chill-3,13.75,play|disrupt.water|water|,foul-current-1,-1,14.75,walked_into_shield,,,water
stored-night,tide-siege+hollow-ground,w0h+l0,28,true,true,injected,2,play|probe.heat|heat|,open-chill-3,13.75,play|probe.water|water|,long-flow-1,4.75,9,walked_into_shield,,,water
stored-night,tide-siege+hollow-ground,w0h+l0,29,true,false,injected,2,play|breach.land|land|,hollow-ground-1,23.75,play|breach.water|water|,tide-siege-1,4.75,19,walked_into_shield,,,water
stored-night,tide-siege+hollow-ground,w0h+l0,30,true,false,injected,2,play|probe.heat|heat|,open-chill-2,13.75,play|probe.water|water|,long-flow-1,4.75,9,walked_into_shield,,,water
stored-night,tide-siege+hollow-ground,w0h+l0,31,false,false,injected,2,play|disrupt.heat|heat|,idle-fume-1,11,play|probe.water|water|,long-flow-2,4.75,6.25,missed_interrupt,shield,heat,
stored-night,tide-siege+hollow-ground,w0h+l0,32,true,true,injected,3,play|disrupt.land|land|,filth-spread-1,13.25,play|breach.water|water|,tide-siege-1,9.25,4,missed_interrupt,repair,land,
stored-night,tide-siege+hollow-ground,w0h+l0,33,false,false,injected,2,play|disrupt.land|land|,filth-spread-1,8,play|probe.water|water|,long-flow-2,2.75,5.25,walked_into_shield,,,water
stored-night,tide-siege+hollow-ground,w0h+l0,34,true,false,injected,2,play|probe.heat|heat|,open-chill-1,18.75,play|disrupt.water|water|,foul-current-1,1,17.75,walked_into_shield,,,water
stored-night,tide-siege+hollow-ground,w0h+l0,35,true,false,injected,2,play|probe.heat|heat|,open-chill-2,13.75,play|probe.water|water|,long-flow-1,2.75,11,walked_into_shield,,,water
stored-night,tide-siege+hollow-ground,w0h+l0,36,false,false,injected,2,play|disrupt.heat|heat|,idle-fume-1,11,play|probe.water|water|,long-flow-1,2.75,8.25,missed_interrupt,shield,heat,
stored-night,tide-siege+hollow-ground,w0h+l0,37,true,false,injected,3,play|breach.water|water|,tide-siege-1,9.25,play|probe.heat|heat|,open-chill-1,-15,24.25,walked_into_shield,,,heat
stored-night,tide-siege+hollow-ground,w0h+l0,38,true,false,injected,2,play|probe.land|land|,trample-green-2,13.75,play|probe.water|water|,long-flow-1,2.75,11,walked_into_shield,,,water
stored-night,tide-siege+hollow-ground,w0h+l0,39,true,true,injected,2,play|probe.heat|heat|,open-chill-3,13.75,play|probe.water|water|,long-flow-2,2.75,11,walked_into_shield,,,water
stored-night,tide-siege+hollow-ground,w0h+l0,40,true,false,injected,2,play|disrupt.heat|heat|,idle-fume-1,11,play|disrupt.land|land|,filth-spread-1,8,3,missed_interrupt,shield,heat,
stored-night,tide-siege+hollow-ground,w0h+l0,41,true,false,injected,2,play|probe.heat|heat|,open-chill-2,13.75,play|probe.water|water|,long-flow-2,2.75,11,walked_into_shield,,,water
stored-night,tide-siege+hollow-ground,w0h+l0,42,false,true,injected,2,play|probe.heat|heat|,open-chill-1,13.75,play|probe.water|water|,long-flow-1,2.75,11,walked_into_shield,,,water
stored-night,tide-siege+hollow-ground,w0h+l0,43,true,false,injected,2,play|probe.heat|heat|,open-chill-1,13.75,play|probe.water|water|,long-flow-2,2.75,11,walked_into_shield,,,water
stored-night,tide-siege+hollow-ground,w0h+l0,44,true,false,injected,2,play|probe.heat|heat|,open-chill-3,13.75,play|probe.water|water|,long-flow-2,2.75,11,walked_into_shield,,,water
stored-night,tide-siege+hollow-ground,w0h+l0,45,false,false,injected,2,play|probe.heat|heat|,open-chill-2,13.75,play|disrupt.water|water|,foul-current-1,1,12.75,walked_into_shield,,,water
stored-night,tide-siege+hollow-ground,w0h+l0,46,false,false,injected,2,play|disrupt.heat|heat|,idle-fume-1,11,play|disrupt.land|land|,filth-spread-1,8,3,missed_interrupt,shield,heat,
stored-night,tide-siege+hollow-ground,w0h+l0,47,true,true,injected,2,play|disrupt.heat|heat|,idle-fume-1,11,play|probe.water|water|,long-flow-2,4.75,6.25,missed_interrupt,shield,heat,
stored-night,tide-siege+hollow-ground,w0h+l0,48,true,true,injected,2,play|probe.land|land|,trample-green-2,13.75,play|probe.water|water|,long-flow-1,2.75,11,walked_into_shield,,,water
stored-night,tide-siege+hollow-ground,w0h+l0,49,true,true,injected,3,play|disrupt.land|land|,filth-spread-1,13.25,play|breach.land|land|,hollow-ground-1,9.25,4,missed_interrupt,repair,land,
stored-night,tide-siege+hollow-ground,w0h+l0,50,true,true,injected,3,play|disrupt.land|land|,filth-spread-1,13.25,play|disrupt.water|water|,foul-current-1,-7.75,21,missed_interrupt,repair,land,
stored-night,tide-siege+hollow-ground,w0h+l0,51,false,false,injected,2,play|disrupt.heat|heat|,idle-fume-1,11,play|probe.water|water|,long-flow-1,4.75,6.25,missed_interrupt,shield,heat,
stored-night,tide-siege+hollow-ground,w0h+l0,52,true,false,injected,2,play|breach.land|land|,hollow-ground-1,23.75,play|breach.water|water|,spend-tide-1,4.75,19,walked_into_shield,,,water
stored-night,tide-siege+hollow-ground,w0h+l0,53,true,false,injected,2,play|breach.heat|heat|,hundred-smoke-1,23.75,play|breach.water|water|,tide-siege-1,4.75,19,walked_into_shield,,,water
stored-night,tide-siege+hollow-ground,w0h+l0,54,false,false,injected,2,play|breach.land|land|,hollow-ground-1,23.75,play|breach.water|water|,spend-tide-1,4.75,19,walked_into_shield,,,water
stored-night,tide-siege+hollow-ground,w0h+l0,55,true,false,injected,2,play|probe.heat|heat|,open-chill-1,13.75,play|probe.water|water|,long-flow-1,2.75,11,walked_into_shield,,,water
stored-night,tide-siege+hollow-ground,w0h+l0,56,true,false,injected,2,play|probe.heat|heat|,open-chill-1,18.75,play|probe.water|water|,long-flow-1,2.75,16,walked_into_shield,,,water
stored-night,tide-siege+hollow-ground,w0h+l0,57,false,false,injected,2,play|probe.heat|heat|,open-chill-1,18.75,play|probe.water|water|,long-flow-1,2.75,16,walked_into_shield,,,water
stored-night,tide-siege+hollow-ground,w0h+l0,58,false,false,injected,2,play|disrupt.land|land|,filth-spread-1,8,play|probe.water|water|,long-flow-2,2.75,5.25,walked_into_shield,,,water
stored-night,tide-siege+hollow-ground,w0h+l0,59,true,false,injected,2,play|probe.heat|heat|,open-chill-1,13.75,play|probe.water|water|,long-flow-2,2.75,11,walked_into_shield,,,water
stored-night,tide-siege+hollow-ground,w0h+l0,60,true,true,injected,3,play|disrupt.land|land|,filth-spread-1,13.25,play|breach.land|land|,hollow-ground-1,9.25,4,missed_interrupt,repair,land,
stored-night,tide-siege+hollow-ground,w0h+l0,61,true,false,injected,2,play|probe.heat|heat|,open-chill-1,13.75,play|disrupt.water|water|,foul-current-1,1,12.75,walked_into_shield,,,water
stored-night,tide-siege+hollow-ground,w0h+l0,62,false,false,injected,2,play|probe.heat|heat|,open-chill-3,13.75,play|probe.water|water|,long-flow-2,4.75,9,walked_into_shield,,,water
stored-night,tide-siege+hollow-ground,w0h+l0,63,true,false,injected,2,play|probe.heat|heat|,open-chill-2,13.75,play|probe.water|water|,long-flow-2,2.75,11,walked_into_shield,,,water
stored-night,tide-siege+hollow-ground,w0h+l0,64,true,false,injected,2,play|probe.land|land|,trample-green-2,13.75,play|probe.water|water|,long-flow-1,2.75,11,walked_into_shield,,,water
stored-night,tide-siege+hollow-ground,w0h+l0,65,true,false,injected,2,play|probe.heat|heat|,open-chill-2,13.75,play|probe.water|water|,long-flow-2,4.75,9,walked_into_shield,,,water
stored-night,tide-siege+hollow-ground,w0h+l0,66,true,false,injected,3,play|breach.water|water|,tide-siege-1,10.25,play|breach.heat|heat|,hundred-smoke-1,-13.75,24,walked_into_shield,,,heat
stored-night,tide-siege+hollow-ground,w0h+l0,67,false,false,injected,2,play|probe.land|land|,trample-green-2,13.75,play|probe.water|water|,long-flow-1,2.75,11,walked_into_shield,,,water
stored-night,tide-siege+hollow-ground,w0h+l0,68,false,false,injected,2,play|disrupt.heat|heat|,idle-fume-1,11,play|probe.water|water|,long-flow-2,4.75,6.25,missed_interrupt,shield,heat,
stored-night,tide-siege+hollow-ground,w0h+l0,69,false,false,injected,2,play|probe.heat|heat|,open-chill-2,18.75,play|probe.water|water|,long-flow-1,2.75,16,walked_into_shield,,,water
stored-night,tide-siege+hollow-ground,w0h+l0,70,true,false,injected,2,play|probe.heat|heat|,open-chill-1,18.75,play|probe.water|water|,long-flow-2,2.75,16,walked_into_shield,,,water
stored-night,tide-siege+hollow-ground,w0h+l0,71,true,false,injected,2,play|breach.heat|heat|,hundred-smoke-1,23.75,play|breach.water|water|,spend-tide-1,4.75,19,walked_into_shield,,,water
stored-night,tide-siege+hollow-ground,w0h+l0,72,true,false,injected,2,play|probe.land|land|,trample-green-1,13.75,play|probe.water|water|,long-flow-2,4.75,9,walked_into_shield,,,water
stored-night,tide-siege+hollow-ground,w0h+l0,73,false,true,injected,2,play|disrupt.land|land|,filth-spread-1,8,play|probe.water|water|,long-flow-2,2.75,5.25,walked_into_shield,,,water
stored-night,tide-siege+hollow-ground,w0h+l0,74,false,false,injected,2,play|probe.heat|heat|,open-chill-2,13.75,play|probe.water|water|,long-flow-1,2.75,11,walked_into_shield,,,water
stored-night,tide-siege+hollow-ground,w0h+l0,75,true,false,injected,2,play|breach.heat|heat|,hundred-smoke-1,23.75,play|breach.water|water|,tide-siege-1,4.75,19,walked_into_shield,,,water
stored-night,tide-siege+hollow-ground,w0h+l0,76,false,false,injected,2,play|disrupt.heat|heat|,idle-fume-1,11,play|disrupt.land|land|,filth-spread-1,8,3,missed_interrupt,shield,heat,
stored-night,tide-siege+hollow-ground,w0h+l0,77,true,true,injected,2,play|disrupt.heat|heat|,idle-fume-1,11,play|probe.water|water|,long-flow-2,2.75,8.25,missed_interrupt,shield,heat,
stored-night,tide-siege+hollow-ground,w0h+l0,78,true,false,injected,2,play|probe.heat|heat|,open-chill-3,13.75,play|probe.water|water|,long-flow-2,2.75,11,walked_into_shield,,,water
stored-night,tide-siege+hollow-ground,w0h+l0,79,false,false,injected,3,play|probe.land|land|,trample-green-2,-2,play|probe.heat|heat|,open-chill-2,-15,13,walked_into_shield,,,heat
stored-night,tide-siege+hollow-ground,w0h+l0,80,true,false,injected,3,play|breach.water|water|,tide-siege-1,11.25,play|breach.heat|heat|,hundred-smoke-1,-15.75,27,walked_into_shield,,,heat
stored-night,tide-siege+hollow-ground,w0h+l0,81,true,false,injected,2,play|probe.heat|heat|,open-chill-3,13.75,play|disrupt.water|water|,foul-current-1,-1,14.75,walked_into_shield,,,water
stored-night,tide-siege+hollow-ground,w0h+l0,82,false,false,injected,2,play|breach.land|land|,hollow-ground-1,23.75,play|breach.water|water|,spend-tide-1,4.75,19,walked_into_shield,,,water
stored-night,tide-siege+hollow-ground,w0h+l0,83,true,false,injected,2,play|probe.heat|heat|,open-chill-2,13.75,play|probe.water|water|,long-flow-1,2.75,11,walked_into_shield,,,water
stored-night,tide-siege+hollow-ground,w0h+l0,84,true,false,injected,2,play|probe.heat|heat|,open-chill-3,13.75,play|probe.water|water|,long-flow-2,4.75,9,walked_into_shield,,,water
stored-night,tide-siege+hollow-ground,w0h+l0,85,true,false,injected,2,play|probe.heat|heat|,open-chill-2,13.75,play|probe.water|water|,long-flow-2,4.75,9,walked_into_shield,,,water
stored-night,tide-siege+hollow-ground,w0h+l0,86,true,true,injected,2,play|probe.heat|heat|,open-chill-1,13.75,play|probe.water|water|,long-flow-2,2.75,11,walked_into_shield,,,water
stored-night,tide-siege+hollow-ground,w0h+l0,87,false,true,injected,2,play|probe.land|land|,trample-green-2,13.75,play|probe.water|water|,long-flow-1,2.75,11,walked_into_shield,,,water
stored-night,tide-siege+hollow-ground,w0h+l0,88,true,false,injected,2,play|probe.heat|heat|,open-chill-3,13.75,play|probe.water|water|,long-flow-2,4.75,9,walked_into_shield,,,water
stored-night,tide-siege+hollow-ground,w0h+l0,89,false,false,injected,2,play|probe.heat|heat|,open-chill-1,13.75,play|disrupt.water|water|,foul-current-1,-1,14.75,walked_into_shield,,,water
stored-night,tide-siege+hollow-ground,w0h+l0,90,true,true,injected,2,play|probe.heat|heat|,open-chill-2,13.75,play|probe.water|water|,long-flow-1,2.75,11,walked_into_shield,,,water
stored-night,tide-siege+hollow-ground,w0h+l0,91,true,false,injected,2,play|probe.land|land|,trample-green-2,13.75,play|probe.water|water|,long-flow-2,2.75,11,walked_into_shield,,,water
stored-night,tide-siege+hollow-ground,w0h+l0,92,false,false,injected,2,play|disrupt.heat|heat|,idle-fume-1,11,play|probe.water|water|,long-flow-2,2.75,8.25,missed_interrupt,shield,heat,
stored-night,tide-siege+hollow-ground,w0h+l0,93,true,true,injected,2,play|probe.heat|heat|,open-chill-1,13.75,play|probe.water|water|,long-flow-2,2.75,11,walked_into_shield,,,water
stored-night,tide-siege+hollow-ground,w0h+l0,94,true,true,injected,2,play|probe.land|land|,trample-green-2,13.75,play|probe.water|water|,long-flow-2,2.75,11,walked_into_shield,,,water
stored-night,tide-siege+hollow-ground,w0h+l0,95,false,false,injected,2,play|probe.heat|heat|,open-chill-2,13.75,play|probe.water|water|,long-flow-2,2.75,11,walked_into_shield,,,water
stored-night,tide-siege+hollow-ground,w0h+l0,96,false,true,injected,2,play|probe.heat|heat|,open-chill-2,13.75,play|probe.water|water|,long-flow-2,2.75,11,walked_into_shield,,,water
stored-night,tide-siege+hollow-ground,w0h+l0,97,true,false,injected,2,play|breach.land|land|,no-green-left-1,23.75,play|disrupt.water|water|,foul-current-1,-0.25,24,walked_into_shield,,,water
stored-night,tide-siege+hollow-ground,w0h+l0,98,false,false,injected,2,play|probe.heat|heat|,open-chill-2,18.75,play|probe.water|water|,long-flow-1,2.75,16,walked_into_shield,,,water
stored-night,tide-siege+hollow-ground,w0h+l0,99,true,true,injected,3,play|breach.water|water|,spend-tide-1,7.25,play|probe.heat|heat|,open-chill-2,-13,20.25,walked_into_shield,,,heat
stored-night,tide-siege+hollow-ground,w0h+l0,100,false,false,injected,2,play|disrupt.land|land|,filth-spread-1,8,play|disrupt.water|water|,foul-current-1,1,7,walked_into_shield,,,water
stored-night,tide-siege+hollow-ground,w0h0l-,1,true,false,injected,2,play|breach.land|land|,no-green-left-1,22.75,play|breach.water|water|,spend-tide-1,4.75,18,walked_into_shield,,,water
stored-night,tide-siege+hollow-ground,w0h0l-,2,false,false,injected,2,play|probe.heat|heat|,open-chill-1,13.75,play|disrupt.water|water|,foul-current-1,1,12.75,walked_into_shield,,,water
stored-night,tide-siege+hollow-ground,w0h0l-,3,false,true,injected,2,play|probe.heat|heat|,open-chill-2,13.75,play|probe.water|water|,long-flow-1,2.75,11,walked_into_shield,,,water
stored-night,tide-siege+hollow-ground,w0h0l-,4,false,false,injected,2,play|probe.heat|heat|,open-chill-2,13.75,play|probe.water|water|,long-flow-1,4.75,9,walked_into_shield,,,water
stored-night,tide-siege+hollow-ground,w0h0l-,5,true,false,injected,2,play|disrupt.heat|heat|,idle-fume-1,11,play|disrupt.land|land|,filth-spread-1,8,3,missed_interrupt,shield,heat,
stored-night,tide-siege+hollow-ground,w0h0l-,6,true,true,injected,2,play|probe.heat|heat|,open-chill-2,18.75,play|probe.water|water|,long-flow-2,2.75,16,walked_into_shield,,,water
stored-night,tide-siege+hollow-ground,w0h0l-,7,false,false,injected,2,play|breach.land|land|,hollow-ground-1,22.75,play|breach.water|water|,spend-tide-1,4.75,18,walked_into_shield,,,water
stored-night,tide-siege+hollow-ground,w0h0l-,8,false,false,injected,2,play|gather||gather,,2.5,play|disrupt.water|water|,foul-current-1,-1,3.5,walked_into_shield,,,water
stored-night,tide-siege+hollow-ground,w0h0l-,9,false,false,injected,2,play|probe.heat|heat|,open-chill-1,13.75,play|probe.water|water|,long-flow-2,2.75,11,walked_into_shield,,,water
stored-night,tide-siege+hollow-ground,w0h0l-,10,true,false,injected,3,play|breach.land|land|,no-green-left-1,9.25,play|breach.heat|heat|,hundred-smoke-1,-13.75,23,walked_into_shield,,,heat
stored-night,tide-siege+hollow-ground,w0h0l-,11,true,false,injected,2,play|probe.heat|heat|,open-chill-1,13.75,play|probe.water|water|,long-flow-1,2.75,11,walked_into_shield,,,water
stored-night,tide-siege+hollow-ground,w0h0l-,12,true,false,injected,2,play|probe.heat|heat|,open-chill-1,13.75,play|probe.water|water|,long-flow-1,4.75,9,walked_into_shield,,,water
stored-night,tide-siege+hollow-ground,w0h0l-,13,true,false,injected,2,play|probe.heat|heat|,open-chill-2,13.75,play|probe.water|water|,long-flow-1,4.75,9,walked_into_shield,,,water
stored-night,tide-siege+hollow-ground,w0h0l-,14,true,false,injected,2,play|breach.heat|heat|,hundred-smoke-1,23.75,play|breach.water|water|,tide-siege-1,4.75,19,walked_into_shield,,,water
stored-night,tide-siege+hollow-ground,w0h0l-,15,false,false,injected,2,play|disrupt.land|land|,filth-spread-1,8,play|probe.water|water|,long-flow-1,4.75,3.25,walked_into_shield,,,water
stored-night,tide-siege+hollow-ground,w0h0l-,16,true,false,injected,2,play|probe.heat|heat|,open-chill-3,18.75,play|disrupt.water|water|,foul-current-1,1,17.75,walked_into_shield,,,water
stored-night,tide-siege+hollow-ground,w0h0l-,17,true,false,injected,2,play|probe.heat|heat|,open-chill-3,13.75,play|probe.water|water|,long-flow-1,2.75,11,walked_into_shield,,,water
stored-night,tide-siege+hollow-ground,w0h0l-,18,false,true,injected,2,play|breach.heat|heat|,hundred-smoke-1,23.75,play|disrupt.water|water|,foul-current-1,-0.25,24,walked_into_shield,,,water
stored-night,tide-siege+hollow-ground,w0h0l-,19,true,true,injected,3,play|disrupt.land|land|,filth-spread-1,10.25,play|breach.land|land|,no-green-left-1,4.25,6,missed_interrupt,repair,land,
stored-night,tide-siege+hollow-ground,w0h0l-,20,true,false,injected,2,play|probe.heat|heat|,open-chill-1,13.75,play|probe.water|water|,long-flow-1,2.75,11,walked_into_shield,,,water
stored-night,tide-siege+hollow-ground,w0h0l-,21,true,false,injected,4,play|probe.water|water|,long-flow-2,17,play|probe.heat|heat|,open-chill-3,6.5,10.5,walked_into_shield,,,heat
stored-night,tide-siege+hollow-ground,w0h0l-,22,false,false,injected,2,play|probe.heat|heat|,open-chill-1,13.75,play|probe.water|water|,long-flow-1,4.75,9,walked_into_shield,,,water
stored-night,tide-siege+hollow-ground,w0h0l-,23,true,false,injected,3,play|disrupt.land|land|,filth-spread-1,15.25,play|breach.land|land|,no-green-left-1,12.25,3,missed_interrupt,repair,land,
stored-night,tide-siege+hollow-ground,w0h0l-,24,true,true,injected,2,play|probe.heat|heat|,open-chill-3,13.75,play|probe.water|water|,long-flow-2,2.75,11,walked_into_shield,,,water
stored-night,tide-siege+hollow-ground,w0h0l-,25,true,true,injected,2,play|disrupt.heat|heat|,idle-fume-1,11,play|disrupt.land|land|,filth-spread-1,8,3,missed_interrupt,shield,heat,
stored-night,tide-siege+hollow-ground,w0h0l-,26,true,false,injected,2,play|probe.land|land|,trample-green-1,13.75,play|probe.water|water|,long-flow-2,2.75,11,walked_into_shield,,,water
stored-night,tide-siege+hollow-ground,w0h0l-,27,true,true,injected,2,play|probe.heat|heat|,open-chill-3,13.75,play|disrupt.water|water|,foul-current-1,-1,14.75,walked_into_shield,,,water
stored-night,tide-siege+hollow-ground,w0h0l-,28,true,true,injected,2,play|probe.heat|heat|,open-chill-3,13.75,play|probe.water|water|,long-flow-1,4.75,9,walked_into_shield,,,water
stored-night,tide-siege+hollow-ground,w0h0l-,29,true,false,injected,2,play|breach.land|land|,hollow-ground-1,22.75,play|breach.water|water|,tide-siege-1,4.75,18,walked_into_shield,,,water
stored-night,tide-siege+hollow-ground,w0h0l-,30,true,false,injected,2,play|probe.heat|heat|,open-chill-2,13.75,play|probe.water|water|,long-flow-1,4.75,9,walked_into_shield,,,water
stored-night,tide-siege+hollow-ground,w0h0l-,31,false,false,injected,2,play|disrupt.heat|heat|,idle-fume-1,11,play|probe.water|water|,long-flow-2,4.75,6.25,missed_interrupt,shield,heat,
stored-night,tide-siege+hollow-ground,w0h0l-,32,true,true,injected,3,play|disrupt.land|land|,filth-spread-1,13.25,play|breach.water|water|,tide-siege-1,9.25,4,missed_interrupt,repair,land,
stored-night,tide-siege+hollow-ground,w0h0l-,33,false,false,injected,2,play|disrupt.land|land|,filth-spread-1,8,play|probe.water|water|,long-flow-2,2.75,5.25,walked_into_shield,,,water
stored-night,tide-siege+hollow-ground,w0h0l-,34,true,false,injected,2,play|probe.heat|heat|,open-chill-1,18.75,play|disrupt.water|water|,foul-current-1,1,17.75,walked_into_shield,,,water
stored-night,tide-siege+hollow-ground,w0h0l-,35,false,false,injected,2,play|probe.heat|heat|,open-chill-2,13.75,play|probe.water|water|,long-flow-1,2.75,11,walked_into_shield,,,water
stored-night,tide-siege+hollow-ground,w0h0l-,36,false,false,injected,2,play|disrupt.heat|heat|,idle-fume-1,11,play|probe.water|water|,long-flow-1,2.75,8.25,missed_interrupt,shield,heat,
stored-night,tide-siege+hollow-ground,w0h0l-,37,true,false,injected,3,play|breach.water|water|,tide-siege-1,9.25,play|probe.heat|heat|,open-chill-1,-15,24.25,walked_into_shield,,,heat
stored-night,tide-siege+hollow-ground,w0h0l-,38,true,false,injected,2,play|probe.land|land|,trample-green-2,13.75,play|probe.water|water|,long-flow-1,2.75,11,walked_into_shield,,,water
stored-night,tide-siege+hollow-ground,w0h0l-,39,true,true,injected,2,play|probe.heat|heat|,open-chill-3,13.75,play|probe.water|water|,long-flow-2,2.75,11,walked_into_shield,,,water
stored-night,tide-siege+hollow-ground,w0h0l-,40,true,false,injected,2,play|disrupt.heat|heat|,idle-fume-1,11,play|disrupt.land|land|,filth-spread-1,8,3,missed_interrupt,shield,heat,
stored-night,tide-siege+hollow-ground,w0h0l-,41,true,false,injected,2,play|probe.heat|heat|,open-chill-2,13.75,play|probe.water|water|,long-flow-2,2.75,11,walked_into_shield,,,water
stored-night,tide-siege+hollow-ground,w0h0l-,42,false,true,injected,2,play|probe.heat|heat|,open-chill-1,13.75,play|probe.water|water|,long-flow-1,2.75,11,walked_into_shield,,,water
stored-night,tide-siege+hollow-ground,w0h0l-,43,true,false,injected,2,play|probe.heat|heat|,open-chill-1,13.75,play|probe.water|water|,long-flow-2,2.75,11,walked_into_shield,,,water
stored-night,tide-siege+hollow-ground,w0h0l-,44,true,false,injected,2,play|probe.heat|heat|,open-chill-3,13.75,play|probe.water|water|,long-flow-2,2.75,11,walked_into_shield,,,water
stored-night,tide-siege+hollow-ground,w0h0l-,45,true,false,injected,2,play|probe.heat|heat|,open-chill-2,18.75,play|disrupt.water|water|,foul-current-1,1,17.75,walked_into_shield,,,water
stored-night,tide-siege+hollow-ground,w0h0l-,46,true,true,injected,2,play|disrupt.heat|heat|,idle-fume-1,11,play|disrupt.land|land|,filth-spread-1,8,3,missed_interrupt,shield,heat,
stored-night,tide-siege+hollow-ground,w0h0l-,47,true,true,injected,2,play|disrupt.heat|heat|,idle-fume-1,11,play|probe.water|water|,long-flow-2,4.75,6.25,missed_interrupt,shield,heat,
stored-night,tide-siege+hollow-ground,w0h0l-,48,true,true,injected,2,play|probe.land|land|,trample-green-2,13.75,play|probe.water|water|,long-flow-1,2.75,11,walked_into_shield,,,water
stored-night,tide-siege+hollow-ground,w0h0l-,49,true,false,injected,3,play|disrupt.land|land|,filth-spread-1,12.25,play|breach.land|land|,hollow-ground-1,9.25,3,missed_interrupt,repair,land,
stored-night,tide-siege+hollow-ground,w0h0l-,50,true,true,injected,3,play|disrupt.land|land|,filth-spread-1,12.25,play|disrupt.water|water|,foul-current-1,-7.75,20,missed_interrupt,repair,land,
stored-night,tide-siege+hollow-ground,w0h0l-,51,false,false,injected,2,play|disrupt.heat|heat|,idle-fume-1,11,play|probe.water|water|,long-flow-1,4.75,6.25,missed_interrupt,shield,heat,
stored-night,tide-siege+hollow-ground,w0h0l-,52,true,false,injected,2,play|breach.heat|heat|,hundred-smoke-1,23.75,play|breach.water|water|,spend-tide-1,4.75,19,walked_into_shield,,,water
stored-night,tide-siege+hollow-ground,w0h0l-,53,true,false,injected,2,play|breach.heat|heat|,hundred-smoke-1,23.75,play|breach.water|water|,tide-siege-1,4.75,19,walked_into_shield,,,water
stored-night,tide-siege+hollow-ground,w0h0l-,54,true,false,injected,2,play|breach.heat|heat|,hundred-smoke-1,23.75,play|breach.water|water|,spend-tide-1,4.75,19,walked_into_shield,,,water
stored-night,tide-siege+hollow-ground,w0h0l-,55,true,false,injected,2,play|probe.heat|heat|,open-chill-1,13.75,play|probe.water|water|,long-flow-1,2.75,11,walked_into_shield,,,water
stored-night,tide-siege+hollow-ground,w0h0l-,56,true,false,injected,2,play|probe.heat|heat|,open-chill-1,18.75,play|probe.water|water|,long-flow-1,2.75,16,walked_into_shield,,,water
stored-night,tide-siege+hollow-ground,w0h0l-,57,false,false,injected,2,play|probe.heat|heat|,open-chill-1,18.75,play|probe.water|water|,long-flow-1,2.75,16,walked_into_shield,,,water
stored-night,tide-siege+hollow-ground,w0h0l-,58,false,false,injected,2,play|disrupt.land|land|,filth-spread-1,8,play|probe.water|water|,long-flow-2,2.75,5.25,walked_into_shield,,,water
stored-night,tide-siege+hollow-ground,w0h0l-,59,true,false,injected,2,play|probe.heat|heat|,open-chill-1,13.75,play|probe.water|water|,long-flow-2,2.75,11,walked_into_shield,,,water
stored-night,tide-siege+hollow-ground,w0h0l-,60,true,true,injected,3,play|disrupt.land|land|,filth-spread-1,12.25,play|breach.land|land|,hollow-ground-1,9.25,3,missed_interrupt,repair,land,
stored-night,tide-siege+hollow-ground,w0h0l-,61,false,true,injected,2,play|probe.heat|heat|,open-chill-1,18.75,play|disrupt.water|water|,foul-current-1,1,17.75,walked_into_shield,,,water
stored-night,tide-siege+hollow-ground,w0h0l-,62,false,false,injected,2,play|probe.heat|heat|,open-chill-3,13.75,play|probe.water|water|,long-flow-2,4.75,9,walked_into_shield,,,water
stored-night,tide-siege+hollow-ground,w0h0l-,63,false,false,injected,2,play|probe.heat|heat|,open-chill-2,13.75,play|probe.water|water|,long-flow-2,2.75,11,walked_into_shield,,,water
stored-night,tide-siege+hollow-ground,w0h0l-,64,false,false,injected,2,play|probe.land|land|,trample-green-2,13.75,play|probe.water|water|,long-flow-1,2.75,11,walked_into_shield,,,water
stored-night,tide-siege+hollow-ground,w0h0l-,65,true,false,injected,2,play|probe.heat|heat|,open-chill-2,13.75,play|probe.water|water|,long-flow-2,4.75,9,walked_into_shield,,,water
stored-night,tide-siege+hollow-ground,w0h0l-,66,true,false,injected,3,play|probe.land|land|,trample-green-1,-2,play|breach.heat|heat|,hundred-smoke-1,-13.75,11.75,walked_into_shield,,,heat
stored-night,tide-siege+hollow-ground,w0h0l-,67,false,false,injected,2,play|probe.land|land|,trample-green-2,13.75,play|probe.water|water|,long-flow-1,2.75,11,walked_into_shield,,,water
stored-night,tide-siege+hollow-ground,w0h0l-,68,false,false,injected,2,play|disrupt.heat|heat|,idle-fume-1,11,play|probe.water|water|,long-flow-2,4.75,6.25,missed_interrupt,shield,heat,
stored-night,tide-siege+hollow-ground,w0h0l-,69,false,false,injected,2,play|probe.heat|heat|,open-chill-2,18.75,play|probe.water|water|,long-flow-1,2.75,16,walked_into_shield,,,water
stored-night,tide-siege+hollow-ground,w0h0l-,70,true,false,injected,2,play|probe.heat|heat|,open-chill-1,18.75,play|probe.water|water|,long-flow-2,2.75,16,walked_into_shield,,,water
stored-night,tide-siege+hollow-ground,w0h0l-,71,true,false,injected,2,play|breach.heat|heat|,hundred-smoke-1,23.75,play|breach.water|water|,spend-tide-1,4.75,19,walked_into_shield,,,water
stored-night,tide-siege+hollow-ground,w0h0l-,72,true,false,injected,2,play|probe.land|land|,trample-green-1,13.75,play|probe.water|water|,long-flow-2,4.75,9,walked_into_shield,,,water
stored-night,tide-siege+hollow-ground,w0h0l-,73,false,true,injected,2,play|disrupt.land|land|,filth-spread-1,8,play|probe.water|water|,long-flow-2,2.75,5.25,walked_into_shield,,,water
stored-night,tide-siege+hollow-ground,w0h0l-,74,false,false,injected,2,play|probe.heat|heat|,open-chill-2,13.75,play|probe.water|water|,long-flow-1,2.75,11,walked_into_shield,,,water
stored-night,tide-siege+hollow-ground,w0h0l-,75,true,false,injected,2,play|breach.heat|heat|,hundred-smoke-1,23.75,play|breach.water|water|,tide-siege-1,4.75,19,walked_into_shield,,,water
stored-night,tide-siege+hollow-ground,w0h0l-,76,false,false,injected,2,play|disrupt.heat|heat|,idle-fume-1,11,play|disrupt.land|land|,filth-spread-1,8,3,missed_interrupt,shield,heat,
stored-night,tide-siege+hollow-ground,w0h0l-,77,false,false,injected,2,play|disrupt.heat|heat|,idle-fume-1,11,play|probe.water|water|,long-flow-2,2.75,8.25,missed_interrupt,shield,heat,
stored-night,tide-siege+hollow-ground,w0h0l-,78,true,false,injected,2,play|probe.heat|heat|,open-chill-3,13.75,play|probe.water|water|,long-flow-2,2.75,11,walked_into_shield,,,water
stored-night,tide-siege+hollow-ground,w0h0l-,79,false,false,injected,3,play|probe.land|land|,trample-green-2,-2,play|probe.heat|heat|,open-chill-2,-15,13,walked_into_shield,,,heat
stored-night,tide-siege+hollow-ground,w0h0l-,80,true,true,injected,4,play|probe.land|land|,trample-green-1,18.5,play|probe.heat|heat|,open-chill-3,6.5,12,walked_into_shield,,,heat
stored-night,tide-siege+hollow-ground,w0h0l-,81,true,false,injected,2,play|probe.heat|heat|,open-chill-3,13.75,play|disrupt.water|water|,foul-current-1,-1,14.75,walked_into_shield,,,water
stored-night,tide-siege+hollow-ground,w0h0l-,82,false,false,injected,2,play|breach.land|land|,hollow-ground-1,22.75,play|breach.water|water|,spend-tide-1,4.75,18,walked_into_shield,,,water
stored-night,tide-siege+hollow-ground,w0h0l-,83,true,false,injected,2,play|probe.heat|heat|,open-chill-2,13.75,play|probe.water|water|,long-flow-1,4.75,9,walked_into_shield,,,water
stored-night,tide-siege+hollow-ground,w0h0l-,84,true,false,injected,2,play|probe.heat|heat|,open-chill-3,13.75,play|probe.water|water|,long-flow-2,4.75,9,walked_into_shield,,,water
stored-night,tide-siege+hollow-ground,w0h0l-,85,true,false,injected,2,play|probe.heat|heat|,open-chill-2,13.75,play|probe.water|water|,long-flow-2,4.75,9,walked_into_shield,,,water
stored-night,tide-siege+hollow-ground,w0h0l-,86,true,true,injected,2,play|probe.heat|heat|,open-chill-1,13.75,play|probe.water|water|,long-flow-2,2.75,11,walked_into_shield,,,water
stored-night,tide-siege+hollow-ground,w0h0l-,87,false,true,injected,2,play|probe.land|land|,trample-green-2,13.75,play|probe.water|water|,long-flow-1,2.75,11,walked_into_shield,,,water
stored-night,tide-siege+hollow-ground,w0h0l-,88,true,false,injected,2,play|probe.heat|heat|,open-chill-3,13.75,play|probe.water|water|,long-flow-2,4.75,9,walked_into_shield,,,water
stored-night,tide-siege+hollow-ground,w0h0l-,89,false,false,injected,2,play|probe.heat|heat|,open-chill-1,13.75,play|disrupt.water|water|,foul-current-1,-1,14.75,walked_into_shield,,,water
stored-night,tide-siege+hollow-ground,w0h0l-,90,true,false,injected,2,play|probe.heat|heat|,open-chill-2,13.75,play|probe.water|water|,long-flow-1,2.75,11,walked_into_shield,,,water
stored-night,tide-siege+hollow-ground,w0h0l-,91,true,false,injected,2,play|probe.land|land|,trample-green-2,13.75,play|probe.water|water|,long-flow-2,2.75,11,walked_into_shield,,,water
stored-night,tide-siege+hollow-ground,w0h0l-,92,false,false,injected,2,play|disrupt.heat|heat|,idle-fume-1,11,play|probe.water|water|,long-flow-2,2.75,8.25,missed_interrupt,shield,heat,
stored-night,tide-siege+hollow-ground,w0h0l-,93,true,false,injected,2,play|probe.heat|heat|,open-chill-1,13.75,play|probe.water|water|,long-flow-2,2.75,11,walked_into_shield,,,water
stored-night,tide-siege+hollow-ground,w0h0l-,94,true,true,injected,2,play|probe.land|land|,trample-green-2,13.75,play|probe.water|water|,long-flow-2,2.75,11,walked_into_shield,,,water
stored-night,tide-siege+hollow-ground,w0h0l-,95,true,false,injected,2,play|probe.heat|heat|,open-chill-2,13.75,play|probe.water|water|,long-flow-2,4.75,9,walked_into_shield,,,water
stored-night,tide-siege+hollow-ground,w0h0l-,96,false,true,injected,2,play|probe.heat|heat|,open-chill-2,13.75,play|probe.water|water|,long-flow-2,2.75,11,walked_into_shield,,,water
stored-night,tide-siege+hollow-ground,w0h0l-,97,false,false,injected,2,play|breach.heat|heat|,hundred-smoke-1,23.75,play|disrupt.water|water|,foul-current-1,-0.25,24,walked_into_shield,,,water
stored-night,tide-siege+hollow-ground,w0h0l-,98,false,false,injected,2,play|probe.heat|heat|,open-chill-2,18.75,play|probe.water|water|,long-flow-1,2.75,16,walked_into_shield,,,water
stored-night,tide-siege+hollow-ground,w0h0l-,99,true,false,injected,3,play|breach.water|water|,spend-tide-1,7.25,play|probe.heat|heat|,open-chill-2,-13,20.25,walked_into_shield,,,heat
stored-night,tide-siege+hollow-ground,w0h0l-,100,false,false,injected,2,play|disrupt.land|land|,filth-spread-1,8,play|disrupt.water|water|,foul-current-1,-1,9,walked_into_shield,,,water
stored-night,tide-siege+hollow-ground,w0h0l+,1,true,false,injected,2,play|breach.land|land|,no-green-left-1,23.75,play|breach.water|water|,spend-tide-1,4.75,19,walked_into_shield,,,water
stored-night,tide-siege+hollow-ground,w0h0l+,2,false,true,injected,2,play|probe.heat|heat|,open-chill-1,13.75,play|disrupt.water|water|,foul-current-1,1,12.75,walked_into_shield,,,water
stored-night,tide-siege+hollow-ground,w0h0l+,3,false,true,injected,2,play|probe.heat|heat|,open-chill-2,13.75,play|probe.water|water|,long-flow-1,2.75,11,walked_into_shield,,,water
stored-night,tide-siege+hollow-ground,w0h0l+,4,true,false,injected,2,play|probe.heat|heat|,open-chill-2,13.75,play|probe.water|water|,long-flow-1,2.75,11,walked_into_shield,,,water
stored-night,tide-siege+hollow-ground,w0h0l+,5,true,false,injected,2,play|disrupt.heat|heat|,idle-fume-1,11,play|disrupt.land|land|,filth-spread-1,8,3,missed_interrupt,shield,heat,
stored-night,tide-siege+hollow-ground,w0h0l+,6,true,true,injected,2,play|probe.heat|heat|,open-chill-2,18.75,play|probe.water|water|,long-flow-2,2.75,16,walked_into_shield,,,water
stored-night,tide-siege+hollow-ground,w0h0l+,7,false,false,injected,2,play|breach.land|land|,hollow-ground-1,23.75,play|breach.water|water|,spend-tide-1,4.75,19,walked_into_shield,,,water
stored-night,tide-siege+hollow-ground,w0h0l+,8,false,false,injected,2,play|gather||gather,,2.5,play|disrupt.water|water|,foul-current-1,-1,3.5,walked_into_shield,,,water
stored-night,tide-siege+hollow-ground,w0h0l+,9,false,false,injected,2,play|probe.heat|heat|,open-chill-1,13.75,play|probe.water|water|,long-flow-2,2.75,11,walked_into_shield,,,water
stored-night,tide-siege+hollow-ground,w0h0l+,10,true,false,injected,3,play|breach.land|land|,no-green-left-1,9.25,play|breach.heat|heat|,hundred-smoke-1,-13.75,23,walked_into_shield,,,heat
stored-night,tide-siege+hollow-ground,w0h0l+,11,true,false,injected,2,play|probe.heat|heat|,open-chill-1,13.75,play|probe.water|water|,long-flow-1,2.75,11,walked_into_shield,,,water
stored-night,tide-siege+hollow-ground,w0h0l+,12,true,true,injected,2,play|probe.heat|heat|,open-chill-1,13.75,play|probe.water|water|,long-flow-1,4.75,9,walked_into_shield,,,water
stored-night,tide-siege+hollow-ground,w0h0l+,13,true,false,injected,2,play|probe.heat|heat|,open-chill-2,13.75,play|probe.water|water|,long-flow-1,4.75,9,walked_into_shield,,,water
stored-night,tide-siege+hollow-ground,w0h0l+,14,true,false,injected,2,play|breach.heat|heat|,hundred-smoke-1,23.75,play|breach.water|water|,tide-siege-1,4.75,19,walked_into_shield,,,water
stored-night,tide-siege+hollow-ground,w0h0l+,15,false,false,injected,2,play|disrupt.land|land|,filth-spread-1,8,play|probe.water|water|,long-flow-1,4.75,3.25,walked_into_shield,,,water
stored-night,tide-siege+hollow-ground,w0h0l+,16,true,false,injected,2,play|probe.heat|heat|,open-chill-3,18.75,play|disrupt.water|water|,foul-current-1,1,17.75,walked_into_shield,,,water
stored-night,tide-siege+hollow-ground,w0h0l+,17,true,false,injected,2,play|probe.heat|heat|,open-chill-3,13.75,play|probe.water|water|,long-flow-1,2.75,11,walked_into_shield,,,water
stored-night,tide-siege+hollow-ground,w0h0l+,18,false,true,injected,2,play|breach.heat|heat|,hundred-smoke-1,23.75,play|disrupt.water|water|,foul-current-1,-0.25,24,walked_into_shield,,,water
stored-night,tide-siege+hollow-ground,w0h0l+,19,false,false,injected,3,play|disrupt.land|land|,filth-spread-1,15.25,play|breach.water|water|,spend-tide-1,7.25,8,missed_interrupt,repair,land,
stored-night,tide-siege+hollow-ground,w0h0l+,20,true,false,injected,2,play|probe.heat|heat|,open-chill-1,13.75,play|probe.water|water|,long-flow-1,2.75,11,walked_into_shield,,,water
stored-night,tide-siege+hollow-ground,w0h0l+,21,true,false,injected,3,play|breach.water|water|,spend-tide-1,11.25,play|breach.heat|heat|,hundred-smoke-1,-15.75,27,walked_into_shield,,,heat
stored-night,tide-siege+hollow-ground,w0h0l+,22,false,false,injected,2,play|probe.heat|heat|,open-chill-1,13.75,play|probe.water|water|,long-flow-1,4.75,9,walked_into_shield,,,water
stored-night,tide-siege+hollow-ground,w0h0l+,23,true,false,injected,3,play|disrupt.land|land|,filth-spread-1,15.25,play|breach.land|land|,no-green-left-1,12.25,3,missed_interrupt,repair,land,
stored-night,tide-siege+hollow-ground,w0h0l+,24,true,true,injected,2,play|probe.heat|heat|,open-chill-3,13.75,play|probe.water|water|,long-flow-2,2.75,11,walked_into_shield,,,water
stored-night,tide-siege+hollow-ground,w0h0l+,25,true,false,injected,2,play|disrupt.heat|heat|,idle-fume-1,11,play|disrupt.land|land|,filth-spread-1,8,3,missed_interrupt,shield,heat,
stored-night,tide-siege+hollow-ground,w0h0l+,26,true,false,injected,2,play|probe.land|land|,trample-green-1,13.75,play|probe.water|water|,long-flow-2,2.75,11,walked_into_shield,,,water
stored-night,tide-siege+hollow-ground,w0h0l+,27,true,true,injected,2,play|probe.heat|heat|,open-chill-3,13.75,play|disrupt.water|water|,foul-current-1,-1,14.75,walked_into_shield,,,water
stored-night,tide-siege+hollow-ground,w0h0l+,28,true,true,injected,2,play|probe.heat|heat|,open-chill-3,13.75,play|probe.water|water|,long-flow-1,4.75,9,walked_into_shield,,,water
stored-night,tide-siege+hollow-ground,w0h0l+,29,true,false,injected,2,play|breach.land|land|,hollow-ground-1,23.75,play|breach.water|water|,tide-siege-1,4.75,19,walked_into_shield,,,water
stored-night,tide-siege+hollow-ground,w0h0l+,30,true,false,injected,2,play|probe.heat|heat|,open-chill-2,13.75,play|probe.water|water|,long-flow-1,4.75,9,walked_into_shield,,,water
stored-night,tide-siege+hollow-ground,w0h0l+,31,false,false,injected,2,play|disrupt.heat|heat|,idle-fume-1,11,play|probe.water|water|,long-flow-2,4.75,6.25,missed_interrupt,shield,heat,
stored-night,tide-siege+hollow-ground,w0h0l+,32,true,true,injected,3,play|disrupt.land|land|,filth-spread-1,13.25,play|breach.water|water|,tide-siege-1,9.25,4,missed_interrupt,repair,land,
stored-night,tide-siege+hollow-ground,w0h0l+,33,false,false,injected,2,play|disrupt.land|land|,filth-spread-1,8,play|probe.water|water|,long-flow-2,2.75,5.25,walked_into_shield,,,water
stored-night,tide-siege+hollow-ground,w0h0l+,34,true,false,injected,2,play|probe.heat|heat|,open-chill-1,18.75,play|disrupt.water|water|,foul-current-1,1,17.75,walked_into_shield,,,water
stored-night,tide-siege+hollow-ground,w0h0l+,35,true,false,injected,2,play|probe.heat|heat|,open-chill-2,13.75,play|probe.water|water|,long-flow-1,2.75,11,walked_into_shield,,,water
stored-night,tide-siege+hollow-ground,w0h0l+,36,false,false,injected,2,play|disrupt.heat|heat|,idle-fume-1,11,play|probe.water|water|,long-flow-1,2.75,8.25,missed_interrupt,shield,heat,
stored-night,tide-siege+hollow-ground,w0h0l+,37,true,false,injected,3,play|breach.water|water|,tide-siege-1,9.25,play|probe.heat|heat|,open-chill-1,-15,24.25,walked_into_shield,,,heat
stored-night,tide-siege+hollow-ground,w0h0l+,38,true,false,injected,2,play|probe.land|land|,trample-green-2,13.75,play|probe.water|water|,long-flow-1,2.75,11,walked_into_shield,,,water
stored-night,tide-siege+hollow-ground,w0h0l+,39,true,true,injected,2,play|probe.heat|heat|,open-chill-3,13.75,play|probe.water|water|,long-flow-2,2.75,11,walked_into_shield,,,water
stored-night,tide-siege+hollow-ground,w0h0l+,40,true,false,injected,2,play|disrupt.heat|heat|,idle-fume-1,11,play|disrupt.land|land|,filth-spread-1,8,3,missed_interrupt,shield,heat,
stored-night,tide-siege+hollow-ground,w0h0l+,41,true,false,injected,2,play|probe.heat|heat|,open-chill-2,13.75,play|probe.water|water|,long-flow-2,2.75,11,walked_into_shield,,,water
stored-night,tide-siege+hollow-ground,w0h0l+,42,false,true,injected,2,play|probe.heat|heat|,open-chill-1,13.75,play|probe.water|water|,long-flow-1,2.75,11,walked_into_shield,,,water
stored-night,tide-siege+hollow-ground,w0h0l+,43,true,false,injected,2,play|probe.heat|heat|,open-chill-1,13.75,play|probe.water|water|,long-flow-2,2.75,11,walked_into_shield,,,water
stored-night,tide-siege+hollow-ground,w0h0l+,44,true,false,injected,2,play|probe.heat|heat|,open-chill-3,13.75,play|probe.water|water|,long-flow-2,2.75,11,walked_into_shield,,,water
stored-night,tide-siege+hollow-ground,w0h0l+,45,false,false,injected,2,play|probe.heat|heat|,open-chill-2,13.75,play|disrupt.water|water|,foul-current-1,1,12.75,walked_into_shield,,,water
stored-night,tide-siege+hollow-ground,w0h0l+,46,false,false,injected,2,play|disrupt.heat|heat|,idle-fume-1,11,play|disrupt.land|land|,filth-spread-1,8,3,missed_interrupt,shield,heat,
stored-night,tide-siege+hollow-ground,w0h0l+,47,true,true,injected,2,play|disrupt.heat|heat|,idle-fume-1,11,play|probe.water|water|,long-flow-2,4.75,6.25,missed_interrupt,shield,heat,
stored-night,tide-siege+hollow-ground,w0h0l+,48,true,true,injected,2,play|probe.land|land|,trample-green-2,13.75,play|probe.water|water|,long-flow-1,2.75,11,walked_into_shield,,,water
stored-night,tide-siege+hollow-ground,w0h0l+,49,true,true,injected,3,play|disrupt.land|land|,filth-spread-1,13.25,play|breach.land|land|,hollow-ground-1,9.25,4,missed_interrupt,repair,land,
stored-night,tide-siege+hollow-ground,w0h0l+,50,true,true,injected,3,play|disrupt.land|land|,filth-spread-1,13.25,play|disrupt.water|water|,foul-current-1,-7.75,21,missed_interrupt,repair,land,
stored-night,tide-siege+hollow-ground,w0h0l+,51,false,false,injected,2,play|disrupt.heat|heat|,idle-fume-1,11,play|probe.water|water|,long-flow-1,4.75,6.25,missed_interrupt,shield,heat,
stored-night,tide-siege+hollow-ground,w0h0l+,52,true,false,injected,2,play|breach.land|land|,hollow-ground-1,23.75,play|breach.water|water|,spend-tide-1,4.75,19,walked_into_shield,,,water
stored-night,tide-siege+hollow-ground,w0h0l+,53,true,false,injected,2,play|breach.heat|heat|,hundred-smoke-1,23.75,play|breach.water|water|,tide-siege-1,4.75,19,walked_into_shield,,,water
stored-night,tide-siege+hollow-ground,w0h0l+,54,false,false,injected,2,play|breach.land|land|,hollow-ground-1,23.75,play|breach.water|water|,spend-tide-1,4.75,19,walked_into_shield,,,water
stored-night,tide-siege+hollow-ground,w0h0l+,55,true,false,injected,2,play|probe.heat|heat|,open-chill-1,13.75,play|probe.water|water|,long-flow-1,2.75,11,walked_into_shield,,,water
stored-night,tide-siege+hollow-ground,w0h0l+,56,true,false,injected,2,play|probe.heat|heat|,open-chill-1,18.75,play|probe.water|water|,long-flow-1,2.75,16,walked_into_shield,,,water
stored-night,tide-siege+hollow-ground,w0h0l+,57,false,false,injected,2,play|probe.heat|heat|,open-chill-1,18.75,play|probe.water|water|,long-flow-1,2.75,16,walked_into_shield,,,water
stored-night,tide-siege+hollow-ground,w0h0l+,58,false,false,injected,2,play|disrupt.land|land|,filth-spread-1,8,play|probe.water|water|,long-flow-2,2.75,5.25,walked_into_shield,,,water
stored-night,tide-siege+hollow-ground,w0h0l+,59,true,false,injected,2,play|probe.heat|heat|,open-chill-1,13.75,play|probe.water|water|,long-flow-2,2.75,11,walked_into_shield,,,water
stored-night,tide-siege+hollow-ground,w0h0l+,60,true,true,injected,3,play|disrupt.land|land|,filth-spread-1,13.25,play|breach.land|land|,hollow-ground-1,9.25,4,missed_interrupt,repair,land,
stored-night,tide-siege+hollow-ground,w0h0l+,61,true,false,injected,2,play|probe.heat|heat|,open-chill-1,13.75,play|disrupt.water|water|,foul-current-1,1,12.75,walked_into_shield,,,water
stored-night,tide-siege+hollow-ground,w0h0l+,62,false,false,injected,2,play|probe.heat|heat|,open-chill-3,13.75,play|probe.water|water|,long-flow-2,4.75,9,walked_into_shield,,,water
stored-night,tide-siege+hollow-ground,w0h0l+,63,true,false,injected,2,play|probe.heat|heat|,open-chill-2,13.75,play|probe.water|water|,long-flow-2,2.75,11,walked_into_shield,,,water
stored-night,tide-siege+hollow-ground,w0h0l+,64,true,false,injected,2,play|probe.land|land|,trample-green-2,13.75,play|probe.water|water|,long-flow-1,2.75,11,walked_into_shield,,,water
stored-night,tide-siege+hollow-ground,w0h0l+,65,true,false,injected,2,play|probe.heat|heat|,open-chill-2,13.75,play|probe.water|water|,long-flow-2,4.75,9,walked_into_shield,,,water
stored-night,tide-siege+hollow-ground,w0h0l+,66,true,false,injected,3,play|breach.water|water|,tide-siege-1,10.25,play|breach.heat|heat|,hundred-smoke-1,-13.75,24,walked_into_shield,,,heat
stored-night,tide-siege+hollow-ground,w0h0l+,67,false,false,injected,2,play|probe.land|land|,trample-green-2,13.75,play|probe.water|water|,long-flow-1,2.75,11,walked_into_shield,,,water
stored-night,tide-siege+hollow-ground,w0h0l+,68,false,false,injected,2,play|disrupt.heat|heat|,idle-fume-1,11,play|probe.water|water|,long-flow-2,4.75,6.25,missed_interrupt,shield,heat,
stored-night,tide-siege+hollow-ground,w0h0l+,69,false,false,injected,2,play|probe.heat|heat|,open-chill-2,18.75,play|probe.water|water|,long-flow-1,2.75,16,walked_into_shield,,,water
stored-night,tide-siege+hollow-ground,w0h0l+,70,true,false,injected,2,play|probe.heat|heat|,open-chill-1,18.75,play|probe.water|water|,long-flow-2,2.75,16,walked_into_shield,,,water
stored-night,tide-siege+hollow-ground,w0h0l+,71,true,false,injected,2,play|breach.heat|heat|,hundred-smoke-1,23.75,play|breach.water|water|,spend-tide-1,4.75,19,walked_into_shield,,,water
stored-night,tide-siege+hollow-ground,w0h0l+,72,true,false,injected,2,play|probe.land|land|,trample-green-1,13.75,play|probe.water|water|,long-flow-2,4.75,9,walked_into_shield,,,water
stored-night,tide-siege+hollow-ground,w0h0l+,73,false,true,injected,2,play|disrupt.land|land|,filth-spread-1,8,play|probe.water|water|,long-flow-2,2.75,5.25,walked_into_shield,,,water
stored-night,tide-siege+hollow-ground,w0h0l+,74,false,false,injected,2,play|probe.heat|heat|,open-chill-2,13.75,play|probe.water|water|,long-flow-1,2.75,11,walked_into_shield,,,water
stored-night,tide-siege+hollow-ground,w0h0l+,75,true,false,injected,2,play|breach.heat|heat|,hundred-smoke-1,23.75,play|breach.water|water|,tide-siege-1,4.75,19,walked_into_shield,,,water
stored-night,tide-siege+hollow-ground,w0h0l+,76,false,false,injected,2,play|disrupt.heat|heat|,idle-fume-1,11,play|disrupt.land|land|,filth-spread-1,8,3,missed_interrupt,shield,heat,
stored-night,tide-siege+hollow-ground,w0h0l+,77,true,true,injected,2,play|disrupt.heat|heat|,idle-fume-1,11,play|probe.water|water|,long-flow-2,2.75,8.25,missed_interrupt,shield,heat,
stored-night,tide-siege+hollow-ground,w0h0l+,78,true,false,injected,2,play|probe.heat|heat|,open-chill-3,13.75,play|probe.water|water|,long-flow-2,2.75,11,walked_into_shield,,,water
stored-night,tide-siege+hollow-ground,w0h0l+,79,false,false,injected,3,play|probe.land|land|,trample-green-2,-2,play|probe.heat|heat|,open-chill-2,-15,13,walked_into_shield,,,heat
stored-night,tide-siege+hollow-ground,w0h0l+,80,true,false,injected,3,play|breach.water|water|,tide-siege-1,11.25,play|breach.heat|heat|,hundred-smoke-1,-15.75,27,walked_into_shield,,,heat
stored-night,tide-siege+hollow-ground,w0h0l+,81,true,false,injected,2,play|probe.heat|heat|,open-chill-3,13.75,play|disrupt.water|water|,foul-current-1,-1,14.75,walked_into_shield,,,water
stored-night,tide-siege+hollow-ground,w0h0l+,82,false,false,injected,2,play|breach.land|land|,hollow-ground-1,23.75,play|breach.water|water|,spend-tide-1,4.75,19,walked_into_shield,,,water
stored-night,tide-siege+hollow-ground,w0h0l+,83,true,false,injected,2,play|probe.heat|heat|,open-chill-2,13.75,play|probe.water|water|,long-flow-1,2.75,11,walked_into_shield,,,water
stored-night,tide-siege+hollow-ground,w0h0l+,84,true,false,injected,2,play|probe.heat|heat|,open-chill-3,13.75,play|probe.water|water|,long-flow-2,4.75,9,walked_into_shield,,,water
stored-night,tide-siege+hollow-ground,w0h0l+,85,true,false,injected,2,play|probe.heat|heat|,open-chill-2,13.75,play|probe.water|water|,long-flow-2,4.75,9,walked_into_shield,,,water
stored-night,tide-siege+hollow-ground,w0h0l+,86,true,true,injected,2,play|probe.heat|heat|,open-chill-1,13.75,play|probe.water|water|,long-flow-2,2.75,11,walked_into_shield,,,water
stored-night,tide-siege+hollow-ground,w0h0l+,87,false,true,injected,2,play|probe.land|land|,trample-green-2,13.75,play|probe.water|water|,long-flow-1,2.75,11,walked_into_shield,,,water
stored-night,tide-siege+hollow-ground,w0h0l+,88,true,false,injected,2,play|probe.heat|heat|,open-chill-3,13.75,play|probe.water|water|,long-flow-2,4.75,9,walked_into_shield,,,water
stored-night,tide-siege+hollow-ground,w0h0l+,89,false,false,injected,2,play|probe.heat|heat|,open-chill-1,13.75,play|disrupt.water|water|,foul-current-1,-1,14.75,walked_into_shield,,,water
stored-night,tide-siege+hollow-ground,w0h0l+,90,true,true,injected,2,play|probe.heat|heat|,open-chill-2,13.75,play|probe.water|water|,long-flow-1,2.75,11,walked_into_shield,,,water
stored-night,tide-siege+hollow-ground,w0h0l+,91,true,false,injected,2,play|probe.land|land|,trample-green-2,13.75,play|probe.water|water|,long-flow-2,2.75,11,walked_into_shield,,,water
stored-night,tide-siege+hollow-ground,w0h0l+,92,false,false,injected,2,play|disrupt.heat|heat|,idle-fume-1,11,play|probe.water|water|,long-flow-2,2.75,8.25,missed_interrupt,shield,heat,
stored-night,tide-siege+hollow-ground,w0h0l+,93,true,true,injected,2,play|probe.heat|heat|,open-chill-1,13.75,play|probe.water|water|,long-flow-2,2.75,11,walked_into_shield,,,water
stored-night,tide-siege+hollow-ground,w0h0l+,94,true,true,injected,2,play|probe.land|land|,trample-green-2,13.75,play|probe.water|water|,long-flow-2,2.75,11,walked_into_shield,,,water
stored-night,tide-siege+hollow-ground,w0h0l+,95,false,false,injected,2,play|probe.heat|heat|,open-chill-2,13.75,play|probe.water|water|,long-flow-2,2.75,11,walked_into_shield,,,water
stored-night,tide-siege+hollow-ground,w0h0l+,96,false,true,injected,2,play|probe.heat|heat|,open-chill-2,13.75,play|probe.water|water|,long-flow-2,2.75,11,walked_into_shield,,,water
stored-night,tide-siege+hollow-ground,w0h0l+,97,true,false,injected,2,play|breach.land|land|,no-green-left-1,23.75,play|disrupt.water|water|,foul-current-1,-0.25,24,walked_into_shield,,,water
stored-night,tide-siege+hollow-ground,w0h0l+,98,false,false,injected,2,play|probe.heat|heat|,open-chill-2,18.75,play|probe.water|water|,long-flow-1,2.75,16,walked_into_shield,,,water
stored-night,tide-siege+hollow-ground,w0h0l+,99,true,true,injected,3,play|breach.water|water|,spend-tide-1,7.25,play|probe.heat|heat|,open-chill-2,-13,20.25,walked_into_shield,,,heat
stored-night,tide-siege+hollow-ground,w0h0l+,100,false,false,injected,2,play|disrupt.land|land|,filth-spread-1,8,play|disrupt.water|water|,foul-current-1,1,7,walked_into_shield,,,water
stored-night,tide-siege+sluice-jam,w0h0l0,1,false,false,injected,2,play|probe.land|land|,trample-green-3,13.75,play|probe.water|water|,long-flow-1,2.75,11,walked_into_shield,,,water
stored-night,tide-siege+sluice-jam,w0h0l0,2,true,false,injected,2,play|probe.heat|heat|,open-chill-2,13.75,play|probe.water|water|,long-flow-1,4.75,9,walked_into_shield,,,water
stored-night,tide-siege+sluice-jam,w0h0l0,3,true,true,injected,2,play|probe.heat|heat|,open-chill-3,18.75,play|probe.water|water|,long-flow-1,2.75,16,walked_into_shield,,,water
stored-night,tide-siege+sluice-jam,w0h0l0,4,false,false,injected,2,play|disrupt.land|land|,filth-spread-1,8,play|probe.water|water|,long-flow-1,2.75,5.25,walked_into_shield,,,water
stored-night,tide-siege+sluice-jam,w0h0l0,5,true,false,injected,2,play|probe.heat|heat|,open-chill-1,14.5,play|breach.water|water|,spend-tide-1,4.75,9.75,walked_into_shield,,,water
stored-night,tide-siege+sluice-jam,w0h0l0,6,true,false,injected,3,play|breach.water|water|,tide-siege-1,13.25,play|probe.heat|heat|,open-chill-2,-18.5,31.75,walked_into_shield,,,heat
stored-night,tide-siege+sluice-jam,w0h0l0,7,false,false,injected,2,play|probe.heat|heat|,open-chill-2,14.5,play|breach.water|water|,spend-tide-1,4.75,9.75,walked_into_shield,,,water
stored-night,tide-siege+sluice-jam,w0h0l0,8,false,false,injected,2,play|probe.heat|heat|,open-chill-1,13.75,play|probe.water|water|,long-flow-1,4.75,9,walked_into_shield,,,water
stored-night,tide-siege+sluice-jam,w0h0l0,9,true,false,injected,2,play|probe.land|land|,trample-green-1,13.75,play|probe.water|water|,long-flow-1,2.75,11,walked_into_shield,,,water
stored-night,tide-siege+sluice-jam,w0h0l0,10,false,false,injected,2,play|probe.heat|heat|,open-chill-3,14.5,play|breach.water|water|,tide-siege-1,4.75,9.75,walked_into_shield,,,water
stored-night,tide-siege+sluice-jam,w0h0l0,11,false,false,injected,2,play|probe.heat|heat|,open-chill-2,18.75,play|probe.water|water|,long-flow-1,2.75,16,walked_into_shield,,,water
stored-night,tide-siege+sluice-jam,w0h0l0,12,true,false,injected,2,play|probe.heat|heat|,open-chill-3,14.5,play|breach.water|water|,tide-siege-1,4.75,9.75,walked_into_shield,,,water
stored-night,tide-siege+sluice-jam,w0h0l0,13,true,false,injected,4,play|probe.water|water|,long-flow-1,18.5,play|probe.heat|heat|,open-chill-2,1,17.5,walked_into_shield,,,heat
stored-night,tide-siege+sluice-jam,w0h0l0,14,true,false,injected,2,play|probe.heat|heat|,open-chill-3,14.5,play|breach.water|water|,tide-siege-1,4.75,9.75,walked_into_shield,,,water
stored-night,tide-siege+sluice-jam,w0h0l0,15,false,false,injected,2,play|disrupt.heat|heat|,idle-fume-1,11,play|probe.water|water|,long-flow-1,4.75,6.25,missed_interrupt,shield,heat,
stored-night,tide-siege+sluice-jam,w0h0l0,16,false,false,injected,2,play|probe.heat|heat|,open-chill-1,14.5,play|breach.water|water|,spend-tide-1,4.75,9.75,walked_into_shield,,,water
stored-night,tide-siege+sluice-jam,w0h0l0,17,false,false,injected,2,play|probe.heat|heat|,open-chill-2,13.75,play|probe.water|water|,long-flow-1,2.75,11,walked_into_shield,,,water
stored-night,tide-siege+sluice-jam,w0h0l0,18,true,true,injected,2,play|probe.heat|heat|,open-chill-1,13.75,play|probe.water|water|,long-flow-1,4.75,9,walked_into_shield,,,water
stored-night,tide-siege+sluice-jam,w0h0l0,19,true,true,injected,2,play|probe.land|land|,trample-green-3,13.75,play|probe.water|water|,long-flow-1,4.75,9,walked_into_shield,,,water
stored-night,tide-siege+sluice-jam,w0h0l0,20,false,false,injected,2,play|probe.land|land|,trample-green-2,13.75,play|probe.water|water|,long-flow-1,2.75,11,walked_into_shield,,,water
stored-night,tide-siege+sluice-jam,w0h0l0,21,true,false,injected,2,play|probe.heat|heat|,open-chill-2,14.5,play|breach.water|water|,spend-tide-1,4.75,9.75,walked_into_shield,,,water
stored-night,tide-siege+sluice-jam,w0h0l0,22,false,false,injected,2,play|disrupt.land|land|,filth-spread-1,8,play|disrupt.water|water|,sluice-jam-1,1,7,walked_into_shield,,,water
stored-night,tide-siege+sluice-jam,w0h0l0,23,true,false,injected,2,play|probe.heat|heat|,open-chill-3,13.75,play|disrupt.water|water|,foul-current-1,-1,14.75,walked_into_shield,,,water
stored-night,tide-siege+sluice-jam,w0h0l0,24,false,false,injected,2,play|probe.heat|heat|,open-chill-2,13.75,play|probe.water|water|,long-flow-1,4.75,9,walked_into_shield,,,water
stored-night,tide-siege+sluice-jam,w0h0l0,25,true,true,injected,3,play|probe.land|land|,trample-green-3,-2,play|probe.heat|heat|,open-chill-3,-17,15,walked_into_shield,,,heat
stored-night,tide-siege+sluice-jam,w0h0l0,26,true,false,injected,2,play|probe.land|land|,trample-green-2,13.75,play|probe.water|water|,long-flow-1,2.75,11,walked_into_shield,,,water
stored-night,tide-siege+sluice-jam,w0h0l0,27,true,false,injected,2,play|breach.heat|heat|,hundred-smoke-1,23.75,play|disrupt.water|water|,sluice-jam-1,-0.25,24,walked_into_shield,,,water
stored-night,tide-siege+sluice-jam,w0h0l0,28,true,false,injected,2,play|breach.heat|heat|,hundred-smoke-1,23.75,play|breach.water|water|,tide-siege-1,4.75,19,walked_into_shield,,,water
stored-night,tide-siege+sluice-jam,w0h0l0,29,false,false,injected,2,play|probe.land|land|,trample-green-3,13.75,play|disrupt.water|water|,sluice-jam-1,-1,14.75,walked_into_shield,,,water
stored-night,tide-siege+sluice-jam,w0h0l0,30,false,false,injected,2,play|probe.land|land|,trample-green-2,13.75,play|probe.water|water|,long-flow-1,4.75,9,walked_into_shield,,,water
stored-night,tide-siege+sluice-jam,w0h0l0,31,true,true,injected,3,play|breach.water|water|,spend-tide-1,10.25,play|probe.heat|heat|,open-chill-1,-11,21.25,walked_into_shield,,,heat
stored-night,tide-siege+sluice-jam,w0h0l0,32,true,false,injected,2,play|probe.heat|heat|,open-chill-1,18.75,play|disrupt.water|water|,sluice-jam-1,1,17.75,walked_into_shield,,,water
stored-night,tide-siege+sluice-jam,w0h0l0,33,false,false,injected,2,play|disrupt.land|land|,filth-spread-1,8,play|probe.water|water|,long-flow-1,2.75,5.25,walked_into_shield,,,water
stored-night,tide-siege+sluice-jam,w0h0l0,34,false,false,injected,2,play|probe.heat|heat|,open-chill-2,13.75,play|probe.water|water|,long-flow-1,4.75,9,walked_into_shield,,,water
stored-night,tide-siege+sluice-jam,w0h0l0,35,true,true,injected,2,play|probe.heat|heat|,open-chill-1,13.75,play|probe.water|water|,long-flow-1,2.75,11,walked_into_shield,,,water
stored-night,tide-siege+sluice-jam,w0h0l0,36,false,false,injected,2,play|probe.land|land|,trample-green-3,13.75,play|probe.water|water|,long-flow-1,2.75,11,walked_into_shield,,,water
stored-night,tide-siege+sluice-jam,w0h0l0,37,true,true,injected,2,play|probe.heat|heat|,open-chill-1,13.75,play|probe.water|water|,long-flow-1,2.75,11,walked_into_shield,,,water
stored-night,tide-siege+sluice-jam,w0h0l0,38,false,false,injected,2,play|probe.land|land|,trample-green-3,13.75,play|probe.water|water|,long-flow-1,4.75,9,walked_into_shield,,,water
stored-night,tide-siege+sluice-jam,w0h0l0,39,true,false,injected,2,play|breach.land|land|,no-green-left-1,23.75,play|breach.water|water|,spend-tide-1,4.75,19,walked_into_shield,,,water
stored-night,tide-siege+sluice-jam,w0h0l0,40,true,false,injected,2,play|probe.heat|heat|,open-chill-3,14.5,play|disrupt.water|water|,sluice-jam-1,-0.25,14.75,walked_into_shield,,,water
stored-night,tide-siege+sluice-jam,w0h0l0,41,true,false,injected,2,play|probe.heat|heat|,open-chill-1,13.75,play|probe.water|water|,long-flow-1,4.75,9,walked_into_shield,,,water
stored-night,tide-siege+sluice-jam,w0h0l0,42,true,false,injected,2,play|probe.land|land|,trample-green-3,13.75,play|probe.water|water|,long-flow-1,4.75,9,walked_into_shield,,,water
stored-night,tide-siege+sluice-jam,w0h0l0,43,false,false,injected,2,play|probe.heat|heat|,open-chill-2,13.75,play|probe.water|water|,long-flow-1,2.75,11,walked_into_shield,,,water
stored-night,tide-siege+sluice-jam,w0h0l0,44,true,false,injected,2,play|breach.heat|heat|,hundred-smoke-1,23.75,play|disrupt.water|water|,foul-current-1,-0.25,24,walked_into_shield,,,water
stored-night,tide-siege+sluice-jam,w0h0l0,45,false,false,injected,2,play|probe.land|land|,trample-green-1,13.75,play|probe.water|water|,long-flow-1,2.75,11,walked_into_shield,,,water
stored-night,tide-siege+sluice-jam,w0h0l0,46,false,false,injected,2,play|probe.land|land|,trample-green-1,13.75,play|probe.water|water|,long-flow-1,2.75,11,walked_into_shield,,,water
stored-night,tide-siege+sluice-jam,w0h0l0,47,false,false,injected,2,play|breach.land|land|,no-green-left-1,23.75,play|breach.water|water|,spend-tide-1,4.75,19,walked_into_shield,,,water
stored-night,tide-siege+sluice-jam,w0h0l0,48,false,false,injected,2,play|breach.land|land|,no-green-left-1,23.75,play|breach.water|water|,tide-siege-1,4.75,19,walked_into_shield,,,water
stored-night,tide-siege+sluice-jam,w0h0l0,49,true,false,injected,2,play|probe.heat|heat|,open-chill-1,14.5,play|breach.water|water|,tide-siege-1,4.75,9.75,walked_into_shield,,,water
stored-night,tide-siege+sluice-jam,w0h0l0,50,false,false,injected,2,play|probe.land|land|,trample-green-3,13.75,play|disrupt.water|water|,sluice-jam-1,1,12.75,walked_into_shield,,,water
stored-night,tide-siege+sluice-jam,w0h0l0,51,true,false,injected,2,play|probe.heat|heat|,open-chill-3,13.75,play|probe.water|water|,long-flow-1,4.75,9,walked_into_shield,,,water
stored-night,tide-siege+sluice-jam,w0h0l0,52,false,false,injected,2,play|probe.land|land|,trample-green-3,13.75,play|probe.water|water|,long-flow-1,4.75,9,walked_into_shield,,,water
stored-night,tide-siege+sluice-jam,w0h0l0,53,true,true,injected,2,play|disrupt.heat|heat|,idle-fume-1,11,play|probe.water|water|,long-flow-1,2.75,8.25,missed_interrupt,shield,heat,
stored-night,tide-siege+sluice-jam,w0h0l0,54,false,false,injected,2,play|probe.land|land|,trample-green-3,13.75,play|probe.water|water|,long-flow-1,4.75,9,walked_into_shield,,,water
stored-night,tide-siege+sluice-jam,w0h0l0,55,false,false,injected,2,play|probe.heat|heat|,open-chill-3,18.75,play|probe.water|water|,long-flow-1,2.75,16,walked_into_shield,,,water
stored-night,tide-siege+sluice-jam,w0h0l0,56,true,false,injected,2,play|probe.heat|heat|,open-chill-2,18.75,play|probe.water|water|,long-flow-1,2.75,16,walked_into_shield,,,water
stored-night,tide-siege+sluice-jam,w0h0l0,57,true,false,injected,2,play|probe.heat|heat|,open-chill-3,14.5,play|disrupt.water|water|,foul-current-1,-0.25,14.75,walked_into_shield,,,water
stored-night,tide-siege+sluice-jam,w0h0l0,58,true,false,injected,2,play|probe.heat|heat|,open-chill-2,14.5,play|breach.water|water|,spend-tide-1,4.75,9.75,walked_into_shield,,,water
stored-night,tide-siege+sluice-jam,w0h0l0,59,true,false,injected,3,play|probe.land|land|,trample-green-3,-2,play|breach.heat|heat|,hundred-smoke-1,-13.75,11.75,walked_into_shield,,,heat
stored-night,tide-siege+sluice-jam,w0h0l0,60,true,true,injected,2,play|probe.heat|heat|,open-chill-2,13.75,play|probe.water|water|,long-flow-1,4.75,9,walked_into_shield,,,water
stored-night,tide-siege+sluice-jam,w0h0l0,61,true,true,injected,2,play|probe.heat|heat|,open-chill-1,18.75,play|probe.water|water|,long-flow-1,2.75,16,walked_into_shield,,,water
stored-night,tide-siege+sluice-jam,w0h0l0,62,false,false,injected,3,play|breach.land|land|,no-green-left-1,4.25,play|probe.heat|heat|,open-chill-1,-15,19.25,walked_into_shield,,,heat
stored-night,tide-siege+sluice-jam,w0h0l0,63,true,false,injected,2,play|disrupt.heat|heat|,idle-fume-1,11,play|probe.water|water|,long-flow-1,2.75,8.25,missed_interrupt,shield,heat,
stored-night,tide-siege+sluice-jam,w0h0l0,64,true,true,injected,2,play|breach.heat|heat|,hundred-smoke-1,23.75,play|disrupt.water|water|,foul-current-1,-0.25,24,walked_into_shield,,,water
stored-night,tide-siege+sluice-jam,w0h0l0,65,true,false,injected,2,play|probe.heat|heat|,open-chill-3,13.75,play|disrupt.water|water|,foul-current-1,-1,14.75,walked_into_shield,,,water
stored-night,tide-siege+sluice-jam,w0h0l0,66,false,false,injected,2,play|disrupt.heat|heat|,idle-fume-1,11,play|disrupt.land|land|,filth-spread-1,8,3,missed_interrupt,shield,heat,
stored-night,tide-siege+sluice-jam,w0h0l0,67,true,true,injected,3,play|disrupt.land|land|,filth-spread-1,11.25,play|probe.land|land|,trample-green-3,-4,15.25,missed_interrupt,repair,land,
stored-night,tide-siege+sluice-jam,w0h0l0,68,false,false,injected,2,play|breach.land|land|,no-green-left-1,23.75,play|breach.water|water|,spend-tide-1,4.75,19,walked_into_shield,,,water
stored-night,tide-siege+sluice-jam,w0h0l0,69,false,false,injected,2,play|breach.land|land|,no-green-left-1,23.75,play|breach.water|water|,tide-siege-1,4.75,19,walked_into_shield,,,water
stored-night,tide-siege+sluice-jam,w0h0l0,70,true,false,injected,2,play|probe.heat|heat|,open-chill-3,14.5,play|breach.water|water|,spend-tide-1,4.75,9.75,walked_into_shield,,,water
stored-night,tide-siege+sluice-jam,w0h0l0,71,true,false,injected,2,play|disrupt.heat|heat|,idle-fume-1,11,play|disrupt.land|land|,filth-spread-1,8,3,missed_interrupt,shield,heat,
stored-night,tide-siege+sluice-jam,w0h0l0,72,true,false,injected,3,play|disrupt.land|land|,filth-spread-1,10.25,play|probe.land|land|,trample-green-1,-5,15.25,missed_interrupt,repair,land,
stored-night,tide-siege+sluice-jam,w0h0l0,73,true,false,injected,2,play|probe.land|land|,trample-green-1,13.75,play|disrupt.water|water|,sluice-jam-1,-1,14.75,walked_into_shield,,,water
stored-night,tide-siege+sluice-jam,w0h0l0,74,true,false,injected,2,play|probe.heat|heat|,open-chill-3,13.75,play|disrupt.water|water|,sluice-jam-1,1,12.75,walked_into_shield,,,water
stored-night,tide-siege+sluice-jam,w0h0l0,75,true,false,injected,2,play|probe.land|land|,trample-green-3,13.75,play|probe.water|water|,long-flow-1,4.75,9,walked_into_shield,,,water
stored-night,tide-siege+sluice-jam,w0h0l0,76,false,false,injected,2,play|probe.heat|heat|,open-chill-1,13.75,play|probe.water|water|,long-flow-1,4.75,9,walked_into_shield,,,water
stored-night,tide-siege+sluice-jam,w0h0l0,77,true,false,injected,2,play|gather||gather,,2.5,play|disrupt.water|water|,sluice-jam-1,1,1.5,walked_into_shield,,,water
stored-night,tide-siege+sluice-jam,w0h0l0,78,true,true,injected,2,play|disrupt.heat|heat|,idle-fume-1,11,play|disrupt.land|land|,filth-spread-1,8,3,missed_interrupt,shield,heat,
stored-night,tide-siege+sluice-jam,w0h0l0,79,false,false,injected,2,play|probe.land|land|,trample-green-2,13.75,play|disrupt.water|water|,sluice-jam-1,-1,14.75,walked_into_shield,,,water
stored-night,tide-siege+sluice-jam,w0h0l0,80,true,true,injected,2,play|probe.heat|heat|,open-chill-3,13.75,play|probe.water|water|,long-flow-1,4.75,9,walked_into_shield,,,water
stored-night,tide-siege+sluice-jam,w0h0l0,81,true,false,injected,2,play|breach.heat|heat|,hundred-smoke-1,23.75,play|breach.water|water|,tide-siege-1,4.75,19,walked_into_shield,,,water
stored-night,tide-siege+sluice-jam,w0h0l0,82,true,false,injected,2,play|probe.heat|heat|,open-chill-3,14.5,play|breach.water|water|,spend-tide-1,4.75,9.75,walked_into_shield,,,water
stored-night,tide-siege+sluice-jam,w0h0l0,83,false,false,injected,3,play|breach.water|water|,spend-tide-1,7.25,play|probe.heat|heat|,open-chill-1,-13,20.25,walked_into_shield,,,heat
stored-night,tide-siege+sluice-jam,w0h0l0,84,true,false,injected,2,play|probe.heat|heat|,open-chill-1,13.75,play|probe.water|water|,long-flow-1,4.75,9,walked_into_shield,,,water
stored-night,tide-siege+sluice-jam,w0h0l0,85,true,false,injected,2,play|probe.heat|heat|,open-chill-3,13.75,play|probe.water|water|,long-flow-1,4.75,9,walked_into_shield,,,water
stored-night,tide-siege+sluice-jam,w0h0l0,86,true,false,injected,2,play|probe.heat|heat|,open-chill-3,13.75,play|disrupt.water|water|,sluice-jam-1,-1,14.75,walked_into_shield,,,water
stored-night,tide-siege+sluice-jam,w0h0l0,87,true,true,injected,2,play|probe.land|land|,trample-green-1,13.75,play|probe.water|water|,long-flow-1,2.75,11,walked_into_shield,,,water
stored-night,tide-siege+sluice-jam,w0h0l0,88,true,false,injected,2,play|breach.heat|heat|,hundred-smoke-1,23.75,play|breach.water|water|,spend-tide-1,4.75,19,walked_into_shield,,,water
stored-night,tide-siege+sluice-jam,w0h0l0,89,true,false,injected,2,play|probe.heat|heat|,open-chill-2,13.75,play|probe.water|water|,long-flow-1,2.75,11,walked_into_shield,,,water
stored-night,tide-siege+sluice-jam,w0h0l0,90,true,false,injected,2,play|probe.heat|heat|,open-chill-3,18.75,play|disrupt.water|water|,sluice-jam-1,1,17.75,walked_into_shield,,,water
stored-night,tide-siege+sluice-jam,w0h0l0,91,true,false,injected,2,play|probe.heat|heat|,open-chill-2,13.75,play|probe.water|water|,long-flow-1,4.75,9,walked_into_shield,,,water
stored-night,tide-siege+sluice-jam,w0h0l0,92,false,true,injected,2,play|disrupt.heat|heat|,idle-fume-1,11,play|gather||gather,,2.5,8.5,missed_interrupt,shield,heat,
stored-night,tide-siege+sluice-jam,w0h0l0,93,true,false,injected,2,play|probe.heat|heat|,open-chill-2,18.75,play|disrupt.water|water|,sluice-jam-1,1,17.75,walked_into_shield,,,water
stored-night,tide-siege+sluice-jam,w0h0l0,94,true,true,injected,2,play|probe.land|land|,trample-green-3,13.75,play|probe.water|water|,long-flow-1,2.75,11,walked_into_shield,,,water
stored-night,tide-siege+sluice-jam,w0h0l0,95,true,false,injected,2,play|breach.land|land|,no-green-left-1,23.75,play|breach.water|water|,spend-tide-1,4.75,19,walked_into_shield,,,water
stored-night,tide-siege+sluice-jam,w0h0l0,96,true,false,injected,2,play|probe.heat|heat|,open-chill-3,13.75,play|disrupt.water|water|,sluice-jam-1,-1,14.75,walked_into_shield,,,water
stored-night,tide-siege+sluice-jam,w0h0l0,97,false,false,injected,2,play|breach.land|land|,no-green-left-1,23.75,play|disrupt.water|water|,sluice-jam-1,-0.25,24,walked_into_shield,,,water
stored-night,tide-siege+sluice-jam,w0h0l0,98,true,false,injected,2,play|probe.land|land|,trample-green-1,13.75,play|probe.water|water|,long-flow-1,2.75,11,walked_into_shield,,,water
stored-night,tide-siege+sluice-jam,w0h0l0,99,true,false,injected,2,play|probe.land|land|,trample-green-2,13.75,play|probe.water|water|,long-flow-1,2.75,11,walked_into_shield,,,water
stored-night,tide-siege+sluice-jam,w0h0l0,100,false,false,injected,2,play|probe.heat|heat|,open-chill-3,13.75,play|disrupt.water|water|,sluice-jam-1,1,12.75,walked_into_shield,,,water
stored-night,tide-siege+sluice-jam,w-h-l-,1,false,false,injected,2,play|probe.land|land|,trample-green-3,13.75,play|probe.water|water|,long-flow-1,2.75,11,walked_into_shield,,,water
stored-night,tide-siege+sluice-jam,w-h-l-,2,true,false,injected,2,play|probe.heat|heat|,open-chill-2,13.75,play|probe.water|water|,long-flow-1,4.75,9,walked_into_shield,,,water
stored-night,tide-siege+sluice-jam,w-h-l-,3,true,true,injected,2,play|probe.heat|heat|,open-chill-3,17.75,play|probe.water|water|,long-flow-1,2.75,15,walked_into_shield,,,water
stored-night,tide-siege+sluice-jam,w-h-l-,4,false,false,injected,2,play|disrupt.land|land|,filth-spread-1,8,play|probe.water|water|,long-flow-1,2.75,5.25,walked_into_shield,,,water
stored-night,tide-siege+sluice-jam,w-h-l-,5,true,false,injected,2,play|probe.heat|heat|,open-chill-1,14.5,play|breach.water|water|,spend-tide-1,4.75,9.75,walked_into_shield,,,water
stored-night,tide-siege+sluice-jam,w-h-l-,6,true,false,injected,3,play|breach.water|water|,tide-siege-1,13.25,play|probe.heat|heat|,open-chill-2,-18.5,31.75,walked_into_shield,,,heat
stored-night,tide-siege+sluice-jam,w-h-l-,7,false,false,injected,2,play|probe.heat|heat|,open-chill-2,14.5,play|breach.water|water|,spend-tide-1,4.75,9.75,walked_into_shield,,,water
stored-night,tide-siege+sluice-jam,w-h-l-,8,false,false,injected,2,play|probe.heat|heat|,open-chill-1,13.75,play|probe.water|water|,long-flow-1,4.75,9,walked_into_shield,,,water
stored-night,tide-siege+sluice-jam,w-h-l-,9,true,false,injected,2,play|probe.land|land|,trample-green-1,13.75,play|probe.water|water|,long-flow-1,2.75,11,walked_into_shield,,,water
stored-night,tide-siege+sluice-jam,w-h-l-,10,false,false,injected,2,play|probe.heat|heat|,open-chill-3,14.5,play|breach.water|water|,tide-siege-1,4.75,9.75,walked_into_shield,,,water
stored-night,tide-siege+sluice-jam,w-h-l-,11,false,false,injected,2,play|probe.heat|heat|,open-chill-2,17.75,play|probe.water|water|,long-flow-1,2.75,15,walked_into_shield,,,water
stored-night,tide-siege+sluice-jam,w-h-l-,12,true,false,injected,2,play|probe.heat|heat|,open-chill-3,14.5,play|breach.water|water|,tide-siege-1,4.75,9.75,walked_into_shield,,,water
stored-night,tide-siege+sluice-jam,w-h-l-,13,true,false,injected,4,play|probe.water|water|,long-flow-1,18.5,play|probe.heat|heat|,open-chill-2,1,17.5,walked_into_shield,,,heat
stored-night,tide-siege+sluice-jam,w-h-l-,14,true,false,injected,2,play|probe.heat|heat|,open-chill-3,14.5,play|breach.water|water|,tide-siege-1,4.75,9.75,walked_into_shield,,,water
stored-night,tide-siege+sluice-jam,w-h-l-,15,false,false,injected,2,play|disrupt.heat|heat|,idle-fume-1,11,play|probe.water|water|,long-flow-1,4.75,6.25,missed_interrupt,shield,heat,
stored-night,tide-siege+sluice-jam,w-h-l-,16,false,false,injected,2,play|probe.heat|heat|,open-chill-1,14.5,play|breach.water|water|,spend-tide-1,4.75,9.75,walked_into_shield,,,water
stored-night,tide-siege+sluice-jam,w-h-l-,17,false,false,injected,2,play|probe.heat|heat|,open-chill-2,13.75,play|probe.water|water|,long-flow-1,2.75,11,walked_into_shield,,,water
stored-night,tide-siege+sluice-jam,w-h-l-,18,true,true,injected,2,play|probe.heat|heat|,open-chill-1,13.75,play|probe.water|water|,long-flow-1,4.75,9,walked_into_shield,,,water
stored-night,tide-siege+sluice-jam,w-h-l-,19,true,true,injected,2,play|probe.land|land|,trample-green-3,13.75,play|probe.water|water|,long-flow-1,4.75,9,walked_into_shield,,,water
stored-night,tide-siege+sluice-jam,w-h-l-,20,false,false,injected,2,play|probe.land|land|,trample-green-2,13.75,play|probe.water|water|,long-flow-1,2.75,11,walked_into_shield,,,water
stored-night,tide-siege+sluice-jam,w-h-l-,21,true,false,injected,2,play|probe.heat|heat|,open-chill-2,14.5,play|breach.water|water|,spend-tide-1,4.75,9.75,walked_into_shield,,,water
stored-night,tide-siege+sluice-jam,w-h-l-,22,false,false,injected,2,play|disrupt.land|land|,filth-spread-1,8,play|disrupt.water|water|,sluice-jam-1,1,7,walked_into_shield,,,water
stored-night,tide-siege+sluice-jam,w-h-l-,23,true,false,injected,2,play|probe.heat|heat|,open-chill-3,13.75,play|disrupt.water|water|,foul-current-1,-1,14.75,walked_into_shield,,,water
stored-night,tide-siege+sluice-jam,w-h-l-,24,false,false,injected,2,play|probe.heat|heat|,open-chill-2,13.75,play|probe.water|water|,long-flow-1,4.75,9,walked_into_shield,,,water
stored-night,tide-siege+sluice-jam,w-h-l-,25,true,false,injected,3,play|probe.land|land|,trample-green-3,-2,play|probe.heat|heat|,open-chill-3,-17,15,walked_into_shield,,,heat
stored-night,tide-siege+sluice-jam,w-h-l-,26,true,false,injected,2,play|probe.land|land|,trample-green-2,13.75,play|probe.water|water|,long-flow-1,2.75,11,walked_into_shield,,,water
stored-night,tide-siege+sluice-jam,w-h-l-,27,true,false,injected,2,play|breach.heat|heat|,hundred-smoke-1,23.75,play|disrupt.water|water|,sluice-jam-1,-0.25,24,walked_into_shield,,,water
stored-night,tide-siege+sluice-jam,w-h-l-,28,true,false,injected,2,play|breach.heat|heat|,hundred-smoke-1,23.75,play|breach.water|water|,tide-siege-1,4.75,19,walked_into_shield,,,water
stored-night,tide-siege+sluice-jam,w-h-l-,29,false,false,injected,2,play|probe.land|land|,trample-green-3,13.75,play|disrupt.water|water|,sluice-jam-1,-1,14.75,walked_into_shield,,,water
stored-night,tide-siege+sluice-jam,w-h-l-,30,false,false,injected,2,play|probe.land|land|,trample-green-2,13.75,play|probe.water|water|,long-flow-1,4.75,9,walked_into_shield,,,water
stored-night,tide-siege+sluice-jam,w-h-l-,31,false,true,injected,3,play|breach.water|water|,spend-tide-1,10.25,play|probe.heat|heat|,open-chill-1,-11,21.25,walked_into_shield,,,heat
stored-night,tide-siege+sluice-jam,w-h-l-,32,true,false,injected,2,play|probe.heat|heat|,open-chill-1,17.75,play|disrupt.water|water|,sluice-jam-1,1,16.75,walked_into_shield,,,water
stored-night,tide-siege+sluice-jam,w-h-l-,33,false,false,injected,2,play|disrupt.land|land|,filth-spread-1,8,play|probe.water|water|,long-flow-1,2.75,5.25,walked_into_shield,,,water
stored-night,tide-siege+sluice-jam,w-h-l-,34,false,false,injected,2,play|probe.heat|heat|,open-chill-2,13.75,play|probe.water|water|,long-flow-1,4.75,9,walked_into_shield,,,water
stored-night,tide-siege+sluice-jam,w-h-l-,35,true,false,injected,2,play|probe.heat|heat|,open-chill-1,13.75,play|probe.water|water|,long-flow-1,2.75,11,walked_into_shield,,,water
stored-night,tide-siege+sluice-jam,w-h-l-,36,false,false,injected,2,play|probe.land|land|,trample-green-3,13.75,play|probe.water|water|,long-flow-1,2.75,11,walked_into_shield,,,water
stored-night,tide-siege+sluice-jam,w-h-l-,37,true,true,injected,2,play|probe.heat|heat|,open-chill-1,13.75,play|probe.water|water|,long-flow-1,2.75,11,walked_into_shield,,,water
stored-night,tide-siege+sluice-jam,w-h-l-,38,false,false,injected,2,play|probe.land|land|,trample-green-3,13.75,play|probe.water|water|,long-flow-1,4.75,9,walked_into_shield,,,water
stored-night,tide-siege+sluice-jam,w-h-l-,39,true,false,injected,2,play|breach.land|land|,no-green-left-1,22.75,play|breach.water|water|,spend-tide-1,4.75,18,walked_into_shield,,,water
stored-night,tide-siege+sluice-jam,w-h-l-,40,true,false,injected,2,play|probe.heat|heat|,open-chill-3,14.5,play|disrupt.water|water|,sluice-jam-1,-0.25,14.75,walked_into_shield,,,water
stored-night,tide-siege+sluice-jam,w-h-l-,41,true,false,injected,2,play|probe.heat|heat|,open-chill-1,13.75,play|probe.water|water|,long-flow-1,4.75,9,walked_into_shield,,,water
stored-night,tide-siege+sluice-jam,w-h-l-,42,true,false,injected,2,play|probe.land|land|,trample-green-3,13.75,play|probe.water|water|,long-flow-1,4.75,9,walked_into_shield,,,water
stored-night,tide-siege+sluice-jam,w-h-l-,43,false,false,injected,2,play|probe.heat|heat|,open-chill-2,13.75,play|probe.water|water|,long-flow-1,2.75,11,walked_into_shield,,,water
stored-night,tide-siege+sluice-jam,w-h-l-,44,true,false,injected,2,play|breach.heat|heat|,hundred-smoke-1,23.75,play|disrupt.water|water|,foul-current-1,-0.25,24,walked_into_shield,,,water
stored-night,tide-siege+sluice-jam,w-h-l-,45,false,false,injected,2,play|probe.land|land|,trample-green-1,13.75,play|probe.water|water|,long-flow-1,2.75,11,walked_into_shield,,,water
stored-night,tide-siege+sluice-jam,w-h-l-,46,false,false,injected,2,play|probe.land|land|,trample-green-1,13.75,play|probe.water|water|,long-flow-1,2.75,11,walked_into_shield,,,water
stored-night,tide-siege+sluice-jam,w-h-l-,47,false,false,injected,2,play|breach.land|land|,no-green-left-1,22.75,play|breach.water|water|,spend-tide-1,4.75,18,walked_into_shield,,,water
stored-night,tide-siege+sluice-jam,w-h-l-,48,false,false,injected,2,play|breach.land|land|,no-green-left-1,22.75,play|breach.water|water|,tide-siege-1,4.75,18,walked_into_shield,,,water
stored-night,tide-siege+sluice-jam,w-h-l-,49,true,false,injected,2,play|probe.heat|heat|,open-chill-1,14.5,play|breach.water|water|,tide-siege-1,4.75,9.75,walked_into_shield,,,water
stored-night,tide-siege+sluice-jam,w-h-l-,50,false,false,injected,2,play|probe.land|land|,trample-green-3,13.75,play|disrupt.water|water|,sluice-jam-1,1,12.75,walked_into_shield,,,water
stored-night,tide-siege+sluice-jam,w-h-l-,51,true,true,injected,2,play|probe.heat|heat|,open-chill-3,13.75,play|probe.water|water|,long-flow-1,4.75,9,walked_into_shield,,,water
stored-night,tide-siege+sluice-jam,w-h-l-,52,false,false,injected,2,play|probe.land|land|,trample-green-3,13.75,play|probe.water|water|,long-flow-1,4.75,9,walked_into_shield,,,water
stored-night,tide-siege+sluice-jam,w-h-l-,53,true,false,injected,2,play|disrupt.heat|heat|,idle-fume-1,11,play|probe.water|water|,long-flow-1,2.75,8.25,missed_interrupt,shield,heat,
stored-night,tide-siege+sluice-jam,w-h-l-,54,false,false,injected,2,play|probe.land|land|,trample-green-3,13.75,play|probe.water|water|,long-flow-1,4.75,9,walked_into_shield,,,water
stored-night,tide-siege+sluice-jam,w-h-l-,55,false,false,injected,2,play|probe.heat|heat|,open-chill-3,17.75,play|probe.water|water|,long-flow-1,2.75,15,walked_into_shield,,,water
stored-night,tide-siege+sluice-jam,w-h-l-,56,true,false,injected,2,play|probe.heat|heat|,open-chill-2,17.75,play|probe.water|water|,long-flow-1,2.75,15,walked_into_shield,,,water
stored-night,tide-siege+sluice-jam,w-h-l-,57,true,false,injected,2,play|probe.heat|heat|,open-chill-3,14.5,play|disrupt.water|water|,foul-current-1,-0.25,14.75,walked_into_shield,,,water
stored-night,tide-siege+sluice-jam,w-h-l-,58,true,false,injected,2,play|probe.heat|heat|,open-chill-2,14.5,play|breach.water|water|,spend-tide-1,4.75,9.75,walked_into_shield,,,water
stored-night,tide-siege+sluice-jam,w-h-l-,59,false,false,injected,3,play|probe.land|land|,trample-green-3,-2,play|breach.heat|heat|,hundred-smoke-1,-13.75,11.75,walked_into_shield,,,heat
stored-night,tide-siege+sluice-jam,w-h-l-,60,true,true,injected,2,play|probe.heat|heat|,open-chill-2,13.75,play|probe.water|water|,long-flow-1,4.75,9,walked_into_shield,,,water
stored-night,tide-siege+sluice-jam,w-h-l-,61,true,true,injected,2,play|probe.heat|heat|,open-chill-1,17.75,play|probe.water|water|,long-flow-1,2.75,15,walked_into_shield,,,water
stored-night,tide-siege+sluice-jam,w-h-l-,62,false,false,injected,3,play|breach.land|land|,no-green-left-1,4.25,play|probe.heat|heat|,open-chill-1,-15,19.25,walked_into_shield,,,heat
stored-night,tide-siege+sluice-jam,w-h-l-,63,true,false,injected,2,play|disrupt.heat|heat|,idle-fume-1,11,play|probe.water|water|,long-flow-1,2.75,8.25,missed_interrupt,shield,heat,
stored-night,tide-siege+sluice-jam,w-h-l-,64,true,true,injected,2,play|breach.heat|heat|,hundred-smoke-1,23.75,play|disrupt.water|water|,foul-current-1,-0.25,24,walked_into_shield,,,water
stored-night,tide-siege+sluice-jam,w-h-l-,65,true,false,injected,2,play|probe.heat|heat|,open-chill-3,13.75,play|disrupt.water|water|,foul-current-1,-1,14.75,walked_into_shield,,,water
stored-night,tide-siege+sluice-jam,w-h-l-,66,false,false,injected,2,play|disrupt.heat|heat|,idle-fume-1,11,play|disrupt.land|land|,filth-spread-1,8,3,missed_interrupt,shield,heat,
stored-night,tide-siege+sluice-jam,w-h-l-,67,true,true,injected,3,play|disrupt.land|land|,filth-spread-1,11.25,play|probe.land|land|,trample-green-3,-4,15.25,missed_interrupt,repair,land,
stored-night,tide-siege+sluice-jam,w-h-l-,68,false,false,injected,2,play|breach.land|land|,no-green-left-1,22.75,play|breach.water|water|,spend-tide-1,4.75,18,walked_into_shield,,,water
stored-night,tide-siege+sluice-jam,w-h-l-,69,false,false,injected,2,play|breach.land|land|,no-green-left-1,22.75,play|breach.water|water|,tide-siege-1,4.75,18,walked_into_shield,,,water
stored-night,tide-siege+sluice-jam,w-h-l-,70,true,false,injected,2,play|probe.heat|heat|,open-chill-3,14.5,play|breach.water|water|,spend-tide-1,4.75,9.75,walked_into_shield,,,water
stored-night,tide-siege+sluice-jam,w-h-l-,71,true,false,injected,2,play|disrupt.heat|heat|,idle-fume-1,11,play|disrupt.land|land|,filth-spread-1,8,3,missed_interrupt,shield,heat,
stored-night,tide-siege+sluice-jam,w-h-l-,72,true,false,injected,3,play|disrupt.land|land|,filth-spread-1,10.25,play|probe.land|land|,trample-green-1,-5,15.25,missed_interrupt,repair,land,
stored-night,tide-siege+sluice-jam,w-h-l-,73,true,false,injected,2,play|probe.land|land|,trample-green-1,13.75,play|disrupt.water|water|,sluice-jam-1,-1,14.75,walked_into_shield,,,water
stored-night,tide-siege+sluice-jam,w-h-l-,74,false,false,injected,2,play|probe.heat|heat|,open-chill-3,13.75,play|disrupt.water|water|,sluice-jam-1,-1,14.75,walked_into_shield,,,water
stored-night,tide-siege+sluice-jam,w-h-l-,75,true,false,injected,2,play|probe.land|land|,trample-green-3,13.75,play|probe.water|water|,long-flow-1,4.75,9,walked_into_shield,,,water
stored-night,tide-siege+sluice-jam,w-h-l-,76,false,false,injected,2,play|probe.heat|heat|,open-chill-1,13.75,play|probe.water|water|,long-flow-1,4.75,9,walked_into_shield,,,water
stored-night,tide-siege+sluice-jam,w-h-l-,77,true,false,injected,2,play|gather||gather,,2.5,play|disrupt.water|water|,sluice-jam-1,1,1.5,walked_into_shield,,,water
stored-night,tide-siege+sluice-jam,w-h-l-,78,true,true,injected,2,play|disrupt.heat|heat|,idle-fume-1,11,play|disrupt.land|land|,filth-spread-1,8,3,missed_interrupt,shield,heat,
stored-night,tide-siege+sluice-jam,w-h-l-,79,false,false,injected,2,play|probe.land|land|,trample-green-2,13.75,play|disrupt.water|water|,sluice-jam-1,-1,14.75,walked_into_shield,,,water
stored-night,tide-siege+sluice-jam,w-h-l-,80,true,false,injected,2,play|probe.heat|heat|,open-chill-3,13.75,play|probe.water|water|,long-flow-1,4.75,9,walked_into_shield,,,water
stored-night,tide-siege+sluice-jam,w-h-l-,81,true,false,injected,2,play|breach.heat|heat|,hundred-smoke-1,23.75,play|breach.water|water|,tide-siege-1,4.75,19,walked_into_shield,,,water
stored-night,tide-siege+sluice-jam,w-h-l-,82,true,false,injected,2,play|probe.heat|heat|,open-chill-3,14.5,play|breach.water|water|,spend-tide-1,4.75,9.75,walked_into_shield,,,water
stored-night,tide-siege+sluice-jam,w-h-l-,83,true,false,injected,3,play|breach.water|water|,spend-tide-1,10.25,play|probe.heat|heat|,open-chill-1,-11,21.25,walked_into_shield,,,heat
stored-night,tide-siege+sluice-jam,w-h-l-,84,false,false,injected,2,play|probe.heat|heat|,open-chill-1,13.75,play|probe.water|water|,long-flow-1,4.75,9,walked_into_shield,,,water
stored-night,tide-siege+sluice-jam,w-h-l-,85,true,false,injected,2,play|probe.heat|heat|,open-chill-3,13.75,play|probe.water|water|,long-flow-1,4.75,9,walked_into_shield,,,water
stored-night,tide-siege+sluice-jam,w-h-l-,86,true,false,injected,2,play|probe.heat|heat|,open-chill-3,13.75,play|disrupt.water|water|,sluice-jam-1,-1,14.75,walked_into_shield,,,water
stored-night,tide-siege+sluice-jam,w-h-l-,87,true,true,injected,2,play|probe.land|land|,trample-green-1,13.75,play|probe.water|water|,long-flow-1,2.75,11,walked_into_shield,,,water
stored-night,tide-siege+sluice-jam,w-h-l-,88,true,false,injected,2,play|breach.heat|heat|,hundred-smoke-1,23.75,play|breach.water|water|,spend-tide-1,4.75,19,walked_into_shield,,,water
stored-night,tide-siege+sluice-jam,w-h-l-,89,true,false,injected,2,play|probe.heat|heat|,open-chill-2,13.75,play|probe.water|water|,long-flow-1,2.75,11,walked_into_shield,,,water
stored-night,tide-siege+sluice-jam,w-h-l-,90,true,false,injected,2,play|probe.heat|heat|,open-chill-3,17.75,play|disrupt.water|water|,sluice-jam-1,1,16.75,walked_into_shield,,,water
stored-night,tide-siege+sluice-jam,w-h-l-,91,true,false,injected,2,play|probe.heat|heat|,open-chill-2,13.75,play|probe.water|water|,long-flow-1,4.75,9,walked_into_shield,,,water
stored-night,tide-siege+sluice-jam,w-h-l-,92,false,false,injected,2,play|disrupt.heat|heat|,idle-fume-1,11,play|gather||gather,,2.5,8.5,missed_interrupt,shield,heat,
stored-night,tide-siege+sluice-jam,w-h-l-,93,true,false,injected,2,play|probe.heat|heat|,open-chill-2,17.75,play|disrupt.water|water|,sluice-jam-1,1,16.75,walked_into_shield,,,water
stored-night,tide-siege+sluice-jam,w-h-l-,94,true,true,injected,2,play|probe.land|land|,trample-green-3,13.75,play|probe.water|water|,long-flow-1,2.75,11,walked_into_shield,,,water
stored-night,tide-siege+sluice-jam,w-h-l-,95,true,false,injected,2,play|breach.land|land|,no-green-left-1,22.75,play|breach.water|water|,spend-tide-1,4.75,18,walked_into_shield,,,water
stored-night,tide-siege+sluice-jam,w-h-l-,96,true,false,injected,2,play|probe.heat|heat|,open-chill-3,13.75,play|disrupt.water|water|,sluice-jam-1,-1,14.75,walked_into_shield,,,water
stored-night,tide-siege+sluice-jam,w-h-l-,97,false,false,injected,2,play|breach.land|land|,no-green-left-1,22.75,play|disrupt.water|water|,sluice-jam-1,-0.25,23,walked_into_shield,,,water
stored-night,tide-siege+sluice-jam,w-h-l-,98,false,false,injected,2,play|probe.land|land|,trample-green-1,13.75,play|probe.water|water|,long-flow-1,2.75,11,walked_into_shield,,,water
stored-night,tide-siege+sluice-jam,w-h-l-,99,false,false,injected,2,play|probe.land|land|,trample-green-2,13.75,play|probe.water|water|,long-flow-1,2.75,11,walked_into_shield,,,water
stored-night,tide-siege+sluice-jam,w-h-l-,100,true,false,injected,2,play|probe.heat|heat|,open-chill-3,13.75,play|disrupt.water|water|,sluice-jam-1,-1,14.75,walked_into_shield,,,water
stored-night,tide-siege+sluice-jam,w+h+l+,1,true,false,injected,2,play|probe.land|land|,trample-green-3,13.75,play|probe.water|water|,long-flow-1,2.75,11,walked_into_shield,,,water
stored-night,tide-siege+sluice-jam,w+h+l+,2,true,false,injected,2,play|probe.heat|heat|,open-chill-2,13.75,play|probe.water|water|,long-flow-1,4.75,9,walked_into_shield,,,water
stored-night,tide-siege+sluice-jam,w+h+l+,3,true,true,injected,2,play|probe.heat|heat|,open-chill-3,18.75,play|probe.water|water|,long-flow-1,2.75,16,walked_into_shield,,,water
stored-night,tide-siege+sluice-jam,w+h+l+,4,false,false,injected,2,play|disrupt.land|land|,filth-spread-1,8,play|probe.water|water|,long-flow-1,2.75,5.25,walked_into_shield,,,water
stored-night,tide-siege+sluice-jam,w+h+l+,5,true,false,injected,2,play|probe.heat|heat|,open-chill-1,14.5,play|breach.water|water|,spend-tide-1,4.75,9.75,walked_into_shield,,,water
stored-night,tide-siege+sluice-jam,w+h+l+,6,false,false,injected,3,play|breach.land|land|,no-green-left-1,9.25,play|probe.heat|heat|,open-chill-2,-17,26.25,walked_into_shield,,,heat
stored-night,tide-siege+sluice-jam,w+h+l+,7,false,false,injected,2,play|probe.heat|heat|,open-chill-2,14.5,play|breach.water|water|,spend-tide-1,4.75,9.75,walked_into_shield,,,water
stored-night,tide-siege+sluice-jam,w+h+l+,8,false,false,injected,2,play|probe.heat|heat|,open-chill-1,13.75,play|probe.water|water|,long-flow-1,4.75,9,walked_into_shield,,,water
stored-night,tide-siege+sluice-jam,w+h+l+,9,true,false,injected,2,play|probe.land|land|,trample-green-1,13.75,play|probe.water|water|,long-flow-1,2.75,11,walked_into_shield,,,water
stored-night,tide-siege+sluice-jam,w+h+l+,10,false,false,injected,2,play|probe.heat|heat|,open-chill-3,14.5,play|breach.water|water|,tide-siege-1,4.75,9.75,walked_into_shield,,,water
stored-night,tide-siege+sluice-jam,w+h+l+,11,false,false,injected,2,play|probe.heat|heat|,open-chill-2,18.75,play|probe.water|water|,long-flow-1,2.75,16,walked_into_shield,,,water
stored-night,tide-siege+sluice-jam,w+h+l+,12,true,false,injected,2,play|probe.heat|heat|,open-chill-3,14.5,play|breach.water|water|,tide-siege-1,4.75,9.75,walked_into_shield,,,water
stored-night,tide-siege+sluice-jam,w+h+l+,13,true,false,injected,4,play|probe.water|water|,long-flow-1,24.25,play|probe.heat|heat|,open-chill-2,3.25,21,walked_into_shield,,,heat
stored-night,tide-siege+sluice-jam,w+h+l+,14,true,false,injected,2,play|probe.heat|heat|,open-chill-3,14.5,play|breach.water|water|,tide-siege-1,4.75,9.75,walked_into_shield,,,water
stored-night,tide-siege+sluice-jam,w+h+l+,15,false,false,injected,2,play|disrupt.heat|heat|,idle-fume-1,11,play|probe.water|water|,long-flow-1,4.75,6.25,missed_interrupt,shield,heat,
stored-night,tide-siege+sluice-jam,w+h+l+,16,false,false,injected,2,play|probe.heat|heat|,open-chill-1,14.5,play|breach.water|water|,spend-tide-1,4.75,9.75,walked_into_shield,,,water
stored-night,tide-siege+sluice-jam,w+h+l+,17,false,false,injected,2,play|probe.heat|heat|,open-chill-2,13.75,play|probe.water|water|,long-flow-1,2.75,11,walked_into_shield,,,water
stored-night,tide-siege+sluice-jam,w+h+l+,18,true,true,injected,2,play|probe.heat|heat|,open-chill-1,13.75,play|probe.water|water|,long-flow-1,4.75,9,walked_into_shield,,,water
stored-night,tide-siege+sluice-jam,w+h+l+,19,true,true,injected,2,play|probe.land|land|,trample-green-3,13.75,play|probe.water|water|,long-flow-1,4.75,9,walked_into_shield,,,water
stored-night,tide-siege+sluice-jam,w+h+l+,20,false,false,injected,2,play|probe.land|land|,trample-green-2,13.75,play|probe.water|water|,long-flow-1,2.75,11,walked_into_shield,,,water
stored-night,tide-siege+sluice-jam,w+h+l+,21,true,false,injected,2,play|probe.heat|heat|,open-chill-2,14.5,play|breach.water|water|,spend-tide-1,4.75,9.75,walked_into_shield,,,water
stored-night,tide-siege+sluice-jam,w+h+l+,22,false,false,injected,2,play|disrupt.land|land|,filth-spread-1,8,play|disrupt.water|water|,sluice-jam-1,-1,9,walked_into_shield,,,water
stored-night,tide-siege+sluice-jam,w+h+l+,23,true,false,injected,2,play|probe.heat|heat|,open-chill-3,13.75,play|disrupt.water|water|,foul-current-1,-1,14.75,walked_into_shield,,,water
stored-night,tide-siege+sluice-jam,w+h+l+,24,false,false,injected,2,play|probe.heat|heat|,open-chill-2,13.75,play|probe.water|water|,long-flow-1,4.75,9,walked_into_shield,,,water
stored-night,tide-siege+sluice-jam,w+h+l+,25,true,true,injected,3,play|probe.land|land|,trample-green-3,-2,play|probe.heat|heat|,open-chill-3,-17,15,walked_into_shield,,,heat
stored-night,tide-siege+sluice-jam,w+h+l+,26,true,false,injected,2,play|probe.land|land|,trample-green-2,13.75,play|probe.water|water|,long-flow-1,2.75,11,walked_into_shield,,,water
stored-night,tide-siege+sluice-jam,w+h+l+,27,true,false,injected,2,play|breach.heat|heat|,hundred-smoke-1,23.75,play|disrupt.water|water|,sluice-jam-1,-0.25,24,walked_into_shield,,,water
stored-night,tide-siege+sluice-jam,w+h+l+,28,true,false,injected,2,play|breach.heat|heat|,hundred-smoke-1,23.75,play|breach.water|water|,tide-siege-1,4.75,19,walked_into_shield,,,water
stored-night,tide-siege+sluice-jam,w+h+l+,29,false,false,injected,2,play|probe.land|land|,trample-green-3,13.75,play|disrupt.water|water|,sluice-jam-1,-1,14.75,walked_into_shield,,,water
stored-night,tide-siege+sluice-jam,w+h+l+,30,false,false,injected,2,play|probe.land|land|,trample-green-2,13.75,play|probe.water|water|,long-flow-1,4.75,9,walked_into_shield,,,water
stored-night,tide-siege+sluice-jam,w+h+l+,31,false,false,injected,3,play|probe.land|land|,trample-green-2,-5,play|probe.heat|heat|,open-chill-1,-15,10,walked_into_shield,,,heat
stored-night,tide-siege+sluice-jam,w+h+l+,32,true,false,injected,2,play|probe.heat|heat|,open-chill-1,18.75,play|disrupt.water|water|,sluice-jam-1,1,17.75,walked_into_shield,,,water
stored-night,tide-siege+sluice-jam,w+h+l+,33,false,false,injected,2,play|disrupt.land|land|,filth-spread-1,8,play|probe.water|water|,long-flow-1,2.75,5.25,walked_into_shield,,,water
stored-night,tide-siege+sluice-jam,w+h+l+,34,false,false,injected,2,play|probe.heat|heat|,open-chill-2,13.75,play|probe.water|water|,long-flow-1,4.75,9,walked_into_shield,,,water
stored-night,tide-siege+sluice-jam,w+h+l+,35,true,true,injected,2,play|probe.heat|heat|,open-chill-1,13.75,play|probe.water|water|,long-flow-1,2.75,11,walked_into_shield,,,water
stored-night,tide-siege+sluice-jam,w+h+l+,36,false,false,injected,2,play|probe.land|land|,trample-green-3,13.75,play|probe.water|water|,long-flow-1,2.75,11,walked_into_shield,,,water
stored-night,tide-siege+sluice-jam,w+h+l+,37,true,true,injected,2,play|probe.heat|heat|,open-chill-1,13.75,play|probe.water|water|,long-flow-1,2.75,11,walked_into_shield,,,water
stored-night,tide-siege+sluice-jam,w+h+l+,38,false,false,injected,2,play|probe.land|land|,trample-green-3,13.75,play|probe.water|water|,long-flow-1,4.75,9,walked_into_shield,,,water
stored-night,tide-siege+sluice-jam,w+h+l+,39,true,false,injected,2,play|breach.land|land|,no-green-left-1,23.75,play|breach.water|water|,spend-tide-1,4.75,19,walked_into_shield,,,water
stored-night,tide-siege+sluice-jam,w+h+l+,40,true,false,injected,2,play|probe.heat|heat|,open-chill-3,14.5,play|disrupt.water|water|,sluice-jam-1,-0.25,14.75,walked_into_shield,,,water
stored-night,tide-siege+sluice-jam,w+h+l+,41,true,false,injected,2,play|probe.heat|heat|,open-chill-1,13.75,play|probe.water|water|,long-flow-1,4.75,9,walked_into_shield,,,water
stored-night,tide-siege+sluice-jam,w+h+l+,42,true,false,injected,2,play|probe.land|land|,trample-green-3,13.75,play|probe.water|water|,long-flow-1,4.75,9,walked_into_shield,,,water
stored-night,tide-siege+sluice-jam,w+h+l+,43,false,false,injected,2,play|probe.heat|heat|,open-chill-2,13.75,play|probe.water|water|,long-flow-1,2.75,11,walked_into_shield,,,water
stored-night,tide-siege+sluice-jam,w+h+l+,44,true,false,injected,2,play|breach.heat|heat|,hundred-smoke-1,23.75,play|disrupt.water|water|,foul-current-1,-0.25,24,walked_into_shield,,,water
stored-night,tide-siege+sluice-jam,w+h+l+,45,false,false,injected,2,play|probe.land|land|,trample-green-1,13.75,play|probe.water|water|,long-flow-1,2.75,11,walked_into_shield,,,water
stored-night,tide-siege+sluice-jam,w+h+l+,46,false,false,injected,2,play|probe.land|land|,trample-green-1,13.75,play|probe.water|water|,long-flow-1,2.75,11,walked_into_shield,,,water
stored-night,tide-siege+sluice-jam,w+h+l+,47,false,false,injected,2,play|breach.land|land|,no-green-left-1,23.75,play|breach.water|water|,spend-tide-1,4.75,19,walked_into_shield,,,water
stored-night,tide-siege+sluice-jam,w+h+l+,48,false,false,injected,2,play|breach.land|land|,no-green-left-1,23.75,play|breach.water|water|,tide-siege-1,4.75,19,walked_into_shield,,,water
stored-night,tide-siege+sluice-jam,w+h+l+,49,true,false,injected,2,play|probe.heat|heat|,open-chill-1,14.5,play|breach.water|water|,tide-siege-1,4.75,9.75,walked_into_shield,,,water
stored-night,tide-siege+sluice-jam,w+h+l+,50,true,false,injected,2,play|probe.land|land|,trample-green-3,13.75,play|disrupt.water|water|,sluice-jam-1,-1,14.75,walked_into_shield,,,water
stored-night,tide-siege+sluice-jam,w+h+l+,51,true,false,injected,2,play|probe.heat|heat|,open-chill-3,13.75,play|probe.water|water|,long-flow-1,4.75,9,walked_into_shield,,,water
stored-night,tide-siege+sluice-jam,w+h+l+,52,false,false,injected,2,play|probe.land|land|,trample-green-3,13.75,play|probe.water|water|,long-flow-1,4.75,9,walked_into_shield,,,water
stored-night,tide-siege+sluice-jam,w+h+l+,53,true,true,injected,2,play|disrupt.heat|heat|,idle-fume-1,11,play|probe.water|water|,long-flow-1,2.75,8.25,missed_interrupt,shield,heat,
stored-night,tide-siege+sluice-jam,w+h+l+,54,false,false,injected,2,play|probe.land|land|,trample-green-3,13.75,play|probe.water|water|,long-flow-1,4.75,9,walked_into_shield,,,water
stored-night,tide-siege+sluice-jam,w+h+l+,55,false,false,injected,2,play|probe.heat|heat|,open-chill-3,18.75,play|probe.water|water|,long-flow-1,2.75,16,walked_into_shield,,,water
stored-night,tide-siege+sluice-jam,w+h+l+,56,true,false,injected,2,play|probe.heat|heat|,open-chill-2,18.75,play|probe.water|water|,long-flow-1,2.75,16,walked_into_shield,,,water
stored-night,tide-siege+sluice-jam,w+h+l+,57,true,false,injected,2,play|probe.heat|heat|,open-chill-3,14.5,play|disrupt.water|water|,foul-current-1,-0.25,14.75,walked_into_shield,,,water
stored-night,tide-siege+sluice-jam,w+h+l+,58,true,false,injected,2,play|probe.heat|heat|,open-chill-2,14.5,play|breach.water|water|,spend-tide-1,4.75,9.75,walked_into_shield,,,water
stored-night,tide-siege+sluice-jam,w+h+l+,59,true,false,injected,3,play|probe.land|land|,trample-green-3,-2,play|breach.heat|heat|,hundred-smoke-1,-13.75,11.75,walked_into_shield,,,heat
stored-night,tide-siege+sluice-jam,w+h+l+,60,true,true,injected,2,play|probe.heat|heat|,open-chill-2,13.75,play|probe.water|water|,long-flow-1,4.75,9,walked_into_shield,,,water
stored-night,tide-siege+sluice-jam,w+h+l+,61,true,true,injected,2,play|probe.heat|heat|,open-chill-1,18.75,play|probe.water|water|,long-flow-1,2.75,16,walked_into_shield,,,water
stored-night,tide-siege+sluice-jam,w+h+l+,62,false,false,injected,3,play|breach.land|land|,no-green-left-1,4.25,play|probe.heat|heat|,open-chill-1,-15,19.25,walked_into_shield,,,heat
stored-night,tide-siege+sluice-jam,w+h+l+,63,true,false,injected,2,play|disrupt.heat|heat|,idle-fume-1,11,play|probe.water|water|,long-flow-1,2.75,8.25,missed_interrupt,shield,heat,
stored-night,tide-siege+sluice-jam,w+h+l+,64,true,true,injected,2,play|breach.heat|heat|,hundred-smoke-1,23.75,play|disrupt.water|water|,foul-current-1,-0.25,24,walked_into_shield,,,water
stored-night,tide-siege+sluice-jam,w+h+l+,65,true,false,injected,2,play|probe.heat|heat|,open-chill-3,13.75,play|disrupt.water|water|,foul-current-1,-1,14.75,walked_into_shield,,,water
stored-night,tide-siege+sluice-jam,w+h+l+,66,false,false,injected,2,play|disrupt.heat|heat|,idle-fume-1,11,play|disrupt.land|land|,filth-spread-1,8,3,missed_interrupt,shield,heat,
stored-night,tide-siege+sluice-jam,w+h+l+,67,true,true,injected,3,play|disrupt.land|land|,filth-spread-1,11.25,play|probe.land|land|,trample-green-3,-4,15.25,missed_interrupt,repair,land,
stored-night,tide-siege+sluice-jam,w+h+l+,68,false,false,injected,2,play|breach.land|land|,no-green-left-1,23.75,play|breach.water|water|,spend-tide-1,4.75,19,walked_into_shield,,,water
stored-night,tide-siege+sluice-jam,w+h+l+,69,false,false,injected,2,play|breach.land|land|,no-green-left-1,23.75,play|breach.water|water|,tide-siege-1,4.75,19,walked_into_shield,,,water
stored-night,tide-siege+sluice-jam,w+h+l+,70,true,false,injected,2,play|probe.heat|heat|,open-chill-3,14.5,play|breach.water|water|,spend-tide-1,4.75,9.75,walked_into_shield,,,water
stored-night,tide-siege+sluice-jam,w+h+l+,71,true,false,injected,2,play|disrupt.heat|heat|,idle-fume-1,11,play|disrupt.land|land|,filth-spread-1,8,3,missed_interrupt,shield,heat,
stored-night,tide-siege+sluice-jam,w+h+l+,72,true,false,injected,3,play|disrupt.land|land|,filth-spread-1,10.25,play|probe.land|land|,trample-green-1,-5,15.25,missed_interrupt,repair,land,
stored-night,tide-siege+sluice-jam,w+h+l+,73,true,false,injected,2,play|probe.land|land|,trample-green-1,13.75,play|disrupt.water|water|,sluice-jam-1,-1,14.75,walked_into_shield,,,water
stored-night,tide-siege+sluice-jam,w+h+l+,74,false,false,injected,2,play|probe.heat|heat|,open-chill-3,13.75,play|disrupt.water|water|,sluice-jam-1,-1,14.75,walked_into_shield,,,water
stored-night,tide-siege+sluice-jam,w+h+l+,75,true,false,injected,2,play|probe.land|land|,trample-green-3,13.75,play|probe.water|water|,long-flow-1,4.75,9,walked_into_shield,,,water
stored-night,tide-siege+sluice-jam,w+h+l+,76,false,false,injected,2,play|probe.heat|heat|,open-chill-1,13.75,play|probe.water|water|,long-flow-1,4.75,9,walked_into_shield,,,water
stored-night,tide-siege+sluice-jam,w+h+l+,77,true,false,injected,2,play|gather||gather,,2.5,play|disrupt.water|water|,sluice-jam-1,1,1.5,walked_into_shield,,,water
stored-night,tide-siege+sluice-jam,w+h+l+,78,true,true,injected,2,play|disrupt.heat|heat|,idle-fume-1,11,play|disrupt.land|land|,filth-spread-1,8,3,missed_interrupt,shield,heat,
stored-night,tide-siege+sluice-jam,w+h+l+,79,false,false,injected,2,play|probe.land|land|,trample-green-2,13.75,play|disrupt.water|water|,sluice-jam-1,-1,14.75,walked_into_shield,,,water
stored-night,tide-siege+sluice-jam,w+h+l+,80,true,true,injected,2,play|probe.heat|heat|,open-chill-3,13.75,play|probe.water|water|,long-flow-1,4.75,9,walked_into_shield,,,water
stored-night,tide-siege+sluice-jam,w+h+l+,81,true,false,injected,2,play|breach.heat|heat|,hundred-smoke-1,23.75,play|breach.water|water|,tide-siege-1,4.75,19,walked_into_shield,,,water
stored-night,tide-siege+sluice-jam,w+h+l+,82,true,false,injected,2,play|probe.heat|heat|,open-chill-3,14.5,play|breach.water|water|,spend-tide-1,4.75,9.75,walked_into_shield,,,water
stored-night,tide-siege+sluice-jam,w+h+l+,83,false,false,injected,3,play|breach.water|water|,spend-tide-1,8.25,play|probe.heat|heat|,open-chill-1,-13,21.25,walked_into_shield,,,heat
stored-night,tide-siege+sluice-jam,w+h+l+,84,true,false,injected,2,play|probe.heat|heat|,open-chill-1,13.75,play|probe.water|water|,long-flow-1,4.75,9,walked_into_shield,,,water
stored-night,tide-siege+sluice-jam,w+h+l+,85,true,false,injected,2,play|probe.heat|heat|,open-chill-3,13.75,play|probe.water|water|,long-flow-1,4.75,9,walked_into_shield,,,water
stored-night,tide-siege+sluice-jam,w+h+l+,86,true,false,injected,2,play|probe.heat|heat|,open-chill-3,13.75,play|disrupt.water|water|,sluice-jam-1,-1,14.75,walked_into_shield,,,water
stored-night,tide-siege+sluice-jam,w+h+l+,87,true,true,injected,2,play|probe.land|land|,trample-green-1,13.75,play|probe.water|water|,long-flow-1,2.75,11,walked_into_shield,,,water
stored-night,tide-siege+sluice-jam,w+h+l+,88,true,false,injected,2,play|breach.heat|heat|,hundred-smoke-1,23.75,play|breach.water|water|,spend-tide-1,4.75,19,walked_into_shield,,,water
stored-night,tide-siege+sluice-jam,w+h+l+,89,true,false,injected,2,play|probe.heat|heat|,open-chill-2,13.75,play|probe.water|water|,long-flow-1,2.75,11,walked_into_shield,,,water
stored-night,tide-siege+sluice-jam,w+h+l+,90,true,false,injected,2,play|probe.heat|heat|,open-chill-3,18.75,play|disrupt.water|water|,sluice-jam-1,1,17.75,walked_into_shield,,,water
stored-night,tide-siege+sluice-jam,w+h+l+,91,true,false,injected,2,play|probe.heat|heat|,open-chill-2,13.75,play|probe.water|water|,long-flow-1,4.75,9,walked_into_shield,,,water
stored-night,tide-siege+sluice-jam,w+h+l+,92,false,true,injected,2,play|disrupt.heat|heat|,idle-fume-1,11,play|gather||gather,,2.5,8.5,missed_interrupt,shield,heat,
stored-night,tide-siege+sluice-jam,w+h+l+,93,false,false,injected,2,play|probe.heat|heat|,open-chill-2,13.75,play|disrupt.water|water|,sluice-jam-1,-1,14.75,walked_into_shield,,,water
stored-night,tide-siege+sluice-jam,w+h+l+,94,true,true,injected,2,play|probe.land|land|,trample-green-3,13.75,play|probe.water|water|,long-flow-1,2.75,11,walked_into_shield,,,water
stored-night,tide-siege+sluice-jam,w+h+l+,95,true,false,injected,2,play|breach.land|land|,no-green-left-1,23.75,play|breach.water|water|,spend-tide-1,4.75,19,walked_into_shield,,,water
stored-night,tide-siege+sluice-jam,w+h+l+,96,true,false,injected,2,play|probe.heat|heat|,open-chill-3,13.75,play|disrupt.water|water|,sluice-jam-1,-1,14.75,walked_into_shield,,,water
stored-night,tide-siege+sluice-jam,w+h+l+,97,false,false,injected,2,play|breach.land|land|,no-green-left-1,23.75,play|disrupt.water|water|,sluice-jam-1,-0.25,24,walked_into_shield,,,water
stored-night,tide-siege+sluice-jam,w+h+l+,98,true,false,injected,2,play|probe.land|land|,trample-green-1,13.75,play|probe.water|water|,long-flow-1,2.75,11,walked_into_shield,,,water
stored-night,tide-siege+sluice-jam,w+h+l+,99,true,false,injected,2,play|probe.land|land|,trample-green-2,13.75,play|probe.water|water|,long-flow-1,2.75,11,walked_into_shield,,,water
stored-night,tide-siege+sluice-jam,w+h+l+,100,true,false,injected,2,play|probe.heat|heat|,open-chill-3,13.75,play|disrupt.water|water|,sluice-jam-1,-1,14.75,walked_into_shield,,,water
stored-night,tide-siege+sluice-jam,w-h0l0,1,false,false,injected,2,play|probe.land|land|,trample-green-3,13.75,play|probe.water|water|,long-flow-1,2.75,11,walked_into_shield,,,water
stored-night,tide-siege+sluice-jam,w-h0l0,2,true,false,injected,2,play|probe.heat|heat|,open-chill-2,13.75,play|probe.water|water|,long-flow-1,4.75,9,walked_into_shield,,,water
stored-night,tide-siege+sluice-jam,w-h0l0,3,true,true,injected,2,play|probe.heat|heat|,open-chill-3,18.75,play|probe.water|water|,long-flow-1,2.75,16,walked_into_shield,,,water
stored-night,tide-siege+sluice-jam,w-h0l0,4,false,false,injected,2,play|disrupt.land|land|,filth-spread-1,8,play|probe.water|water|,long-flow-1,2.75,5.25,walked_into_shield,,,water
stored-night,tide-siege+sluice-jam,w-h0l0,5,true,false,injected,2,play|probe.heat|heat|,open-chill-1,14.5,play|breach.water|water|,spend-tide-1,4.75,9.75,walked_into_shield,,,water
stored-night,tide-siege+sluice-jam,w-h0l0,6,true,false,injected,3,play|breach.water|water|,tide-siege-1,13.25,play|probe.heat|heat|,open-chill-2,-18.5,31.75,walked_into_shield,,,heat
stored-night,tide-siege+sluice-jam,w-h0l0,7,false,false,injected,2,play|probe.heat|heat|,open-chill-2,14.5,play|breach.water|water|,spend-tide-1,4.75,9.75,walked_into_shield,,,water
stored-night,tide-siege+sluice-jam,w-h0l0,8,false,false,injected,2,play|probe.heat|heat|,open-chill-1,13.75,play|probe.water|water|,long-flow-1,4.75,9,walked_into_shield,,,water
stored-night,tide-siege+sluice-jam,w-h0l0,9,true,false,injected,2,play|probe.land|land|,trample-green-1,13.75,play|probe.water|water|,long-flow-1,2.75,11,walked_into_shield,,,water
stored-night,tide-siege+sluice-jam,w-h0l0,10,false,false,injected,2,play|probe.heat|heat|,open-chill-3,14.5,play|breach.water|water|,tide-siege-1,4.75,9.75,walked_into_shield,,,water
stored-night,tide-siege+sluice-jam,w-h0l0,11,false,false,injected,2,play|probe.heat|heat|,open-chill-2,18.75,play|probe.water|water|,long-flow-1,2.75,16,walked_into_shield,,,water
stored-night,tide-siege+sluice-jam,w-h0l0,12,true,false,injected,2,play|probe.heat|heat|,open-chill-3,14.5,play|breach.water|water|,tide-siege-1,4.75,9.75,walked_into_shield,,,water
stored-night,tide-siege+sluice-jam,w-h0l0,13,true,false,injected,4,play|probe.water|water|,long-flow-1,18.5,play|probe.heat|heat|,open-chill-2,1,17.5,walked_into_shield,,,heat
stored-night,tide-siege+sluice-jam,w-h0l0,14,true,false,injected,2,play|probe.heat|heat|,open-chill-3,14.5,play|breach.water|water|,tide-siege-1,4.75,9.75,walked_into_shield,,,water
stored-night,tide-siege+sluice-jam,w-h0l0,15,false,false,injected,2,play|disrupt.heat|heat|,idle-fume-1,11,play|probe.water|water|,long-flow-1,4.75,6.25,missed_interrupt,shield,heat,
stored-night,tide-siege+sluice-jam,w-h0l0,16,false,false,injected,2,play|probe.heat|heat|,open-chill-1,14.5,play|breach.water|water|,spend-tide-1,4.75,9.75,walked_into_shield,,,water
stored-night,tide-siege+sluice-jam,w-h0l0,17,false,false,injected,2,play|probe.heat|heat|,open-chill-2,13.75,play|probe.water|water|,long-flow-1,2.75,11,walked_into_shield,,,water
stored-night,tide-siege+sluice-jam,w-h0l0,18,true,true,injected,2,play|probe.heat|heat|,open-chill-1,13.75,play|probe.water|water|,long-flow-1,4.75,9,walked_into_shield,,,water
stored-night,tide-siege+sluice-jam,w-h0l0,19,true,true,injected,2,play|probe.land|land|,trample-green-3,13.75,play|probe.water|water|,long-flow-1,4.75,9,walked_into_shield,,,water
stored-night,tide-siege+sluice-jam,w-h0l0,20,false,false,injected,2,play|probe.land|land|,trample-green-2,13.75,play|probe.water|water|,long-flow-1,2.75,11,walked_into_shield,,,water
stored-night,tide-siege+sluice-jam,w-h0l0,21,true,false,injected,2,play|probe.heat|heat|,open-chill-2,14.5,play|breach.water|water|,spend-tide-1,4.75,9.75,walked_into_shield,,,water
stored-night,tide-siege+sluice-jam,w-h0l0,22,false,false,injected,2,play|disrupt.land|land|,filth-spread-1,8,play|disrupt.water|water|,sluice-jam-1,1,7,walked_into_shield,,,water
stored-night,tide-siege+sluice-jam,w-h0l0,23,true,false,injected,2,play|probe.heat|heat|,open-chill-3,13.75,play|disrupt.water|water|,foul-current-1,-1,14.75,walked_into_shield,,,water
stored-night,tide-siege+sluice-jam,w-h0l0,24,false,false,injected,2,play|probe.heat|heat|,open-chill-2,13.75,play|probe.water|water|,long-flow-1,4.75,9,walked_into_shield,,,water
stored-night,tide-siege+sluice-jam,w-h0l0,25,true,true,injected,3,play|probe.land|land|,trample-green-3,-2,play|probe.heat|heat|,open-chill-3,-17,15,walked_into_shield,,,heat
stored-night,tide-siege+sluice-jam,w-h0l0,26,true,false,injected,2,play|probe.land|land|,trample-green-2,13.75,play|probe.water|water|,long-flow-1,2.75,11,walked_into_shield,,,water
stored-night,tide-siege+sluice-jam,w-h0l0,27,true,false,injected,2,play|breach.heat|heat|,hundred-smoke-1,23.75,play|disrupt.water|water|,sluice-jam-1,-0.25,24,walked_into_shield,,,water
stored-night,tide-siege+sluice-jam,w-h0l0,28,true,false,injected,2,play|breach.heat|heat|,hundred-smoke-1,23.75,play|breach.water|water|,tide-siege-1,4.75,19,walked_into_shield,,,water
stored-night,tide-siege+sluice-jam,w-h0l0,29,false,false,injected,2,play|probe.land|land|,trample-green-3,13.75,play|disrupt.water|water|,sluice-jam-1,-1,14.75,walked_into_shield,,,water
stored-night,tide-siege+sluice-jam,w-h0l0,30,false,false,injected,2,play|probe.land|land|,trample-green-2,13.75,play|probe.water|water|,long-flow-1,4.75,9,walked_into_shield,,,water
stored-night,tide-siege+sluice-jam,w-h0l0,31,true,true,injected,3,play|breach.water|water|,spend-tide-1,10.25,play|probe.heat|heat|,open-chill-1,-11,21.25,walked_into_shield,,,heat
stored-night,tide-siege+sluice-jam,w-h0l0,32,true,false,injected,2,play|probe.heat|heat|,open-chill-1,18.75,play|disrupt.water|water|,sluice-jam-1,1,17.75,walked_into_shield,,,water
stored-night,tide-siege+sluice-jam,w-h0l0,33,false,false,injected,2,play|disrupt.land|land|,filth-spread-1,8,play|probe.water|water|,long-flow-1,2.75,5.25,walked_into_shield,,,water
stored-night,tide-siege+sluice-jam,w-h0l0,34,false,false,injected,2,play|probe.heat|heat|,open-chill-2,13.75,play|probe.water|water|,long-flow-1,4.75,9,walked_into_shield,,,water
stored-night,tide-siege+sluice-jam,w-h0l0,35,true,true,injected,2,play|probe.heat|heat|,open-chill-1,13.75,play|probe.water|water|,long-flow-1,2.75,11,walked_into_shield,,,water
stored-night,tide-siege+sluice-jam,w-h0l0,36,false,false,injected,2,play|probe.land|land|,trample-green-3,13.75,play|probe.water|water|,long-flow-1,2.75,11,walked_into_shield,,,water
stored-night,tide-siege+sluice-jam,w-h0l0,37,true,true,injected,2,play|probe.heat|heat|,open-chill-1,13.75,play|probe.water|water|,long-flow-1,2.75,11,walked_into_shield,,,water
stored-night,tide-siege+sluice-jam,w-h0l0,38,false,false,injected,2,play|probe.land|land|,trample-green-3,13.75,play|probe.water|water|,long-flow-1,4.75,9,walked_into_shield,,,water
stored-night,tide-siege+sluice-jam,w-h0l0,39,true,false,injected,2,play|breach.land|land|,no-green-left-1,23.75,play|breach.water|water|,spend-tide-1,4.75,19,walked_into_shield,,,water
stored-night,tide-siege+sluice-jam,w-h0l0,40,true,false,injected,2,play|probe.heat|heat|,open-chill-3,14.5,play|disrupt.water|water|,sluice-jam-1,-0.25,14.75,walked_into_shield,,,water
stored-night,tide-siege+sluice-jam,w-h0l0,41,true,false,injected,2,play|probe.heat|heat|,open-chill-1,13.75,play|probe.water|water|,long-flow-1,4.75,9,walked_into_shield,,,water
stored-night,tide-siege+sluice-jam,w-h0l0,42,true,false,injected,2,play|probe.land|land|,trample-green-3,13.75,play|probe.water|water|,long-flow-1,4.75,9,walked_into_shield,,,water
stored-night,tide-siege+sluice-jam,w-h0l0,43,false,false,injected,2,play|probe.heat|heat|,open-chill-2,13.75,play|probe.water|water|,long-flow-1,2.75,11,walked_into_shield,,,water
stored-night,tide-siege+sluice-jam,w-h0l0,44,true,false,injected,2,play|breach.heat|heat|,hundred-smoke-1,23.75,play|disrupt.water|water|,foul-current-1,-0.25,24,walked_into_shield,,,water
stored-night,tide-siege+sluice-jam,w-h0l0,45,false,false,injected,2,play|probe.land|land|,trample-green-1,13.75,play|probe.water|water|,long-flow-1,2.75,11,walked_into_shield,,,water
stored-night,tide-siege+sluice-jam,w-h0l0,46,false,false,injected,2,play|probe.land|land|,trample-green-1,13.75,play|probe.water|water|,long-flow-1,2.75,11,walked_into_shield,,,water
stored-night,tide-siege+sluice-jam,w-h0l0,47,false,false,injected,2,play|breach.land|land|,no-green-left-1,23.75,play|breach.water|water|,spend-tide-1,4.75,19,walked_into_shield,,,water
stored-night,tide-siege+sluice-jam,w-h0l0,48,false,false,injected,2,play|breach.land|land|,no-green-left-1,23.75,play|breach.water|water|,tide-siege-1,4.75,19,walked_into_shield,,,water
stored-night,tide-siege+sluice-jam,w-h0l0,49,true,false,injected,2,play|probe.heat|heat|,open-chill-1,14.5,play|breach.water|water|,tide-siege-1,4.75,9.75,walked_into_shield,,,water
stored-night,tide-siege+sluice-jam,w-h0l0,50,false,false,injected,2,play|probe.land|land|,trample-green-3,13.75,play|disrupt.water|water|,sluice-jam-1,1,12.75,walked_into_shield,,,water
stored-night,tide-siege+sluice-jam,w-h0l0,51,true,true,injected,2,play|probe.heat|heat|,open-chill-3,13.75,play|probe.water|water|,long-flow-1,4.75,9,walked_into_shield,,,water
stored-night,tide-siege+sluice-jam,w-h0l0,52,false,false,injected,2,play|probe.land|land|,trample-green-3,13.75,play|probe.water|water|,long-flow-1,4.75,9,walked_into_shield,,,water
stored-night,tide-siege+sluice-jam,w-h0l0,53,true,true,injected,2,play|disrupt.heat|heat|,idle-fume-1,11,play|probe.water|water|,long-flow-1,2.75,8.25,missed_interrupt,shield,heat,
stored-night,tide-siege+sluice-jam,w-h0l0,54,false,false,injected,2,play|probe.land|land|,trample-green-3,13.75,play|probe.water|water|,long-flow-1,4.75,9,walked_into_shield,,,water
stored-night,tide-siege+sluice-jam,w-h0l0,55,false,false,injected,2,play|probe.heat|heat|,open-chill-3,18.75,play|probe.water|water|,long-flow-1,2.75,16,walked_into_shield,,,water
stored-night,tide-siege+sluice-jam,w-h0l0,56,true,false,injected,2,play|probe.heat|heat|,open-chill-2,18.75,play|probe.water|water|,long-flow-1,2.75,16,walked_into_shield,,,water
stored-night,tide-siege+sluice-jam,w-h0l0,57,true,false,injected,2,play|probe.heat|heat|,open-chill-3,14.5,play|disrupt.water|water|,foul-current-1,-0.25,14.75,walked_into_shield,,,water
stored-night,tide-siege+sluice-jam,w-h0l0,58,true,false,injected,2,play|probe.heat|heat|,open-chill-2,14.5,play|breach.water|water|,spend-tide-1,4.75,9.75,walked_into_shield,,,water
stored-night,tide-siege+sluice-jam,w-h0l0,59,true,false,injected,3,play|probe.land|land|,trample-green-3,-2,play|breach.heat|heat|,hundred-smoke-1,-13.75,11.75,walked_into_shield,,,heat
stored-night,tide-siege+sluice-jam,w-h0l0,60,true,true,injected,2,play|probe.heat|heat|,open-chill-2,13.75,play|probe.water|water|,long-flow-1,4.75,9,walked_into_shield,,,water
stored-night,tide-siege+sluice-jam,w-h0l0,61,true,true,injected,2,play|probe.heat|heat|,open-chill-1,18.75,play|probe.water|water|,long-flow-1,2.75,16,walked_into_shield,,,water
stored-night,tide-siege+sluice-jam,w-h0l0,62,false,false,injected,3,play|breach.land|land|,no-green-left-1,4.25,play|probe.heat|heat|,open-chill-1,-15,19.25,walked_into_shield,,,heat
stored-night,tide-siege+sluice-jam,w-h0l0,63,true,false,injected,2,play|disrupt.heat|heat|,idle-fume-1,11,play|probe.water|water|,long-flow-1,2.75,8.25,missed_interrupt,shield,heat,
stored-night,tide-siege+sluice-jam,w-h0l0,64,true,true,injected,2,play|breach.heat|heat|,hundred-smoke-1,23.75,play|disrupt.water|water|,foul-current-1,-0.25,24,walked_into_shield,,,water
stored-night,tide-siege+sluice-jam,w-h0l0,65,true,false,injected,2,play|probe.heat|heat|,open-chill-3,13.75,play|disrupt.water|water|,foul-current-1,-1,14.75,walked_into_shield,,,water
stored-night,tide-siege+sluice-jam,w-h0l0,66,false,false,injected,2,play|disrupt.heat|heat|,idle-fume-1,11,play|disrupt.land|land|,filth-spread-1,8,3,missed_interrupt,shield,heat,
stored-night,tide-siege+sluice-jam,w-h0l0,67,true,true,injected,3,play|disrupt.land|land|,filth-spread-1,11.25,play|probe.land|land|,trample-green-3,-4,15.25,missed_interrupt,repair,land,
stored-night,tide-siege+sluice-jam,w-h0l0,68,false,false,injected,2,play|breach.land|land|,no-green-left-1,23.75,play|breach.water|water|,spend-tide-1,4.75,19,walked_into_shield,,,water
stored-night,tide-siege+sluice-jam,w-h0l0,69,false,false,injected,2,play|breach.land|land|,no-green-left-1,23.75,play|breach.water|water|,tide-siege-1,4.75,19,walked_into_shield,,,water
stored-night,tide-siege+sluice-jam,w-h0l0,70,true,false,injected,2,play|probe.heat|heat|,open-chill-3,14.5,play|breach.water|water|,spend-tide-1,4.75,9.75,walked_into_shield,,,water
stored-night,tide-siege+sluice-jam,w-h0l0,71,true,false,injected,2,play|disrupt.heat|heat|,idle-fume-1,11,play|disrupt.land|land|,filth-spread-1,8,3,missed_interrupt,shield,heat,
stored-night,tide-siege+sluice-jam,w-h0l0,72,true,false,injected,3,play|disrupt.land|land|,filth-spread-1,10.25,play|probe.land|land|,trample-green-1,-5,15.25,missed_interrupt,repair,land,
stored-night,tide-siege+sluice-jam,w-h0l0,73,true,false,injected,2,play|probe.land|land|,trample-green-1,13.75,play|disrupt.water|water|,sluice-jam-1,-1,14.75,walked_into_shield,,,water
stored-night,tide-siege+sluice-jam,w-h0l0,74,true,false,injected,2,play|probe.heat|heat|,open-chill-3,13.75,play|disrupt.water|water|,sluice-jam-1,1,12.75,walked_into_shield,,,water
stored-night,tide-siege+sluice-jam,w-h0l0,75,true,true,injected,2,play|probe.land|land|,trample-green-3,13.75,play|probe.water|water|,long-flow-1,4.75,9,walked_into_shield,,,water
stored-night,tide-siege+sluice-jam,w-h0l0,76,false,false,injected,2,play|probe.heat|heat|,open-chill-1,13.75,play|probe.water|water|,long-flow-1,4.75,9,walked_into_shield,,,water
stored-night,tide-siege+sluice-jam,w-h0l0,77,true,false,injected,2,play|gather||gather,,2.5,play|disrupt.water|water|,sluice-jam-1,1,1.5,walked_into_shield,,,water
stored-night,tide-siege+sluice-jam,w-h0l0,78,true,true,injected,2,play|disrupt.heat|heat|,idle-fume-1,11,play|disrupt.land|land|,filth-spread-1,8,3,missed_interrupt,shield,heat,
stored-night,tide-siege+sluice-jam,w-h0l0,79,false,false,injected,2,play|probe.land|land|,trample-green-2,13.75,play|disrupt.water|water|,sluice-jam-1,-1,14.75,walked_into_shield,,,water
stored-night,tide-siege+sluice-jam,w-h0l0,80,true,true,injected,2,play|probe.heat|heat|,open-chill-3,13.75,play|probe.water|water|,long-flow-1,4.75,9,walked_into_shield,,,water
stored-night,tide-siege+sluice-jam,w-h0l0,81,true,false,injected,2,play|breach.heat|heat|,hundred-smoke-1,23.75,play|breach.water|water|,tide-siege-1,4.75,19,walked_into_shield,,,water
stored-night,tide-siege+sluice-jam,w-h0l0,82,true,false,injected,2,play|probe.heat|heat|,open-chill-3,14.5,play|breach.water|water|,spend-tide-1,4.75,9.75,walked_into_shield,,,water
stored-night,tide-siege+sluice-jam,w-h0l0,83,false,false,injected,3,play|breach.water|water|,spend-tide-1,7.25,play|probe.heat|heat|,open-chill-1,-13,20.25,walked_into_shield,,,heat
stored-night,tide-siege+sluice-jam,w-h0l0,84,true,false,injected,2,play|probe.heat|heat|,open-chill-1,13.75,play|probe.water|water|,long-flow-1,4.75,9,walked_into_shield,,,water
stored-night,tide-siege+sluice-jam,w-h0l0,85,true,false,injected,2,play|probe.heat|heat|,open-chill-3,13.75,play|probe.water|water|,long-flow-1,4.75,9,walked_into_shield,,,water
stored-night,tide-siege+sluice-jam,w-h0l0,86,true,false,injected,2,play|probe.heat|heat|,open-chill-3,13.75,play|disrupt.water|water|,sluice-jam-1,-1,14.75,walked_into_shield,,,water
stored-night,tide-siege+sluice-jam,w-h0l0,87,true,true,injected,2,play|probe.land|land|,trample-green-1,13.75,play|probe.water|water|,long-flow-1,2.75,11,walked_into_shield,,,water
stored-night,tide-siege+sluice-jam,w-h0l0,88,true,false,injected,2,play|breach.heat|heat|,hundred-smoke-1,23.75,play|breach.water|water|,spend-tide-1,4.75,19,walked_into_shield,,,water
stored-night,tide-siege+sluice-jam,w-h0l0,89,true,false,injected,2,play|probe.heat|heat|,open-chill-2,13.75,play|probe.water|water|,long-flow-1,2.75,11,walked_into_shield,,,water
stored-night,tide-siege+sluice-jam,w-h0l0,90,true,false,injected,2,play|probe.heat|heat|,open-chill-3,18.75,play|disrupt.water|water|,sluice-jam-1,1,17.75,walked_into_shield,,,water
stored-night,tide-siege+sluice-jam,w-h0l0,91,true,true,injected,2,play|probe.heat|heat|,open-chill-2,13.75,play|probe.water|water|,long-flow-1,4.75,9,walked_into_shield,,,water
stored-night,tide-siege+sluice-jam,w-h0l0,92,false,false,injected,2,play|disrupt.heat|heat|,idle-fume-1,11,play|gather||gather,,2.5,8.5,missed_interrupt,shield,heat,
stored-night,tide-siege+sluice-jam,w-h0l0,93,true,false,injected,2,play|probe.heat|heat|,open-chill-2,18.75,play|disrupt.water|water|,sluice-jam-1,1,17.75,walked_into_shield,,,water
stored-night,tide-siege+sluice-jam,w-h0l0,94,true,true,injected,2,play|probe.land|land|,trample-green-3,13.75,play|probe.water|water|,long-flow-1,2.75,11,walked_into_shield,,,water
stored-night,tide-siege+sluice-jam,w-h0l0,95,true,false,injected,2,play|breach.land|land|,no-green-left-1,23.75,play|breach.water|water|,spend-tide-1,4.75,19,walked_into_shield,,,water
stored-night,tide-siege+sluice-jam,w-h0l0,96,true,false,injected,2,play|probe.heat|heat|,open-chill-3,13.75,play|disrupt.water|water|,sluice-jam-1,-1,14.75,walked_into_shield,,,water
stored-night,tide-siege+sluice-jam,w-h0l0,97,false,false,injected,2,play|breach.land|land|,no-green-left-1,23.75,play|disrupt.water|water|,sluice-jam-1,-0.25,24,walked_into_shield,,,water
stored-night,tide-siege+sluice-jam,w-h0l0,98,true,false,injected,2,play|probe.land|land|,trample-green-1,13.75,play|probe.water|water|,long-flow-1,2.75,11,walked_into_shield,,,water
stored-night,tide-siege+sluice-jam,w-h0l0,99,true,false,injected,2,play|probe.land|land|,trample-green-2,13.75,play|probe.water|water|,long-flow-1,2.75,11,walked_into_shield,,,water
stored-night,tide-siege+sluice-jam,w-h0l0,100,false,false,injected,2,play|probe.heat|heat|,open-chill-3,13.75,play|disrupt.water|water|,sluice-jam-1,1,12.75,walked_into_shield,,,water
stored-night,tide-siege+sluice-jam,w+h0l0,1,true,false,injected,2,play|probe.land|land|,trample-green-3,13.75,play|probe.water|water|,long-flow-1,2.75,11,walked_into_shield,,,water
stored-night,tide-siege+sluice-jam,w+h0l0,2,true,false,injected,2,play|probe.heat|heat|,open-chill-2,13.75,play|probe.water|water|,long-flow-1,4.75,9,walked_into_shield,,,water
stored-night,tide-siege+sluice-jam,w+h0l0,3,true,true,injected,2,play|probe.heat|heat|,open-chill-3,18.75,play|probe.water|water|,long-flow-1,2.75,16,walked_into_shield,,,water
stored-night,tide-siege+sluice-jam,w+h0l0,4,false,false,injected,2,play|disrupt.land|land|,filth-spread-1,8,play|probe.water|water|,long-flow-1,2.75,5.25,walked_into_shield,,,water
stored-night,tide-siege+sluice-jam,w+h0l0,5,true,false,injected,2,play|probe.heat|heat|,open-chill-1,14.5,play|breach.water|water|,spend-tide-1,4.75,9.75,walked_into_shield,,,water
stored-night,tide-siege+sluice-jam,w+h0l0,6,false,false,injected,3,play|breach.land|land|,no-green-left-1,9.25,play|probe.heat|heat|,open-chill-2,-17,26.25,walked_into_shield,,,heat
stored-night,tide-siege+sluice-jam,w+h0l0,7,false,false,injected,2,play|probe.heat|heat|,open-chill-2,14.5,play|breach.water|water|,spend-tide-1,4.75,9.75,walked_into_shield,,,water
stored-night,tide-siege+sluice-jam,w+h0l0,8,false,false,injected,2,play|probe.heat|heat|,open-chill-1,13.75,play|probe.water|water|,long-flow-1,4.75,9,walked_into_shield,,,water
stored-night,tide-siege+sluice-jam,w+h0l0,9,true,false,injected,2,play|probe.land|land|,trample-green-1,13.75,play|probe.water|water|,long-flow-1,2.75,11,walked_into_shield,,,water
stored-night,tide-siege+sluice-jam,w+h0l0,10,false,false,injected,2,play|probe.heat|heat|,open-chill-3,14.5,play|breach.water|water|,tide-siege-1,4.75,9.75,walked_into_shield,,,water
stored-night,tide-siege+sluice-jam,w+h0l0,11,false,false,injected,2,play|probe.heat|heat|,open-chill-2,18.75,play|probe.water|water|,long-flow-1,2.75,16,walked_into_shield,,,water
stored-night,tide-siege+sluice-jam,w+h0l0,12,true,false,injected,2,play|probe.heat|heat|,open-chill-3,14.5,play|breach.water|water|,tide-siege-1,4.75,9.75,walked_into_shield,,,water
stored-night,tide-siege+sluice-jam,w+h0l0,13,true,false,injected,4,play|probe.water|water|,long-flow-1,24.25,play|probe.heat|heat|,open-chill-2,3.25,21,walked_into_shield,,,heat
stored-night,tide-siege+sluice-jam,w+h0l0,14,true,false,injected,2,play|probe.heat|heat|,open-chill-3,14.5,play|breach.water|water|,tide-siege-1,4.75,9.75,walked_into_shield,,,water
stored-night,tide-siege+sluice-jam,w+h0l0,15,false,false,injected,2,play|disrupt.heat|heat|,idle-fume-1,11,play|probe.water|water|,long-flow-1,4.75,6.25,missed_interrupt,shield,heat,
stored-night,tide-siege+sluice-jam,w+h0l0,16,false,false,injected,2,play|probe.heat|heat|,open-chill-1,14.5,play|breach.water|water|,spend-tide-1,4.75,9.75,walked_into_shield,,,water
stored-night,tide-siege+sluice-jam,w+h0l0,17,false,false,injected,2,play|probe.heat|heat|,open-chill-2,13.75,play|probe.water|water|,long-flow-1,2.75,11,walked_into_shield,,,water
stored-night,tide-siege+sluice-jam,w+h0l0,18,true,true,injected,2,play|probe.heat|heat|,open-chill-1,13.75,play|probe.water|water|,long-flow-1,4.75,9,walked_into_shield,,,water
stored-night,tide-siege+sluice-jam,w+h0l0,19,true,true,injected,2,play|probe.land|land|,trample-green-3,13.75,play|probe.water|water|,long-flow-1,4.75,9,walked_into_shield,,,water
stored-night,tide-siege+sluice-jam,w+h0l0,20,false,false,injected,2,play|probe.land|land|,trample-green-2,13.75,play|probe.water|water|,long-flow-1,2.75,11,walked_into_shield,,,water
stored-night,tide-siege+sluice-jam,w+h0l0,21,true,false,injected,2,play|probe.heat|heat|,open-chill-2,14.5,play|breach.water|water|,spend-tide-1,4.75,9.75,walked_into_shield,,,water
stored-night,tide-siege+sluice-jam,w+h0l0,22,false,false,injected,2,play|disrupt.land|land|,filth-spread-1,8,play|disrupt.water|water|,sluice-jam-1,-1,9,walked_into_shield,,,water
stored-night,tide-siege+sluice-jam,w+h0l0,23,true,false,injected,2,play|probe.heat|heat|,open-chill-3,13.75,play|disrupt.water|water|,foul-current-1,-1,14.75,walked_into_shield,,,water
stored-night,tide-siege+sluice-jam,w+h0l0,24,false,false,injected,2,play|probe.heat|heat|,open-chill-2,13.75,play|probe.water|water|,long-flow-1,4.75,9,walked_into_shield,,,water
stored-night,tide-siege+sluice-jam,w+h0l0,25,true,true,injected,3,play|probe.land|land|,trample-green-3,-2,play|probe.heat|heat|,open-chill-3,-17,15,walked_into_shield,,,heat
stored-night,tide-siege+sluice-jam,w+h0l0,26,true,false,injected,2,play|probe.land|land|,trample-green-2,13.75,play|probe.water|water|,long-flow-1,2.75,11,walked_into_shield,,,water
stored-night,tide-siege+sluice-jam,w+h0l0,27,true,false,injected,2,play|breach.heat|heat|,hundred-smoke-1,23.75,play|disrupt.water|water|,sluice-jam-1,-0.25,24,walked_into_shield,,,water
stored-night,tide-siege+sluice-jam,w+h0l0,28,true,false,injected,2,play|breach.heat|heat|,hundred-smoke-1,23.75,play|breach.water|water|,tide-siege-1,4.75,19,walked_into_shield,,,water
stored-night,tide-siege+sluice-jam,w+h0l0,29,false,false,injected,2,play|probe.land|land|,trample-green-3,13.75,play|disrupt.water|water|,sluice-jam-1,-1,14.75,walked_into_shield,,,water
stored-night,tide-siege+sluice-jam,w+h0l0,30,false,false,injected,2,play|probe.land|land|,trample-green-2,13.75,play|probe.water|water|,long-flow-1,4.75,9,walked_into_shield,,,water
stored-night,tide-siege+sluice-jam,w+h0l0,31,false,false,injected,3,play|probe.land|land|,trample-green-2,-5,play|probe.heat|heat|,open-chill-1,-15,10,walked_into_shield,,,heat
stored-night,tide-siege+sluice-jam,w+h0l0,32,true,false,injected,2,play|probe.heat|heat|,open-chill-1,18.75,play|disrupt.water|water|,sluice-jam-1,1,17.75,walked_into_shield,,,water
stored-night,tide-siege+sluice-jam,w+h0l0,33,false,false,injected,2,play|disrupt.land|land|,filth-spread-1,8,play|probe.water|water|,long-flow-1,2.75,5.25,walked_into_shield,,,water
stored-night,tide-siege+sluice-jam,w+h0l0,34,false,false,injected,2,play|probe.heat|heat|,open-chill-2,13.75,play|probe.water|water|,long-flow-1,4.75,9,walked_into_shield,,,water
stored-night,tide-siege+sluice-jam,w+h0l0,35,true,true,injected,2,play|probe.heat|heat|,open-chill-1,13.75,play|probe.water|water|,long-flow-1,2.75,11,walked_into_shield,,,water
stored-night,tide-siege+sluice-jam,w+h0l0,36,false,false,injected,2,play|probe.land|land|,trample-green-3,13.75,play|probe.water|water|,long-flow-1,2.75,11,walked_into_shield,,,water
stored-night,tide-siege+sluice-jam,w+h0l0,37,true,true,injected,2,play|probe.heat|heat|,open-chill-1,13.75,play|probe.water|water|,long-flow-1,2.75,11,walked_into_shield,,,water
stored-night,tide-siege+sluice-jam,w+h0l0,38,false,false,injected,2,play|probe.land|land|,trample-green-3,13.75,play|probe.water|water|,long-flow-1,4.75,9,walked_into_shield,,,water
stored-night,tide-siege+sluice-jam,w+h0l0,39,true,false,injected,2,play|breach.land|land|,no-green-left-1,23.75,play|breach.water|water|,spend-tide-1,4.75,19,walked_into_shield,,,water
stored-night,tide-siege+sluice-jam,w+h0l0,40,true,false,injected,2,play|probe.heat|heat|,open-chill-3,14.5,play|disrupt.water|water|,sluice-jam-1,-0.25,14.75,walked_into_shield,,,water
stored-night,tide-siege+sluice-jam,w+h0l0,41,true,false,injected,2,play|probe.heat|heat|,open-chill-1,13.75,play|probe.water|water|,long-flow-1,4.75,9,walked_into_shield,,,water
stored-night,tide-siege+sluice-jam,w+h0l0,42,true,false,injected,2,play|probe.land|land|,trample-green-3,13.75,play|probe.water|water|,long-flow-1,4.75,9,walked_into_shield,,,water
stored-night,tide-siege+sluice-jam,w+h0l0,43,false,false,injected,2,play|probe.heat|heat|,open-chill-2,13.75,play|probe.water|water|,long-flow-1,2.75,11,walked_into_shield,,,water
stored-night,tide-siege+sluice-jam,w+h0l0,44,true,false,injected,2,play|breach.heat|heat|,hundred-smoke-1,23.75,play|disrupt.water|water|,foul-current-1,-0.25,24,walked_into_shield,,,water
stored-night,tide-siege+sluice-jam,w+h0l0,45,false,false,injected,2,play|probe.land|land|,trample-green-1,13.75,play|probe.water|water|,long-flow-1,2.75,11,walked_into_shield,,,water
stored-night,tide-siege+sluice-jam,w+h0l0,46,false,false,injected,2,play|probe.land|land|,trample-green-1,13.75,play|probe.water|water|,long-flow-1,2.75,11,walked_into_shield,,,water
stored-night,tide-siege+sluice-jam,w+h0l0,47,false,false,injected,2,play|breach.land|land|,no-green-left-1,23.75,play|breach.water|water|,spend-tide-1,4.75,19,walked_into_shield,,,water
stored-night,tide-siege+sluice-jam,w+h0l0,48,false,false,injected,2,play|breach.land|land|,no-green-left-1,23.75,play|breach.water|water|,tide-siege-1,4.75,19,walked_into_shield,,,water
stored-night,tide-siege+sluice-jam,w+h0l0,49,true,false,injected,2,play|probe.heat|heat|,open-chill-1,14.5,play|breach.water|water|,tide-siege-1,4.75,9.75,walked_into_shield,,,water
stored-night,tide-siege+sluice-jam,w+h0l0,50,true,false,injected,2,play|probe.land|land|,trample-green-3,13.75,play|disrupt.water|water|,sluice-jam-1,-1,14.75,walked_into_shield,,,water
stored-night,tide-siege+sluice-jam,w+h0l0,51,true,false,injected,2,play|probe.heat|heat|,open-chill-3,13.75,play|probe.water|water|,long-flow-1,4.75,9,walked_into_shield,,,water
stored-night,tide-siege+sluice-jam,w+h0l0,52,false,false,injected,2,play|probe.land|land|,trample-green-3,13.75,play|probe.water|water|,long-flow-1,4.75,9,walked_into_shield,,,water
stored-night,tide-siege+sluice-jam,w+h0l0,53,true,true,injected,2,play|disrupt.heat|heat|,idle-fume-1,11,play|probe.water|water|,long-flow-1,2.75,8.25,missed_interrupt,shield,heat,
stored-night,tide-siege+sluice-jam,w+h0l0,54,false,false,injected,2,play|probe.land|land|,trample-green-3,13.75,play|probe.water|water|,long-flow-1,4.75,9,walked_into_shield,,,water
stored-night,tide-siege+sluice-jam,w+h0l0,55,false,false,injected,2,play|probe.heat|heat|,open-chill-3,18.75,play|probe.water|water|,long-flow-1,2.75,16,walked_into_shield,,,water
stored-night,tide-siege+sluice-jam,w+h0l0,56,true,false,injected,2,play|probe.heat|heat|,open-chill-2,18.75,play|probe.water|water|,long-flow-1,2.75,16,walked_into_shield,,,water
stored-night,tide-siege+sluice-jam,w+h0l0,57,true,false,injected,2,play|probe.heat|heat|,open-chill-3,14.5,play|disrupt.water|water|,foul-current-1,-0.25,14.75,walked_into_shield,,,water
stored-night,tide-siege+sluice-jam,w+h0l0,58,true,false,injected,2,play|probe.heat|heat|,open-chill-2,14.5,play|breach.water|water|,spend-tide-1,4.75,9.75,walked_into_shield,,,water
stored-night,tide-siege+sluice-jam,w+h0l0,59,true,false,injected,3,play|probe.land|land|,trample-green-3,-2,play|breach.heat|heat|,hundred-smoke-1,-13.75,11.75,walked_into_shield,,,heat
stored-night,tide-siege+sluice-jam,w+h0l0,60,true,true,injected,2,play|probe.heat|heat|,open-chill-2,13.75,play|probe.water|water|,long-flow-1,4.75,9,walked_into_shield,,,water
stored-night,tide-siege+sluice-jam,w+h0l0,61,true,true,injected,2,play|probe.heat|heat|,open-chill-1,18.75,play|probe.water|water|,long-flow-1,2.75,16,walked_into_shield,,,water
stored-night,tide-siege+sluice-jam,w+h0l0,62,false,false,injected,3,play|breach.land|land|,no-green-left-1,4.25,play|probe.heat|heat|,open-chill-1,-15,19.25,walked_into_shield,,,heat
stored-night,tide-siege+sluice-jam,w+h0l0,63,true,false,injected,2,play|disrupt.heat|heat|,idle-fume-1,11,play|probe.water|water|,long-flow-1,2.75,8.25,missed_interrupt,shield,heat,
stored-night,tide-siege+sluice-jam,w+h0l0,64,true,true,injected,2,play|breach.heat|heat|,hundred-smoke-1,23.75,play|disrupt.water|water|,foul-current-1,-0.25,24,walked_into_shield,,,water
stored-night,tide-siege+sluice-jam,w+h0l0,65,true,false,injected,2,play|probe.heat|heat|,open-chill-3,13.75,play|disrupt.water|water|,foul-current-1,-1,14.75,walked_into_shield,,,water
stored-night,tide-siege+sluice-jam,w+h0l0,66,false,false,injected,2,play|disrupt.heat|heat|,idle-fume-1,11,play|disrupt.land|land|,filth-spread-1,8,3,missed_interrupt,shield,heat,
stored-night,tide-siege+sluice-jam,w+h0l0,67,true,true,injected,3,play|disrupt.land|land|,filth-spread-1,11.25,play|probe.land|land|,trample-green-3,-4,15.25,missed_interrupt,repair,land,
stored-night,tide-siege+sluice-jam,w+h0l0,68,false,false,injected,2,play|breach.land|land|,no-green-left-1,23.75,play|breach.water|water|,spend-tide-1,4.75,19,walked_into_shield,,,water
stored-night,tide-siege+sluice-jam,w+h0l0,69,false,false,injected,2,play|breach.land|land|,no-green-left-1,23.75,play|breach.water|water|,tide-siege-1,4.75,19,walked_into_shield,,,water
stored-night,tide-siege+sluice-jam,w+h0l0,70,true,false,injected,2,play|probe.heat|heat|,open-chill-3,14.5,play|breach.water|water|,spend-tide-1,4.75,9.75,walked_into_shield,,,water
stored-night,tide-siege+sluice-jam,w+h0l0,71,true,false,injected,2,play|disrupt.heat|heat|,idle-fume-1,11,play|disrupt.land|land|,filth-spread-1,8,3,missed_interrupt,shield,heat,
stored-night,tide-siege+sluice-jam,w+h0l0,72,true,false,injected,3,play|disrupt.land|land|,filth-spread-1,10.25,play|probe.land|land|,trample-green-1,-5,15.25,missed_interrupt,repair,land,
stored-night,tide-siege+sluice-jam,w+h0l0,73,true,false,injected,2,play|probe.land|land|,trample-green-1,13.75,play|disrupt.water|water|,sluice-jam-1,-1,14.75,walked_into_shield,,,water
stored-night,tide-siege+sluice-jam,w+h0l0,74,false,false,injected,2,play|probe.heat|heat|,open-chill-3,13.75,play|disrupt.water|water|,sluice-jam-1,-1,14.75,walked_into_shield,,,water
stored-night,tide-siege+sluice-jam,w+h0l0,75,true,false,injected,2,play|probe.land|land|,trample-green-3,13.75,play|probe.water|water|,long-flow-1,4.75,9,walked_into_shield,,,water
stored-night,tide-siege+sluice-jam,w+h0l0,76,false,false,injected,2,play|probe.heat|heat|,open-chill-1,13.75,play|probe.water|water|,long-flow-1,4.75,9,walked_into_shield,,,water
stored-night,tide-siege+sluice-jam,w+h0l0,77,true,false,injected,2,play|gather||gather,,2.5,play|disrupt.water|water|,sluice-jam-1,1,1.5,walked_into_shield,,,water
stored-night,tide-siege+sluice-jam,w+h0l0,78,true,true,injected,2,play|disrupt.heat|heat|,idle-fume-1,11,play|disrupt.land|land|,filth-spread-1,8,3,missed_interrupt,shield,heat,
stored-night,tide-siege+sluice-jam,w+h0l0,79,false,false,injected,2,play|probe.land|land|,trample-green-2,13.75,play|disrupt.water|water|,sluice-jam-1,-1,14.75,walked_into_shield,,,water
stored-night,tide-siege+sluice-jam,w+h0l0,80,true,true,injected,2,play|probe.heat|heat|,open-chill-3,13.75,play|probe.water|water|,long-flow-1,4.75,9,walked_into_shield,,,water
stored-night,tide-siege+sluice-jam,w+h0l0,81,true,false,injected,2,play|breach.heat|heat|,hundred-smoke-1,23.75,play|breach.water|water|,tide-siege-1,4.75,19,walked_into_shield,,,water
stored-night,tide-siege+sluice-jam,w+h0l0,82,true,false,injected,2,play|probe.heat|heat|,open-chill-3,14.5,play|breach.water|water|,spend-tide-1,4.75,9.75,walked_into_shield,,,water
stored-night,tide-siege+sluice-jam,w+h0l0,83,false,false,injected,3,play|breach.water|water|,spend-tide-1,8.25,play|probe.heat|heat|,open-chill-1,-13,21.25,walked_into_shield,,,heat
stored-night,tide-siege+sluice-jam,w+h0l0,84,true,false,injected,2,play|probe.heat|heat|,open-chill-1,13.75,play|probe.water|water|,long-flow-1,4.75,9,walked_into_shield,,,water
stored-night,tide-siege+sluice-jam,w+h0l0,85,true,false,injected,2,play|probe.heat|heat|,open-chill-3,13.75,play|probe.water|water|,long-flow-1,4.75,9,walked_into_shield,,,water
stored-night,tide-siege+sluice-jam,w+h0l0,86,true,false,injected,2,play|probe.heat|heat|,open-chill-3,13.75,play|disrupt.water|water|,sluice-jam-1,-1,14.75,walked_into_shield,,,water
stored-night,tide-siege+sluice-jam,w+h0l0,87,true,true,injected,2,play|probe.land|land|,trample-green-1,13.75,play|probe.water|water|,long-flow-1,2.75,11,walked_into_shield,,,water
stored-night,tide-siege+sluice-jam,w+h0l0,88,true,false,injected,2,play|breach.heat|heat|,hundred-smoke-1,23.75,play|breach.water|water|,spend-tide-1,4.75,19,walked_into_shield,,,water
stored-night,tide-siege+sluice-jam,w+h0l0,89,true,false,injected,2,play|probe.heat|heat|,open-chill-2,13.75,play|probe.water|water|,long-flow-1,2.75,11,walked_into_shield,,,water
stored-night,tide-siege+sluice-jam,w+h0l0,90,true,false,injected,2,play|probe.heat|heat|,open-chill-3,18.75,play|disrupt.water|water|,sluice-jam-1,1,17.75,walked_into_shield,,,water
stored-night,tide-siege+sluice-jam,w+h0l0,91,true,false,injected,2,play|probe.heat|heat|,open-chill-2,13.75,play|probe.water|water|,long-flow-1,4.75,9,walked_into_shield,,,water
stored-night,tide-siege+sluice-jam,w+h0l0,92,false,true,injected,2,play|disrupt.heat|heat|,idle-fume-1,11,play|gather||gather,,2.5,8.5,missed_interrupt,shield,heat,
stored-night,tide-siege+sluice-jam,w+h0l0,93,false,false,injected,2,play|probe.heat|heat|,open-chill-2,13.75,play|disrupt.water|water|,sluice-jam-1,-1,14.75,walked_into_shield,,,water
stored-night,tide-siege+sluice-jam,w+h0l0,94,true,true,injected,2,play|probe.land|land|,trample-green-3,13.75,play|probe.water|water|,long-flow-1,2.75,11,walked_into_shield,,,water
stored-night,tide-siege+sluice-jam,w+h0l0,95,true,false,injected,2,play|breach.land|land|,no-green-left-1,23.75,play|breach.water|water|,spend-tide-1,4.75,19,walked_into_shield,,,water
stored-night,tide-siege+sluice-jam,w+h0l0,96,true,false,injected,2,play|probe.heat|heat|,open-chill-3,13.75,play|disrupt.water|water|,sluice-jam-1,-1,14.75,walked_into_shield,,,water
stored-night,tide-siege+sluice-jam,w+h0l0,97,false,false,injected,2,play|breach.land|land|,no-green-left-1,23.75,play|disrupt.water|water|,sluice-jam-1,-0.25,24,walked_into_shield,,,water
stored-night,tide-siege+sluice-jam,w+h0l0,98,true,false,injected,2,play|probe.land|land|,trample-green-1,13.75,play|probe.water|water|,long-flow-1,2.75,11,walked_into_shield,,,water
stored-night,tide-siege+sluice-jam,w+h0l0,99,true,false,injected,2,play|probe.land|land|,trample-green-2,13.75,play|probe.water|water|,long-flow-1,2.75,11,walked_into_shield,,,water
stored-night,tide-siege+sluice-jam,w+h0l0,100,true,false,injected,2,play|probe.heat|heat|,open-chill-3,13.75,play|disrupt.water|water|,sluice-jam-1,-1,14.75,walked_into_shield,,,water
stored-night,tide-siege+sluice-jam,w0h-l0,1,false,false,injected,2,play|probe.land|land|,trample-green-3,13.75,play|probe.water|water|,long-flow-1,2.75,11,walked_into_shield,,,water
stored-night,tide-siege+sluice-jam,w0h-l0,2,true,false,injected,2,play|probe.heat|heat|,open-chill-2,13.75,play|probe.water|water|,long-flow-1,4.75,9,walked_into_shield,,,water
stored-night,tide-siege+sluice-jam,w0h-l0,3,true,true,injected,2,play|probe.heat|heat|,open-chill-3,17.75,play|probe.water|water|,long-flow-1,2.75,15,walked_into_shield,,,water
stored-night,tide-siege+sluice-jam,w0h-l0,4,false,false,injected,2,play|disrupt.land|land|,filth-spread-1,8,play|probe.water|water|,long-flow-1,2.75,5.25,walked_into_shield,,,water
stored-night,tide-siege+sluice-jam,w0h-l0,5,true,false,injected,2,play|probe.heat|heat|,open-chill-1,14.5,play|breach.water|water|,spend-tide-1,4.75,9.75,walked_into_shield,,,water
stored-night,tide-siege+sluice-jam,w0h-l0,6,true,false,injected,3,play|breach.water|water|,tide-siege-1,13.25,play|probe.heat|heat|,open-chill-2,-18.5,31.75,walked_into_shield,,,heat
stored-night,tide-siege+sluice-jam,w0h-l0,7,false,false,injected,2,play|probe.heat|heat|,open-chill-2,14.5,play|breach.water|water|,spend-tide-1,4.75,9.75,walked_into_shield,,,water
stored-night,tide-siege+sluice-jam,w0h-l0,8,false,false,injected,2,play|probe.heat|heat|,open-chill-1,13.75,play|probe.water|water|,long-flow-1,4.75,9,walked_into_shield,,,water
stored-night,tide-siege+sluice-jam,w0h-l0,9,true,false,injected,2,play|probe.land|land|,trample-green-1,13.75,play|probe.water|water|,long-flow-1,2.75,11,walked_into_shield,,,water
stored-night,tide-siege+sluice-jam,w0h-l0,10,false,false,injected,2,play|probe.heat|heat|,open-chill-3,14.5,play|breach.water|water|,tide-siege-1,4.75,9.75,walked_into_shield,,,water
stored-night,tide-siege+sluice-jam,w0h-l0,11,false,false,injected,2,play|probe.heat|heat|,open-chill-2,17.75,play|probe.water|water|,long-flow-1,2.75,15,walked_into_shield,,,water
stored-night,tide-siege+sluice-jam,w0h-l0,12,true,false,injected,2,play|probe.heat|heat|,open-chill-3,14.5,play|breach.water|water|,tide-siege-1,4.75,9.75,walked_into_shield,,,water
stored-night,tide-siege+sluice-jam,w0h-l0,13,true,false,injected,4,play|probe.water|water|,long-flow-1,18.5,play|probe.heat|heat|,open-chill-2,1,17.5,walked_into_shield,,,heat
stored-night,tide-siege+sluice-jam,w0h-l0,14,true,false,injected,2,play|probe.heat|heat|,open-chill-3,14.5,play|breach.water|water|,tide-siege-1,4.75,9.75,walked_into_shield,,,water
stored-night,tide-siege+sluice-jam,w0h-l0,15,false,false,injected,2,play|disrupt.heat|heat|,idle-fume-1,11,play|probe.water|water|,long-flow-1,4.75,6.25,missed_interrupt,shield,heat,
stored-night,tide-siege+sluice-jam,w0h-l0,16,false,false,injected,2,play|probe.heat|heat|,open-chill-1,14.5,play|breach.water|water|,spend-tide-1,4.75,9.75,walked_into_shield,,,water
stored-night,tide-siege+sluice-jam,w0h-l0,17,false,false,injected,2,play|probe.heat|heat|,open-chill-2,13.75,play|probe.water|water|,long-flow-1,2.75,11,walked_into_shield,,,water
stored-night,tide-siege+sluice-jam,w0h-l0,18,true,true,injected,2,play|probe.heat|heat|,open-chill-1,13.75,play|probe.water|water|,long-flow-1,4.75,9,walked_into_shield,,,water
stored-night,tide-siege+sluice-jam,w0h-l0,19,true,true,injected,2,play|probe.land|land|,trample-green-3,13.75,play|probe.water|water|,long-flow-1,4.75,9,walked_into_shield,,,water
stored-night,tide-siege+sluice-jam,w0h-l0,20,false,false,injected,2,play|probe.land|land|,trample-green-2,13.75,play|probe.water|water|,long-flow-1,2.75,11,walked_into_shield,,,water
stored-night,tide-siege+sluice-jam,w0h-l0,21,true,false,injected,2,play|probe.heat|heat|,open-chill-2,14.5,play|breach.water|water|,spend-tide-1,4.75,9.75,walked_into_shield,,,water
stored-night,tide-siege+sluice-jam,w0h-l0,22,false,false,injected,2,play|disrupt.land|land|,filth-spread-1,8,play|disrupt.water|water|,sluice-jam-1,1,7,walked_into_shield,,,water
stored-night,tide-siege+sluice-jam,w0h-l0,23,true,false,injected,2,play|probe.heat|heat|,open-chill-3,13.75,play|disrupt.water|water|,foul-current-1,-1,14.75,walked_into_shield,,,water
stored-night,tide-siege+sluice-jam,w0h-l0,24,false,false,injected,2,play|probe.heat|heat|,open-chill-2,13.75,play|probe.water|water|,long-flow-1,4.75,9,walked_into_shield,,,water
stored-night,tide-siege+sluice-jam,w0h-l0,25,true,false,injected,3,play|probe.land|land|,trample-green-3,-2,play|probe.heat|heat|,open-chill-3,-17,15,walked_into_shield,,,heat
stored-night,tide-siege+sluice-jam,w0h-l0,26,true,false,injected,2,play|probe.land|land|,trample-green-2,13.75,play|probe.water|water|,long-flow-1,2.75,11,walked_into_shield,,,water
stored-night,tide-siege+sluice-jam,w0h-l0,27,true,false,injected,2,play|breach.heat|heat|,hundred-smoke-1,23.75,play|disrupt.water|water|,sluice-jam-1,-0.25,24,walked_into_shield,,,water
stored-night,tide-siege+sluice-jam,w0h-l0,28,true,false,injected,2,play|breach.heat|heat|,hundred-smoke-1,23.75,play|breach.water|water|,tide-siege-1,4.75,19,walked_into_shield,,,water
stored-night,tide-siege+sluice-jam,w0h-l0,29,false,false,injected,2,play|probe.land|land|,trample-green-3,13.75,play|disrupt.water|water|,sluice-jam-1,-1,14.75,walked_into_shield,,,water
stored-night,tide-siege+sluice-jam,w0h-l0,30,false,false,injected,2,play|probe.land|land|,trample-green-2,13.75,play|probe.water|water|,long-flow-1,4.75,9,walked_into_shield,,,water
stored-night,tide-siege+sluice-jam,w0h-l0,31,true,true,injected,3,play|breach.water|water|,spend-tide-1,10.25,play|probe.heat|heat|,open-chill-1,-11,21.25,walked_into_shield,,,heat
stored-night,tide-siege+sluice-jam,w0h-l0,32,true,false,injected,2,play|probe.heat|heat|,open-chill-1,17.75,play|disrupt.water|water|,sluice-jam-1,1,16.75,walked_into_shield,,,water
stored-night,tide-siege+sluice-jam,w0h-l0,33,false,false,injected,2,play|disrupt.land|land|,filth-spread-1,8,play|probe.water|water|,long-flow-1,2.75,5.25,walked_into_shield,,,water
stored-night,tide-siege+sluice-jam,w0h-l0,34,false,false,injected,2,play|probe.heat|heat|,open-chill-2,13.75,play|probe.water|water|,long-flow-1,4.75,9,walked_into_shield,,,water
stored-night,tide-siege+sluice-jam,w0h-l0,35,true,true,injected,2,play|probe.heat|heat|,open-chill-1,13.75,play|probe.water|water|,long-flow-1,2.75,11,walked_into_shield,,,water
stored-night,tide-siege+sluice-jam,w0h-l0,36,false,false,injected,2,play|probe.land|land|,trample-green-3,13.75,play|probe.water|water|,long-flow-1,2.75,11,walked_into_shield,,,water
stored-night,tide-siege+sluice-jam,w0h-l0,37,true,true,injected,2,play|probe.heat|heat|,open-chill-1,13.75,play|probe.water|water|,long-flow-1,2.75,11,walked_into_shield,,,water
stored-night,tide-siege+sluice-jam,w0h-l0,38,false,false,injected,2,play|probe.land|land|,trample-green-3,13.75,play|probe.water|water|,long-flow-1,4.75,9,walked_into_shield,,,water
stored-night,tide-siege+sluice-jam,w0h-l0,39,true,false,injected,2,play|breach.land|land|,no-green-left-1,23.75,play|breach.water|water|,spend-tide-1,4.75,19,walked_into_shield,,,water
stored-night,tide-siege+sluice-jam,w0h-l0,40,true,false,injected,2,play|probe.heat|heat|,open-chill-3,14.5,play|disrupt.water|water|,sluice-jam-1,-0.25,14.75,walked_into_shield,,,water
stored-night,tide-siege+sluice-jam,w0h-l0,41,true,false,injected,2,play|probe.heat|heat|,open-chill-1,13.75,play|probe.water|water|,long-flow-1,4.75,9,walked_into_shield,,,water
stored-night,tide-siege+sluice-jam,w0h-l0,42,true,false,injected,2,play|probe.land|land|,trample-green-3,13.75,play|probe.water|water|,long-flow-1,4.75,9,walked_into_shield,,,water
stored-night,tide-siege+sluice-jam,w0h-l0,43,true,false,injected,2,play|probe.heat|heat|,open-chill-2,13.75,play|probe.water|water|,long-flow-1,2.75,11,walked_into_shield,,,water
stored-night,tide-siege+sluice-jam,w0h-l0,44,true,false,injected,2,play|breach.heat|heat|,hundred-smoke-1,23.75,play|disrupt.water|water|,foul-current-1,-0.25,24,walked_into_shield,,,water
stored-night,tide-siege+sluice-jam,w0h-l0,45,false,false,injected,2,play|probe.land|land|,trample-green-1,13.75,play|probe.water|water|,long-flow-1,2.75,11,walked_into_shield,,,water
stored-night,tide-siege+sluice-jam,w0h-l0,46,false,false,injected,2,play|probe.land|land|,trample-green-1,13.75,play|probe.water|water|,long-flow-1,2.75,11,walked_into_shield,,,water
stored-night,tide-siege+sluice-jam,w0h-l0,47,false,false,injected,2,play|breach.land|land|,no-green-left-1,23.75,play|breach.water|water|,spend-tide-1,4.75,19,walked_into_shield,,,water
stored-night,tide-siege+sluice-jam,w0h-l0,48,false,false,injected,2,play|breach.land|land|,no-green-left-1,23.75,play|breach.water|water|,tide-siege-1,4.75,19,walked_into_shield,,,water
stored-night,tide-siege+sluice-jam,w0h-l0,49,true,false,injected,2,play|probe.heat|heat|,open-chill-1,14.5,play|breach.water|water|,tide-siege-1,4.75,9.75,walked_into_shield,,,water
stored-night,tide-siege+sluice-jam,w0h-l0,50,false,false,injected,2,play|probe.land|land|,trample-green-3,13.75,play|disrupt.water|water|,sluice-jam-1,1,12.75,walked_into_shield,,,water
stored-night,tide-siege+sluice-jam,w0h-l0,51,true,false,injected,2,play|probe.heat|heat|,open-chill-3,13.75,play|probe.water|water|,long-flow-1,4.75,9,walked_into_shield,,,water
stored-night,tide-siege+sluice-jam,w0h-l0,52,false,false,injected,2,play|probe.land|land|,trample-green-3,13.75,play|probe.water|water|,long-flow-1,4.75,9,walked_into_shield,,,water
stored-night,tide-siege+sluice-jam,w0h-l0,53,true,true,injected,2,play|disrupt.heat|heat|,idle-fume-1,11,play|probe.water|water|,long-flow-1,2.75,8.25,missed_interrupt,shield,heat,
stored-night,tide-siege+sluice-jam,w0h-l0,54,false,false,injected,2,play|probe.land|land|,trample-green-3,13.75,play|probe.water|water|,long-flow-1,4.75,9,walked_into_shield,,,water
stored-night,tide-siege+sluice-jam,w0h-l0,55,false,false,injected,2,play|probe.heat|heat|,open-chill-3,17.75,play|probe.water|water|,long-flow-1,2.75,15,walked_into_shield,,,water
stored-night,tide-siege+sluice-jam,w0h-l0,56,true,false,injected,2,play|probe.heat|heat|,open-chill-2,17.75,play|probe.water|water|,long-flow-1,2.75,15,walked_into_shield,,,water
stored-night,tide-siege+sluice-jam,w0h-l0,57,true,false,injected,2,play|probe.heat|heat|,open-chill-3,14.5,play|disrupt.water|water|,foul-current-1,-0.25,14.75,walked_into_shield,,,water
stored-night,tide-siege+sluice-jam,w0h-l0,58,true,false,injected,2,play|probe.heat|heat|,open-chill-2,14.5,play|breach.water|water|,spend-tide-1,4.75,9.75,walked_into_shield,,,water
stored-night,tide-siege+sluice-jam,w0h-l0,59,true,false,injected,3,play|probe.land|land|,trample-green-3,-2,play|breach.heat|heat|,hundred-smoke-1,-13.75,11.75,walked_into_shield,,,heat
stored-night,tide-siege+sluice-jam,w0h-l0,60,true,true,injected,2,play|probe.heat|heat|,open-chill-2,13.75,play|probe.water|water|,long-flow-1,4.75,9,walked_into_shield,,,water
stored-night,tide-siege+sluice-jam,w0h-l0,61,true,true,injected,2,play|probe.heat|heat|,open-chill-1,17.75,play|probe.water|water|,long-flow-1,2.75,15,walked_into_shield,,,water
stored-night,tide-siege+sluice-jam,w0h-l0,62,false,false,injected,3,play|breach.land|land|,no-green-left-1,4.25,play|probe.heat|heat|,open-chill-1,-15,19.25,walked_into_shield,,,heat
stored-night,tide-siege+sluice-jam,w0h-l0,63,true,false,injected,2,play|disrupt.heat|heat|,idle-fume-1,11,play|probe.water|water|,long-flow-1,2.75,8.25,missed_interrupt,shield,heat,
stored-night,tide-siege+sluice-jam,w0h-l0,64,true,true,injected,2,play|breach.heat|heat|,hundred-smoke-1,23.75,play|disrupt.water|water|,foul-current-1,-0.25,24,walked_into_shield,,,water
stored-night,tide-siege+sluice-jam,w0h-l0,65,true,false,injected,2,play|probe.heat|heat|,open-chill-3,13.75,play|disrupt.water|water|,foul-current-1,-1,14.75,walked_into_shield,,,water
stored-night,tide-siege+sluice-jam,w0h-l0,66,false,false,injected,2,play|disrupt.heat|heat|,idle-fume-1,11,play|disrupt.land|land|,filth-spread-1,8,3,missed_interrupt,shield,heat,
stored-night,tide-siege+sluice-jam,w0h-l0,67,true,true,injected,3,play|disrupt.land|land|,filth-spread-1,11.25,play|probe.land|land|,trample-green-3,-4,15.25,missed_interrupt,repair,land,
stored-night,tide-siege+sluice-jam,w0h-l0,68,false,false,injected,2,play|breach.land|land|,no-green-left-1,23.75,play|breach.water|water|,spend-tide-1,4.75,19,walked_into_shield,,,water
stored-night,tide-siege+sluice-jam,w0h-l0,69,false,false,injected,2,play|breach.land|land|,no-green-left-1,23.75,play|breach.water|water|,tide-siege-1,4.75,19,walked_into_shield,,,water
stored-night,tide-siege+sluice-jam,w0h-l0,70,true,false,injected,2,play|probe.heat|heat|,open-chill-3,14.5,play|breach.water|water|,spend-tide-1,4.75,9.75,walked_into_shield,,,water
stored-night,tide-siege+sluice-jam,w0h-l0,71,true,false,injected,2,play|disrupt.heat|heat|,idle-fume-1,11,play|disrupt.land|land|,filth-spread-1,8,3,missed_interrupt,shield,heat,
stored-night,tide-siege+sluice-jam,w0h-l0,72,true,false,injected,3,play|disrupt.land|land|,filth-spread-1,10.25,play|probe.land|land|,trample-green-1,-5,15.25,missed_interrupt,repair,land,
stored-night,tide-siege+sluice-jam,w0h-l0,73,true,false,injected,2,play|probe.land|land|,trample-green-1,13.75,play|disrupt.water|water|,sluice-jam-1,-1,14.75,walked_into_shield,,,water
stored-night,tide-siege+sluice-jam,w0h-l0,74,true,false,injected,2,play|probe.heat|heat|,open-chill-3,13.75,play|disrupt.water|water|,sluice-jam-1,1,12.75,walked_into_shield,,,water
stored-night,tide-siege+sluice-jam,w0h-l0,75,true,false,injected,2,play|probe.land|land|,trample-green-3,13.75,play|probe.water|water|,long-flow-1,4.75,9,walked_into_shield,,,water
stored-night,tide-siege+sluice-jam,w0h-l0,76,false,false,injected,2,play|probe.heat|heat|,open-chill-1,13.75,play|probe.water|water|,long-flow-1,4.75,9,walked_into_shield,,,water
stored-night,tide-siege+sluice-jam,w0h-l0,77,true,false,injected,2,play|gather||gather,,2.5,play|disrupt.water|water|,sluice-jam-1,1,1.5,walked_into_shield,,,water
stored-night,tide-siege+sluice-jam,w0h-l0,78,true,true,injected,2,play|disrupt.heat|heat|,idle-fume-1,11,play|disrupt.land|land|,filth-spread-1,8,3,missed_interrupt,shield,heat,
stored-night,tide-siege+sluice-jam,w0h-l0,79,false,false,injected,2,play|probe.land|land|,trample-green-2,13.75,play|disrupt.water|water|,sluice-jam-1,-1,14.75,walked_into_shield,,,water
stored-night,tide-siege+sluice-jam,w0h-l0,80,true,true,injected,2,play|probe.heat|heat|,open-chill-3,13.75,play|probe.water|water|,long-flow-1,4.75,9,walked_into_shield,,,water
stored-night,tide-siege+sluice-jam,w0h-l0,81,true,false,injected,2,play|breach.heat|heat|,hundred-smoke-1,23.75,play|breach.water|water|,tide-siege-1,4.75,19,walked_into_shield,,,water
stored-night,tide-siege+sluice-jam,w0h-l0,82,true,false,injected,2,play|probe.heat|heat|,open-chill-3,14.5,play|breach.water|water|,spend-tide-1,4.75,9.75,walked_into_shield,,,water
stored-night,tide-siege+sluice-jam,w0h-l0,83,false,false,injected,3,play|breach.water|water|,spend-tide-1,7.25,play|probe.heat|heat|,open-chill-1,-13,20.25,walked_into_shield,,,heat
stored-night,tide-siege+sluice-jam,w0h-l0,84,false,false,injected,2,play|probe.heat|heat|,open-chill-1,13.75,play|probe.water|water|,long-flow-1,4.75,9,walked_into_shield,,,water
stored-night,tide-siege+sluice-jam,w0h-l0,85,true,false,injected,2,play|probe.heat|heat|,open-chill-3,13.75,play|probe.water|water|,long-flow-1,4.75,9,walked_into_shield,,,water
stored-night,tide-siege+sluice-jam,w0h-l0,86,true,false,injected,2,play|probe.heat|heat|,open-chill-3,13.75,play|disrupt.water|water|,sluice-jam-1,-1,14.75,walked_into_shield,,,water
stored-night,tide-siege+sluice-jam,w0h-l0,87,true,true,injected,2,play|probe.land|land|,trample-green-1,13.75,play|probe.water|water|,long-flow-1,2.75,11,walked_into_shield,,,water
stored-night,tide-siege+sluice-jam,w0h-l0,88,true,false,injected,2,play|breach.heat|heat|,hundred-smoke-1,23.75,play|breach.water|water|,spend-tide-1,4.75,19,walked_into_shield,,,water
stored-night,tide-siege+sluice-jam,w0h-l0,89,true,false,injected,2,play|probe.heat|heat|,open-chill-2,13.75,play|probe.water|water|,long-flow-1,2.75,11,walked_into_shield,,,water
stored-night,tide-siege+sluice-jam,w0h-l0,90,true,false,injected,2,play|probe.heat|heat|,open-chill-3,17.75,play|disrupt.water|water|,sluice-jam-1,1,16.75,walked_into_shield,,,water
stored-night,tide-siege+sluice-jam,w0h-l0,91,true,false,injected,2,play|probe.heat|heat|,open-chill-2,13.75,play|probe.water|water|,long-flow-1,4.75,9,walked_into_shield,,,water
stored-night,tide-siege+sluice-jam,w0h-l0,92,false,false,injected,2,play|disrupt.heat|heat|,idle-fume-1,11,play|gather||gather,,2.5,8.5,missed_interrupt,shield,heat,
stored-night,tide-siege+sluice-jam,w0h-l0,93,true,false,injected,2,play|probe.heat|heat|,open-chill-2,17.75,play|disrupt.water|water|,sluice-jam-1,1,16.75,walked_into_shield,,,water
stored-night,tide-siege+sluice-jam,w0h-l0,94,true,true,injected,2,play|probe.land|land|,trample-green-3,13.75,play|probe.water|water|,long-flow-1,2.75,11,walked_into_shield,,,water
stored-night,tide-siege+sluice-jam,w0h-l0,95,true,false,injected,2,play|breach.land|land|,no-green-left-1,23.75,play|breach.water|water|,spend-tide-1,4.75,19,walked_into_shield,,,water
stored-night,tide-siege+sluice-jam,w0h-l0,96,true,false,injected,2,play|probe.heat|heat|,open-chill-3,13.75,play|disrupt.water|water|,sluice-jam-1,-1,14.75,walked_into_shield,,,water
stored-night,tide-siege+sluice-jam,w0h-l0,97,false,false,injected,2,play|breach.land|land|,no-green-left-1,23.75,play|disrupt.water|water|,sluice-jam-1,-0.25,24,walked_into_shield,,,water
stored-night,tide-siege+sluice-jam,w0h-l0,98,true,false,injected,2,play|probe.land|land|,trample-green-1,13.75,play|probe.water|water|,long-flow-1,2.75,11,walked_into_shield,,,water
stored-night,tide-siege+sluice-jam,w0h-l0,99,true,false,injected,2,play|probe.land|land|,trample-green-2,13.75,play|probe.water|water|,long-flow-1,2.75,11,walked_into_shield,,,water
stored-night,tide-siege+sluice-jam,w0h-l0,100,false,false,injected,2,play|probe.heat|heat|,open-chill-3,13.75,play|disrupt.water|water|,sluice-jam-1,1,12.75,walked_into_shield,,,water
stored-night,tide-siege+sluice-jam,w0h+l0,1,false,false,injected,2,play|probe.land|land|,trample-green-3,13.75,play|probe.water|water|,long-flow-1,2.75,11,walked_into_shield,,,water
stored-night,tide-siege+sluice-jam,w0h+l0,2,true,false,injected,2,play|probe.heat|heat|,open-chill-2,13.75,play|probe.water|water|,long-flow-1,4.75,9,walked_into_shield,,,water
stored-night,tide-siege+sluice-jam,w0h+l0,3,true,true,injected,2,play|probe.heat|heat|,open-chill-3,18.75,play|probe.water|water|,long-flow-1,2.75,16,walked_into_shield,,,water
stored-night,tide-siege+sluice-jam,w0h+l0,4,false,false,injected,2,play|disrupt.land|land|,filth-spread-1,8,play|probe.water|water|,long-flow-1,2.75,5.25,walked_into_shield,,,water
stored-night,tide-siege+sluice-jam,w0h+l0,5,true,false,injected,2,play|probe.heat|heat|,open-chill-1,14.5,play|breach.water|water|,spend-tide-1,4.75,9.75,walked_into_shield,,,water
stored-night,tide-siege+sluice-jam,w0h+l0,6,true,false,injected,3,play|breach.water|water|,tide-siege-1,13.25,play|probe.heat|heat|,open-chill-2,-18.5,31.75,walked_into_shield,,,heat
stored-night,tide-siege+sluice-jam,w0h+l0,7,false,false,injected,2,play|probe.heat|heat|,open-chill-2,14.5,play|breach.water|water|,spend-tide-1,4.75,9.75,walked_into_shield,,,water
stored-night,tide-siege+sluice-jam,w0h+l0,8,false,false,injected,2,play|probe.heat|heat|,open-chill-1,13.75,play|probe.water|water|,long-flow-1,4.75,9,walked_into_shield,,,water
stored-night,tide-siege+sluice-jam,w0h+l0,9,true,false,injected,2,play|probe.land|land|,trample-green-1,13.75,play|probe.water|water|,long-flow-1,2.75,11,walked_into_shield,,,water
stored-night,tide-siege+sluice-jam,w0h+l0,10,false,false,injected,2,play|probe.heat|heat|,open-chill-3,14.5,play|breach.water|water|,tide-siege-1,4.75,9.75,walked_into_shield,,,water
stored-night,tide-siege+sluice-jam,w0h+l0,11,false,false,injected,2,play|probe.heat|heat|,open-chill-2,18.75,play|probe.water|water|,long-flow-1,2.75,16,walked_into_shield,,,water
stored-night,tide-siege+sluice-jam,w0h+l0,12,true,false,injected,2,play|probe.heat|heat|,open-chill-3,14.5,play|breach.water|water|,tide-siege-1,4.75,9.75,walked_into_shield,,,water
stored-night,tide-siege+sluice-jam,w0h+l0,13,true,false,injected,4,play|probe.water|water|,long-flow-1,18.5,play|probe.heat|heat|,open-chill-2,1,17.5,walked_into_shield,,,heat
stored-night,tide-siege+sluice-jam,w0h+l0,14,true,false,injected,2,play|probe.heat|heat|,open-chill-3,14.5,play|breach.water|water|,tide-siege-1,4.75,9.75,walked_into_shield,,,water
stored-night,tide-siege+sluice-jam,w0h+l0,15,false,false,injected,2,play|disrupt.heat|heat|,idle-fume-1,11,play|probe.water|water|,long-flow-1,4.75,6.25,missed_interrupt,shield,heat,
stored-night,tide-siege+sluice-jam,w0h+l0,16,false,false,injected,2,play|probe.heat|heat|,open-chill-1,14.5,play|breach.water|water|,spend-tide-1,4.75,9.75,walked_into_shield,,,water
stored-night,tide-siege+sluice-jam,w0h+l0,17,false,false,injected,2,play|probe.heat|heat|,open-chill-2,13.75,play|probe.water|water|,long-flow-1,2.75,11,walked_into_shield,,,water
stored-night,tide-siege+sluice-jam,w0h+l0,18,true,true,injected,2,play|probe.heat|heat|,open-chill-1,13.75,play|probe.water|water|,long-flow-1,4.75,9,walked_into_shield,,,water
stored-night,tide-siege+sluice-jam,w0h+l0,19,true,true,injected,2,play|probe.land|land|,trample-green-3,13.75,play|probe.water|water|,long-flow-1,4.75,9,walked_into_shield,,,water
stored-night,tide-siege+sluice-jam,w0h+l0,20,false,false,injected,2,play|probe.land|land|,trample-green-2,13.75,play|probe.water|water|,long-flow-1,2.75,11,walked_into_shield,,,water
stored-night,tide-siege+sluice-jam,w0h+l0,21,true,false,injected,2,play|probe.heat|heat|,open-chill-2,14.5,play|breach.water|water|,spend-tide-1,4.75,9.75,walked_into_shield,,,water
stored-night,tide-siege+sluice-jam,w0h+l0,22,false,false,injected,2,play|disrupt.land|land|,filth-spread-1,8,play|disrupt.water|water|,sluice-jam-1,1,7,walked_into_shield,,,water
stored-night,tide-siege+sluice-jam,w0h+l0,23,true,false,injected,2,play|probe.heat|heat|,open-chill-3,13.75,play|disrupt.water|water|,foul-current-1,-1,14.75,walked_into_shield,,,water
stored-night,tide-siege+sluice-jam,w0h+l0,24,false,false,injected,2,play|probe.heat|heat|,open-chill-2,13.75,play|probe.water|water|,long-flow-1,4.75,9,walked_into_shield,,,water
stored-night,tide-siege+sluice-jam,w0h+l0,25,true,true,injected,3,play|probe.land|land|,trample-green-3,-2,play|probe.heat|heat|,open-chill-3,-17,15,walked_into_shield,,,heat
stored-night,tide-siege+sluice-jam,w0h+l0,26,true,false,injected,2,play|probe.land|land|,trample-green-2,13.75,play|probe.water|water|,long-flow-1,2.75,11,walked_into_shield,,,water
stored-night,tide-siege+sluice-jam,w0h+l0,27,true,false,injected,2,play|breach.heat|heat|,hundred-smoke-1,23.75,play|disrupt.water|water|,sluice-jam-1,-0.25,24,walked_into_shield,,,water
stored-night,tide-siege+sluice-jam,w0h+l0,28,true,false,injected,2,play|breach.heat|heat|,hundred-smoke-1,23.75,play|breach.water|water|,tide-siege-1,4.75,19,walked_into_shield,,,water
stored-night,tide-siege+sluice-jam,w0h+l0,29,false,false,injected,2,play|probe.land|land|,trample-green-3,13.75,play|disrupt.water|water|,sluice-jam-1,-1,14.75,walked_into_shield,,,water
stored-night,tide-siege+sluice-jam,w0h+l0,30,false,false,injected,2,play|probe.land|land|,trample-green-2,13.75,play|probe.water|water|,long-flow-1,4.75,9,walked_into_shield,,,water
stored-night,tide-siege+sluice-jam,w0h+l0,31,true,true,injected,3,play|breach.water|water|,spend-tide-1,10.25,play|probe.heat|heat|,open-chill-1,-11,21.25,walked_into_shield,,,heat
stored-night,tide-siege+sluice-jam,w0h+l0,32,true,false,injected,2,play|probe.heat|heat|,open-chill-1,18.75,play|disrupt.water|water|,sluice-jam-1,1,17.75,walked_into_shield,,,water
stored-night,tide-siege+sluice-jam,w0h+l0,33,false,false,injected,2,play|disrupt.land|land|,filth-spread-1,8,play|probe.water|water|,long-flow-1,2.75,5.25,walked_into_shield,,,water
stored-night,tide-siege+sluice-jam,w0h+l0,34,false,false,injected,2,play|probe.heat|heat|,open-chill-2,13.75,play|probe.water|water|,long-flow-1,4.75,9,walked_into_shield,,,water
stored-night,tide-siege+sluice-jam,w0h+l0,35,true,true,injected,2,play|probe.heat|heat|,open-chill-1,13.75,play|probe.water|water|,long-flow-1,2.75,11,walked_into_shield,,,water
stored-night,tide-siege+sluice-jam,w0h+l0,36,false,false,injected,2,play|probe.land|land|,trample-green-3,13.75,play|probe.water|water|,long-flow-1,2.75,11,walked_into_shield,,,water
stored-night,tide-siege+sluice-jam,w0h+l0,37,true,true,injected,2,play|probe.heat|heat|,open-chill-1,13.75,play|probe.water|water|,long-flow-1,2.75,11,walked_into_shield,,,water
stored-night,tide-siege+sluice-jam,w0h+l0,38,false,false,injected,2,play|probe.land|land|,trample-green-3,13.75,play|probe.water|water|,long-flow-1,4.75,9,walked_into_shield,,,water
stored-night,tide-siege+sluice-jam,w0h+l0,39,true,false,injected,2,play|breach.land|land|,no-green-left-1,23.75,play|breach.water|water|,spend-tide-1,4.75,19,walked_into_shield,,,water
stored-night,tide-siege+sluice-jam,w0h+l0,40,true,false,injected,2,play|probe.heat|heat|,open-chill-3,14.5,play|disrupt.water|water|,sluice-jam-1,-0.25,14.75,walked_into_shield,,,water
stored-night,tide-siege+sluice-jam,w0h+l0,41,true,false,injected,2,play|probe.heat|heat|,open-chill-1,13.75,play|probe.water|water|,long-flow-1,4.75,9,walked_into_shield,,,water
stored-night,tide-siege+sluice-jam,w0h+l0,42,true,false,injected,2,play|probe.land|land|,trample-green-3,13.75,play|probe.water|water|,long-flow-1,4.75,9,walked_into_shield,,,water
stored-night,tide-siege+sluice-jam,w0h+l0,43,false,false,injected,2,play|probe.heat|heat|,open-chill-2,13.75,play|probe.water|water|,long-flow-1,2.75,11,walked_into_shield,,,water
stored-night,tide-siege+sluice-jam,w0h+l0,44,true,false,injected,2,play|breach.heat|heat|,hundred-smoke-1,23.75,play|disrupt.water|water|,foul-current-1,-0.25,24,walked_into_shield,,,water
stored-night,tide-siege+sluice-jam,w0h+l0,45,false,false,injected,2,play|probe.land|land|,trample-green-1,13.75,play|probe.water|water|,long-flow-1,2.75,11,walked_into_shield,,,water
stored-night,tide-siege+sluice-jam,w0h+l0,46,false,false,injected,2,play|probe.land|land|,trample-green-1,13.75,play|probe.water|water|,long-flow-1,2.75,11,walked_into_shield,,,water
stored-night,tide-siege+sluice-jam,w0h+l0,47,false,false,injected,2,play|breach.land|land|,no-green-left-1,23.75,play|breach.water|water|,spend-tide-1,4.75,19,walked_into_shield,,,water
stored-night,tide-siege+sluice-jam,w0h+l0,48,false,false,injected,2,play|breach.land|land|,no-green-left-1,23.75,play|breach.water|water|,tide-siege-1,4.75,19,walked_into_shield,,,water
stored-night,tide-siege+sluice-jam,w0h+l0,49,true,false,injected,2,play|probe.heat|heat|,open-chill-1,14.5,play|breach.water|water|,tide-siege-1,4.75,9.75,walked_into_shield,,,water
stored-night,tide-siege+sluice-jam,w0h+l0,50,false,false,injected,2,play|probe.land|land|,trample-green-3,13.75,play|disrupt.water|water|,sluice-jam-1,1,12.75,walked_into_shield,,,water
stored-night,tide-siege+sluice-jam,w0h+l0,51,true,false,injected,2,play|probe.heat|heat|,open-chill-3,13.75,play|probe.water|water|,long-flow-1,4.75,9,walked_into_shield,,,water
stored-night,tide-siege+sluice-jam,w0h+l0,52,false,false,injected,2,play|probe.land|land|,trample-green-3,13.75,play|probe.water|water|,long-flow-1,4.75,9,walked_into_shield,,,water
stored-night,tide-siege+sluice-jam,w0h+l0,53,true,true,injected,2,play|disrupt.heat|heat|,idle-fume-1,11,play|probe.water|water|,long-flow-1,2.75,8.25,missed_interrupt,shield,heat,
stored-night,tide-siege+sluice-jam,w0h+l0,54,false,false,injected,2,play|probe.land|land|,trample-green-3,13.75,play|probe.water|water|,long-flow-1,4.75,9,walked_into_shield,,,water
stored-night,tide-siege+sluice-jam,w0h+l0,55,false,false,injected,2,play|probe.heat|heat|,open-chill-3,18.75,play|probe.water|water|,long-flow-1,2.75,16,walked_into_shield,,,water
stored-night,tide-siege+sluice-jam,w0h+l0,56,true,false,injected,2,play|probe.heat|heat|,open-chill-2,18.75,play|probe.water|water|,long-flow-1,2.75,16,walked_into_shield,,,water
stored-night,tide-siege+sluice-jam,w0h+l0,57,true,false,injected,2,play|probe.heat|heat|,open-chill-3,14.5,play|disrupt.water|water|,foul-current-1,-0.25,14.75,walked_into_shield,,,water
stored-night,tide-siege+sluice-jam,w0h+l0,58,true,false,injected,2,play|probe.heat|heat|,open-chill-2,14.5,play|breach.water|water|,spend-tide-1,4.75,9.75,walked_into_shield,,,water
stored-night,tide-siege+sluice-jam,w0h+l0,59,true,false,injected,3,play|probe.land|land|,trample-green-3,-2,play|breach.heat|heat|,hundred-smoke-1,-13.75,11.75,walked_into_shield,,,heat
stored-night,tide-siege+sluice-jam,w0h+l0,60,true,true,injected,2,play|probe.heat|heat|,open-chill-2,13.75,play|probe.water|water|,long-flow-1,4.75,9,walked_into_shield,,,water
stored-night,tide-siege+sluice-jam,w0h+l0,61,true,true,injected,2,play|probe.heat|heat|,open-chill-1,18.75,play|probe.water|water|,long-flow-1,2.75,16,walked_into_shield,,,water
stored-night,tide-siege+sluice-jam,w0h+l0,62,false,false,injected,3,play|breach.land|land|,no-green-left-1,4.25,play|probe.heat|heat|,open-chill-1,-15,19.25,walked_into_shield,,,heat
stored-night,tide-siege+sluice-jam,w0h+l0,63,true,false,injected,2,play|disrupt.heat|heat|,idle-fume-1,11,play|probe.water|water|,long-flow-1,2.75,8.25,missed_interrupt,shield,heat,
stored-night,tide-siege+sluice-jam,w0h+l0,64,true,true,injected,2,play|breach.heat|heat|,hundred-smoke-1,23.75,play|disrupt.water|water|,foul-current-1,-0.25,24,walked_into_shield,,,water
stored-night,tide-siege+sluice-jam,w0h+l0,65,true,false,injected,2,play|probe.heat|heat|,open-chill-3,13.75,play|disrupt.water|water|,foul-current-1,-1,14.75,walked_into_shield,,,water
stored-night,tide-siege+sluice-jam,w0h+l0,66,false,false,injected,2,play|disrupt.heat|heat|,idle-fume-1,11,play|disrupt.land|land|,filth-spread-1,8,3,missed_interrupt,shield,heat,
stored-night,tide-siege+sluice-jam,w0h+l0,67,true,true,injected,3,play|disrupt.land|land|,filth-spread-1,11.25,play|probe.land|land|,trample-green-3,-4,15.25,missed_interrupt,repair,land,
stored-night,tide-siege+sluice-jam,w0h+l0,68,false,false,injected,2,play|breach.land|land|,no-green-left-1,23.75,play|breach.water|water|,spend-tide-1,4.75,19,walked_into_shield,,,water
stored-night,tide-siege+sluice-jam,w0h+l0,69,false,false,injected,2,play|breach.land|land|,no-green-left-1,23.75,play|breach.water|water|,tide-siege-1,4.75,19,walked_into_shield,,,water
stored-night,tide-siege+sluice-jam,w0h+l0,70,true,false,injected,2,play|probe.heat|heat|,open-chill-3,14.5,play|breach.water|water|,spend-tide-1,4.75,9.75,walked_into_shield,,,water
stored-night,tide-siege+sluice-jam,w0h+l0,71,true,false,injected,2,play|disrupt.heat|heat|,idle-fume-1,11,play|disrupt.land|land|,filth-spread-1,8,3,missed_interrupt,shield,heat,
stored-night,tide-siege+sluice-jam,w0h+l0,72,true,false,injected,3,play|disrupt.land|land|,filth-spread-1,10.25,play|probe.land|land|,trample-green-1,-5,15.25,missed_interrupt,repair,land,
stored-night,tide-siege+sluice-jam,w0h+l0,73,true,false,injected,2,play|probe.land|land|,trample-green-1,13.75,play|disrupt.water|water|,sluice-jam-1,-1,14.75,walked_into_shield,,,water
stored-night,tide-siege+sluice-jam,w0h+l0,74,true,false,injected,2,play|probe.heat|heat|,open-chill-3,13.75,play|disrupt.water|water|,sluice-jam-1,1,12.75,walked_into_shield,,,water
stored-night,tide-siege+sluice-jam,w0h+l0,75,true,false,injected,2,play|probe.land|land|,trample-green-3,13.75,play|probe.water|water|,long-flow-1,4.75,9,walked_into_shield,,,water
stored-night,tide-siege+sluice-jam,w0h+l0,76,false,false,injected,2,play|probe.heat|heat|,open-chill-1,13.75,play|probe.water|water|,long-flow-1,4.75,9,walked_into_shield,,,water
stored-night,tide-siege+sluice-jam,w0h+l0,77,true,false,injected,2,play|gather||gather,,2.5,play|disrupt.water|water|,sluice-jam-1,1,1.5,walked_into_shield,,,water
stored-night,tide-siege+sluice-jam,w0h+l0,78,true,true,injected,2,play|disrupt.heat|heat|,idle-fume-1,11,play|disrupt.land|land|,filth-spread-1,8,3,missed_interrupt,shield,heat,
stored-night,tide-siege+sluice-jam,w0h+l0,79,false,false,injected,2,play|probe.land|land|,trample-green-2,13.75,play|disrupt.water|water|,sluice-jam-1,-1,14.75,walked_into_shield,,,water
stored-night,tide-siege+sluice-jam,w0h+l0,80,true,true,injected,2,play|probe.heat|heat|,open-chill-3,13.75,play|probe.water|water|,long-flow-1,4.75,9,walked_into_shield,,,water
stored-night,tide-siege+sluice-jam,w0h+l0,81,true,false,injected,2,play|breach.heat|heat|,hundred-smoke-1,23.75,play|breach.water|water|,tide-siege-1,4.75,19,walked_into_shield,,,water
stored-night,tide-siege+sluice-jam,w0h+l0,82,true,false,injected,2,play|probe.heat|heat|,open-chill-3,14.5,play|breach.water|water|,spend-tide-1,4.75,9.75,walked_into_shield,,,water
stored-night,tide-siege+sluice-jam,w0h+l0,83,false,false,injected,3,play|breach.water|water|,spend-tide-1,7.25,play|probe.heat|heat|,open-chill-1,-13,20.25,walked_into_shield,,,heat
stored-night,tide-siege+sluice-jam,w0h+l0,84,true,false,injected,2,play|probe.heat|heat|,open-chill-1,13.75,play|probe.water|water|,long-flow-1,4.75,9,walked_into_shield,,,water
stored-night,tide-siege+sluice-jam,w0h+l0,85,true,false,injected,2,play|probe.heat|heat|,open-chill-3,13.75,play|probe.water|water|,long-flow-1,4.75,9,walked_into_shield,,,water
stored-night,tide-siege+sluice-jam,w0h+l0,86,true,false,injected,2,play|probe.heat|heat|,open-chill-3,13.75,play|disrupt.water|water|,sluice-jam-1,-1,14.75,walked_into_shield,,,water
stored-night,tide-siege+sluice-jam,w0h+l0,87,true,true,injected,2,play|probe.land|land|,trample-green-1,13.75,play|probe.water|water|,long-flow-1,2.75,11,walked_into_shield,,,water
stored-night,tide-siege+sluice-jam,w0h+l0,88,true,false,injected,2,play|breach.heat|heat|,hundred-smoke-1,23.75,play|breach.water|water|,spend-tide-1,4.75,19,walked_into_shield,,,water
stored-night,tide-siege+sluice-jam,w0h+l0,89,true,false,injected,2,play|probe.heat|heat|,open-chill-2,13.75,play|probe.water|water|,long-flow-1,2.75,11,walked_into_shield,,,water
stored-night,tide-siege+sluice-jam,w0h+l0,90,true,false,injected,2,play|probe.heat|heat|,open-chill-3,18.75,play|disrupt.water|water|,sluice-jam-1,1,17.75,walked_into_shield,,,water
stored-night,tide-siege+sluice-jam,w0h+l0,91,true,false,injected,2,play|probe.heat|heat|,open-chill-2,13.75,play|probe.water|water|,long-flow-1,4.75,9,walked_into_shield,,,water
stored-night,tide-siege+sluice-jam,w0h+l0,92,false,true,injected,2,play|disrupt.heat|heat|,idle-fume-1,11,play|gather||gather,,2.5,8.5,missed_interrupt,shield,heat,
stored-night,tide-siege+sluice-jam,w0h+l0,93,true,false,injected,2,play|probe.heat|heat|,open-chill-2,18.75,play|disrupt.water|water|,sluice-jam-1,1,17.75,walked_into_shield,,,water
stored-night,tide-siege+sluice-jam,w0h+l0,94,true,true,injected,2,play|probe.land|land|,trample-green-3,13.75,play|probe.water|water|,long-flow-1,2.75,11,walked_into_shield,,,water
stored-night,tide-siege+sluice-jam,w0h+l0,95,true,false,injected,2,play|breach.land|land|,no-green-left-1,23.75,play|breach.water|water|,spend-tide-1,4.75,19,walked_into_shield,,,water
stored-night,tide-siege+sluice-jam,w0h+l0,96,true,false,injected,2,play|probe.heat|heat|,open-chill-3,13.75,play|disrupt.water|water|,sluice-jam-1,-1,14.75,walked_into_shield,,,water
stored-night,tide-siege+sluice-jam,w0h+l0,97,false,false,injected,2,play|breach.land|land|,no-green-left-1,23.75,play|disrupt.water|water|,sluice-jam-1,-0.25,24,walked_into_shield,,,water
stored-night,tide-siege+sluice-jam,w0h+l0,98,true,false,injected,2,play|probe.land|land|,trample-green-1,13.75,play|probe.water|water|,long-flow-1,2.75,11,walked_into_shield,,,water
stored-night,tide-siege+sluice-jam,w0h+l0,99,true,false,injected,2,play|probe.land|land|,trample-green-2,13.75,play|probe.water|water|,long-flow-1,2.75,11,walked_into_shield,,,water
stored-night,tide-siege+sluice-jam,w0h+l0,100,false,false,injected,2,play|probe.heat|heat|,open-chill-3,13.75,play|disrupt.water|water|,sluice-jam-1,1,12.75,walked_into_shield,,,water
stored-night,tide-siege+sluice-jam,w0h0l-,1,false,false,injected,2,play|probe.land|land|,trample-green-3,13.75,play|probe.water|water|,long-flow-1,2.75,11,walked_into_shield,,,water
stored-night,tide-siege+sluice-jam,w0h0l-,2,true,false,injected,2,play|probe.heat|heat|,open-chill-2,13.75,play|probe.water|water|,long-flow-1,4.75,9,walked_into_shield,,,water
stored-night,tide-siege+sluice-jam,w0h0l-,3,true,true,injected,2,play|probe.heat|heat|,open-chill-3,18.75,play|probe.water|water|,long-flow-1,2.75,16,walked_into_shield,,,water
stored-night,tide-siege+sluice-jam,w0h0l-,4,false,false,injected,2,play|disrupt.land|land|,filth-spread-1,8,play|probe.water|water|,long-flow-1,2.75,5.25,walked_into_shield,,,water
stored-night,tide-siege+sluice-jam,w0h0l-,5,true,false,injected,2,play|probe.heat|heat|,open-chill-1,14.5,play|breach.water|water|,spend-tide-1,4.75,9.75,walked_into_shield,,,water
stored-night,tide-siege+sluice-jam,w0h0l-,6,true,false,injected,3,play|breach.water|water|,tide-siege-1,13.25,play|probe.heat|heat|,open-chill-2,-18.5,31.75,walked_into_shield,,,heat
stored-night,tide-siege+sluice-jam,w0h0l-,7,false,false,injected,2,play|probe.heat|heat|,open-chill-2,14.5,play|breach.water|water|,spend-tide-1,4.75,9.75,walked_into_shield,,,water
stored-night,tide-siege+sluice-jam,w0h0l-,8,false,false,injected,2,play|probe.heat|heat|,open-chill-1,13.75,play|probe.water|water|,long-flow-1,4.75,9,walked_into_shield,,,water
stored-night,tide-siege+sluice-jam,w0h0l-,9,true,false,injected,2,play|probe.land|land|,trample-green-1,13.75,play|probe.water|water|,long-flow-1,2.75,11,walked_into_shield,,,water
stored-night,tide-siege+sluice-jam,w0h0l-,10,false,false,injected,2,play|probe.heat|heat|,open-chill-3,14.5,play|breach.water|water|,tide-siege-1,4.75,9.75,walked_into_shield,,,water
stored-night,tide-siege+sluice-jam,w0h0l-,11,false,false,injected,2,play|probe.heat|heat|,open-chill-2,18.75,play|probe.water|water|,long-flow-1,2.75,16,walked_into_shield,,,water
stored-night,tide-siege+sluice-jam,w0h0l-,12,true,false,injected,2,play|probe.heat|heat|,open-chill-3,14.5,play|breach.water|water|,tide-siege-1,4.75,9.75,walked_into_shield,,,water
stored-night,tide-siege+sluice-jam,w0h0l-,13,true,false,injected,4,play|probe.water|water|,long-flow-1,18.5,play|probe.heat|heat|,open-chill-2,1,17.5,walked_into_shield,,,heat
stored-night,tide-siege+sluice-jam,w0h0l-,14,true,false,injected,2,play|probe.heat|heat|,open-chill-3,14.5,play|breach.water|water|,tide-siege-1,4.75,9.75,walked_into_shield,,,water
stored-night,tide-siege+sluice-jam,w0h0l-,15,false,false,injected,2,play|disrupt.heat|heat|,idle-fume-1,11,play|probe.water|water|,long-flow-1,4.75,6.25,missed_interrupt,shield,heat,
stored-night,tide-siege+sluice-jam,w0h0l-,16,false,false,injected,2,play|probe.heat|heat|,open-chill-1,14.5,play|breach.water|water|,spend-tide-1,4.75,9.75,walked_into_shield,,,water
stored-night,tide-siege+sluice-jam,w0h0l-,17,false,false,injected,2,play|probe.heat|heat|,open-chill-2,13.75,play|probe.water|water|,long-flow-1,2.75,11,walked_into_shield,,,water
stored-night,tide-siege+sluice-jam,w0h0l-,18,true,true,injected,2,play|probe.heat|heat|,open-chill-1,13.75,play|probe.water|water|,long-flow-1,4.75,9,walked_into_shield,,,water
stored-night,tide-siege+sluice-jam,w0h0l-,19,true,true,injected,2,play|probe.land|land|,trample-green-3,13.75,play|probe.water|water|,long-flow-1,4.75,9,walked_into_shield,,,water
stored-night,tide-siege+sluice-jam,w0h0l-,20,false,false,injected,2,play|probe.land|land|,trample-green-2,13.75,play|probe.water|water|,long-flow-1,2.75,11,walked_into_shield,,,water
stored-night,tide-siege+sluice-jam,w0h0l-,21,true,false,injected,2,play|probe.heat|heat|,open-chill-2,14.5,play|breach.water|water|,spend-tide-1,4.75,9.75,walked_into_shield,,,water
stored-night,tide-siege+sluice-jam,w0h0l-,22,false,false,injected,2,play|disrupt.land|land|,filth-spread-1,8,play|disrupt.water|water|,sluice-jam-1,1,7,walked_into_shield,,,water
stored-night,tide-siege+sluice-jam,w0h0l-,23,true,false,injected,2,play|probe.heat|heat|,open-chill-3,13.75,play|disrupt.water|water|,foul-current-1,-1,14.75,walked_into_shield,,,water
stored-night,tide-siege+sluice-jam,w0h0l-,24,false,false,injected,2,play|probe.heat|heat|,open-chill-2,13.75,play|probe.water|water|,long-flow-1,4.75,9,walked_into_shield,,,water
stored-night,tide-siege+sluice-jam,w0h0l-,25,true,true,injected,3,play|probe.land|land|,trample-green-3,-2,play|probe.heat|heat|,open-chill-3,-17,15,walked_into_shield,,,heat
stored-night,tide-siege+sluice-jam,w0h0l-,26,true,false,injected,2,play|probe.land|land|,trample-green-2,13.75,play|probe.water|water|,long-flow-1,2.75,11,walked_into_shield,,,water
stored-night,tide-siege+sluice-jam,w0h0l-,27,true,false,injected,2,play|breach.heat|heat|,hundred-smoke-1,23.75,play|disrupt.water|water|,sluice-jam-1,-0.25,24,walked_into_shield,,,water
stored-night,tide-siege+sluice-jam,w0h0l-,28,true,false,injected,2,play|breach.heat|heat|,hundred-smoke-1,23.75,play|breach.water|water|,tide-siege-1,4.75,19,walked_into_shield,,,water
stored-night,tide-siege+sluice-jam,w0h0l-,29,false,false,injected,2,play|probe.land|land|,trample-green-3,13.75,play|disrupt.water|water|,sluice-jam-1,-1,14.75,walked_into_shield,,,water
stored-night,tide-siege+sluice-jam,w0h0l-,30,false,false,injected,2,play|probe.land|land|,trample-green-2,13.75,play|probe.water|water|,long-flow-1,4.75,9,walked_into_shield,,,water
stored-night,tide-siege+sluice-jam,w0h0l-,31,true,true,injected,3,play|breach.water|water|,spend-tide-1,10.25,play|probe.heat|heat|,open-chill-1,-11,21.25,walked_into_shield,,,heat
stored-night,tide-siege+sluice-jam,w0h0l-,32,true,false,injected,2,play|probe.heat|heat|,open-chill-1,18.75,play|disrupt.water|water|,sluice-jam-1,1,17.75,walked_into_shield,,,water
stored-night,tide-siege+sluice-jam,w0h0l-,33,false,false,injected,2,play|disrupt.land|land|,filth-spread-1,8,play|probe.water|water|,long-flow-1,2.75,5.25,walked_into_shield,,,water
stored-night,tide-siege+sluice-jam,w0h0l-,34,false,false,injected,2,play|probe.heat|heat|,open-chill-2,13.75,play|probe.water|water|,long-flow-1,4.75,9,walked_into_shield,,,water
stored-night,tide-siege+sluice-jam,w0h0l-,35,true,false,injected,2,play|probe.heat|heat|,open-chill-1,13.75,play|probe.water|water|,long-flow-1,2.75,11,walked_into_shield,,,water
stored-night,tide-siege+sluice-jam,w0h0l-,36,false,false,injected,2,play|probe.land|land|,trample-green-3,13.75,play|probe.water|water|,long-flow-1,2.75,11,walked_into_shield,,,water
stored-night,tide-siege+sluice-jam,w0h0l-,37,true,true,injected,2,play|probe.heat|heat|,open-chill-1,13.75,play|probe.water|water|,long-flow-1,2.75,11,walked_into_shield,,,water
stored-night,tide-siege+sluice-jam,w0h0l-,38,false,false,injected,2,play|probe.land|land|,trample-green-3,13.75,play|probe.water|water|,long-flow-1,4.75,9,walked_into_shield,,,water
stored-night,tide-siege+sluice-jam,w0h0l-,39,true,false,injected,2,play|breach.land|land|,no-green-left-1,22.75,play|breach.water|water|,spend-tide-1,4.75,18,walked_into_shield,,,water
stored-night,tide-siege+sluice-jam,w0h0l-,40,true,false,injected,2,play|probe.heat|heat|,open-chill-3,14.5,play|disrupt.water|water|,sluice-jam-1,-0.25,14.75,walked_into_shield,,,water
stored-night,tide-siege+sluice-jam,w0h0l-,41,true,false,injected,2,play|probe.heat|heat|,open-chill-1,13.75,play|probe.water|water|,long-flow-1,4.75,9,walked_into_shield,,,water
stored-night,tide-siege+sluice-jam,w0h0l-,42,true,false,injected,2,play|probe.land|land|,trample-green-3,13.75,play|probe.water|water|,long-flow-1,4.75,9,walked_into_shield,,,water
stored-night,tide-siege+sluice-jam,w0h0l-,43,false,false,injected,2,play|probe.heat|heat|,open-chill-2,13.75,play|probe.water|water|,long-flow-1,2.75,11,walked_into_shield,,,water
stored-night,tide-siege+sluice-jam,w0h0l-,44,true,false,injected,2,play|breach.heat|heat|,hundred-smoke-1,23.75,play|disrupt.water|water|,foul-current-1,-0.25,24,walked_into_shield,,,water
stored-night,tide-siege+sluice-jam,w0h0l-,45,false,false,injected,2,play|probe.land|land|,trample-green-1,13.75,play|probe.water|water|,long-flow-1,2.75,11,walked_into_shield,,,water
stored-night,tide-siege+sluice-jam,w0h0l-,46,false,false,injected,2,play|probe.land|land|,trample-green-1,13.75,play|probe.water|water|,long-flow-1,2.75,11,walked_into_shield,,,water
stored-night,tide-siege+sluice-jam,w0h0l-,47,false,false,injected,2,play|breach.land|land|,no-green-left-1,22.75,play|breach.water|water|,spend-tide-1,4.75,18,walked_into_shield,,,water
stored-night,tide-siege+sluice-jam,w0h0l-,48,false,false,injected,2,play|breach.land|land|,no-green-left-1,22.75,play|breach.water|water|,tide-siege-1,4.75,18,walked_into_shield,,,water
stored-night,tide-siege+sluice-jam,w0h0l-,49,true,false,injected,2,play|probe.heat|heat|,open-chill-1,14.5,play|breach.water|water|,tide-siege-1,4.75,9.75,walked_into_shield,,,water
stored-night,tide-siege+sluice-jam,w0h0l-,50,false,false,injected,2,play|probe.land|land|,trample-green-3,13.75,play|disrupt.water|water|,sluice-jam-1,1,12.75,walked_into_shield,,,water
stored-night,tide-siege+sluice-jam,w0h0l-,51,true,false,injected,2,play|probe.heat|heat|,open-chill-3,13.75,play|probe.water|water|,long-flow-1,4.75,9,walked_into_shield,,,water
stored-night,tide-siege+sluice-jam,w0h0l-,52,false,false,injected,2,play|probe.land|land|,trample-green-3,13.75,play|probe.water|water|,long-flow-1,4.75,9,walked_into_shield,,,water
stored-night,tide-siege+sluice-jam,w0h0l-,53,true,false,injected,2,play|disrupt.heat|heat|,idle-fume-1,11,play|probe.water|water|,long-flow-1,2.75,8.25,missed_interrupt,shield,heat,
stored-night,tide-siege+sluice-jam,w0h0l-,54,false,false,injected,2,play|probe.land|land|,trample-green-3,13.75,play|probe.water|water|,long-flow-1,4.75,9,walked_into_shield,,,water
stored-night,tide-siege+sluice-jam,w0h0l-,55,false,false,injected,2,play|probe.heat|heat|,open-chill-3,18.75,play|probe.water|water|,long-flow-1,2.75,16,walked_into_shield,,,water
stored-night,tide-siege+sluice-jam,w0h0l-,56,true,false,injected,2,play|probe.heat|heat|,open-chill-2,18.75,play|probe.water|water|,long-flow-1,2.75,16,walked_into_shield,,,water
stored-night,tide-siege+sluice-jam,w0h0l-,57,true,false,injected,2,play|probe.heat|heat|,open-chill-3,14.5,play|disrupt.water|water|,foul-current-1,-0.25,14.75,walked_into_shield,,,water
stored-night,tide-siege+sluice-jam,w0h0l-,58,true,false,injected,2,play|probe.heat|heat|,open-chill-2,14.5,play|breach.water|water|,spend-tide-1,4.75,9.75,walked_into_shield,,,water
stored-night,tide-siege+sluice-jam,w0h0l-,59,false,false,injected,3,play|probe.land|land|,trample-green-3,-2,play|breach.heat|heat|,hundred-smoke-1,-13.75,11.75,walked_into_shield,,,heat
stored-night,tide-siege+sluice-jam,w0h0l-,60,true,true,injected,2,play|probe.heat|heat|,open-chill-2,13.75,play|probe.water|water|,long-flow-1,4.75,9,walked_into_shield,,,water
stored-night,tide-siege+sluice-jam,w0h0l-,61,true,true,injected,2,play|probe.heat|heat|,open-chill-1,18.75,play|probe.water|water|,long-flow-1,2.75,16,walked_into_shield,,,water
stored-night,tide-siege+sluice-jam,w0h0l-,62,false,false,injected,3,play|breach.land|land|,no-green-left-1,4.25,play|probe.heat|heat|,open-chill-1,-15,19.25,walked_into_shield,,,heat
stored-night,tide-siege+sluice-jam,w0h0l-,63,true,false,injected,2,play|disrupt.heat|heat|,idle-fume-1,11,play|probe.water|water|,long-flow-1,2.75,8.25,missed_interrupt,shield,heat,
stored-night,tide-siege+sluice-jam,w0h0l-,64,true,true,injected,2,play|breach.heat|heat|,hundred-smoke-1,23.75,play|disrupt.water|water|,foul-current-1,-0.25,24,walked_into_shield,,,water
stored-night,tide-siege+sluice-jam,w0h0l-,65,true,false,injected,2,play|probe.heat|heat|,open-chill-3,13.75,play|disrupt.water|water|,foul-current-1,-1,14.75,walked_into_shield,,,water
stored-night,tide-siege+sluice-jam,w0h0l-,66,false,false,injected,2,play|disrupt.heat|heat|,idle-fume-1,11,play|disrupt.land|land|,filth-spread-1,8,3,missed_interrupt,shield,heat,
stored-night,tide-siege+sluice-jam,w0h0l-,67,true,true,injected,3,play|disrupt.land|land|,filth-spread-1,11.25,play|probe.land|land|,trample-green-3,-4,15.25,missed_interrupt,repair,land,
stored-night,tide-siege+sluice-jam,w0h0l-,68,false,false,injected,2,play|breach.land|land|,no-green-left-1,22.75,play|breach.water|water|,spend-tide-1,4.75,18,walked_into_shield,,,water
stored-night,tide-siege+sluice-jam,w0h0l-,69,false,false,injected,2,play|breach.land|land|,no-green-left-1,22.75,play|breach.water|water|,tide-siege-1,4.75,18,walked_into_shield,,,water
stored-night,tide-siege+sluice-jam,w0h0l-,70,true,false,injected,2,play|probe.heat|heat|,open-chill-3,14.5,play|breach.water|water|,spend-tide-1,4.75,9.75,walked_into_shield,,,water
stored-night,tide-siege+sluice-jam,w0h0l-,71,true,false,injected,2,play|disrupt.heat|heat|,idle-fume-1,11,play|disrupt.land|land|,filth-spread-1,8,3,missed_interrupt,shield,heat,
stored-night,tide-siege+sluice-jam,w0h0l-,72,true,false,injected,3,play|disrupt.land|land|,filth-spread-1,10.25,play|probe.land|land|,trample-green-1,-5,15.25,missed_interrupt,repair,land,
stored-night,tide-siege+sluice-jam,w0h0l-,73,true,false,injected,2,play|probe.land|land|,trample-green-1,13.75,play|disrupt.water|water|,sluice-jam-1,-1,14.75,walked_into_shield,,,water
stored-night,tide-siege+sluice-jam,w0h0l-,74,false,false,injected,2,play|probe.heat|heat|,open-chill-3,13.75,play|disrupt.water|water|,sluice-jam-1,-1,14.75,walked_into_shield,,,water
stored-night,tide-siege+sluice-jam,w0h0l-,75,true,false,injected,2,play|probe.land|land|,trample-green-3,13.75,play|probe.water|water|,long-flow-1,4.75,9,walked_into_shield,,,water
stored-night,tide-siege+sluice-jam,w0h0l-,76,false,false,injected,2,play|probe.heat|heat|,open-chill-1,13.75,play|probe.water|water|,long-flow-1,4.75,9,walked_into_shield,,,water
stored-night,tide-siege+sluice-jam,w0h0l-,77,true,false,injected,2,play|gather||gather,,2.5,play|disrupt.water|water|,sluice-jam-1,1,1.5,walked_into_shield,,,water
stored-night,tide-siege+sluice-jam,w0h0l-,78,true,true,injected,2,play|disrupt.heat|heat|,idle-fume-1,11,play|disrupt.land|land|,filth-spread-1,8,3,missed_interrupt,shield,heat,
stored-night,tide-siege+sluice-jam,w0h0l-,79,false,false,injected,2,play|probe.land|land|,trample-green-2,13.75,play|disrupt.water|water|,sluice-jam-1,-1,14.75,walked_into_shield,,,water
stored-night,tide-siege+sluice-jam,w0h0l-,80,true,false,injected,2,play|probe.heat|heat|,open-chill-3,13.75,play|probe.water|water|,long-flow-1,4.75,9,walked_into_shield,,,water
stored-night,tide-siege+sluice-jam,w0h0l-,81,true,false,injected,2,play|breach.heat|heat|,hundred-smoke-1,23.75,play|breach.water|water|,tide-siege-1,4.75,19,walked_into_shield,,,water
stored-night,tide-siege+sluice-jam,w0h0l-,82,true,false,injected,2,play|probe.heat|heat|,open-chill-3,14.5,play|breach.water|water|,spend-tide-1,4.75,9.75,walked_into_shield,,,water
stored-night,tide-siege+sluice-jam,w0h0l-,83,true,false,injected,3,play|breach.water|water|,spend-tide-1,10.25,play|probe.heat|heat|,open-chill-1,-11,21.25,walked_into_shield,,,heat
stored-night,tide-siege+sluice-jam,w0h0l-,84,true,false,injected,2,play|probe.heat|heat|,open-chill-1,13.75,play|probe.water|water|,long-flow-1,4.75,9,walked_into_shield,,,water
stored-night,tide-siege+sluice-jam,w0h0l-,85,true,false,injected,2,play|probe.heat|heat|,open-chill-3,13.75,play|probe.water|water|,long-flow-1,4.75,9,walked_into_shield,,,water
stored-night,tide-siege+sluice-jam,w0h0l-,86,true,false,injected,2,play|probe.heat|heat|,open-chill-3,13.75,play|disrupt.water|water|,sluice-jam-1,-1,14.75,walked_into_shield,,,water
stored-night,tide-siege+sluice-jam,w0h0l-,87,true,true,injected,2,play|probe.land|land|,trample-green-1,13.75,play|probe.water|water|,long-flow-1,2.75,11,walked_into_shield,,,water
stored-night,tide-siege+sluice-jam,w0h0l-,88,true,false,injected,2,play|breach.heat|heat|,hundred-smoke-1,23.75,play|breach.water|water|,spend-tide-1,4.75,19,walked_into_shield,,,water
stored-night,tide-siege+sluice-jam,w0h0l-,89,true,false,injected,2,play|probe.heat|heat|,open-chill-2,13.75,play|probe.water|water|,long-flow-1,2.75,11,walked_into_shield,,,water
stored-night,tide-siege+sluice-jam,w0h0l-,90,true,false,injected,2,play|probe.heat|heat|,open-chill-3,18.75,play|disrupt.water|water|,sluice-jam-1,1,17.75,walked_into_shield,,,water
stored-night,tide-siege+sluice-jam,w0h0l-,91,true,false,injected,2,play|probe.heat|heat|,open-chill-2,13.75,play|probe.water|water|,long-flow-1,4.75,9,walked_into_shield,,,water
stored-night,tide-siege+sluice-jam,w0h0l-,92,false,false,injected,2,play|disrupt.heat|heat|,idle-fume-1,11,play|gather||gather,,2.5,8.5,missed_interrupt,shield,heat,
stored-night,tide-siege+sluice-jam,w0h0l-,93,true,false,injected,2,play|probe.heat|heat|,open-chill-2,18.75,play|disrupt.water|water|,sluice-jam-1,1,17.75,walked_into_shield,,,water
stored-night,tide-siege+sluice-jam,w0h0l-,94,true,true,injected,2,play|probe.land|land|,trample-green-3,13.75,play|probe.water|water|,long-flow-1,2.75,11,walked_into_shield,,,water
stored-night,tide-siege+sluice-jam,w0h0l-,95,true,false,injected,2,play|breach.land|land|,no-green-left-1,22.75,play|breach.water|water|,spend-tide-1,4.75,18,walked_into_shield,,,water
stored-night,tide-siege+sluice-jam,w0h0l-,96,true,false,injected,2,play|probe.heat|heat|,open-chill-3,13.75,play|disrupt.water|water|,sluice-jam-1,-1,14.75,walked_into_shield,,,water
stored-night,tide-siege+sluice-jam,w0h0l-,97,false,false,injected,2,play|breach.land|land|,no-green-left-1,22.75,play|disrupt.water|water|,sluice-jam-1,-0.25,23,walked_into_shield,,,water
stored-night,tide-siege+sluice-jam,w0h0l-,98,true,false,injected,2,play|probe.land|land|,trample-green-1,13.75,play|probe.water|water|,long-flow-1,2.75,11,walked_into_shield,,,water
stored-night,tide-siege+sluice-jam,w0h0l-,99,true,false,injected,2,play|probe.land|land|,trample-green-2,13.75,play|probe.water|water|,long-flow-1,2.75,11,walked_into_shield,,,water
stored-night,tide-siege+sluice-jam,w0h0l-,100,true,false,injected,2,play|probe.heat|heat|,open-chill-3,13.75,play|disrupt.water|water|,sluice-jam-1,-1,14.75,walked_into_shield,,,water
stored-night,tide-siege+sluice-jam,w0h0l+,1,false,false,injected,2,play|probe.land|land|,trample-green-3,13.75,play|probe.water|water|,long-flow-1,2.75,11,walked_into_shield,,,water
stored-night,tide-siege+sluice-jam,w0h0l+,2,true,false,injected,2,play|probe.heat|heat|,open-chill-2,13.75,play|probe.water|water|,long-flow-1,4.75,9,walked_into_shield,,,water
stored-night,tide-siege+sluice-jam,w0h0l+,3,true,true,injected,2,play|probe.heat|heat|,open-chill-3,18.75,play|probe.water|water|,long-flow-1,2.75,16,walked_into_shield,,,water
stored-night,tide-siege+sluice-jam,w0h0l+,4,false,false,injected,2,play|disrupt.land|land|,filth-spread-1,8,play|probe.water|water|,long-flow-1,2.75,5.25,walked_into_shield,,,water
stored-night,tide-siege+sluice-jam,w0h0l+,5,true,false,injected,2,play|probe.heat|heat|,open-chill-1,14.5,play|breach.water|water|,spend-tide-1,4.75,9.75,walked_into_shield,,,water
stored-night,tide-siege+sluice-jam,w0h0l+,6,true,false,injected,3,play|breach.water|water|,tide-siege-1,13.25,play|probe.heat|heat|,open-chill-2,-18.5,31.75,walked_into_shield,,,heat
stored-night,tide-siege+sluice-jam,w0h0l+,7,false,false,injected,2,play|probe.heat|heat|,open-chill-2,14.5,play|breach.water|water|,spend-tide-1,4.75,9.75,walked_into_shield,,,water
stored-night,tide-siege+sluice-jam,w0h0l+,8,false,false,injected,2,play|probe.heat|heat|,open-chill-1,13.75,play|probe.water|water|,long-flow-1,4.75,9,walked_into_shield,,,water
stored-night,tide-siege+sluice-jam,w0h0l+,9,true,false,injected,2,play|probe.land|land|,trample-green-1,13.75,play|probe.water|water|,long-flow-1,2.75,11,walked_into_shield,,,water
stored-night,tide-siege+sluice-jam,w0h0l+,10,false,false,injected,2,play|probe.heat|heat|,open-chill-3,14.5,play|breach.water|water|,tide-siege-1,4.75,9.75,walked_into_shield,,,water
stored-night,tide-siege+sluice-jam,w0h0l+,11,false,false,injected,2,play|probe.heat|heat|,open-chill-2,18.75,play|probe.water|water|,long-flow-1,2.75,16,walked_into_shield,,,water
stored-night,tide-siege+sluice-jam,w0h0l+,12,true,false,injected,2,play|probe.heat|heat|,open-chill-3,14.5,play|breach.water|water|,tide-siege-1,4.75,9.75,walked_into_shield,,,water
stored-night,tide-siege+sluice-jam,w0h0l+,13,true,false,injected,4,play|probe.water|water|,long-flow-1,18.5,play|probe.heat|heat|,open-chill-2,1,17.5,walked_into_shield,,,heat
stored-night,tide-siege+sluice-jam,w0h0l+,14,true,false,injected,2,play|probe.heat|heat|,open-chill-3,14.5,play|breach.water|water|,tide-siege-1,4.75,9.75,walked_into_shield,,,water
stored-night,tide-siege+sluice-jam,w0h0l+,15,false,false,injected,2,play|disrupt.heat|heat|,idle-fume-1,11,play|probe.water|water|,long-flow-1,4.75,6.25,missed_interrupt,shield,heat,
stored-night,tide-siege+sluice-jam,w0h0l+,16,false,false,injected,2,play|probe.heat|heat|,open-chill-1,14.5,play|breach.water|water|,spend-tide-1,4.75,9.75,walked_into_shield,,,water
stored-night,tide-siege+sluice-jam,w0h0l+,17,false,false,injected,2,play|probe.heat|heat|,open-chill-2,13.75,play|probe.water|water|,long-flow-1,2.75,11,walked_into_shield,,,water
stored-night,tide-siege+sluice-jam,w0h0l+,18,true,true,injected,2,play|probe.heat|heat|,open-chill-1,13.75,play|probe.water|water|,long-flow-1,4.75,9,walked_into_shield,,,water
stored-night,tide-siege+sluice-jam,w0h0l+,19,true,true,injected,2,play|probe.land|land|,trample-green-3,13.75,play|probe.water|water|,long-flow-1,4.75,9,walked_into_shield,,,water
stored-night,tide-siege+sluice-jam,w0h0l+,20,false,false,injected,2,play|probe.land|land|,trample-green-2,13.75,play|probe.water|water|,long-flow-1,2.75,11,walked_into_shield,,,water
stored-night,tide-siege+sluice-jam,w0h0l+,21,true,false,injected,2,play|probe.heat|heat|,open-chill-2,14.5,play|breach.water|water|,spend-tide-1,4.75,9.75,walked_into_shield,,,water
stored-night,tide-siege+sluice-jam,w0h0l+,22,false,false,injected,2,play|disrupt.land|land|,filth-spread-1,8,play|disrupt.water|water|,sluice-jam-1,1,7,walked_into_shield,,,water
stored-night,tide-siege+sluice-jam,w0h0l+,23,true,false,injected,2,play|probe.heat|heat|,open-chill-3,13.75,play|disrupt.water|water|,foul-current-1,-1,14.75,walked_into_shield,,,water
stored-night,tide-siege+sluice-jam,w0h0l+,24,false,false,injected,2,play|probe.heat|heat|,open-chill-2,13.75,play|probe.water|water|,long-flow-1,4.75,9,walked_into_shield,,,water
stored-night,tide-siege+sluice-jam,w0h0l+,25,true,true,injected,3,play|probe.land|land|,trample-green-3,-2,play|probe.heat|heat|,open-chill-3,-17,15,walked_into_shield,,,heat
stored-night,tide-siege+sluice-jam,w0h0l+,26,true,false,injected,2,play|probe.land|land|,trample-green-2,13.75,play|probe.water|water|,long-flow-1,2.75,11,walked_into_shield,,,water
stored-night,tide-siege+sluice-jam,w0h0l+,27,true,false,injected,2,play|breach.heat|heat|,hundred-smoke-1,23.75,play|disrupt.water|water|,sluice-jam-1,-0.25,24,walked_into_shield,,,water
stored-night,tide-siege+sluice-jam,w0h0l+,28,true,false,injected,2,play|breach.heat|heat|,hundred-smoke-1,23.75,play|breach.water|water|,tide-siege-1,4.75,19,walked_into_shield,,,water
stored-night,tide-siege+sluice-jam,w0h0l+,29,false,false,injected,2,play|probe.land|land|,trample-green-3,13.75,play|disrupt.water|water|,sluice-jam-1,-1,14.75,walked_into_shield,,,water
stored-night,tide-siege+sluice-jam,w0h0l+,30,false,false,injected,2,play|probe.land|land|,trample-green-2,13.75,play|probe.water|water|,long-flow-1,4.75,9,walked_into_shield,,,water
stored-night,tide-siege+sluice-jam,w0h0l+,31,true,true,injected,3,play|breach.water|water|,spend-tide-1,10.25,play|probe.heat|heat|,open-chill-1,-11,21.25,walked_into_shield,,,heat
stored-night,tide-siege+sluice-jam,w0h0l+,32,true,false,injected,2,play|probe.heat|heat|,open-chill-1,18.75,play|disrupt.water|water|,sluice-jam-1,1,17.75,walked_into_shield,,,water
stored-night,tide-siege+sluice-jam,w0h0l+,33,false,false,injected,2,play|disrupt.land|land|,filth-spread-1,8,play|probe.water|water|,long-flow-1,2.75,5.25,walked_into_shield,,,water
stored-night,tide-siege+sluice-jam,w0h0l+,34,false,false,injected,2,play|probe.heat|heat|,open-chill-2,13.75,play|probe.water|water|,long-flow-1,4.75,9,walked_into_shield,,,water
stored-night,tide-siege+sluice-jam,w0h0l+,35,true,true,injected,2,play|probe.heat|heat|,open-chill-1,13.75,play|probe.water|water|,long-flow-1,2.75,11,walked_into_shield,,,water
stored-night,tide-siege+sluice-jam,w0h0l+,36,false,false,injected,2,play|probe.land|land|,trample-green-3,13.75,play|probe.water|water|,long-flow-1,2.75,11,walked_into_shield,,,water
stored-night,tide-siege+sluice-jam,w0h0l+,37,true,true,injected,2,play|probe.heat|heat|,open-chill-1,13.75,play|probe.water|water|,long-flow-1,2.75,11,walked_into_shield,,,water
stored-night,tide-siege+sluice-jam,w0h0l+,38,false,false,injected,2,play|probe.land|land|,trample-green-3,13.75,play|probe.water|water|,long-flow-1,4.75,9,walked_into_shield,,,water
stored-night,tide-siege+sluice-jam,w0h0l+,39,true,false,injected,2,play|breach.land|land|,no-green-left-1,23.75,play|breach.water|water|,spend-tide-1,4.75,19,walked_into_shield,,,water
stored-night,tide-siege+sluice-jam,w0h0l+,40,true,false,injected,2,play|probe.heat|heat|,open-chill-3,14.5,play|disrupt.water|water|,sluice-jam-1,-0.25,14.75,walked_into_shield,,,water
stored-night,tide-siege+sluice-jam,w0h0l+,41,true,false,injected,2,play|probe.heat|heat|,open-chill-1,13.75,play|probe.water|water|,long-flow-1,4.75,9,walked_into_shield,,,water
stored-night,tide-siege+sluice-jam,w0h0l+,42,true,false,injected,2,play|probe.land|land|,trample-green-3,13.75,play|probe.water|water|,long-flow-1,4.75,9,walked_into_shield,,,water
stored-night,tide-siege+sluice-jam,w0h0l+,43,false,false,injected,2,play|probe.heat|heat|,open-chill-2,13.75,play|probe.water|water|,long-flow-1,2.75,11,walked_into_shield,,,water
stored-night,tide-siege+sluice-jam,w0h0l+,44,true,false,injected,2,play|breach.heat|heat|,hundred-smoke-1,23.75,play|disrupt.water|water|,foul-current-1,-0.25,24,walked_into_shield,,,water
stored-night,tide-siege+sluice-jam,w0h0l+,45,false,false,injected,2,play|probe.land|land|,trample-green-1,13.75,play|probe.water|water|,long-flow-1,2.75,11,walked_into_shield,,,water
stored-night,tide-siege+sluice-jam,w0h0l+,46,false,false,injected,2,play|probe.land|land|,trample-green-1,13.75,play|probe.water|water|,long-flow-1,2.75,11,walked_into_shield,,,water
stored-night,tide-siege+sluice-jam,w0h0l+,47,false,false,injected,2,play|breach.land|land|,no-green-left-1,23.75,play|breach.water|water|,spend-tide-1,4.75,19,walked_into_shield,,,water
stored-night,tide-siege+sluice-jam,w0h0l+,48,false,false,injected,2,play|breach.land|land|,no-green-left-1,23.75,play|breach.water|water|,tide-siege-1,4.75,19,walked_into_shield,,,water
stored-night,tide-siege+sluice-jam,w0h0l+,49,true,false,injected,2,play|probe.heat|heat|,open-chill-1,14.5,play|breach.water|water|,tide-siege-1,4.75,9.75,walked_into_shield,,,water
stored-night,tide-siege+sluice-jam,w0h0l+,50,false,false,injected,2,play|probe.land|land|,trample-green-3,13.75,play|disrupt.water|water|,sluice-jam-1,1,12.75,walked_into_shield,,,water
stored-night,tide-siege+sluice-jam,w0h0l+,51,true,false,injected,2,play|probe.heat|heat|,open-chill-3,13.75,play|probe.water|water|,long-flow-1,4.75,9,walked_into_shield,,,water
stored-night,tide-siege+sluice-jam,w0h0l+,52,false,false,injected,2,play|probe.land|land|,trample-green-3,13.75,play|probe.water|water|,long-flow-1,4.75,9,walked_into_shield,,,water
stored-night,tide-siege+sluice-jam,w0h0l+,53,true,true,injected,2,play|disrupt.heat|heat|,idle-fume-1,11,play|probe.water|water|,long-flow-1,2.75,8.25,missed_interrupt,shield,heat,
stored-night,tide-siege+sluice-jam,w0h0l+,54,false,false,injected,2,play|probe.land|land|,trample-green-3,13.75,play|probe.water|water|,long-flow-1,4.75,9,walked_into_shield,,,water
stored-night,tide-siege+sluice-jam,w0h0l+,55,false,false,injected,2,play|probe.heat|heat|,open-chill-3,18.75,play|probe.water|water|,long-flow-1,2.75,16,walked_into_shield,,,water
stored-night,tide-siege+sluice-jam,w0h0l+,56,true,false,injected,2,play|probe.heat|heat|,open-chill-2,18.75,play|probe.water|water|,long-flow-1,2.75,16,walked_into_shield,,,water
stored-night,tide-siege+sluice-jam,w0h0l+,57,true,false,injected,2,play|probe.heat|heat|,open-chill-3,14.5,play|disrupt.water|water|,foul-current-1,-0.25,14.75,walked_into_shield,,,water
stored-night,tide-siege+sluice-jam,w0h0l+,58,true,false,injected,2,play|probe.heat|heat|,open-chill-2,14.5,play|breach.water|water|,spend-tide-1,4.75,9.75,walked_into_shield,,,water
stored-night,tide-siege+sluice-jam,w0h0l+,59,true,false,injected,3,play|probe.land|land|,trample-green-3,-2,play|breach.heat|heat|,hundred-smoke-1,-13.75,11.75,walked_into_shield,,,heat
stored-night,tide-siege+sluice-jam,w0h0l+,60,true,true,injected,2,play|probe.heat|heat|,open-chill-2,13.75,play|probe.water|water|,long-flow-1,4.75,9,walked_into_shield,,,water
stored-night,tide-siege+sluice-jam,w0h0l+,61,true,true,injected,2,play|probe.heat|heat|,open-chill-1,18.75,play|probe.water|water|,long-flow-1,2.75,16,walked_into_shield,,,water
stored-night,tide-siege+sluice-jam,w0h0l+,62,false,false,injected,3,play|breach.land|land|,no-green-left-1,4.25,play|probe.heat|heat|,open-chill-1,-15,19.25,walked_into_shield,,,heat
stored-night,tide-siege+sluice-jam,w0h0l+,63,true,false,injected,2,play|disrupt.heat|heat|,idle-fume-1,11,play|probe.water|water|,long-flow-1,2.75,8.25,missed_interrupt,shield,heat,
stored-night,tide-siege+sluice-jam,w0h0l+,64,true,true,injected,2,play|breach.heat|heat|,hundred-smoke-1,23.75,play|disrupt.water|water|,foul-current-1,-0.25,24,walked_into_shield,,,water
stored-night,tide-siege+sluice-jam,w0h0l+,65,true,false,injected,2,play|probe.heat|heat|,open-chill-3,13.75,play|disrupt.water|water|,foul-current-1,-1,14.75,walked_into_shield,,,water
stored-night,tide-siege+sluice-jam,w0h0l+,66,false,false,injected,2,play|disrupt.heat|heat|,idle-fume-1,11,play|disrupt.land|land|,filth-spread-1,8,3,missed_interrupt,shield,heat,
stored-night,tide-siege+sluice-jam,w0h0l+,67,true,true,injected,3,play|disrupt.land|land|,filth-spread-1,11.25,play|probe.land|land|,trample-green-3,-4,15.25,missed_interrupt,repair,land,
stored-night,tide-siege+sluice-jam,w0h0l+,68,false,false,injected,2,play|breach.land|land|,no-green-left-1,23.75,play|breach.water|water|,spend-tide-1,4.75,19,walked_into_shield,,,water
stored-night,tide-siege+sluice-jam,w0h0l+,69,false,false,injected,2,play|breach.land|land|,no-green-left-1,23.75,play|breach.water|water|,tide-siege-1,4.75,19,walked_into_shield,,,water
stored-night,tide-siege+sluice-jam,w0h0l+,70,true,false,injected,2,play|probe.heat|heat|,open-chill-3,14.5,play|breach.water|water|,spend-tide-1,4.75,9.75,walked_into_shield,,,water
stored-night,tide-siege+sluice-jam,w0h0l+,71,true,false,injected,2,play|disrupt.heat|heat|,idle-fume-1,11,play|disrupt.land|land|,filth-spread-1,8,3,missed_interrupt,shield,heat,
stored-night,tide-siege+sluice-jam,w0h0l+,72,true,false,injected,3,play|disrupt.land|land|,filth-spread-1,10.25,play|probe.land|land|,trample-green-1,-5,15.25,missed_interrupt,repair,land,
stored-night,tide-siege+sluice-jam,w0h0l+,73,true,false,injected,2,play|probe.land|land|,trample-green-1,13.75,play|disrupt.water|water|,sluice-jam-1,-1,14.75,walked_into_shield,,,water
stored-night,tide-siege+sluice-jam,w0h0l+,74,true,false,injected,2,play|probe.heat|heat|,open-chill-3,13.75,play|disrupt.water|water|,sluice-jam-1,1,12.75,walked_into_shield,,,water
stored-night,tide-siege+sluice-jam,w0h0l+,75,true,false,injected,2,play|probe.land|land|,trample-green-3,13.75,play|probe.water|water|,long-flow-1,4.75,9,walked_into_shield,,,water
stored-night,tide-siege+sluice-jam,w0h0l+,76,false,false,injected,2,play|probe.heat|heat|,open-chill-1,13.75,play|probe.water|water|,long-flow-1,4.75,9,walked_into_shield,,,water
stored-night,tide-siege+sluice-jam,w0h0l+,77,true,false,injected,2,play|gather||gather,,2.5,play|disrupt.water|water|,sluice-jam-1,1,1.5,walked_into_shield,,,water
stored-night,tide-siege+sluice-jam,w0h0l+,78,true,true,injected,2,play|disrupt.heat|heat|,idle-fume-1,11,play|disrupt.land|land|,filth-spread-1,8,3,missed_interrupt,shield,heat,
stored-night,tide-siege+sluice-jam,w0h0l+,79,false,false,injected,2,play|probe.land|land|,trample-green-2,13.75,play|disrupt.water|water|,sluice-jam-1,-1,14.75,walked_into_shield,,,water
stored-night,tide-siege+sluice-jam,w0h0l+,80,true,true,injected,2,play|probe.heat|heat|,open-chill-3,13.75,play|probe.water|water|,long-flow-1,4.75,9,walked_into_shield,,,water
stored-night,tide-siege+sluice-jam,w0h0l+,81,true,false,injected,2,play|breach.heat|heat|,hundred-smoke-1,23.75,play|breach.water|water|,tide-siege-1,4.75,19,walked_into_shield,,,water
stored-night,tide-siege+sluice-jam,w0h0l+,82,true,false,injected,2,play|probe.heat|heat|,open-chill-3,14.5,play|breach.water|water|,spend-tide-1,4.75,9.75,walked_into_shield,,,water
stored-night,tide-siege+sluice-jam,w0h0l+,83,false,false,injected,3,play|breach.water|water|,spend-tide-1,7.25,play|probe.heat|heat|,open-chill-1,-13,20.25,walked_into_shield,,,heat
stored-night,tide-siege+sluice-jam,w0h0l+,84,true,false,injected,2,play|probe.heat|heat|,open-chill-1,13.75,play|probe.water|water|,long-flow-1,4.75,9,walked_into_shield,,,water
stored-night,tide-siege+sluice-jam,w0h0l+,85,true,false,injected,2,play|probe.heat|heat|,open-chill-3,13.75,play|probe.water|water|,long-flow-1,4.75,9,walked_into_shield,,,water
stored-night,tide-siege+sluice-jam,w0h0l+,86,true,false,injected,2,play|probe.heat|heat|,open-chill-3,13.75,play|disrupt.water|water|,sluice-jam-1,-1,14.75,walked_into_shield,,,water
stored-night,tide-siege+sluice-jam,w0h0l+,87,true,true,injected,2,play|probe.land|land|,trample-green-1,13.75,play|probe.water|water|,long-flow-1,2.75,11,walked_into_shield,,,water
stored-night,tide-siege+sluice-jam,w0h0l+,88,true,false,injected,2,play|breach.heat|heat|,hundred-smoke-1,23.75,play|breach.water|water|,spend-tide-1,4.75,19,walked_into_shield,,,water
stored-night,tide-siege+sluice-jam,w0h0l+,89,true,false,injected,2,play|probe.heat|heat|,open-chill-2,13.75,play|probe.water|water|,long-flow-1,2.75,11,walked_into_shield,,,water
stored-night,tide-siege+sluice-jam,w0h0l+,90,true,false,injected,2,play|probe.heat|heat|,open-chill-3,18.75,play|disrupt.water|water|,sluice-jam-1,1,17.75,walked_into_shield,,,water
stored-night,tide-siege+sluice-jam,w0h0l+,91,true,false,injected,2,play|probe.heat|heat|,open-chill-2,13.75,play|probe.water|water|,long-flow-1,4.75,9,walked_into_shield,,,water
stored-night,tide-siege+sluice-jam,w0h0l+,92,false,true,injected,2,play|disrupt.heat|heat|,idle-fume-1,11,play|gather||gather,,2.5,8.5,missed_interrupt,shield,heat,
stored-night,tide-siege+sluice-jam,w0h0l+,93,true,false,injected,2,play|probe.heat|heat|,open-chill-2,18.75,play|disrupt.water|water|,sluice-jam-1,1,17.75,walked_into_shield,,,water
stored-night,tide-siege+sluice-jam,w0h0l+,94,true,true,injected,2,play|probe.land|land|,trample-green-3,13.75,play|probe.water|water|,long-flow-1,2.75,11,walked_into_shield,,,water
stored-night,tide-siege+sluice-jam,w0h0l+,95,true,false,injected,2,play|breach.land|land|,no-green-left-1,23.75,play|breach.water|water|,spend-tide-1,4.75,19,walked_into_shield,,,water
stored-night,tide-siege+sluice-jam,w0h0l+,96,true,false,injected,2,play|probe.heat|heat|,open-chill-3,13.75,play|disrupt.water|water|,sluice-jam-1,-1,14.75,walked_into_shield,,,water
stored-night,tide-siege+sluice-jam,w0h0l+,97,false,false,injected,2,play|breach.land|land|,no-green-left-1,23.75,play|disrupt.water|water|,sluice-jam-1,-0.25,24,walked_into_shield,,,water
stored-night,tide-siege+sluice-jam,w0h0l+,98,true,false,injected,2,play|probe.land|land|,trample-green-1,13.75,play|probe.water|water|,long-flow-1,2.75,11,walked_into_shield,,,water
stored-night,tide-siege+sluice-jam,w0h0l+,99,true,false,injected,2,play|probe.land|land|,trample-green-2,13.75,play|probe.water|water|,long-flow-1,2.75,11,walked_into_shield,,,water
stored-night,tide-siege+sluice-jam,w0h0l+,100,false,false,injected,2,play|probe.heat|heat|,open-chill-3,13.75,play|disrupt.water|water|,sluice-jam-1,1,12.75,walked_into_shield,,,water
stored-night,smoke-screen+hollow-ground,w0h0l0,1,true,false,injected,2,play|probe.land|land|,trample-green-2,13.75,play|probe.water|water|,long-flow-3,4.75,9,walked_into_shield,,,water
stored-night,smoke-screen+hollow-ground,w0h0l0,2,true,true,injected,2,play|disrupt.heat|heat|,smoke-screen-1,11,play|gather||gather,,2.5,8.5,missed_interrupt,shield,heat,
stored-night,smoke-screen+hollow-ground,w0h0l0,3,false,false,injected,2,play|probe.heat|heat|,open-chill-1,13.75,play|probe.water|water|,long-flow-1,2.75,11,walked_into_shield,,,water
stored-night,smoke-screen+hollow-ground,w0h0l0,4,false,false,injected,2,play|probe.heat|heat|,open-chill-1,13.75,play|probe.water|water|,long-flow-3,2.75,11,walked_into_shield,,,water
stored-night,smoke-screen+hollow-ground,w0h0l0,5,true,false,injected,2,play|disrupt.heat|heat|,idle-fume-1,11,play|disrupt.land|land|,filth-spread-1,8,3,missed_interrupt,shield,heat,
stored-night,smoke-screen+hollow-ground,w0h0l0,6,true,false,injected,2,play|probe.heat|heat|,open-chill-1,13.75,play|disrupt.water|water|,foul-current-1,-1,14.75,walked_into_shield,,,water
stored-night,smoke-screen+hollow-ground,w0h0l0,7,false,false,injected,2,play|breach.land|land|,hollow-ground-1,23.75,play|breach.water|water|,spend-tide-1,4.75,19,walked_into_shield,,,water
stored-night,smoke-screen+hollow-ground,w0h0l0,8,false,false,injected,3,play|probe.land|land|,trample-green-2,-2,play|probe.heat|heat|,open-chill-2,-15,13,walked_into_shield,,,heat
stored-night,smoke-screen+hollow-ground,w0h0l0,9,true,false,injected,2,play|disrupt.heat|heat|,idle-fume-1,11,play|probe.water|water|,long-flow-2,2.75,8.25,missed_interrupt,shield,heat,
stored-night,smoke-screen+hollow-ground,w0h0l0,10,false,false,injected,2,play|disrupt.heat|heat|,smoke-screen-1,11,play|disrupt.land|land|,filth-spread-1,8,3,missed_interrupt,shield,heat,
stored-night,smoke-screen+hollow-ground,w0h0l0,11,false,false,injected,2,play|disrupt.land|land|,filth-spread-1,8,play|probe.water|water|,long-flow-1,2.75,5.25,walked_into_shield,,,water
stored-night,smoke-screen+hollow-ground,w0h0l0,12,true,false,injected,2,play|breach.land|land|,hollow-ground-1,23.75,play|breach.water|water|,spend-tide-1,4.75,19,walked_into_shield,,,water
stored-night,smoke-screen+hollow-ground,w0h0l0,13,true,false,injected,2,play|probe.heat|heat|,open-chill-1,18.75,play|probe.water|water|,long-flow-2,2.75,16,walked_into_shield,,,water
stored-night,smoke-screen+hollow-ground,w0h0l0,14,true,false,injected,2,play|breach.heat|heat|,hundred-smoke-1,23.75,play|disrupt.water|water|,foul-current-1,-0.25,24,walked_into_shield,,,water
stored-night,smoke-screen+hollow-ground,w0h0l0,15,false,false,injected,2,play|disrupt.land|land|,filth-spread-1,8,play|probe.water|water|,long-flow-3,4.75,3.25,walked_into_shield,,,water
stored-night,smoke-screen+hollow-ground,w0h0l0,16,false,false,injected,2,play|probe.heat|heat|,open-chill-2,18.75,play|probe.water|water|,long-flow-3,2.75,16,walked_into_shield,,,water
stored-night,smoke-screen+hollow-ground,w0h0l0,17,true,false,injected,2,play|probe.heat|heat|,open-chill-2,13.75,play|probe.water|water|,long-flow-1,2.75,11,walked_into_shield,,,water
stored-night,smoke-screen+hollow-ground,w0h0l0,18,true,false,injected,2,play|breach.heat|heat|,hundred-smoke-1,23.75,play|breach.water|water|,spend-tide-1,4.75,19,walked_into_shield,,,water
stored-night,smoke-screen+hollow-ground,w0h0l0,19,false,false,injected,2,play|probe.land|land|,trample-green-2,13.75,play|probe.water|water|,long-flow-3,2.75,11,walked_into_shield,,,water
stored-night,smoke-screen+hollow-ground,w0h0l0,20,false,false,injected,2,play|probe.land|land|,trample-green-2,13.75,play|probe.water|water|,long-flow-3,2.75,11,walked_into_shield,,,water
stored-night,smoke-screen+hollow-ground,w0h0l0,21,true,false,injected,2,play|disrupt.heat|heat|,idle-fume-1,11,play|probe.water|water|,long-flow-2,4.75,6.25,missed_interrupt,shield,heat,
stored-night,smoke-screen+hollow-ground,w0h0l0,22,true,false,injected,2,play|breach.land|land|,no-green-left-1,23.75,play|disrupt.water|water|,foul-current-1,-0.25,24,walked_into_shield,,,water
stored-night,smoke-screen+hollow-ground,w0h0l0,23,true,false,injected,3,play|disrupt.land|land|,filth-spread-1,15.25,play|breach.land|land|,no-green-left-1,12.25,3,missed_interrupt,repair,land,
stored-night,smoke-screen+hollow-ground,w0h0l0,24,true,false,injected,2,play|disrupt.land|land|,filth-spread-1,8,play|probe.water|water|,long-flow-3,4.75,3.25,walked_into_shield,,,water
stored-night,smoke-screen+hollow-ground,w0h0l0,25,true,true,injected,2,play|disrupt.heat|heat|,idle-fume-1,11,play|disrupt.land|land|,filth-spread-1,8,3,missed_interrupt,shield,heat,
stored-night,smoke-screen+hollow-ground,w0h0l0,26,true,false,injected,2,play|probe.land|land|,trample-green-1,13.75,play|probe.water|water|,long-flow-2,2.75,11,walked_into_shield,,,water
stored-night,smoke-screen+hollow-ground,w0h0l0,27,false,false,injected,2,play|probe.heat|heat|,open-chill-1,18.75,play|probe.water|water|,long-flow-3,2.75,16,walked_into_shield,,,water
stored-night,smoke-screen+hollow-ground,w0h0l0,28,true,true,injected,3,play|breach.water|water|,spend-tide-1,11.25,play|probe.heat|heat|,open-chill-2,-15,26.25,walked_into_shield,,,heat
stored-night,smoke-screen+hollow-ground,w0h0l0,29,true,true,injected,2,play|probe.land|land|,trample-green-1,13.75,play|probe.water|water|,long-flow-2,4.75,9,walked_into_shield,,,water
stored-night,smoke-screen+hollow-ground,w0h0l0,30,true,false,injected,2,play|breach.land|land|,no-green-left-1,23.75,play|probe.water|water|,long-flow-3,1.5,22.25,walked_into_shield,,,water
stored-night,smoke-screen+hollow-ground,w0h0l0,31,false,false,injected,2,play|breach.land|land|,no-green-left-1,23.75,play|probe.water|water|,long-flow-1,1.5,22.25,walked_into_shield,,,water
stored-night,smoke-screen+hollow-ground,w0h0l0,32,false,true,injected,2,play|disrupt.heat|heat|,smoke-screen-1,11,play|probe.water|water|,long-flow-1,2.75,8.25,missed_interrupt,shield,heat,
stored-night,smoke-screen+hollow-ground,w0h0l0,33,false,false,injected,2,play|disrupt.heat|heat|,smoke-screen-1,11,play|disrupt.land|land|,filth-spread-1,8,3,missed_interrupt,shield,heat,
stored-night,smoke-screen+hollow-ground,w0h0l0,34,true,false,injected,2,play|probe.land|land|,trample-green-1,13.75,play|probe.water|water|,long-flow-2,2.75,11,walked_into_shield,,,water
stored-night,smoke-screen+hollow-ground,w0h0l0,35,false,true,injected,2,play|disrupt.heat|heat|,smoke-screen-1,11,play|disrupt.land|land|,filth-spread-1,8,3,missed_interrupt,shield,heat,
stored-night,smoke-screen+hollow-ground,w0h0l0,36,false,false,injected,2,play|disrupt.heat|heat|,smoke-screen-1,11,play|probe.water|water|,long-flow-1,2.75,8.25,missed_interrupt,shield,heat,
stored-night,smoke-screen+hollow-ground,w0h0l0,37,false,true,injected,2,play|disrupt.heat|heat|,smoke-screen-1,11,play|probe.water|water|,long-flow-3,2.75,8.25,missed_interrupt,shield,heat,
stored-night,smoke-screen+hollow-ground,w0h0l0,38,false,false,injected,2,play|probe.land|land|,trample-green-2,13.75,play|probe.water|water|,long-flow-1,2.75,11,walked_into_shield,,,water
stored-night,smoke-screen+hollow-ground,w0h0l0,39,true,false,injected,2,play|probe.heat|heat|,open-chill-2,13.75,play|probe.water|water|,long-flow-2,2.75,11,walked_into_shield,,,water
stored-night,smoke-screen+hollow-ground,w0h0l0,40,true,false,injected,2,play|probe.heat|heat|,open-chill-2,18.75,play|probe.water|water|,long-flow-3,2.75,16,walked_into_shield,,,water
stored-night,smoke-screen+hollow-ground,w0h0l0,41,true,false,injected,2,play|disrupt.heat|heat|,smoke-screen-1,11,play|probe.water|water|,long-flow-2,2.75,8.25,missed_interrupt,shield,heat,
stored-night,smoke-screen+hollow-ground,w0h0l0,42,true,false,injected,2,play|probe.land|land|,trample-green-2,13.75,play|probe.water|water|,long-flow-1,2.75,11,walked_into_shield,,,water
stored-night,smoke-screen+hollow-ground,w0h0l0,43,false,false,injected,2,play|disrupt.heat|heat|,smoke-screen-1,11,play|probe.water|water|,long-flow-2,2.75,8.25,missed_interrupt,shield,heat,
stored-night,smoke-screen+hollow-ground,w0h0l0,44,true,true,injected,3,play|probe.water|water|,long-flow-2,-1,play|breach.heat|heat|,hundred-smoke-1,-13.75,12.75,walked_into_shield,,,heat
stored-night,smoke-screen+hollow-ground,w0h0l0,45,true,false,injected,3,play|breach.water|water|,spend-tide-1,10.25,play|disrupt.heat|heat|,smoke-screen-1,-18.75,29,walked_into_shield,,,heat
stored-night,smoke-screen+hollow-ground,w0h0l0,46,false,false,injected,2,play|disrupt.heat|heat|,smoke-screen-1,11,play|probe.water|water|,long-flow-3,2.75,8.25,missed_interrupt,shield,heat,
stored-night,smoke-screen+hollow-ground,w0h0l0,47,true,true,injected,3,play|breach.water|water|,spend-tide-1,11.25,play|probe.heat|heat|,open-chill-2,-15,26.25,walked_into_shield,,,heat
stored-night,smoke-screen+hollow-ground,w0h0l0,48,true,true,injected,2,play|probe.land|land|,trample-green-2,13.75,play|probe.water|water|,long-flow-3,2.75,11,walked_into_shield,,,water
stored-night,smoke-screen+hollow-ground,w0h0l0,49,false,true,injected,2,play|disrupt.heat|heat|,smoke-screen-1,11,play|probe.water|water|,long-flow-1,4.75,6.25,missed_interrupt,shield,heat,
stored-night,smoke-screen+hollow-ground,w0h0l0,50,false,true,injected,2,play|probe.land|land|,trample-green-2,13.75,play|probe.water|water|,long-flow-2,2.75,11,walked_into_shield,,,water
stored-night,smoke-screen+hollow-ground,w0h0l0,51,true,true,injected,2,play|disrupt.heat|heat|,idle-fume-1,11,play|probe.water|water|,long-flow-1,4.75,6.25,missed_interrupt,shield,heat,
stored-night,smoke-screen+hollow-ground,w0h0l0,52,true,false,injected,2,play|breach.land|land|,hollow-ground-1,23.75,play|probe.water|water|,long-flow-3,1.5,22.25,walked_into_shield,,,water
stored-night,smoke-screen+hollow-ground,w0h0l0,53,true,false,injected,2,play|breach.heat|heat|,hundred-smoke-1,23.75,play|breach.water|water|,spend-tide-1,4.75,19,walked_into_shield,,,water
stored-night,smoke-screen+hollow-ground,w0h0l0,54,true,false,injected,2,play|breach.land|land|,hollow-ground-1,23.75,play|probe.water|water|,long-flow-3,1.5,22.25,walked_into_shield,,,water
stored-night,smoke-screen+hollow-ground,w0h0l0,55,true,false,injected,2,play|probe.heat|heat|,open-chill-1,13.75,play|probe.water|water|,long-flow-1,2.75,11,walked_into_shield,,,water
stored-night,smoke-screen+hollow-ground,w0h0l0,56,true,false,injected,2,play|probe.land|land|,trample-green-2,13.75,play|probe.water|water|,long-flow-3,2.75,11,walked_into_shield,,,water
stored-night,smoke-screen+hollow-ground,w0h0l0,57,true,false,injected,2,play|probe.heat|heat|,open-chill-2,18.75,play|probe.water|water|,long-flow-3,2.75,16,walked_into_shield,,,water
stored-night,smoke-screen+hollow-ground,w0h0l0,58,true,true,injected,2,play|disrupt.heat|heat|,smoke-screen-1,11,play|disrupt.land|land|,filth-spread-1,8,3,missed_interrupt,shield,heat,
stored-night,smoke-screen+hollow-ground,w0h0l0,59,false,false,injected,2,play|disrupt.heat|heat|,smoke-screen-1,11,play|disrupt.land|land|,filth-spread-1,8,3,missed_interrupt,shield,heat,
stored-night,smoke-screen+hollow-ground,w0h0l0,60,true,false,injected,2,play|breach.land|land|,hollow-ground-1,23.75,play|disrupt.water|water|,foul-current-1,-0.25,24,walked_into_shield,,,water
stored-night,smoke-screen+hollow-ground,w0h0l0,61,true,true,injected,2,play|disrupt.heat|heat|,smoke-screen-1,11,play|probe.water|water|,long-flow-3,2.75,8.25,missed_interrupt,shield,heat,
stored-night,smoke-screen+hollow-ground,w0h0l0,62,true,false,injected,2,play|probe.heat|heat|,open-chill-2,14.5,play|probe.water|water|,long-flow-1,1.5,13,walked_into_shield,,,water
stored-night,smoke-screen+hollow-ground,w0h0l0,63,true,false,injected,2,play|probe.heat|heat|,open-chill-1,13.75,play|probe.water|water|,long-flow-2,2.75,11,walked_into_shield,,,water
stored-night,smoke-screen+hollow-ground,w0h0l0,64,true,false,injected,2,play|probe.land|land|,trample-green-2,13.75,play|probe.water|water|,long-flow-3,2.75,11,walked_into_shield,,,water
stored-night,smoke-screen+hollow-ground,w0h0l0,65,true,false,injected,2,play|breach.land|land|,no-green-left-1,23.75,play|probe.water|water|,long-flow-3,1.5,22.25,walked_into_shield,,,water
stored-night,smoke-screen+hollow-ground,w0h0l0,66,false,true,injected,2,play|disrupt.land|land|,filth-spread-1,8,play|probe.water|water|,long-flow-3,2.75,5.25,walked_into_shield,,,water
stored-night,smoke-screen+hollow-ground,w0h0l0,67,true,false,injected,2,play|probe.land|land|,trample-green-2,13.75,play|probe.water|water|,long-flow-1,2.75,11,walked_into_shield,,,water
stored-night,smoke-screen+hollow-ground,w0h0l0,68,true,false,injected,3,play|breach.land|land|,no-green-left-1,9.25,play|disrupt.heat|heat|,smoke-screen-1,-18.75,28,walked_into_shield,,,heat
stored-night,smoke-screen+hollow-ground,w0h0l0,69,false,false,injected,2,play|disrupt.heat|heat|,smoke-screen-1,11,play|probe.water|water|,long-flow-1,2.75,8.25,missed_interrupt,shield,heat,
stored-night,smoke-screen+hollow-ground,w0h0l0,70,false,false,injected,2,play|disrupt.land|land|,filth-spread-1,8,play|probe.water|water|,long-flow-2,2.75,5.25,walked_into_shield,,,water
stored-night,smoke-screen+hollow-ground,w0h0l0,71,true,false,injected,2,play|breach.heat|heat|,hundred-smoke-1,23.75,play|probe.water|water|,long-flow-3,1.5,22.25,walked_into_shield,,,water
stored-night,smoke-screen+hollow-ground,w0h0l0,72,true,false,injected,2,play|breach.land|land|,no-green-left-1,23.75,play|probe.water|water|,long-flow-1,1.5,22.25,walked_into_shield,,,water
stored-night,smoke-screen+hollow-ground,w0h0l0,73,true,true,injected,2,play|disrupt.land|land|,filth-spread-1,8,play|probe.water|water|,long-flow-2,2.75,5.25,walked_into_shield,,,water
stored-night,smoke-screen+hollow-ground,w0h0l0,74,true,false,injected,2,play|probe.land|land|,trample-green-1,13.75,play|probe.water|water|,long-flow-1,2.75,11,walked_into_shield,,,water
stored-night,smoke-screen+hollow-ground,w0h0l0,75,true,false,injected,2,play|probe.heat|heat|,open-chill-2,14.5,play|probe.water|water|,long-flow-3,1.5,13,walked_into_shield,,,water
stored-night,smoke-screen+hollow-ground,w0h0l0,76,false,true,injected,2,play|disrupt.heat|heat|,idle-fume-1,11,play|disrupt.land|land|,filth-spread-1,8,3,missed_interrupt,shield,heat,
stored-night,smoke-screen+hollow-ground,w0h0l0,77,true,true,injected,2,play|disrupt.heat|heat|,smoke-screen-1,11,play|probe.water|water|,long-flow-2,2.75,8.25,missed_interrupt,shield,heat,
stored-night,smoke-screen+hollow-ground,w0h0l0,78,true,false,injected,2,play|probe.heat|heat|,open-chill-2,13.75,play|probe.water|water|,long-flow-2,2.75,11,walked_into_shield,,,water
stored-night,smoke-screen+hollow-ground,w0h0l0,79,true,false,injected,2,play|disrupt.heat|heat|,smoke-screen-1,11,play|probe.water|water|,long-flow-2,2.75,8.25,missed_interrupt,shield,heat,
stored-night,smoke-screen+hollow-ground,w0h0l0,80,true,false,injected,2,play|breach.land|land|,hollow-ground-1,23.75,play|probe.water|water|,long-flow-2,1.5,22.25,walked_into_shield,,,water
stored-night,smoke-screen+hollow-ground,w0h0l0,81,false,true,injected,2,play|disrupt.heat|heat|,smoke-screen-1,11,play|probe.water|water|,long-flow-3,2.75,8.25,missed_interrupt,shield,heat,
stored-night,smoke-screen+hollow-ground,w0h0l0,82,false,false,injected,2,play|breach.land|land|,hollow-ground-1,23.75,play|breach.water|water|,spend-tide-1,4.75,19,walked_into_shield,,,water
stored-night,smoke-screen+hollow-ground,w0h0l0,83,true,false,injected,2,play|probe.heat|heat|,open-chill-1,13.75,play|probe.water|water|,long-flow-2,2.75,11,walked_into_shield,,,water
stored-night,smoke-screen+hollow-ground,w0h0l0,84,true,false,injected,2,play|breach.heat|heat|,hundred-smoke-1,23.75,play|breach.water|water|,spend-tide-1,4.75,19,walked_into_shield,,,water
stored-night,smoke-screen+hollow-ground,w0h0l0,85,true,true,injected,2,play|probe.heat|heat|,open-chill-1,14.5,play|breach.water|water|,spend-tide-1,4.75,9.75,walked_into_shield,,,water
stored-night,smoke-screen+hollow-ground,w0h0l0,86,false,false,injected,2,play|disrupt.land|land|,filth-spread-1,8,play|disrupt.water|water|,foul-current-1,1,7,walked_into_shield,,,water
stored-night,smoke-screen+hollow-ground,w0h0l0,87,false,true,injected,2,play|probe.land|land|,trample-green-2,13.75,play|probe.water|water|,long-flow-1,2.75,11,walked_into_shield,,,water
stored-night,smoke-screen+hollow-ground,w0h0l0,88,true,false,injected,2,play|probe.land|land|,trample-green-1,13.75,play|probe.water|water|,long-flow-3,4.75,9,walked_into_shield,,,water
stored-night,smoke-screen+hollow-ground,w0h0l0,89,false,false,injected,2,play|disrupt.land|land|,filth-spread-1,8,play|probe.water|water|,long-flow-3,2.75,5.25,walked_into_shield,,,water
stored-night,smoke-screen+hollow-ground,w0h0l0,90,true,true,injected,2,play|probe.heat|heat|,open-chill-1,13.75,play|probe.water|water|,long-flow-3,2.75,11,walked_into_shield,,,water
stored-night,smoke-screen+hollow-ground,w0h0l0,91,true,false,injected,2,play|probe.land|land|,trample-green-2,13.75,play|probe.water|water|,long-flow-2,2.75,11,walked_into_shield,,,water
stored-night,smoke-screen+hollow-ground,w0h0l0,92,false,false,injected,2,play|disrupt.heat|heat|,idle-fume-1,11,play|probe.water|water|,long-flow-3,2.75,8.25,missed_interrupt,shield,heat,
stored-night,smoke-screen+hollow-ground,w0h0l0,93,false,false,injected,3,play|probe.land|land|,trample-green-2,-2,play|disrupt.heat|heat|,smoke-screen-1,-16.75,14.75,walked_into_shield,,,heat
stored-night,smoke-screen+hollow-ground,w0h0l0,94,true,true,injected,2,play|probe.land|land|,trample-green-2,13.75,play|probe.water|water|,long-flow-1,2.75,11,walked_into_shield,,,water
stored-night,smoke-screen+hollow-ground,w0h0l0,95,true,false,injected,3,play|disrupt.land|land|,filth-spread-1,13.25,play|breach.water|water|,spend-tide-1,9.25,4,missed_interrupt,repair,land,
stored-night,smoke-screen+hollow-ground,w0h0l0,96,false,true,injected,2,play|disrupt.heat|heat|,idle-fume-1,11,play|probe.water|water|,long-flow-2,2.75,8.25,missed_interrupt,shield,heat,
stored-night,smoke-screen+hollow-ground,w0h0l0,97,true,false,injected,2,play|breach.land|land|,no-green-left-1,23.75,play|breach.water|water|,spend-tide-1,4.75,19,walked_into_shield,,,water
stored-night,smoke-screen+hollow-ground,w0h0l0,98,true,false,injected,2,play|probe.heat|heat|,open-chill-1,18.75,play|probe.water|water|,long-flow-1,2.75,16,walked_into_shield,,,water
stored-night,smoke-screen+hollow-ground,w0h0l0,99,false,false,injected,2,play|probe.land|land|,trample-green-1,13.75,play|disrupt.water|water|,foul-current-1,1,12.75,walked_into_shield,,,water
stored-night,smoke-screen+hollow-ground,w0h0l0,100,false,false,injected,2,play|disrupt.land|land|,filth-spread-1,8,play|probe.water|water|,long-flow-1,2.75,5.25,walked_into_shield,,,water
stored-night,smoke-screen+hollow-ground,w-h-l-,1,true,false,injected,2,play|probe.land|land|,trample-green-2,13.75,play|probe.water|water|,long-flow-3,4.75,9,walked_into_shield,,,water
stored-night,smoke-screen+hollow-ground,w-h-l-,2,true,true,injected,2,play|disrupt.heat|heat|,smoke-screen-1,11,play|gather||gather,,2.5,8.5,missed_interrupt,shield,heat,
stored-night,smoke-screen+hollow-ground,w-h-l-,3,false,false,injected,2,play|probe.heat|heat|,open-chill-1,13.75,play|probe.water|water|,long-flow-1,2.75,11,walked_into_shield,,,water
stored-night,smoke-screen+hollow-ground,w-h-l-,4,false,false,injected,2,play|probe.heat|heat|,open-chill-1,13.75,play|probe.water|water|,long-flow-3,2.75,11,walked_into_shield,,,water
stored-night,smoke-screen+hollow-ground,w-h-l-,5,true,false,injected,2,play|disrupt.heat|heat|,idle-fume-1,11,play|disrupt.land|land|,filth-spread-1,8,3,missed_interrupt,shield,heat,
stored-night,smoke-screen+hollow-ground,w-h-l-,6,true,false,injected,2,play|probe.heat|heat|,open-chill-1,13.75,play|disrupt.water|water|,foul-current-1,-1,14.75,walked_into_shield,,,water
stored-night,smoke-screen+hollow-ground,w-h-l-,7,false,false,injected,2,play|breach.land|land|,hollow-ground-1,22.75,play|breach.water|water|,spend-tide-1,4.75,18,walked_into_shield,,,water
stored-night,smoke-screen+hollow-ground,w-h-l-,8,false,false,injected,3,play|probe.land|land|,trample-green-2,-2,play|probe.heat|heat|,open-chill-2,-15,13,walked_into_shield,,,heat
stored-night,smoke-screen+hollow-ground,w-h-l-,9,true,false,injected,2,play|disrupt.heat|heat|,idle-fume-1,11,play|probe.water|water|,long-flow-2,2.75,8.25,missed_interrupt,shield,heat,
stored-night,smoke-screen+hollow-ground,w-h-l-,10,false,false,injected,2,play|disrupt.heat|heat|,smoke-screen-1,11,play|disrupt.land|land|,filth-spread-1,8,3,missed_interrupt,shield,heat,
stored-night,smoke-screen+hollow-ground,w-h-l-,11,false,false,injected,2,play|disrupt.land|land|,filth-spread-1,8,play|probe.water|water|,long-flow-1,2.75,5.25,walked_into_shield,,,water
stored-night,smoke-screen+hollow-ground,w-h-l-,12,true,false,injected,2,play|breach.land|land|,hollow-ground-1,22.75,play|breach.water|water|,spend-tide-1,4.75,18,walked_into_shield,,,water
stored-night,smoke-screen+hollow-ground,w-h-l-,13,true,false,injected,2,play|probe.heat|heat|,open-chill-1,17.75,play|probe.water|water|,long-flow-2,2.75,15,walked_into_shield,,,water
stored-night,smoke-screen+hollow-ground,w-h-l-,14,true,false,injected,2,play|breach.heat|heat|,hundred-smoke-1,23.75,play|disrupt.water|water|,foul-current-1,-0.25,24,walked_into_shield,,,water
stored-night,smoke-screen+hollow-ground,w-h-l-,15,false,false,injected,2,play|disrupt.land|land|,filth-spread-1,8,play|probe.water|water|,long-flow-3,4.75,3.25,walked_into_shield,,,water
stored-night,smoke-screen+hollow-ground,w-h-l-,16,false,false,injected,2,play|probe.heat|heat|,open-chill-2,17.75,play|probe.water|water|,long-flow-3,2.75,15,walked_into_shield,,,water
stored-night,smoke-screen+hollow-ground,w-h-l-,17,true,false,injected,2,play|probe.heat|heat|,open-chill-2,13.75,play|probe.water|water|,long-flow-1,2.75,11,walked_into_shield,,,water
stored-night,smoke-screen+hollow-ground,w-h-l-,18,true,false,injected,2,play|breach.heat|heat|,hundred-smoke-1,23.75,play|breach.water|water|,spend-tide-1,4.75,19,walked_into_shield,,,water
stored-night,smoke-screen+hollow-ground,w-h-l-,19,false,false,injected,2,play|probe.land|land|,trample-green-2,13.75,play|probe.water|water|,long-flow-3,2.75,11,walked_into_shield,,,water
stored-night,smoke-screen+hollow-ground,w-h-l-,20,false,false,injected,2,play|probe.land|land|,trample-green-2,13.75,play|probe.water|water|,long-flow-3,2.75,11,walked_into_shield,,,water
stored-night,smoke-screen+hollow-ground,w-h-l-,21,true,false,injected,2,play|disrupt.heat|heat|,idle-fume-1,11,play|probe.water|water|,long-flow-2,4.75,6.25,missed_interrupt,shield,heat,
stored-night,smoke-screen+hollow-ground,w-h-l-,22,true,false,injected,2,play|breach.land|land|,no-green-left-1,22.75,play|disrupt.water|water|,foul-current-1,-0.25,23,walked_into_shield,,,water
stored-night,smoke-screen+hollow-ground,w-h-l-,23,true,false,injected,3,play|disrupt.land|land|,filth-spread-1,15.25,play|breach.land|land|,no-green-left-1,12.25,3,missed_interrupt,repair,land,
stored-night,smoke-screen+hollow-ground,w-h-l-,24,true,false,injected,2,play|disrupt.land|land|,filth-spread-1,8,play|probe.water|water|,long-flow-3,4.75,3.25,walked_into_shield,,,water
stored-night,smoke-screen+hollow-ground,w-h-l-,25,true,true,injected,2,play|disrupt.heat|heat|,idle-fume-1,11,play|disrupt.land|land|,filth-spread-1,8,3,missed_interrupt,shield,heat,
stored-night,smoke-screen+hollow-ground,w-h-l-,26,true,false,injected,2,play|probe.land|land|,trample-green-1,13.75,play|probe.water|water|,long-flow-2,2.75,11,walked_into_shield,,,water
stored-night,smoke-screen+hollow-ground,w-h-l-,27,true,false,injected,2,play|probe.heat|heat|,open-chill-1,17.75,play|probe.water|water|,long-flow-3,2.75,15,walked_into_shield,,,water
stored-night,smoke-screen+hollow-ground,w-h-l-,28,true,true,injected,3,play|breach.water|water|,spend-tide-1,11.25,play|probe.heat|heat|,open-chill-2,-15,26.25,walked_into_shield,,,heat
stored-night,smoke-screen+hollow-ground,w-h-l-,29,true,true,injected,2,play|probe.land|land|,trample-green-1,13.75,play|probe.water|water|,long-flow-2,4.75,9,walked_into_shield,,,water
stored-night,smoke-screen+hollow-ground,w-h-l-,30,true,false,injected,2,play|breach.land|land|,no-green-left-1,22.75,play|probe.water|water|,long-flow-3,1.5,21.25,walked_into_shield,,,water
stored-night,smoke-screen+hollow-ground,w-h-l-,31,true,false,injected,2,play|breach.heat|heat|,hundred-smoke-1,23.75,play|probe.water|water|,long-flow-1,1.5,22.25,walked_into_shield,,,water
stored-night,smoke-screen+hollow-ground,w-h-l-,32,false,true,injected,2,play|disrupt.heat|heat|,smoke-screen-1,11,play|probe.water|water|,long-flow-1,2.75,8.25,missed_interrupt,shield,heat,
stored-night,smoke-screen+hollow-ground,w-h-l-,33,false,false,injected,2,play|disrupt.heat|heat|,smoke-screen-1,11,play|disrupt.land|land|,filth-spread-1,8,3,missed_interrupt,shield,heat,
stored-night,smoke-screen+hollow-ground,w-h-l-,34,true,false,injected,2,play|probe.land|land|,trample-green-1,13.75,play|probe.water|water|,long-flow-2,2.75,11,walked_into_shield,,,water
stored-night,smoke-screen+hollow-ground,w-h-l-,35,false,true,injected,2,play|disrupt.heat|heat|,smoke-screen-1,11,play|disrupt.land|land|,filth-spread-1,8,3,missed_interrupt,shield,heat,
stored-night,smoke-screen+hollow-ground,w-h-l-,36,false,false,injected,2,play|disrupt.heat|heat|,smoke-screen-1,11,play|probe.water|water|,long-flow-1,2.75,8.25,missed_interrupt,shield,heat,
stored-night,smoke-screen+hollow-ground,w-h-l-,37,false,true,injected,2,play|disrupt.heat|heat|,smoke-screen-1,11,play|probe.water|water|,long-flow-3,2.75,8.25,missed_interrupt,shield,heat,
stored-night,smoke-screen+hollow-ground,w-h-l-,38,false,false,injected,2,play|probe.land|land|,trample-green-2,13.75,play|probe.water|water|,long-flow-1,2.75,11,walked_into_shield,,,water
stored-night,smoke-screen+hollow-ground,w-h-l-,39,true,false,injected,2,play|probe.heat|heat|,open-chill-2,13.75,play|probe.water|water|,long-flow-2,2.75,11,walked_into_shield,,,water
stored-night,smoke-screen+hollow-ground,w-h-l-,40,true,false,injected,2,play|probe.heat|heat|,open-chill-2,17.75,play|probe.water|water|,long-flow-3,2.75,15,walked_into_shield,,,water
stored-night,smoke-screen+hollow-ground,w-h-l-,41,true,false,injected,2,play|disrupt.heat|heat|,smoke-screen-1,11,play|probe.water|water|,long-flow-2,2.75,8.25,missed_interrupt,shield,heat,
stored-night,smoke-screen+hollow-ground,w-h-l-,42,true,false,injected,2,play|probe.land|land|,trample-green-2,13.75,play|probe.water|water|,long-flow-1,2.75,11,walked_into_shield,,,water
stored-night,smoke-screen+hollow-ground,w-h-l-,43,false,false,injected,2,play|disrupt.heat|heat|,smoke-screen-1,11,play|probe.water|water|,long-flow-2,2.75,8.25,missed_interrupt,shield,heat,
stored-night,smoke-screen+hollow-ground,w-h-l-,44,true,true,injected,3,play|breach.land|land|,no-green-left-1,9.25,play|breach.heat|heat|,hundred-smoke-1,-13.75,23,walked_into_shield,,,heat
stored-night,smoke-screen+hollow-ground,w-h-l-,45,true,false,injected,3,play|breach.water|water|,spend-tide-1,13.25,play|disrupt.heat|heat|,smoke-screen-1,-18.75,32,walked_into_shield,,,heat
stored-night,smoke-screen+hollow-ground,w-h-l-,46,true,false,injected,2,play|disrupt.heat|heat|,smoke-screen-1,11,play|probe.water|water|,long-flow-3,2.75,8.25,missed_interrupt,shield,heat,
stored-night,smoke-screen+hollow-ground,w-h-l-,47,true,true,injected,3,play|disrupt.land|land|,filth-spread-1,12.25,play|breach.water|water|,spend-tide-1,11.25,1,missed_interrupt,repair,land,
stored-night,smoke-screen+hollow-ground,w-h-l-,48,true,true,injected,2,play|probe.land|land|,trample-green-2,13.75,play|probe.water|water|,long-flow-3,2.75,11,walked_into_shield,,,water
stored-night,smoke-screen+hollow-ground,w-h-l-,49,false,true,injected,2,play|disrupt.heat|heat|,smoke-screen-1,11,play|probe.water|water|,long-flow-1,4.75,6.25,missed_interrupt,shield,heat,
stored-night,smoke-screen+hollow-ground,w-h-l-,50,false,true,injected,2,play|probe.land|land|,trample-green-2,13.75,play|probe.water|water|,long-flow-2,2.75,11,walked_into_shield,,,water
stored-night,smoke-screen+hollow-ground,w-h-l-,51,false,true,injected,2,play|disrupt.heat|heat|,idle-fume-1,11,play|probe.water|water|,long-flow-1,4.75,6.25,missed_interrupt,shield,heat,
stored-night,smoke-screen+hollow-ground,w-h-l-,52,true,false,injected,2,play|breach.heat|heat|,hundred-smoke-1,23.75,play|probe.water|water|,long-flow-3,1.5,22.25,walked_into_shield,,,water
stored-night,smoke-screen+hollow-ground,w-h-l-,53,true,false,injected,2,play|breach.heat|heat|,hundred-smoke-1,23.75,play|breach.water|water|,spend-tide-1,4.75,19,walked_into_shield,,,water
stored-night,smoke-screen+hollow-ground,w-h-l-,54,true,false,injected,2,play|breach.land|land|,hollow-ground-1,22.75,play|probe.water|water|,long-flow-3,1.5,21.25,walked_into_shield,,,water
stored-night,smoke-screen+hollow-ground,w-h-l-,55,true,false,injected,2,play|probe.heat|heat|,open-chill-1,13.75,play|probe.water|water|,long-flow-1,2.75,11,walked_into_shield,,,water
stored-night,smoke-screen+hollow-ground,w-h-l-,56,true,false,injected,2,play|probe.land|land|,trample-green-2,13.75,play|probe.water|water|,long-flow-3,2.75,11,walked_into_shield,,,water
stored-night,smoke-screen+hollow-ground,w-h-l-,57,false,false,injected,2,play|probe.heat|heat|,open-chill-2,17.75,play|probe.water|water|,long-flow-3,2.75,15,walked_into_shield,,,water
stored-night,smoke-screen+hollow-ground,w-h-l-,58,false,true,injected,2,play|disrupt.heat|heat|,smoke-screen-1,11,play|disrupt.land|land|,filth-spread-1,8,3,missed_interrupt,shield,heat,
stored-night,smoke-screen+hollow-ground,w-h-l-,59,false,false,injected,2,play|disrupt.heat|heat|,smoke-screen-1,11,play|disrupt.land|land|,filth-spread-1,8,3,missed_interrupt,shield,heat,
stored-night,smoke-screen+hollow-ground,w-h-l-,60,true,false,injected,2,play|breach.heat|heat|,hundred-smoke-1,23.75,play|disrupt.water|water|,foul-current-1,-0.25,24,walked_into_shield,,,water
stored-night,smoke-screen+hollow-ground,w-h-l-,61,true,true,injected,2,play|disrupt.heat|heat|,smoke-screen-1,11,play|probe.water|water|,long-flow-3,2.75,8.25,missed_interrupt,shield,heat,
stored-night,smoke-screen+hollow-ground,w-h-l-,62,true,false,injected,2,play|probe.heat|heat|,open-chill-2,14.5,play|probe.water|water|,long-flow-1,1.5,13,walked_into_shield,,,water
stored-night,smoke-screen+hollow-ground,w-h-l-,63,true,false,injected,2,play|probe.heat|heat|,open-chill-1,13.75,play|probe.water|water|,long-flow-2,2.75,11,walked_into_shield,,,water
stored-night,smoke-screen+hollow-ground,w-h-l-,64,false,false,injected,2,play|probe.land|land|,trample-green-2,13.75,play|probe.water|water|,long-flow-3,4.75,9,walked_into_shield,,,water
stored-night,smoke-screen+hollow-ground,w-h-l-,65,true,false,injected,2,play|breach.land|land|,no-green-left-1,22.75,play|probe.water|water|,long-flow-3,1.5,21.25,walked_into_shield,,,water
stored-night,smoke-screen+hollow-ground,w-h-l-,66,false,false,injected,2,play|disrupt.land|land|,filth-spread-1,8,play|probe.water|water|,long-flow-3,2.75,5.25,walked_into_shield,,,water
stored-night,smoke-screen+hollow-ground,w-h-l-,67,true,false,injected,2,play|probe.land|land|,trample-green-2,13.75,play|probe.water|water|,long-flow-1,2.75,11,walked_into_shield,,,water
stored-night,smoke-screen+hollow-ground,w-h-l-,68,true,false,injected,3,play|breach.land|land|,no-green-left-1,9.25,play|disrupt.heat|heat|,smoke-screen-1,-18.75,28,walked_into_shield,,,heat
stored-night,smoke-screen+hollow-ground,w-h-l-,69,false,false,injected,2,play|disrupt.heat|heat|,smoke-screen-1,11,play|probe.water|water|,long-flow-1,2.75,8.25,missed_interrupt,shield,heat,
stored-night,smoke-screen+hollow-ground,w-h-l-,70,false,false,injected,2,play|disrupt.land|land|,filth-spread-1,8,play|probe.water|water|,long-flow-2,2.75,5.25,walked_into_shield,,,water
stored-night,smoke-screen+hollow-ground,w-h-l-,71,true,false,injected,2,play|breach.heat|heat|,hundred-smoke-1,23.75,play|probe.water|water|,long-flow-3,1.5,22.25,walked_into_shield,,,water
stored-night,smoke-screen+hollow-ground,w-h-l-,72,true,false,injected,2,play|breach.heat|heat|,hundred-smoke-1,23.75,play|probe.water|water|,long-flow-1,1.5,22.25,walked_into_shield,,,water
stored-night,smoke-screen+hollow-ground,w-h-l-,73,true,true,injected,2,play|disrupt.land|land|,filth-spread-1,8,play|probe.water|water|,long-flow-2,2.75,5.25,walked_into_shield,,,water
stored-night,smoke-screen+hollow-ground,w-h-l-,74,true,false,injected,2,play|probe.land|land|,trample-green-1,13.75,play|probe.water|water|,long-flow-1,2.75,11,walked_into_shield,,,water
stored-night,smoke-screen+hollow-ground,w-h-l-,75,true,false,injected,2,play|probe.heat|heat|,open-chill-2,14.5,play|probe.water|water|,long-flow-3,1.5,13,walked_into_shield,,,water
stored-night,smoke-screen+hollow-ground,w-h-l-,76,false,true,injected,2,play|disrupt.heat|heat|,idle-fume-1,11,play|disrupt.land|land|,filth-spread-1,8,3,missed_interrupt,shield,heat,
stored-night,smoke-screen+hollow-ground,w-h-l-,77,true,true,injected,2,play|disrupt.heat|heat|,smoke-screen-1,11,play|probe.water|water|,long-flow-2,2.75,8.25,missed_interrupt,shield,heat,
stored-night,smoke-screen+hollow-ground,w-h-l-,78,true,false,injected,2,play|probe.heat|heat|,open-chill-2,13.75,play|probe.water|water|,long-flow-2,2.75,11,walked_into_shield,,,water
stored-night,smoke-screen+hollow-ground,w-h-l-,79,true,false,injected,2,play|disrupt.heat|heat|,smoke-screen-1,11,play|probe.water|water|,long-flow-2,2.75,8.25,missed_interrupt,shield,heat,
stored-night,smoke-screen+hollow-ground,w-h-l-,80,true,false,injected,2,play|breach.heat|heat|,hundred-smoke-1,23.75,play|probe.water|water|,long-flow-2,1.5,22.25,walked_into_shield,,,water
stored-night,smoke-screen+hollow-ground,w-h-l-,81,false,true,injected,2,play|disrupt.heat|heat|,smoke-screen-1,11,play|probe.water|water|,long-flow-3,2.75,8.25,missed_interrupt,shield,heat,
stored-night,smoke-screen+hollow-ground,w-h-l-,82,false,false,injected,2,play|breach.land|land|,hollow-ground-1,22.75,play|breach.water|water|,spend-tide-1,4.75,18,walked_into_shield,,,water
stored-night,smoke-screen+hollow-ground,w-h-l-,83,true,false,injected,2,play|probe.heat|heat|,open-chill-1,13.75,play|probe.water|water|,long-flow-2,2.75,11,walked_into_shield,,,water
stored-night,smoke-screen+hollow-ground,w-h-l-,84,true,false,injected,2,play|breach.heat|heat|,hundred-smoke-1,23.75,play|breach.water|water|,spend-tide-1,4.75,19,walked_into_shield,,,water
stored-night,smoke-screen+hollow-ground,w-h-l-,85,true,true,injected,2,play|probe.heat|heat|,open-chill-1,14.5,play|breach.water|water|,spend-tide-1,4.75,9.75,walked_into_shield,,,water
stored-night,smoke-screen+hollow-ground,w-h-l-,86,false,false,injected,2,play|disrupt.land|land|,filth-spread-1,8,play|disrupt.water|water|,foul-current-1,-1,9,walked_into_shield,,,water
stored-night,smoke-screen+hollow-ground,w-h-l-,87,false,true,injected,2,play|probe.land|land|,trample-green-2,13.75,play|probe.water|water|,long-flow-1,2.75,11,walked_into_shield,,,water
stored-night,smoke-screen+hollow-ground,w-h-l-,88,true,false,injected,2,play|probe.land|land|,trample-green-1,13.75,play|probe.water|water|,long-flow-3,4.75,9,walked_into_shield,,,water
stored-night,smoke-screen+hollow-ground,w-h-l-,89,false,false,injected,2,play|disrupt.land|land|,filth-spread-1,8,play|probe.water|water|,long-flow-3,2.75,5.25,walked_into_shield,,,water
stored-night,smoke-screen+hollow-ground,w-h-l-,90,true,false,injected,2,play|probe.heat|heat|,open-chill-1,13.75,play|probe.water|water|,long-flow-3,2.75,11,walked_into_shield,,,water
stored-night,smoke-screen+hollow-ground,w-h-l-,91,true,false,injected,2,play|probe.land|land|,trample-green-2,13.75,play|probe.water|water|,long-flow-2,2.75,11,walked_into_shield,,,water
stored-night,smoke-screen+hollow-ground,w-h-l-,92,false,false,injected,2,play|disrupt.heat|heat|,idle-fume-1,11,play|probe.water|water|,long-flow-3,2.75,8.25,missed_interrupt,shield,heat,
stored-night,smoke-screen+hollow-ground,w-h-l-,93,false,false,injected,3,play|probe.land|land|,trample-green-2,-2,play|disrupt.heat|heat|,smoke-screen-1,-16.75,14.75,walked_into_shield,,,heat
stored-night,smoke-screen+hollow-ground,w-h-l-,94,true,false,injected,2,play|probe.land|land|,trample-green-2,13.75,play|probe.water|water|,long-flow-1,2.75,11,walked_into_shield,,,water
stored-night,smoke-screen+hollow-ground,w-h-l-,95,true,true,injected,3,play|disrupt.land|land|,filth-spread-1,13.25,play|breach.water|water|,spend-tide-1,9.25,4,missed_interrupt,repair,land,
stored-night,smoke-screen+hollow-ground,w-h-l-,96,false,true,injected,2,play|disrupt.heat|heat|,idle-fume-1,11,play|probe.water|water|,long-flow-2,2.75,8.25,missed_interrupt,shield,heat,
stored-night,smoke-screen+hollow-ground,w-h-l-,97,false,false,injected,2,play|breach.land|land|,no-green-left-1,22.75,play|breach.water|water|,spend-tide-1,4.75,18,walked_into_shield,,,water
stored-night,smoke-screen+hollow-ground,w-h-l-,98,false,false,injected,2,play|probe.heat|heat|,open-chill-1,17.75,play|probe.water|water|,long-flow-1,2.75,15,walked_into_shield,,,water
stored-night,smoke-screen+hollow-ground,w-h-l-,99,false,false,injected,2,play|probe.land|land|,trample-green-1,13.75,play|disrupt.water|water|,foul-current-1,1,12.75,walked_into_shield,,,water
stored-night,smoke-screen+hollow-ground,w-h-l-,100,false,false,injected,2,play|disrupt.land|land|,filth-spread-1,8,play|probe.water|water|,long-flow-1,2.75,5.25,walked_into_shield,,,water
stored-night,smoke-screen+hollow-ground,w+h+l+,1,true,false,injected,2,play|probe.land|land|,trample-green-2,13.75,play|probe.water|water|,long-flow-3,4.75,9,walked_into_shield,,,water
stored-night,smoke-screen+hollow-ground,w+h+l+,2,true,true,injected,2,play|disrupt.heat|heat|,smoke-screen-1,11,play|gather||gather,,2.5,8.5,missed_interrupt,shield,heat,
stored-night,smoke-screen+hollow-ground,w+h+l+,3,false,false,injected,2,play|probe.heat|heat|,open-chill-1,13.75,play|probe.water|water|,long-flow-1,2.75,11,walked_into_shield,,,water
stored-night,smoke-screen+hollow-ground,w+h+l+,4,false,false,injected,2,play|probe.heat|heat|,open-chill-1,13.75,play|probe.water|water|,long-flow-3,2.75,11,walked_into_shield,,,water
stored-night,smoke-screen+hollow-ground,w+h+l+,5,true,false,injected,2,play|disrupt.heat|heat|,idle-fume-1,11,play|disrupt.land|land|,filth-spread-1,8,3,missed_interrupt,shield,heat,
stored-night,smoke-screen+hollow-ground,w+h+l+,6,true,false,injected,2,play|probe.heat|heat|,open-chill-1,13.75,play|disrupt.water|water|,foul-current-1,-1,14.75,walked_into_shield,,,water
stored-night,smoke-screen+hollow-ground,w+h+l+,7,false,false,injected,2,play|breach.land|land|,hollow-ground-1,23.75,play|breach.water|water|,spend-tide-1,4.75,19,walked_into_shield,,,water
stored-night,smoke-screen+hollow-ground,w+h+l+,8,false,false,injected,3,play|probe.land|land|,trample-green-2,-2,play|probe.heat|heat|,open-chill-2,-15,13,walked_into_shield,,,heat
stored-night,smoke-screen+hollow-ground,w+h+l+,9,true,false,injected,2,play|disrupt.heat|heat|,idle-fume-1,11,play|probe.water|water|,long-flow-2,2.75,8.25,missed_interrupt,shield,heat,
stored-night,smoke-screen+hollow-ground,w+h+l+,10,false,false,injected,2,play|disrupt.heat|heat|,smoke-screen-1,11,play|disrupt.land|land|,filth-spread-1,8,3,missed_interrupt,shield,heat,
stored-night,smoke-screen+hollow-ground,w+h+l+,11,false,false,injected,2,play|disrupt.land|land|,filth-spread-1,8,play|probe.water|water|,long-flow-1,2.75,5.25,walked_into_shield,,,water
stored-night,smoke-screen+hollow-ground,w+h+l+,12,true,false,injected,2,play|breach.land|land|,hollow-ground-1,23.75,play|breach.water|water|,spend-tide-1,4.75,19,walked_into_shield,,,water
stored-night,smoke-screen+hollow-ground,w+h+l+,13,true,false,injected,2,play|probe.heat|heat|,open-chill-1,18.75,play|probe.water|water|,long-flow-2,2.75,16,walked_into_shield,,,water
stored-night,smoke-screen+hollow-ground,w+h+l+,14,true,false,injected,2,play|breach.heat|heat|,hundred-smoke-1,23.75,play|disrupt.water|water|,foul-current-1,-0.25,24,walked_into_shield,,,water
stored-night,smoke-screen+hollow-ground,w+h+l+,15,false,false,injected,2,play|disrupt.land|land|,filth-spread-1,8,play|probe.water|water|,long-flow-3,4.75,3.25,walked_into_shield,,,water
stored-night,smoke-screen+hollow-ground,w+h+l+,16,false,false,injected,2,play|probe.heat|heat|,open-chill-2,18.75,play|probe.water|water|,long-flow-3,2.75,16,walked_into_shield,,,water
stored-night,smoke-screen+hollow-ground,w+h+l+,17,true,false,injected,2,play|probe.heat|heat|,open-chill-2,13.75,play|probe.water|water|,long-flow-1,2.75,11,walked_into_shield,,,water
stored-night,smoke-screen+hollow-ground,w+h+l+,18,true,false,injected,2,play|breach.heat|heat|,hundred-smoke-1,23.75,play|breach.water|water|,spend-tide-1,4.75,19,walked_into_shield,,,water
stored-night,smoke-screen+hollow-ground,w+h+l+,19,false,false,injected,2,play|probe.land|land|,trample-green-2,13.75,play|probe.water|water|,long-flow-3,2.75,11,walked_into_shield,,,water
stored-night,smoke-screen+hollow-ground,w+h+l+,20,false,false,injected,2,play|probe.land|land|,trample-green-2,13.75,play|probe.water|water|,long-flow-3,2.75,11,walked_into_shield,,,water
stored-night,smoke-screen+hollow-ground,w+h+l+,21,true,true,injected,2,play|disrupt.heat|heat|,idle-fume-1,11,play|probe.water|water|,long-flow-2,4.75,6.25,missed_interrupt,shield,heat,
stored-night,smoke-screen+hollow-ground,w+h+l+,22,true,false,injected,2,play|breach.land|land|,no-green-left-1,23.75,play|disrupt.water|water|,foul-current-1,-0.25,24,walked_into_shield,,,water
stored-night,smoke-screen+hollow-ground,w+h+l+,23,true,false,injected,3,play|disrupt.land|land|,filth-spread-1,15.25,play|breach.land|land|,no-green-left-1,12.25,3,missed_interrupt,repair,land,
stored-night,smoke-screen+hollow-ground,w+h+l+,24,true,false,injected,2,play|disrupt.land|land|,filth-spread-1,8,play|probe.water|water|,long-flow-3,4.75,3.25,walked_into_shield,,,water
stored-night,smoke-screen+hollow-ground,w+h+l+,25,true,true,injected,2,play|disrupt.heat|heat|,idle-fume-1,11,play|disrupt.land|land|,filth-spread-1,8,3,missed_interrupt,shield,heat,
stored-night,smoke-screen+hollow-ground,w+h+l+,26,true,false,injected,2,play|probe.land|land|,trample-green-1,13.75,play|probe.water|water|,long-flow-2,2.75,11,walked_into_shield,,,water
stored-night,smoke-screen+hollow-ground,w+h+l+,27,false,false,injected,2,play|probe.heat|heat|,open-chill-1,18.75,play|probe.water|water|,long-flow-3,2.75,16,walked_into_shield,,,water
stored-night,smoke-screen+hollow-ground,w+h+l+,28,true,true,injected,3,play|breach.water|water|,spend-tide-1,11.25,play|probe.heat|heat|,open-chill-2,-15,26.25,walked_into_shield,,,heat
stored-night,smoke-screen+hollow-ground,w+h+l+,29,true,true,injected,2,play|probe.land|land|,trample-green-1,13.75,play|probe.water|water|,long-flow-2,4.75,9,walked_into_shield,,,water
stored-night,smoke-screen+hollow-ground,w+h+l+,30,true,false,injected,2,play|breach.land|land|,no-green-left-1,23.75,play|probe.water|water|,long-flow-3,1.5,22.25,walked_into_shield,,,water
stored-night,smoke-screen+hollow-ground,w+h+l+,31,false,false,injected,2,play|breach.land|land|,no-green-left-1,23.75,play|probe.water|water|,long-flow-1,1.5,22.25,walked_into_shield,,,water
stored-night,smoke-screen+hollow-ground,w+h+l+,32,false,true,injected,2,play|disrupt.heat|heat|,smoke-screen-1,11,play|probe.water|water|,long-flow-1,2.75,8.25,missed_interrupt,shield,heat,
stored-night,smoke-screen+hollow-ground,w+h+l+,33,false,false,injected,2,play|disrupt.heat|heat|,smoke-screen-1,11,play|disrupt.land|land|,filth-spread-1,8,3,missed_interrupt,shield,heat,
stored-night,smoke-screen+hollow-ground,w+h+l+,34,true,false,injected,2,play|probe.land|land|,trample-green-1,13.75,play|probe.water|water|,long-flow-2,2.75,11,walked_into_shield,,,water
stored-night,smoke-screen+hollow-ground,w+h+l+,35,false,true,injected,2,play|disrupt.heat|heat|,smoke-screen-1,11,play|disrupt.land|land|,filth-spread-1,8,3,missed_interrupt,shield,heat,
stored-night,smoke-screen+hollow-ground,w+h+l+,36,false,false,injected,2,play|disrupt.heat|heat|,smoke-screen-1,11,play|probe.water|water|,long-flow-1,2.75,8.25,missed_interrupt,shield,heat,
stored-night,smoke-screen+hollow-ground,w+h+l+,37,false,true,injected,2,play|disrupt.heat|heat|,smoke-screen-1,11,play|probe.water|water|,long-flow-3,2.75,8.25,missed_interrupt,shield,heat,
stored-night,smoke-screen+hollow-ground,w+h+l+,38,false,false,injected,2,play|probe.land|land|,trample-green-2,13.75,play|probe.water|water|,long-flow-1,2.75,11,walked_into_shield,,,water
stored-night,smoke-screen+hollow-ground,w+h+l+,39,true,false,injected,2,play|probe.heat|heat|,open-chill-2,13.75,play|probe.water|water|,long-flow-2,2.75,11,walked_into_shield,,,water
stored-night,smoke-screen+hollow-ground,w+h+l+,40,true,false,injected,2,play|probe.heat|heat|,open-chill-2,18.75,play|probe.water|water|,long-flow-3,2.75,16,walked_into_shield,,,water
stored-night,smoke-screen+hollow-ground,w+h+l+,41,true,false,injected,2,play|disrupt.heat|heat|,smoke-screen-1,11,play|probe.water|water|,long-flow-2,2.75,8.25,missed_interrupt,shield,heat,
stored-night,smoke-screen+hollow-ground,w+h+l+,42,true,false,injected,2,play|probe.land|land|,trample-green-2,13.75,play|probe.water|water|,long-flow-1,2.75,11,walked_into_shield,,,water
stored-night,smoke-screen+hollow-ground,w+h+l+,43,false,false,injected,2,play|disrupt.heat|heat|,smoke-screen-1,11,play|probe.water|water|,long-flow-2,2.75,8.25,missed_interrupt,shield,heat,
stored-night,smoke-screen+hollow-ground,w+h+l+,44,true,true,injected,3,play|breach.land|land|,no-green-left-1,9.25,play|breach.heat|heat|,hundred-smoke-1,-13.75,23,walked_into_shield,,,heat
stored-night,smoke-screen+hollow-ground,w+h+l+,45,true,false,injected,3,play|breach.water|water|,spend-tide-1,10.25,play|disrupt.heat|heat|,smoke-screen-1,-18.75,29,walked_into_shield,,,heat
stored-night,smoke-screen+hollow-ground,w+h+l+,46,false,false,injected,2,play|disrupt.heat|heat|,smoke-screen-1,11,play|probe.water|water|,long-flow-3,2.75,8.25,missed_interrupt,shield,heat,
stored-night,smoke-screen+hollow-ground,w+h+l+,47,true,true,injected,3,play|breach.water|water|,spend-tide-1,11.25,play|probe.heat|heat|,open-chill-2,-15,26.25,walked_into_shield,,,heat
stored-night,smoke-screen+hollow-ground,w+h+l+,48,true,true,injected,2,play|probe.land|land|,trample-green-2,13.75,play|probe.water|water|,long-flow-3,2.75,11,walked_into_shield,,,water
stored-night,smoke-screen+hollow-ground,w+h+l+,49,false,true,injected,2,play|disrupt.heat|heat|,smoke-screen-1,11,play|probe.water|water|,long-flow-1,4.75,6.25,missed_interrupt,shield,heat,
stored-night,smoke-screen+hollow-ground,w+h+l+,50,false,true,injected,2,play|probe.land|land|,trample-green-2,13.75,play|probe.water|water|,long-flow-2,2.75,11,walked_into_shield,,,water
stored-night,smoke-screen+hollow-ground,w+h+l+,51,true,false,injected,2,play|disrupt.heat|heat|,idle-fume-1,11,play|probe.water|water|,long-flow-1,4.75,6.25,missed_interrupt,shield,heat,
stored-night,smoke-screen+hollow-ground,w+h+l+,52,true,false,injected,2,play|breach.land|land|,hollow-ground-1,23.75,play|probe.water|water|,long-flow-3,1.5,22.25,walked_into_shield,,,water
stored-night,smoke-screen+hollow-ground,w+h+l+,53,true,false,injected,2,play|breach.heat|heat|,hundred-smoke-1,23.75,play|breach.water|water|,spend-tide-1,4.75,19,walked_into_shield,,,water
stored-night,smoke-screen+hollow-ground,w+h+l+,54,true,false,injected,2,play|breach.land|land|,hollow-ground-1,23.75,play|probe.water|water|,long-flow-3,1.5,22.25,walked_into_shield,,,water
stored-night,smoke-screen+hollow-ground,w+h+l+,55,true,false,injected,2,play|probe.heat|heat|,open-chill-1,13.75,play|probe.water|water|,long-flow-1,2.75,11,walked_into_shield,,,water
stored-night,smoke-screen+hollow-ground,w+h+l+,56,true,false,injected,2,play|probe.land|land|,trample-green-2,13.75,play|probe.water|water|,long-flow-3,2.75,11,walked_into_shield,,,water
stored-night,smoke-screen+hollow-ground,w+h+l+,57,true,false,injected,2,play|probe.heat|heat|,open-chill-2,18.75,play|probe.water|water|,long-flow-3,2.75,16,walked_into_shield,,,water
stored-night,smoke-screen+hollow-ground,w+h+l+,58,true,true,injected,2,play|disrupt.heat|heat|,smoke-screen-1,11,play|disrupt.land|land|,filth-spread-1,8,3,missed_interrupt,shield,heat,
stored-night,smoke-screen+hollow-ground,w+h+l+,59,true,false,injected,2,play|disrupt.heat|heat|,smoke-screen-1,11,play|disrupt.land|land|,filth-spread-1,8,3,missed_interrupt,shield,heat,
stored-night,smoke-screen+hollow-ground,w+h+l+,60,true,false,injected,2,play|breach.land|land|,hollow-ground-1,23.75,play|disrupt.water|water|,foul-current-1,-0.25,24,walked_into_shield,,,water
stored-night,smoke-screen+hollow-ground,w+h+l+,61,true,true,injected,2,play|disrupt.heat|heat|,smoke-screen-1,11,play|probe.water|water|,long-flow-3,2.75,8.25,missed_interrupt,shield,heat,
stored-night,smoke-screen+hollow-ground,w+h+l+,62,true,false,injected,2,play|probe.heat|heat|,open-chill-2,14.5,play|probe.water|water|,long-flow-1,1.5,13,walked_into_shield,,,water
stored-night,smoke-screen+hollow-ground,w+h+l+,63,true,false,injected,2,play|probe.heat|heat|,open-chill-1,13.75,play|probe.water|water|,long-flow-2,2.75,11,walked_into_shield,,,water
stored-night,smoke-screen+hollow-ground,w+h+l+,64,false,false,injected,2,play|probe.land|land|,trample-green-2,13.75,play|probe.water|water|,long-flow-3,4.75,9,walked_into_shield,,,water
stored-night,smoke-screen+hollow-ground,w+h+l+,65,true,false,injected,2,play|breach.land|land|,no-green-left-1,23.75,play|probe.water|water|,long-flow-3,1.5,22.25,walked_into_shield,,,water
stored-night,smoke-screen+hollow-ground,w+h+l+,66,false,true,injected,2,play|disrupt.land|land|,filth-spread-1,8,play|probe.water|water|,long-flow-3,2.75,5.25,walked_into_shield,,,water
stored-night,smoke-screen+hollow-ground,w+h+l+,67,true,false,injected,2,play|probe.land|land|,trample-green-2,13.75,play|probe.water|water|,long-flow-1,2.75,11,walked_into_shield,,,water
stored-night,smoke-screen+hollow-ground,w+h+l+,68,true,false,injected,3,play|breach.land|land|,no-green-left-1,9.25,play|disrupt.heat|heat|,smoke-screen-1,-18.75,28,walked_into_shield,,,heat
stored-night,smoke-screen+hollow-ground,w+h+l+,69,false,false,injected,2,play|disrupt.heat|heat|,smoke-screen-1,11,play|probe.water|water|,long-flow-1,2.75,8.25,missed_interrupt,shield,heat,
stored-night,smoke-screen+hollow-ground,w+h+l+,70,false,false,injected,2,play|disrupt.land|land|,filth-spread-1,8,play|probe.water|water|,long-flow-2,2.75,5.25,walked_into_shield,,,water
stored-night,smoke-screen+hollow-ground,w+h+l+,71,true,false,injected,2,play|breach.heat|heat|,hundred-smoke-1,23.75,play|probe.water|water|,long-flow-3,1.5,22.25,walked_into_shield,,,water
stored-night,smoke-screen+hollow-ground,w+h+l+,72,true,false,injected,2,play|breach.land|land|,no-green-left-1,23.75,play|probe.water|water|,long-flow-1,1.5,22.25,walked_into_shield,,,water
stored-night,smoke-screen+hollow-ground,w+h+l+,73,true,true,injected,2,play|disrupt.land|land|,filth-spread-1,8,play|probe.water|water|,long-flow-2,2.75,5.25,walked_into_shield,,,water
stored-night,smoke-screen+hollow-ground,w+h+l+,74,true,false,injected,2,play|probe.land|land|,trample-green-1,13.75,play|probe.water|water|,long-flow-1,2.75,11,walked_into_shield,,,water
stored-night,smoke-screen+hollow-ground,w+h+l+,75,true,false,injected,2,play|probe.heat|heat|,open-chill-2,14.5,play|probe.water|water|,long-flow-3,1.5,13,walked_into_shield,,,water
stored-night,smoke-screen+hollow-ground,w+h+l+,76,false,true,injected,2,play|disrupt.heat|heat|,idle-fume-1,11,play|disrupt.land|land|,filth-spread-1,8,3,missed_interrupt,shield,heat,
stored-night,smoke-screen+hollow-ground,w+h+l+,77,true,true,injected,2,play|disrupt.heat|heat|,smoke-screen-1,11,play|probe.water|water|,long-flow-2,2.75,8.25,missed_interrupt,shield,heat,
stored-night,smoke-screen+hollow-ground,w+h+l+,78,true,false,injected,2,play|probe.heat|heat|,open-chill-2,13.75,play|probe.water|water|,long-flow-2,2.75,11,walked_into_shield,,,water
stored-night,smoke-screen+hollow-ground,w+h+l+,79,true,false,injected,2,play|disrupt.heat|heat|,smoke-screen-1,11,play|probe.water|water|,long-flow-2,2.75,8.25,missed_interrupt,shield,heat,
stored-night,smoke-screen+hollow-ground,w+h+l+,80,true,false,injected,2,play|breach.land|land|,hollow-ground-1,23.75,play|probe.water|water|,long-flow-2,1.5,22.25,walked_into_shield,,,water
stored-night,smoke-screen+hollow-ground,w+h+l+,81,false,true,injected,2,play|disrupt.heat|heat|,smoke-screen-1,11,play|probe.water|water|,long-flow-3,2.75,8.25,missed_interrupt,shield,heat,
stored-night,smoke-screen+hollow-ground,w+h+l+,82,false,false,injected,2,play|breach.land|land|,hollow-ground-1,23.75,play|breach.water|water|,spend-tide-1,4.75,19,walked_into_shield,,,water
stored-night,smoke-screen+hollow-ground,w+h+l+,83,true,false,injected,2,play|probe.heat|heat|,open-chill-1,13.75,play|probe.water|water|,long-flow-2,2.75,11,walked_into_shield,,,water
stored-night,smoke-screen+hollow-ground,w+h+l+,84,true,false,injected,2,play|breach.heat|heat|,hundred-smoke-1,23.75,play|breach.water|water|,spend-tide-1,4.75,19,walked_into_shield,,,water
stored-night,smoke-screen+hollow-ground,w+h+l+,85,true,true,injected,2,play|probe.heat|heat|,open-chill-1,14.5,play|breach.water|water|,spend-tide-1,4.75,9.75,walked_into_shield,,,water
stored-night,smoke-screen+hollow-ground,w+h+l+,86,false,true,injected,2,play|disrupt.land|land|,filth-spread-1,8,play|disrupt.water|water|,foul-current-1,-1,9,walked_into_shield,,,water
stored-night,smoke-screen+hollow-ground,w+h+l+,87,false,true,injected,2,play|probe.land|land|,trample-green-2,13.75,play|probe.water|water|,long-flow-1,2.75,11,walked_into_shield,,,water
stored-night,smoke-screen+hollow-ground,w+h+l+,88,true,false,injected,2,play|probe.land|land|,trample-green-1,13.75,play|probe.water|water|,long-flow-3,4.75,9,walked_into_shield,,,water
stored-night,smoke-screen+hollow-ground,w+h+l+,89,false,false,injected,2,play|disrupt.land|land|,filth-spread-1,8,play|probe.water|water|,long-flow-3,2.75,5.25,walked_into_shield,,,water
stored-night,smoke-screen+hollow-ground,w+h+l+,90,true,true,injected,2,play|probe.heat|heat|,open-chill-1,13.75,play|probe.water|water|,long-flow-3,2.75,11,walked_into_shield,,,water
stored-night,smoke-screen+hollow-ground,w+h+l+,91,true,false,injected,2,play|probe.land|land|,trample-green-2,13.75,play|probe.water|water|,long-flow-2,2.75,11,walked_into_shield,,,water
stored-night,smoke-screen+hollow-ground,w+h+l+,92,false,false,injected,2,play|disrupt.heat|heat|,idle-fume-1,11,play|probe.water|water|,long-flow-3,2.75,8.25,missed_interrupt,shield,heat,
stored-night,smoke-screen+hollow-ground,w+h+l+,93,false,false,injected,3,play|probe.land|land|,trample-green-2,-2,play|disrupt.heat|heat|,smoke-screen-1,-16.75,14.75,walked_into_shield,,,heat
stored-night,smoke-screen+hollow-ground,w+h+l+,94,true,false,injected,2,play|probe.land|land|,trample-green-2,13.75,play|probe.water|water|,long-flow-1,4.75,9,walked_into_shield,,,water
stored-night,smoke-screen+hollow-ground,w+h+l+,95,true,false,injected,3,play|disrupt.land|land|,filth-spread-1,13.25,play|breach.water|water|,spend-tide-1,9.25,4,missed_interrupt,repair,land,
stored-night,smoke-screen+hollow-ground,w+h+l+,96,false,true,injected,2,play|disrupt.heat|heat|,idle-fume-1,11,play|probe.water|water|,long-flow-2,2.75,8.25,missed_interrupt,shield,heat,
stored-night,smoke-screen+hollow-ground,w+h+l+,97,true,false,injected,2,play|breach.land|land|,no-green-left-1,23.75,play|breach.water|water|,spend-tide-1,4.75,19,walked_into_shield,,,water
stored-night,smoke-screen+hollow-ground,w+h+l+,98,true,false,injected,2,play|probe.heat|heat|,open-chill-1,18.75,play|probe.water|water|,long-flow-1,2.75,16,walked_into_shield,,,water
stored-night,smoke-screen+hollow-ground,w+h+l+,99,false,false,injected,2,play|probe.land|land|,trample-green-1,13.75,play|disrupt.water|water|,foul-current-1,1,12.75,walked_into_shield,,,water
stored-night,smoke-screen+hollow-ground,w+h+l+,100,false,false,injected,2,play|disrupt.land|land|,filth-spread-1,8,play|probe.water|water|,long-flow-1,2.75,5.25,walked_into_shield,,,water
stored-night,smoke-screen+hollow-ground,w-h0l0,1,true,false,injected,2,play|probe.land|land|,trample-green-2,13.75,play|probe.water|water|,long-flow-3,4.75,9,walked_into_shield,,,water
stored-night,smoke-screen+hollow-ground,w-h0l0,2,true,true,injected,2,play|disrupt.heat|heat|,smoke-screen-1,11,play|gather||gather,,2.5,8.5,missed_interrupt,shield,heat,
stored-night,smoke-screen+hollow-ground,w-h0l0,3,false,false,injected,2,play|probe.heat|heat|,open-chill-1,13.75,play|probe.water|water|,long-flow-1,2.75,11,walked_into_shield,,,water
stored-night,smoke-screen+hollow-ground,w-h0l0,4,false,false,injected,2,play|probe.heat|heat|,open-chill-1,13.75,play|probe.water|water|,long-flow-3,2.75,11,walked_into_shield,,,water
stored-night,smoke-screen+hollow-ground,w-h0l0,5,true,false,injected,2,play|disrupt.heat|heat|,idle-fume-1,11,play|disrupt.land|land|,filth-spread-1,8,3,missed_interrupt,shield,heat,
stored-night,smoke-screen+hollow-ground,w-h0l0,6,true,false,injected,2,play|probe.heat|heat|,open-chill-1,13.75,play|disrupt.water|water|,foul-current-1,-1,14.75,walked_into_shield,,,water
stored-night,smoke-screen+hollow-ground,w-h0l0,7,false,false,injected,2,play|breach.land|land|,hollow-ground-1,23.75,play|breach.water|water|,spend-tide-1,4.75,19,walked_into_shield,,,water
stored-night,smoke-screen+hollow-ground,w-h0l0,8,false,false,injected,3,play|probe.land|land|,trample-green-2,-2,play|probe.heat|heat|,open-chill-2,-15,13,walked_into_shield,,,heat
stored-night,smoke-screen+hollow-ground,w-h0l0,9,true,false,injected,2,play|disrupt.heat|heat|,idle-fume-1,11,play|probe.water|water|,long-flow-2,2.75,8.25,missed_interrupt,shield,heat,
stored-night,smoke-screen+hollow-ground,w-h0l0,10,false,false,injected,2,play|disrupt.heat|heat|,smoke-screen-1,11,play|disrupt.land|land|,filth-spread-1,8,3,missed_interrupt,shield,heat,
stored-night,smoke-screen+hollow-ground,w-h0l0,11,false,false,injected,2,play|disrupt.land|land|,filth-spread-1,8,play|probe.water|water|,long-flow-1,2.75,5.25,walked_into_shield,,,water
stored-night,smoke-screen+hollow-ground,w-h0l0,12,true,false,injected,2,play|breach.land|land|,hollow-ground-1,23.75,play|breach.water|water|,spend-tide-1,4.75,19,walked_into_shield,,,water
stored-night,smoke-screen+hollow-ground,w-h0l0,13,true,false,injected,2,play|probe.heat|heat|,open-chill-1,18.75,play|probe.water|water|,long-flow-2,2.75,16,walked_into_shield,,,water
stored-night,smoke-screen+hollow-ground,w-h0l0,14,true,false,injected,2,play|breach.heat|heat|,hundred-smoke-1,23.75,play|disrupt.water|water|,foul-current-1,-0.25,24,walked_into_shield,,,water
stored-night,smoke-screen+hollow-ground,w-h0l0,15,false,false,injected,2,play|disrupt.land|land|,filth-spread-1,8,play|probe.water|water|,long-flow-3,4.75,3.25,walked_into_shield,,,water
stored-night,smoke-screen+hollow-ground,w-h0l0,16,false,false,injected,2,play|probe.heat|heat|,open-chill-2,18.75,play|probe.water|water|,long-flow-3,2.75,16,walked_into_shield,,,water
stored-night,smoke-screen+hollow-ground,w-h0l0,17,true,false,injected,2,play|probe.heat|heat|,open-chill-2,13.75,play|probe.water|water|,long-flow-1,2.75,11,walked_into_shield,,,water
stored-night,smoke-screen+hollow-ground,w-h0l0,18,true,false,injected,2,play|breach.heat|heat|,hundred-smoke-1,23.75,play|breach.water|water|,spend-tide-1,4.75,19,walked_into_shield,,,water
stored-night,smoke-screen+hollow-ground,w-h0l0,19,false,false,injected,2,play|probe.land|land|,trample-green-2,13.75,play|probe.water|water|,long-flow-3,2.75,11,walked_into_shield,,,water
stored-night,smoke-screen+hollow-ground,w-h0l0,20,false,false,injected,2,play|probe.land|land|,trample-green-2,13.75,play|probe.water|water|,long-flow-3,2.75,11,walked_into_shield,,,water
stored-night,smoke-screen+hollow-ground,w-h0l0,21,true,false,injected,2,play|disrupt.heat|heat|,idle-fume-1,11,play|probe.water|water|,long-flow-2,4.75,6.25,missed_interrupt,shield,heat,
stored-night,smoke-screen+hollow-ground,w-h0l0,22,true,false,injected,2,play|breach.land|land|,no-green-left-1,23.75,play|disrupt.water|water|,foul-current-1,-0.25,24,walked_into_shield,,,water
stored-night,smoke-screen+hollow-ground,w-h0l0,23,true,false,injected,3,play|disrupt.land|land|,filth-spread-1,15.25,play|breach.land|land|,no-green-left-1,12.25,3,missed_interrupt,repair,land,
stored-night,smoke-screen+hollow-ground,w-h0l0,24,true,false,injected,2,play|disrupt.land|land|,filth-spread-1,8,play|probe.water|water|,long-flow-3,4.75,3.25,walked_into_shield,,,water
stored-night,smoke-screen+hollow-ground,w-h0l0,25,true,true,injected,2,play|disrupt.heat|heat|,idle-fume-1,11,play|disrupt.land|land|,filth-spread-1,8,3,missed_interrupt,shield,heat,
stored-night,smoke-screen+hollow-ground,w-h0l0,26,true,false,injected,2,play|probe.land|land|,trample-green-1,13.75,play|probe.water|water|,long-flow-2,2.75,11,walked_into_shield,,,water
stored-night,smoke-screen+hollow-ground,w-h0l0,27,false,false,injected,2,play|probe.heat|heat|,open-chill-1,18.75,play|probe.water|water|,long-flow-3,2.75,16,walked_into_shield,,,water
stored-night,smoke-screen+hollow-ground,w-h0l0,28,true,true,injected,3,play|breach.water|water|,spend-tide-1,11.25,play|probe.heat|heat|,open-chill-2,-15,26.25,walked_into_shield,,,heat
stored-night,smoke-screen+hollow-ground,w-h0l0,29,true,true,injected,2,play|probe.land|land|,trample-green-1,13.75,play|probe.water|water|,long-flow-2,4.75,9,walked_into_shield,,,water
stored-night,smoke-screen+hollow-ground,w-h0l0,30,true,false,injected,2,play|breach.land|land|,no-green-left-1,23.75,play|probe.water|water|,long-flow-3,1.5,22.25,walked_into_shield,,,water
stored-night,smoke-screen+hollow-ground,w-h0l0,31,false,false,injected,2,play|breach.land|land|,no-green-left-1,23.75,play|probe.water|water|,long-flow-1,1.5,22.25,walked_into_shield,,,water
stored-night,smoke-screen+hollow-ground,w-h0l0,32,false,true,injected,2,play|disrupt.heat|heat|,smoke-screen-1,11,play|probe.water|water|,long-flow-1,2.75,8.25,missed_interrupt,shield,heat,
stored-night,smoke-screen+hollow-ground,w-h0l0,33,false,false,injected,2,play|disrupt.heat|heat|,smoke-screen-1,11,play|disrupt.land|land|,filth-spread-1,8,3,missed_interrupt,shield,heat,
stored-night,smoke-screen+hollow-ground,w-h0l0,34,true,false,injected,2,play|probe.land|land|,trample-green-1,13.75,play|probe.water|water|,long-flow-2,2.75,11,walked_into_shield,,,water
stored-night,smoke-screen+hollow-ground,w-h0l0,35,false,true,injected,2,play|disrupt.heat|heat|,smoke-screen-1,11,play|disrupt.land|land|,filth-spread-1,8,3,missed_interrupt,shield,heat,
stored-night,smoke-screen+hollow-ground,w-h0l0,36,false,false,injected,2,play|disrupt.heat|heat|,smoke-screen-1,11,play|probe.water|water|,long-flow-1,2.75,8.25,missed_interrupt,shield,heat,
stored-night,smoke-screen+hollow-ground,w-h0l0,37,false,true,injected,2,play|disrupt.heat|heat|,smoke-screen-1,11,play|probe.water|water|,long-flow-3,2.75,8.25,missed_interrupt,shield,heat,
stored-night,smoke-screen+hollow-ground,w-h0l0,38,false,false,injected,2,play|probe.land|land|,trample-green-2,13.75,play|probe.water|water|,long-flow-1,2.75,11,walked_into_shield,,,water
stored-night,smoke-screen+hollow-ground,w-h0l0,39,true,false,injected,2,play|probe.heat|heat|,open-chill-2,13.75,play|probe.water|water|,long-flow-2,2.75,11,walked_into_shield,,,water
stored-night,smoke-screen+hollow-ground,w-h0l0,40,true,false,injected,2,play|probe.heat|heat|,open-chill-2,18.75,play|probe.water|water|,long-flow-3,2.75,16,walked_into_shield,,,water
stored-night,smoke-screen+hollow-ground,w-h0l0,41,true,false,injected,2,play|disrupt.heat|heat|,smoke-screen-1,11,play|probe.water|water|,long-flow-2,2.75,8.25,missed_interrupt,shield,heat,
stored-night,smoke-screen+hollow-ground,w-h0l0,42,true,false,injected,2,play|probe.land|land|,trample-green-2,13.75,play|probe.water|water|,long-flow-1,2.75,11,walked_into_shield,,,water
stored-night,smoke-screen+hollow-ground,w-h0l0,43,false,false,injected,2,play|disrupt.heat|heat|,smoke-screen-1,11,play|probe.water|water|,long-flow-2,2.75,8.25,missed_interrupt,shield,heat,
stored-night,smoke-screen+hollow-ground,w-h0l0,44,true,true,injected,3,play|probe.water|water|,long-flow-2,-1,play|breach.heat|heat|,hundred-smoke-1,-13.75,12.75,walked_into_shield,,,heat
stored-night,smoke-screen+hollow-ground,w-h0l0,45,true,false,injected,3,play|breach.water|water|,spend-tide-1,10.25,play|disrupt.heat|heat|,smoke-screen-1,-18.75,29,walked_into_shield,,,heat
stored-night,smoke-screen+hollow-ground,w-h0l0,46,false,false,injected,2,play|disrupt.heat|heat|,smoke-screen-1,11,play|probe.water|water|,long-flow-3,2.75,8.25,missed_interrupt,shield,heat,
stored-night,smoke-screen+hollow-ground,w-h0l0,47,true,true,injected,3,play|breach.water|water|,spend-tide-1,11.25,play|probe.heat|heat|,open-chill-2,-15,26.25,walked_into_shield,,,heat
stored-night,smoke-screen+hollow-ground,w-h0l0,48,true,true,injected,2,play|probe.land|land|,trample-green-2,13.75,play|probe.water|water|,long-flow-3,2.75,11,walked_into_shield,,,water
stored-night,smoke-screen+hollow-ground,w-h0l0,49,false,true,injected,2,play|disrupt.heat|heat|,smoke-screen-1,11,play|probe.water|water|,long-flow-1,4.75,6.25,missed_interrupt,shield,heat,
stored-night,smoke-screen+hollow-ground,w-h0l0,50,false,true,injected,2,play|probe.land|land|,trample-green-2,13.75,play|probe.water|water|,long-flow-2,2.75,11,walked_into_shield,,,water
stored-night,smoke-screen+hollow-ground,w-h0l0,51,true,true,injected,2,play|disrupt.heat|heat|,idle-fume-1,11,play|probe.water|water|,long-flow-1,4.75,6.25,missed_interrupt,shield,heat,
stored-night,smoke-screen+hollow-ground,w-h0l0,52,true,false,injected,2,play|breach.land|land|,hollow-ground-1,23.75,play|probe.water|water|,long-flow-3,1.5,22.25,walked_into_shield,,,water
stored-night,smoke-screen+hollow-ground,w-h0l0,53,true,false,injected,2,play|breach.heat|heat|,hundred-smoke-1,23.75,play|breach.water|water|,spend-tide-1,4.75,19,walked_into_shield,,,water
stored-night,smoke-screen+hollow-ground,w-h0l0,54,true,false,injected,2,play|breach.land|land|,hollow-ground-1,23.75,play|probe.water|water|,long-flow-3,1.5,22.25,walked_into_shield,,,water
stored-night,smoke-screen+hollow-ground,w-h0l0,55,true,false,injected,2,play|probe.heat|heat|,open-chill-1,13.75,play|probe.water|water|,long-flow-1,2.75,11,walked_into_shield,,,water
stored-night,smoke-screen+hollow-ground,w-h0l0,56,true,false,injected,2,play|probe.land|land|,trample-green-2,13.75,play|probe.water|water|,long-flow-3,2.75,11,walked_into_shield,,,water
stored-night,smoke-screen+hollow-ground,w-h0l0,57,true,false,injected,2,play|probe.heat|heat|,open-chill-2,18.75,play|probe.water|water|,long-flow-3,2.75,16,walked_into_shield,,,water
stored-night,smoke-screen+hollow-ground,w-h0l0,58,false,true,injected,2,play|disrupt.heat|heat|,smoke-screen-1,11,play|disrupt.land|land|,filth-spread-1,8,3,missed_interrupt,shield,heat,
stored-night,smoke-screen+hollow-ground,w-h0l0,59,false,false,injected,2,play|disrupt.heat|heat|,smoke-screen-1,11,play|disrupt.land|land|,filth-spread-1,8,3,missed_interrupt,shield,heat,
stored-night,smoke-screen+hollow-ground,w-h0l0,60,true,false,injected,2,play|breach.land|land|,hollow-ground-1,23.75,play|disrupt.water|water|,foul-current-1,-0.25,24,walked_into_shield,,,water
stored-night,smoke-screen+hollow-ground,w-h0l0,61,true,true,injected,2,play|disrupt.heat|heat|,smoke-screen-1,11,play|probe.water|water|,long-flow-3,2.75,8.25,missed_interrupt,shield,heat,
stored-night,smoke-screen+hollow-ground,w-h0l0,62,true,false,injected,2,play|probe.heat|heat|,open-chill-2,14.5,play|probe.water|water|,long-flow-1,1.5,13,walked_into_shield,,,water
stored-night,smoke-screen+hollow-ground,w-h0l0,63,true,false,injected,2,play|probe.heat|heat|,open-chill-1,13.75,play|probe.water|water|,long-flow-2,2.75,11,walked_into_shield,,,water
stored-night,smoke-screen+hollow-ground,w-h0l0,64,true,false,injected,2,play|probe.land|land|,trample-green-2,13.75,play|probe.water|water|,long-flow-3,2.75,11,walked_into_shield,,,water
stored-night,smoke-screen+hollow-ground,w-h0l0,65,true,false,injected,2,play|breach.land|land|,no-green-left-1,23.75,play|probe.water|water|,long-flow-3,1.5,22.25,walked_into_shield,,,water
stored-night,smoke-screen+hollow-ground,w-h0l0,66,false,true,injected,2,play|disrupt.land|land|,filth-spread-1,8,play|probe.water|water|,long-flow-3,2.75,5.25,walked_into_shield,,,water
stored-night,smoke-screen+hollow-ground,w-h0l0,67,true,false,injected,2,play|probe.land|land|,trample-green-2,13.75,play|probe.water|water|,long-flow-1,2.75,11,walked_into_shield,,,water
stored-night,smoke-screen+hollow-ground,w-h0l0,68,true,false,injected,3,play|breach.land|land|,no-green-left-1,9.25,play|disrupt.heat|heat|,smoke-screen-1,-18.75,28,walked_into_shield,,,heat
stored-night,smoke-screen+hollow-ground,w-h0l0,69,false,false,injected,2,play|disrupt.heat|heat|,smoke-screen-1,11,play|probe.water|water|,long-flow-1,2.75,8.25,missed_interrupt,shield,heat,
stored-night,smoke-screen+hollow-ground,w-h0l0,70,false,false,injected,2,play|disrupt.land|land|,filth-spread-1,8,play|probe.water|water|,long-flow-2,2.75,5.25,walked_into_shield,,,water
stored-night,smoke-screen+hollow-ground,w-h0l0,71,true,false,injected,2,play|breach.heat|heat|,hundred-smoke-1,23.75,play|probe.water|water|,long-flow-3,1.5,22.25,walked_into_shield,,,water
stored-night,smoke-screen+hollow-ground,w-h0l0,72,true,false,injected,2,play|breach.land|land|,no-green-left-1,23.75,play|probe.water|water|,long-flow-1,1.5,22.25,walked_into_shield,,,water
stored-night,smoke-screen+hollow-ground,w-h0l0,73,true,true,injected,2,play|disrupt.land|land|,filth-spread-1,8,play|probe.water|water|,long-flow-2,2.75,5.25,walked_into_shield,,,water
stored-night,smoke-screen+hollow-ground,w-h0l0,74,true,false,injected,2,play|probe.land|land|,trample-green-1,13.75,play|probe.water|water|,long-flow-1,2.75,11,walked_into_shield,,,water
stored-night,smoke-screen+hollow-ground,w-h0l0,75,true,false,injected,2,play|probe.heat|heat|,open-chill-2,14.5,play|probe.water|water|,long-flow-3,1.5,13,walked_into_shield,,,water
stored-night,smoke-screen+hollow-ground,w-h0l0,76,false,true,injected,2,play|disrupt.heat|heat|,idle-fume-1,11,play|disrupt.land|land|,filth-spread-1,8,3,missed_interrupt,shield,heat,
stored-night,smoke-screen+hollow-ground,w-h0l0,77,true,true,injected,2,play|disrupt.heat|heat|,smoke-screen-1,11,play|probe.water|water|,long-flow-2,2.75,8.25,missed_interrupt,shield,heat,
stored-night,smoke-screen+hollow-ground,w-h0l0,78,true,false,injected,2,play|probe.heat|heat|,open-chill-2,13.75,play|probe.water|water|,long-flow-2,2.75,11,walked_into_shield,,,water
stored-night,smoke-screen+hollow-ground,w-h0l0,79,true,false,injected,2,play|disrupt.heat|heat|,smoke-screen-1,11,play|probe.water|water|,long-flow-2,2.75,8.25,missed_interrupt,shield,heat,
stored-night,smoke-screen+hollow-ground,w-h0l0,80,true,false,injected,2,play|breach.land|land|,hollow-ground-1,23.75,play|probe.water|water|,long-flow-2,1.5,22.25,walked_into_shield,,,water
stored-night,smoke-screen+hollow-ground,w-h0l0,81,false,true,injected,2,play|disrupt.heat|heat|,smoke-screen-1,11,play|probe.water|water|,long-flow-3,2.75,8.25,missed_interrupt,shield,heat,
stored-night,smoke-screen+hollow-ground,w-h0l0,82,false,false,injected,2,play|breach.land|land|,hollow-ground-1,23.75,play|breach.water|water|,spend-tide-1,4.75,19,walked_into_shield,,,water
stored-night,smoke-screen+hollow-ground,w-h0l0,83,true,false,injected,2,play|probe.heat|heat|,open-chill-1,13.75,play|probe.water|water|,long-flow-2,2.75,11,walked_into_shield,,,water
stored-night,smoke-screen+hollow-ground,w-h0l0,84,true,false,injected,2,play|breach.heat|heat|,hundred-smoke-1,23.75,play|breach.water|water|,spend-tide-1,4.75,19,walked_into_shield,,,water
stored-night,smoke-screen+hollow-ground,w-h0l0,85,true,true,injected,2,play|probe.heat|heat|,open-chill-1,14.5,play|breach.water|water|,spend-tide-1,4.75,9.75,walked_into_shield,,,water
stored-night,smoke-screen+hollow-ground,w-h0l0,86,false,false,injected,2,play|disrupt.land|land|,filth-spread-1,8,play|disrupt.water|water|,foul-current-1,1,7,walked_into_shield,,,water
stored-night,smoke-screen+hollow-ground,w-h0l0,87,false,true,injected,2,play|probe.land|land|,trample-green-2,13.75,play|probe.water|water|,long-flow-1,2.75,11,walked_into_shield,,,water
stored-night,smoke-screen+hollow-ground,w-h0l0,88,true,false,injected,2,play|probe.land|land|,trample-green-1,13.75,play|probe.water|water|,long-flow-3,4.75,9,walked_into_shield,,,water
stored-night,smoke-screen+hollow-ground,w-h0l0,89,false,false,injected,2,play|disrupt.land|land|,filth-spread-1,8,play|probe.water|water|,long-flow-3,2.75,5.25,walked_into_shield,,,water
stored-night,smoke-screen+hollow-ground,w-h0l0,90,true,true,injected,2,play|probe.heat|heat|,open-chill-1,13.75,play|probe.water|water|,long-flow-3,2.75,11,walked_into_shield,,,water
stored-night,smoke-screen+hollow-ground,w-h0l0,91,true,false,injected,2,play|probe.land|land|,trample-green-2,13.75,play|probe.water|water|,long-flow-2,2.75,11,walked_into_shield,,,water
stored-night,smoke-screen+hollow-ground,w-h0l0,92,false,false,injected,2,play|disrupt.heat|heat|,idle-fume-1,11,play|probe.water|water|,long-flow-3,2.75,8.25,missed_interrupt,shield,heat,
stored-night,smoke-screen+hollow-ground,w-h0l0,93,false,false,injected,3,play|probe.land|land|,trample-green-2,-2,play|disrupt.heat|heat|,smoke-screen-1,-16.75,14.75,walked_into_shield,,,heat
stored-night,smoke-screen+hollow-ground,w-h0l0,94,true,false,injected,2,play|probe.land|land|,trample-green-2,13.75,play|probe.water|water|,long-flow-1,2.75,11,walked_into_shield,,,water
stored-night,smoke-screen+hollow-ground,w-h0l0,95,true,false,injected,3,play|disrupt.land|land|,filth-spread-1,13.25,play|breach.water|water|,spend-tide-1,9.25,4,missed_interrupt,repair,land,
stored-night,smoke-screen+hollow-ground,w-h0l0,96,false,true,injected,2,play|disrupt.heat|heat|,idle-fume-1,11,play|probe.water|water|,long-flow-2,2.75,8.25,missed_interrupt,shield,heat,
stored-night,smoke-screen+hollow-ground,w-h0l0,97,false,false,injected,2,play|breach.land|land|,no-green-left-1,23.75,play|breach.water|water|,spend-tide-1,4.75,19,walked_into_shield,,,water
stored-night,smoke-screen+hollow-ground,w-h0l0,98,true,false,injected,2,play|probe.heat|heat|,open-chill-1,18.75,play|probe.water|water|,long-flow-1,2.75,16,walked_into_shield,,,water
stored-night,smoke-screen+hollow-ground,w-h0l0,99,false,false,injected,2,play|probe.land|land|,trample-green-1,13.75,play|disrupt.water|water|,foul-current-1,1,12.75,walked_into_shield,,,water
stored-night,smoke-screen+hollow-ground,w-h0l0,100,false,false,injected,2,play|disrupt.land|land|,filth-spread-1,8,play|probe.water|water|,long-flow-1,2.75,5.25,walked_into_shield,,,water
stored-night,smoke-screen+hollow-ground,w+h0l0,1,true,false,injected,2,play|probe.land|land|,trample-green-2,13.75,play|probe.water|water|,long-flow-3,4.75,9,walked_into_shield,,,water
stored-night,smoke-screen+hollow-ground,w+h0l0,2,true,true,injected,2,play|disrupt.heat|heat|,smoke-screen-1,11,play|gather||gather,,2.5,8.5,missed_interrupt,shield,heat,
stored-night,smoke-screen+hollow-ground,w+h0l0,3,false,false,injected,2,play|probe.heat|heat|,open-chill-1,13.75,play|probe.water|water|,long-flow-1,2.75,11,walked_into_shield,,,water
stored-night,smoke-screen+hollow-ground,w+h0l0,4,false,false,injected,2,play|probe.heat|heat|,open-chill-1,13.75,play|probe.water|water|,long-flow-3,2.75,11,walked_into_shield,,,water
stored-night,smoke-screen+hollow-ground,w+h0l0,5,true,false,injected,2,play|disrupt.heat|heat|,idle-fume-1,11,play|disrupt.land|land|,filth-spread-1,8,3,missed_interrupt,shield,heat,
stored-night,smoke-screen+hollow-ground,w+h0l0,6,true,false,injected,2,play|probe.heat|heat|,open-chill-1,13.75,play|disrupt.water|water|,foul-current-1,-1,14.75,walked_into_shield,,,water
stored-night,smoke-screen+hollow-ground,w+h0l0,7,false,false,injected,2,play|breach.land|land|,hollow-ground-1,23.75,play|breach.water|water|,spend-tide-1,4.75,19,walked_into_shield,,,water
stored-night,smoke-screen+hollow-ground,w+h0l0,8,false,false,injected,3,play|probe.land|land|,trample-green-2,-2,play|probe.heat|heat|,open-chill-2,-15,13,walked_into_shield,,,heat
stored-night,smoke-screen+hollow-ground,w+h0l0,9,true,false,injected,2,play|disrupt.heat|heat|,idle-fume-1,11,play|probe.water|water|,long-flow-2,2.75,8.25,missed_interrupt,shield,heat,
stored-night,smoke-screen+hollow-ground,w+h0l0,10,false,false,injected,2,play|disrupt.heat|heat|,smoke-screen-1,11,play|disrupt.land|land|,filth-spread-1,8,3,missed_interrupt,shield,heat,
stored-night,smoke-screen+hollow-ground,w+h0l0,11,false,false,injected,2,play|disrupt.land|land|,filth-spread-1,8,play|probe.water|water|,long-flow-1,2.75,5.25,walked_into_shield,,,water
stored-night,smoke-screen+hollow-ground,w+h0l0,12,true,false,injected,2,play|breach.land|land|,hollow-ground-1,23.75,play|breach.water|water|,spend-tide-1,4.75,19,walked_into_shield,,,water
stored-night,smoke-screen+hollow-ground,w+h0l0,13,true,false,injected,2,play|probe.heat|heat|,open-chill-1,18.75,play|probe.water|water|,long-flow-2,2.75,16,walked_into_shield,,,water
stored-night,smoke-screen+hollow-ground,w+h0l0,14,true,false,injected,2,play|breach.heat|heat|,hundred-smoke-1,23.75,play|disrupt.water|water|,foul-current-1,-0.25,24,walked_into_shield,,,water
stored-night,smoke-screen+hollow-ground,w+h0l0,15,false,false,injected,2,play|disrupt.land|land|,filth-spread-1,8,play|probe.water|water|,long-flow-3,4.75,3.25,walked_into_shield,,,water
stored-night,smoke-screen+hollow-ground,w+h0l0,16,false,false,injected,2,play|probe.heat|heat|,open-chill-2,18.75,play|probe.water|water|,long-flow-3,2.75,16,walked_into_shield,,,water
stored-night,smoke-screen+hollow-ground,w+h0l0,17,true,false,injected,2,play|probe.heat|heat|,open-chill-2,13.75,play|probe.water|water|,long-flow-1,2.75,11,walked_into_shield,,,water
stored-night,smoke-screen+hollow-ground,w+h0l0,18,true,false,injected,2,play|breach.heat|heat|,hundred-smoke-1,23.75,play|breach.water|water|,spend-tide-1,4.75,19,walked_into_shield,,,water
stored-night,smoke-screen+hollow-ground,w+h0l0,19,false,false,injected,2,play|probe.land|land|,trample-green-2,13.75,play|probe.water|water|,long-flow-3,2.75,11,walked_into_shield,,,water
stored-night,smoke-screen+hollow-ground,w+h0l0,20,false,false,injected,2,play|probe.land|land|,trample-green-2,13.75,play|probe.water|water|,long-flow-3,2.75,11,walked_into_shield,,,water
stored-night,smoke-screen+hollow-ground,w+h0l0,21,true,true,injected,2,play|disrupt.heat|heat|,idle-fume-1,11,play|probe.water|water|,long-flow-2,4.75,6.25,missed_interrupt,shield,heat,
stored-night,smoke-screen+hollow-ground,w+h0l0,22,true,false,injected,2,play|breach.land|land|,no-green-left-1,23.75,play|disrupt.water|water|,foul-current-1,-0.25,24,walked_into_shield,,,water
stored-night,smoke-screen+hollow-ground,w+h0l0,23,true,false,injected,3,play|disrupt.land|land|,filth-spread-1,15.25,play|breach.land|land|,no-green-left-1,12.25,3,missed_interrupt,repair,land,
stored-night,smoke-screen+hollow-ground,w+h0l0,24,true,false,injected,2,play|disrupt.land|land|,filth-spread-1,8,play|probe.water|water|,long-flow-3,4.75,3.25,walked_into_shield,,,water
stored-night,smoke-screen+hollow-ground,w+h0l0,25,true,true,injected,2,play|disrupt.heat|heat|,idle-fume-1,11,play|disrupt.land|land|,filth-spread-1,8,3,missed_interrupt,shield,heat,
stored-night,smoke-screen+hollow-ground,w+h0l0,26,true,false,injected,2,play|probe.land|land|,trample-green-1,13.75,play|probe.water|water|,long-flow-2,2.75,11,walked_into_shield,,,water
stored-night,smoke-screen+hollow-ground,w+h0l0,27,false,false,injected,2,play|probe.heat|heat|,open-chill-1,18.75,play|probe.water|water|,long-flow-3,2.75,16,walked_into_shield,,,water
stored-night,smoke-screen+hollow-ground,w+h0l0,28,true,true,injected,3,play|breach.water|water|,spend-tide-1,11.25,play|probe.heat|heat|,open-chill-2,-15,26.25,walked_into_shield,,,heat
stored-night,smoke-screen+hollow-ground,w+h0l0,29,true,true,injected,2,play|probe.land|land|,trample-green-1,13.75,play|probe.water|water|,long-flow-2,4.75,9,walked_into_shield,,,water
stored-night,smoke-screen+hollow-ground,w+h0l0,30,true,false,injected,2,play|breach.land|land|,no-green-left-1,23.75,play|probe.water|water|,long-flow-3,1.5,22.25,walked_into_shield,,,water
stored-night,smoke-screen+hollow-ground,w+h0l0,31,false,false,injected,2,play|breach.land|land|,no-green-left-1,23.75,play|probe.water|water|,long-flow-1,1.5,22.25,walked_into_shield,,,water
stored-night,smoke-screen+hollow-ground,w+h0l0,32,false,true,injected,2,play|disrupt.heat|heat|,smoke-screen-1,11,play|probe.water|water|,long-flow-1,2.75,8.25,missed_interrupt,shield,heat,
stored-night,smoke-screen+hollow-ground,w+h0l0,33,false,false,injected,2,play|disrupt.heat|heat|,smoke-screen-1,11,play|disrupt.land|land|,filth-spread-1,8,3,missed_interrupt,shield,heat,
stored-night,smoke-screen+hollow-ground,w+h0l0,34,true,false,injected,2,play|probe.land|land|,trample-green-1,13.75,play|probe.water|water|,long-flow-2,2.75,11,walked_into_shield,,,water
stored-night,smoke-screen+hollow-ground,w+h0l0,35,false,true,injected,2,play|disrupt.heat|heat|,smoke-screen-1,11,play|disrupt.land|land|,filth-spread-1,8,3,missed_interrupt,shield,heat,
stored-night,smoke-screen+hollow-ground,w+h0l0,36,false,false,injected,2,play|disrupt.heat|heat|,smoke-screen-1,11,play|probe.water|water|,long-flow-1,2.75,8.25,missed_interrupt,shield,heat,
stored-night,smoke-screen+hollow-ground,w+h0l0,37,false,true,injected,2,play|disrupt.heat|heat|,smoke-screen-1,11,play|probe.water|water|,long-flow-3,2.75,8.25,missed_interrupt,shield,heat,
stored-night,smoke-screen+hollow-ground,w+h0l0,38,false,false,injected,2,play|probe.land|land|,trample-green-2,13.75,play|probe.water|water|,long-flow-1,2.75,11,walked_into_shield,,,water
stored-night,smoke-screen+hollow-ground,w+h0l0,39,true,false,injected,2,play|probe.heat|heat|,open-chill-2,13.75,play|probe.water|water|,long-flow-2,2.75,11,walked_into_shield,,,water
stored-night,smoke-screen+hollow-ground,w+h0l0,40,true,false,injected,2,play|probe.heat|heat|,open-chill-2,18.75,play|probe.water|water|,long-flow-3,2.75,16,walked_into_shield,,,water
stored-night,smoke-screen+hollow-ground,w+h0l0,41,true,false,injected,2,play|disrupt.heat|heat|,smoke-screen-1,11,play|probe.water|water|,long-flow-2,2.75,8.25,missed_interrupt,shield,heat,
stored-night,smoke-screen+hollow-ground,w+h0l0,42,true,false,injected,2,play|probe.land|land|,trample-green-2,13.75,play|probe.water|water|,long-flow-1,2.75,11,walked_into_shield,,,water
stored-night,smoke-screen+hollow-ground,w+h0l0,43,false,false,injected,2,play|disrupt.heat|heat|,smoke-screen-1,11,play|probe.water|water|,long-flow-2,2.75,8.25,missed_interrupt,shield,heat,
stored-night,smoke-screen+hollow-ground,w+h0l0,44,true,true,injected,3,play|breach.land|land|,no-green-left-1,9.25,play|breach.heat|heat|,hundred-smoke-1,-13.75,23,walked_into_shield,,,heat
stored-night,smoke-screen+hollow-ground,w+h0l0,45,true,false,injected,3,play|breach.water|water|,spend-tide-1,10.25,play|disrupt.heat|heat|,smoke-screen-1,-18.75,29,walked_into_shield,,,heat
stored-night,smoke-screen+hollow-ground,w+h0l0,46,false,false,injected,2,play|disrupt.heat|heat|,smoke-screen-1,11,play|probe.water|water|,long-flow-3,2.75,8.25,missed_interrupt,shield,heat,
stored-night,smoke-screen+hollow-ground,w+h0l0,47,true,true,injected,3,play|breach.water|water|,spend-tide-1,11.25,play|probe.heat|heat|,open-chill-2,-15,26.25,walked_into_shield,,,heat
stored-night,smoke-screen+hollow-ground,w+h0l0,48,true,true,injected,2,play|probe.land|land|,trample-green-2,13.75,play|probe.water|water|,long-flow-3,2.75,11,walked_into_shield,,,water
stored-night,smoke-screen+hollow-ground,w+h0l0,49,false,true,injected,2,play|disrupt.heat|heat|,smoke-screen-1,11,play|probe.water|water|,long-flow-1,4.75,6.25,missed_interrupt,shield,heat,
stored-night,smoke-screen+hollow-ground,w+h0l0,50,false,true,injected,2,play|probe.land|land|,trample-green-2,13.75,play|probe.water|water|,long-flow-2,2.75,11,walked_into_shield,,,water
stored-night,smoke-screen+hollow-ground,w+h0l0,51,true,false,injected,2,play|disrupt.heat|heat|,idle-fume-1,11,play|probe.water|water|,long-flow-1,4.75,6.25,missed_interrupt,shield,heat,
stored-night,smoke-screen+hollow-ground,w+h0l0,52,true,false,injected,2,play|breach.land|land|,hollow-ground-1,23.75,play|probe.water|water|,long-flow-3,1.5,22.25,walked_into_shield,,,water
stored-night,smoke-screen+hollow-ground,w+h0l0,53,true,false,injected,2,play|breach.heat|heat|,hundred-smoke-1,23.75,play|breach.water|water|,spend-tide-1,4.75,19,walked_into_shield,,,water
stored-night,smoke-screen+hollow-ground,w+h0l0,54,true,false,injected,2,play|breach.land|land|,hollow-ground-1,23.75,play|probe.water|water|,long-flow-3,1.5,22.25,walked_into_shield,,,water
stored-night,smoke-screen+hollow-ground,w+h0l0,55,true,false,injected,2,play|probe.heat|heat|,open-chill-1,13.75,play|probe.water|water|,long-flow-1,2.75,11,walked_into_shield,,,water
stored-night,smoke-screen+hollow-ground,w+h0l0,56,true,false,injected,2,play|probe.land|land|,trample-green-2,13.75,play|probe.water|water|,long-flow-3,2.75,11,walked_into_shield,,,water
stored-night,smoke-screen+hollow-ground,w+h0l0,57,true,false,injected,2,play|probe.heat|heat|,open-chill-2,18.75,play|probe.water|water|,long-flow-3,2.75,16,walked_into_shield,,,water
stored-night,smoke-screen+hollow-ground,w+h0l0,58,true,true,injected,2,play|disrupt.heat|heat|,smoke-screen-1,11,play|disrupt.land|land|,filth-spread-1,8,3,missed_interrupt,shield,heat,
stored-night,smoke-screen+hollow-ground,w+h0l0,59,true,false,injected,2,play|disrupt.heat|heat|,smoke-screen-1,11,play|disrupt.land|land|,filth-spread-1,8,3,missed_interrupt,shield,heat,
stored-night,smoke-screen+hollow-ground,w+h0l0,60,true,false,injected,2,play|breach.land|land|,hollow-ground-1,23.75,play|disrupt.water|water|,foul-current-1,-0.25,24,walked_into_shield,,,water
stored-night,smoke-screen+hollow-ground,w+h0l0,61,true,true,injected,2,play|disrupt.heat|heat|,smoke-screen-1,11,play|probe.water|water|,long-flow-3,2.75,8.25,missed_interrupt,shield,heat,
stored-night,smoke-screen+hollow-ground,w+h0l0,62,true,false,injected,2,play|probe.heat|heat|,open-chill-2,14.5,play|probe.water|water|,long-flow-1,1.5,13,walked_into_shield,,,water
stored-night,smoke-screen+hollow-ground,w+h0l0,63,true,false,injected,2,play|probe.heat|heat|,open-chill-1,13.75,play|probe.water|water|,long-flow-2,2.75,11,walked_into_shield,,,water
stored-night,smoke-screen+hollow-ground,w+h0l0,64,false,false,injected,2,play|probe.land|land|,trample-green-2,13.75,play|probe.water|water|,long-flow-3,4.75,9,walked_into_shield,,,water
stored-night,smoke-screen+hollow-ground,w+h0l0,65,true,false,injected,2,play|breach.land|land|,no-green-left-1,23.75,play|probe.water|water|,long-flow-3,1.5,22.25,walked_into_shield,,,water
stored-night,smoke-screen+hollow-ground,w+h0l0,66,false,true,injected,2,play|disrupt.land|land|,filth-spread-1,8,play|probe.water|water|,long-flow-3,2.75,5.25,walked_into_shield,,,water
stored-night,smoke-screen+hollow-ground,w+h0l0,67,true,false,injected,2,play|probe.land|land|,trample-green-2,13.75,play|probe.water|water|,long-flow-1,2.75,11,walked_into_shield,,,water
stored-night,smoke-screen+hollow-ground,w+h0l0,68,true,false,injected,3,play|breach.land|land|,no-green-left-1,9.25,play|disrupt.heat|heat|,smoke-screen-1,-18.75,28,walked_into_shield,,,heat
stored-night,smoke-screen+hollow-ground,w+h0l0,69,false,false,injected,2,play|disrupt.heat|heat|,smoke-screen-1,11,play|probe.water|water|,long-flow-1,2.75,8.25,missed_interrupt,shield,heat,
stored-night,smoke-screen+hollow-ground,w+h0l0,70,false,false,injected,2,play|disrupt.land|land|,filth-spread-1,8,play|probe.water|water|,long-flow-2,2.75,5.25,walked_into_shield,,,water
stored-night,smoke-screen+hollow-ground,w+h0l0,71,true,false,injected,2,play|breach.heat|heat|,hundred-smoke-1,23.75,play|probe.water|water|,long-flow-3,1.5,22.25,walked_into_shield,,,water
stored-night,smoke-screen+hollow-ground,w+h0l0,72,true,false,injected,2,play|breach.land|land|,no-green-left-1,23.75,play|probe.water|water|,long-flow-1,1.5,22.25,walked_into_shield,,,water
stored-night,smoke-screen+hollow-ground,w+h0l0,73,true,true,injected,2,play|disrupt.land|land|,filth-spread-1,8,play|probe.water|water|,long-flow-2,2.75,5.25,walked_into_shield,,,water
stored-night,smoke-screen+hollow-ground,w+h0l0,74,true,false,injected,2,play|probe.land|land|,trample-green-1,13.75,play|probe.water|water|,long-flow-1,2.75,11,walked_into_shield,,,water
stored-night,smoke-screen+hollow-ground,w+h0l0,75,true,false,injected,2,play|probe.heat|heat|,open-chill-2,14.5,play|probe.water|water|,long-flow-3,1.5,13,walked_into_shield,,,water
stored-night,smoke-screen+hollow-ground,w+h0l0,76,false,true,injected,2,play|disrupt.heat|heat|,idle-fume-1,11,play|disrupt.land|land|,filth-spread-1,8,3,missed_interrupt,shield,heat,
stored-night,smoke-screen+hollow-ground,w+h0l0,77,true,true,injected,2,play|disrupt.heat|heat|,smoke-screen-1,11,play|probe.water|water|,long-flow-2,2.75,8.25,missed_interrupt,shield,heat,
stored-night,smoke-screen+hollow-ground,w+h0l0,78,true,false,injected,2,play|probe.heat|heat|,open-chill-2,13.75,play|probe.water|water|,long-flow-2,2.75,11,walked_into_shield,,,water
stored-night,smoke-screen+hollow-ground,w+h0l0,79,true,false,injected,2,play|disrupt.heat|heat|,smoke-screen-1,11,play|probe.water|water|,long-flow-2,2.75,8.25,missed_interrupt,shield,heat,
stored-night,smoke-screen+hollow-ground,w+h0l0,80,true,false,injected,2,play|breach.land|land|,hollow-ground-1,23.75,play|probe.water|water|,long-flow-2,1.5,22.25,walked_into_shield,,,water
stored-night,smoke-screen+hollow-ground,w+h0l0,81,false,true,injected,2,play|disrupt.heat|heat|,smoke-screen-1,11,play|probe.water|water|,long-flow-3,2.75,8.25,missed_interrupt,shield,heat,
stored-night,smoke-screen+hollow-ground,w+h0l0,82,false,false,injected,2,play|breach.land|land|,hollow-ground-1,23.75,play|breach.water|water|,spend-tide-1,4.75,19,walked_into_shield,,,water
stored-night,smoke-screen+hollow-ground,w+h0l0,83,true,false,injected,2,play|probe.heat|heat|,open-chill-1,13.75,play|probe.water|water|,long-flow-2,2.75,11,walked_into_shield,,,water
stored-night,smoke-screen+hollow-ground,w+h0l0,84,true,false,injected,2,play|breach.heat|heat|,hundred-smoke-1,23.75,play|breach.water|water|,spend-tide-1,4.75,19,walked_into_shield,,,water
stored-night,smoke-screen+hollow-ground,w+h0l0,85,true,true,injected,2,play|probe.heat|heat|,open-chill-1,14.5,play|breach.water|water|,spend-tide-1,4.75,9.75,walked_into_shield,,,water
stored-night,smoke-screen+hollow-ground,w+h0l0,86,false,true,injected,2,play|disrupt.land|land|,filth-spread-1,8,play|disrupt.water|water|,foul-current-1,-1,9,walked_into_shield,,,water
stored-night,smoke-screen+hollow-ground,w+h0l0,87,false,true,injected,2,play|probe.land|land|,trample-green-2,13.75,play|probe.water|water|,long-flow-1,2.75,11,walked_into_shield,,,water
stored-night,smoke-screen+hollow-ground,w+h0l0,88,true,false,injected,2,play|probe.land|land|,trample-green-1,13.75,play|probe.water|water|,long-flow-3,4.75,9,walked_into_shield,,,water
stored-night,smoke-screen+hollow-ground,w+h0l0,89,false,false,injected,2,play|disrupt.land|land|,filth-spread-1,8,play|probe.water|water|,long-flow-3,2.75,5.25,walked_into_shield,,,water
stored-night,smoke-screen+hollow-ground,w+h0l0,90,true,true,injected,2,play|probe.heat|heat|,open-chill-1,13.75,play|probe.water|water|,long-flow-3,2.75,11,walked_into_shield,,,water
stored-night,smoke-screen+hollow-ground,w+h0l0,91,true,false,injected,2,play|probe.land|land|,trample-green-2,13.75,play|probe.water|water|,long-flow-2,2.75,11,walked_into_shield,,,water
stored-night,smoke-screen+hollow-ground,w+h0l0,92,false,false,injected,2,play|disrupt.heat|heat|,idle-fume-1,11,play|probe.water|water|,long-flow-3,2.75,8.25,missed_interrupt,shield,heat,
stored-night,smoke-screen+hollow-ground,w+h0l0,93,false,false,injected,3,play|probe.land|land|,trample-green-2,-2,play|disrupt.heat|heat|,smoke-screen-1,-16.75,14.75,walked_into_shield,,,heat
stored-night,smoke-screen+hollow-ground,w+h0l0,94,true,false,injected,2,play|probe.land|land|,trample-green-2,13.75,play|probe.water|water|,long-flow-1,4.75,9,walked_into_shield,,,water
stored-night,smoke-screen+hollow-ground,w+h0l0,95,true,false,injected,3,play|disrupt.land|land|,filth-spread-1,13.25,play|breach.water|water|,spend-tide-1,9.25,4,missed_interrupt,repair,land,
stored-night,smoke-screen+hollow-ground,w+h0l0,96,false,true,injected,2,play|disrupt.heat|heat|,idle-fume-1,11,play|probe.water|water|,long-flow-2,2.75,8.25,missed_interrupt,shield,heat,
stored-night,smoke-screen+hollow-ground,w+h0l0,97,true,false,injected,2,play|breach.land|land|,no-green-left-1,23.75,play|breach.water|water|,spend-tide-1,4.75,19,walked_into_shield,,,water
stored-night,smoke-screen+hollow-ground,w+h0l0,98,true,false,injected,2,play|probe.heat|heat|,open-chill-1,18.75,play|probe.water|water|,long-flow-1,2.75,16,walked_into_shield,,,water
stored-night,smoke-screen+hollow-ground,w+h0l0,99,false,false,injected,2,play|probe.land|land|,trample-green-1,13.75,play|disrupt.water|water|,foul-current-1,1,12.75,walked_into_shield,,,water
stored-night,smoke-screen+hollow-ground,w+h0l0,100,false,false,injected,2,play|disrupt.land|land|,filth-spread-1,8,play|probe.water|water|,long-flow-1,2.75,5.25,walked_into_shield,,,water
stored-night,smoke-screen+hollow-ground,w0h-l0,1,true,false,injected,2,play|probe.land|land|,trample-green-2,13.75,play|probe.water|water|,long-flow-3,4.75,9,walked_into_shield,,,water
stored-night,smoke-screen+hollow-ground,w0h-l0,2,true,true,injected,2,play|disrupt.heat|heat|,smoke-screen-1,11,play|gather||gather,,2.5,8.5,missed_interrupt,shield,heat,
stored-night,smoke-screen+hollow-ground,w0h-l0,3,false,false,injected,2,play|probe.heat|heat|,open-chill-1,13.75,play|probe.water|water|,long-flow-1,2.75,11,walked_into_shield,,,water
stored-night,smoke-screen+hollow-ground,w0h-l0,4,false,false,injected,2,play|probe.heat|heat|,open-chill-1,13.75,play|probe.water|water|,long-flow-3,2.75,11,walked_into_shield,,,water
stored-night,smoke-screen+hollow-ground,w0h-l0,5,true,false,injected,2,play|disrupt.heat|heat|,idle-fume-1,11,play|disrupt.land|land|,filth-spread-1,8,3,missed_interrupt,shield,heat,
stored-night,smoke-screen+hollow-ground,w0h-l0,6,true,false,injected,2,play|probe.heat|heat|,open-chill-1,13.75,play|disrupt.water|water|,foul-current-1,-1,14.75,walked_into_shield,,,water
stored-night,smoke-screen+hollow-ground,w0h-l0,7,false,false,injected,2,play|breach.land|land|,hollow-ground-1,23.75,play|breach.water|water|,spend-tide-1,4.75,19,walked_into_shield,,,water
stored-night,smoke-screen+hollow-ground,w0h-l0,8,false,false,injected,3,play|probe.land|land|,trample-green-2,-2,play|probe.heat|heat|,open-chill-2,-15,13,walked_into_shield,,,heat
stored-night,smoke-screen+hollow-ground,w0h-l0,9,true,false,injected,2,play|disrupt.heat|heat|,idle-fume-1,11,play|probe.water|water|,long-flow-2,2.75,8.25,missed_interrupt,shield,heat,
stored-night,smoke-screen+hollow-ground,w0h-l0,10,false,false,injected,2,play|disrupt.heat|heat|,smoke-screen-1,11,play|disrupt.land|land|,filth-spread-1,8,3,missed_interrupt,shield,heat,
stored-night,smoke-screen+hollow-ground,w0h-l0,11,false,false,injected,2,play|disrupt.land|land|,filth-spread-1,8,play|probe.water|water|,long-flow-1,2.75,5.25,walked_into_shield,,,water
stored-night,smoke-screen+hollow-ground,w0h-l0,12,true,false,injected,2,play|breach.land|land|,hollow-ground-1,23.75,play|breach.water|water|,spend-tide-1,4.75,19,walked_into_shield,,,water
stored-night,smoke-screen+hollow-ground,w0h-l0,13,true,false,injected,2,play|probe.heat|heat|,open-chill-1,17.75,play|probe.water|water|,long-flow-2,2.75,15,walked_into_shield,,,water
stored-night,smoke-screen+hollow-ground,w0h-l0,14,true,false,injected,2,play|breach.heat|heat|,hundred-smoke-1,23.75,play|disrupt.water|water|,foul-current-1,-0.25,24,walked_into_shield,,,water
stored-night,smoke-screen+hollow-ground,w0h-l0,15,false,false,injected,2,play|disrupt.land|land|,filth-spread-1,8,play|probe.water|water|,long-flow-3,4.75,3.25,walked_into_shield,,,water
stored-night,smoke-screen+hollow-ground,w0h-l0,16,false,false,injected,2,play|probe.heat|heat|,open-chill-2,17.75,play|probe.water|water|,long-flow-3,2.75,15,walked_into_shield,,,water
stored-night,smoke-screen+hollow-ground,w0h-l0,17,true,false,injected,2,play|probe.heat|heat|,open-chill-2,13.75,play|probe.water|water|,long-flow-1,2.75,11,walked_into_shield,,,water
stored-night,smoke-screen+hollow-ground,w0h-l0,18,true,false,injected,2,play|breach.heat|heat|,hundred-smoke-1,23.75,play|breach.water|water|,spend-tide-1,4.75,19,walked_into_shield,,,water
stored-night,smoke-screen+hollow-ground,w0h-l0,19,false,false,injected,2,play|probe.land|land|,trample-green-2,13.75,play|probe.water|water|,long-flow-3,2.75,11,walked_into_shield,,,water
stored-night,smoke-screen+hollow-ground,w0h-l0,20,false,false,injected,2,play|probe.land|land|,trample-green-2,13.75,play|probe.water|water|,long-flow-3,2.75,11,walked_into_shield,,,water
stored-night,smoke-screen+hollow-ground,w0h-l0,21,true,false,injected,2,play|disrupt.heat|heat|,idle-fume-1,11,play|probe.water|water|,long-flow-2,4.75,6.25,missed_interrupt,shield,heat,
stored-night,smoke-screen+hollow-ground,w0h-l0,22,true,false,injected,2,play|breach.land|land|,no-green-left-1,23.75,play|disrupt.water|water|,foul-current-1,-0.25,24,walked_into_shield,,,water
stored-night,smoke-screen+hollow-ground,w0h-l0,23,true,false,injected,3,play|disrupt.land|land|,filth-spread-1,15.25,play|breach.land|land|,no-green-left-1,12.25,3,missed_interrupt,repair,land,
stored-night,smoke-screen+hollow-ground,w0h-l0,24,true,false,injected,2,play|disrupt.land|land|,filth-spread-1,8,play|probe.water|water|,long-flow-3,4.75,3.25,walked_into_shield,,,water
stored-night,smoke-screen+hollow-ground,w0h-l0,25,true,true,injected,2,play|disrupt.heat|heat|,idle-fume-1,11,play|disrupt.land|land|,filth-spread-1,8,3,missed_interrupt,shield,heat,
stored-night,smoke-screen+hollow-ground,w0h-l0,26,true,false,injected,2,play|probe.land|land|,trample-green-1,13.75,play|probe.water|water|,long-flow-2,2.75,11,walked_into_shield,,,water
stored-night,smoke-screen+hollow-ground,w0h-l0,27,true,false,injected,2,play|probe.heat|heat|,open-chill-1,17.75,play|probe.water|water|,long-flow-3,2.75,15,walked_into_shield,,,water
stored-night,smoke-screen+hollow-ground,w0h-l0,28,true,true,injected,3,play|breach.water|water|,spend-tide-1,11.25,play|probe.heat|heat|,open-chill-2,-15,26.25,walked_into_shield,,,heat
stored-night,smoke-screen+hollow-ground,w0h-l0,29,true,true,injected,2,play|probe.land|land|,trample-green-1,13.75,play|probe.water|water|,long-flow-2,4.75,9,walked_into_shield,,,water
stored-night,smoke-screen+hollow-ground,w0h-l0,30,true,false,injected,2,play|breach.land|land|,no-green-left-1,23.75,play|probe.water|water|,long-flow-3,1.5,22.25,walked_into_shield,,,water
stored-night,smoke-screen+hollow-ground,w0h-l0,31,false,false,injected,2,play|breach.land|land|,no-green-left-1,23.75,play|probe.water|water|,long-flow-1,1.5,22.25,walked_into_shield,,,water
stored-night,smoke-screen+hollow-ground,w0h-l0,32,false,true,injected,2,play|disrupt.heat|heat|,smoke-screen-1,11,play|probe.water|water|,long-flow-1,2.75,8.25,missed_interrupt,shield,heat,
stored-night,smoke-screen+hollow-ground,w0h-l0,33,false,false,injected,2,play|disrupt.heat|heat|,smoke-screen-1,11,play|disrupt.land|land|,filth-spread-1,8,3,missed_interrupt,shield,heat,
stored-night,smoke-screen+hollow-ground,w0h-l0,34,true,false,injected,2,play|probe.land|land|,trample-green-1,13.75,play|probe.water|water|,long-flow-2,2.75,11,walked_into_shield,,,water
stored-night,smoke-screen+hollow-ground,w0h-l0,35,false,true,injected,2,play|disrupt.heat|heat|,smoke-screen-1,11,play|disrupt.land|land|,filth-spread-1,8,3,missed_interrupt,shield,heat,
stored-night,smoke-screen+hollow-ground,w0h-l0,36,false,false,injected,2,play|disrupt.heat|heat|,smoke-screen-1,11,play|probe.water|water|,long-flow-1,2.75,8.25,missed_interrupt,shield,heat,
stored-night,smoke-screen+hollow-ground,w0h-l0,37,false,true,injected,2,play|disrupt.heat|heat|,smoke-screen-1,11,play|probe.water|water|,long-flow-3,2.75,8.25,missed_interrupt,shield,heat,
stored-night,smoke-screen+hollow-ground,w0h-l0,38,false,false,injected,2,play|probe.land|land|,trample-green-2,13.75,play|probe.water|water|,long-flow-1,2.75,11,walked_into_shield,,,water
stored-night,smoke-screen+hollow-ground,w0h-l0,39,true,false,injected,2,play|probe.heat|heat|,open-chill-2,13.75,play|probe.water|water|,long-flow-2,2.75,11,walked_into_shield,,,water
stored-night,smoke-screen+hollow-ground,w0h-l0,40,true,false,injected,2,play|probe.heat|heat|,open-chill-2,17.75,play|probe.water|water|,long-flow-3,2.75,15,walked_into_shield,,,water
stored-night,smoke-screen+hollow-ground,w0h-l0,41,true,false,injected,2,play|disrupt.heat|heat|,smoke-screen-1,11,play|probe.water|water|,long-flow-2,2.75,8.25,missed_interrupt,shield,heat,
stored-night,smoke-screen+hollow-ground,w0h-l0,42,true,false,injected,2,play|probe.land|land|,trample-green-2,13.75,play|probe.water|water|,long-flow-1,2.75,11,walked_into_shield,,,water
stored-night,smoke-screen+hollow-ground,w0h-l0,43,false,false,injected,2,play|disrupt.heat|heat|,smoke-screen-1,11,play|probe.water|water|,long-flow-2,2.75,8.25,missed_interrupt,shield,heat,
stored-night,smoke-screen+hollow-ground,w0h-l0,44,true,true,injected,3,play|probe.water|water|,long-flow-2,-1,play|breach.heat|heat|,hundred-smoke-1,-13.75,12.75,walked_into_shield,,,heat
stored-night,smoke-screen+hollow-ground,w0h-l0,45,true,false,injected,3,play|breach.water|water|,spend-tide-1,10.25,play|disrupt.heat|heat|,smoke-screen-1,-18.75,29,walked_into_shield,,,heat
stored-night,smoke-screen+hollow-ground,w0h-l0,46,false,false,injected,2,play|disrupt.heat|heat|,smoke-screen-1,11,play|probe.water|water|,long-flow-3,2.75,8.25,missed_interrupt,shield,heat,
stored-night,smoke-screen+hollow-ground,w0h-l0,47,true,true,injected,3,play|breach.water|water|,spend-tide-1,11.25,play|probe.heat|heat|,open-chill-2,-15,26.25,walked_into_shield,,,heat
stored-night,smoke-screen+hollow-ground,w0h-l0,48,true,true,injected,2,play|probe.land|land|,trample-green-2,13.75,play|probe.water|water|,long-flow-3,2.75,11,walked_into_shield,,,water
stored-night,smoke-screen+hollow-ground,w0h-l0,49,false,true,injected,2,play|disrupt.heat|heat|,smoke-screen-1,11,play|probe.water|water|,long-flow-1,4.75,6.25,missed_interrupt,shield,heat,
stored-night,smoke-screen+hollow-ground,w0h-l0,50,false,true,injected,2,play|probe.land|land|,trample-green-2,13.75,play|probe.water|water|,long-flow-2,2.75,11,walked_into_shield,,,water
stored-night,smoke-screen+hollow-ground,w0h-l0,51,false,true,injected,2,play|disrupt.heat|heat|,idle-fume-1,11,play|probe.water|water|,long-flow-1,4.75,6.25,missed_interrupt,shield,heat,
stored-night,smoke-screen+hollow-ground,w0h-l0,52,true,false,injected,2,play|breach.land|land|,hollow-ground-1,23.75,play|probe.water|water|,long-flow-3,1.5,22.25,walked_into_shield,,,water
stored-night,smoke-screen+hollow-ground,w0h-l0,53,true,false,injected,2,play|breach.heat|heat|,hundred-smoke-1,23.75,play|breach.water|water|,spend-tide-1,4.75,19,walked_into_shield,,,water
stored-night,smoke-screen+hollow-ground,w0h-l0,54,true,false,injected,2,play|breach.land|land|,hollow-ground-1,23.75,play|probe.water|water|,long-flow-3,1.5,22.25,walked_into_shield,,,water
stored-night,smoke-screen+hollow-ground,w0h-l0,55,true,false,injected,2,play|probe.heat|heat|,open-chill-1,13.75,play|probe.water|water|,long-flow-1,2.75,11,walked_into_shield,,,water
stored-night,smoke-screen+hollow-ground,w0h-l0,56,true,false,injected,2,play|probe.land|land|,trample-green-2,13.75,play|probe.water|water|,long-flow-3,2.75,11,walked_into_shield,,,water
stored-night,smoke-screen+hollow-ground,w0h-l0,57,true,false,injected,2,play|probe.heat|heat|,open-chill-2,17.75,play|probe.water|water|,long-flow-3,2.75,15,walked_into_shield,,,water
stored-night,smoke-screen+hollow-ground,w0h-l0,58,true,true,injected,2,play|disrupt.heat|heat|,smoke-screen-1,11,play|disrupt.land|land|,filth-spread-1,8,3,missed_interrupt,shield,heat,
stored-night,smoke-screen+hollow-ground,w0h-l0,59,false,false,injected,2,play|disrupt.heat|heat|,smoke-screen-1,11,play|disrupt.land|land|,filth-spread-1,8,3,missed_interrupt,shield,heat,
stored-night,smoke-screen+hollow-ground,w0h-l0,60,true,false,injected,2,play|breach.land|land|,hollow-ground-1,23.75,play|disrupt.water|water|,foul-current-1,-0.25,24,walked_into_shield,,,water
stored-night,smoke-screen+hollow-ground,w0h-l0,61,true,true,injected,2,play|disrupt.heat|heat|,smoke-screen-1,11,play|probe.water|water|,long-flow-3,2.75,8.25,missed_interrupt,shield,heat,
stored-night,smoke-screen+hollow-ground,w0h-l0,62,true,false,injected,2,play|probe.heat|heat|,open-chill-2,14.5,play|probe.water|water|,long-flow-1,1.5,13,walked_into_shield,,,water
stored-night,smoke-screen+hollow-ground,w0h-l0,63,true,false,injected,2,play|probe.heat|heat|,open-chill-1,13.75,play|probe.water|water|,long-flow-2,2.75,11,walked_into_shield,,,water
stored-night,smoke-screen+hollow-ground,w0h-l0,64,true,false,injected,2,play|probe.land|land|,trample-green-2,13.75,play|probe.water|water|,long-flow-3,2.75,11,walked_into_shield,,,water
stored-night,smoke-screen+hollow-ground,w0h-l0,65,true,false,injected,2,play|breach.land|land|,no-green-left-1,23.75,play|probe.water|water|,long-flow-3,1.5,22.25,walked_into_shield,,,water
stored-night,smoke-screen+hollow-ground,w0h-l0,66,false,true,injected,2,play|disrupt.land|land|,filth-spread-1,8,play|probe.water|water|,long-flow-3,2.75,5.25,walked_into_shield,,,water
stored-night,smoke-screen+hollow-ground,w0h-l0,67,true,false,injected,2,play|probe.land|land|,trample-green-2,13.75,play|probe.water|water|,long-flow-1,2.75,11,walked_into_shield,,,water
stored-night,smoke-screen+hollow-ground,w0h-l0,68,true,false,injected,3,play|breach.land|land|,no-green-left-1,9.25,play|disrupt.heat|heat|,smoke-screen-1,-18.75,28,walked_into_shield,,,heat
stored-night,smoke-screen+hollow-ground,w0h-l0,69,false,false,injected,2,play|disrupt.heat|heat|,smoke-screen-1,11,play|probe.water|water|,long-flow-1,2.75,8.25,missed_interrupt,shield,heat,
stored-night,smoke-screen+hollow-ground,w0h-l0,70,false,false,injected,2,play|disrupt.land|land|,filth-spread-1,8,play|probe.water|water|,long-flow-2,2.75,5.25,walked_into_shield,,,water
stored-night,smoke-screen+hollow-ground,w0h-l0,71,true,false,injected,2,play|breach.heat|heat|,hundred-smoke-1,23.75,play|probe.water|water|,long-flow-3,1.5,22.25,walked_into_shield,,,water
stored-night,smoke-screen+hollow-ground,w0h-l0,72,true,false,injected,2,play|breach.land|land|,no-green-left-1,23.75,play|probe.water|water|,long-flow-1,1.5,22.25,walked_into_shield,,,water
stored-night,smoke-screen+hollow-ground,w0h-l0,73,true,true,injected,2,play|disrupt.land|land|,filth-spread-1,8,play|probe.water|water|,long-flow-2,2.75,5.25,walked_into_shield,,,water
stored-night,smoke-screen+hollow-ground,w0h-l0,74,true,false,injected,2,play|probe.land|land|,trample-green-1,13.75,play|probe.water|water|,long-flow-1,2.75,11,walked_into_shield,,,water
stored-night,smoke-screen+hollow-ground,w0h-l0,75,true,false,injected,2,play|probe.heat|heat|,open-chill-2,14.5,play|probe.water|water|,long-flow-3,1.5,13,walked_into_shield,,,water
stored-night,smoke-screen+hollow-ground,w0h-l0,76,false,true,injected,2,play|disrupt.heat|heat|,idle-fume-1,11,play|disrupt.land|land|,filth-spread-1,8,3,missed_interrupt,shield,heat,
stored-night,smoke-screen+hollow-ground,w0h-l0,77,true,true,injected,2,play|disrupt.heat|heat|,smoke-screen-1,11,play|probe.water|water|,long-flow-2,2.75,8.25,missed_interrupt,shield,heat,
stored-night,smoke-screen+hollow-ground,w0h-l0,78,true,false,injected,2,play|probe.heat|heat|,open-chill-2,13.75,play|probe.water|water|,long-flow-2,2.75,11,walked_into_shield,,,water
stored-night,smoke-screen+hollow-ground,w0h-l0,79,true,false,injected,2,play|disrupt.heat|heat|,smoke-screen-1,11,play|probe.water|water|,long-flow-2,2.75,8.25,missed_interrupt,shield,heat,
stored-night,smoke-screen+hollow-ground,w0h-l0,80,true,false,injected,2,play|breach.land|land|,hollow-ground-1,23.75,play|probe.water|water|,long-flow-2,1.5,22.25,walked_into_shield,,,water
stored-night,smoke-screen+hollow-ground,w0h-l0,81,false,true,injected,2,play|disrupt.heat|heat|,smoke-screen-1,11,play|probe.water|water|,long-flow-3,2.75,8.25,missed_interrupt,shield,heat,
stored-night,smoke-screen+hollow-ground,w0h-l0,82,false,false,injected,2,play|breach.land|land|,hollow-ground-1,23.75,play|breach.water|water|,spend-tide-1,4.75,19,walked_into_shield,,,water
stored-night,smoke-screen+hollow-ground,w0h-l0,83,true,false,injected,2,play|probe.heat|heat|,open-chill-1,13.75,play|probe.water|water|,long-flow-2,2.75,11,walked_into_shield,,,water
stored-night,smoke-screen+hollow-ground,w0h-l0,84,true,false,injected,2,play|breach.heat|heat|,hundred-smoke-1,23.75,play|breach.water|water|,spend-tide-1,4.75,19,walked_into_shield,,,water
stored-night,smoke-screen+hollow-ground,w0h-l0,85,true,true,injected,2,play|probe.heat|heat|,open-chill-1,14.5,play|breach.water|water|,spend-tide-1,4.75,9.75,walked_into_shield,,,water
stored-night,smoke-screen+hollow-ground,w0h-l0,86,false,false,injected,2,play|disrupt.land|land|,filth-spread-1,8,play|disrupt.water|water|,foul-current-1,1,7,walked_into_shield,,,water
stored-night,smoke-screen+hollow-ground,w0h-l0,87,false,true,injected,2,play|probe.land|land|,trample-green-2,13.75,play|probe.water|water|,long-flow-1,2.75,11,walked_into_shield,,,water
stored-night,smoke-screen+hollow-ground,w0h-l0,88,true,false,injected,2,play|probe.land|land|,trample-green-1,13.75,play|probe.water|water|,long-flow-3,4.75,9,walked_into_shield,,,water
stored-night,smoke-screen+hollow-ground,w0h-l0,89,false,false,injected,2,play|disrupt.land|land|,filth-spread-1,8,play|probe.water|water|,long-flow-3,2.75,5.25,walked_into_shield,,,water
stored-night,smoke-screen+hollow-ground,w0h-l0,90,true,true,injected,2,play|probe.heat|heat|,open-chill-1,13.75,play|probe.water|water|,long-flow-3,2.75,11,walked_into_shield,,,water
stored-night,smoke-screen+hollow-ground,w0h-l0,91,true,false,injected,2,play|probe.land|land|,trample-green-2,13.75,play|probe.water|water|,long-flow-2,2.75,11,walked_into_shield,,,water
stored-night,smoke-screen+hollow-ground,w0h-l0,92,false,false,injected,2,play|disrupt.heat|heat|,idle-fume-1,11,play|probe.water|water|,long-flow-3,2.75,8.25,missed_interrupt,shield,heat,
stored-night,smoke-screen+hollow-ground,w0h-l0,93,false,false,injected,3,play|probe.land|land|,trample-green-2,-2,play|disrupt.heat|heat|,smoke-screen-1,-16.75,14.75,walked_into_shield,,,heat
stored-night,smoke-screen+hollow-ground,w0h-l0,94,true,true,injected,2,play|probe.land|land|,trample-green-2,13.75,play|probe.water|water|,long-flow-1,2.75,11,walked_into_shield,,,water
stored-night,smoke-screen+hollow-ground,w0h-l0,95,true,false,injected,3,play|disrupt.land|land|,filth-spread-1,13.25,play|breach.water|water|,spend-tide-1,9.25,4,missed_interrupt,repair,land,
stored-night,smoke-screen+hollow-ground,w0h-l0,96,false,true,injected,2,play|disrupt.heat|heat|,idle-fume-1,11,play|probe.water|water|,long-flow-2,2.75,8.25,missed_interrupt,shield,heat,
stored-night,smoke-screen+hollow-ground,w0h-l0,97,true,false,injected,2,play|breach.land|land|,no-green-left-1,23.75,play|breach.water|water|,spend-tide-1,4.75,19,walked_into_shield,,,water
stored-night,smoke-screen+hollow-ground,w0h-l0,98,false,false,injected,2,play|probe.heat|heat|,open-chill-1,17.75,play|probe.water|water|,long-flow-1,2.75,15,walked_into_shield,,,water
stored-night,smoke-screen+hollow-ground,w0h-l0,99,false,false,injected,2,play|probe.land|land|,trample-green-1,13.75,play|disrupt.water|water|,foul-current-1,1,12.75,walked_into_shield,,,water
stored-night,smoke-screen+hollow-ground,w0h-l0,100,false,false,injected,2,play|disrupt.land|land|,filth-spread-1,8,play|probe.water|water|,long-flow-1,2.75,5.25,walked_into_shield,,,water
stored-night,smoke-screen+hollow-ground,w0h+l0,1,true,false,injected,2,play|probe.land|land|,trample-green-2,13.75,play|probe.water|water|,long-flow-3,4.75,9,walked_into_shield,,,water
stored-night,smoke-screen+hollow-ground,w0h+l0,2,true,true,injected,2,play|disrupt.heat|heat|,smoke-screen-1,11,play|gather||gather,,2.5,8.5,missed_interrupt,shield,heat,
stored-night,smoke-screen+hollow-ground,w0h+l0,3,false,false,injected,2,play|probe.heat|heat|,open-chill-1,13.75,play|probe.water|water|,long-flow-1,2.75,11,walked_into_shield,,,water
stored-night,smoke-screen+hollow-ground,w0h+l0,4,false,false,injected,2,play|probe.heat|heat|,open-chill-1,13.75,play|probe.water|water|,long-flow-3,2.75,11,walked_into_shield,,,water
stored-night,smoke-screen+hollow-ground,w0h+l0,5,true,false,injected,2,play|disrupt.heat|heat|,idle-fume-1,11,play|disrupt.land|land|,filth-spread-1,8,3,missed_interrupt,shield,heat,
stored-night,smoke-screen+hollow-ground,w0h+l0,6,true,false,injected,2,play|probe.heat|heat|,open-chill-1,13.75,play|disrupt.water|water|,foul-current-1,-1,14.75,walked_into_shield,,,water
stored-night,smoke-screen+hollow-ground,w0h+l0,7,false,false,injected,2,play|breach.land|land|,hollow-ground-1,23.75,play|breach.water|water|,spend-tide-1,4.75,19,walked_into_shield,,,water
stored-night,smoke-screen+hollow-ground,w0h+l0,8,false,false,injected,3,play|probe.land|land|,trample-green-2,-2,play|probe.heat|heat|,open-chill-2,-15,13,walked_into_shield,,,heat
stored-night,smoke-screen+hollow-ground,w0h+l0,9,true,false,injected,2,play|disrupt.heat|heat|,idle-fume-1,11,play|probe.water|water|,long-flow-2,2.75,8.25,missed_interrupt,shield,heat,
stored-night,smoke-screen+hollow-ground,w0h+l0,10,false,false,injected,2,play|disrupt.heat|heat|,smoke-screen-1,11,play|disrupt.land|land|,filth-spread-1,8,3,missed_interrupt,shield,heat,
stored-night,smoke-screen+hollow-ground,w0h+l0,11,false,false,injected,2,play|disrupt.land|land|,filth-spread-1,8,play|probe.water|water|,long-flow-1,2.75,5.25,walked_into_shield,,,water
stored-night,smoke-screen+hollow-ground,w0h+l0,12,true,false,injected,2,play|breach.land|land|,hollow-ground-1,23.75,play|breach.water|water|,spend-tide-1,4.75,19,walked_into_shield,,,water
stored-night,smoke-screen+hollow-ground,w0h+l0,13,true,false,injected,2,play|probe.heat|heat|,open-chill-1,18.75,play|probe.water|water|,long-flow-2,2.75,16,walked_into_shield,,,water
stored-night,smoke-screen+hollow-ground,w0h+l0,14,true,false,injected,2,play|breach.heat|heat|,hundred-smoke-1,23.75,play|disrupt.water|water|,foul-current-1,-0.25,24,walked_into_shield,,,water
stored-night,smoke-screen+hollow-ground,w0h+l0,15,false,false,injected,2,play|disrupt.land|land|,filth-spread-1,8,play|probe.water|water|,long-flow-3,4.75,3.25,walked_into_shield,,,water
stored-night,smoke-screen+hollow-ground,w0h+l0,16,false,false,injected,2,play|probe.heat|heat|,open-chill-2,18.75,play|probe.water|water|,long-flow-3,2.75,16,walked_into_shield,,,water
stored-night,smoke-screen+hollow-ground,w0h+l0,17,true,false,injected,2,play|probe.heat|heat|,open-chill-2,13.75,play|probe.water|water|,long-flow-1,2.75,11,walked_into_shield,,,water
stored-night,smoke-screen+hollow-ground,w0h+l0,18,true,false,injected,2,play|breach.heat|heat|,hundred-smoke-1,23.75,play|breach.water|water|,spend-tide-1,4.75,19,walked_into_shield,,,water
stored-night,smoke-screen+hollow-ground,w0h+l0,19,false,false,injected,2,play|probe.land|land|,trample-green-2,13.75,play|probe.water|water|,long-flow-3,2.75,11,walked_into_shield,,,water
stored-night,smoke-screen+hollow-ground,w0h+l0,20,false,false,injected,2,play|probe.land|land|,trample-green-2,13.75,play|probe.water|water|,long-flow-3,2.75,11,walked_into_shield,,,water
stored-night,smoke-screen+hollow-ground,w0h+l0,21,true,false,injected,2,play|disrupt.heat|heat|,idle-fume-1,11,play|probe.water|water|,long-flow-2,4.75,6.25,missed_interrupt,shield,heat,
stored-night,smoke-screen+hollow-ground,w0h+l0,22,true,false,injected,2,play|breach.land|land|,no-green-left-1,23.75,play|disrupt.water|water|,foul-current-1,-0.25,24,walked_into_shield,,,water
stored-night,smoke-screen+hollow-ground,w0h+l0,23,true,false,injected,3,play|disrupt.land|land|,filth-spread-1,15.25,play|breach.land|land|,no-green-left-1,12.25,3,missed_interrupt,repair,land,
stored-night,smoke-screen+hollow-ground,w0h+l0,24,true,false,injected,2,play|disrupt.land|land|,filth-spread-1,8,play|probe.water|water|,long-flow-3,4.75,3.25,walked_into_shield,,,water
stored-night,smoke-screen+hollow-ground,w0h+l0,25,true,true,injected,2,play|disrupt.heat|heat|,idle-fume-1,11,play|disrupt.land|land|,filth-spread-1,8,3,missed_interrupt,shield,heat,
stored-night,smoke-screen+hollow-ground,w0h+l0,26,true,false,injected,2,play|probe.land|land|,trample-green-1,13.75,play|probe.water|water|,long-flow-2,2.75,11,walked_into_shield,,,water
stored-night,smoke-screen+hollow-ground,w0h+l0,27,false,false,injected,2,play|probe.heat|heat|,open-chill-1,18.75,play|probe.water|water|,long-flow-3,2.75,16,walked_into_shield,,,water
stored-night,smoke-screen+hollow-ground,w0h+l0,28,true,true,injected,3,play|breach.water|water|,spend-tide-1,11.25,play|probe.heat|heat|,open-chill-2,-15,26.25,walked_into_shield,,,heat
stored-night,smoke-screen+hollow-ground,w0h+l0,29,true,true,injected,2,play|probe.land|land|,trample-green-1,13.75,play|probe.water|water|,long-flow-2,4.75,9,walked_into_shield,,,water
stored-night,smoke-screen+hollow-ground,w0h+l0,30,true,false,injected,2,play|breach.land|land|,no-green-left-1,23.75,play|probe.water|water|,long-flow-3,1.5,22.25,walked_into_shield,,,water
stored-night,smoke-screen+hollow-ground,w0h+l0,31,false,false,injected,2,play|breach.land|land|,no-green-left-1,23.75,play|probe.water|water|,long-flow-1,1.5,22.25,walked_into_shield,,,water
stored-night,smoke-screen+hollow-ground,w0h+l0,32,false,true,injected,2,play|disrupt.heat|heat|,smoke-screen-1,11,play|probe.water|water|,long-flow-1,2.75,8.25,missed_interrupt,shield,heat,
stored-night,smoke-screen+hollow-ground,w0h+l0,33,false,false,injected,2,play|disrupt.heat|heat|,smoke-screen-1,11,play|disrupt.land|land|,filth-spread-1,8,3,missed_interrupt,shield,heat,
stored-night,smoke-screen+hollow-ground,w0h+l0,34,true,false,injected,2,play|probe.land|land|,trample-green-1,13.75,play|probe.water|water|,long-flow-2,2.75,11,walked_into_shield,,,water
stored-night,smoke-screen+hollow-ground,w0h+l0,35,false,true,injected,2,play|disrupt.heat|heat|,smoke-screen-1,11,play|disrupt.land|land|,filth-spread-1,8,3,missed_interrupt,shield,heat,
stored-night,smoke-screen+hollow-ground,w0h+l0,36,false,false,injected,2,play|disrupt.heat|heat|,smoke-screen-1,11,play|probe.water|water|,long-flow-1,2.75,8.25,missed_interrupt,shield,heat,
stored-night,smoke-screen+hollow-ground,w0h+l0,37,false,true,injected,2,play|disrupt.heat|heat|,smoke-screen-1,11,play|probe.water|water|,long-flow-3,2.75,8.25,missed_interrupt,shield,heat,
stored-night,smoke-screen+hollow-ground,w0h+l0,38,false,false,injected,2,play|probe.land|land|,trample-green-2,13.75,play|probe.water|water|,long-flow-1,2.75,11,walked_into_shield,,,water
stored-night,smoke-screen+hollow-ground,w0h+l0,39,true,false,injected,2,play|probe.heat|heat|,open-chill-2,13.75,play|probe.water|water|,long-flow-2,2.75,11,walked_into_shield,,,water
stored-night,smoke-screen+hollow-ground,w0h+l0,40,true,false,injected,2,play|probe.heat|heat|,open-chill-2,18.75,play|probe.water|water|,long-flow-3,2.75,16,walked_into_shield,,,water
stored-night,smoke-screen+hollow-ground,w0h+l0,41,true,false,injected,2,play|disrupt.heat|heat|,smoke-screen-1,11,play|probe.water|water|,long-flow-2,2.75,8.25,missed_interrupt,shield,heat,
stored-night,smoke-screen+hollow-ground,w0h+l0,42,true,false,injected,2,play|probe.land|land|,trample-green-2,13.75,play|probe.water|water|,long-flow-1,2.75,11,walked_into_shield,,,water
stored-night,smoke-screen+hollow-ground,w0h+l0,43,false,false,injected,2,play|disrupt.heat|heat|,smoke-screen-1,11,play|probe.water|water|,long-flow-2,2.75,8.25,missed_interrupt,shield,heat,
stored-night,smoke-screen+hollow-ground,w0h+l0,44,true,true,injected,3,play|probe.water|water|,long-flow-2,-1,play|breach.heat|heat|,hundred-smoke-1,-13.75,12.75,walked_into_shield,,,heat
stored-night,smoke-screen+hollow-ground,w0h+l0,45,true,false,injected,3,play|breach.water|water|,spend-tide-1,10.25,play|disrupt.heat|heat|,smoke-screen-1,-18.75,29,walked_into_shield,,,heat
stored-night,smoke-screen+hollow-ground,w0h+l0,46,false,false,injected,2,play|disrupt.heat|heat|,smoke-screen-1,11,play|probe.water|water|,long-flow-3,2.75,8.25,missed_interrupt,shield,heat,
stored-night,smoke-screen+hollow-ground,w0h+l0,47,true,true,injected,3,play|breach.water|water|,spend-tide-1,11.25,play|probe.heat|heat|,open-chill-2,-15,26.25,walked_into_shield,,,heat
stored-night,smoke-screen+hollow-ground,w0h+l0,48,true,true,injected,2,play|probe.land|land|,trample-green-2,13.75,play|probe.water|water|,long-flow-3,2.75,11,walked_into_shield,,,water
stored-night,smoke-screen+hollow-ground,w0h+l0,49,false,true,injected,2,play|disrupt.heat|heat|,smoke-screen-1,11,play|probe.water|water|,long-flow-1,4.75,6.25,missed_interrupt,shield,heat,
stored-night,smoke-screen+hollow-ground,w0h+l0,50,false,true,injected,2,play|probe.land|land|,trample-green-2,13.75,play|probe.water|water|,long-flow-2,2.75,11,walked_into_shield,,,water
stored-night,smoke-screen+hollow-ground,w0h+l0,51,true,true,injected,2,play|disrupt.heat|heat|,idle-fume-1,11,play|probe.water|water|,long-flow-1,4.75,6.25,missed_interrupt,shield,heat,
stored-night,smoke-screen+hollow-ground,w0h+l0,52,true,false,injected,2,play|breach.land|land|,hollow-ground-1,23.75,play|probe.water|water|,long-flow-3,1.5,22.25,walked_into_shield,,,water
stored-night,smoke-screen+hollow-ground,w0h+l0,53,true,false,injected,2,play|breach.heat|heat|,hundred-smoke-1,23.75,play|breach.water|water|,spend-tide-1,4.75,19,walked_into_shield,,,water
stored-night,smoke-screen+hollow-ground,w0h+l0,54,true,false,injected,2,play|breach.land|land|,hollow-ground-1,23.75,play|probe.water|water|,long-flow-3,1.5,22.25,walked_into_shield,,,water
stored-night,smoke-screen+hollow-ground,w0h+l0,55,true,false,injected,2,play|probe.heat|heat|,open-chill-1,13.75,play|probe.water|water|,long-flow-1,2.75,11,walked_into_shield,,,water
stored-night,smoke-screen+hollow-ground,w0h+l0,56,true,false,injected,2,play|probe.land|land|,trample-green-2,13.75,play|probe.water|water|,long-flow-3,2.75,11,walked_into_shield,,,water
stored-night,smoke-screen+hollow-ground,w0h+l0,57,true,false,injected,2,play|probe.heat|heat|,open-chill-2,18.75,play|probe.water|water|,long-flow-3,2.75,16,walked_into_shield,,,water
stored-night,smoke-screen+hollow-ground,w0h+l0,58,true,true,injected,2,play|disrupt.heat|heat|,smoke-screen-1,11,play|disrupt.land|land|,filth-spread-1,8,3,missed_interrupt,shield,heat,
stored-night,smoke-screen+hollow-ground,w0h+l0,59,false,false,injected,2,play|disrupt.heat|heat|,smoke-screen-1,11,play|disrupt.land|land|,filth-spread-1,8,3,missed_interrupt,shield,heat,
stored-night,smoke-screen+hollow-ground,w0h+l0,60,true,false,injected,2,play|breach.land|land|,hollow-ground-1,23.75,play|disrupt.water|water|,foul-current-1,-0.25,24,walked_into_shield,,,water
stored-night,smoke-screen+hollow-ground,w0h+l0,61,true,true,injected,2,play|disrupt.heat|heat|,smoke-screen-1,11,play|probe.water|water|,long-flow-3,2.75,8.25,missed_interrupt,shield,heat,
stored-night,smoke-screen+hollow-ground,w0h+l0,62,true,false,injected,2,play|probe.heat|heat|,open-chill-2,14.5,play|probe.water|water|,long-flow-1,1.5,13,walked_into_shield,,,water
stored-night,smoke-screen+hollow-ground,w0h+l0,63,true,false,injected,2,play|probe.heat|heat|,open-chill-1,13.75,play|probe.water|water|,long-flow-2,2.75,11,walked_into_shield,,,water
stored-night,smoke-screen+hollow-ground,w0h+l0,64,true,false,injected,2,play|probe.land|land|,trample-green-2,13.75,play|probe.water|water|,long-flow-3,2.75,11,walked_into_shield,,,water
stored-night,smoke-screen+hollow-ground,w0h+l0,65,true,false,injected,2,play|breach.land|land|,no-green-left-1,23.75,play|probe.water|water|,long-flow-3,1.5,22.25,walked_into_shield,,,water
stored-night,smoke-screen+hollow-ground,w0h+l0,66,false,true,injected,2,play|disrupt.land|land|,filth-spread-1,8,play|probe.water|water|,long-flow-3,2.75,5.25,walked_into_shield,,,water
stored-night,smoke-screen+hollow-ground,w0h+l0,67,true,false,injected,2,play|probe.land|land|,trample-green-2,13.75,play|probe.water|water|,long-flow-1,2.75,11,walked_into_shield,,,water
stored-night,smoke-screen+hollow-ground,w0h+l0,68,true,false,injected,3,play|breach.land|land|,no-green-left-1,9.25,play|disrupt.heat|heat|,smoke-screen-1,-18.75,28,walked_into_shield,,,heat
stored-night,smoke-screen+hollow-ground,w0h+l0,69,false,false,injected,2,play|disrupt.heat|heat|,smoke-screen-1,11,play|probe.water|water|,long-flow-1,2.75,8.25,missed_interrupt,shield,heat,
stored-night,smoke-screen+hollow-ground,w0h+l0,70,false,false,injected,2,play|disrupt.land|land|,filth-spread-1,8,play|probe.water|water|,long-flow-2,2.75,5.25,walked_into_shield,,,water
stored-night,smoke-screen+hollow-ground,w0h+l0,71,true,false,injected,2,play|breach.heat|heat|,hundred-smoke-1,23.75,play|probe.water|water|,long-flow-3,1.5,22.25,walked_into_shield,,,water
stored-night,smoke-screen+hollow-ground,w0h+l0,72,true,false,injected,2,play|breach.land|land|,no-green-left-1,23.75,play|probe.water|water|,long-flow-1,1.5,22.25,walked_into_shield,,,water
stored-night,smoke-screen+hollow-ground,w0h+l0,73,true,true,injected,2,play|disrupt.land|land|,filth-spread-1,8,play|probe.water|water|,long-flow-2,2.75,5.25,walked_into_shield,,,water
stored-night,smoke-screen+hollow-ground,w0h+l0,74,true,false,injected,2,play|probe.land|land|,trample-green-1,13.75,play|probe.water|water|,long-flow-1,2.75,11,walked_into_shield,,,water
stored-night,smoke-screen+hollow-ground,w0h+l0,75,true,false,injected,2,play|probe.heat|heat|,open-chill-2,14.5,play|probe.water|water|,long-flow-3,1.5,13,walked_into_shield,,,water
stored-night,smoke-screen+hollow-ground,w0h+l0,76,false,true,injected,2,play|disrupt.heat|heat|,idle-fume-1,11,play|disrupt.land|land|,filth-spread-1,8,3,missed_interrupt,shield,heat,
stored-night,smoke-screen+hollow-ground,w0h+l0,77,true,true,injected,2,play|disrupt.heat|heat|,smoke-screen-1,11,play|probe.water|water|,long-flow-2,2.75,8.25,missed_interrupt,shield,heat,
stored-night,smoke-screen+hollow-ground,w0h+l0,78,true,false,injected,2,play|probe.heat|heat|,open-chill-2,13.75,play|probe.water|water|,long-flow-2,2.75,11,walked_into_shield,,,water
stored-night,smoke-screen+hollow-ground,w0h+l0,79,true,false,injected,2,play|disrupt.heat|heat|,smoke-screen-1,11,play|probe.water|water|,long-flow-2,2.75,8.25,missed_interrupt,shield,heat,
stored-night,smoke-screen+hollow-ground,w0h+l0,80,true,false,injected,2,play|breach.land|land|,hollow-ground-1,23.75,play|probe.water|water|,long-flow-2,1.5,22.25,walked_into_shield,,,water
stored-night,smoke-screen+hollow-ground,w0h+l0,81,false,true,injected,2,play|disrupt.heat|heat|,smoke-screen-1,11,play|probe.water|water|,long-flow-3,2.75,8.25,missed_interrupt,shield,heat,
stored-night,smoke-screen+hollow-ground,w0h+l0,82,false,false,injected,2,play|breach.land|land|,hollow-ground-1,23.75,play|breach.water|water|,spend-tide-1,4.75,19,walked_into_shield,,,water
stored-night,smoke-screen+hollow-ground,w0h+l0,83,true,false,injected,2,play|probe.heat|heat|,open-chill-1,13.75,play|probe.water|water|,long-flow-2,2.75,11,walked_into_shield,,,water
stored-night,smoke-screen+hollow-ground,w0h+l0,84,true,false,injected,2,play|breach.heat|heat|,hundred-smoke-1,23.75,play|breach.water|water|,spend-tide-1,4.75,19,walked_into_shield,,,water
stored-night,smoke-screen+hollow-ground,w0h+l0,85,true,true,injected,2,play|probe.heat|heat|,open-chill-1,14.5,play|breach.water|water|,spend-tide-1,4.75,9.75,walked_into_shield,,,water
stored-night,smoke-screen+hollow-ground,w0h+l0,86,false,false,injected,2,play|disrupt.land|land|,filth-spread-1,8,play|disrupt.water|water|,foul-current-1,1,7,walked_into_shield,,,water
stored-night,smoke-screen+hollow-ground,w0h+l0,87,false,true,injected,2,play|probe.land|land|,trample-green-2,13.75,play|probe.water|water|,long-flow-1,2.75,11,walked_into_shield,,,water
stored-night,smoke-screen+hollow-ground,w0h+l0,88,true,false,injected,2,play|probe.land|land|,trample-green-1,13.75,play|probe.water|water|,long-flow-3,4.75,9,walked_into_shield,,,water
stored-night,smoke-screen+hollow-ground,w0h+l0,89,false,false,injected,2,play|disrupt.land|land|,filth-spread-1,8,play|probe.water|water|,long-flow-3,2.75,5.25,walked_into_shield,,,water
stored-night,smoke-screen+hollow-ground,w0h+l0,90,true,true,injected,2,play|probe.heat|heat|,open-chill-1,13.75,play|probe.water|water|,long-flow-3,2.75,11,walked_into_shield,,,water
stored-night,smoke-screen+hollow-ground,w0h+l0,91,true,false,injected,2,play|probe.land|land|,trample-green-2,13.75,play|probe.water|water|,long-flow-2,2.75,11,walked_into_shield,,,water
stored-night,smoke-screen+hollow-ground,w0h+l0,92,false,false,injected,2,play|disrupt.heat|heat|,idle-fume-1,11,play|probe.water|water|,long-flow-3,2.75,8.25,missed_interrupt,shield,heat,
stored-night,smoke-screen+hollow-ground,w0h+l0,93,false,false,injected,3,play|probe.land|land|,trample-green-2,-2,play|disrupt.heat|heat|,smoke-screen-1,-16.75,14.75,walked_into_shield,,,heat
stored-night,smoke-screen+hollow-ground,w0h+l0,94,true,true,injected,2,play|probe.land|land|,trample-green-2,13.75,play|probe.water|water|,long-flow-1,2.75,11,walked_into_shield,,,water
stored-night,smoke-screen+hollow-ground,w0h+l0,95,true,false,injected,3,play|disrupt.land|land|,filth-spread-1,13.25,play|breach.water|water|,spend-tide-1,9.25,4,missed_interrupt,repair,land,
stored-night,smoke-screen+hollow-ground,w0h+l0,96,false,true,injected,2,play|disrupt.heat|heat|,idle-fume-1,11,play|probe.water|water|,long-flow-2,2.75,8.25,missed_interrupt,shield,heat,
stored-night,smoke-screen+hollow-ground,w0h+l0,97,true,false,injected,2,play|breach.land|land|,no-green-left-1,23.75,play|breach.water|water|,spend-tide-1,4.75,19,walked_into_shield,,,water
stored-night,smoke-screen+hollow-ground,w0h+l0,98,true,false,injected,2,play|probe.heat|heat|,open-chill-1,18.75,play|probe.water|water|,long-flow-1,2.75,16,walked_into_shield,,,water
stored-night,smoke-screen+hollow-ground,w0h+l0,99,false,false,injected,2,play|probe.land|land|,trample-green-1,13.75,play|disrupt.water|water|,foul-current-1,1,12.75,walked_into_shield,,,water
stored-night,smoke-screen+hollow-ground,w0h+l0,100,false,false,injected,2,play|disrupt.land|land|,filth-spread-1,8,play|probe.water|water|,long-flow-1,2.75,5.25,walked_into_shield,,,water
stored-night,smoke-screen+hollow-ground,w0h0l-,1,true,false,injected,2,play|probe.land|land|,trample-green-2,13.75,play|probe.water|water|,long-flow-3,4.75,9,walked_into_shield,,,water
stored-night,smoke-screen+hollow-ground,w0h0l-,2,true,true,injected,2,play|disrupt.heat|heat|,smoke-screen-1,11,play|gather||gather,,2.5,8.5,missed_interrupt,shield,heat,
stored-night,smoke-screen+hollow-ground,w0h0l-,3,false,false,injected,2,play|probe.heat|heat|,open-chill-1,13.75,play|probe.water|water|,long-flow-1,2.75,11,walked_into_shield,,,water
stored-night,smoke-screen+hollow-ground,w0h0l-,4,false,false,injected,2,play|probe.heat|heat|,open-chill-1,13.75,play|probe.water|water|,long-flow-3,2.75,11,walked_into_shield,,,water
stored-night,smoke-screen+hollow-ground,w0h0l-,5,true,false,injected,2,play|disrupt.heat|heat|,idle-fume-1,11,play|disrupt.land|land|,filth-spread-1,8,3,missed_interrupt,shield,heat,
stored-night,smoke-screen+hollow-ground,w0h0l-,6,true,false,injected,2,play|probe.heat|heat|,open-chill-1,13.75,play|disrupt.water|water|,foul-current-1,-1,14.75,walked_into_shield,,,water
stored-night,smoke-screen+hollow-ground,w0h0l-,7,false,false,injected,2,play|breach.land|land|,hollow-ground-1,22.75,play|breach.water|water|,spend-tide-1,4.75,18,walked_into_shield,,,water
stored-night,smoke-screen+hollow-ground,w0h0l-,8,false,false,injected,3,play|probe.land|land|,trample-green-2,-2,play|probe.heat|heat|,open-chill-2,-15,13,walked_into_shield,,,heat
stored-night,smoke-screen+hollow-ground,w0h0l-,9,true,false,injected,2,play|disrupt.heat|heat|,idle-fume-1,11,play|probe.water|water|,long-flow-2,2.75,8.25,missed_interrupt,shield,heat,
stored-night,smoke-screen+hollow-ground,w0h0l-,10,false,false,injected,2,play|disrupt.heat|heat|,smoke-screen-1,11,play|disrupt.land|land|,filth-spread-1,8,3,missed_interrupt,shield,heat,
stored-night,smoke-screen+hollow-ground,w0h0l-,11,false,false,injected,2,play|disrupt.land|land|,filth-spread-1,8,play|probe.water|water|,long-flow-1,2.75,5.25,walked_into_shield,,,water
stored-night,smoke-screen+hollow-ground,w0h0l-,12,true,false,injected,2,play|breach.land|land|,hollow-ground-1,22.75,play|breach.water|water|,spend-tide-1,4.75,18,walked_into_shield,,,water
stored-night,smoke-screen+hollow-ground,w0h0l-,13,true,false,injected,2,play|probe.heat|heat|,open-chill-1,18.75,play|probe.water|water|,long-flow-2,2.75,16,walked_into_shield,,,water
stored-night,smoke-screen+hollow-ground,w0h0l-,14,true,false,injected,2,play|breach.heat|heat|,hundred-smoke-1,23.75,play|disrupt.water|water|,foul-current-1,-0.25,24,walked_into_shield,,,water
stored-night,smoke-screen+hollow-ground,w0h0l-,15,false,false,injected,2,play|disrupt.land|land|,filth-spread-1,8,play|probe.water|water|,long-flow-3,4.75,3.25,walked_into_shield,,,water
stored-night,smoke-screen+hollow-ground,w0h0l-,16,false,false,injected,2,play|probe.heat|heat|,open-chill-2,18.75,play|probe.water|water|,long-flow-3,2.75,16,walked_into_shield,,,water
stored-night,smoke-screen+hollow-ground,w0h0l-,17,true,false,injected,2,play|probe.heat|heat|,open-chill-2,13.75,play|probe.water|water|,long-flow-1,2.75,11,walked_into_shield,,,water
stored-night,smoke-screen+hollow-ground,w0h0l-,18,true,false,injected,2,play|breach.heat|heat|,hundred-smoke-1,23.75,play|breach.water|water|,spend-tide-1,4.75,19,walked_into_shield,,,water
stored-night,smoke-screen+hollow-ground,w0h0l-,19,false,false,injected,2,play|probe.land|land|,trample-green-2,13.75,play|probe.water|water|,long-flow-3,2.75,11,walked_into_shield,,,water
stored-night,smoke-screen+hollow-ground,w0h0l-,20,false,false,injected,2,play|probe.land|land|,trample-green-2,13.75,play|probe.water|water|,long-flow-3,2.75,11,walked_into_shield,,,water
stored-night,smoke-screen+hollow-ground,w0h0l-,21,true,false,injected,2,play|disrupt.heat|heat|,idle-fume-1,11,play|probe.water|water|,long-flow-2,4.75,6.25,missed_interrupt,shield,heat,
stored-night,smoke-screen+hollow-ground,w0h0l-,22,true,false,injected,2,play|breach.land|land|,no-green-left-1,22.75,play|disrupt.water|water|,foul-current-1,-0.25,23,walked_into_shield,,,water
stored-night,smoke-screen+hollow-ground,w0h0l-,23,true,false,injected,3,play|disrupt.land|land|,filth-spread-1,15.25,play|breach.land|land|,no-green-left-1,12.25,3,missed_interrupt,repair,land,
stored-night,smoke-screen+hollow-ground,w0h0l-,24,true,false,injected,2,play|disrupt.land|land|,filth-spread-1,8,play|probe.water|water|,long-flow-3,4.75,3.25,walked_into_shield,,,water
stored-night,smoke-screen+hollow-ground,w0h0l-,25,true,true,injected,2,play|disrupt.heat|heat|,idle-fume-1,11,play|disrupt.land|land|,filth-spread-1,8,3,missed_interrupt,shield,heat,
stored-night,smoke-screen+hollow-ground,w0h0l-,26,true,false,injected,2,play|probe.land|land|,trample-green-1,13.75,play|probe.water|water|,long-flow-2,2.75,11,walked_into_shield,,,water
stored-night,smoke-screen+hollow-ground,w0h0l-,27,false,false,injected,2,play|probe.heat|heat|,open-chill-1,18.75,play|probe.water|water|,long-flow-3,2.75,16,walked_into_shield,,,water
stored-night,smoke-screen+hollow-ground,w0h0l-,28,true,true,injected,3,play|breach.water|water|,spend-tide-1,11.25,play|probe.heat|heat|,open-chill-2,-15,26.25,walked_into_shield,,,heat
stored-night,smoke-screen+hollow-ground,w0h0l-,29,true,true,injected,2,play|probe.land|land|,trample-green-1,13.75,play|probe.water|water|,long-flow-2,4.75,9,walked_into_shield,,,water
stored-night,smoke-screen+hollow-ground,w0h0l-,30,true,false,injected,2,play|breach.land|land|,no-green-left-1,22.75,play|probe.water|water|,long-flow-3,1.5,21.25,walked_into_shield,,,water
stored-night,smoke-screen+hollow-ground,w0h0l-,31,true,false,injected,2,play|breach.heat|heat|,hundred-smoke-1,23.75,play|probe.water|water|,long-flow-1,1.5,22.25,walked_into_shield,,,water
stored-night,smoke-screen+hollow-ground,w0h0l-,32,false,true,injected,2,play|disrupt.heat|heat|,smoke-screen-1,11,play|probe.water|water|,long-flow-1,2.75,8.25,missed_interrupt,shield,heat,
stored-night,smoke-screen+hollow-ground,w0h0l-,33,false,false,injected,2,play|disrupt.heat|heat|,smoke-screen-1,11,play|disrupt.land|land|,filth-spread-1,8,3,missed_interrupt,shield,heat,
stored-night,smoke-screen+hollow-ground,w0h0l-,34,true,false,injected,2,play|probe.land|land|,trample-green-1,13.75,play|probe.water|water|,long-flow-2,2.75,11,walked_into_shield,,,water
stored-night,smoke-screen+hollow-ground,w0h0l-,35,false,true,injected,2,play|disrupt.heat|heat|,smoke-screen-1,11,play|disrupt.land|land|,filth-spread-1,8,3,missed_interrupt,shield,heat,
stored-night,smoke-screen+hollow-ground,w0h0l-,36,false,false,injected,2,play|disrupt.heat|heat|,smoke-screen-1,11,play|probe.water|water|,long-flow-1,2.75,8.25,missed_interrupt,shield,heat,
stored-night,smoke-screen+hollow-ground,w0h0l-,37,false,true,injected,2,play|disrupt.heat|heat|,smoke-screen-1,11,play|probe.water|water|,long-flow-3,2.75,8.25,missed_interrupt,shield,heat,
stored-night,smoke-screen+hollow-ground,w0h0l-,38,false,false,injected,2,play|probe.land|land|,trample-green-2,13.75,play|probe.water|water|,long-flow-1,2.75,11,walked_into_shield,,,water
stored-night,smoke-screen+hollow-ground,w0h0l-,39,true,false,injected,2,play|probe.heat|heat|,open-chill-2,13.75,play|probe.water|water|,long-flow-2,2.75,11,walked_into_shield,,,water
stored-night,smoke-screen+hollow-ground,w0h0l-,40,true,false,injected,2,play|probe.heat|heat|,open-chill-2,18.75,play|probe.water|water|,long-flow-3,2.75,16,walked_into_shield,,,water
stored-night,smoke-screen+hollow-ground,w0h0l-,41,true,false,injected,2,play|disrupt.heat|heat|,smoke-screen-1,11,play|probe.water|water|,long-flow-2,2.75,8.25,missed_interrupt,shield,heat,
stored-night,smoke-screen+hollow-ground,w0h0l-,42,true,false,injected,2,play|probe.land|land|,trample-green-2,13.75,play|probe.water|water|,long-flow-1,2.75,11,walked_into_shield,,,water
stored-night,smoke-screen+hollow-ground,w0h0l-,43,false,false,injected,2,play|disrupt.heat|heat|,smoke-screen-1,11,play|probe.water|water|,long-flow-2,2.75,8.25,missed_interrupt,shield,heat,
stored-night,smoke-screen+hollow-ground,w0h0l-,44,true,true,injected,3,play|breach.land|land|,no-green-left-1,9.25,play|breach.heat|heat|,hundred-smoke-1,-13.75,23,walked_into_shield,,,heat
stored-night,smoke-screen+hollow-ground,w0h0l-,45,true,false,injected,3,play|breach.water|water|,spend-tide-1,13.25,play|disrupt.heat|heat|,smoke-screen-1,-18.75,32,walked_into_shield,,,heat
stored-night,smoke-screen+hollow-ground,w0h0l-,46,true,false,injected,2,play|disrupt.heat|heat|,smoke-screen-1,11,play|probe.water|water|,long-flow-3,2.75,8.25,missed_interrupt,shield,heat,
stored-night,smoke-screen+hollow-ground,w0h0l-,47,true,true,injected,3,play|disrupt.land|land|,filth-spread-1,12.25,play|breach.water|water|,spend-tide-1,11.25,1,missed_interrupt,repair,land,
stored-night,smoke-screen+hollow-ground,w0h0l-,48,true,true,injected,2,play|probe.land|land|,trample-green-2,13.75,play|probe.water|water|,long-flow-3,2.75,11,walked_into_shield,,,water
stored-night,smoke-screen+hollow-ground,w0h0l-,49,false,true,injected,2,play|disrupt.heat|heat|,smoke-screen-1,11,play|probe.water|water|,long-flow-1,4.75,6.25,missed_interrupt,shield,heat,
stored-night,smoke-screen+hollow-ground,w0h0l-,50,false,true,injected,2,play|probe.land|land|,trample-green-2,13.75,play|probe.water|water|,long-flow-2,2.75,11,walked_into_shield,,,water
stored-night,smoke-screen+hollow-ground,w0h0l-,51,true,true,injected,2,play|disrupt.heat|heat|,idle-fume-1,11,play|probe.water|water|,long-flow-1,4.75,6.25,missed_interrupt,shield,heat,
stored-night,smoke-screen+hollow-ground,w0h0l-,52,true,false,injected,2,play|breach.heat|heat|,hundred-smoke-1,23.75,play|probe.water|water|,long-flow-3,1.5,22.25,walked_into_shield,,,water
stored-night,smoke-screen+hollow-ground,w0h0l-,53,true,false,injected,2,play|breach.heat|heat|,hundred-smoke-1,23.75,play|breach.water|water|,spend-tide-1,4.75,19,walked_into_shield,,,water
stored-night,smoke-screen+hollow-ground,w0h0l-,54,true,false,injected,2,play|breach.land|land|,hollow-ground-1,22.75,play|probe.water|water|,long-flow-3,1.5,21.25,walked_into_shield,,,water
stored-night,smoke-screen+hollow-ground,w0h0l-,55,true,false,injected,2,play|probe.heat|heat|,open-chill-1,13.75,play|probe.water|water|,long-flow-1,2.75,11,walked_into_shield,,,water
stored-night,smoke-screen+hollow-ground,w0h0l-,56,true,false,injected,2,play|probe.land|land|,trample-green-2,13.75,play|probe.water|water|,long-flow-3,2.75,11,walked_into_shield,,,water
stored-night,smoke-screen+hollow-ground,w0h0l-,57,true,false,injected,2,play|probe.heat|heat|,open-chill-2,18.75,play|probe.water|water|,long-flow-3,2.75,16,walked_into_shield,,,water
stored-night,smoke-screen+hollow-ground,w0h0l-,58,true,true,injected,2,play|disrupt.heat|heat|,smoke-screen-1,11,play|disrupt.land|land|,filth-spread-1,8,3,missed_interrupt,shield,heat,
stored-night,smoke-screen+hollow-ground,w0h0l-,59,true,false,injected,2,play|disrupt.heat|heat|,smoke-screen-1,11,play|disrupt.land|land|,filth-spread-1,8,3,missed_interrupt,shield,heat,
stored-night,smoke-screen+hollow-ground,w0h0l-,60,true,false,injected,2,play|breach.heat|heat|,hundred-smoke-1,23.75,play|disrupt.water|water|,foul-current-1,-0.25,24,walked_into_shield,,,water
stored-night,smoke-screen+hollow-ground,w0h0l-,61,true,false,injected,2,play|disrupt.heat|heat|,smoke-screen-1,11,play|probe.water|water|,long-flow-3,2.75,8.25,missed_interrupt,shield,heat,
stored-night,smoke-screen+hollow-ground,w0h0l-,62,true,false,injected,2,play|probe.heat|heat|,open-chill-2,14.5,play|probe.water|water|,long-flow-1,1.5,13,walked_into_shield,,,water
stored-night,smoke-screen+hollow-ground,w0h0l-,63,true,false,injected,2,play|probe.heat|heat|,open-chill-1,13.75,play|probe.water|water|,long-flow-2,2.75,11,walked_into_shield,,,water
stored-night,smoke-screen+hollow-ground,w0h0l-,64,false,false,injected,2,play|probe.land|land|,trample-green-2,13.75,play|probe.water|water|,long-flow-3,4.75,9,walked_into_shield,,,water
stored-night,smoke-screen+hollow-ground,w0h0l-,65,true,false,injected,2,play|breach.land|land|,no-green-left-1,22.75,play|probe.water|water|,long-flow-3,1.5,21.25,walked_into_shield,,,water
stored-night,smoke-screen+hollow-ground,w0h0l-,66,false,false,injected,2,play|disrupt.land|land|,filth-spread-1,8,play|probe.water|water|,long-flow-3,2.75,5.25,walked_into_shield,,,water
stored-night,smoke-screen+hollow-ground,w0h0l-,67,true,false,injected,2,play|probe.land|land|,trample-green-2,13.75,play|probe.water|water|,long-flow-1,2.75,11,walked_into_shield,,,water
stored-night,smoke-screen+hollow-ground,w0h0l-,68,true,false,injected,3,play|breach.land|land|,no-green-left-1,9.25,play|disrupt.heat|heat|,smoke-screen-1,-18.75,28,walked_into_shield,,,heat
stored-night,smoke-screen+hollow-ground,w0h0l-,69,false,false,injected,2,play|disrupt.heat|heat|,smoke-screen-1,11,play|probe.water|water|,long-flow-1,2.75,8.25,missed_interrupt,shield,heat,
stored-night,smoke-screen+hollow-ground,w0h0l-,70,false,false,injected,2,play|disrupt.land|land|,filth-spread-1,8,play|probe.water|water|,long-flow-2,2.75,5.25,walked_into_shield,,,water
stored-night,smoke-screen+hollow-ground,w0h0l-,71,true,false,injected,2,play|breach.heat|heat|,hundred-smoke-1,23.75,play|probe.water|water|,long-flow-3,1.5,22.25,walked_into_shield,,,water
stored-night,smoke-screen+hollow-ground,w0h0l-,72,true,false,injected,2,play|breach.heat|heat|,hundred-smoke-1,23.75,play|probe.water|water|,long-flow-1,1.5,22.25,walked_into_shield,,,water
stored-night,smoke-screen+hollow-ground,w0h0l-,73,true,true,injected,2,play|disrupt.land|land|,filth-spread-1,8,play|probe.water|water|,long-flow-2,2.75,5.25,walked_into_shield,,,water
stored-night,smoke-screen+hollow-ground,w0h0l-,74,true,false,injected,2,play|probe.land|land|,trample-green-1,13.75,play|probe.water|water|,long-flow-1,2.75,11,walked_into_shield,,,water
stored-night,smoke-screen+hollow-ground,w0h0l-,75,true,false,injected,2,play|probe.heat|heat|,open-chill-2,14.5,play|probe.water|water|,long-flow-3,1.5,13,walked_into_shield,,,water
stored-night,smoke-screen+hollow-ground,w0h0l-,76,false,true,injected,2,play|disrupt.heat|heat|,idle-fume-1,11,play|disrupt.land|land|,filth-spread-1,8,3,missed_interrupt,shield,heat,
stored-night,smoke-screen+hollow-ground,w0h0l-,77,true,true,injected,2,play|disrupt.heat|heat|,smoke-screen-1,11,play|probe.water|water|,long-flow-2,2.75,8.25,missed_interrupt,shield,heat,
stored-night,smoke-screen+hollow-ground,w0h0l-,78,true,false,injected,2,play|probe.heat|heat|,open-chill-2,13.75,play|probe.water|water|,long-flow-2,2.75,11,walked_into_shield,,,water
stored-night,smoke-screen+hollow-ground,w0h0l-,79,true,false,injected,2,play|disrupt.heat|heat|,smoke-screen-1,11,play|probe.water|water|,long-flow-2,2.75,8.25,missed_interrupt,shield,heat,
stored-night,smoke-screen+hollow-ground,w0h0l-,80,true,false,injected,2,play|breach.heat|heat|,hundred-smoke-1,23.75,play|probe.water|water|,long-flow-2,1.5,22.25,walked_into_shield,,,water
stored-night,smoke-screen+hollow-ground,w0h0l-,81,false,true,injected,2,play|disrupt.heat|heat|,smoke-screen-1,11,play|probe.water|water|,long-flow-3,2.75,8.25,missed_interrupt,shield,heat,
stored-night,smoke-screen+hollow-ground,w0h0l-,82,false,false,injected,2,play|breach.land|land|,hollow-ground-1,22.75,play|breach.water|water|,spend-tide-1,4.75,18,walked_into_shield,,,water
stored-night,smoke-screen+hollow-ground,w0h0l-,83,true,false,injected,2,play|probe.heat|heat|,open-chill-1,13.75,play|probe.water|water|,long-flow-2,2.75,11,walked_into_shield,,,water
stored-night,smoke-screen+hollow-ground,w0h0l-,84,true,false,injected,2,play|breach.heat|heat|,hundred-smoke-1,23.75,play|breach.water|water|,spend-tide-1,4.75,19,walked_into_shield,,,water
stored-night,smoke-screen+hollow-ground,w0h0l-,85,true,true,injected,2,play|probe.heat|heat|,open-chill-1,14.5,play|breach.water|water|,spend-tide-1,4.75,9.75,walked_into_shield,,,water
stored-night,smoke-screen+hollow-ground,w0h0l-,86,false,false,injected,2,play|disrupt.land|land|,filth-spread-1,8,play|disrupt.water|water|,foul-current-1,-1,9,walked_into_shield,,,water
stored-night,smoke-screen+hollow-ground,w0h0l-,87,false,true,injected,2,play|probe.land|land|,trample-green-2,13.75,play|probe.water|water|,long-flow-1,2.75,11,walked_into_shield,,,water
stored-night,smoke-screen+hollow-ground,w0h0l-,88,true,false,injected,2,play|probe.land|land|,trample-green-1,13.75,play|probe.water|water|,long-flow-3,4.75,9,walked_into_shield,,,water
stored-night,smoke-screen+hollow-ground,w0h0l-,89,false,false,injected,2,play|disrupt.land|land|,filth-spread-1,8,play|probe.water|water|,long-flow-3,2.75,5.25,walked_into_shield,,,water
stored-night,smoke-screen+hollow-ground,w0h0l-,90,true,true,injected,2,play|probe.heat|heat|,open-chill-1,13.75,play|probe.water|water|,long-flow-3,2.75,11,walked_into_shield,,,water
stored-night,smoke-screen+hollow-ground,w0h0l-,91,true,false,injected,2,play|probe.land|land|,trample-green-2,13.75,play|probe.water|water|,long-flow-2,2.75,11,walked_into_shield,,,water
stored-night,smoke-screen+hollow-ground,w0h0l-,92,false,false,injected,2,play|disrupt.heat|heat|,idle-fume-1,11,play|probe.water|water|,long-flow-3,2.75,8.25,missed_interrupt,shield,heat,
stored-night,smoke-screen+hollow-ground,w0h0l-,93,false,false,injected,3,play|probe.land|land|,trample-green-2,-2,play|disrupt.heat|heat|,smoke-screen-1,-16.75,14.75,walked_into_shield,,,heat
stored-night,smoke-screen+hollow-ground,w0h0l-,94,true,false,injected,2,play|probe.land|land|,trample-green-2,13.75,play|probe.water|water|,long-flow-1,2.75,11,walked_into_shield,,,water
stored-night,smoke-screen+hollow-ground,w0h0l-,95,true,true,injected,3,play|disrupt.land|land|,filth-spread-1,13.25,play|breach.water|water|,spend-tide-1,9.25,4,missed_interrupt,repair,land,
stored-night,smoke-screen+hollow-ground,w0h0l-,96,false,true,injected,2,play|disrupt.heat|heat|,idle-fume-1,11,play|probe.water|water|,long-flow-2,2.75,8.25,missed_interrupt,shield,heat,
stored-night,smoke-screen+hollow-ground,w0h0l-,97,true,false,injected,2,play|breach.land|land|,no-green-left-1,22.75,play|breach.water|water|,spend-tide-1,4.75,18,walked_into_shield,,,water
stored-night,smoke-screen+hollow-ground,w0h0l-,98,true,false,injected,2,play|probe.heat|heat|,open-chill-1,18.75,play|probe.water|water|,long-flow-1,2.75,16,walked_into_shield,,,water
stored-night,smoke-screen+hollow-ground,w0h0l-,99,false,false,injected,2,play|probe.land|land|,trample-green-1,13.75,play|disrupt.water|water|,foul-current-1,1,12.75,walked_into_shield,,,water
stored-night,smoke-screen+hollow-ground,w0h0l-,100,false,false,injected,2,play|disrupt.land|land|,filth-spread-1,8,play|probe.water|water|,long-flow-1,2.75,5.25,walked_into_shield,,,water
stored-night,smoke-screen+hollow-ground,w0h0l+,1,true,false,injected,2,play|probe.land|land|,trample-green-2,13.75,play|probe.water|water|,long-flow-3,4.75,9,walked_into_shield,,,water
stored-night,smoke-screen+hollow-ground,w0h0l+,2,true,true,injected,2,play|disrupt.heat|heat|,smoke-screen-1,11,play|gather||gather,,2.5,8.5,missed_interrupt,shield,heat,
stored-night,smoke-screen+hollow-ground,w0h0l+,3,false,false,injected,2,play|probe.heat|heat|,open-chill-1,13.75,play|probe.water|water|,long-flow-1,2.75,11,walked_into_shield,,,water
stored-night,smoke-screen+hollow-ground,w0h0l+,4,false,false,injected,2,play|probe.heat|heat|,open-chill-1,13.75,play|probe.water|water|,long-flow-3,2.75,11,walked_into_shield,,,water
stored-night,smoke-screen+hollow-ground,w0h0l+,5,true,false,injected,2,play|disrupt.heat|heat|,idle-fume-1,11,play|disrupt.land|land|,filth-spread-1,8,3,missed_interrupt,shield,heat,
stored-night,smoke-screen+hollow-ground,w0h0l+,6,true,false,injected,2,play|probe.heat|heat|,open-chill-1,13.75,play|disrupt.water|water|,foul-current-1,-1,14.75,walked_into_shield,,,water
stored-night,smoke-screen+hollow-ground,w0h0l+,7,false,false,injected,2,play|breach.land|land|,hollow-ground-1,23.75,play|breach.water|water|,spend-tide-1,4.75,19,walked_into_shield,,,water
stored-night,smoke-screen+hollow-ground,w0h0l+,8,false,false,injected,3,play|probe.land|land|,trample-green-2,-2,play|probe.heat|heat|,open-chill-2,-15,13,walked_into_shield,,,heat
stored-night,smoke-screen+hollow-ground,w0h0l+,9,true,false,injected,2,play|disrupt.heat|heat|,idle-fume-1,11,play|probe.water|water|,long-flow-2,2.75,8.25,missed_interrupt,shield,heat,
stored-night,smoke-screen+hollow-ground,w0h0l+,10,false,false,injected,2,play|disrupt.heat|heat|,smoke-screen-1,11,play|disrupt.land|land|,filth-spread-1,8,3,missed_interrupt,shield,heat,
stored-night,smoke-screen+hollow-ground,w0h0l+,11,false,false,injected,2,play|disrupt.land|land|,filth-spread-1,8,play|probe.water|water|,long-flow-1,2.75,5.25,walked_into_shield,,,water
stored-night,smoke-screen+hollow-ground,w0h0l+,12,true,false,injected,2,play|breach.land|land|,hollow-ground-1,23.75,play|breach.water|water|,spend-tide-1,4.75,19,walked_into_shield,,,water
stored-night,smoke-screen+hollow-ground,w0h0l+,13,true,false,injected,2,play|probe.heat|heat|,open-chill-1,18.75,play|probe.water|water|,long-flow-2,2.75,16,walked_into_shield,,,water
stored-night,smoke-screen+hollow-ground,w0h0l+,14,true,false,injected,2,play|breach.heat|heat|,hundred-smoke-1,23.75,play|disrupt.water|water|,foul-current-1,-0.25,24,walked_into_shield,,,water
stored-night,smoke-screen+hollow-ground,w0h0l+,15,false,false,injected,2,play|disrupt.land|land|,filth-spread-1,8,play|probe.water|water|,long-flow-3,4.75,3.25,walked_into_shield,,,water
stored-night,smoke-screen+hollow-ground,w0h0l+,16,false,false,injected,2,play|probe.heat|heat|,open-chill-2,18.75,play|probe.water|water|,long-flow-3,2.75,16,walked_into_shield,,,water
stored-night,smoke-screen+hollow-ground,w0h0l+,17,true,false,injected,2,play|probe.heat|heat|,open-chill-2,13.75,play|probe.water|water|,long-flow-1,2.75,11,walked_into_shield,,,water
stored-night,smoke-screen+hollow-ground,w0h0l+,18,true,false,injected,2,play|breach.heat|heat|,hundred-smoke-1,23.75,play|breach.water|water|,spend-tide-1,4.75,19,walked_into_shield,,,water
stored-night,smoke-screen+hollow-ground,w0h0l+,19,false,false,injected,2,play|probe.land|land|,trample-green-2,13.75,play|probe.water|water|,long-flow-3,2.75,11,walked_into_shield,,,water
stored-night,smoke-screen+hollow-ground,w0h0l+,20,false,false,injected,2,play|probe.land|land|,trample-green-2,13.75,play|probe.water|water|,long-flow-3,2.75,11,walked_into_shield,,,water
stored-night,smoke-screen+hollow-ground,w0h0l+,21,true,false,injected,2,play|disrupt.heat|heat|,idle-fume-1,11,play|probe.water|water|,long-flow-2,4.75,6.25,missed_interrupt,shield,heat,
stored-night,smoke-screen+hollow-ground,w0h0l+,22,true,false,injected,2,play|breach.land|land|,no-green-left-1,23.75,play|disrupt.water|water|,foul-current-1,-0.25,24,walked_into_shield,,,water
stored-night,smoke-screen+hollow-ground,w0h0l+,23,true,false,injected,3,play|disrupt.land|land|,filth-spread-1,15.25,play|breach.land|land|,no-green-left-1,12.25,3,missed_interrupt,repair,land,
stored-night,smoke-screen+hollow-ground,w0h0l+,24,true,false,injected,2,play|disrupt.land|land|,filth-spread-1,8,play|probe.water|water|,long-flow-3,4.75,3.25,walked_into_shield,,,water
stored-night,smoke-screen+hollow-ground,w0h0l+,25,true,true,injected,2,play|disrupt.heat|heat|,idle-fume-1,11,play|disrupt.land|land|,filth-spread-1,8,3,missed_interrupt,shield,heat,
stored-night,smoke-screen+hollow-ground,w0h0l+,26,true,false,injected,2,play|probe.land|land|,trample-green-1,13.75,play|probe.water|water|,long-flow-2,2.75,11,walked_into_shield,,,water
stored-night,smoke-screen+hollow-ground,w0h0l+,27,false,false,injected,2,play|probe.heat|heat|,open-chill-1,18.75,play|probe.water|water|,long-flow-3,2.75,16,walked_into_shield,,,water
stored-night,smoke-screen+hollow-ground,w0h0l+,28,true,true,injected,3,play|breach.water|water|,spend-tide-1,11.25,play|probe.heat|heat|,open-chill-2,-15,26.25,walked_into_shield,,,heat
stored-night,smoke-screen+hollow-ground,w0h0l+,29,true,true,injected,2,play|probe.land|land|,trample-green-1,13.75,play|probe.water|water|,long-flow-2,4.75,9,walked_into_shield,,,water
stored-night,smoke-screen+hollow-ground,w0h0l+,30,true,false,injected,2,play|breach.land|land|,no-green-left-1,23.75,play|probe.water|water|,long-flow-3,1.5,22.25,walked_into_shield,,,water
stored-night,smoke-screen+hollow-ground,w0h0l+,31,false,false,injected,2,play|breach.land|land|,no-green-left-1,23.75,play|probe.water|water|,long-flow-1,1.5,22.25,walked_into_shield,,,water
stored-night,smoke-screen+hollow-ground,w0h0l+,32,false,true,injected,2,play|disrupt.heat|heat|,smoke-screen-1,11,play|probe.water|water|,long-flow-1,2.75,8.25,missed_interrupt,shield,heat,
stored-night,smoke-screen+hollow-ground,w0h0l+,33,false,false,injected,2,play|disrupt.heat|heat|,smoke-screen-1,11,play|disrupt.land|land|,filth-spread-1,8,3,missed_interrupt,shield,heat,
stored-night,smoke-screen+hollow-ground,w0h0l+,34,true,false,injected,2,play|probe.land|land|,trample-green-1,13.75,play|probe.water|water|,long-flow-2,2.75,11,walked_into_shield,,,water
stored-night,smoke-screen+hollow-ground,w0h0l+,35,false,true,injected,2,play|disrupt.heat|heat|,smoke-screen-1,11,play|disrupt.land|land|,filth-spread-1,8,3,missed_interrupt,shield,heat,
stored-night,smoke-screen+hollow-ground,w0h0l+,36,false,false,injected,2,play|disrupt.heat|heat|,smoke-screen-1,11,play|probe.water|water|,long-flow-1,2.75,8.25,missed_interrupt,shield,heat,
stored-night,smoke-screen+hollow-ground,w0h0l+,37,false,true,injected,2,play|disrupt.heat|heat|,smoke-screen-1,11,play|probe.water|water|,long-flow-3,2.75,8.25,missed_interrupt,shield,heat,
stored-night,smoke-screen+hollow-ground,w0h0l+,38,false,false,injected,2,play|probe.land|land|,trample-green-2,13.75,play|probe.water|water|,long-flow-1,2.75,11,walked_into_shield,,,water
stored-night,smoke-screen+hollow-ground,w0h0l+,39,true,false,injected,2,play|probe.heat|heat|,open-chill-2,13.75,play|probe.water|water|,long-flow-2,2.75,11,walked_into_shield,,,water
stored-night,smoke-screen+hollow-ground,w0h0l+,40,true,false,injected,2,play|probe.heat|heat|,open-chill-2,18.75,play|probe.water|water|,long-flow-3,2.75,16,walked_into_shield,,,water
stored-night,smoke-screen+hollow-ground,w0h0l+,41,true,false,injected,2,play|disrupt.heat|heat|,smoke-screen-1,11,play|probe.water|water|,long-flow-2,2.75,8.25,missed_interrupt,shield,heat,
stored-night,smoke-screen+hollow-ground,w0h0l+,42,true,false,injected,2,play|probe.land|land|,trample-green-2,13.75,play|probe.water|water|,long-flow-1,2.75,11,walked_into_shield,,,water
stored-night,smoke-screen+hollow-ground,w0h0l+,43,false,false,injected,2,play|disrupt.heat|heat|,smoke-screen-1,11,play|probe.water|water|,long-flow-2,2.75,8.25,missed_interrupt,shield,heat,
stored-night,smoke-screen+hollow-ground,w0h0l+,44,true,true,injected,3,play|probe.water|water|,long-flow-2,-1,play|breach.heat|heat|,hundred-smoke-1,-13.75,12.75,walked_into_shield,,,heat
stored-night,smoke-screen+hollow-ground,w0h0l+,45,true,false,injected,3,play|breach.water|water|,spend-tide-1,10.25,play|disrupt.heat|heat|,smoke-screen-1,-18.75,29,walked_into_shield,,,heat
stored-night,smoke-screen+hollow-ground,w0h0l+,46,false,false,injected,2,play|disrupt.heat|heat|,smoke-screen-1,11,play|probe.water|water|,long-flow-3,2.75,8.25,missed_interrupt,shield,heat,
stored-night,smoke-screen+hollow-ground,w0h0l+,47,true,true,injected,3,play|breach.water|water|,spend-tide-1,11.25,play|probe.heat|heat|,open-chill-2,-15,26.25,walked_into_shield,,,heat
stored-night,smoke-screen+hollow-ground,w0h0l+,48,true,true,injected,2,play|probe.land|land|,trample-green-2,13.75,play|probe.water|water|,long-flow-3,2.75,11,walked_into_shield,,,water
stored-night,smoke-screen+hollow-ground,w0h0l+,49,false,true,injected,2,play|disrupt.heat|heat|,smoke-screen-1,11,play|probe.water|water|,long-flow-1,4.75,6.25,missed_interrupt,shield,heat,
stored-night,smoke-screen+hollow-ground,w0h0l+,50,false,true,injected,2,play|probe.land|land|,trample-green-2,13.75,play|probe.water|water|,long-flow-2,2.75,11,walked_into_shield,,,water
stored-night,smoke-screen+hollow-ground,w0h0l+,51,true,true,injected,2,play|disrupt.heat|heat|,idle-fume-1,11,play|probe.water|water|,long-flow-1,4.75,6.25,missed_interrupt,shield,heat,
stored-night,smoke-screen+hollow-ground,w0h0l+,52,true,false,injected,2,play|breach.land|land|,hollow-ground-1,23.75,play|probe.water|water|,long-flow-3,1.5,22.25,walked_into_shield,,,water
stored-night,smoke-screen+hollow-ground,w0h0l+,53,true,false,injected,2,play|breach.heat|heat|,hundred-smoke-1,23.75,play|breach.water|water|,spend-tide-1,4.75,19,walked_into_shield,,,water
stored-night,smoke-screen+hollow-ground,w0h0l+,54,true,false,injected,2,play|breach.land|land|,hollow-ground-1,23.75,play|probe.water|water|,long-flow-3,1.5,22.25,walked_into_shield,,,water
stored-night,smoke-screen+hollow-ground,w0h0l+,55,true,false,injected,2,play|probe.heat|heat|,open-chill-1,13.75,play|probe.water|water|,long-flow-1,2.75,11,walked_into_shield,,,water
stored-night,smoke-screen+hollow-ground,w0h0l+,56,true,false,injected,2,play|probe.land|land|,trample-green-2,13.75,play|probe.water|water|,long-flow-3,2.75,11,walked_into_shield,,,water
stored-night,smoke-screen+hollow-ground,w0h0l+,57,true,false,injected,2,play|probe.heat|heat|,open-chill-2,18.75,play|probe.water|water|,long-flow-3,2.75,16,walked_into_shield,,,water
stored-night,smoke-screen+hollow-ground,w0h0l+,58,true,true,injected,2,play|disrupt.heat|heat|,smoke-screen-1,11,play|disrupt.land|land|,filth-spread-1,8,3,missed_interrupt,shield,heat,
stored-night,smoke-screen+hollow-ground,w0h0l+,59,false,false,injected,2,play|disrupt.heat|heat|,smoke-screen-1,11,play|disrupt.land|land|,filth-spread-1,8,3,missed_interrupt,shield,heat,
stored-night,smoke-screen+hollow-ground,w0h0l+,60,true,false,injected,2,play|breach.land|land|,hollow-ground-1,23.75,play|disrupt.water|water|,foul-current-1,-0.25,24,walked_into_shield,,,water
stored-night,smoke-screen+hollow-ground,w0h0l+,61,true,true,injected,2,play|disrupt.heat|heat|,smoke-screen-1,11,play|probe.water|water|,long-flow-3,2.75,8.25,missed_interrupt,shield,heat,
stored-night,smoke-screen+hollow-ground,w0h0l+,62,true,false,injected,2,play|probe.heat|heat|,open-chill-2,14.5,play|probe.water|water|,long-flow-1,1.5,13,walked_into_shield,,,water
stored-night,smoke-screen+hollow-ground,w0h0l+,63,true,false,injected,2,play|probe.heat|heat|,open-chill-1,13.75,play|probe.water|water|,long-flow-2,2.75,11,walked_into_shield,,,water
stored-night,smoke-screen+hollow-ground,w0h0l+,64,true,false,injected,2,play|probe.land|land|,trample-green-2,13.75,play|probe.water|water|,long-flow-3,2.75,11,walked_into_shield,,,water
stored-night,smoke-screen+hollow-ground,w0h0l+,65,true,false,injected,2,play|breach.land|land|,no-green-left-1,23.75,play|probe.water|water|,long-flow-3,1.5,22.25,walked_into_shield,,,water
stored-night,smoke-screen+hollow-ground,w0h0l+,66,false,true,injected,2,play|disrupt.land|land|,filth-spread-1,8,play|probe.water|water|,long-flow-3,2.75,5.25,walked_into_shield,,,water
stored-night,smoke-screen+hollow-ground,w0h0l+,67,true,false,injected,2,play|probe.land|land|,trample-green-2,13.75,play|probe.water|water|,long-flow-1,2.75,11,walked_into_shield,,,water
stored-night,smoke-screen+hollow-ground,w0h0l+,68,true,false,injected,3,play|breach.land|land|,no-green-left-1,9.25,play|disrupt.heat|heat|,smoke-screen-1,-18.75,28,walked_into_shield,,,heat
stored-night,smoke-screen+hollow-ground,w0h0l+,69,false,false,injected,2,play|disrupt.heat|heat|,smoke-screen-1,11,play|probe.water|water|,long-flow-1,2.75,8.25,missed_interrupt,shield,heat,
stored-night,smoke-screen+hollow-ground,w0h0l+,70,false,false,injected,2,play|disrupt.land|land|,filth-spread-1,8,play|probe.water|water|,long-flow-2,2.75,5.25,walked_into_shield,,,water
stored-night,smoke-screen+hollow-ground,w0h0l+,71,true,false,injected,2,play|breach.heat|heat|,hundred-smoke-1,23.75,play|probe.water|water|,long-flow-3,1.5,22.25,walked_into_shield,,,water
stored-night,smoke-screen+hollow-ground,w0h0l+,72,true,false,injected,2,play|breach.land|land|,no-green-left-1,23.75,play|probe.water|water|,long-flow-1,1.5,22.25,walked_into_shield,,,water
stored-night,smoke-screen+hollow-ground,w0h0l+,73,true,true,injected,2,play|disrupt.land|land|,filth-spread-1,8,play|probe.water|water|,long-flow-2,2.75,5.25,walked_into_shield,,,water
stored-night,smoke-screen+hollow-ground,w0h0l+,74,true,false,injected,2,play|probe.land|land|,trample-green-1,13.75,play|probe.water|water|,long-flow-1,2.75,11,walked_into_shield,,,water
stored-night,smoke-screen+hollow-ground,w0h0l+,75,true,false,injected,2,play|probe.heat|heat|,open-chill-2,14.5,play|probe.water|water|,long-flow-3,1.5,13,walked_into_shield,,,water
stored-night,smoke-screen+hollow-ground,w0h0l+,76,false,true,injected,2,play|disrupt.heat|heat|,idle-fume-1,11,play|disrupt.land|land|,filth-spread-1,8,3,missed_interrupt,shield,heat,
stored-night,smoke-screen+hollow-ground,w0h0l+,77,true,true,injected,2,play|disrupt.heat|heat|,smoke-screen-1,11,play|probe.water|water|,long-flow-2,2.75,8.25,missed_interrupt,shield,heat,
stored-night,smoke-screen+hollow-ground,w0h0l+,78,true,false,injected,2,play|probe.heat|heat|,open-chill-2,13.75,play|probe.water|water|,long-flow-2,2.75,11,walked_into_shield,,,water
stored-night,smoke-screen+hollow-ground,w0h0l+,79,true,false,injected,2,play|disrupt.heat|heat|,smoke-screen-1,11,play|probe.water|water|,long-flow-2,2.75,8.25,missed_interrupt,shield,heat,
stored-night,smoke-screen+hollow-ground,w0h0l+,80,true,false,injected,2,play|breach.land|land|,hollow-ground-1,23.75,play|probe.water|water|,long-flow-2,1.5,22.25,walked_into_shield,,,water
stored-night,smoke-screen+hollow-ground,w0h0l+,81,false,true,injected,2,play|disrupt.heat|heat|,smoke-screen-1,11,play|probe.water|water|,long-flow-3,2.75,8.25,missed_interrupt,shield,heat,
stored-night,smoke-screen+hollow-ground,w0h0l+,82,false,false,injected,2,play|breach.land|land|,hollow-ground-1,23.75,play|breach.water|water|,spend-tide-1,4.75,19,walked_into_shield,,,water
stored-night,smoke-screen+hollow-ground,w0h0l+,83,true,false,injected,2,play|probe.heat|heat|,open-chill-1,13.75,play|probe.water|water|,long-flow-2,2.75,11,walked_into_shield,,,water
stored-night,smoke-screen+hollow-ground,w0h0l+,84,true,false,injected,2,play|breach.heat|heat|,hundred-smoke-1,23.75,play|breach.water|water|,spend-tide-1,4.75,19,walked_into_shield,,,water
stored-night,smoke-screen+hollow-ground,w0h0l+,85,true,true,injected,2,play|probe.heat|heat|,open-chill-1,14.5,play|breach.water|water|,spend-tide-1,4.75,9.75,walked_into_shield,,,water
stored-night,smoke-screen+hollow-ground,w0h0l+,86,false,false,injected,2,play|disrupt.land|land|,filth-spread-1,8,play|disrupt.water|water|,foul-current-1,1,7,walked_into_shield,,,water
stored-night,smoke-screen+hollow-ground,w0h0l+,87,false,true,injected,2,play|probe.land|land|,trample-green-2,13.75,play|probe.water|water|,long-flow-1,2.75,11,walked_into_shield,,,water
stored-night,smoke-screen+hollow-ground,w0h0l+,88,true,false,injected,2,play|probe.land|land|,trample-green-1,13.75,play|probe.water|water|,long-flow-3,4.75,9,walked_into_shield,,,water
stored-night,smoke-screen+hollow-ground,w0h0l+,89,false,false,injected,2,play|disrupt.land|land|,filth-spread-1,8,play|probe.water|water|,long-flow-3,2.75,5.25,walked_into_shield,,,water
stored-night,smoke-screen+hollow-ground,w0h0l+,90,true,true,injected,2,play|probe.heat|heat|,open-chill-1,13.75,play|probe.water|water|,long-flow-3,2.75,11,walked_into_shield,,,water
stored-night,smoke-screen+hollow-ground,w0h0l+,91,true,false,injected,2,play|probe.land|land|,trample-green-2,13.75,play|probe.water|water|,long-flow-2,2.75,11,walked_into_shield,,,water
stored-night,smoke-screen+hollow-ground,w0h0l+,92,false,false,injected,2,play|disrupt.heat|heat|,idle-fume-1,11,play|probe.water|water|,long-flow-3,2.75,8.25,missed_interrupt,shield,heat,
stored-night,smoke-screen+hollow-ground,w0h0l+,93,false,false,injected,3,play|probe.land|land|,trample-green-2,-2,play|disrupt.heat|heat|,smoke-screen-1,-16.75,14.75,walked_into_shield,,,heat
stored-night,smoke-screen+hollow-ground,w0h0l+,94,true,true,injected,2,play|probe.land|land|,trample-green-2,13.75,play|probe.water|water|,long-flow-1,2.75,11,walked_into_shield,,,water
stored-night,smoke-screen+hollow-ground,w0h0l+,95,true,false,injected,3,play|disrupt.land|land|,filth-spread-1,13.25,play|breach.water|water|,spend-tide-1,9.25,4,missed_interrupt,repair,land,
stored-night,smoke-screen+hollow-ground,w0h0l+,96,false,true,injected,2,play|disrupt.heat|heat|,idle-fume-1,11,play|probe.water|water|,long-flow-2,2.75,8.25,missed_interrupt,shield,heat,
stored-night,smoke-screen+hollow-ground,w0h0l+,97,true,false,injected,2,play|breach.land|land|,no-green-left-1,23.75,play|breach.water|water|,spend-tide-1,4.75,19,walked_into_shield,,,water
stored-night,smoke-screen+hollow-ground,w0h0l+,98,true,false,injected,2,play|probe.heat|heat|,open-chill-1,18.75,play|probe.water|water|,long-flow-1,2.75,16,walked_into_shield,,,water
stored-night,smoke-screen+hollow-ground,w0h0l+,99,false,false,injected,2,play|probe.land|land|,trample-green-1,13.75,play|disrupt.water|water|,foul-current-1,1,12.75,walked_into_shield,,,water
stored-night,smoke-screen+hollow-ground,w0h0l+,100,false,false,injected,2,play|disrupt.land|land|,filth-spread-1,8,play|probe.water|water|,long-flow-1,2.75,5.25,walked_into_shield,,,water
stored-night,smoke-screen+sluice-jam,w0h0l0,1,true,false,injected,2,play|probe.land|land|,trample-green-1,13.75,play|probe.water|water|,long-flow-2,2.75,11,walked_into_shield,,,water
stored-night,smoke-screen+sluice-jam,w0h0l0,2,false,true,injected,2,play|probe.heat|heat|,open-chill-1,13.75,play|probe.water|water|,long-flow-2,2.75,11,walked_into_shield,,,water
stored-night,smoke-screen+sluice-jam,w0h0l0,3,false,false,injected,2,play|probe.heat|heat|,open-chill-2,18.75,play|probe.water|water|,long-flow-1,2.75,16,walked_into_shield,,,water
stored-night,smoke-screen+sluice-jam,w0h0l0,4,true,true,injected,2,play|disrupt.heat|heat|,smoke-screen-1,11,play|disrupt.land|land|,filth-spread-1,8,3,missed_interrupt,shield,heat,
stored-night,smoke-screen+sluice-jam,w0h0l0,5,true,false,injected,2,play|probe.heat|heat|,open-chill-1,14.5,play|disrupt.water|water|,foul-current-1,-0.25,14.75,walked_into_shield,,,water
stored-night,smoke-screen+sluice-jam,w0h0l0,6,true,true,injected,2,play|probe.heat|heat|,open-chill-1,18.75,play|probe.water|water|,long-flow-2,2.75,16,walked_into_shield,,,water
stored-night,smoke-screen+sluice-jam,w0h0l0,7,true,false,injected,2,play|probe.heat|heat|,open-chill-1,14.5,play|breach.water|water|,spend-tide-1,4.75,9.75,walked_into_shield,,,water
stored-night,smoke-screen+sluice-jam,w0h0l0,8,true,true,injected,2,play|breach.land|land|,no-green-left-1,23.75,play|breach.water|water|,spend-tide-1,4.75,19,walked_into_shield,,,water
stored-night,smoke-screen+sluice-jam,w0h0l0,9,true,false,injected,2,play|probe.land|land|,trample-green-1,13.75,play|probe.water|water|,long-flow-2,2.75,11,walked_into_shield,,,water
stored-night,smoke-screen+sluice-jam,w0h0l0,10,false,false,injected,2,play|probe.heat|heat|,open-chill-1,13.75,play|probe.water|water|,long-flow-1,4.75,9,walked_into_shield,,,water
stored-night,smoke-screen+sluice-jam,w0h0l0,11,true,false,injected,2,play|probe.heat|heat|,open-chill-1,18.75,play|probe.water|water|,long-flow-1,2.75,16,walked_into_shield,,,water
stored-night,smoke-screen+sluice-jam,w0h0l0,12,true,false,injected,2,play|probe.heat|heat|,open-chill-1,13.75,play|probe.water|water|,long-flow-1,4.75,9,walked_into_shield,,,water
stored-night,smoke-screen+sluice-jam,w0h0l0,13,false,false,injected,2,play|disrupt.heat|heat|,idle-fume-1,11,play|disrupt.land|land|,filth-spread-1,8,3,missed_interrupt,shield,heat,
stored-night,smoke-screen+sluice-jam,w0h0l0,14,true,true,injected,3,play|breach.water|water|,spend-tide-1,12,play|probe.heat|heat|,open-chill-1,-16.25,28.25,walked_into_shield,,,heat
stored-night,smoke-screen+sluice-jam,w0h0l0,15,true,false,injected,2,play|breach.heat|heat|,hundred-smoke-1,23.75,play|breach.water|water|,spend-tide-1,4.75,19,walked_into_shield,,,water
stored-night,smoke-screen+sluice-jam,w0h0l0,16,false,false,injected,2,play|probe.land|land|,trample-green-2,13.75,play|probe.water|water|,long-flow-2,4.75,9,walked_into_shield,,,water
stored-night,smoke-screen+sluice-jam,w0h0l0,17,true,false,injected,2,play|probe.heat|heat|,open-chill-1,13.75,play|probe.water|water|,long-flow-1,2.75,11,walked_into_shield,,,water
stored-night,smoke-screen+sluice-jam,w0h0l0,18,false,true,injected,2,play|breach.heat|heat|,hundred-smoke-1,23.75,play|disrupt.water|water|,foul-current-1,-0.25,24,walked_into_shield,,,water
stored-night,smoke-screen+sluice-jam,w0h0l0,19,true,false,injected,2,play|probe.heat|heat|,open-chill-2,14.5,play|breach.water|water|,spend-tide-1,4.75,9.75,walked_into_shield,,,water
stored-night,smoke-screen+sluice-jam,w0h0l0,20,true,false,injected,2,play|probe.land|land|,trample-green-2,13.75,play|probe.water|water|,long-flow-1,2.75,11,walked_into_shield,,,water
stored-night,smoke-screen+sluice-jam,w0h0l0,21,true,false,injected,2,play|breach.land|land|,no-green-left-1,23.75,play|disrupt.water|water|,sluice-jam-1,-0.25,24,walked_into_shield,,,water
stored-night,smoke-screen+sluice-jam,w0h0l0,22,false,true,injected,2,play|disrupt.land|land|,filth-spread-1,8,play|probe.water|water|,long-flow-1,2.75,5.25,walked_into_shield,,,water
stored-night,smoke-screen+sluice-jam,w0h0l0,23,false,false,injected,2,play|breach.land|land|,no-green-left-1,23.75,play|breach.water|water|,spend-tide-1,4.75,19,walked_into_shield,,,water
stored-night,smoke-screen+sluice-jam,w0h0l0,24,true,false,injected,2,play|breach.heat|heat|,hundred-smoke-1,23.75,play|breach.water|water|,spend-tide-1,4.75,19,walked_into_shield,,,water
stored-night,smoke-screen+sluice-jam,w0h0l0,25,true,false,injected,2,play|breach.land|land|,no-green-left-1,23.75,play|breach.water|water|,spend-tide-1,4.75,19,walked_into_shield,,,water
stored-night,smoke-screen+sluice-jam,w0h0l0,26,true,false,injected,2,play|probe.land|land|,trample-green-2,13.75,play|probe.water|water|,long-flow-2,2.75,11,walked_into_shield,,,water
stored-night,smoke-screen+sluice-jam,w0h0l0,27,true,true,injected,2,play|probe.heat|heat|,open-chill-2,13.75,play|probe.water|water|,long-flow-2,4.75,9,walked_into_shield,,,water
stored-night,smoke-screen+sluice-jam,w0h0l0,28,true,false,injected,2,play|disrupt.heat|heat|,smoke-screen-1,11,play|disrupt.land|land|,filth-spread-1,8,3,missed_interrupt,shield,heat,
stored-night,smoke-screen+sluice-jam,w0h0l0,29,true,true,injected,2,play|probe.land|land|,trample-green-3,13.75,play|probe.water|water|,long-flow-2,2.75,11,walked_into_shield,,,water
stored-night,smoke-screen+sluice-jam,w0h0l0,30,true,false,injected,2,play|breach.land|land|,no-green-left-1,23.75,play|breach.water|water|,spend-tide-1,4.75,19,walked_into_shield,,,water
stored-night,smoke-screen+sluice-jam,w0h0l0,31,true,false,injected,2,play|probe.land|land|,trample-green-1,13.75,play|probe.water|water|,long-flow-2,2.75,11,walked_into_shield,,,water
stored-night,smoke-screen+sluice-jam,w0h0l0,32,true,true,injected,2,play|disrupt.heat|heat|,smoke-screen-1,11,play|probe.water|water|,long-flow-2,2.75,8.25,missed_interrupt,shield,heat,
stored-night,smoke-screen+sluice-jam,w0h0l0,33,false,false,injected,2,play|disrupt.heat|heat|,smoke-screen-1,11,play|disrupt.land|land|,filth-spread-1,8,3,missed_interrupt,shield,heat,
stored-night,smoke-screen+sluice-jam,w0h0l0,34,true,false,injected,2,play|breach.land|land|,no-green-left-1,23.75,play|disrupt.water|water|,foul-current-1,-0.25,24,walked_into_shield,,,water
stored-night,smoke-screen+sluice-jam,w0h0l0,35,false,false,injected,2,play|probe.heat|heat|,open-chill-2,13.75,play|probe.water|water|,long-flow-1,2.75,11,walked_into_shield,,,water
stored-night,smoke-screen+sluice-jam,w0h0l0,36,false,false,injected,2,play|probe.land|land|,trample-green-3,13.75,play|probe.water|water|,long-flow-1,2.75,11,walked_into_shield,,,water
stored-night,smoke-screen+sluice-jam,w0h0l0,37,true,true,injected,2,play|disrupt.heat|heat|,smoke-screen-1,11,play|probe.water|water|,long-flow-2,2.75,8.25,missed_interrupt,shield,heat,
stored-night,smoke-screen+sluice-jam,w0h0l0,38,false,false,injected,3,play|breach.land|land|,no-green-left-1,9.25,play|probe.heat|heat|,open-chill-2,-13,22.25,walked_into_shield,,,heat
stored-night,smoke-screen+sluice-jam,w0h0l0,39,true,false,injected,2,play|breach.land|land|,no-green-left-1,23.75,play|breach.water|water|,spend-tide-1,4.75,19,walked_into_shield,,,water
stored-night,smoke-screen+sluice-jam,w0h0l0,40,true,false,injected,2,play|probe.land|land|,trample-green-1,13.75,play|probe.water|water|,long-flow-2,4.75,9,walked_into_shield,,,water
stored-night,smoke-screen+sluice-jam,w0h0l0,41,true,false,injected,2,play|probe.heat|heat|,open-chill-1,14.5,play|probe.water|water|,long-flow-1,1.5,13,walked_into_shield,,,water
stored-night,smoke-screen+sluice-jam,w0h0l0,42,true,false,injected,3,play|disrupt.land|land|,filth-spread-1,13.25,play|breach.land|land|,no-green-left-1,9.25,4,missed_interrupt,repair,land,
stored-night,smoke-screen+sluice-jam,w0h0l0,43,false,false,injected,2,play|probe.heat|heat|,open-chill-1,13.75,play|probe.water|water|,long-flow-2,2.75,11,walked_into_shield,,,water
stored-night,smoke-screen+sluice-jam,w0h0l0,44,true,false,injected,2,play|breach.heat|heat|,hundred-smoke-1,23.75,play|breach.water|water|,spend-tide-1,4.75,19,walked_into_shield,,,water
stored-night,smoke-screen+sluice-jam,w0h0l0,45,false,false,injected,2,play|probe.land|land|,trample-green-1,13.75,play|probe.water|water|,long-flow-2,2.75,11,walked_into_shield,,,water
stored-night,smoke-screen+sluice-jam,w0h0l0,46,false,false,injected,2,play|probe.land|land|,trample-green-1,13.75,play|probe.water|water|,long-flow-2,2.75,11,walked_into_shield,,,water
stored-night,smoke-screen+sluice-jam,w0h0l0,47,false,false,injected,2,play|disrupt.heat|heat|,idle-fume-1,11,play|probe.water|water|,long-flow-2,4.75,6.25,missed_interrupt,shield,heat,
stored-night,smoke-screen+sluice-jam,w0h0l0,48,true,false,injected,2,play|probe.land|land|,trample-green-2,13.75,play|probe.water|water|,long-flow-1,4.75,9,walked_into_shield,,,water
stored-night,smoke-screen+sluice-jam,w0h0l0,49,true,false,injected,2,play|probe.heat|heat|,open-chill-1,14.5,play|breach.water|water|,spend-tide-1,4.75,9.75,walked_into_shield,,,water
stored-night,smoke-screen+sluice-jam,w0h0l0,50,true,true,injected,2,play|probe.land|land|,trample-green-3,13.75,play|probe.water|water|,long-flow-2,2.75,11,walked_into_shield,,,water
stored-night,smoke-screen+sluice-jam,w0h0l0,51,true,false,injected,2,play|breach.land|land|,no-green-left-1,23.75,play|disrupt.water|water|,sluice-jam-1,-0.25,24,walked_into_shield,,,water
stored-night,smoke-screen+sluice-jam,w0h0l0,52,false,true,injected,2,play|probe.land|land|,trample-green-3,13.75,play|probe.water|water|,long-flow-1,4.75,9,walked_into_shield,,,water
stored-night,smoke-screen+sluice-jam,w0h0l0,53,false,false,injected,2,play|disrupt.heat|heat|,idle-fume-1,11,play|probe.water|water|,long-flow-2,2.75,8.25,missed_interrupt,shield,heat,
stored-night,smoke-screen+sluice-jam,w0h0l0,54,true,false,injected,2,play|probe.heat|heat|,open-chill-1,14.5,play|breach.water|water|,spend-tide-1,4.75,9.75,walked_into_shield,,,water
stored-night,smoke-screen+sluice-jam,w0h0l0,55,true,false,injected,2,play|probe.heat|heat|,open-chill-2,18.75,play|probe.water|water|,long-flow-1,2.75,16,walked_into_shield,,,water
stored-night,smoke-screen+sluice-jam,w0h0l0,56,true,false,injected,2,play|probe.heat|heat|,open-chill-1,18.75,play|probe.water|water|,long-flow-1,2.75,16,walked_into_shield,,,water
stored-night,smoke-screen+sluice-jam,w0h0l0,57,false,false,injected,2,play|probe.heat|heat|,open-chill-2,14.5,play|breach.water|water|,spend-tide-1,4.75,9.75,walked_into_shield,,,water
stored-night,smoke-screen+sluice-jam,w0h0l0,58,false,true,injected,2,play|disrupt.heat|heat|,smoke-screen-1,11,play|disrupt.land|land|,filth-spread-1,8,3,missed_interrupt,shield,heat,
stored-night,smoke-screen+sluice-jam,w0h0l0,59,true,true,injected,2,play|disrupt.heat|heat|,smoke-screen-1,11,play|disrupt.land|land|,filth-spread-1,8,3,missed_interrupt,shield,heat,
stored-night,smoke-screen+sluice-jam,w0h0l0,60,true,true,injected,2,play|probe.heat|heat|,open-chill-1,13.75,play|probe.water|water|,long-flow-1,4.75,9,walked_into_shield,,,water
stored-night,smoke-screen+sluice-jam,w0h0l0,61,true,true,injected,2,play|disrupt.heat|heat|,idle-fume-1,11,play|probe.water|water|,long-flow-1,2.75,8.25,missed_interrupt,shield,heat,
stored-night,smoke-screen+sluice-jam,w0h0l0,62,true,false,injected,2,play|probe.heat|heat|,open-chill-2,18.75,play|probe.water|water|,long-flow-2,2.75,16,walked_into_shield,,,water
stored-night,smoke-screen+sluice-jam,w0h0l0,63,true,false,injected,2,play|disrupt.heat|heat|,idle-fume-1,11,play|probe.water|water|,long-flow-2,2.75,8.25,missed_interrupt,shield,heat,
stored-night,smoke-screen+sluice-jam,w0h0l0,64,true,false,injected,2,play|probe.heat|heat|,open-chill-2,14.5,play|breach.water|water|,spend-tide-1,4.75,9.75,walked_into_shield,,,water
stored-night,smoke-screen+sluice-jam,w0h0l0,65,true,false,injected,2,play|breach.land|land|,no-green-left-1,23.75,play|breach.water|water|,spend-tide-1,4.75,19,walked_into_shield,,,water
stored-night,smoke-screen+sluice-jam,w0h0l0,66,false,false,injected,2,play|disrupt.heat|heat|,idle-fume-1,11,play|disrupt.land|land|,filth-spread-1,8,3,missed_interrupt,shield,heat,
stored-night,smoke-screen+sluice-jam,w0h0l0,67,true,true,injected,2,play|breach.land|land|,no-green-left-1,23.75,play|disrupt.water|water|,foul-current-1,-0.25,24,walked_into_shield,,,water
stored-night,smoke-screen+sluice-jam,w0h0l0,68,true,false,injected,2,play|probe.heat|heat|,open-chill-1,13.75,play|probe.water|water|,long-flow-2,4.75,9,walked_into_shield,,,water
stored-night,smoke-screen+sluice-jam,w0h0l0,69,true,false,injected,3,play|breach.water|water|,spend-tide-1,11.25,play|probe.heat|heat|,open-chill-2,-15,26.25,walked_into_shield,,,heat
stored-night,smoke-screen+sluice-jam,w0h0l0,70,true,false,injected,2,play|probe.heat|heat|,open-chill-2,14.5,play|breach.water|water|,spend-tide-1,4.75,9.75,walked_into_shield,,,water
stored-night,smoke-screen+sluice-jam,w0h0l0,71,true,false,injected,2,play|breach.heat|heat|,hundred-smoke-1,23.75,play|breach.water|water|,spend-tide-1,4.75,19,walked_into_shield,,,water
stored-night,smoke-screen+sluice-jam,w0h0l0,72,true,true,injected,2,play|probe.land|land|,trample-green-2,13.75,play|probe.water|water|,long-flow-2,2.75,11,walked_into_shield,,,water
stored-night,smoke-screen+sluice-jam,w0h0l0,73,true,true,injected,2,play|disrupt.heat|heat|,idle-fume-1,11,play|probe.water|water|,long-flow-2,2.75,8.25,missed_interrupt,shield,heat,
stored-night,smoke-screen+sluice-jam,w0h0l0,74,true,false,injected,2,play|probe.heat|heat|,open-chill-2,13.75,play|probe.water|water|,long-flow-1,2.75,11,walked_into_shield,,,water
stored-night,smoke-screen+sluice-jam,w0h0l0,75,false,false,injected,2,play|probe.heat|heat|,open-chill-1,14.5,play|breach.water|water|,spend-tide-1,4.75,9.75,walked_into_shield,,,water
stored-night,smoke-screen+sluice-jam,w0h0l0,76,false,false,injected,2,play|probe.land|land|,trample-green-1,13.75,play|probe.water|water|,long-flow-2,4.75,9,walked_into_shield,,,water
stored-night,smoke-screen+sluice-jam,w0h0l0,77,false,false,injected,2,play|disrupt.heat|heat|,smoke-screen-1,11,play|disrupt.land|land|,filth-spread-1,8,3,missed_interrupt,shield,heat,
stored-night,smoke-screen+sluice-jam,w0h0l0,78,true,true,injected,2,play|disrupt.heat|heat|,idle-fume-1,11,play|disrupt.land|land|,filth-spread-1,8,3,missed_interrupt,shield,heat,
stored-night,smoke-screen+sluice-jam,w0h0l0,79,true,true,injected,2,play|probe.land|land|,trample-green-2,13.75,play|probe.water|water|,long-flow-2,2.75,11,walked_into_shield,,,water
stored-night,smoke-screen+sluice-jam,w0h0l0,80,false,false,injected,3,play|breach.water|water|,spend-tide-1,12,play|probe.heat|heat|,open-chill-2,-16.25,28.25,walked_into_shield,,,heat
stored-night,smoke-screen+sluice-jam,w0h0l0,81,false,false,injected,2,play|disrupt.heat|heat|,smoke-screen-1,11,play|probe.water|water|,long-flow-1,4.75,6.25,missed_interrupt,shield,heat,
stored-night,smoke-screen+sluice-jam,w0h0l0,82,true,false,injected,2,play|probe.heat|heat|,open-chill-2,14.5,play|breach.water|water|,spend-tide-1,4.75,9.75,walked_into_shield,,,water
stored-night,smoke-screen+sluice-jam,w0h0l0,83,true,false,injected,2,play|probe.land|land|,trample-green-1,13.75,play|probe.water|water|,long-flow-1,2.75,11,walked_into_shield,,,water
stored-night,smoke-screen+sluice-jam,w0h0l0,84,true,false,injected,2,play|breach.heat|heat|,hundred-smoke-1,23.75,play|disrupt.water|water|,foul-current-1,-0.25,24,walked_into_shield,,,water
stored-night,smoke-screen+sluice-jam,w0h0l0,85,true,false,injected,2,play|probe.heat|heat|,open-chill-1,14.5,play|probe.water|water|,long-flow-1,1.5,13,walked_into_shield,,,water
stored-night,smoke-screen+sluice-jam,w0h0l0,86,false,true,injected,2,play|probe.heat|heat|,open-chill-1,13.75,play|probe.water|water|,long-flow-2,2.75,11,walked_into_shield,,,water
stored-night,smoke-screen+sluice-jam,w0h0l0,87,true,true,injected,2,play|probe.land|land|,trample-green-1,13.75,play|probe.water|water|,long-flow-1,2.75,11,walked_into_shield,,,water
stored-night,smoke-screen+sluice-jam,w0h0l0,88,true,false,injected,2,play|probe.land|land|,trample-green-2,13.75,play|probe.water|water|,long-flow-2,4.75,9,walked_into_shield,,,water
stored-night,smoke-screen+sluice-jam,w0h0l0,89,false,false,injected,2,play|disrupt.land|land|,filth-spread-1,8,play|disrupt.water|water|,sluice-jam-1,-1,9,walked_into_shield,,,water
stored-night,smoke-screen+sluice-jam,w0h0l0,90,true,true,injected,2,play|probe.heat|heat|,open-chill-2,18.75,play|disrupt.water|water|,sluice-jam-1,1,17.75,walked_into_shield,,,water
stored-night,smoke-screen+sluice-jam,w0h0l0,91,true,true,injected,2,play|breach.land|land|,no-green-left-1,23.75,play|disrupt.water|water|,foul-current-1,-0.25,24,walked_into_shield,,,water
stored-night,smoke-screen+sluice-jam,w0h0l0,92,false,false,injected,2,play|probe.land|land|,trample-green-1,13.75,play|disrupt.water|water|,sluice-jam-1,1,12.75,walked_into_shield,,,water
stored-night,smoke-screen+sluice-jam,w0h0l0,93,true,false,injected,2,play|probe.heat|heat|,open-chill-1,18.75,play|disrupt.water|water|,sluice-jam-1,1,17.75,walked_into_shield,,,water
stored-night,smoke-screen+sluice-jam,w0h0l0,94,true,true,injected,2,play|disrupt.heat|heat|,smoke-screen-1,11,play|probe.water|water|,long-flow-2,2.75,8.25,missed_interrupt,shield,heat,
stored-night,smoke-screen+sluice-jam,w0h0l0,95,true,true,injected,2,play|probe.heat|heat|,open-chill-2,13.75,play|probe.water|water|,long-flow-1,4.75,9,walked_into_shield,,,water
stored-night,smoke-screen+sluice-jam,w0h0l0,96,true,true,injected,2,play|probe.heat|heat|,open-chill-2,13.75,play|probe.water|water|,long-flow-2,2.75,11,walked_into_shield,,,water
stored-night,smoke-screen+sluice-jam,w0h0l0,97,true,false,injected,2,play|breach.land|land|,no-green-left-1,23.75,play|disrupt.water|water|,sluice-jam-1,-0.25,24,walked_into_shield,,,water
stored-night,smoke-screen+sluice-jam,w0h0l0,98,true,false,injected,2,play|probe.land|land|,trample-green-1,13.75,play|probe.water|water|,long-flow-1,2.75,11,walked_into_shield,,,water
stored-night,smoke-screen+sluice-jam,w0h0l0,99,true,true,injected,2,play|probe.land|land|,trample-green-2,13.75,play|probe.water|water|,long-flow-1,2.75,11,walked_into_shield,,,water
stored-night,smoke-screen+sluice-jam,w0h0l0,100,false,false,injected,2,play|disrupt.land|land|,filth-spread-1,8,play|probe.water|water|,long-flow-1,2.75,5.25,walked_into_shield,,,water
stored-night,smoke-screen+sluice-jam,w-h-l-,1,true,false,injected,2,play|probe.land|land|,trample-green-1,13.75,play|probe.water|water|,long-flow-2,2.75,11,walked_into_shield,,,water
stored-night,smoke-screen+sluice-jam,w-h-l-,2,false,true,injected,2,play|probe.heat|heat|,open-chill-1,13.75,play|probe.water|water|,long-flow-2,2.75,11,walked_into_shield,,,water
stored-night,smoke-screen+sluice-jam,w-h-l-,3,false,false,injected,2,play|probe.heat|heat|,open-chill-2,17.75,play|probe.water|water|,long-flow-1,2.75,15,walked_into_shield,,,water
stored-night,smoke-screen+sluice-jam,w-h-l-,4,false,true,injected,2,play|disrupt.heat|heat|,smoke-screen-1,11,play|disrupt.land|land|,filth-spread-1,8,3,missed_interrupt,shield,heat,
stored-night,smoke-screen+sluice-jam,w-h-l-,5,true,false,injected,2,play|probe.heat|heat|,open-chill-1,14.5,play|disrupt.water|water|,foul-current-1,-0.25,14.75,walked_into_shield,,,water
stored-night,smoke-screen+sluice-jam,w-h-l-,6,true,true,injected,2,play|probe.heat|heat|,open-chill-1,17.75,play|probe.water|water|,long-flow-2,2.75,15,walked_into_shield,,,water
stored-night,smoke-screen+sluice-jam,w-h-l-,7,true,false,injected,2,play|probe.heat|heat|,open-chill-1,14.5,play|breach.water|water|,spend-tide-1,4.75,9.75,walked_into_shield,,,water
stored-night,smoke-screen+sluice-jam,w-h-l-,8,true,true,injected,2,play|breach.land|land|,no-green-left-1,22.75,play|breach.water|water|,spend-tide-1,4.75,18,walked_into_shield,,,water
stored-night,smoke-screen+sluice-jam,w-h-l-,9,true,false,injected,2,play|probe.land|land|,trample-green-1,13.75,play|probe.water|water|,long-flow-2,2.75,11,walked_into_shield,,,water
stored-night,smoke-screen+sluice-jam,w-h-l-,10,true,false,injected,2,play|probe.heat|heat|,open-chill-1,13.75,play|probe.water|water|,long-flow-1,4.75,9,walked_into_shield,,,water
stored-night,smoke-screen+sluice-jam,w-h-l-,11,true,false,injected,2,play|probe.heat|heat|,open-chill-1,17.75,play|probe.water|water|,long-flow-1,2.75,15,walked_into_shield,,,water
stored-night,smoke-screen+sluice-jam,w-h-l-,12,true,false,injected,2,play|probe.heat|heat|,open-chill-1,13.75,play|probe.water|water|,long-flow-1,4.75,9,walked_into_shield,,,water
stored-night,smoke-screen+sluice-jam,w-h-l-,13,false,false,injected,2,play|disrupt.heat|heat|,idle-fume-1,11,play|disrupt.land|land|,filth-spread-1,8,3,missed_interrupt,shield,heat,
stored-night,smoke-screen+sluice-jam,w-h-l-,14,true,true,injected,3,play|breach.water|water|,spend-tide-1,12,play|probe.heat|heat|,open-chill-1,-16.25,28.25,walked_into_shield,,,heat
stored-night,smoke-screen+sluice-jam,w-h-l-,15,true,false,injected,2,play|breach.heat|heat|,hundred-smoke-1,23.75,play|breach.water|water|,spend-tide-1,4.75,19,walked_into_shield,,,water
stored-night,smoke-screen+sluice-jam,w-h-l-,16,false,false,injected,2,play|probe.land|land|,trample-green-2,13.75,play|probe.water|water|,long-flow-2,4.75,9,walked_into_shield,,,water
stored-night,smoke-screen+sluice-jam,w-h-l-,17,false,false,injected,2,play|probe.heat|heat|,open-chill-1,13.75,play|probe.water|water|,long-flow-1,2.75,11,walked_into_shield,,,water
stored-night,smoke-screen+sluice-jam,w-h-l-,18,false,true,injected,2,play|breach.heat|heat|,hundred-smoke-1,23.75,play|disrupt.water|water|,foul-current-1,-0.25,24,walked_into_shield,,,water
stored-night,smoke-screen+sluice-jam,w-h-l-,19,false,false,injected,2,play|probe.heat|heat|,open-chill-2,14.5,play|breach.water|water|,spend-tide-1,4.75,9.75,walked_into_shield,,,water
stored-night,smoke-screen+sluice-jam,w-h-l-,20,true,false,injected,2,play|probe.land|land|,trample-green-2,13.75,play|probe.water|water|,long-flow-1,2.75,11,walked_into_shield,,,water
stored-night,smoke-screen+sluice-jam,w-h-l-,21,true,false,injected,2,play|breach.land|land|,no-green-left-1,22.75,play|disrupt.water|water|,sluice-jam-1,-0.25,23,walked_into_shield,,,water
stored-night,smoke-screen+sluice-jam,w-h-l-,22,false,true,injected,2,play|disrupt.land|land|,filth-spread-1,8,play|probe.water|water|,long-flow-1,2.75,5.25,walked_into_shield,,,water
stored-night,smoke-screen+sluice-jam,w-h-l-,23,false,false,injected,2,play|breach.land|land|,no-green-left-1,22.75,play|breach.water|water|,spend-tide-1,4.75,18,walked_into_shield,,,water
stored-night,smoke-screen+sluice-jam,w-h-l-,24,true,false,injected,2,play|breach.heat|heat|,hundred-smoke-1,23.75,play|breach.water|water|,spend-tide-1,4.75,19,walked_into_shield,,,water
stored-night,smoke-screen+sluice-jam,w-h-l-,25,true,false,injected,2,play|breach.land|land|,no-green-left-1,22.75,play|breach.water|water|,spend-tide-1,4.75,18,walked_into_shield,,,water
stored-night,smoke-screen+sluice-jam,w-h-l-,26,true,false,injected,2,play|probe.land|land|,trample-green-2,13.75,play|probe.water|water|,long-flow-2,2.75,11,walked_into_shield,,,water
stored-night,smoke-screen+sluice-jam,w-h-l-,27,true,true,injected,2,play|probe.heat|heat|,open-chill-2,13.75,play|probe.water|water|,long-flow-2,4.75,9,walked_into_shield,,,water
stored-night,smoke-screen+sluice-jam,w-h-l-,28,true,false,injected,2,play|disrupt.heat|heat|,smoke-screen-1,11,play|disrupt.land|land|,filth-spread-1,8,3,missed_interrupt,shield,heat,
stored-night,smoke-screen+sluice-jam,w-h-l-,29,true,true,injected,2,play|probe.land|land|,trample-green-3,13.75,play|probe.water|water|,long-flow-2,2.75,11,walked_into_shield,,,water
stored-night,smoke-screen+sluice-jam,w-h-l-,30,true,false,injected,2,play|breach.land|land|,no-green-left-1,22.75,play|breach.water|water|,spend-tide-1,4.75,18,walked_into_shield,,,water
stored-night,smoke-screen+sluice-jam,w-h-l-,31,true,false,injected,2,play|probe.land|land|,trample-green-1,13.75,play|probe.water|water|,long-flow-2,2.75,11,walked_into_shield,,,water
stored-night,smoke-screen+sluice-jam,w-h-l-,32,true,true,injected,2,play|disrupt.heat|heat|,smoke-screen-1,11,play|probe.water|water|,long-flow-2,2.75,8.25,missed_interrupt,shield,heat,
stored-night,smoke-screen+sluice-jam,w-h-l-,33,false,false,injected,2,play|disrupt.heat|heat|,smoke-screen-1,11,play|disrupt.land|land|,filth-spread-1,8,3,missed_interrupt,shield,heat,
stored-night,smoke-screen+sluice-jam,w-h-l-,34,true,false,injected,2,play|breach.land|land|,no-green-left-1,22.75,play|disrupt.water|water|,foul-current-1,-0.25,23,walked_into_shield,,,water
stored-night,smoke-screen+sluice-jam,w-h-l-,35,false,false,injected,2,play|probe.heat|heat|,open-chill-2,13.75,play|probe.water|water|,long-flow-1,2.75,11,walked_into_shield,,,water
stored-night,smoke-screen+sluice-jam,w-h-l-,36,false,false,injected,2,play|probe.land|land|,trample-green-3,13.75,play|probe.water|water|,long-flow-1,2.75,11,walked_into_shield,,,water
stored-night,smoke-screen+sluice-jam,w-h-l-,37,true,true,injected,2,play|disrupt.heat|heat|,smoke-screen-1,11,play|probe.water|water|,long-flow-2,2.75,8.25,missed_interrupt,shield,heat,
stored-night,smoke-screen+sluice-jam,w-h-l-,38,false,false,injected,3,play|breach.land|land|,no-green-left-1,9.25,play|probe.heat|heat|,open-chill-2,-13,22.25,walked_into_shield,,,heat
stored-night,smoke-screen+sluice-jam,w-h-l-,39,true,false,injected,2,play|breach.heat|heat|,hundred-smoke-1,23.75,play|breach.water|water|,spend-tide-1,4.75,19,walked_into_shield,,,water
stored-night,smoke-screen+sluice-jam,w-h-l-,40,true,false,injected,2,play|probe.land|land|,trample-green-1,13.75,play|probe.water|water|,long-flow-2,4.75,9,walked_into_shield,,,water
stored-night,smoke-screen+sluice-jam,w-h-l-,41,true,false,injected,2,play|probe.heat|heat|,open-chill-1,14.5,play|probe.water|water|,long-flow-1,1.5,13,walked_into_shield,,,water
stored-night,smoke-screen+sluice-jam,w-h-l-,42,true,false,injected,3,play|disrupt.land|land|,filth-spread-1,12.25,play|breach.land|land|,no-green-left-1,9.25,3,missed_interrupt,repair,land,
stored-night,smoke-screen+sluice-jam,w-h-l-,43,false,false,injected,2,play|probe.heat|heat|,open-chill-1,13.75,play|probe.water|water|,long-flow-2,2.75,11,walked_into_shield,,,water
stored-night,smoke-screen+sluice-jam,w-h-l-,44,true,false,injected,2,play|breach.heat|heat|,hundred-smoke-1,23.75,play|breach.water|water|,spend-tide-1,4.75,19,walked_into_shield,,,water
stored-night,smoke-screen+sluice-jam,w-h-l-,45,false,false,injected,2,play|probe.land|land|,trample-green-1,13.75,play|probe.water|water|,long-flow-2,2.75,11,walked_into_shield,,,water
stored-night,smoke-screen+sluice-jam,w-h-l-,46,false,false,injected,2,play|probe.land|land|,trample-green-1,13.75,play|probe.water|water|,long-flow-2,2.75,11,walked_into_shield,,,water
stored-night,smoke-screen+sluice-jam,w-h-l-,47,false,false,injected,2,play|disrupt.heat|heat|,idle-fume-1,11,play|probe.water|water|,long-flow-2,4.75,6.25,missed_interrupt,shield,heat,
stored-night,smoke-screen+sluice-jam,w-h-l-,48,true,false,injected,2,play|probe.land|land|,trample-green-2,13.75,play|probe.water|water|,long-flow-1,4.75,9,walked_into_shield,,,water
stored-night,smoke-screen+sluice-jam,w-h-l-,49,true,false,injected,2,play|probe.heat|heat|,open-chill-1,14.5,play|breach.water|water|,spend-tide-1,4.75,9.75,walked_into_shield,,,water
stored-night,smoke-screen+sluice-jam,w-h-l-,50,true,true,injected,2,play|probe.land|land|,trample-green-3,13.75,play|probe.water|water|,long-flow-2,2.75,11,walked_into_shield,,,water
stored-night,smoke-screen+sluice-jam,w-h-l-,51,true,false,injected,2,play|breach.land|land|,no-green-left-1,22.75,play|disrupt.water|water|,sluice-jam-1,-0.25,23,walked_into_shield,,,water
stored-night,smoke-screen+sluice-jam,w-h-l-,52,false,true,injected,2,play|probe.land|land|,trample-green-3,13.75,play|probe.water|water|,long-flow-1,4.75,9,walked_into_shield,,,water
stored-night,smoke-screen+sluice-jam,w-h-l-,53,false,false,injected,2,play|disrupt.heat|heat|,idle-fume-1,11,play|probe.water|water|,long-flow-2,2.75,8.25,missed_interrupt,shield,heat,
stored-night,smoke-screen+sluice-jam,w-h-l-,54,true,false,injected,2,play|probe.heat|heat|,open-chill-1,14.5,play|breach.water|water|,spend-tide-1,4.75,9.75,walked_into_shield,,,water
stored-night,smoke-screen+sluice-jam,w-h-l-,55,true,false,injected,2,play|probe.heat|heat|,open-chill-2,17.75,play|probe.water|water|,long-flow-1,2.75,15,walked_into_shield,,,water
stored-night,smoke-screen+sluice-jam,w-h-l-,56,true,false,injected,2,play|probe.heat|heat|,open-chill-1,17.75,play|probe.water|water|,long-flow-1,2.75,15,walked_into_shield,,,water
stored-night,smoke-screen+sluice-jam,w-h-l-,57,false,false,injected,2,play|probe.heat|heat|,open-chill-2,14.5,play|breach.water|water|,spend-tide-1,4.75,9.75,walked_into_shield,,,water
stored-night,smoke-screen+sluice-jam,w-h-l-,58,false,true,injected,2,play|disrupt.heat|heat|,smoke-screen-1,11,play|disrupt.land|land|,filth-spread-1,8,3,missed_interrupt,shield,heat,
stored-night,smoke-screen+sluice-jam,w-h-l-,59,true,true,injected,2,play|disrupt.heat|heat|,smoke-screen-1,11,play|disrupt.land|land|,filth-spread-1,8,3,missed_interrupt,shield,heat,
stored-night,smoke-screen+sluice-jam,w-h-l-,60,true,true,injected,2,play|probe.heat|heat|,open-chill-1,13.75,play|probe.water|water|,long-flow-1,4.75,9,walked_into_shield,,,water
stored-night,smoke-screen+sluice-jam,w-h-l-,61,true,true,injected,2,play|disrupt.heat|heat|,idle-fume-1,11,play|probe.water|water|,long-flow-1,2.75,8.25,missed_interrupt,shield,heat,
stored-night,smoke-screen+sluice-jam,w-h-l-,62,false,false,injected,2,play|probe.heat|heat|,open-chill-2,17.75,play|probe.water|water|,long-flow-2,2.75,15,walked_into_shield,,,water
stored-night,smoke-screen+sluice-jam,w-h-l-,63,true,false,injected,2,play|disrupt.heat|heat|,idle-fume-1,11,play|probe.water|water|,long-flow-2,2.75,8.25,missed_interrupt,shield,heat,
stored-night,smoke-screen+sluice-jam,w-h-l-,64,true,false,injected,2,play|probe.heat|heat|,open-chill-2,14.5,play|breach.water|water|,spend-tide-1,4.75,9.75,walked_into_shield,,,water
stored-night,smoke-screen+sluice-jam,w-h-l-,65,true,false,injected,2,play|breach.heat|heat|,hundred-smoke-1,23.75,play|breach.water|water|,spend-tide-1,4.75,19,walked_into_shield,,,water
stored-night,smoke-screen+sluice-jam,w-h-l-,66,true,false,injected,2,play|disrupt.heat|heat|,idle-fume-1,11,play|disrupt.land|land|,filth-spread-1,8,3,missed_interrupt,shield,heat,
stored-night,smoke-screen+sluice-jam,w-h-l-,67,true,true,injected,2,play|breach.land|land|,no-green-left-1,22.75,play|disrupt.water|water|,foul-current-1,-0.25,23,walked_into_shield,,,water
stored-night,smoke-screen+sluice-jam,w-h-l-,68,true,false,injected,2,play|probe.heat|heat|,open-chill-1,13.75,play|probe.water|water|,long-flow-2,4.75,9,walked_into_shield,,,water
stored-night,smoke-screen+sluice-jam,w-h-l-,69,false,false,injected,3,play|breach.water|water|,spend-tide-1,11.25,play|probe.heat|heat|,open-chill-2,-15,26.25,walked_into_shield,,,heat
stored-night,smoke-screen+sluice-jam,w-h-l-,70,true,false,injected,2,play|probe.heat|heat|,open-chill-2,14.5,play|breach.water|water|,spend-tide-1,4.75,9.75,walked_into_shield,,,water
stored-night,smoke-screen+sluice-jam,w-h-l-,71,true,false,injected,2,play|breach.heat|heat|,hundred-smoke-1,23.75,play|breach.water|water|,spend-tide-1,4.75,19,walked_into_shield,,,water
stored-night,smoke-screen+sluice-jam,w-h-l-,72,true,true,injected,2,play|probe.land|land|,trample-green-2,13.75,play|probe.water|water|,long-flow-2,2.75,11,walked_into_shield,,,water
stored-night,smoke-screen+sluice-jam,w-h-l-,73,true,true,injected,2,play|disrupt.heat|heat|,idle-fume-1,11,play|probe.water|water|,long-flow-2,2.75,8.25,missed_interrupt,shield,heat,
stored-night,smoke-screen+sluice-jam,w-h-l-,74,true,false,injected,2,play|probe.heat|heat|,open-chill-2,13.75,play|probe.water|water|,long-flow-1,2.75,11,walked_into_shield,,,water
stored-night,smoke-screen+sluice-jam,w-h-l-,75,false,false,injected,2,play|probe.heat|heat|,open-chill-1,14.5,play|breach.water|water|,spend-tide-1,4.75,9.75,walked_into_shield,,,water
stored-night,smoke-screen+sluice-jam,w-h-l-,76,false,false,injected,2,play|probe.land|land|,trample-green-1,13.75,play|probe.water|water|,long-flow-2,4.75,9,walked_into_shield,,,water
stored-night,smoke-screen+sluice-jam,w-h-l-,77,false,false,injected,2,play|disrupt.heat|heat|,smoke-screen-1,11,play|disrupt.land|land|,filth-spread-1,8,3,missed_interrupt,shield,heat,
stored-night,smoke-screen+sluice-jam,w-h-l-,78,true,true,injected,2,play|disrupt.heat|heat|,idle-fume-1,11,play|disrupt.land|land|,filth-spread-1,8,3,missed_interrupt,shield,heat,
stored-night,smoke-screen+sluice-jam,w-h-l-,79,true,true,injected,2,play|probe.land|land|,trample-green-2,13.75,play|probe.water|water|,long-flow-2,2.75,11,walked_into_shield,,,water
stored-night,smoke-screen+sluice-jam,w-h-l-,80,true,false,injected,3,play|breach.water|water|,spend-tide-1,12,play|probe.heat|heat|,open-chill-2,-16.25,28.25,walked_into_shield,,,heat
stored-night,smoke-screen+sluice-jam,w-h-l-,81,false,false,injected,2,play|disrupt.heat|heat|,smoke-screen-1,11,play|probe.water|water|,long-flow-1,4.75,6.25,missed_interrupt,shield,heat,
stored-night,smoke-screen+sluice-jam,w-h-l-,82,false,false,injected,2,play|probe.heat|heat|,open-chill-2,14.5,play|breach.water|water|,spend-tide-1,4.75,9.75,walked_into_shield,,,water
stored-night,smoke-screen+sluice-jam,w-h-l-,83,true,true,injected,2,play|probe.land|land|,trample-green-1,13.75,play|probe.water|water|,long-flow-1,2.75,11,walked_into_shield,,,water
stored-night,smoke-screen+sluice-jam,w-h-l-,84,true,false,injected,2,play|breach.heat|heat|,hundred-smoke-1,23.75,play|disrupt.water|water|,foul-current-1,-0.25,24,walked_into_shield,,,water
stored-night,smoke-screen+sluice-jam,w-h-l-,85,true,false,injected,2,play|probe.heat|heat|,open-chill-1,14.5,play|probe.water|water|,long-flow-1,1.5,13,walked_into_shield,,,water
stored-night,smoke-screen+sluice-jam,w-h-l-,86,false,false,injected,2,play|probe.heat|heat|,open-chill-1,13.75,play|probe.water|water|,long-flow-2,2.75,11,walked_into_shield,,,water
stored-night,smoke-screen+sluice-jam,w-h-l-,87,true,true,injected,2,play|probe.land|land|,trample-green-1,13.75,play|probe.water|water|,long-flow-1,2.75,11,walked_into_shield,,,water
stored-night,smoke-screen+sluice-jam,w-h-l-,88,true,false,injected,2,play|probe.land|land|,trample-green-2,13.75,play|probe.water|water|,long-flow-2,4.75,9,walked_into_shield,,,water
stored-night,smoke-screen+sluice-jam,w-h-l-,89,false,false,injected,2,play|disrupt.land|land|,filth-spread-1,8,play|disrupt.water|water|,sluice-jam-1,-1,9,walked_into_shield,,,water
stored-night,smoke-screen+sluice-jam,w-h-l-,90,true,true,injected,2,play|probe.heat|heat|,open-chill-2,17.75,play|disrupt.water|water|,sluice-jam-1,1,16.75,walked_into_shield,,,water
stored-night,smoke-screen+sluice-jam,w-h-l-,91,true,false,injected,2,play|breach.land|land|,no-green-left-1,22.75,play|disrupt.water|water|,foul-current-1,-0.25,23,walked_into_shield,,,water
stored-night,smoke-screen+sluice-jam,w-h-l-,92,true,false,injected,2,play|probe.land|land|,trample-green-1,13.75,play|disrupt.water|water|,sluice-jam-1,1,12.75,walked_into_shield,,,water
stored-night,smoke-screen+sluice-jam,w-h-l-,93,true,false,injected,2,play|probe.heat|heat|,open-chill-1,17.75,play|disrupt.water|water|,sluice-jam-1,1,16.75,walked_into_shield,,,water
stored-night,smoke-screen+sluice-jam,w-h-l-,94,true,true,injected,2,play|disrupt.heat|heat|,smoke-screen-1,11,play|probe.water|water|,long-flow-2,2.75,8.25,missed_interrupt,shield,heat,
stored-night,smoke-screen+sluice-jam,w-h-l-,95,true,true,injected,2,play|probe.heat|heat|,open-chill-2,13.75,play|probe.water|water|,long-flow-1,4.75,9,walked_into_shield,,,water
stored-night,smoke-screen+sluice-jam,w-h-l-,96,true,true,injected,2,play|probe.heat|heat|,open-chill-2,13.75,play|probe.water|water|,long-flow-2,2.75,11,walked_into_shield,,,water
stored-night,smoke-screen+sluice-jam,w-h-l-,97,true,false,injected,2,play|breach.land|land|,no-green-left-1,22.75,play|disrupt.water|water|,sluice-jam-1,-0.25,23,walked_into_shield,,,water
stored-night,smoke-screen+sluice-jam,w-h-l-,98,true,false,injected,2,play|probe.land|land|,trample-green-1,13.75,play|probe.water|water|,long-flow-1,2.75,11,walked_into_shield,,,water
stored-night,smoke-screen+sluice-jam,w-h-l-,99,true,false,injected,2,play|probe.land|land|,trample-green-2,13.75,play|probe.water|water|,long-flow-1,2.75,11,walked_into_shield,,,water
stored-night,smoke-screen+sluice-jam,w-h-l-,100,false,false,injected,2,play|disrupt.land|land|,filth-spread-1,8,play|probe.water|water|,long-flow-1,2.75,5.25,walked_into_shield,,,water
stored-night,smoke-screen+sluice-jam,w+h+l+,1,true,true,injected,2,play|probe.land|land|,trample-green-1,13.75,play|probe.water|water|,long-flow-2,2.75,11,walked_into_shield,,,water
stored-night,smoke-screen+sluice-jam,w+h+l+,2,false,true,injected,2,play|probe.heat|heat|,open-chill-1,13.75,play|probe.water|water|,long-flow-2,2.75,11,walked_into_shield,,,water
stored-night,smoke-screen+sluice-jam,w+h+l+,3,false,false,injected,2,play|probe.heat|heat|,open-chill-2,18.75,play|probe.water|water|,long-flow-1,2.75,16,walked_into_shield,,,water
stored-night,smoke-screen+sluice-jam,w+h+l+,4,false,true,injected,2,play|disrupt.heat|heat|,smoke-screen-1,11,play|disrupt.land|land|,filth-spread-1,8,3,missed_interrupt,shield,heat,
stored-night,smoke-screen+sluice-jam,w+h+l+,5,true,false,injected,2,play|probe.heat|heat|,open-chill-1,14.5,play|disrupt.water|water|,foul-current-1,-0.25,14.75,walked_into_shield,,,water
stored-night,smoke-screen+sluice-jam,w+h+l+,6,true,true,injected,2,play|probe.heat|heat|,open-chill-1,18.75,play|probe.water|water|,long-flow-2,2.75,16,walked_into_shield,,,water
stored-night,smoke-screen+sluice-jam,w+h+l+,7,true,false,injected,2,play|probe.heat|heat|,open-chill-1,14.5,play|breach.water|water|,spend-tide-1,4.75,9.75,walked_into_shield,,,water
stored-night,smoke-screen+sluice-jam,w+h+l+,8,true,true,injected,2,play|breach.land|land|,no-green-left-1,23.75,play|breach.water|water|,spend-tide-1,4.75,19,walked_into_shield,,,water
stored-night,smoke-screen+sluice-jam,w+h+l+,9,true,false,injected,2,play|probe.land|land|,trample-green-1,13.75,play|probe.water|water|,long-flow-2,2.75,11,walked_into_shield,,,water
stored-night,smoke-screen+sluice-jam,w+h+l+,10,true,false,injected,2,play|probe.heat|heat|,open-chill-1,13.75,play|probe.water|water|,long-flow-1,4.75,9,walked_into_shield,,,water
stored-night,smoke-screen+sluice-jam,w+h+l+,11,true,false,injected,2,play|probe.heat|heat|,open-chill-1,18.75,play|probe.water|water|,long-flow-1,2.75,16,walked_into_shield,,,water
stored-night,smoke-screen+sluice-jam,w+h+l+,12,true,false,injected,2,play|probe.heat|heat|,open-chill-1,13.75,play|probe.water|water|,long-flow-1,4.75,9,walked_into_shield,,,water
stored-night,smoke-screen+sluice-jam,w+h+l+,13,false,false,injected,2,play|disrupt.heat|heat|,idle-fume-1,11,play|disrupt.land|land|,filth-spread-1,8,3,missed_interrupt,shield,heat,
stored-night,smoke-screen+sluice-jam,w+h+l+,14,true,true,injected,3,play|breach.water|water|,spend-tide-1,12,play|probe.heat|heat|,open-chill-1,-16.25,28.25,walked_into_shield,,,heat
stored-night,smoke-screen+sluice-jam,w+h+l+,15,true,false,injected,2,play|breach.heat|heat|,hundred-smoke-1,23.75,play|breach.water|water|,spend-tide-1,4.75,19,walked_into_shield,,,water
stored-night,smoke-screen+sluice-jam,w+h+l+,16,true,false,injected,2,play|probe.land|land|,trample-green-2,13.75,play|probe.water|water|,long-flow-2,4.75,9,walked_into_shield,,,water
stored-night,smoke-screen+sluice-jam,w+h+l+,17,true,false,injected,2,play|probe.heat|heat|,open-chill-1,13.75,play|probe.water|water|,long-flow-1,2.75,11,walked_into_shield,,,water
stored-night,smoke-screen+sluice-jam,w+h+l+,18,false,true,injected,2,play|breach.heat|heat|,hundred-smoke-1,23.75,play|disrupt.water|water|,foul-current-1,-0.25,24,walked_into_shield,,,water
stored-night,smoke-screen+sluice-jam,w+h+l+,19,true,false,injected,2,play|probe.heat|heat|,open-chill-2,14.5,play|breach.water|water|,spend-tide-1,4.75,9.75,walked_into_shield,,,water
stored-night,smoke-screen+sluice-jam,w+h+l+,20,true,false,injected,2,play|probe.land|land|,trample-green-2,13.75,play|probe.water|water|,long-flow-1,2.75,11,walked_into_shield,,,water
stored-night,smoke-screen+sluice-jam,w+h+l+,21,true,false,injected,2,play|breach.land|land|,no-green-left-1,23.75,play|disrupt.water|water|,sluice-jam-1,-0.25,24,walked_into_shield,,,water
stored-night,smoke-screen+sluice-jam,w+h+l+,22,false,true,injected,2,play|disrupt.land|land|,filth-spread-1,8,play|probe.water|water|,long-flow-1,2.75,5.25,walked_into_shield,,,water
stored-night,smoke-screen+sluice-jam,w+h+l+,23,false,false,injected,2,play|breach.land|land|,no-green-left-1,23.75,play|breach.water|water|,spend-tide-1,4.75,19,walked_into_shield,,,water
stored-night,smoke-screen+sluice-jam,w+h+l+,24,true,false,injected,2,play|breach.heat|heat|,hundred-smoke-1,23.75,play|breach.water|water|,spend-tide-1,4.75,19,walked_into_shield,,,water
stored-night,smoke-screen+sluice-jam,w+h+l+,25,true,false,injected,2,play|breach.land|land|,no-green-left-1,23.75,play|breach.water|water|,spend-tide-1,4.75,19,walked_into_shield,,,water
stored-night,smoke-screen+sluice-jam,w+h+l+,26,true,false,injected,2,play|probe.land|land|,trample-green-2,13.75,play|probe.water|water|,long-flow-2,2.75,11,walked_into_shield,,,water
stored-night,smoke-screen+sluice-jam,w+h+l+,27,true,true,injected,2,play|probe.heat|heat|,open-chill-2,13.75,play|probe.water|water|,long-flow-2,4.75,9,walked_into_shield,,,water
stored-night,smoke-screen+sluice-jam,w+h+l+,28,true,false,injected,2,play|disrupt.heat|heat|,smoke-screen-1,11,play|disrupt.land|land|,filth-spread-1,8,3,missed_interrupt,shield,heat,
stored-night,smoke-screen+sluice-jam,w+h+l+,29,true,true,injected,2,play|probe.land|land|,trample-green-3,13.75,play|probe.water|water|,long-flow-2,2.75,11,walked_into_shield,,,water
stored-night,smoke-screen+sluice-jam,w+h+l+,30,true,false,injected,2,play|breach.land|land|,no-green-left-1,23.75,play|breach.water|water|,spend-tide-1,4.75,19,walked_into_shield,,,water
stored-night,smoke-screen+sluice-jam,w+h+l+,31,true,false,injected,2,play|probe.land|land|,trample-green-1,13.75,play|probe.water|water|,long-flow-2,2.75,11,walked_into_shield,,,water
stored-night,smoke-screen+sluice-jam,w+h+l+,32,true,true,injected,2,play|disrupt.heat|heat|,smoke-screen-1,11,play|probe.water|water|,long-flow-2,2.75,8.25,missed_interrupt,shield,heat,
stored-night,smoke-screen+sluice-jam,w+h+l+,33,false,false,injected,2,play|disrupt.heat|heat|,smoke-screen-1,11,play|disrupt.land|land|,filth-spread-1,8,3,missed_interrupt,shield,heat,
stored-night,smoke-screen+sluice-jam,w+h+l+,34,true,false,injected,2,play|breach.land|land|,no-green-left-1,23.75,play|disrupt.water|water|,foul-current-1,-0.25,24,walked_into_shield,,,water
stored-night,smoke-screen+sluice-jam,w+h+l+,35,false,false,injected,2,play|probe.heat|heat|,open-chill-2,13.75,play|probe.water|water|,long-flow-1,2.75,11,walked_into_shield,,,water
stored-night,smoke-screen+sluice-jam,w+h+l+,36,false,false,injected,2,play|probe.land|land|,trample-green-3,13.75,play|probe.water|water|,long-flow-1,2.75,11,walked_into_shield,,,water
stored-night,smoke-screen+sluice-jam,w+h+l+,37,true,true,injected,2,play|disrupt.heat|heat|,smoke-screen-1,11,play|probe.water|water|,long-flow-2,2.75,8.25,missed_interrupt,shield,heat,
stored-night,smoke-screen+sluice-jam,w+h+l+,38,false,false,injected,3,play|breach.land|land|,no-green-left-1,9.25,play|probe.heat|heat|,open-chill-2,-13,22.25,walked_into_shield,,,heat
stored-night,smoke-screen+sluice-jam,w+h+l+,39,true,false,injected,2,play|breach.land|land|,no-green-left-1,23.75,play|breach.water|water|,spend-tide-1,4.75,19,walked_into_shield,,,water
stored-night,smoke-screen+sluice-jam,w+h+l+,40,true,false,injected,2,play|probe.land|land|,trample-green-1,13.75,play|probe.water|water|,long-flow-2,4.75,9,walked_into_shield,,,water
stored-night,smoke-screen+sluice-jam,w+h+l+,41,true,false,injected,2,play|probe.heat|heat|,open-chill-1,14.5,play|probe.water|water|,long-flow-1,1.5,13,walked_into_shield,,,water
stored-night,smoke-screen+sluice-jam,w+h+l+,42,true,false,injected,3,play|disrupt.land|land|,filth-spread-1,13.25,play|breach.land|land|,no-green-left-1,9.25,4,missed_interrupt,repair,land,
stored-night,smoke-screen+sluice-jam,w+h+l+,43,false,false,injected,2,play|probe.heat|heat|,open-chill-1,13.75,play|probe.water|water|,long-flow-2,2.75,11,walked_into_shield,,,water
stored-night,smoke-screen+sluice-jam,w+h+l+,44,true,false,injected,2,play|breach.heat|heat|,hundred-smoke-1,23.75,play|breach.water|water|,spend-tide-1,4.75,19,walked_into_shield,,,water
stored-night,smoke-screen+sluice-jam,w+h+l+,45,false,false,injected,2,play|probe.land|land|,trample-green-1,13.75,play|probe.water|water|,long-flow-2,2.75,11,walked_into_shield,,,water
stored-night,smoke-screen+sluice-jam,w+h+l+,46,false,false,injected,2,play|probe.land|land|,trample-green-1,13.75,play|probe.water|water|,long-flow-2,2.75,11,walked_into_shield,,,water
stored-night,smoke-screen+sluice-jam,w+h+l+,47,false,false,injected,2,play|disrupt.heat|heat|,idle-fume-1,11,play|probe.water|water|,long-flow-2,4.75,6.25,missed_interrupt,shield,heat,
stored-night,smoke-screen+sluice-jam,w+h+l+,48,true,false,injected,2,play|probe.land|land|,trample-green-2,13.75,play|probe.water|water|,long-flow-1,4.75,9,walked_into_shield,,,water
stored-night,smoke-screen+sluice-jam,w+h+l+,49,true,false,injected,2,play|probe.heat|heat|,open-chill-1,14.5,play|breach.water|water|,spend-tide-1,4.75,9.75,walked_into_shield,,,water
stored-night,smoke-screen+sluice-jam,w+h+l+,50,true,true,injected,2,play|probe.land|land|,trample-green-3,13.75,play|probe.water|water|,long-flow-2,2.75,11,walked_into_shield,,,water
stored-night,smoke-screen+sluice-jam,w+h+l+,51,true,false,injected,2,play|breach.land|land|,no-green-left-1,23.75,play|disrupt.water|water|,sluice-jam-1,-0.25,24,walked_into_shield,,,water
stored-night,smoke-screen+sluice-jam,w+h+l+,52,true,true,injected,2,play|probe.land|land|,trample-green-3,13.75,play|probe.water|water|,long-flow-1,4.75,9,walked_into_shield,,,water
stored-night,smoke-screen+sluice-jam,w+h+l+,53,false,false,injected,2,play|disrupt.heat|heat|,idle-fume-1,11,play|probe.water|water|,long-flow-2,2.75,8.25,missed_interrupt,shield,heat,
stored-night,smoke-screen+sluice-jam,w+h+l+,54,true,false,injected,2,play|probe.heat|heat|,open-chill-1,14.5,play|breach.water|water|,spend-tide-1,4.75,9.75,walked_into_shield,,,water
stored-night,smoke-screen+sluice-jam,w+h+l+,55,true,false,injected,2,play|probe.heat|heat|,open-chill-2,18.75,play|probe.water|water|,long-flow-1,2.75,16,walked_into_shield,,,water
stored-night,smoke-screen+sluice-jam,w+h+l+,56,true,false,injected,2,play|probe.heat|heat|,open-chill-1,18.75,play|probe.water|water|,long-flow-1,2.75,16,walked_into_shield,,,water
stored-night,smoke-screen+sluice-jam,w+h+l+,57,false,false,injected,2,play|probe.heat|heat|,open-chill-2,14.5,play|breach.water|water|,spend-tide-1,4.75,9.75,walked_into_shield,,,water
stored-night,smoke-screen+sluice-jam,w+h+l+,58,false,true,injected,2,play|disrupt.heat|heat|,smoke-screen-1,11,play|disrupt.land|land|,filth-spread-1,8,3,missed_interrupt,shield,heat,
stored-night,smoke-screen+sluice-jam,w+h+l+,59,true,true,injected,2,play|disrupt.heat|heat|,smoke-screen-1,11,play|disrupt.land|land|,filth-spread-1,8,3,missed_interrupt,shield,heat,
stored-night,smoke-screen+sluice-jam,w+h+l+,60,true,true,injected,2,play|probe.heat|heat|,open-chill-1,13.75,play|probe.water|water|,long-flow-1,4.75,9,walked_into_shield,,,water
stored-night,smoke-screen+sluice-jam,w+h+l+,61,true,true,injected,2,play|disrupt.heat|heat|,idle-fume-1,11,play|probe.water|water|,long-flow-1,2.75,8.25,missed_interrupt,shield,heat,
stored-night,smoke-screen+sluice-jam,w+h+l+,62,true,false,injected,2,play|probe.heat|heat|,open-chill-2,18.75,play|probe.water|water|,long-flow-2,2.75,16,walked_into_shield,,,water
stored-night,smoke-screen+sluice-jam,w+h+l+,63,true,false,injected,2,play|disrupt.heat|heat|,idle-fume-1,11,play|probe.water|water|,long-flow-2,2.75,8.25,missed_interrupt,shield,heat,
stored-night,smoke-screen+sluice-jam,w+h+l+,64,true,false,injected,2,play|probe.heat|heat|,open-chill-2,14.5,play|breach.water|water|,spend-tide-1,4.75,9.75,walked_into_shield,,,water
stored-night,smoke-screen+sluice-jam,w+h+l+,65,true,false,injected,2,play|breach.land|land|,no-green-left-1,23.75,play|breach.water|water|,spend-tide-1,4.75,19,walked_into_shield,,,water
stored-night,smoke-screen+sluice-jam,w+h+l+,66,true,false,injected,2,play|disrupt.heat|heat|,idle-fume-1,11,play|disrupt.land|land|,filth-spread-1,8,3,missed_interrupt,shield,heat,
stored-night,smoke-screen+sluice-jam,w+h+l+,67,true,true,injected,2,play|breach.land|land|,no-green-left-1,23.75,play|disrupt.water|water|,foul-current-1,-0.25,24,walked_into_shield,,,water
stored-night,smoke-screen+sluice-jam,w+h+l+,68,true,false,injected,2,play|probe.heat|heat|,open-chill-1,13.75,play|probe.water|water|,long-flow-2,4.75,9,walked_into_shield,,,water
stored-night,smoke-screen+sluice-jam,w+h+l+,69,true,false,injected,3,play|breach.water|water|,spend-tide-1,11.25,play|probe.heat|heat|,open-chill-2,-15,26.25,walked_into_shield,,,heat
stored-night,smoke-screen+sluice-jam,w+h+l+,70,true,false,injected,2,play|probe.heat|heat|,open-chill-2,14.5,play|breach.water|water|,spend-tide-1,4.75,9.75,walked_into_shield,,,water
stored-night,smoke-screen+sluice-jam,w+h+l+,71,true,false,injected,2,play|breach.heat|heat|,hundred-smoke-1,23.75,play|breach.water|water|,spend-tide-1,4.75,19,walked_into_shield,,,water
stored-night,smoke-screen+sluice-jam,w+h+l+,72,true,true,injected,2,play|probe.land|land|,trample-green-2,13.75,play|probe.water|water|,long-flow-2,2.75,11,walked_into_shield,,,water
stored-night,smoke-screen+sluice-jam,w+h+l+,73,true,true,injected,2,play|disrupt.heat|heat|,idle-fume-1,11,play|probe.water|water|,long-flow-2,2.75,8.25,missed_interrupt,shield,heat,
stored-night,smoke-screen+sluice-jam,w+h+l+,74,true,false,injected,2,play|probe.heat|heat|,open-chill-2,13.75,play|probe.water|water|,long-flow-1,2.75,11,walked_into_shield,,,water
stored-night,smoke-screen+sluice-jam,w+h+l+,75,false,false,injected,2,play|probe.heat|heat|,open-chill-1,14.5,play|breach.water|water|,spend-tide-1,4.75,9.75,walked_into_shield,,,water
stored-night,smoke-screen+sluice-jam,w+h+l+,76,false,false,injected,2,play|probe.land|land|,trample-green-1,13.75,play|probe.water|water|,long-flow-2,4.75,9,walked_into_shield,,,water
stored-night,smoke-screen+sluice-jam,w+h+l+,77,false,false,injected,2,play|disrupt.heat|heat|,smoke-screen-1,11,play|disrupt.land|land|,filth-spread-1,8,3,missed_interrupt,shield,heat,
stored-night,smoke-screen+sluice-jam,w+h+l+,78,true,true,injected,2,play|disrupt.heat|heat|,idle-fume-1,11,play|disrupt.land|land|,filth-spread-1,8,3,missed_interrupt,shield,heat,
stored-night,smoke-screen+sluice-jam,w+h+l+,79,true,true,injected,2,play|probe.land|land|,trample-green-2,13.75,play|probe.water|water|,long-flow-2,2.75,11,walked_into_shield,,,water
stored-night,smoke-screen+sluice-jam,w+h+l+,80,false,false,injected,3,play|breach.water|water|,spend-tide-1,12,play|probe.heat|heat|,open-chill-2,-16.25,28.25,walked_into_shield,,,heat
stored-night,smoke-screen+sluice-jam,w+h+l+,81,false,false,injected,2,play|disrupt.heat|heat|,smoke-screen-1,11,play|probe.water|water|,long-flow-1,4.75,6.25,missed_interrupt,shield,heat,
stored-night,smoke-screen+sluice-jam,w+h+l+,82,true,false,injected,2,play|probe.heat|heat|,open-chill-2,14.5,play|breach.water|water|,spend-tide-1,4.75,9.75,walked_into_shield,,,water
stored-night,smoke-screen+sluice-jam,w+h+l+,83,true,false,injected,2,play|probe.land|land|,trample-green-1,13.75,play|probe.water|water|,long-flow-1,2.75,11,walked_into_shield,,,water
stored-night,smoke-screen+sluice-jam,w+h+l+,84,true,false,injected,2,play|breach.heat|heat|,hundred-smoke-1,23.75,play|disrupt.water|water|,foul-current-1,-0.25,24,walked_into_shield,,,water
stored-night,smoke-screen+sluice-jam,w+h+l+,85,true,false,injected,2,play|probe.heat|heat|,open-chill-1,14.5,play|probe.water|water|,long-flow-1,1.5,13,walked_into_shield,,,water
stored-night,smoke-screen+sluice-jam,w+h+l+,86,false,true,injected,2,play|probe.heat|heat|,open-chill-1,13.75,play|probe.water|water|,long-flow-2,2.75,11,walked_into_shield,,,water
stored-night,smoke-screen+sluice-jam,w+h+l+,87,true,true,injected,2,play|probe.land|land|,trample-green-1,13.75,play|probe.water|water|,long-flow-1,2.75,11,walked_into_shield,,,water
stored-night,smoke-screen+sluice-jam,w+h+l+,88,true,false,injected,2,play|probe.land|land|,trample-green-2,13.75,play|probe.water|water|,long-flow-2,4.75,9,walked_into_shield,,,water
stored-night,smoke-screen+sluice-jam,w+h+l+,89,false,false,injected,2,play|disrupt.land|land|,filth-spread-1,8,play|disrupt.water|water|,sluice-jam-1,-1,9,walked_into_shield,,,water
stored-night,smoke-screen+sluice-jam,w+h+l+,90,true,true,injected,2,play|probe.heat|heat|,open-chill-2,18.75,play|disrupt.water|water|,sluice-jam-1,1,17.75,walked_into_shield,,,water
stored-night,smoke-screen+sluice-jam,w+h+l+,91,true,true,injected,2,play|breach.land|land|,no-green-left-1,23.75,play|disrupt.water|water|,foul-current-1,-0.25,24,walked_into_shield,,,water
stored-night,smoke-screen+sluice-jam,w+h+l+,92,false,false,injected,2,play|probe.land|land|,trample-green-1,13.75,play|disrupt.water|water|,sluice-jam-1,1,12.75,walked_into_shield,,,water
stored-night,smoke-screen+sluice-jam,w+h+l+,93,true,false,injected,2,play|probe.heat|heat|,open-chill-1,18.75,play|disrupt.water|water|,sluice-jam-1,1,17.75,walked_into_shield,,,water
stored-night,smoke-screen+sluice-jam,w+h+l+,94,true,true,injected,2,play|disrupt.heat|heat|,smoke-screen-1,11,play|probe.water|water|,long-flow-2,2.75,8.25,missed_interrupt,shield,heat,
stored-night,smoke-screen+sluice-jam,w+h+l+,95,true,true,injected,2,play|probe.heat|heat|,open-chill-2,13.75,play|probe.water|water|,long-flow-1,4.75,9,walked_into_shield,,,water
stored-night,smoke-screen+sluice-jam,w+h+l+,96,true,true,injected,2,play|probe.heat|heat|,open-chill-2,13.75,play|probe.water|water|,long-flow-2,2.75,11,walked_into_shield,,,water
stored-night,smoke-screen+sluice-jam,w+h+l+,97,true,false,injected,2,play|breach.land|land|,no-green-left-1,23.75,play|disrupt.water|water|,sluice-jam-1,-0.25,24,walked_into_shield,,,water
stored-night,smoke-screen+sluice-jam,w+h+l+,98,true,false,injected,2,play|probe.land|land|,trample-green-1,13.75,play|probe.water|water|,long-flow-1,2.75,11,walked_into_shield,,,water
stored-night,smoke-screen+sluice-jam,w+h+l+,99,true,true,injected,2,play|probe.land|land|,trample-green-2,13.75,play|probe.water|water|,long-flow-1,2.75,11,walked_into_shield,,,water
stored-night,smoke-screen+sluice-jam,w+h+l+,100,false,false,injected,2,play|disrupt.land|land|,filth-spread-1,8,play|probe.water|water|,long-flow-1,2.75,5.25,walked_into_shield,,,water
stored-night,smoke-screen+sluice-jam,w-h0l0,1,true,false,injected,2,play|probe.land|land|,trample-green-1,13.75,play|probe.water|water|,long-flow-2,2.75,11,walked_into_shield,,,water
stored-night,smoke-screen+sluice-jam,w-h0l0,2,false,true,injected,2,play|probe.heat|heat|,open-chill-1,13.75,play|probe.water|water|,long-flow-2,2.75,11,walked_into_shield,,,water
stored-night,smoke-screen+sluice-jam,w-h0l0,3,false,false,injected,2,play|probe.heat|heat|,open-chill-2,18.75,play|probe.water|water|,long-flow-1,2.75,16,walked_into_shield,,,water
stored-night,smoke-screen+sluice-jam,w-h0l0,4,true,true,injected,2,play|disrupt.heat|heat|,smoke-screen-1,11,play|disrupt.land|land|,filth-spread-1,8,3,missed_interrupt,shield,heat,
stored-night,smoke-screen+sluice-jam,w-h0l0,5,true,false,injected,2,play|probe.heat|heat|,open-chill-1,14.5,play|disrupt.water|water|,foul-current-1,-0.25,14.75,walked_into_shield,,,water
stored-night,smoke-screen+sluice-jam,w-h0l0,6,true,true,injected,2,play|probe.heat|heat|,open-chill-1,18.75,play|probe.water|water|,long-flow-2,2.75,16,walked_into_shield,,,water
stored-night,smoke-screen+sluice-jam,w-h0l0,7,true,false,injected,2,play|probe.heat|heat|,open-chill-1,14.5,play|breach.water|water|,spend-tide-1,4.75,9.75,walked_into_shield,,,water
stored-night,smoke-screen+sluice-jam,w-h0l0,8,true,true,injected,2,play|breach.land|land|,no-green-left-1,23.75,play|breach.water|water|,spend-tide-1,4.75,19,walked_into_shield,,,water
stored-night,smoke-screen+sluice-jam,w-h0l0,9,true,false,injected,2,play|probe.land|land|,trample-green-1,13.75,play|probe.water|water|,long-flow-2,2.75,11,walked_into_shield,,,water
stored-night,smoke-screen+sluice-jam,w-h0l0,10,false,false,injected,2,play|probe.heat|heat|,open-chill-1,13.75,play|probe.water|water|,long-flow-1,4.75,9,walked_into_shield,,,water
stored-night,smoke-screen+sluice-jam,w-h0l0,11,true,false,injected,2,play|probe.heat|heat|,open-chill-1,18.75,play|probe.water|water|,long-flow-1,2.75,16,walked_into_shield,,,water
stored-night,smoke-screen+sluice-jam,w-h0l0,12,true,false,injected,2,play|probe.heat|heat|,open-chill-1,13.75,play|probe.water|water|,long-flow-1,4.75,9,walked_into_shield,,,water
stored-night,smoke-screen+sluice-jam,w-h0l0,13,false,false,injected,2,play|disrupt.heat|heat|,idle-fume-1,11,play|disrupt.land|land|,filth-spread-1,8,3,missed_interrupt,shield,heat,
stored-night,smoke-screen+sluice-jam,w-h0l0,14,true,true,injected,3,play|breach.water|water|,spend-tide-1,12,play|probe.heat|heat|,open-chill-1,-16.25,28.25,walked_into_shield,,,heat
stored-night,smoke-screen+sluice-jam,w-h0l0,15,true,false,injected,2,play|breach.heat|heat|,hundred-smoke-1,23.75,play|breach.water|water|,spend-tide-1,4.75,19,walked_into_shield,,,water
stored-night,smoke-screen+sluice-jam,w-h0l0,16,false,false,injected,2,play|probe.land|land|,trample-green-2,13.75,play|probe.water|water|,long-flow-2,4.75,9,walked_into_shield,,,water
stored-night,smoke-screen+sluice-jam,w-h0l0,17,true,false,injected,2,play|probe.heat|heat|,open-chill-1,13.75,play|probe.water|water|,long-flow-1,2.75,11,walked_into_shield,,,water
stored-night,smoke-screen+sluice-jam,w-h0l0,18,false,true,injected,2,play|breach.heat|heat|,hundred-smoke-1,23.75,play|disrupt.water|water|,foul-current-1,-0.25,24,walked_into_shield,,,water
stored-night,smoke-screen+sluice-jam,w-h0l0,19,true,false,injected,2,play|probe.heat|heat|,open-chill-2,14.5,play|breach.water|water|,spend-tide-1,4.75,9.75,walked_into_shield,,,water
stored-night,smoke-screen+sluice-jam,w-h0l0,20,true,false,injected,2,play|probe.land|land|,trample-green-2,13.75,play|probe.water|water|,long-flow-1,2.75,11,walked_into_shield,,,water
stored-night,smoke-screen+sluice-jam,w-h0l0,21,true,false,injected,2,play|breach.land|land|,no-green-left-1,23.75,play|disrupt.water|water|,sluice-jam-1,-0.25,24,walked_into_shield,,,water
stored-night,smoke-screen+sluice-jam,w-h0l0,22,false,true,injected,2,play|disrupt.land|land|,filth-spread-1,8,play|probe.water|water|,long-flow-1,2.75,5.25,walked_into_shield,,,water
stored-night,smoke-screen+sluice-jam,w-h0l0,23,false,false,injected,2,play|breach.land|land|,no-green-left-1,23.75,play|breach.water|water|,spend-tide-1,4.75,19,walked_into_shield,,,water
stored-night,smoke-screen+sluice-jam,w-h0l0,24,true,false,injected,2,play|breach.heat|heat|,hundred-smoke-1,23.75,play|breach.water|water|,spend-tide-1,4.75,19,walked_into_shield,,,water
stored-night,smoke-screen+sluice-jam,w-h0l0,25,true,false,injected,2,play|breach.land|land|,no-green-left-1,23.75,play|breach.water|water|,spend-tide-1,4.75,19,walked_into_shield,,,water
stored-night,smoke-screen+sluice-jam,w-h0l0,26,true,false,injected,2,play|probe.land|land|,trample-green-2,13.75,play|probe.water|water|,long-flow-2,2.75,11,walked_into_shield,,,water
stored-night,smoke-screen+sluice-jam,w-h0l0,27,true,true,injected,2,play|probe.heat|heat|,open-chill-2,13.75,play|probe.water|water|,long-flow-2,4.75,9,walked_into_shield,,,water
stored-night,smoke-screen+sluice-jam,w-h0l0,28,true,false,injected,2,play|disrupt.heat|heat|,smoke-screen-1,11,play|disrupt.land|land|,filth-spread-1,8,3,missed_interrupt,shield,heat,
stored-night,smoke-screen+sluice-jam,w-h0l0,29,true,true,injected,2,play|probe.land|land|,trample-green-3,13.75,play|probe.water|water|,long-flow-2,2.75,11,walked_into_shield,,,water
stored-night,smoke-screen+sluice-jam,w-h0l0,30,true,true,injected,2,play|breach.land|land|,no-green-left-1,23.75,play|breach.water|water|,spend-tide-1,4.75,19,walked_into_shield,,,water
stored-night,smoke-screen+sluice-jam,w-h0l0,31,true,false,injected,2,play|probe.land|land|,trample-green-1,13.75,play|probe.water|water|,long-flow-2,2.75,11,walked_into_shield,,,water
stored-night,smoke-screen+sluice-jam,w-h0l0,32,true,true,injected,2,play|disrupt.heat|heat|,smoke-screen-1,11,play|probe.water|water|,long-flow-2,2.75,8.25,missed_interrupt,shield,heat,
stored-night,smoke-screen+sluice-jam,w-h0l0,33,false,false,injected,2,play|disrupt.heat|heat|,smoke-screen-1,11,play|disrupt.land|land|,filth-spread-1,8,3,missed_interrupt,shield,heat,
stored-night,smoke-screen+sluice-jam,w-h0l0,34,true,false,injected,2,play|breach.land|land|,no-green-left-1,23.75,play|disrupt.water|water|,foul-current-1,-0.25,24,walked_into_shield,,,water
stored-night,smoke-screen+sluice-jam,w-h0l0,35,false,false,injected,2,play|probe.heat|heat|,open-chill-2,13.75,play|probe.water|water|,long-flow-1,2.75,11,walked_into_shield,,,water
stored-night,smoke-screen+sluice-jam,w-h0l0,36,false,false,injected,2,play|probe.land|land|,trample-green-3,13.75,play|probe.water|water|,long-flow-1,2.75,11,walked_into_shield,,,water
stored-night,smoke-screen+sluice-jam,w-h0l0,37,true,true,injected,2,play|disrupt.heat|heat|,smoke-screen-1,11,play|probe.water|water|,long-flow-2,2.75,8.25,missed_interrupt,shield,heat,
stored-night,smoke-screen+sluice-jam,w-h0l0,38,false,false,injected,3,play|breach.land|land|,no-green-left-1,9.25,play|probe.heat|heat|,open-chill-2,-13,22.25,walked_into_shield,,,heat
stored-night,smoke-screen+sluice-jam,w-h0l0,39,true,false,injected,2,play|breach.land|land|,no-green-left-1,23.75,play|breach.water|water|,spend-tide-1,4.75,19,walked_into_shield,,,water
stored-night,smoke-screen+sluice-jam,w-h0l0,40,true,false,injected,2,play|probe.land|land|,trample-green-1,13.75,play|probe.water|water|,long-flow-2,4.75,9,walked_into_shield,,,water
stored-night,smoke-screen+sluice-jam,w-h0l0,41,true,false,injected,2,play|probe.heat|heat|,open-chill-1,14.5,play|probe.water|water|,long-flow-1,1.5,13,walked_into_shield,,,water
stored-night,smoke-screen+sluice-jam,w-h0l0,42,true,false,injected,3,play|disrupt.land|land|,filth-spread-1,13.25,play|breach.land|land|,no-green-left-1,9.25,4,missed_interrupt,repair,land,
stored-night,smoke-screen+sluice-jam,w-h0l0,43,false,false,injected,2,play|probe.heat|heat|,open-chill-1,13.75,play|probe.water|water|,long-flow-2,2.75,11,walked_into_shield,,,water
stored-night,smoke-screen+sluice-jam,w-h0l0,44,true,false,injected,2,play|breach.heat|heat|,hundred-smoke-1,23.75,play|breach.water|water|,spend-tide-1,4.75,19,walked_into_shield,,,water
stored-night,smoke-screen+sluice-jam,w-h0l0,45,false,false,injected,2,play|probe.land|land|,trample-green-1,13.75,play|probe.water|water|,long-flow-2,2.75,11,walked_into_shield,,,water
stored-night,smoke-screen+sluice-jam,w-h0l0,46,false,false,injected,2,play|probe.land|land|,trample-green-1,13.75,play|probe.water|water|,long-flow-2,2.75,11,walked_into_shield,,,water
stored-night,smoke-screen+sluice-jam,w-h0l0,47,false,false,injected,2,play|disrupt.heat|heat|,idle-fume-1,11,play|probe.water|water|,long-flow-2,4.75,6.25,missed_interrupt,shield,heat,
stored-night,smoke-screen+sluice-jam,w-h0l0,48,true,false,injected,2,play|probe.land|land|,trample-green-2,13.75,play|probe.water|water|,long-flow-1,4.75,9,walked_into_shield,,,water
stored-night,smoke-screen+sluice-jam,w-h0l0,49,true,false,injected,2,play|probe.heat|heat|,open-chill-1,14.5,play|breach.water|water|,spend-tide-1,4.75,9.75,walked_into_shield,,,water
stored-night,smoke-screen+sluice-jam,w-h0l0,50,true,true,injected,2,play|probe.land|land|,trample-green-3,13.75,play|probe.water|water|,long-flow-2,2.75,11,walked_into_shield,,,water
stored-night,smoke-screen+sluice-jam,w-h0l0,51,true,false,injected,2,play|breach.land|land|,no-green-left-1,23.75,play|disrupt.water|water|,sluice-jam-1,-0.25,24,walked_into_shield,,,water
stored-night,smoke-screen+sluice-jam,w-h0l0,52,false,true,injected,2,play|probe.land|land|,trample-green-3,13.75,play|probe.water|water|,long-flow-1,4.75,9,walked_into_shield,,,water
stored-night,smoke-screen+sluice-jam,w-h0l0,53,false,false,injected,2,play|disrupt.heat|heat|,idle-fume-1,11,play|probe.water|water|,long-flow-2,2.75,8.25,missed_interrupt,shield,heat,
stored-night,smoke-screen+sluice-jam,w-h0l0,54,true,false,injected,2,play|probe.heat|heat|,open-chill-1,14.5,play|breach.water|water|,spend-tide-1,4.75,9.75,walked_into_shield,,,water
stored-night,smoke-screen+sluice-jam,w-h0l0,55,true,false,injected,2,play|probe.heat|heat|,open-chill-2,18.75,play|probe.water|water|,long-flow-1,2.75,16,walked_into_shield,,,water
stored-night,smoke-screen+sluice-jam,w-h0l0,56,true,false,injected,2,play|probe.heat|heat|,open-chill-1,18.75,play|probe.water|water|,long-flow-1,2.75,16,walked_into_shield,,,water
stored-night,smoke-screen+sluice-jam,w-h0l0,57,false,false,injected,2,play|probe.heat|heat|,open-chill-2,14.5,play|breach.water|water|,spend-tide-1,4.75,9.75,walked_into_shield,,,water
stored-night,smoke-screen+sluice-jam,w-h0l0,58,false,true,injected,2,play|disrupt.heat|heat|,smoke-screen-1,11,play|disrupt.land|land|,filth-spread-1,8,3,missed_interrupt,shield,heat,
stored-night,smoke-screen+sluice-jam,w-h0l0,59,true,true,injected,2,play|disrupt.heat|heat|,smoke-screen-1,11,play|disrupt.land|land|,filth-spread-1,8,3,missed_interrupt,shield,heat,
stored-night,smoke-screen+sluice-jam,w-h0l0,60,true,true,injected,2,play|probe.heat|heat|,open-chill-1,13.75,play|probe.water|water|,long-flow-1,4.75,9,walked_into_shield,,,water
stored-night,smoke-screen+sluice-jam,w-h0l0,61,true,true,injected,2,play|disrupt.heat|heat|,idle-fume-1,11,play|probe.water|water|,long-flow-1,2.75,8.25,missed_interrupt,shield,heat,
stored-night,smoke-screen+sluice-jam,w-h0l0,62,true,false,injected,2,play|probe.heat|heat|,open-chill-2,18.75,play|probe.water|water|,long-flow-2,2.75,16,walked_into_shield,,,water
stored-night,smoke-screen+sluice-jam,w-h0l0,63,true,false,injected,2,play|disrupt.heat|heat|,idle-fume-1,11,play|probe.water|water|,long-flow-2,2.75,8.25,missed_interrupt,shield,heat,
stored-night,smoke-screen+sluice-jam,w-h0l0,64,true,false,injected,2,play|probe.heat|heat|,open-chill-2,14.5,play|breach.water|water|,spend-tide-1,4.75,9.75,walked_into_shield,,,water
stored-night,smoke-screen+sluice-jam,w-h0l0,65,true,false,injected,2,play|breach.land|land|,no-green-left-1,23.75,play|breach.water|water|,spend-tide-1,4.75,19,walked_into_shield,,,water
stored-night,smoke-screen+sluice-jam,w-h0l0,66,false,false,injected,2,play|disrupt.heat|heat|,idle-fume-1,11,play|disrupt.land|land|,filth-spread-1,8,3,missed_interrupt,shield,heat,
stored-night,smoke-screen+sluice-jam,w-h0l0,67,true,true,injected,2,play|breach.land|land|,no-green-left-1,23.75,play|disrupt.water|water|,foul-current-1,-0.25,24,walked_into_shield,,,water
stored-night,smoke-screen+sluice-jam,w-h0l0,68,true,false,injected,2,play|probe.heat|heat|,open-chill-1,13.75,play|probe.water|water|,long-flow-2,4.75,9,walked_into_shield,,,water
stored-night,smoke-screen+sluice-jam,w-h0l0,69,true,false,injected,3,play|breach.water|water|,spend-tide-1,11.25,play|probe.heat|heat|,open-chill-2,-15,26.25,walked_into_shield,,,heat
stored-night,smoke-screen+sluice-jam,w-h0l0,70,true,false,injected,2,play|probe.heat|heat|,open-chill-2,14.5,play|breach.water|water|,spend-tide-1,4.75,9.75,walked_into_shield,,,water
stored-night,smoke-screen+sluice-jam,w-h0l0,71,true,false,injected,2,play|breach.heat|heat|,hundred-smoke-1,23.75,play|breach.water|water|,spend-tide-1,4.75,19,walked_into_shield,,,water
stored-night,smoke-screen+sluice-jam,w-h0l0,72,true,true,injected,2,play|probe.land|land|,trample-green-2,13.75,play|probe.water|water|,long-flow-2,2.75,11,walked_into_shield,,,water
stored-night,smoke-screen+sluice-jam,w-h0l0,73,true,true,injected,2,play|disrupt.heat|heat|,idle-fume-1,11,play|probe.water|water|,long-flow-2,2.75,8.25,missed_interrupt,shield,heat,
stored-night,smoke-screen+sluice-jam,w-h0l0,74,true,false,injected,2,play|probe.heat|heat|,open-chill-2,13.75,play|probe.water|water|,long-flow-1,2.75,11,walked_into_shield,,,water
stored-night,smoke-screen+sluice-jam,w-h0l0,75,false,false,injected,2,play|probe.heat|heat|,open-chill-1,14.5,play|breach.water|water|,spend-tide-1,4.75,9.75,walked_into_shield,,,water
stored-night,smoke-screen+sluice-jam,w-h0l0,76,false,false,injected,2,play|probe.land|land|,trample-green-1,13.75,play|probe.water|water|,long-flow-2,4.75,9,walked_into_shield,,,water
stored-night,smoke-screen+sluice-jam,w-h0l0,77,false,false,injected,2,play|disrupt.heat|heat|,smoke-screen-1,11,play|disrupt.land|land|,filth-spread-1,8,3,missed_interrupt,shield,heat,
stored-night,smoke-screen+sluice-jam,w-h0l0,78,true,true,injected,2,play|disrupt.heat|heat|,idle-fume-1,11,play|disrupt.land|land|,filth-spread-1,8,3,missed_interrupt,shield,heat,
stored-night,smoke-screen+sluice-jam,w-h0l0,79,true,true,injected,2,play|probe.land|land|,trample-green-2,13.75,play|probe.water|water|,long-flow-2,2.75,11,walked_into_shield,,,water
stored-night,smoke-screen+sluice-jam,w-h0l0,80,false,false,injected,3,play|breach.water|water|,spend-tide-1,12,play|probe.heat|heat|,open-chill-2,-16.25,28.25,walked_into_shield,,,heat
stored-night,smoke-screen+sluice-jam,w-h0l0,81,false,false,injected,2,play|disrupt.heat|heat|,smoke-screen-1,11,play|probe.water|water|,long-flow-1,4.75,6.25,missed_interrupt,shield,heat,
stored-night,smoke-screen+sluice-jam,w-h0l0,82,true,false,injected,2,play|probe.heat|heat|,open-chill-2,14.5,play|breach.water|water|,spend-tide-1,4.75,9.75,walked_into_shield,,,water
stored-night,smoke-screen+sluice-jam,w-h0l0,83,true,false,injected,2,play|probe.land|land|,trample-green-1,13.75,play|probe.water|water|,long-flow-1,2.75,11,walked_into_shield,,,water
stored-night,smoke-screen+sluice-jam,w-h0l0,84,true,false,injected,2,play|breach.heat|heat|,hundred-smoke-1,23.75,play|disrupt.water|water|,foul-current-1,-0.25,24,walked_into_shield,,,water
stored-night,smoke-screen+sluice-jam,w-h0l0,85,true,false,injected,2,play|probe.heat|heat|,open-chill-1,14.5,play|probe.water|water|,long-flow-1,1.5,13,walked_into_shield,,,water
stored-night,smoke-screen+sluice-jam,w-h0l0,86,false,true,injected,2,play|probe.heat|heat|,open-chill-1,13.75,play|probe.water|water|,long-flow-2,2.75,11,walked_into_shield,,,water
stored-night,smoke-screen+sluice-jam,w-h0l0,87,true,true,injected,2,play|probe.land|land|,trample-green-1,13.75,play|probe.water|water|,long-flow-1,2.75,11,walked_into_shield,,,water
stored-night,smoke-screen+sluice-jam,w-h0l0,88,true,false,injected,2,play|probe.land|land|,trample-green-2,13.75,play|probe.water|water|,long-flow-2,4.75,9,walked_into_shield,,,water
stored-night,smoke-screen+sluice-jam,w-h0l0,89,false,false,injected,2,play|disrupt.land|land|,filth-spread-1,8,play|disrupt.water|water|,sluice-jam-1,-1,9,walked_into_shield,,,water
stored-night,smoke-screen+sluice-jam,w-h0l0,90,true,true,injected,2,play|probe.heat|heat|,open-chill-2,18.75,play|disrupt.water|water|,sluice-jam-1,1,17.75,walked_into_shield,,,water
stored-night,smoke-screen+sluice-jam,w-h0l0,91,true,true,injected,2,play|breach.land|land|,no-green-left-1,23.75,play|disrupt.water|water|,foul-current-1,-0.25,24,walked_into_shield,,,water
stored-night,smoke-screen+sluice-jam,w-h0l0,92,false,false,injected,2,play|probe.land|land|,trample-green-1,13.75,play|disrupt.water|water|,sluice-jam-1,1,12.75,walked_into_shield,,,water
stored-night,smoke-screen+sluice-jam,w-h0l0,93,true,false,injected,2,play|probe.heat|heat|,open-chill-1,18.75,play|disrupt.water|water|,sluice-jam-1,1,17.75,walked_into_shield,,,water
stored-night,smoke-screen+sluice-jam,w-h0l0,94,true,true,injected,2,play|disrupt.heat|heat|,smoke-screen-1,11,play|probe.water|water|,long-flow-2,2.75,8.25,missed_interrupt,shield,heat,
stored-night,smoke-screen+sluice-jam,w-h0l0,95,true,true,injected,2,play|probe.heat|heat|,open-chill-2,13.75,play|probe.water|water|,long-flow-1,4.75,9,walked_into_shield,,,water
stored-night,smoke-screen+sluice-jam,w-h0l0,96,true,true,injected,2,play|probe.heat|heat|,open-chill-2,13.75,play|probe.water|water|,long-flow-2,2.75,11,walked_into_shield,,,water
stored-night,smoke-screen+sluice-jam,w-h0l0,97,true,false,injected,2,play|breach.land|land|,no-green-left-1,23.75,play|disrupt.water|water|,sluice-jam-1,-0.25,24,walked_into_shield,,,water
stored-night,smoke-screen+sluice-jam,w-h0l0,98,true,false,injected,2,play|probe.land|land|,trample-green-1,13.75,play|probe.water|water|,long-flow-1,2.75,11,walked_into_shield,,,water
stored-night,smoke-screen+sluice-jam,w-h0l0,99,true,true,injected,2,play|probe.land|land|,trample-green-2,13.75,play|probe.water|water|,long-flow-1,2.75,11,walked_into_shield,,,water
stored-night,smoke-screen+sluice-jam,w-h0l0,100,false,false,injected,2,play|disrupt.land|land|,filth-spread-1,8,play|probe.water|water|,long-flow-1,2.75,5.25,walked_into_shield,,,water
stored-night,smoke-screen+sluice-jam,w+h0l0,1,true,false,injected,2,play|probe.land|land|,trample-green-1,13.75,play|probe.water|water|,long-flow-2,2.75,11,walked_into_shield,,,water
stored-night,smoke-screen+sluice-jam,w+h0l0,2,false,true,injected,2,play|probe.heat|heat|,open-chill-1,13.75,play|probe.water|water|,long-flow-2,2.75,11,walked_into_shield,,,water
stored-night,smoke-screen+sluice-jam,w+h0l0,3,false,false,injected,2,play|probe.heat|heat|,open-chill-2,18.75,play|probe.water|water|,long-flow-1,2.75,16,walked_into_shield,,,water
stored-night,smoke-screen+sluice-jam,w+h0l0,4,false,true,injected,2,play|disrupt.heat|heat|,smoke-screen-1,11,play|disrupt.land|land|,filth-spread-1,8,3,missed_interrupt,shield,heat,
stored-night,smoke-screen+sluice-jam,w+h0l0,5,true,false,injected,2,play|probe.heat|heat|,open-chill-1,14.5,play|disrupt.water|water|,foul-current-1,-0.25,14.75,walked_into_shield,,,water
stored-night,smoke-screen+sluice-jam,w+h0l0,6,true,true,injected,2,play|probe.heat|heat|,open-chill-1,18.75,play|probe.water|water|,long-flow-2,2.75,16,walked_into_shield,,,water
stored-night,smoke-screen+sluice-jam,w+h0l0,7,true,false,injected,2,play|probe.heat|heat|,open-chill-1,14.5,play|breach.water|water|,spend-tide-1,4.75,9.75,walked_into_shield,,,water
stored-night,smoke-screen+sluice-jam,w+h0l0,8,true,true,injected,2,play|breach.land|land|,no-green-left-1,23.75,play|breach.water|water|,spend-tide-1,4.75,19,walked_into_shield,,,water
stored-night,smoke-screen+sluice-jam,w+h0l0,9,true,false,injected,2,play|probe.land|land|,trample-green-1,13.75,play|probe.water|water|,long-flow-2,2.75,11,walked_into_shield,,,water
stored-night,smoke-screen+sluice-jam,w+h0l0,10,true,false,injected,2,play|probe.heat|heat|,open-chill-1,13.75,play|probe.water|water|,long-flow-1,4.75,9,walked_into_shield,,,water
stored-night,smoke-screen+sluice-jam,w+h0l0,11,true,false,injected,2,play|probe.heat|heat|,open-chill-1,18.75,play|probe.water|water|,long-flow-1,2.75,16,walked_into_shield,,,water
stored-night,smoke-screen+sluice-jam,w+h0l0,12,true,true,injected,2,play|probe.heat|heat|,open-chill-1,13.75,play|probe.water|water|,long-flow-1,4.75,9,walked_into_shield,,,water
stored-night,smoke-screen+sluice-jam,w+h0l0,13,false,false,injected,2,play|disrupt.heat|heat|,idle-fume-1,11,play|disrupt.land|land|,filth-spread-1,8,3,missed_interrupt,shield,heat,
stored-night,smoke-screen+sluice-jam,w+h0l0,14,true,true,injected,3,play|breach.water|water|,spend-tide-1,12,play|probe.heat|heat|,open-chill-1,-16.25,28.25,walked_into_shield,,,heat
stored-night,smoke-screen+sluice-jam,w+h0l0,15,true,false,injected,2,play|breach.heat|heat|,hundred-smoke-1,23.75,play|breach.water|water|,spend-tide-1,4.75,19,walked_into_shield,,,water
stored-night,smoke-screen+sluice-jam,w+h0l0,16,true,false,injected,2,play|probe.land|land|,trample-green-2,13.75,play|probe.water|water|,long-flow-2,4.75,9,walked_into_shield,,,water
stored-night,smoke-screen+sluice-jam,w+h0l0,17,true,false,injected,2,play|probe.heat|heat|,open-chill-1,13.75,play|probe.water|water|,long-flow-1,2.75,11,walked_into_shield,,,water
stored-night,smoke-screen+sluice-jam,w+h0l0,18,false,true,injected,2,play|breach.heat|heat|,hundred-smoke-1,23.75,play|disrupt.water|water|,foul-current-1,-0.25,24,walked_into_shield,,,water
stored-night,smoke-screen+sluice-jam,w+h0l0,19,true,false,injected,2,play|probe.heat|heat|,open-chill-2,14.5,play|breach.water|water|,spend-tide-1,4.75,9.75,walked_into_shield,,,water
stored-night,smoke-screen+sluice-jam,w+h0l0,20,true,false,injected,2,play|probe.land|land|,trample-green-2,13.75,play|probe.water|water|,long-flow-1,2.75,11,walked_into_shield,,,water
stored-night,smoke-screen+sluice-jam,w+h0l0,21,true,false,injected,2,play|breach.land|land|,no-green-left-1,23.75,play|disrupt.water|water|,sluice-jam-1,-0.25,24,walked_into_shield,,,water
stored-night,smoke-screen+sluice-jam,w+h0l0,22,false,true,injected,2,play|disrupt.land|land|,filth-spread-1,8,play|probe.water|water|,long-flow-1,2.75,5.25,walked_into_shield,,,water
stored-night,smoke-screen+sluice-jam,w+h0l0,23,false,false,injected,2,play|breach.land|land|,no-green-left-1,23.75,play|breach.water|water|,spend-tide-1,4.75,19,walked_into_shield,,,water
stored-night,smoke-screen+sluice-jam,w+h0l0,24,true,false,injected,2,play|breach.heat|heat|,hundred-smoke-1,23.75,play|breach.water|water|,spend-tide-1,4.75,19,walked_into_shield,,,water
stored-night,smoke-screen+sluice-jam,w+h0l0,25,true,false,injected,2,play|breach.land|land|,no-green-left-1,23.75,play|breach.water|water|,spend-tide-1,4.75,19,walked_into_shield,,,water
stored-night,smoke-screen+sluice-jam,w+h0l0,26,true,false,injected,2,play|probe.land|land|,trample-green-2,13.75,play|probe.water|water|,long-flow-2,2.75,11,walked_into_shield,,,water
stored-night,smoke-screen+sluice-jam,w+h0l0,27,true,true,injected,2,play|probe.heat|heat|,open-chill-2,13.75,play|probe.water|water|,long-flow-2,4.75,9,walked_into_shield,,,water
stored-night,smoke-screen+sluice-jam,w+h0l0,28,true,false,injected,2,play|disrupt.heat|heat|,smoke-screen-1,11,play|disrupt.land|land|,filth-spread-1,8,3,missed_interrupt,shield,heat,
stored-night,smoke-screen+sluice-jam,w+h0l0,29,true,true,injected,2,play|probe.land|land|,trample-green-3,13.75,play|probe.water|water|,long-flow-2,2.75,11,walked_into_shield,,,water
stored-night,smoke-screen+sluice-jam,w+h0l0,30,true,false,injected,2,play|breach.land|land|,no-green-left-1,23.75,play|breach.water|water|,spend-tide-1,4.75,19,walked_into_shield,,,water
stored-night,smoke-screen+sluice-jam,w+h0l0,31,true,false,injected,2,play|probe.land|land|,trample-green-1,13.75,play|probe.water|water|,long-flow-2,2.75,11,walked_into_shield,,,water
stored-night,smoke-screen+sluice-jam,w+h0l0,32,true,true,injected,2,play|disrupt.heat|heat|,smoke-screen-1,11,play|probe.water|water|,long-flow-2,2.75,8.25,missed_interrupt,shield,heat,
stored-night,smoke-screen+sluice-jam,w+h0l0,33,false,false,injected,2,play|disrupt.heat|heat|,smoke-screen-1,11,play|disrupt.land|land|,filth-spread-1,8,3,missed_interrupt,shield,heat,
stored-night,smoke-screen+sluice-jam,w+h0l0,34,true,false,injected,2,play|breach.land|land|,no-green-left-1,23.75,play|disrupt.water|water|,foul-current-1,-0.25,24,walked_into_shield,,,water
stored-night,smoke-screen+sluice-jam,w+h0l0,35,false,false,injected,2,play|probe.heat|heat|,open-chill-2,13.75,play|probe.water|water|,long-flow-1,2.75,11,walked_into_shield,,,water
stored-night,smoke-screen+sluice-jam,w+h0l0,36,false,false,injected,2,play|probe.land|land|,trample-green-3,13.75,play|probe.water|water|,long-flow-1,2.75,11,walked_into_shield,,,water
stored-night,smoke-screen+sluice-jam,w+h0l0,37,true,true,injected,2,play|disrupt.heat|heat|,smoke-screen-1,11,play|probe.water|water|,long-flow-2,2.75,8.25,missed_interrupt,shield,heat,
stored-night,smoke-screen+sluice-jam,w+h0l0,38,false,false,injected,3,play|breach.land|land|,no-green-left-1,9.25,play|probe.heat|heat|,open-chill-2,-13,22.25,walked_into_shield,,,heat
stored-night,smoke-screen+sluice-jam,w+h0l0,39,true,false,injected,2,play|breach.land|land|,no-green-left-1,23.75,play|breach.water|water|,spend-tide-1,4.75,19,walked_into_shield,,,water
stored-night,smoke-screen+sluice-jam,w+h0l0,40,true,false,injected,2,play|probe.land|land|,trample-green-1,13.75,play|probe.water|water|,long-flow-2,4.75,9,walked_into_shield,,,water
stored-night,smoke-screen+sluice-jam,w+h0l0,41,true,false,injected,2,play|probe.heat|heat|,open-chill-1,14.5,play|probe.water|water|,long-flow-1,1.5,13,walked_into_shield,,,water
stored-night,smoke-screen+sluice-jam,w+h0l0,42,true,false,injected,3,play|disrupt.land|land|,filth-spread-1,13.25,play|breach.land|land|,no-green-left-1,9.25,4,missed_interrupt,repair,land,
stored-night,smoke-screen+sluice-jam,w+h0l0,43,false,false,injected,2,play|probe.heat|heat|,open-chill-1,13.75,play|probe.water|water|,long-flow-2,2.75,11,walked_into_shield,,,water
stored-night,smoke-screen+sluice-jam,w+h0l0,44,true,false,injected,2,play|breach.heat|heat|,hundred-smoke-1,23.75,play|breach.water|water|,spend-tide-1,4.75,19,walked_into_shield,,,water
stored-night,smoke-screen+sluice-jam,w+h0l0,45,false,false,injected,2,play|probe.land|land|,trample-green-1,13.75,play|probe.water|water|,long-flow-2,2.75,11,walked_into_shield,,,water
stored-night,smoke-screen+sluice-jam,w+h0l0,46,false,false,injected,2,play|probe.land|land|,trample-green-1,13.75,play|probe.water|water|,long-flow-2,2.75,11,walked_into_shield,,,water
stored-night,smoke-screen+sluice-jam,w+h0l0,47,false,false,injected,2,play|disrupt.heat|heat|,idle-fume-1,11,play|probe.water|water|,long-flow-2,4.75,6.25,missed_interrupt,shield,heat,
stored-night,smoke-screen+sluice-jam,w+h0l0,48,true,false,injected,2,play|probe.land|land|,trample-green-2,13.75,play|probe.water|water|,long-flow-1,4.75,9,walked_into_shield,,,water
stored-night,smoke-screen+sluice-jam,w+h0l0,49,true,false,injected,2,play|probe.heat|heat|,open-chill-1,14.5,play|breach.water|water|,spend-tide-1,4.75,9.75,walked_into_shield,,,water
stored-night,smoke-screen+sluice-jam,w+h0l0,50,true,true,injected,2,play|probe.land|land|,trample-green-3,13.75,play|probe.water|water|,long-flow-2,2.75,11,walked_into_shield,,,water
stored-night,smoke-screen+sluice-jam,w+h0l0,51,true,false,injected,2,play|breach.land|land|,no-green-left-1,23.75,play|disrupt.water|water|,sluice-jam-1,-0.25,24,walked_into_shield,,,water
stored-night,smoke-screen+sluice-jam,w+h0l0,52,true,true,injected,2,play|probe.land|land|,trample-green-3,13.75,play|probe.water|water|,long-flow-1,4.75,9,walked_into_shield,,,water
stored-night,smoke-screen+sluice-jam,w+h0l0,53,false,false,injected,2,play|disrupt.heat|heat|,idle-fume-1,11,play|probe.water|water|,long-flow-2,2.75,8.25,missed_interrupt,shield,heat,
stored-night,smoke-screen+sluice-jam,w+h0l0,54,true,false,injected,2,play|probe.heat|heat|,open-chill-1,14.5,play|breach.water|water|,spend-tide-1,4.75,9.75,walked_into_shield,,,water
stored-night,smoke-screen+sluice-jam,w+h0l0,55,true,false,injected,2,play|probe.heat|heat|,open-chill-2,18.75,play|probe.water|water|,long-flow-1,2.75,16,walked_into_shield,,,water
stored-night,smoke-screen+sluice-jam,w+h0l0,56,true,false,injected,2,play|probe.heat|heat|,open-chill-1,18.75,play|probe.water|water|,long-flow-1,2.75,16,walked_into_shield,,,water
stored-night,smoke-screen+sluice-jam,w+h0l0,57,false,false,injected,2,play|probe.heat|heat|,open-chill-2,14.5,play|breach.water|water|,spend-tide-1,4.75,9.75,walked_into_shield,,,water
stored-night,smoke-screen+sluice-jam,w+h0l0,58,false,true,injected,2,play|disrupt.heat|heat|,smoke-screen-1,11,play|disrupt.land|land|,filth-spread-1,8,3,missed_interrupt,shield,heat,
stored-night,smoke-screen+sluice-jam,w+h0l0,59,true,true,injected,2,play|disrupt.heat|heat|,smoke-screen-1,11,play|disrupt.land|land|,filth-spread-1,8,3,missed_interrupt,shield,heat,
stored-night,smoke-screen+sluice-jam,w+h0l0,60,true,true,injected,2,play|probe.heat|heat|,open-chill-1,13.75,play|probe.water|water|,long-flow-1,4.75,9,walked_into_shield,,,water
stored-night,smoke-screen+sluice-jam,w+h0l0,61,true,true,injected,2,play|disrupt.heat|heat|,idle-fume-1,11,play|probe.water|water|,long-flow-1,2.75,8.25,missed_interrupt,shield,heat,
stored-night,smoke-screen+sluice-jam,w+h0l0,62,true,false,injected,2,play|probe.heat|heat|,open-chill-2,18.75,play|probe.water|water|,long-flow-2,2.75,16,walked_into_shield,,,water
stored-night,smoke-screen+sluice-jam,w+h0l0,63,true,false,injected,2,play|disrupt.heat|heat|,idle-fume-1,11,play|probe.water|water|,long-flow-2,2.75,8.25,missed_interrupt,shield,heat,
stored-night,smoke-screen+sluice-jam,w+h0l0,64,true,false,injected,2,play|probe.heat|heat|,open-chill-2,14.5,play|breach.water|water|,spend-tide-1,4.75,9.75,walked_into_shield,,,water
stored-night,smoke-screen+sluice-jam,w+h0l0,65,true,false,injected,2,play|breach.land|land|,no-green-left-1,23.75,play|breach.water|water|,spend-tide-1,4.75,19,walked_into_shield,,,water
stored-night,smoke-screen+sluice-jam,w+h0l0,66,true,false,injected,2,play|disrupt.heat|heat|,idle-fume-1,11,play|disrupt.land|land|,filth-spread-1,8,3,missed_interrupt,shield,heat,
stored-night,smoke-screen+sluice-jam,w+h0l0,67,true,true,injected,2,play|breach.land|land|,no-green-left-1,23.75,play|disrupt.water|water|,foul-current-1,-0.25,24,walked_into_shield,,,water
stored-night,smoke-screen+sluice-jam,w+h0l0,68,true,false,injected,2,play|probe.heat|heat|,open-chill-1,13.75,play|probe.water|water|,long-flow-2,4.75,9,walked_into_shield,,,water
stored-night,smoke-screen+sluice-jam,w+h0l0,69,true,false,injected,3,play|breach.water|water|,spend-tide-1,11.25,play|probe.heat|heat|,open-chill-2,-15,26.25,walked_into_shield,,,heat
stored-night,smoke-screen+sluice-jam,w+h0l0,70,true,false,injected,2,play|probe.heat|heat|,open-chill-2,14.5,play|breach.water|water|,spend-tide-1,4.75,9.75,walked_into_shield,,,water
stored-night,smoke-screen+sluice-jam,w+h0l0,71,true,false,injected,2,play|breach.heat|heat|,hundred-smoke-1,23.75,play|breach.water|water|,spend-tide-1,4.75,19,walked_into_shield,,,water
stored-night,smoke-screen+sluice-jam,w+h0l0,72,true,true,injected,2,play|probe.land|land|,trample-green-2,13.75,play|probe.water|water|,long-flow-2,2.75,11,walked_into_shield,,,water
stored-night,smoke-screen+sluice-jam,w+h0l0,73,true,true,injected,2,play|disrupt.heat|heat|,idle-fume-1,11,play|probe.water|water|,long-flow-2,2.75,8.25,missed_interrupt,shield,heat,
stored-night,smoke-screen+sluice-jam,w+h0l0,74,true,false,injected,2,play|probe.heat|heat|,open-chill-2,13.75,play|probe.water|water|,long-flow-1,2.75,11,walked_into_shield,,,water
stored-night,smoke-screen+sluice-jam,w+h0l0,75,false,false,injected,2,play|probe.heat|heat|,open-chill-1,14.5,play|breach.water|water|,spend-tide-1,4.75,9.75,walked_into_shield,,,water
stored-night,smoke-screen+sluice-jam,w+h0l0,76,false,false,injected,2,play|probe.land|land|,trample-green-1,13.75,play|probe.water|water|,long-flow-2,4.75,9,walked_into_shield,,,water
stored-night,smoke-screen+sluice-jam,w+h0l0,77,false,false,injected,2,play|disrupt.heat|heat|,smoke-screen-1,11,play|disrupt.land|land|,filth-spread-1,8,3,missed_interrupt,shield,heat,
stored-night,smoke-screen+sluice-jam,w+h0l0,78,true,true,injected,2,play|disrupt.heat|heat|,idle-fume-1,11,play|disrupt.land|land|,filth-spread-1,8,3,missed_interrupt,shield,heat,
stored-night,smoke-screen+sluice-jam,w+h0l0,79,true,true,injected,2,play|probe.land|land|,trample-green-2,13.75,play|probe.water|water|,long-flow-2,2.75,11,walked_into_shield,,,water
stored-night,smoke-screen+sluice-jam,w+h0l0,80,false,false,injected,3,play|breach.water|water|,spend-tide-1,12,play|probe.heat|heat|,open-chill-2,-16.25,28.25,walked_into_shield,,,heat
stored-night,smoke-screen+sluice-jam,w+h0l0,81,false,false,injected,2,play|disrupt.heat|heat|,smoke-screen-1,11,play|probe.water|water|,long-flow-1,4.75,6.25,missed_interrupt,shield,heat,
stored-night,smoke-screen+sluice-jam,w+h0l0,82,true,false,injected,2,play|probe.heat|heat|,open-chill-2,14.5,play|breach.water|water|,spend-tide-1,4.75,9.75,walked_into_shield,,,water
stored-night,smoke-screen+sluice-jam,w+h0l0,83,true,false,injected,2,play|probe.land|land|,trample-green-1,13.75,play|probe.water|water|,long-flow-1,2.75,11,walked_into_shield,,,water
stored-night,smoke-screen+sluice-jam,w+h0l0,84,true,false,injected,2,play|breach.heat|heat|,hundred-smoke-1,23.75,play|disrupt.water|water|,foul-current-1,-0.25,24,walked_into_shield,,,water
stored-night,smoke-screen+sluice-jam,w+h0l0,85,true,false,injected,2,play|probe.heat|heat|,open-chill-1,14.5,play|probe.water|water|,long-flow-1,1.5,13,walked_into_shield,,,water
stored-night,smoke-screen+sluice-jam,w+h0l0,86,false,true,injected,2,play|probe.heat|heat|,open-chill-1,13.75,play|probe.water|water|,long-flow-2,2.75,11,walked_into_shield,,,water
stored-night,smoke-screen+sluice-jam,w+h0l0,87,true,true,injected,2,play|probe.land|land|,trample-green-1,13.75,play|probe.water|water|,long-flow-1,2.75,11,walked_into_shield,,,water
stored-night,smoke-screen+sluice-jam,w+h0l0,88,true,false,injected,2,play|probe.land|land|,trample-green-2,13.75,play|probe.water|water|,long-flow-2,4.75,9,walked_into_shield,,,water
stored-night,smoke-screen+sluice-jam,w+h0l0,89,false,false,injected,2,play|disrupt.land|land|,filth-spread-1,8,play|disrupt.water|water|,sluice-jam-1,-1,9,walked_into_shield,,,water
stored-night,smoke-screen+sluice-jam,w+h0l0,90,true,true,injected,2,play|probe.heat|heat|,open-chill-2,18.75,play|disrupt.water|water|,sluice-jam-1,1,17.75,walked_into_shield,,,water
stored-night,smoke-screen+sluice-jam,w+h0l0,91,true,true,injected,2,play|breach.land|land|,no-green-left-1,23.75,play|disrupt.water|water|,foul-current-1,-0.25,24,walked_into_shield,,,water
stored-night,smoke-screen+sluice-jam,w+h0l0,92,false,false,injected,2,play|probe.land|land|,trample-green-1,13.75,play|disrupt.water|water|,sluice-jam-1,1,12.75,walked_into_shield,,,water
stored-night,smoke-screen+sluice-jam,w+h0l0,93,true,false,injected,2,play|probe.heat|heat|,open-chill-1,18.75,play|disrupt.water|water|,sluice-jam-1,1,17.75,walked_into_shield,,,water
stored-night,smoke-screen+sluice-jam,w+h0l0,94,true,true,injected,2,play|disrupt.heat|heat|,smoke-screen-1,11,play|probe.water|water|,long-flow-2,2.75,8.25,missed_interrupt,shield,heat,
stored-night,smoke-screen+sluice-jam,w+h0l0,95,true,true,injected,2,play|probe.heat|heat|,open-chill-2,13.75,play|probe.water|water|,long-flow-1,4.75,9,walked_into_shield,,,water
stored-night,smoke-screen+sluice-jam,w+h0l0,96,true,true,injected,2,play|probe.heat|heat|,open-chill-2,13.75,play|probe.water|water|,long-flow-2,2.75,11,walked_into_shield,,,water
stored-night,smoke-screen+sluice-jam,w+h0l0,97,true,false,injected,2,play|breach.land|land|,no-green-left-1,23.75,play|disrupt.water|water|,sluice-jam-1,-0.25,24,walked_into_shield,,,water
stored-night,smoke-screen+sluice-jam,w+h0l0,98,true,false,injected,2,play|probe.land|land|,trample-green-1,13.75,play|probe.water|water|,long-flow-1,2.75,11,walked_into_shield,,,water
stored-night,smoke-screen+sluice-jam,w+h0l0,99,true,true,injected,2,play|probe.land|land|,trample-green-2,13.75,play|probe.water|water|,long-flow-1,2.75,11,walked_into_shield,,,water
stored-night,smoke-screen+sluice-jam,w+h0l0,100,false,false,injected,2,play|disrupt.land|land|,filth-spread-1,8,play|probe.water|water|,long-flow-1,2.75,5.25,walked_into_shield,,,water
stored-night,smoke-screen+sluice-jam,w0h-l0,1,true,false,injected,2,play|probe.land|land|,trample-green-1,13.75,play|probe.water|water|,long-flow-2,2.75,11,walked_into_shield,,,water
stored-night,smoke-screen+sluice-jam,w0h-l0,2,false,true,injected,2,play|probe.heat|heat|,open-chill-1,13.75,play|probe.water|water|,long-flow-2,2.75,11,walked_into_shield,,,water
stored-night,smoke-screen+sluice-jam,w0h-l0,3,false,false,injected,2,play|probe.heat|heat|,open-chill-2,17.75,play|probe.water|water|,long-flow-1,2.75,15,walked_into_shield,,,water
stored-night,smoke-screen+sluice-jam,w0h-l0,4,true,true,injected,2,play|disrupt.heat|heat|,smoke-screen-1,11,play|disrupt.land|land|,filth-spread-1,8,3,missed_interrupt,shield,heat,
stored-night,smoke-screen+sluice-jam,w0h-l0,5,true,false,injected,2,play|probe.heat|heat|,open-chill-1,14.5,play|disrupt.water|water|,foul-current-1,-0.25,14.75,walked_into_shield,,,water
stored-night,smoke-screen+sluice-jam,w0h-l0,6,true,true,injected,2,play|probe.heat|heat|,open-chill-1,17.75,play|probe.water|water|,long-flow-2,2.75,15,walked_into_shield,,,water
stored-night,smoke-screen+sluice-jam,w0h-l0,7,true,false,injected,2,play|probe.heat|heat|,open-chill-1,14.5,play|breach.water|water|,spend-tide-1,4.75,9.75,walked_into_shield,,,water
stored-night,smoke-screen+sluice-jam,w0h-l0,8,true,true,injected,2,play|breach.land|land|,no-green-left-1,23.75,play|breach.water|water|,spend-tide-1,4.75,19,walked_into_shield,,,water
stored-night,smoke-screen+sluice-jam,w0h-l0,9,true,false,injected,2,play|probe.land|land|,trample-green-1,13.75,play|probe.water|water|,long-flow-2,2.75,11,walked_into_shield,,,water
stored-night,smoke-screen+sluice-jam,w0h-l0,10,true,false,injected,2,play|probe.heat|heat|,open-chill-1,13.75,play|probe.water|water|,long-flow-1,4.75,9,walked_into_shield,,,water
stored-night,smoke-screen+sluice-jam,w0h-l0,11,true,false,injected,2,play|probe.heat|heat|,open-chill-1,17.75,play|probe.water|water|,long-flow-1,2.75,15,walked_into_shield,,,water
stored-night,smoke-screen+sluice-jam,w0h-l0,12,true,false,injected,2,play|probe.heat|heat|,open-chill-1,13.75,play|probe.water|water|,long-flow-1,4.75,9,walked_into_shield,,,water
stored-night,smoke-screen+sluice-jam,w0h-l0,13,false,false,injected,2,play|disrupt.heat|heat|,idle-fume-1,11,play|disrupt.land|land|,filth-spread-1,8,3,missed_interrupt,shield,heat,
stored-night,smoke-screen+sluice-jam,w0h-l0,14,true,true,injected,3,play|breach.water|water|,spend-tide-1,12,play|probe.heat|heat|,open-chill-1,-16.25,28.25,walked_into_shield,,,heat
stored-night,smoke-screen+sluice-jam,w0h-l0,15,true,false,injected,2,play|breach.heat|heat|,hundred-smoke-1,23.75,play|breach.water|water|,spend-tide-1,4.75,19,walked_into_shield,,,water
stored-night,smoke-screen+sluice-jam,w0h-l0,16,false,false,injected,2,play|probe.land|land|,trample-green-2,13.75,play|probe.water|water|,long-flow-2,4.75,9,walked_into_shield,,,water
stored-night,smoke-screen+sluice-jam,w0h-l0,17,true,false,injected,2,play|probe.heat|heat|,open-chill-1,13.75,play|probe.water|water|,long-flow-1,2.75,11,walked_into_shield,,,water
stored-night,smoke-screen+sluice-jam,w0h-l0,18,false,true,injected,2,play|breach.heat|heat|,hundred-smoke-1,23.75,play|disrupt.water|water|,foul-current-1,-0.25,24,walked_into_shield,,,water
stored-night,smoke-screen+sluice-jam,w0h-l0,19,true,false,injected,2,play|probe.heat|heat|,open-chill-2,14.5,play|breach.water|water|,spend-tide-1,4.75,9.75,walked_into_shield,,,water
stored-night,smoke-screen+sluice-jam,w0h-l0,20,true,false,injected,2,play|probe.land|land|,trample-green-2,13.75,play|probe.water|water|,long-flow-1,2.75,11,walked_into_shield,,,water
stored-night,smoke-screen+sluice-jam,w0h-l0,21,true,false,injected,2,play|breach.land|land|,no-green-left-1,23.75,play|disrupt.water|water|,sluice-jam-1,-0.25,24,walked_into_shield,,,water
stored-night,smoke-screen+sluice-jam,w0h-l0,22,false,true,injected,2,play|disrupt.land|land|,filth-spread-1,8,play|probe.water|water|,long-flow-1,2.75,5.25,walked_into_shield,,,water
stored-night,smoke-screen+sluice-jam,w0h-l0,23,false,false,injected,2,play|breach.land|land|,no-green-left-1,23.75,play|breach.water|water|,spend-tide-1,4.75,19,walked_into_shield,,,water
stored-night,smoke-screen+sluice-jam,w0h-l0,24,true,false,injected,2,play|breach.heat|heat|,hundred-smoke-1,23.75,play|breach.water|water|,spend-tide-1,4.75,19,walked_into_shield,,,water
stored-night,smoke-screen+sluice-jam,w0h-l0,25,true,false,injected,2,play|breach.land|land|,no-green-left-1,23.75,play|breach.water|water|,spend-tide-1,4.75,19,walked_into_shield,,,water
stored-night,smoke-screen+sluice-jam,w0h-l0,26,true,false,injected,2,play|probe.land|land|,trample-green-2,13.75,play|probe.water|water|,long-flow-2,2.75,11,walked_into_shield,,,water
stored-night,smoke-screen+sluice-jam,w0h-l0,27,true,true,injected,2,play|probe.heat|heat|,open-chill-2,13.75,play|probe.water|water|,long-flow-2,4.75,9,walked_into_shield,,,water
stored-night,smoke-screen+sluice-jam,w0h-l0,28,true,false,injected,2,play|disrupt.heat|heat|,smoke-screen-1,11,play|disrupt.land|land|,filth-spread-1,8,3,missed_interrupt,shield,heat,
stored-night,smoke-screen+sluice-jam,w0h-l0,29,true,true,injected,2,play|probe.land|land|,trample-green-3,13.75,play|probe.water|water|,long-flow-2,2.75,11,walked_into_shield,,,water
stored-night,smoke-screen+sluice-jam,w0h-l0,30,true,false,injected,2,play|breach.land|land|,no-green-left-1,23.75,play|breach.water|water|,spend-tide-1,4.75,19,walked_into_shield,,,water
stored-night,smoke-screen+sluice-jam,w0h-l0,31,true,false,injected,2,play|probe.land|land|,trample-green-1,13.75,play|probe.water|water|,long-flow-2,2.75,11,walked_into_shield,,,water
stored-night,smoke-screen+sluice-jam,w0h-l0,32,true,true,injected,2,play|disrupt.heat|heat|,smoke-screen-1,11,play|probe.water|water|,long-flow-2,2.75,8.25,missed_interrupt,shield,heat,
stored-night,smoke-screen+sluice-jam,w0h-l0,33,false,false,injected,2,play|disrupt.heat|heat|,smoke-screen-1,11,play|disrupt.land|land|,filth-spread-1,8,3,missed_interrupt,shield,heat,
stored-night,smoke-screen+sluice-jam,w0h-l0,34,true,false,injected,2,play|breach.land|land|,no-green-left-1,23.75,play|disrupt.water|water|,foul-current-1,-0.25,24,walked_into_shield,,,water
stored-night,smoke-screen+sluice-jam,w0h-l0,35,false,false,injected,2,play|probe.heat|heat|,open-chill-2,13.75,play|probe.water|water|,long-flow-1,2.75,11,walked_into_shield,,,water
stored-night,smoke-screen+sluice-jam,w0h-l0,36,false,false,injected,2,play|probe.land|land|,trample-green-3,13.75,play|probe.water|water|,long-flow-1,2.75,11,walked_into_shield,,,water
stored-night,smoke-screen+sluice-jam,w0h-l0,37,true,true,injected,2,play|disrupt.heat|heat|,smoke-screen-1,11,play|probe.water|water|,long-flow-2,2.75,8.25,missed_interrupt,shield,heat,
stored-night,smoke-screen+sluice-jam,w0h-l0,38,false,false,injected,3,play|breach.land|land|,no-green-left-1,9.25,play|probe.heat|heat|,open-chill-2,-13,22.25,walked_into_shield,,,heat
stored-night,smoke-screen+sluice-jam,w0h-l0,39,true,false,injected,2,play|breach.land|land|,no-green-left-1,23.75,play|breach.water|water|,spend-tide-1,4.75,19,walked_into_shield,,,water
stored-night,smoke-screen+sluice-jam,w0h-l0,40,true,false,injected,2,play|probe.land|land|,trample-green-1,13.75,play|probe.water|water|,long-flow-2,4.75,9,walked_into_shield,,,water
stored-night,smoke-screen+sluice-jam,w0h-l0,41,true,false,injected,2,play|probe.heat|heat|,open-chill-1,14.5,play|probe.water|water|,long-flow-1,1.5,13,walked_into_shield,,,water
stored-night,smoke-screen+sluice-jam,w0h-l0,42,true,false,injected,3,play|disrupt.land|land|,filth-spread-1,13.25,play|breach.land|land|,no-green-left-1,9.25,4,missed_interrupt,repair,land,
stored-night,smoke-screen+sluice-jam,w0h-l0,43,false,false,injected,2,play|probe.heat|heat|,open-chill-1,13.75,play|probe.water|water|,long-flow-2,2.75,11,walked_into_shield,,,water
stored-night,smoke-screen+sluice-jam,w0h-l0,44,true,false,injected,2,play|breach.heat|heat|,hundred-smoke-1,23.75,play|breach.water|water|,spend-tide-1,4.75,19,walked_into_shield,,,water
stored-night,smoke-screen+sluice-jam,w0h-l0,45,false,false,injected,2,play|probe.land|land|,trample-green-1,13.75,play|probe.water|water|,long-flow-2,2.75,11,walked_into_shield,,,water
stored-night,smoke-screen+sluice-jam,w0h-l0,46,false,false,injected,2,play|probe.land|land|,trample-green-1,13.75,play|probe.water|water|,long-flow-2,2.75,11,walked_into_shield,,,water
stored-night,smoke-screen+sluice-jam,w0h-l0,47,false,false,injected,2,play|disrupt.heat|heat|,idle-fume-1,11,play|probe.water|water|,long-flow-2,4.75,6.25,missed_interrupt,shield,heat,
stored-night,smoke-screen+sluice-jam,w0h-l0,48,true,false,injected,2,play|probe.land|land|,trample-green-2,13.75,play|probe.water|water|,long-flow-1,4.75,9,walked_into_shield,,,water
stored-night,smoke-screen+sluice-jam,w0h-l0,49,true,false,injected,2,play|probe.heat|heat|,open-chill-1,14.5,play|breach.water|water|,spend-tide-1,4.75,9.75,walked_into_shield,,,water
stored-night,smoke-screen+sluice-jam,w0h-l0,50,true,true,injected,2,play|probe.land|land|,trample-green-3,13.75,play|probe.water|water|,long-flow-2,2.75,11,walked_into_shield,,,water
stored-night,smoke-screen+sluice-jam,w0h-l0,51,true,false,injected,2,play|breach.land|land|,no-green-left-1,23.75,play|disrupt.water|water|,sluice-jam-1,-0.25,24,walked_into_shield,,,water
stored-night,smoke-screen+sluice-jam,w0h-l0,52,false,true,injected,2,play|probe.land|land|,trample-green-3,13.75,play|probe.water|water|,long-flow-1,4.75,9,walked_into_shield,,,water
stored-night,smoke-screen+sluice-jam,w0h-l0,53,false,false,injected,2,play|disrupt.heat|heat|,idle-fume-1,11,play|probe.water|water|,long-flow-2,2.75,8.25,missed_interrupt,shield,heat,
stored-night,smoke-screen+sluice-jam,w0h-l0,54,true,false,injected,2,play|probe.heat|heat|,open-chill-1,14.5,play|breach.water|water|,spend-tide-1,4.75,9.75,walked_into_shield,,,water
stored-night,smoke-screen+sluice-jam,w0h-l0,55,true,false,injected,2,play|probe.heat|heat|,open-chill-2,17.75,play|probe.water|water|,long-flow-1,2.75,15,walked_into_shield,,,water
stored-night,smoke-screen+sluice-jam,w0h-l0,56,true,false,injected,2,play|probe.heat|heat|,open-chill-1,17.75,play|probe.water|water|,long-flow-1,2.75,15,walked_into_shield,,,water
stored-night,smoke-screen+sluice-jam,w0h-l0,57,false,false,injected,2,play|probe.heat|heat|,open-chill-2,14.5,play|breach.water|water|,spend-tide-1,4.75,9.75,walked_into_shield,,,water
stored-night,smoke-screen+sluice-jam,w0h-l0,58,false,true,injected,2,play|disrupt.heat|heat|,smoke-screen-1,11,play|disrupt.land|land|,filth-spread-1,8,3,missed_interrupt,shield,heat,
stored-night,smoke-screen+sluice-jam,w0h-l0,59,true,true,injected,2,play|disrupt.heat|heat|,smoke-screen-1,11,play|disrupt.land|land|,filth-spread-1,8,3,missed_interrupt,shield,heat,
stored-night,smoke-screen+sluice-jam,w0h-l0,60,true,true,injected,2,play|probe.heat|heat|,open-chill-1,13.75,play|probe.water|water|,long-flow-1,4.75,9,walked_into_shield,,,water
stored-night,smoke-screen+sluice-jam,w0h-l0,61,true,true,injected,2,play|disrupt.heat|heat|,idle-fume-1,11,play|probe.water|water|,long-flow-1,2.75,8.25,missed_interrupt,shield,heat,
stored-night,smoke-screen+sluice-jam,w0h-l0,62,false,false,injected,2,play|probe.heat|heat|,open-chill-2,17.75,play|probe.water|water|,long-flow-2,2.75,15,walked_into_shield,,,water
stored-night,smoke-screen+sluice-jam,w0h-l0,63,true,false,injected,2,play|disrupt.heat|heat|,idle-fume-1,11,play|probe.water|water|,long-flow-2,2.75,8.25,missed_interrupt,shield,heat,
stored-night,smoke-screen+sluice-jam,w0h-l0,64,true,false,injected,2,play|probe.heat|heat|,open-chill-2,14.5,play|breach.water|water|,spend-tide-1,4.75,9.75,walked_into_shield,,,water
stored-night,smoke-screen+sluice-jam,w0h-l0,65,true,false,injected,2,play|breach.land|land|,no-green-left-1,23.75,play|breach.water|water|,spend-tide-1,4.75,19,walked_into_shield,,,water
stored-night,smoke-screen+sluice-jam,w0h-l0,66,false,false,injected,2,play|disrupt.heat|heat|,idle-fume-1,11,play|disrupt.land|land|,filth-spread-1,8,3,missed_interrupt,shield,heat,
stored-night,smoke-screen+sluice-jam,w0h-l0,67,true,true,injected,2,play|breach.land|land|,no-green-left-1,23.75,play|disrupt.water|water|,foul-current-1,-0.25,24,walked_into_shield,,,water
stored-night,smoke-screen+sluice-jam,w0h-l0,68,true,false,injected,2,play|probe.heat|heat|,open-chill-1,13.75,play|probe.water|water|,long-flow-2,4.75,9,walked_into_shield,,,water
stored-night,smoke-screen+sluice-jam,w0h-l0,69,true,false,injected,3,play|breach.water|water|,spend-tide-1,11.25,play|probe.heat|heat|,open-chill-2,-15,26.25,walked_into_shield,,,heat
stored-night,smoke-screen+sluice-jam,w0h-l0,70,true,false,injected,2,play|probe.heat|heat|,open-chill-2,14.5,play|breach.water|water|,spend-tide-1,4.75,9.75,walked_into_shield,,,water
stored-night,smoke-screen+sluice-jam,w0h-l0,71,true,false,injected,2,play|breach.heat|heat|,hundred-smoke-1,23.75,play|breach.water|water|,spend-tide-1,4.75,19,walked_into_shield,,,water
stored-night,smoke-screen+sluice-jam,w0h-l0,72,true,true,injected,2,play|probe.land|land|,trample-green-2,13.75,play|probe.water|water|,long-flow-2,2.75,11,walked_into_shield,,,water
stored-night,smoke-screen+sluice-jam,w0h-l0,73,true,true,injected,2,play|disrupt.heat|heat|,idle-fume-1,11,play|probe.water|water|,long-flow-2,2.75,8.25,missed_interrupt,shield,heat,
stored-night,smoke-screen+sluice-jam,w0h-l0,74,true,false,injected,2,play|probe.heat|heat|,open-chill-2,13.75,play|probe.water|water|,long-flow-1,2.75,11,walked_into_shield,,,water
stored-night,smoke-screen+sluice-jam,w0h-l0,75,false,false,injected,2,play|probe.heat|heat|,open-chill-1,14.5,play|breach.water|water|,spend-tide-1,4.75,9.75,walked_into_shield,,,water
stored-night,smoke-screen+sluice-jam,w0h-l0,76,false,false,injected,2,play|probe.land|land|,trample-green-1,13.75,play|probe.water|water|,long-flow-2,4.75,9,walked_into_shield,,,water
stored-night,smoke-screen+sluice-jam,w0h-l0,77,false,false,injected,2,play|disrupt.heat|heat|,smoke-screen-1,11,play|disrupt.land|land|,filth-spread-1,8,3,missed_interrupt,shield,heat,
stored-night,smoke-screen+sluice-jam,w0h-l0,78,true,true,injected,2,play|disrupt.heat|heat|,idle-fume-1,11,play|disrupt.land|land|,filth-spread-1,8,3,missed_interrupt,shield,heat,
stored-night,smoke-screen+sluice-jam,w0h-l0,79,true,true,injected,2,play|probe.land|land|,trample-green-2,13.75,play|probe.water|water|,long-flow-2,2.75,11,walked_into_shield,,,water
stored-night,smoke-screen+sluice-jam,w0h-l0,80,false,false,injected,3,play|breach.water|water|,spend-tide-1,12,play|probe.heat|heat|,open-chill-2,-16.25,28.25,walked_into_shield,,,heat
stored-night,smoke-screen+sluice-jam,w0h-l0,81,false,false,injected,2,play|disrupt.heat|heat|,smoke-screen-1,11,play|probe.water|water|,long-flow-1,4.75,6.25,missed_interrupt,shield,heat,
stored-night,smoke-screen+sluice-jam,w0h-l0,82,false,false,injected,2,play|probe.heat|heat|,open-chill-2,14.5,play|breach.water|water|,spend-tide-1,4.75,9.75,walked_into_shield,,,water
stored-night,smoke-screen+sluice-jam,w0h-l0,83,true,false,injected,2,play|probe.land|land|,trample-green-1,13.75,play|probe.water|water|,long-flow-1,2.75,11,walked_into_shield,,,water
stored-night,smoke-screen+sluice-jam,w0h-l0,84,true,false,injected,2,play|breach.heat|heat|,hundred-smoke-1,23.75,play|disrupt.water|water|,foul-current-1,-0.25,24,walked_into_shield,,,water
stored-night,smoke-screen+sluice-jam,w0h-l0,85,true,false,injected,2,play|probe.heat|heat|,open-chill-1,14.5,play|probe.water|water|,long-flow-1,1.5,13,walked_into_shield,,,water
stored-night,smoke-screen+sluice-jam,w0h-l0,86,false,true,injected,2,play|probe.heat|heat|,open-chill-1,13.75,play|probe.water|water|,long-flow-2,2.75,11,walked_into_shield,,,water
stored-night,smoke-screen+sluice-jam,w0h-l0,87,true,true,injected,2,play|probe.land|land|,trample-green-1,13.75,play|probe.water|water|,long-flow-1,2.75,11,walked_into_shield,,,water
stored-night,smoke-screen+sluice-jam,w0h-l0,88,true,false,injected,2,play|probe.land|land|,trample-green-2,13.75,play|probe.water|water|,long-flow-2,4.75,9,walked_into_shield,,,water
stored-night,smoke-screen+sluice-jam,w0h-l0,89,false,false,injected,2,play|disrupt.land|land|,filth-spread-1,8,play|disrupt.water|water|,sluice-jam-1,-1,9,walked_into_shield,,,water
stored-night,smoke-screen+sluice-jam,w0h-l0,90,true,true,injected,2,play|probe.heat|heat|,open-chill-2,17.75,play|disrupt.water|water|,sluice-jam-1,1,16.75,walked_into_shield,,,water
stored-night,smoke-screen+sluice-jam,w0h-l0,91,true,false,injected,2,play|breach.land|land|,no-green-left-1,23.75,play|disrupt.water|water|,foul-current-1,-0.25,24,walked_into_shield,,,water
stored-night,smoke-screen+sluice-jam,w0h-l0,92,false,false,injected,2,play|probe.land|land|,trample-green-1,13.75,play|disrupt.water|water|,sluice-jam-1,1,12.75,walked_into_shield,,,water
stored-night,smoke-screen+sluice-jam,w0h-l0,93,true,false,injected,2,play|probe.heat|heat|,open-chill-1,17.75,play|disrupt.water|water|,sluice-jam-1,1,16.75,walked_into_shield,,,water
stored-night,smoke-screen+sluice-jam,w0h-l0,94,true,true,injected,2,play|disrupt.heat|heat|,smoke-screen-1,11,play|probe.water|water|,long-flow-2,2.75,8.25,missed_interrupt,shield,heat,
stored-night,smoke-screen+sluice-jam,w0h-l0,95,true,true,injected,2,play|probe.heat|heat|,open-chill-2,13.75,play|probe.water|water|,long-flow-1,4.75,9,walked_into_shield,,,water
stored-night,smoke-screen+sluice-jam,w0h-l0,96,true,true,injected,2,play|probe.heat|heat|,open-chill-2,13.75,play|probe.water|water|,long-flow-2,2.75,11,walked_into_shield,,,water
stored-night,smoke-screen+sluice-jam,w0h-l0,97,true,false,injected,2,play|breach.land|land|,no-green-left-1,23.75,play|disrupt.water|water|,sluice-jam-1,-0.25,24,walked_into_shield,,,water
stored-night,smoke-screen+sluice-jam,w0h-l0,98,true,false,injected,2,play|probe.land|land|,trample-green-1,13.75,play|probe.water|water|,long-flow-1,2.75,11,walked_into_shield,,,water
stored-night,smoke-screen+sluice-jam,w0h-l0,99,true,true,injected,2,play|probe.land|land|,trample-green-2,13.75,play|probe.water|water|,long-flow-1,2.75,11,walked_into_shield,,,water
stored-night,smoke-screen+sluice-jam,w0h-l0,100,false,false,injected,2,play|disrupt.land|land|,filth-spread-1,8,play|probe.water|water|,long-flow-1,2.75,5.25,walked_into_shield,,,water
stored-night,smoke-screen+sluice-jam,w0h+l0,1,true,false,injected,2,play|probe.land|land|,trample-green-1,13.75,play|probe.water|water|,long-flow-2,2.75,11,walked_into_shield,,,water
stored-night,smoke-screen+sluice-jam,w0h+l0,2,false,true,injected,2,play|probe.heat|heat|,open-chill-1,13.75,play|probe.water|water|,long-flow-2,2.75,11,walked_into_shield,,,water
stored-night,smoke-screen+sluice-jam,w0h+l0,3,false,false,injected,2,play|probe.heat|heat|,open-chill-2,18.75,play|probe.water|water|,long-flow-1,2.75,16,walked_into_shield,,,water
stored-night,smoke-screen+sluice-jam,w0h+l0,4,true,true,injected,2,play|disrupt.heat|heat|,smoke-screen-1,11,play|disrupt.land|land|,filth-spread-1,8,3,missed_interrupt,shield,heat,
stored-night,smoke-screen+sluice-jam,w0h+l0,5,true,false,injected,2,play|probe.heat|heat|,open-chill-1,14.5,play|disrupt.water|water|,foul-current-1,-0.25,14.75,walked_into_shield,,,water
stored-night,smoke-screen+sluice-jam,w0h+l0,6,true,true,injected,2,play|probe.heat|heat|,open-chill-1,18.75,play|probe.water|water|,long-flow-2,2.75,16,walked_into_shield,,,water
stored-night,smoke-screen+sluice-jam,w0h+l0,7,true,false,injected,2,play|probe.heat|heat|,open-chill-1,14.5,play|breach.water|water|,spend-tide-1,4.75,9.75,walked_into_shield,,,water
stored-night,smoke-screen+sluice-jam,w0h+l0,8,true,true,injected,2,play|breach.land|land|,no-green-left-1,23.75,play|breach.water|water|,spend-tide-1,4.75,19,walked_into_shield,,,water
stored-night,smoke-screen+sluice-jam,w0h+l0,9,true,false,injected,2,play|probe.land|land|,trample-green-1,13.75,play|probe.water|water|,long-flow-2,2.75,11,walked_into_shield,,,water
stored-night,smoke-screen+sluice-jam,w0h+l0,10,false,false,injected,2,play|probe.heat|heat|,open-chill-1,13.75,play|probe.water|water|,long-flow-1,4.75,9,walked_into_shield,,,water
stored-night,smoke-screen+sluice-jam,w0h+l0,11,true,false,injected,2,play|probe.heat|heat|,open-chill-1,18.75,play|probe.water|water|,long-flow-1,2.75,16,walked_into_shield,,,water
stored-night,smoke-screen+sluice-jam,w0h+l0,12,true,false,injected,2,play|probe.heat|heat|,open-chill-1,13.75,play|probe.water|water|,long-flow-1,4.75,9,walked_into_shield,,,water
stored-night,smoke-screen+sluice-jam,w0h+l0,13,false,false,injected,2,play|disrupt.heat|heat|,idle-fume-1,11,play|disrupt.land|land|,filth-spread-1,8,3,missed_interrupt,shield,heat,
stored-night,smoke-screen+sluice-jam,w0h+l0,14,true,true,injected,3,play|breach.water|water|,spend-tide-1,12,play|probe.heat|heat|,open-chill-1,-16.25,28.25,walked_into_shield,,,heat
stored-night,smoke-screen+sluice-jam,w0h+l0,15,true,false,injected,2,play|breach.heat|heat|,hundred-smoke-1,23.75,play|breach.water|water|,spend-tide-1,4.75,19,walked_into_shield,,,water
stored-night,smoke-screen+sluice-jam,w0h+l0,16,false,false,injected,2,play|probe.land|land|,trample-green-2,13.75,play|probe.water|water|,long-flow-2,4.75,9,walked_into_shield,,,water
stored-night,smoke-screen+sluice-jam,w0h+l0,17,true,false,injected,2,play|probe.heat|heat|,open-chill-1,13.75,play|probe.water|water|,long-flow-1,2.75,11,walked_into_shield,,,water
stored-night,smoke-screen+sluice-jam,w0h+l0,18,false,true,injected,2,play|breach.heat|heat|,hundred-smoke-1,23.75,play|disrupt.water|water|,foul-current-1,-0.25,24,walked_into_shield,,,water
stored-night,smoke-screen+sluice-jam,w0h+l0,19,true,false,injected,2,play|probe.heat|heat|,open-chill-2,14.5,play|breach.water|water|,spend-tide-1,4.75,9.75,walked_into_shield,,,water
stored-night,smoke-screen+sluice-jam,w0h+l0,20,true,false,injected,2,play|probe.land|land|,trample-green-2,13.75,play|probe.water|water|,long-flow-1,2.75,11,walked_into_shield,,,water
stored-night,smoke-screen+sluice-jam,w0h+l0,21,true,false,injected,2,play|breach.land|land|,no-green-left-1,23.75,play|disrupt.water|water|,sluice-jam-1,-0.25,24,walked_into_shield,,,water
stored-night,smoke-screen+sluice-jam,w0h+l0,22,false,true,injected,2,play|disrupt.land|land|,filth-spread-1,8,play|probe.water|water|,long-flow-1,2.75,5.25,walked_into_shield,,,water
stored-night,smoke-screen+sluice-jam,w0h+l0,23,false,false,injected,2,play|breach.land|land|,no-green-left-1,23.75,play|breach.water|water|,spend-tide-1,4.75,19,walked_into_shield,,,water
stored-night,smoke-screen+sluice-jam,w0h+l0,24,true,false,injected,2,play|breach.heat|heat|,hundred-smoke-1,23.75,play|breach.water|water|,spend-tide-1,4.75,19,walked_into_shield,,,water
stored-night,smoke-screen+sluice-jam,w0h+l0,25,true,false,injected,2,play|breach.land|land|,no-green-left-1,23.75,play|breach.water|water|,spend-tide-1,4.75,19,walked_into_shield,,,water
stored-night,smoke-screen+sluice-jam,w0h+l0,26,true,false,injected,2,play|probe.land|land|,trample-green-2,13.75,play|probe.water|water|,long-flow-2,2.75,11,walked_into_shield,,,water
stored-night,smoke-screen+sluice-jam,w0h+l0,27,true,true,injected,2,play|probe.heat|heat|,open-chill-2,13.75,play|probe.water|water|,long-flow-2,4.75,9,walked_into_shield,,,water
stored-night,smoke-screen+sluice-jam,w0h+l0,28,true,false,injected,2,play|disrupt.heat|heat|,smoke-screen-1,11,play|disrupt.land|land|,filth-spread-1,8,3,missed_interrupt,shield,heat,
stored-night,smoke-screen+sluice-jam,w0h+l0,29,true,true,injected,2,play|probe.land|land|,trample-green-3,13.75,play|probe.water|water|,long-flow-2,2.75,11,walked_into_shield,,,water
stored-night,smoke-screen+sluice-jam,w0h+l0,30,true,false,injected,2,play|breach.land|land|,no-green-left-1,23.75,play|breach.water|water|,spend-tide-1,4.75,19,walked_into_shield,,,water
stored-night,smoke-screen+sluice-jam,w0h+l0,31,true,false,injected,2,play|probe.land|land|,trample-green-1,13.75,play|probe.water|water|,long-flow-2,2.75,11,walked_into_shield,,,water
stored-night,smoke-screen+sluice-jam,w0h+l0,32,true,true,injected,2,play|disrupt.heat|heat|,smoke-screen-1,11,play|probe.water|water|,long-flow-2,2.75,8.25,missed_interrupt,shield,heat,
stored-night,smoke-screen+sluice-jam,w0h+l0,33,false,false,injected,2,play|disrupt.heat|heat|,smoke-screen-1,11,play|disrupt.land|land|,filth-spread-1,8,3,missed_interrupt,shield,heat,
stored-night,smoke-screen+sluice-jam,w0h+l0,34,true,false,injected,2,play|breach.land|land|,no-green-left-1,23.75,play|disrupt.water|water|,foul-current-1,-0.25,24,walked_into_shield,,,water
stored-night,smoke-screen+sluice-jam,w0h+l0,35,false,false,injected,2,play|probe.heat|heat|,open-chill-2,13.75,play|probe.water|water|,long-flow-1,2.75,11,walked_into_shield,,,water
stored-night,smoke-screen+sluice-jam,w0h+l0,36,false,false,injected,2,play|probe.land|land|,trample-green-3,13.75,play|probe.water|water|,long-flow-1,2.75,11,walked_into_shield,,,water
stored-night,smoke-screen+sluice-jam,w0h+l0,37,true,true,injected,2,play|disrupt.heat|heat|,smoke-screen-1,11,play|probe.water|water|,long-flow-2,2.75,8.25,missed_interrupt,shield,heat,
stored-night,smoke-screen+sluice-jam,w0h+l0,38,false,false,injected,3,play|breach.land|land|,no-green-left-1,9.25,play|probe.heat|heat|,open-chill-2,-13,22.25,walked_into_shield,,,heat
stored-night,smoke-screen+sluice-jam,w0h+l0,39,true,false,injected,2,play|breach.land|land|,no-green-left-1,23.75,play|breach.water|water|,spend-tide-1,4.75,19,walked_into_shield,,,water
stored-night,smoke-screen+sluice-jam,w0h+l0,40,true,false,injected,2,play|probe.land|land|,trample-green-1,13.75,play|probe.water|water|,long-flow-2,4.75,9,walked_into_shield,,,water
stored-night,smoke-screen+sluice-jam,w0h+l0,41,true,false,injected,2,play|probe.heat|heat|,open-chill-1,14.5,play|probe.water|water|,long-flow-1,1.5,13,walked_into_shield,,,water
stored-night,smoke-screen+sluice-jam,w0h+l0,42,true,false,injected,3,play|disrupt.land|land|,filth-spread-1,13.25,play|breach.land|land|,no-green-left-1,9.25,4,missed_interrupt,repair,land,
stored-night,smoke-screen+sluice-jam,w0h+l0,43,false,false,injected,2,play|probe.heat|heat|,open-chill-1,13.75,play|probe.water|water|,long-flow-2,2.75,11,walked_into_shield,,,water
stored-night,smoke-screen+sluice-jam,w0h+l0,44,true,false,injected,2,play|breach.heat|heat|,hundred-smoke-1,23.75,play|breach.water|water|,spend-tide-1,4.75,19,walked_into_shield,,,water
stored-night,smoke-screen+sluice-jam,w0h+l0,45,false,false,injected,2,play|probe.land|land|,trample-green-1,13.75,play|probe.water|water|,long-flow-2,2.75,11,walked_into_shield,,,water
stored-night,smoke-screen+sluice-jam,w0h+l0,46,false,false,injected,2,play|probe.land|land|,trample-green-1,13.75,play|probe.water|water|,long-flow-2,2.75,11,walked_into_shield,,,water
stored-night,smoke-screen+sluice-jam,w0h+l0,47,false,false,injected,2,play|disrupt.heat|heat|,idle-fume-1,11,play|probe.water|water|,long-flow-2,4.75,6.25,missed_interrupt,shield,heat,
stored-night,smoke-screen+sluice-jam,w0h+l0,48,true,false,injected,2,play|probe.land|land|,trample-green-2,13.75,play|probe.water|water|,long-flow-1,4.75,9,walked_into_shield,,,water
stored-night,smoke-screen+sluice-jam,w0h+l0,49,true,false,injected,2,play|probe.heat|heat|,open-chill-1,14.5,play|breach.water|water|,spend-tide-1,4.75,9.75,walked_into_shield,,,water
stored-night,smoke-screen+sluice-jam,w0h+l0,50,true,true,injected,2,play|probe.land|land|,trample-green-3,13.75,play|probe.water|water|,long-flow-2,2.75,11,walked_into_shield,,,water
stored-night,smoke-screen+sluice-jam,w0h+l0,51,true,false,injected,2,play|breach.land|land|,no-green-left-1,23.75,play|disrupt.water|water|,sluice-jam-1,-0.25,24,walked_into_shield,,,water
stored-night,smoke-screen+sluice-jam,w0h+l0,52,false,true,injected,2,play|probe.land|land|,trample-green-3,13.75,play|probe.water|water|,long-flow-1,4.75,9,walked_into_shield,,,water
stored-night,smoke-screen+sluice-jam,w0h+l0,53,false,false,injected,2,play|disrupt.heat|heat|,idle-fume-1,11,play|probe.water|water|,long-flow-2,2.75,8.25,missed_interrupt,shield,heat,
stored-night,smoke-screen+sluice-jam,w0h+l0,54,true,false,injected,2,play|probe.heat|heat|,open-chill-1,14.5,play|breach.water|water|,spend-tide-1,4.75,9.75,walked_into_shield,,,water
stored-night,smoke-screen+sluice-jam,w0h+l0,55,true,false,injected,2,play|probe.heat|heat|,open-chill-2,18.75,play|probe.water|water|,long-flow-1,2.75,16,walked_into_shield,,,water
stored-night,smoke-screen+sluice-jam,w0h+l0,56,true,false,injected,2,play|probe.heat|heat|,open-chill-1,18.75,play|probe.water|water|,long-flow-1,2.75,16,walked_into_shield,,,water
stored-night,smoke-screen+sluice-jam,w0h+l0,57,false,false,injected,2,play|probe.heat|heat|,open-chill-2,14.5,play|breach.water|water|,spend-tide-1,4.75,9.75,walked_into_shield,,,water
stored-night,smoke-screen+sluice-jam,w0h+l0,58,false,true,injected,2,play|disrupt.heat|heat|,smoke-screen-1,11,play|disrupt.land|land|,filth-spread-1,8,3,missed_interrupt,shield,heat,
stored-night,smoke-screen+sluice-jam,w0h+l0,59,true,true,injected,2,play|disrupt.heat|heat|,smoke-screen-1,11,play|disrupt.land|land|,filth-spread-1,8,3,missed_interrupt,shield,heat,
stored-night,smoke-screen+sluice-jam,w0h+l0,60,true,true,injected,2,play|probe.heat|heat|,open-chill-1,13.75,play|probe.water|water|,long-flow-1,4.75,9,walked_into_shield,,,water
stored-night,smoke-screen+sluice-jam,w0h+l0,61,true,true,injected,2,play|disrupt.heat|heat|,idle-fume-1,11,play|probe.water|water|,long-flow-1,2.75,8.25,missed_interrupt,shield,heat,
stored-night,smoke-screen+sluice-jam,w0h+l0,62,true,false,injected,2,play|probe.heat|heat|,open-chill-2,18.75,play|probe.water|water|,long-flow-2,2.75,16,walked_into_shield,,,water
stored-night,smoke-screen+sluice-jam,w0h+l0,63,true,false,injected,2,play|disrupt.heat|heat|,idle-fume-1,11,play|probe.water|water|,long-flow-2,2.75,8.25,missed_interrupt,shield,heat,
stored-night,smoke-screen+sluice-jam,w0h+l0,64,true,false,injected,2,play|probe.heat|heat|,open-chill-2,14.5,play|breach.water|water|,spend-tide-1,4.75,9.75,walked_into_shield,,,water
stored-night,smoke-screen+sluice-jam,w0h+l0,65,true,false,injected,2,play|breach.land|land|,no-green-left-1,23.75,play|breach.water|water|,spend-tide-1,4.75,19,walked_into_shield,,,water
stored-night,smoke-screen+sluice-jam,w0h+l0,66,false,false,injected,2,play|disrupt.heat|heat|,idle-fume-1,11,play|disrupt.land|land|,filth-spread-1,8,3,missed_interrupt,shield,heat,
stored-night,smoke-screen+sluice-jam,w0h+l0,67,true,true,injected,2,play|breach.land|land|,no-green-left-1,23.75,play|disrupt.water|water|,foul-current-1,-0.25,24,walked_into_shield,,,water
stored-night,smoke-screen+sluice-jam,w0h+l0,68,true,false,injected,2,play|probe.heat|heat|,open-chill-1,13.75,play|probe.water|water|,long-flow-2,4.75,9,walked_into_shield,,,water
stored-night,smoke-screen+sluice-jam,w0h+l0,69,true,false,injected,3,play|breach.water|water|,spend-tide-1,11.25,play|probe.heat|heat|,open-chill-2,-15,26.25,walked_into_shield,,,heat
stored-night,smoke-screen+sluice-jam,w0h+l0,70,true,false,injected,2,play|probe.heat|heat|,open-chill-2,14.5,play|breach.water|water|,spend-tide-1,4.75,9.75,walked_into_shield,,,water
stored-night,smoke-screen+sluice-jam,w0h+l0,71,true,false,injected,2,play|breach.heat|heat|,hundred-smoke-1,23.75,play|breach.water|water|,spend-tide-1,4.75,19,walked_into_shield,,,water
stored-night,smoke-screen+sluice-jam,w0h+l0,72,true,true,injected,2,play|probe.land|land|,trample-green-2,13.75,play|probe.water|water|,long-flow-2,2.75,11,walked_into_shield,,,water
stored-night,smoke-screen+sluice-jam,w0h+l0,73,true,true,injected,2,play|disrupt.heat|heat|,idle-fume-1,11,play|probe.water|water|,long-flow-2,2.75,8.25,missed_interrupt,shield,heat,
stored-night,smoke-screen+sluice-jam,w0h+l0,74,true,false,injected,2,play|probe.heat|heat|,open-chill-2,13.75,play|probe.water|water|,long-flow-1,2.75,11,walked_into_shield,,,water
stored-night,smoke-screen+sluice-jam,w0h+l0,75,false,false,injected,2,play|probe.heat|heat|,open-chill-1,14.5,play|breach.water|water|,spend-tide-1,4.75,9.75,walked_into_shield,,,water
stored-night,smoke-screen+sluice-jam,w0h+l0,76,false,false,injected,2,play|probe.land|land|,trample-green-1,13.75,play|probe.water|water|,long-flow-2,4.75,9,walked_into_shield,,,water
stored-night,smoke-screen+sluice-jam,w0h+l0,77,false,false,injected,2,play|disrupt.heat|heat|,smoke-screen-1,11,play|disrupt.land|land|,filth-spread-1,8,3,missed_interrupt,shield,heat,
stored-night,smoke-screen+sluice-jam,w0h+l0,78,true,true,injected,2,play|disrupt.heat|heat|,idle-fume-1,11,play|disrupt.land|land|,filth-spread-1,8,3,missed_interrupt,shield,heat,
stored-night,smoke-screen+sluice-jam,w0h+l0,79,true,true,injected,2,play|probe.land|land|,trample-green-2,13.75,play|probe.water|water|,long-flow-2,2.75,11,walked_into_shield,,,water
stored-night,smoke-screen+sluice-jam,w0h+l0,80,false,false,injected,3,play|breach.water|water|,spend-tide-1,12,play|probe.heat|heat|,open-chill-2,-16.25,28.25,walked_into_shield,,,heat
stored-night,smoke-screen+sluice-jam,w0h+l0,81,false,false,injected,2,play|disrupt.heat|heat|,smoke-screen-1,11,play|probe.water|water|,long-flow-1,4.75,6.25,missed_interrupt,shield,heat,
stored-night,smoke-screen+sluice-jam,w0h+l0,82,true,false,injected,2,play|probe.heat|heat|,open-chill-2,14.5,play|breach.water|water|,spend-tide-1,4.75,9.75,walked_into_shield,,,water
stored-night,smoke-screen+sluice-jam,w0h+l0,83,true,false,injected,2,play|probe.land|land|,trample-green-1,13.75,play|probe.water|water|,long-flow-1,2.75,11,walked_into_shield,,,water
stored-night,smoke-screen+sluice-jam,w0h+l0,84,true,false,injected,2,play|breach.heat|heat|,hundred-smoke-1,23.75,play|disrupt.water|water|,foul-current-1,-0.25,24,walked_into_shield,,,water
stored-night,smoke-screen+sluice-jam,w0h+l0,85,true,false,injected,2,play|probe.heat|heat|,open-chill-1,14.5,play|probe.water|water|,long-flow-1,1.5,13,walked_into_shield,,,water
stored-night,smoke-screen+sluice-jam,w0h+l0,86,false,true,injected,2,play|probe.heat|heat|,open-chill-1,13.75,play|probe.water|water|,long-flow-2,2.75,11,walked_into_shield,,,water
stored-night,smoke-screen+sluice-jam,w0h+l0,87,true,true,injected,2,play|probe.land|land|,trample-green-1,13.75,play|probe.water|water|,long-flow-1,2.75,11,walked_into_shield,,,water
stored-night,smoke-screen+sluice-jam,w0h+l0,88,true,false,injected,2,play|probe.land|land|,trample-green-2,13.75,play|probe.water|water|,long-flow-2,4.75,9,walked_into_shield,,,water
stored-night,smoke-screen+sluice-jam,w0h+l0,89,false,false,injected,2,play|disrupt.land|land|,filth-spread-1,8,play|disrupt.water|water|,sluice-jam-1,-1,9,walked_into_shield,,,water
stored-night,smoke-screen+sluice-jam,w0h+l0,90,true,true,injected,2,play|probe.heat|heat|,open-chill-2,18.75,play|disrupt.water|water|,sluice-jam-1,1,17.75,walked_into_shield,,,water
stored-night,smoke-screen+sluice-jam,w0h+l0,91,true,true,injected,2,play|breach.land|land|,no-green-left-1,23.75,play|disrupt.water|water|,foul-current-1,-0.25,24,walked_into_shield,,,water
stored-night,smoke-screen+sluice-jam,w0h+l0,92,false,false,injected,2,play|probe.land|land|,trample-green-1,13.75,play|disrupt.water|water|,sluice-jam-1,1,12.75,walked_into_shield,,,water
stored-night,smoke-screen+sluice-jam,w0h+l0,93,true,false,injected,2,play|probe.heat|heat|,open-chill-1,18.75,play|disrupt.water|water|,sluice-jam-1,1,17.75,walked_into_shield,,,water
stored-night,smoke-screen+sluice-jam,w0h+l0,94,true,true,injected,2,play|disrupt.heat|heat|,smoke-screen-1,11,play|probe.water|water|,long-flow-2,2.75,8.25,missed_interrupt,shield,heat,
stored-night,smoke-screen+sluice-jam,w0h+l0,95,true,true,injected,2,play|probe.heat|heat|,open-chill-2,13.75,play|probe.water|water|,long-flow-1,4.75,9,walked_into_shield,,,water
stored-night,smoke-screen+sluice-jam,w0h+l0,96,true,true,injected,2,play|probe.heat|heat|,open-chill-2,13.75,play|probe.water|water|,long-flow-2,2.75,11,walked_into_shield,,,water
stored-night,smoke-screen+sluice-jam,w0h+l0,97,true,false,injected,2,play|breach.land|land|,no-green-left-1,23.75,play|disrupt.water|water|,sluice-jam-1,-0.25,24,walked_into_shield,,,water
stored-night,smoke-screen+sluice-jam,w0h+l0,98,true,false,injected,2,play|probe.land|land|,trample-green-1,13.75,play|probe.water|water|,long-flow-1,2.75,11,walked_into_shield,,,water
stored-night,smoke-screen+sluice-jam,w0h+l0,99,true,true,injected,2,play|probe.land|land|,trample-green-2,13.75,play|probe.water|water|,long-flow-1,2.75,11,walked_into_shield,,,water
stored-night,smoke-screen+sluice-jam,w0h+l0,100,false,false,injected,2,play|disrupt.land|land|,filth-spread-1,8,play|probe.water|water|,long-flow-1,2.75,5.25,walked_into_shield,,,water
stored-night,smoke-screen+sluice-jam,w0h0l-,1,true,false,injected,2,play|probe.land|land|,trample-green-1,13.75,play|probe.water|water|,long-flow-2,2.75,11,walked_into_shield,,,water
stored-night,smoke-screen+sluice-jam,w0h0l-,2,false,true,injected,2,play|probe.heat|heat|,open-chill-1,13.75,play|probe.water|water|,long-flow-2,2.75,11,walked_into_shield,,,water
stored-night,smoke-screen+sluice-jam,w0h0l-,3,false,false,injected,2,play|probe.heat|heat|,open-chill-2,18.75,play|probe.water|water|,long-flow-1,2.75,16,walked_into_shield,,,water
stored-night,smoke-screen+sluice-jam,w0h0l-,4,false,true,injected,2,play|disrupt.heat|heat|,smoke-screen-1,11,play|disrupt.land|land|,filth-spread-1,8,3,missed_interrupt,shield,heat,
stored-night,smoke-screen+sluice-jam,w0h0l-,5,true,false,injected,2,play|probe.heat|heat|,open-chill-1,14.5,play|disrupt.water|water|,foul-current-1,-0.25,14.75,walked_into_shield,,,water
stored-night,smoke-screen+sluice-jam,w0h0l-,6,true,true,injected,2,play|probe.heat|heat|,open-chill-1,18.75,play|probe.water|water|,long-flow-2,2.75,16,walked_into_shield,,,water
stored-night,smoke-screen+sluice-jam,w0h0l-,7,true,false,injected,2,play|probe.heat|heat|,open-chill-1,14.5,play|breach.water|water|,spend-tide-1,4.75,9.75,walked_into_shield,,,water
stored-night,smoke-screen+sluice-jam,w0h0l-,8,true,true,injected,2,play|breach.land|land|,no-green-left-1,22.75,play|breach.water|water|,spend-tide-1,4.75,18,walked_into_shield,,,water
stored-night,smoke-screen+sluice-jam,w0h0l-,9,true,false,injected,2,play|probe.land|land|,trample-green-1,13.75,play|probe.water|water|,long-flow-2,2.75,11,walked_into_shield,,,water
stored-night,smoke-screen+sluice-jam,w0h0l-,10,false,false,injected,2,play|probe.heat|heat|,open-chill-1,13.75,play|probe.water|water|,long-flow-1,4.75,9,walked_into_shield,,,water
stored-night,smoke-screen+sluice-jam,w0h0l-,11,true,false,injected,2,play|probe.heat|heat|,open-chill-1,18.75,play|probe.water|water|,long-flow-1,2.75,16,walked_into_shield,,,water
stored-night,smoke-screen+sluice-jam,w0h0l-,12,true,false,injected,2,play|probe.heat|heat|,open-chill-1,13.75,play|probe.water|water|,long-flow-1,4.75,9,walked_into_shield,,,water
stored-night,smoke-screen+sluice-jam,w0h0l-,13,false,false,injected,2,play|disrupt.heat|heat|,idle-fume-1,11,play|disrupt.land|land|,filth-spread-1,8,3,missed_interrupt,shield,heat,
stored-night,smoke-screen+sluice-jam,w0h0l-,14,true,true,injected,3,play|breach.water|water|,spend-tide-1,12,play|probe.heat|heat|,open-chill-1,-16.25,28.25,walked_into_shield,,,heat
stored-night,smoke-screen+sluice-jam,w0h0l-,15,true,false,injected,2,play|breach.heat|heat|,hundred-smoke-1,23.75,play|breach.water|water|,spend-tide-1,4.75,19,walked_into_shield,,,water
stored-night,smoke-screen+sluice-jam,w0h0l-,16,false,false,injected,2,play|probe.land|land|,trample-green-2,13.75,play|probe.water|water|,long-flow-2,4.75,9,walked_into_shield,,,water
stored-night,smoke-screen+sluice-jam,w0h0l-,17,true,false,injected,2,play|probe.heat|heat|,open-chill-1,13.75,play|probe.water|water|,long-flow-1,2.75,11,walked_into_shield,,,water
stored-night,smoke-screen+sluice-jam,w0h0l-,18,false,true,injected,2,play|breach.heat|heat|,hundred-smoke-1,23.75,play|disrupt.water|water|,foul-current-1,-0.25,24,walked_into_shield,,,water
stored-night,smoke-screen+sluice-jam,w0h0l-,19,true,false,injected,2,play|probe.heat|heat|,open-chill-2,14.5,play|breach.water|water|,spend-tide-1,4.75,9.75,walked_into_shield,,,water
stored-night,smoke-screen+sluice-jam,w0h0l-,20,true,false,injected,2,play|probe.land|land|,trample-green-2,13.75,play|probe.water|water|,long-flow-1,2.75,11,walked_into_shield,,,water
stored-night,smoke-screen+sluice-jam,w0h0l-,21,true,false,injected,2,play|breach.land|land|,no-green-left-1,22.75,play|disrupt.water|water|,sluice-jam-1,-0.25,23,walked_into_shield,,,water
stored-night,smoke-screen+sluice-jam,w0h0l-,22,false,true,injected,2,play|disrupt.land|land|,filth-spread-1,8,play|probe.water|water|,long-flow-1,2.75,5.25,walked_into_shield,,,water
stored-night,smoke-screen+sluice-jam,w0h0l-,23,false,false,injected,2,play|breach.land|land|,no-green-left-1,22.75,play|breach.water|water|,spend-tide-1,4.75,18,walked_into_shield,,,water
stored-night,smoke-screen+sluice-jam,w0h0l-,24,true,false,injected,2,play|breach.heat|heat|,hundred-smoke-1,23.75,play|breach.water|water|,spend-tide-1,4.75,19,walked_into_shield,,,water
stored-night,smoke-screen+sluice-jam,w0h0l-,25,true,false,injected,2,play|breach.land|land|,no-green-left-1,22.75,play|breach.water|water|,spend-tide-1,4.75,18,walked_into_shield,,,water
stored-night,smoke-screen+sluice-jam,w0h0l-,26,true,false,injected,2,play|probe.land|land|,trample-green-2,13.75,play|probe.water|water|,long-flow-2,2.75,11,walked_into_shield,,,water
stored-night,smoke-screen+sluice-jam,w0h0l-,27,true,true,injected,2,play|probe.heat|heat|,open-chill-2,13.75,play|probe.water|water|,long-flow-2,4.75,9,walked_into_shield,,,water
stored-night,smoke-screen+sluice-jam,w0h0l-,28,true,false,injected,2,play|disrupt.heat|heat|,smoke-screen-1,11,play|disrupt.land|land|,filth-spread-1,8,3,missed_interrupt,shield,heat,
stored-night,smoke-screen+sluice-jam,w0h0l-,29,true,true,injected,2,play|probe.land|land|,trample-green-3,13.75,play|probe.water|water|,long-flow-2,2.75,11,walked_into_shield,,,water
stored-night,smoke-screen+sluice-jam,w0h0l-,30,true,false,injected,2,play|breach.land|land|,no-green-left-1,22.75,play|breach.water|water|,spend-tide-1,4.75,18,walked_into_shield,,,water
stored-night,smoke-screen+sluice-jam,w0h0l-,31,true,false,injected,2,play|probe.land|land|,trample-green-1,13.75,play|probe.water|water|,long-flow-2,2.75,11,walked_into_shield,,,water
stored-night,smoke-screen+sluice-jam,w0h0l-,32,true,true,injected,2,play|disrupt.heat|heat|,smoke-screen-1,11,play|probe.water|water|,long-flow-2,2.75,8.25,missed_interrupt,shield,heat,
stored-night,smoke-screen+sluice-jam,w0h0l-,33,false,false,injected,2,play|disrupt.heat|heat|,smoke-screen-1,11,play|disrupt.land|land|,filth-spread-1,8,3,missed_interrupt,shield,heat,
stored-night,smoke-screen+sluice-jam,w0h0l-,34,true,false,injected,2,play|breach.land|land|,no-green-left-1,22.75,play|disrupt.water|water|,foul-current-1,-0.25,23,walked_into_shield,,,water
stored-night,smoke-screen+sluice-jam,w0h0l-,35,false,false,injected,2,play|probe.heat|heat|,open-chill-2,13.75,play|probe.water|water|,long-flow-1,2.75,11,walked_into_shield,,,water
stored-night,smoke-screen+sluice-jam,w0h0l-,36,false,false,injected,2,play|probe.land|land|,trample-green-3,13.75,play|probe.water|water|,long-flow-1,2.75,11,walked_into_shield,,,water
stored-night,smoke-screen+sluice-jam,w0h0l-,37,true,true,injected,2,play|disrupt.heat|heat|,smoke-screen-1,11,play|probe.water|water|,long-flow-2,2.75,8.25,missed_interrupt,shield,heat,
stored-night,smoke-screen+sluice-jam,w0h0l-,38,false,false,injected,3,play|breach.land|land|,no-green-left-1,9.25,play|probe.heat|heat|,open-chill-2,-13,22.25,walked_into_shield,,,heat
stored-night,smoke-screen+sluice-jam,w0h0l-,39,true,false,injected,2,play|breach.heat|heat|,hundred-smoke-1,23.75,play|breach.water|water|,spend-tide-1,4.75,19,walked_into_shield,,,water
stored-night,smoke-screen+sluice-jam,w0h0l-,40,true,false,injected,2,play|probe.land|land|,trample-green-1,13.75,play|probe.water|water|,long-flow-2,4.75,9,walked_into_shield,,,water
stored-night,smoke-screen+sluice-jam,w0h0l-,41,true,false,injected,2,play|probe.heat|heat|,open-chill-1,14.5,play|probe.water|water|,long-flow-1,1.5,13,walked_into_shield,,,water
stored-night,smoke-screen+sluice-jam,w0h0l-,42,true,false,injected,3,play|disrupt.land|land|,filth-spread-1,12.25,play|breach.land|land|,no-green-left-1,9.25,3,missed_interrupt,repair,land,
stored-night,smoke-screen+sluice-jam,w0h0l-,43,false,false,injected,2,play|probe.heat|heat|,open-chill-1,13.75,play|probe.water|water|,long-flow-2,2.75,11,walked_into_shield,,,water
stored-night,smoke-screen+sluice-jam,w0h0l-,44,true,false,injected,2,play|breach.heat|heat|,hundred-smoke-1,23.75,play|breach.water|water|,spend-tide-1,4.75,19,walked_into_shield,,,water
stored-night,smoke-screen+sluice-jam,w0h0l-,45,false,false,injected,2,play|probe.land|land|,trample-green-1,13.75,play|probe.water|water|,long-flow-2,2.75,11,walked_into_shield,,,water
stored-night,smoke-screen+sluice-jam,w0h0l-,46,false,false,injected,2,play|probe.land|land|,trample-green-1,13.75,play|probe.water|water|,long-flow-2,2.75,11,walked_into_shield,,,water
stored-night,smoke-screen+sluice-jam,w0h0l-,47,false,false,injected,2,play|disrupt.heat|heat|,idle-fume-1,11,play|probe.water|water|,long-flow-2,4.75,6.25,missed_interrupt,shield,heat,
stored-night,smoke-screen+sluice-jam,w0h0l-,48,true,false,injected,2,play|probe.land|land|,trample-green-2,13.75,play|probe.water|water|,long-flow-1,4.75,9,walked_into_shield,,,water
stored-night,smoke-screen+sluice-jam,w0h0l-,49,true,false,injected,2,play|probe.heat|heat|,open-chill-1,14.5,play|breach.water|water|,spend-tide-1,4.75,9.75,walked_into_shield,,,water
stored-night,smoke-screen+sluice-jam,w0h0l-,50,true,true,injected,2,play|probe.land|land|,trample-green-3,13.75,play|probe.water|water|,long-flow-2,2.75,11,walked_into_shield,,,water
stored-night,smoke-screen+sluice-jam,w0h0l-,51,true,false,injected,2,play|breach.land|land|,no-green-left-1,22.75,play|disrupt.water|water|,sluice-jam-1,-0.25,23,walked_into_shield,,,water
stored-night,smoke-screen+sluice-jam,w0h0l-,52,false,true,injected,2,play|probe.land|land|,trample-green-3,13.75,play|probe.water|water|,long-flow-1,4.75,9,walked_into_shield,,,water
stored-night,smoke-screen+sluice-jam,w0h0l-,53,false,false,injected,2,play|disrupt.heat|heat|,idle-fume-1,11,play|probe.water|water|,long-flow-2,2.75,8.25,missed_interrupt,shield,heat,
stored-night,smoke-screen+sluice-jam,w0h0l-,54,true,false,injected,2,play|probe.heat|heat|,open-chill-1,14.5,play|breach.water|water|,spend-tide-1,4.75,9.75,walked_into_shield,,,water
stored-night,smoke-screen+sluice-jam,w0h0l-,55,true,false,injected,2,play|probe.heat|heat|,open-chill-2,18.75,play|probe.water|water|,long-flow-1,2.75,16,walked_into_shield,,,water
stored-night,smoke-screen+sluice-jam,w0h0l-,56,true,false,injected,2,play|probe.heat|heat|,open-chill-1,18.75,play|probe.water|water|,long-flow-1,2.75,16,walked_into_shield,,,water
stored-night,smoke-screen+sluice-jam,w0h0l-,57,false,false,injected,2,play|probe.heat|heat|,open-chill-2,14.5,play|breach.water|water|,spend-tide-1,4.75,9.75,walked_into_shield,,,water
stored-night,smoke-screen+sluice-jam,w0h0l-,58,false,true,injected,2,play|disrupt.heat|heat|,smoke-screen-1,11,play|disrupt.land|land|,filth-spread-1,8,3,missed_interrupt,shield,heat,
stored-night,smoke-screen+sluice-jam,w0h0l-,59,true,true,injected,2,play|disrupt.heat|heat|,smoke-screen-1,11,play|disrupt.land|land|,filth-spread-1,8,3,missed_interrupt,shield,heat,
stored-night,smoke-screen+sluice-jam,w0h0l-,60,true,true,injected,2,play|probe.heat|heat|,open-chill-1,13.75,play|probe.water|water|,long-flow-1,4.75,9,walked_into_shield,,,water
stored-night,smoke-screen+sluice-jam,w0h0l-,61,true,true,injected,2,play|disrupt.heat|heat|,idle-fume-1,11,play|probe.water|water|,long-flow-1,2.75,8.25,missed_interrupt,shield,heat,
stored-night,smoke-screen+sluice-jam,w0h0l-,62,true,false,injected,2,play|probe.heat|heat|,open-chill-2,18.75,play|probe.water|water|,long-flow-2,2.75,16,walked_into_shield,,,water
stored-night,smoke-screen+sluice-jam,w0h0l-,63,true,false,injected,2,play|disrupt.heat|heat|,idle-fume-1,11,play|probe.water|water|,long-flow-2,2.75,8.25,missed_interrupt,shield,heat,
stored-night,smoke-screen+sluice-jam,w0h0l-,64,true,false,injected,2,play|probe.heat|heat|,open-chill-2,14.5,play|breach.water|water|,spend-tide-1,4.75,9.75,walked_into_shield,,,water
stored-night,smoke-screen+sluice-jam,w0h0l-,65,true,false,injected,2,play|breach.heat|heat|,hundred-smoke-1,23.75,play|breach.water|water|,spend-tide-1,4.75,19,walked_into_shield,,,water
stored-night,smoke-screen+sluice-jam,w0h0l-,66,true,false,injected,2,play|disrupt.heat|heat|,idle-fume-1,11,play|disrupt.land|land|,filth-spread-1,8,3,missed_interrupt,shield,heat,
stored-night,smoke-screen+sluice-jam,w0h0l-,67,true,true,injected,2,play|breach.land|land|,no-green-left-1,22.75,play|disrupt.water|water|,foul-current-1,-0.25,23,walked_into_shield,,,water
stored-night,smoke-screen+sluice-jam,w0h0l-,68,true,false,injected,2,play|probe.heat|heat|,open-chill-1,13.75,play|probe.water|water|,long-flow-2,4.75,9,walked_into_shield,,,water
stored-night,smoke-screen+sluice-jam,w0h0l-,69,false,false,injected,3,play|breach.water|water|,spend-tide-1,11.25,play|probe.heat|heat|,open-chill-2,-15,26.25,walked_into_shield,,,heat
stored-night,smoke-screen+sluice-jam,w0h0l-,70,true,false,injected,2,play|probe.heat|heat|,open-chill-2,14.5,play|breach.water|water|,spend-tide-1,4.75,9.75,walked_into_shield,,,water
stored-night,smoke-screen+sluice-jam,w0h0l-,71,true,false,injected,2,play|breach.heat|heat|,hundred-smoke-1,23.75,play|breach.water|water|,spend-tide-1,4.75,19,walked_into_shield,,,water
stored-night,smoke-screen+sluice-jam,w0h0l-,72,true,true,injected,2,play|probe.land|land|,trample-green-2,13.75,play|probe.water|water|,long-flow-2,2.75,11,walked_into_shield,,,water
stored-night,smoke-screen+sluice-jam,w0h0l-,73,true,true,injected,2,play|disrupt.heat|heat|,idle-fume-1,11,play|probe.water|water|,long-flow-2,2.75,8.25,missed_interrupt,shield,heat,
stored-night,smoke-screen+sluice-jam,w0h0l-,74,true,false,injected,2,play|probe.heat|heat|,open-chill-2,13.75,play|probe.water|water|,long-flow-1,2.75,11,walked_into_shield,,,water
stored-night,smoke-screen+sluice-jam,w0h0l-,75,false,false,injected,2,play|probe.heat|heat|,open-chill-1,14.5,play|breach.water|water|,spend-tide-1,4.75,9.75,walked_into_shield,,,water
stored-night,smoke-screen+sluice-jam,w0h0l-,76,false,false,injected,2,play|probe.land|land|,trample-green-1,13.75,play|probe.water|water|,long-flow-2,4.75,9,walked_into_shield,,,water
stored-night,smoke-screen+sluice-jam,w0h0l-,77,false,false,injected,2,play|disrupt.heat|heat|,smoke-screen-1,11,play|disrupt.land|land|,filth-spread-1,8,3,missed_interrupt,shield,heat,
stored-night,smoke-screen+sluice-jam,w0h0l-,78,true,true,injected,2,play|disrupt.heat|heat|,idle-fume-1,11,play|disrupt.land|land|,filth-spread-1,8,3,missed_interrupt,shield,heat,
stored-night,smoke-screen+sluice-jam,w0h0l-,79,true,true,injected,2,play|probe.land|land|,trample-green-2,13.75,play|probe.water|water|,long-flow-2,2.75,11,walked_into_shield,,,water
stored-night,smoke-screen+sluice-jam,w0h0l-,80,true,false,injected,3,play|breach.water|water|,spend-tide-1,12,play|probe.heat|heat|,open-chill-2,-16.25,28.25,walked_into_shield,,,heat
stored-night,smoke-screen+sluice-jam,w0h0l-,81,false,false,injected,2,play|disrupt.heat|heat|,smoke-screen-1,11,play|probe.water|water|,long-flow-1,4.75,6.25,missed_interrupt,shield,heat,
stored-night,smoke-screen+sluice-jam,w0h0l-,82,true,false,injected,2,play|probe.heat|heat|,open-chill-2,14.5,play|breach.water|water|,spend-tide-1,4.75,9.75,walked_into_shield,,,water
stored-night,smoke-screen+sluice-jam,w0h0l-,83,true,true,injected,2,play|probe.land|land|,trample-green-1,13.75,play|probe.water|water|,long-flow-1,2.75,11,walked_into_shield,,,water
stored-night,smoke-screen+sluice-jam,w0h0l-,84,true,false,injected,2,play|breach.heat|heat|,hundred-smoke-1,23.75,play|disrupt.water|water|,foul-current-1,-0.25,24,walked_into_shield,,,water
stored-night,smoke-screen+sluice-jam,w0h0l-,85,true,false,injected,2,play|probe.heat|heat|,open-chill-1,14.5,play|probe.water|water|,long-flow-1,1.5,13,walked_into_shield,,,water
stored-night,smoke-screen+sluice-jam,w0h0l-,86,false,false,injected,2,play|probe.heat|heat|,open-chill-1,13.75,play|probe.water|water|,long-flow-2,2.75,11,walked_into_shield,,,water
stored-night,smoke-screen+sluice-jam,w0h0l-,87,true,true,injected,2,play|probe.land|land|,trample-green-1,13.75,play|probe.water|water|,long-flow-1,2.75,11,walked_into_shield,,,water
stored-night,smoke-screen+sluice-jam,w0h0l-,88,true,false,injected,2,play|probe.land|land|,trample-green-2,13.75,play|probe.water|water|,long-flow-2,4.75,9,walked_into_shield,,,water
stored-night,smoke-screen+sluice-jam,w0h0l-,89,false,false,injected,2,play|disrupt.land|land|,filth-spread-1,8,play|disrupt.water|water|,sluice-jam-1,-1,9,walked_into_shield,,,water
stored-night,smoke-screen+sluice-jam,w0h0l-,90,true,true,injected,2,play|probe.heat|heat|,open-chill-2,18.75,play|disrupt.water|water|,sluice-jam-1,1,17.75,walked_into_shield,,,water
stored-night,smoke-screen+sluice-jam,w0h0l-,91,true,false,injected,2,play|breach.land|land|,no-green-left-1,22.75,play|disrupt.water|water|,foul-current-1,-0.25,23,walked_into_shield,,,water
stored-night,smoke-screen+sluice-jam,w0h0l-,92,true,false,injected,2,play|probe.land|land|,trample-green-1,13.75,play|disrupt.water|water|,sluice-jam-1,1,12.75,walked_into_shield,,,water
stored-night,smoke-screen+sluice-jam,w0h0l-,93,true,false,injected,2,play|probe.heat|heat|,open-chill-1,18.75,play|disrupt.water|water|,sluice-jam-1,1,17.75,walked_into_shield,,,water
stored-night,smoke-screen+sluice-jam,w0h0l-,94,true,true,injected,2,play|disrupt.heat|heat|,smoke-screen-1,11,play|probe.water|water|,long-flow-2,2.75,8.25,missed_interrupt,shield,heat,
stored-night,smoke-screen+sluice-jam,w0h0l-,95,true,true,injected,2,play|probe.heat|heat|,open-chill-2,13.75,play|probe.water|water|,long-flow-1,4.75,9,walked_into_shield,,,water
stored-night,smoke-screen+sluice-jam,w0h0l-,96,true,true,injected,2,play|probe.heat|heat|,open-chill-2,13.75,play|probe.water|water|,long-flow-2,2.75,11,walked_into_shield,,,water
stored-night,smoke-screen+sluice-jam,w0h0l-,97,true,false,injected,2,play|breach.land|land|,no-green-left-1,22.75,play|disrupt.water|water|,sluice-jam-1,-0.25,23,walked_into_shield,,,water
stored-night,smoke-screen+sluice-jam,w0h0l-,98,true,false,injected,2,play|probe.land|land|,trample-green-1,13.75,play|probe.water|water|,long-flow-1,2.75,11,walked_into_shield,,,water
stored-night,smoke-screen+sluice-jam,w0h0l-,99,true,false,injected,2,play|probe.land|land|,trample-green-2,13.75,play|probe.water|water|,long-flow-1,2.75,11,walked_into_shield,,,water
stored-night,smoke-screen+sluice-jam,w0h0l-,100,false,false,injected,2,play|disrupt.land|land|,filth-spread-1,8,play|probe.water|water|,long-flow-1,2.75,5.25,walked_into_shield,,,water
stored-night,smoke-screen+sluice-jam,w0h0l+,1,true,true,injected,2,play|probe.land|land|,trample-green-1,13.75,play|probe.water|water|,long-flow-2,2.75,11,walked_into_shield,,,water
stored-night,smoke-screen+sluice-jam,w0h0l+,2,false,true,injected,2,play|probe.heat|heat|,open-chill-1,13.75,play|probe.water|water|,long-flow-2,2.75,11,walked_into_shield,,,water
stored-night,smoke-screen+sluice-jam,w0h0l+,3,false,false,injected,2,play|probe.heat|heat|,open-chill-2,18.75,play|probe.water|water|,long-flow-1,2.75,16,walked_into_shield,,,water
stored-night,smoke-screen+sluice-jam,w0h0l+,4,true,true,injected,2,play|disrupt.heat|heat|,smoke-screen-1,11,play|disrupt.land|land|,filth-spread-1,8,3,missed_interrupt,shield,heat,
stored-night,smoke-screen+sluice-jam,w0h0l+,5,true,false,injected,2,play|probe.heat|heat|,open-chill-1,14.5,play|disrupt.water|water|,foul-current-1,-0.25,14.75,walked_into_shield,,,water
stored-night,smoke-screen+sluice-jam,w0h0l+,6,true,true,injected,2,play|probe.heat|heat|,open-chill-1,18.75,play|probe.water|water|,long-flow-2,2.75,16,walked_into_shield,,,water
stored-night,smoke-screen+sluice-jam,w0h0l+,7,true,false,injected,2,play|probe.heat|heat|,open-chill-1,14.5,play|breach.water|water|,spend-tide-1,4.75,9.75,walked_into_shield,,,water
stored-night,smoke-screen+sluice-jam,w0h0l+,8,true,true,injected,2,play|breach.land|land|,no-green-left-1,23.75,play|breach.water|water|,spend-tide-1,4.75,19,walked_into_shield,,,water
stored-night,smoke-screen+sluice-jam,w0h0l+,9,true,false,injected,2,play|probe.land|land|,trample-green-1,13.75,play|probe.water|water|,long-flow-2,2.75,11,walked_into_shield,,,water
stored-night,smoke-screen+sluice-jam,w0h0l+,10,false,false,injected,2,play|probe.heat|heat|,open-chill-1,13.75,play|probe.water|water|,long-flow-1,4.75,9,walked_into_shield,,,water
stored-night,smoke-screen+sluice-jam,w0h0l+,11,true,false,injected,2,play|probe.heat|heat|,open-chill-1,18.75,play|probe.water|water|,long-flow-1,2.75,16,walked_into_shield,,,water
stored-night,smoke-screen+sluice-jam,w0h0l+,12,true,false,injected,2,play|probe.heat|heat|,open-chill-1,13.75,play|probe.water|water|,long-flow-1,4.75,9,walked_into_shield,,,water
stored-night,smoke-screen+sluice-jam,w0h0l+,13,false,false,injected,2,play|disrupt.heat|heat|,idle-fume-1,11,play|disrupt.land|land|,filth-spread-1,8,3,missed_interrupt,shield,heat,
stored-night,smoke-screen+sluice-jam,w0h0l+,14,true,true,injected,3,play|breach.water|water|,spend-tide-1,12,play|probe.heat|heat|,open-chill-1,-16.25,28.25,walked_into_shield,,,heat
stored-night,smoke-screen+sluice-jam,w0h0l+,15,true,false,injected,2,play|breach.heat|heat|,hundred-smoke-1,23.75,play|breach.water|water|,spend-tide-1,4.75,19,walked_into_shield,,,water
stored-night,smoke-screen+sluice-jam,w0h0l+,16,false,false,injected,2,play|probe.land|land|,trample-green-2,13.75,play|probe.water|water|,long-flow-2,4.75,9,walked_into_shield,,,water
stored-night,smoke-screen+sluice-jam,w0h0l+,17,true,false,injected,2,play|probe.heat|heat|,open-chill-1,13.75,play|probe.water|water|,long-flow-1,2.75,11,walked_into_shield,,,water
stored-night,smoke-screen+sluice-jam,w0h0l+,18,false,true,injected,2,play|breach.heat|heat|,hundred-smoke-1,23.75,play|disrupt.water|water|,foul-current-1,-0.25,24,walked_into_shield,,,water
stored-night,smoke-screen+sluice-jam,w0h0l+,19,true,false,injected,2,play|probe.heat|heat|,open-chill-2,14.5,play|breach.water|water|,spend-tide-1,4.75,9.75,walked_into_shield,,,water
stored-night,smoke-screen+sluice-jam,w0h0l+,20,true,false,injected,2,play|probe.land|land|,trample-green-2,13.75,play|probe.water|water|,long-flow-1,2.75,11,walked_into_shield,,,water
stored-night,smoke-screen+sluice-jam,w0h0l+,21,true,false,injected,2,play|breach.land|land|,no-green-left-1,23.75,play|disrupt.water|water|,sluice-jam-1,-0.25,24,walked_into_shield,,,water
stored-night,smoke-screen+sluice-jam,w0h0l+,22,false,true,injected,2,play|disrupt.land|land|,filth-spread-1,8,play|probe.water|water|,long-flow-1,2.75,5.25,walked_into_shield,,,water
stored-night,smoke-screen+sluice-jam,w0h0l+,23,false,false,injected,2,play|breach.land|land|,no-green-left-1,23.75,play|breach.water|water|,spend-tide-1,4.75,19,walked_into_shield,,,water
stored-night,smoke-screen+sluice-jam,w0h0l+,24,true,false,injected,2,play|breach.heat|heat|,hundred-smoke-1,23.75,play|breach.water|water|,spend-tide-1,4.75,19,walked_into_shield,,,water
stored-night,smoke-screen+sluice-jam,w0h0l+,25,true,false,injected,2,play|breach.land|land|,no-green-left-1,23.75,play|breach.water|water|,spend-tide-1,4.75,19,walked_into_shield,,,water
stored-night,smoke-screen+sluice-jam,w0h0l+,26,true,false,injected,2,play|probe.land|land|,trample-green-2,13.75,play|probe.water|water|,long-flow-2,2.75,11,walked_into_shield,,,water
stored-night,smoke-screen+sluice-jam,w0h0l+,27,true,true,injected,2,play|probe.heat|heat|,open-chill-2,13.75,play|probe.water|water|,long-flow-2,4.75,9,walked_into_shield,,,water
stored-night,smoke-screen+sluice-jam,w0h0l+,28,true,false,injected,2,play|disrupt.heat|heat|,smoke-screen-1,11,play|disrupt.land|land|,filth-spread-1,8,3,missed_interrupt,shield,heat,
stored-night,smoke-screen+sluice-jam,w0h0l+,29,true,true,injected,2,play|probe.land|land|,trample-green-3,13.75,play|probe.water|water|,long-flow-2,2.75,11,walked_into_shield,,,water
stored-night,smoke-screen+sluice-jam,w0h0l+,30,true,false,injected,2,play|breach.land|land|,no-green-left-1,23.75,play|breach.water|water|,spend-tide-1,4.75,19,walked_into_shield,,,water
stored-night,smoke-screen+sluice-jam,w0h0l+,31,true,false,injected,2,play|probe.land|land|,trample-green-1,13.75,play|probe.water|water|,long-flow-2,2.75,11,walked_into_shield,,,water
stored-night,smoke-screen+sluice-jam,w0h0l+,32,true,true,injected,2,play|disrupt.heat|heat|,smoke-screen-1,11,play|probe.water|water|,long-flow-2,2.75,8.25,missed_interrupt,shield,heat,
stored-night,smoke-screen+sluice-jam,w0h0l+,33,false,false,injected,2,play|disrupt.heat|heat|,smoke-screen-1,11,play|disrupt.land|land|,filth-spread-1,8,3,missed_interrupt,shield,heat,
stored-night,smoke-screen+sluice-jam,w0h0l+,34,true,false,injected,2,play|breach.land|land|,no-green-left-1,23.75,play|disrupt.water|water|,foul-current-1,-0.25,24,walked_into_shield,,,water
stored-night,smoke-screen+sluice-jam,w0h0l+,35,false,false,injected,2,play|probe.heat|heat|,open-chill-2,13.75,play|probe.water|water|,long-flow-1,2.75,11,walked_into_shield,,,water
stored-night,smoke-screen+sluice-jam,w0h0l+,36,false,false,injected,2,play|probe.land|land|,trample-green-3,13.75,play|probe.water|water|,long-flow-1,2.75,11,walked_into_shield,,,water
stored-night,smoke-screen+sluice-jam,w0h0l+,37,true,true,injected,2,play|disrupt.heat|heat|,smoke-screen-1,11,play|probe.water|water|,long-flow-2,2.75,8.25,missed_interrupt,shield,heat,
stored-night,smoke-screen+sluice-jam,w0h0l+,38,false,false,injected,3,play|breach.land|land|,no-green-left-1,9.25,play|probe.heat|heat|,open-chill-2,-13,22.25,walked_into_shield,,,heat
stored-night,smoke-screen+sluice-jam,w0h0l+,39,true,false,injected,2,play|breach.land|land|,no-green-left-1,23.75,play|breach.water|water|,spend-tide-1,4.75,19,walked_into_shield,,,water
stored-night,smoke-screen+sluice-jam,w0h0l+,40,true,false,injected,2,play|probe.land|land|,trample-green-1,13.75,play|probe.water|water|,long-flow-2,4.75,9,walked_into_shield,,,water
stored-night,smoke-screen+sluice-jam,w0h0l+,41,true,false,injected,2,play|probe.heat|heat|,open-chill-1,14.5,play|probe.water|water|,long-flow-1,1.5,13,walked_into_shield,,,water
stored-night,smoke-screen+sluice-jam,w0h0l+,42,true,false,injected,3,play|disrupt.land|land|,filth-spread-1,13.25,play|breach.land|land|,no-green-left-1,9.25,4,missed_interrupt,repair,land,
stored-night,smoke-screen+sluice-jam,w0h0l+,43,false,false,injected,2,play|probe.heat|heat|,open-chill-1,13.75,play|probe.water|water|,long-flow-2,2.75,11,walked_into_shield,,,water
stored-night,smoke-screen+sluice-jam,w0h0l+,44,true,false,injected,2,play|breach.heat|heat|,hundred-smoke-1,23.75,play|breach.water|water|,spend-tide-1,4.75,19,walked_into_shield,,,water
stored-night,smoke-screen+sluice-jam,w0h0l+,45,false,false,injected,2,play|probe.land|land|,trample-green-1,13.75,play|probe.water|water|,long-flow-2,2.75,11,walked_into_shield,,,water
stored-night,smoke-screen+sluice-jam,w0h0l+,46,false,false,injected,2,play|probe.land|land|,trample-green-1,13.75,play|probe.water|water|,long-flow-2,2.75,11,walked_into_shield,,,water
stored-night,smoke-screen+sluice-jam,w0h0l+,47,false,false,injected,2,play|disrupt.heat|heat|,idle-fume-1,11,play|probe.water|water|,long-flow-2,4.75,6.25,missed_interrupt,shield,heat,
stored-night,smoke-screen+sluice-jam,w0h0l+,48,true,false,injected,2,play|probe.land|land|,trample-green-2,13.75,play|probe.water|water|,long-flow-1,4.75,9,walked_into_shield,,,water
stored-night,smoke-screen+sluice-jam,w0h0l+,49,true,false,injected,2,play|probe.heat|heat|,open-chill-1,14.5,play|breach.water|water|,spend-tide-1,4.75,9.75,walked_into_shield,,,water
stored-night,smoke-screen+sluice-jam,w0h0l+,50,true,true,injected,2,play|probe.land|land|,trample-green-3,13.75,play|probe.water|water|,long-flow-2,2.75,11,walked_into_shield,,,water
stored-night,smoke-screen+sluice-jam,w0h0l+,51,true,false,injected,2,play|breach.land|land|,no-green-left-1,23.75,play|disrupt.water|water|,sluice-jam-1,-0.25,24,walked_into_shield,,,water
stored-night,smoke-screen+sluice-jam,w0h0l+,52,false,true,injected,2,play|probe.land|land|,trample-green-3,13.75,play|probe.water|water|,long-flow-1,4.75,9,walked_into_shield,,,water
stored-night,smoke-screen+sluice-jam,w0h0l+,53,false,false,injected,2,play|disrupt.heat|heat|,idle-fume-1,11,play|probe.water|water|,long-flow-2,2.75,8.25,missed_interrupt,shield,heat,
stored-night,smoke-screen+sluice-jam,w0h0l+,54,true,false,injected,2,play|probe.heat|heat|,open-chill-1,14.5,play|breach.water|water|,spend-tide-1,4.75,9.75,walked_into_shield,,,water
stored-night,smoke-screen+sluice-jam,w0h0l+,55,true,false,injected,2,play|probe.heat|heat|,open-chill-2,18.75,play|probe.water|water|,long-flow-1,2.75,16,walked_into_shield,,,water
stored-night,smoke-screen+sluice-jam,w0h0l+,56,true,false,injected,2,play|probe.heat|heat|,open-chill-1,18.75,play|probe.water|water|,long-flow-1,2.75,16,walked_into_shield,,,water
stored-night,smoke-screen+sluice-jam,w0h0l+,57,false,false,injected,2,play|probe.heat|heat|,open-chill-2,14.5,play|breach.water|water|,spend-tide-1,4.75,9.75,walked_into_shield,,,water
stored-night,smoke-screen+sluice-jam,w0h0l+,58,false,true,injected,2,play|disrupt.heat|heat|,smoke-screen-1,11,play|disrupt.land|land|,filth-spread-1,8,3,missed_interrupt,shield,heat,
stored-night,smoke-screen+sluice-jam,w0h0l+,59,true,true,injected,2,play|disrupt.heat|heat|,smoke-screen-1,11,play|disrupt.land|land|,filth-spread-1,8,3,missed_interrupt,shield,heat,
stored-night,smoke-screen+sluice-jam,w0h0l+,60,true,true,injected,2,play|probe.heat|heat|,open-chill-1,13.75,play|probe.water|water|,long-flow-1,4.75,9,walked_into_shield,,,water
stored-night,smoke-screen+sluice-jam,w0h0l+,61,true,true,injected,2,play|disrupt.heat|heat|,idle-fume-1,11,play|probe.water|water|,long-flow-1,2.75,8.25,missed_interrupt,shield,heat,
stored-night,smoke-screen+sluice-jam,w0h0l+,62,true,false,injected,2,play|probe.heat|heat|,open-chill-2,18.75,play|probe.water|water|,long-flow-2,2.75,16,walked_into_shield,,,water
stored-night,smoke-screen+sluice-jam,w0h0l+,63,true,false,injected,2,play|disrupt.heat|heat|,idle-fume-1,11,play|probe.water|water|,long-flow-2,2.75,8.25,missed_interrupt,shield,heat,
stored-night,smoke-screen+sluice-jam,w0h0l+,64,true,false,injected,2,play|probe.heat|heat|,open-chill-2,14.5,play|breach.water|water|,spend-tide-1,4.75,9.75,walked_into_shield,,,water
stored-night,smoke-screen+sluice-jam,w0h0l+,65,true,false,injected,2,play|breach.land|land|,no-green-left-1,23.75,play|breach.water|water|,spend-tide-1,4.75,19,walked_into_shield,,,water
stored-night,smoke-screen+sluice-jam,w0h0l+,66,false,false,injected,2,play|disrupt.heat|heat|,idle-fume-1,11,play|disrupt.land|land|,filth-spread-1,8,3,missed_interrupt,shield,heat,
stored-night,smoke-screen+sluice-jam,w0h0l+,67,true,true,injected,2,play|breach.land|land|,no-green-left-1,23.75,play|disrupt.water|water|,foul-current-1,-0.25,24,walked_into_shield,,,water
stored-night,smoke-screen+sluice-jam,w0h0l+,68,true,false,injected,2,play|probe.heat|heat|,open-chill-1,13.75,play|probe.water|water|,long-flow-2,4.75,9,walked_into_shield,,,water
stored-night,smoke-screen+sluice-jam,w0h0l+,69,true,false,injected,3,play|breach.water|water|,spend-tide-1,11.25,play|probe.heat|heat|,open-chill-2,-15,26.25,walked_into_shield,,,heat
stored-night,smoke-screen+sluice-jam,w0h0l+,70,true,false,injected,2,play|probe.heat|heat|,open-chill-2,14.5,play|breach.water|water|,spend-tide-1,4.75,9.75,walked_into_shield,,,water
stored-night,smoke-screen+sluice-jam,w0h0l+,71,true,false,injected,2,play|breach.heat|heat|,hundred-smoke-1,23.75,play|breach.water|water|,spend-tide-1,4.75,19,walked_into_shield,,,water
stored-night,smoke-screen+sluice-jam,w0h0l+,72,true,true,injected,2,play|probe.land|land|,trample-green-2,13.75,play|probe.water|water|,long-flow-2,2.75,11,walked_into_shield,,,water
stored-night,smoke-screen+sluice-jam,w0h0l+,73,true,true,injected,2,play|disrupt.heat|heat|,idle-fume-1,11,play|probe.water|water|,long-flow-2,2.75,8.25,missed_interrupt,shield,heat,
stored-night,smoke-screen+sluice-jam,w0h0l+,74,true,false,injected,2,play|probe.heat|heat|,open-chill-2,13.75,play|probe.water|water|,long-flow-1,2.75,11,walked_into_shield,,,water
stored-night,smoke-screen+sluice-jam,w0h0l+,75,false,false,injected,2,play|probe.heat|heat|,open-chill-1,14.5,play|breach.water|water|,spend-tide-1,4.75,9.75,walked_into_shield,,,water
stored-night,smoke-screen+sluice-jam,w0h0l+,76,false,false,injected,2,play|probe.land|land|,trample-green-1,13.75,play|probe.water|water|,long-flow-2,4.75,9,walked_into_shield,,,water
stored-night,smoke-screen+sluice-jam,w0h0l+,77,false,false,injected,2,play|disrupt.heat|heat|,smoke-screen-1,11,play|disrupt.land|land|,filth-spread-1,8,3,missed_interrupt,shield,heat,
stored-night,smoke-screen+sluice-jam,w0h0l+,78,true,true,injected,2,play|disrupt.heat|heat|,idle-fume-1,11,play|disrupt.land|land|,filth-spread-1,8,3,missed_interrupt,shield,heat,
stored-night,smoke-screen+sluice-jam,w0h0l+,79,true,true,injected,2,play|probe.land|land|,trample-green-2,13.75,play|probe.water|water|,long-flow-2,2.75,11,walked_into_shield,,,water
stored-night,smoke-screen+sluice-jam,w0h0l+,80,false,false,injected,3,play|breach.water|water|,spend-tide-1,12,play|probe.heat|heat|,open-chill-2,-16.25,28.25,walked_into_shield,,,heat
stored-night,smoke-screen+sluice-jam,w0h0l+,81,false,false,injected,2,play|disrupt.heat|heat|,smoke-screen-1,11,play|probe.water|water|,long-flow-1,4.75,6.25,missed_interrupt,shield,heat,
stored-night,smoke-screen+sluice-jam,w0h0l+,82,true,false,injected,2,play|probe.heat|heat|,open-chill-2,14.5,play|breach.water|water|,spend-tide-1,4.75,9.75,walked_into_shield,,,water
stored-night,smoke-screen+sluice-jam,w0h0l+,83,true,false,injected,2,play|probe.land|land|,trample-green-1,13.75,play|probe.water|water|,long-flow-1,2.75,11,walked_into_shield,,,water
stored-night,smoke-screen+sluice-jam,w0h0l+,84,true,false,injected,2,play|breach.heat|heat|,hundred-smoke-1,23.75,play|disrupt.water|water|,foul-current-1,-0.25,24,walked_into_shield,,,water
stored-night,smoke-screen+sluice-jam,w0h0l+,85,true,false,injected,2,play|probe.heat|heat|,open-chill-1,14.5,play|probe.water|water|,long-flow-1,1.5,13,walked_into_shield,,,water
stored-night,smoke-screen+sluice-jam,w0h0l+,86,false,true,injected,2,play|probe.heat|heat|,open-chill-1,13.75,play|probe.water|water|,long-flow-2,2.75,11,walked_into_shield,,,water
stored-night,smoke-screen+sluice-jam,w0h0l+,87,true,true,injected,2,play|probe.land|land|,trample-green-1,13.75,play|probe.water|water|,long-flow-1,2.75,11,walked_into_shield,,,water
stored-night,smoke-screen+sluice-jam,w0h0l+,88,true,false,injected,2,play|probe.land|land|,trample-green-2,13.75,play|probe.water|water|,long-flow-2,4.75,9,walked_into_shield,,,water
stored-night,smoke-screen+sluice-jam,w0h0l+,89,false,false,injected,2,play|disrupt.land|land|,filth-spread-1,8,play|disrupt.water|water|,sluice-jam-1,-1,9,walked_into_shield,,,water
stored-night,smoke-screen+sluice-jam,w0h0l+,90,true,true,injected,2,play|probe.heat|heat|,open-chill-2,18.75,play|disrupt.water|water|,sluice-jam-1,1,17.75,walked_into_shield,,,water
stored-night,smoke-screen+sluice-jam,w0h0l+,91,true,true,injected,2,play|breach.land|land|,no-green-left-1,23.75,play|disrupt.water|water|,foul-current-1,-0.25,24,walked_into_shield,,,water
stored-night,smoke-screen+sluice-jam,w0h0l+,92,false,false,injected,2,play|probe.land|land|,trample-green-1,13.75,play|disrupt.water|water|,sluice-jam-1,1,12.75,walked_into_shield,,,water
stored-night,smoke-screen+sluice-jam,w0h0l+,93,true,false,injected,2,play|probe.heat|heat|,open-chill-1,18.75,play|disrupt.water|water|,sluice-jam-1,1,17.75,walked_into_shield,,,water
stored-night,smoke-screen+sluice-jam,w0h0l+,94,true,true,injected,2,play|disrupt.heat|heat|,smoke-screen-1,11,play|probe.water|water|,long-flow-2,2.75,8.25,missed_interrupt,shield,heat,
stored-night,smoke-screen+sluice-jam,w0h0l+,95,true,true,injected,2,play|probe.heat|heat|,open-chill-2,13.75,play|probe.water|water|,long-flow-1,4.75,9,walked_into_shield,,,water
stored-night,smoke-screen+sluice-jam,w0h0l+,96,true,true,injected,2,play|probe.heat|heat|,open-chill-2,13.75,play|probe.water|water|,long-flow-2,2.75,11,walked_into_shield,,,water
stored-night,smoke-screen+sluice-jam,w0h0l+,97,true,false,injected,2,play|breach.land|land|,no-green-left-1,23.75,play|disrupt.water|water|,sluice-jam-1,-0.25,24,walked_into_shield,,,water
stored-night,smoke-screen+sluice-jam,w0h0l+,98,true,false,injected,2,play|probe.land|land|,trample-green-1,13.75,play|probe.water|water|,long-flow-1,2.75,11,walked_into_shield,,,water
stored-night,smoke-screen+sluice-jam,w0h0l+,99,true,true,injected,2,play|probe.land|land|,trample-green-2,13.75,play|probe.water|water|,long-flow-1,2.75,11,walked_into_shield,,,water
stored-night,smoke-screen+sluice-jam,w0h0l+,100,false,false,injected,2,play|disrupt.land|land|,filth-spread-1,8,play|probe.water|water|,long-flow-1,2.75,5.25,walked_into_shield,,,water
